person_id,request_sec,pickup_datetime,edge_id,origin_zone,dest_category,x,y,latitude,longitude,pickup_sec,wait_sec,taxi_id,status
dyn_pax_1,9.0,2026-07-03 09:00:09,521766175#1,company|restaurant|subway_entrance,,332.9365590021661,1411.5585828157227,37.504206724109,127.02441570308932,78.0,69.0,taxi_respawn_27,picked
dyn_pax_2,12.0,2026-07-03 09:00:12,521770119#1,restaurant|bus_stop,,527.3115514435282,995.8620162900467,37.50049875494786,127.02671217090477,239.0,227.0,taxi_47,picked
dyn_pax_3,17.0,2026-07-03 09:00:17,375049565#6,restaurant|subway_entrance|bus_stop,,789.5153251748014,798.8522330112556,37.49877353199428,127.02972351946808,49.0,32.0,taxi_39,picked
dyn_pax_4,18.0,2026-07-03 09:00:18,-506191135#2,residential|bus_stop,,236.19733776439384,769.6838415951818,37.49840622577806,127.02347432089968,24.0,6.0,taxi_15,picked
dyn_pax_5,26.0,2026-07-03 09:00:26,178441450#1,residential|company|restaurant|bus_stop,,282.90243066757296,609.4157395563556,37.496971320837204,127.02404044855805,54.0,28.0,taxi_5,picked
dyn_pax_6,28.0,2026-07-03 09:00:28,218873820#0,restaurant|subway_entrance|bus_stop,,628.9829311132032,562.4061665928522,37.49661325243901,127.02796447999128,140.0,112.0,taxi_respawn_32,picked
dyn_pax_7,29.0,2026-07-03 09:00:29,218864491#0,restaurant|bus_stop,,769.9803916976219,760.1217113917903,37.49842094941813,127.02951181742357,108.0,79.0,taxi_8,picked
dyn_pax_8,32.0,2026-07-03 09:00:32,-417933645#2,company|restaurant|subway_entrance,,701.1658676593129,719.5455833044954,37.49804244093877,127.02874337560036,167.0,135.0,taxi_16,picked
dyn_pax_9,35.0,2026-07-03 09:00:35,1229817205#1,residential|bus_stop,,631.6400080768872,572.7061575261558,37.49670653972221,127.02799208080955,106.0,71.0,taxi_respawn_15,picked
dyn_pax_10,37.0,2026-07-03 09:00:37,-417933645#2,company|restaurant|subway_entrance,,701.1658676593129,719.5455833044954,37.49804244093877,127.02874337560036,111.0,74.0,taxi_12,picked
dyn_pax_11,40.0,2026-07-03 09:00:40,375049565#6,restaurant|subway_entrance|bus_stop,,789.5153251748014,798.8522330112556,37.49877353199428,127.02972351946808,74.0,34.0,taxi_25,picked
dyn_pax_12,41.0,2026-07-03 09:00:41,-541692164#2,subway_entrance,,317.7122087179151,1441.0296574375257,37.504469327730426,127.0242365566347,49.0,8.0,taxi_36,picked
dyn_pax_13,51.0,2026-07-03 09:00:51,521766180#1,company|restaurant|bus_stop,,466.73410130235357,1169.2838037446552,37.502049542882666,127.02598608796039,119.0,68.0,taxi_31,picked
dyn_pax_14,52.0,2026-07-03 09:00:52,494824662#3,company|restaurant|subway_entrance,,729.424850252167,406.6843378518681,37.49522941823122,127.02913698209235,173.0,121.0,taxi_respawn_33,picked
dyn_pax_15,60.0,2026-07-03 09:01:00,375049565#6,restaurant|subway_entrance|bus_stop,,789.5153251748014,798.8522330112556,37.49877353199428,127.02972351946808,79.0,19.0,taxi_respawn_22,picked
dyn_pax_16,66.0,2026-07-03 09:01:06,521770119#1,restaurant|bus_stop,,527.3115514435282,995.8620162900467,37.50049875494786,127.02671217090477,160.0,94.0,taxi_32,picked
dyn_pax_17,67.0,2026-07-03 09:01:07,521770119#0,restaurant|bus_stop,,548.9831206778387,935.1148840516827,37.499955620541705,127.02697161236954,102.0,35.0,taxi_0,picked
dyn_pax_18,69.0,2026-07-03 09:01:09,218864491#0,restaurant|bus_stop,,769.9803916976219,760.1217113917903,37.49842094941813,127.02951181742357,118.0,49.0,taxi_40,picked
dyn_pax_19,72.0,2026-07-03 09:01:12,375049565#6,restaurant|subway_entrance|bus_stop,,789.5153251748014,798.8522330112556,37.49877353199428,127.02972351946808,107.0,35.0,taxi_6,picked
dyn_pax_20,75.0,2026-07-03 09:01:15,521766182#1,company|restaurant|subway_entrance,,681.695169875507,539.6867345716422,37.496418539503196,127.02856584056028,156.0,81.0,taxi_11,picked
dyn_pax_21,78.0,2026-07-03 09:01:18,521770119#1,restaurant|bus_stop,,527.3115514435282,995.8620162900467,37.50049875494786,127.02671217090477,231.0,153.0,taxi_18,picked
dyn_pax_22,81.0,2026-07-03 09:01:21,-541692164#2,subway_entrance,,317.7122087179151,1441.0296574375257,37.504469327730426,127.0242365566347,121.0,40.0,taxi_respawn_23,picked
dyn_pax_23,82.0,2026-07-03 09:01:22,-256787796#1,restaurant,,578.741609978934,1014.5790766049616,37.500677080058935,127.02728924469663,230.0,148.0,taxi_respawn_1,picked
dyn_pax_24,83.0,2026-07-03 09:01:23,1117538957#3,restaurant|subway_entrance|bus_stop,,465.5082521847807,644.8780924026132,37.49732530507706,127.02609663221197,199.0,116.0,taxi_19,picked
dyn_pax_25,84.0,2026-07-03 09:01:24,521766175#1,company|restaurant|subway_entrance,,332.9365590021661,1411.5585828157227,37.504206724109,127.02441570308932,108.0,24.0,taxi_9,picked
dyn_pax_26,85.0,2026-07-03 09:01:25,417750337#1,restaurant,,654.3039749436668,1311.1147669608317,37.50336263595113,127.02807333923603,223.0,138.0,taxi_respawn_34,picked
dyn_pax_27,87.0,2026-07-03 09:01:27,-417933645#2,company|restaurant|subway_entrance,,701.1658676593129,719.5455833044954,37.49804244093877,127.02874337560036,152.0,65.0,taxi_23,picked
dyn_pax_28,90.0,2026-07-03 09:01:30,375049565#6,restaurant|subway_entrance|bus_stop,,789.5153251748014,798.8522330112556,37.49877353199428,127.02972351946808,156.0,66.0,taxi_43,picked
dyn_pax_29,92.0,2026-07-03 09:01:32,1229817205#0,company|subway_entrance|bus_stop,,599.2457558679199,652.2907550986157,37.497417346160496,127.02760695963683,107.0,15.0,taxi_respawn_30,picked
dyn_pax_30,93.0,2026-07-03 09:01:33,1117538957#3,restaurant|subway_entrance|bus_stop,,465.5082521847807,644.8780924026132,37.49732530507706,127.02609663221197,301.0,208.0,taxi_41,picked
dyn_pax_31,95.0,2026-07-03 09:01:35,-117790031#1,restaurant,,730.7814463439225,1053.3410552584976,37.501054966737435,127.02899915797848,187.0,92.0,taxi_respawn_12,picked
dyn_pax_32,98.0,2026-07-03 09:01:38,218857636#1,residential|company|restaurant|bus_stop,,297.92905089287035,623.2061345250047,37.49709839153085,127.02420706961871,142.0,44.0,taxi_respawn_29,picked
dyn_pax_33,100.0,2026-07-03 09:01:40,-506191135#22,residential|company|restaurant|bus_stop,,38.693950105848444,1321.9513167019495,37.50334380565249,127.02110990869835,247.0,147.0,taxi_respawn_5,picked
dyn_pax_34,105.0,2026-07-03 09:01:45,-129731717#1,residential|company|restaurant,,188.433090102474,1374.3511058470413,37.503844200149025,127.0227905913032,128.0,23.0,taxi_33,picked
dyn_pax_35,109.0,2026-07-03 09:01:49,521766182#1,company|restaurant|subway_entrance,,681.695169875507,539.6867345716422,37.496418539503196,127.02856584056028,161.0,52.0,taxi_3,picked
dyn_pax_36,112.0,2026-07-03 09:01:52,-506191135#2,residential|bus_stop,,236.19733776439384,769.6838415951818,37.49840622577806,127.02347432089968,119.0,7.0,taxi_45,picked
dyn_pax_37,115.0,2026-07-03 09:01:55,1376141183#0,bus_stop,,548.2528111146681,901.2117688498424,37.49965007283687,127.02697139402301,176.0,61.0,taxi_respawn_9,picked
dyn_pax_38,116.0,2026-07-03 09:01:56,521766180#1,company|restaurant|bus_stop,,466.73410130235357,1169.2838037446552,37.502049542882666,127.02598608796039,201.0,85.0,taxi_30,picked
dyn_pax_39,121.0,2026-07-03 09:02:01,1229817205#1,residential|bus_stop,,631.6400080768872,572.7061575261558,37.49670653972221,127.02799208080955,196.0,75.0,taxi_24,picked
dyn_pax_40,124.0,2026-07-03 09:02:04,520307304#0,school|subway_entrance|bus_stop,,602.6035134310263,763.145495629718,37.498416594724866,127.02761864854104,148.0,24.0,taxi_respawn_38,picked
dyn_pax_41,127.0,2026-07-03 09:02:07,218873820#0,restaurant|subway_entrance|bus_stop,,628.9829311132032,562.4061665928522,37.49661325243901,127.02796447999128,208.0,81.0,taxi_respawn_19,picked
dyn_pax_42,136.0,2026-07-03 09:02:16,-504509918#2,company|restaurant|bus_stop,,398.9694242295193,827.4758220967593,37.49895762305832,127.02530099003066,181.0,45.0,taxi_38,picked
dyn_pax_43,139.0,2026-07-03 09:02:19,521766175#3,company|restaurant|subway_entrance|bus_stop,,373.6701172395771,1298.610217621072,37.50319695740621,127.02490310718325,146.0,7.0,taxi_respawn_28,picked
dyn_pax_44,140.0,2026-07-03 09:02:20,805827757#0,restaurant,,762.3138727549854,912.1862152730512,37.49978934916138,127.02938912364917,168.0,28.0,taxi_respawn_4,picked
dyn_pax_45,141.0,2026-07-03 09:02:21,521770116#2,company|restaurant|bus_stop,,432.3182248087171,1108.514093563608,37.50149560521279,127.02561136613096,402.0,261.0,taxi_respawn_2,picked
dyn_pax_46,144.0,2026-07-03 09:02:24,218857636#1,residential|company|restaurant|bus_stop,,297.92905089287035,623.2061345250047,37.49709839153085,127.02420706961871,371.0,227.0,taxi_46,picked
dyn_pax_47,148.0,2026-07-03 09:02:28,117790041#2,restaurant,,441.66460303662666,1376.669936706078,37.50391299976682,127.0256534125234,303.0,155.0,taxi_14,picked
dyn_pax_48,150.0,2026-07-03 09:02:30,218873820#0,restaurant|subway_entrance|bus_stop,,628.9829311132032,562.4061665928522,37.49661325243901,127.02796447999128,203.0,53.0,taxi_44,picked
dyn_pax_49,152.0,2026-07-03 09:02:32,975332778#1,bus_stop,,681.6099970732737,721.9380561808346,37.49806030190971,127.02852170075586,171.0,19.0,taxi_respawn_35,picked
dyn_pax_50,156.0,2026-07-03 09:02:36,1117538957#3,restaurant|subway_entrance|bus_stop,,465.5082521847807,644.8780924026132,37.49732530507706,127.02609663221197,387.0,231.0,taxi_respawn_13,picked
dyn_pax_51,159.0,2026-07-03 09:02:39,218877837#2,company|restaurant|bus_stop,,479.4555212141038,978.0213907550284,37.500328997763305,127.02617530290202,318.0,159.0,taxi_respawn_26,picked
dyn_pax_52,161.0,2026-07-03 09:02:41,480850873,company|restaurant|bus_stop,,548.1935052770749,708.5896639848544,37.49791486187585,127.0270163956136,223.0,62.0,taxi_respawn_14,picked
dyn_pax_53,162.0,2026-07-03 09:02:42,494824662#3,company|restaurant|subway_entrance,,729.424850252167,406.6843378518681,37.49522941823122,127.02913698209235,223.0,61.0,taxi_7,picked
dyn_pax_54,163.0,2026-07-03 09:02:43,1117538958#2,company,,104.12900552775619,520.131995808405,37.496133188537314,127.02204040818502,478.0,315.0,taxi_37,picked
dyn_pax_55,167.0,2026-07-03 09:02:47,-504509918#2,company|restaurant|bus_stop,,398.9694242295193,827.4758220967593,37.49895762305832,127.02530099003066,200.0,33.0,taxi_respawn_16,picked
dyn_pax_56,172.0,2026-07-03 09:02:52,523141074#0,company|restaurant|subway_entrance,,524.0338794858329,871.4890157117229,37.4993777454413,127.02670460634431,277.0,105.0,taxi_respawn_11,picked
dyn_pax_57,175.0,2026-07-03 09:02:55,521766175#3,company|restaurant|subway_entrance|bus_stop,,373.6701172395771,1298.610217621072,37.50319695740621,127.02490310718325,304.0,129.0,taxi_2,picked
dyn_pax_58,176.0,2026-07-03 09:02:56,375049565#6,restaurant|subway_entrance|bus_stop,,789.5153251748014,798.8522330112556,37.49877353199428,127.02972351946808,224.0,48.0,taxi_1,picked
dyn_pax_59,178.0,2026-07-03 09:02:58,117790041#3,restaurant,,485.8172797724441,1249.4366376844557,37.50277519064896,127.0261828476699,307.0,129.0,taxi_34,picked
dyn_pax_60,182.0,2026-07-03 09:03:02,523141074#0,company|restaurant|subway_entrance,,524.0338794858329,871.4890157117229,37.4993777454413,127.02670460634431,460.0,278.0,taxi_49,picked
dyn_pax_61,184.0,2026-07-03 09:03:04,-542367267#1,bus_stop,,247.51018316686128,1414.7184918773391,37.504219024473855,127.02344900430944,204.0,20.0,taxi_21,picked
dyn_pax_62,185.0,2026-07-03 09:03:05,1376141182#0,bus_stop,,385.7154046370183,1301.0311255965628,37.50322104370192,127.02503873135461,210.0,25.0,taxi_42,picked
dyn_pax_63,185.0,2026-07-03 09:03:05,-379463134#1,restaurant,,479.36604535588674,1259.6870258351425,37.50286630987452,127.02610747054479,302.0,117.0,taxi_20,picked
dyn_pax_64,187.0,2026-07-03 09:03:07,-541692164#2,subway_entrance,,317.7122087179151,1441.0296574375257,37.504469327730426,127.0242365566347,286.0,99.0,taxi_respawn_7,picked
dyn_pax_65,188.0,2026-07-03 09:03:08,1117538958#3,bus_stop,,160.18899290588462,540.6019911995099,37.49632820280781,127.02266936696756,257.0,69.0,taxi_29,picked
dyn_pax_66,190.0,2026-07-03 09:03:10,305539406,company|restaurant|subway_entrance,,566.389495917364,736.5285064605782,37.49816998085155,127.02721550408178,298.0,108.0,taxi_respawn_25,picked
dyn_pax_67,195.0,2026-07-03 09:03:15,975332778#1,bus_stop,,681.6099970732737,721.9380561808346,37.49806030190971,127.02852170075586,215.0,20.0,taxi_respawn_37,picked
dyn_pax_68,196.0,2026-07-03 09:03:16,178441450#1,residential|company|restaurant|bus_stop,,282.90243066757296,609.4157395563556,37.496971320837204,127.02404044855805,290.0,94.0,taxi_26,picked
dyn_pax_69,198.0,2026-07-03 09:03:18,-506191135#2,residential|bus_stop,,236.19733776439384,769.6838415951818,37.49840622577806,127.02347432089968,224.0,26.0,taxi_35,picked
dyn_pax_70,199.0,2026-07-03 09:03:19,1229817205#0,company|subway_entrance|bus_stop,,599.2457558679199,652.2907550986157,37.497417346160496,127.02760695963683,281.0,82.0,taxi_4,picked
dyn_pax_71,201.0,2026-07-03 09:03:21,218857636#1,residential|company|restaurant|bus_stop,,297.92905089287035,623.2061345250047,37.49709839153085,127.02420706961871,220.0,19.0,taxi_22,picked
dyn_pax_72,204.0,2026-07-03 09:03:24,-541692164#2,subway_entrance,,317.7122087179151,1441.0296574375257,37.504469327730426,127.0242365566347,219.0,15.0,taxi_27,picked
dyn_pax_73,208.0,2026-07-03 09:03:28,-504509918#2,company|restaurant|bus_stop,,398.9694242295193,827.4758220967593,37.49895762305832,127.02530099003066,305.0,97.0,taxi_13,picked
dyn_pax_74,210.0,2026-07-03 09:03:30,506191135#3,residential|company|restaurant|bus_stop,,238.79972345576414,789.4714057742513,37.49858497042428,127.023499044737,294.0,84.0,taxi_17,picked
dyn_pax_75,211.0,2026-07-03 09:03:31,-417933645#2,company|restaurant|subway_entrance,,701.1658676593129,719.5455833044954,37.49804244093877,127.02874337560036,259.0,48.0,taxi_respawn_17,picked
dyn_pax_76,219.0,2026-07-03 09:03:39,1229817205#1,residential|bus_stop,,631.6400080768872,572.7061575261558,37.49670653972221,127.02799208080955,321.0,102.0,taxi_respawn_36,picked
dyn_pax_77,221.0,2026-07-03 09:03:41,480850873,company|restaurant|bus_stop,,548.1935052770749,708.5896639848544,37.49791486187585,127.0270163956136,243.0,22.0,taxi_48,picked
dyn_pax_78,222.0,2026-07-03 09:03:42,375049565#6,restaurant|subway_entrance|bus_stop,,789.5153251748014,798.8522330112556,37.49877353199428,127.02972351946808,255.0,33.0,taxi_10,picked
dyn_pax_79,223.0,2026-07-03 09:03:43,218857636#1,residential|company|restaurant|bus_stop,,297.92905089287035,623.2061345250047,37.49709839153085,127.02420706961871,286.0,63.0,taxi_respawn_27,picked
dyn_pax_80,224.0,2026-07-03 09:03:44,521770119#0,restaurant|bus_stop,,548.9831206778387,935.1148840516827,37.499955620541705,127.02697161236954,267.0,43.0,taxi_15,picked
dyn_pax_81,225.0,2026-07-03 09:03:45,541692164#1,subway_entrance,,271.6277521231475,1406.6420105391767,37.5041508337347,127.02372362926798,233.0,8.0,taxi_respawn_10,picked
dyn_pax_82,226.0,2026-07-03 09:03:46,-256787796#5,restaurant,,631.1882908445458,865.4152262944223,37.499343270516576,127.02791760566556,323.0,97.0,taxi_respawn_8,picked
dyn_pax_83,231.0,2026-07-03 09:03:51,-506191135#2,residential|bus_stop,,236.19733776439384,769.6838415951818,37.49840622577806,127.02347432089968,323.0,92.0,taxi_25,picked
dyn_pax_84,233.0,2026-07-03 09:03:53,494824662#3,company|restaurant|subway_entrance,,729.424850252167,406.6843378518681,37.49522941823122,127.02913698209235,283.0,50.0,taxi_respawn_24,picked
dyn_pax_85,234.0,2026-07-03 09:03:54,520307304#0,school|subway_entrance|bus_stop,,602.6035134310263,763.145495629718,37.498416594724866,127.02761864854104,260.0,26.0,taxi_28,picked
dyn_pax_86,236.0,2026-07-03 09:03:56,521770119#0,restaurant|bus_stop,,548.9831206778387,935.1148840516827,37.499955620541705,127.02697161236954,396.0,160.0,taxi_respawn_18,picked
dyn_pax_87,248.0,2026-07-03 09:04:08,417933642#0,restaurant|bus_stop,,1041.0954363710525,463.30841921497654,37.49579826441859,127.03264736696761,428.0,180.0,taxi_12,picked
dyn_pax_88,251.0,2026-07-03 09:04:11,521770119#0,restaurant|bus_stop,,548.9831206778387,935.1148840516827,37.499955620541705,127.02697161236954,322.0,71.0,taxi_23,picked
dyn_pax_89,254.0,2026-07-03 09:04:14,218877837#2,company|restaurant|bus_stop,,479.4555212141038,978.0213907550284,37.500328997763305,127.02617530290202,517.0,263.0,taxi_39,picked
dyn_pax_90,256.0,2026-07-03 09:04:16,521766175#3,company|restaurant|subway_entrance|bus_stop,,373.6701172395771,1298.610217621072,37.50319695740621,127.02490310718325,294.0,38.0,taxi_respawn_3,picked
dyn_pax_91,257.0,2026-07-03 09:04:17,521766182#1,company|restaurant|subway_entrance,,681.695169875507,539.6867345716422,37.496418539503196,127.02856584056028,412.0,155.0,taxi_36,picked
dyn_pax_92,259.0,2026-07-03 09:04:19,218877837#2,company|restaurant|bus_stop,,479.4555212141038,978.0213907550284,37.500328997763305,127.02617530290202,512.0,253.0,taxi_respawn_33,picked
dyn_pax_93,260.0,2026-07-03 09:04:20,1117538957#3,restaurant|subway_entrance|bus_stop,,465.5082521847807,644.8780924026132,37.49732530507706,127.02609663221197,381.0,121.0,taxi_5,picked
dyn_pax_94,267.0,2026-07-03 09:04:27,521770116#2,company|restaurant|bus_stop,,432.3182248087171,1108.514093563608,37.50149560521279,127.02561136613096,409.0,142.0,taxi_respawn_6,picked
dyn_pax_95,271.0,2026-07-03 09:04:31,218857636#1,residential|company|restaurant|bus_stop,,297.92905089287035,623.2061345250047,37.49709839153085,127.02420706961871,353.0,82.0,taxi_respawn_31,picked
dyn_pax_96,273.0,2026-07-03 09:04:33,-506191135#22,residential|company|restaurant|bus_stop,,38.693950105848444,1321.9513167019495,37.50334380565249,127.02110990869835,307.0,34.0,taxi_respawn_21,picked
dyn_pax_97,274.0,2026-07-03 09:04:34,-506191135#2,residential|bus_stop,,236.19733776439384,769.6838415951818,37.49840622577806,127.02347432089968,327.0,53.0,taxi_respawn_20,picked
dyn_pax_98,280.0,2026-07-03 09:04:40,506191135#3,residential|company|restaurant|bus_stop,,238.79972345576414,789.4714057742513,37.49858497042428,127.023499044737,411.0,131.0,taxi_9,picked
dyn_pax_99,282.0,2026-07-03 09:04:42,1229817205#0,company|subway_entrance|bus_stop,,599.2457558679199,652.2907550986157,37.497417346160496,127.02760695963683,405.0,123.0,taxi_respawn_22,picked
dyn_pax_100,285.0,2026-07-03 09:04:45,178441450#1,residential|company|restaurant|bus_stop,,282.90243066757296,609.4157395563556,37.496971320837204,127.02404044855805,331.0,46.0,taxi_respawn_28,picked
dyn_pax_101,286.0,2026-07-03 09:04:46,218877837#2,company|restaurant|bus_stop,,479.4555212141038,978.0213907550284,37.500328997763305,127.02617530290202,584.0,298.0,taxi_respawn_12,picked
dyn_pax_102,289.0,2026-07-03 09:04:49,1229817205#0,company|subway_entrance|bus_stop,,599.2457558679199,652.2907550986157,37.497417346160496,127.02760695963683,318.0,29.0,taxi_respawn_4,picked
dyn_pax_103,289.0,2026-07-03 09:04:49,218857636#1,residential|company|restaurant|bus_stop,,297.92905089287035,623.2061345250047,37.49709839153085,127.02420706961871,420.0,131.0,taxi_21,picked
dyn_pax_104,291.0,2026-07-03 09:04:51,-541692164#2,subway_entrance,,317.7122087179151,1441.0296574375257,37.504469327730426,127.0242365566347,321.0,30.0,taxi_45,picked
dyn_pax_105,291.0,2026-07-03 09:04:51,-506191135#2,residential|bus_stop,,236.19733776439384,769.6838415951818,37.49840622577806,127.02347432089968,367.0,76.0,taxi_35,picked
dyn_pax_106,293.0,2026-07-03 09:04:53,305539406,company|restaurant|subway_entrance,,566.389495917364,736.5285064605782,37.49816998085155,127.02721550408178,484.0,191.0,taxi_respawn_35,picked
dyn_pax_107,294.0,2026-07-03 09:04:54,-417933645#2,company|restaurant|subway_entrance,,701.1658676593129,719.5455833044954,37.49804244093877,127.02874337560036,402.0,108.0,taxi_31,picked
dyn_pax_108,302.0,2026-07-03 09:05:02,375049565#6,restaurant|subway_entrance|bus_stop,,789.5153251748014,798.8522330112556,37.49877353199428,127.02972351946808,466.0,164.0,taxi_42,picked
dyn_pax_109,303.0,2026-07-03 09:05:03,305539406,company|restaurant|subway_entrance,,566.389495917364,736.5285064605782,37.49816998085155,127.02721550408178,489.0,186.0,taxi_3,picked
dyn_pax_110,306.0,2026-07-03 09:05:06,541692164#1,subway_entrance,,271.6277521231475,1406.6420105391767,37.5041508337347,127.02372362926798,368.0,62.0,taxi_respawn_29,picked
dyn_pax_111,309.0,2026-07-03 09:05:09,-504509918#2,company|restaurant|bus_stop,,398.9694242295193,827.4758220967593,37.49895762305832,127.02530099003066,359.0,50.0,taxi_16,picked
dyn_pax_112,311.0,2026-07-03 09:05:11,218873820#0,restaurant|subway_entrance|bus_stop,,628.9829311132032,562.4061665928522,37.49661325243901,127.02796447999128,456.0,145.0,taxi_respawn_16,picked
dyn_pax_113,312.0,2026-07-03 09:05:12,521770119#1,restaurant|bus_stop,,527.3115514435282,995.8620162900467,37.50049875494786,127.02671217090477,462.0,150.0,taxi_respawn_37,picked
dyn_pax_114,314.0,2026-07-03 09:05:14,218877837#2,company|restaurant|bus_stop,,479.4555212141038,978.0213907550284,37.500328997763305,127.02617530290202,507.0,193.0,taxi_0,picked
dyn_pax_115,317.0,2026-07-03 09:05:17,521770119#1,restaurant|bus_stop,,527.3115514435282,995.8620162900467,37.50049875494786,127.02671217090477,457.0,140.0,taxi_11,picked
dyn_pax_116,319.0,2026-07-03 09:05:19,521766175#3,company|restaurant|subway_entrance|bus_stop,,373.6701172395771,1298.610217621072,37.50319695740621,127.02490310718325,385.0,66.0,taxi_6,picked
dyn_pax_117,320.0,2026-07-03 09:05:20,-506191135#22,residential|company|restaurant|bus_stop,,38.693950105848444,1321.9513167019495,37.50334380565249,127.02110990869835,377.0,57.0,taxi_43,picked
dyn_pax_118,323.0,2026-07-03 09:05:23,1229817205#0,company|subway_entrance|bus_stop,,599.2457558679199,652.2907550986157,37.497417346160496,127.02760695963683,480.0,157.0,taxi_8,picked
dyn_pax_119,325.0,2026-07-03 09:05:25,521770119#0,restaurant|bus_stop,,548.9831206778387,935.1148840516827,37.499955620541705,127.02697161236954,511.0,186.0,taxi_34,picked
dyn_pax_120,326.0,2026-07-03 09:05:26,480850873,company|restaurant|bus_stop,,548.1935052770749,708.5896639848544,37.49791486187585,127.0270163956136,677.0,351.0,taxi_40,picked
dyn_pax_121,331.0,2026-07-03 09:05:31,178441450#1,residential|company|restaurant|bus_stop,,282.90243066757296,609.4157395563556,37.496971320837204,127.02404044855805,368.0,37.0,taxi_respawn_15,picked
dyn_pax_122,332.0,2026-07-03 09:05:32,521770116#2,company|restaurant|bus_stop,,432.3182248087171,1108.514093563608,37.50149560521279,127.02561136613096,578.0,246.0,taxi_respawn_23,picked
dyn_pax_123,335.0,2026-07-03 09:05:35,494824662#3,company|restaurant|subway_entrance,,729.424850252167,406.6843378518681,37.49522941823122,127.02913698209235,434.0,99.0,taxi_1,picked
dyn_pax_124,337.0,2026-07-03 09:05:37,805827756#0,restaurant,,725.8600087193602,932.9429066344904,37.49996945301828,127.02897203227693,484.0,147.0,taxi_respawn_1,picked
dyn_pax_125,340.0,2026-07-03 09:05:40,218864491#0,restaurant|bus_stop,,769.9803916976219,760.1217113917903,37.49842094941813,127.02951181742357,490.0,150.0,taxi_19,picked
dyn_pax_126,342.0,2026-07-03 09:05:42,990628460#0,restaurant,,624.9193131653682,704.9656163236222,37.49789670602668,127.02788475117727,,,,timeout
dyn_pax_127,346.0,2026-07-03 09:05:46,520307304#0,school|subway_entrance|bus_stop,,602.6035134310263,763.145495629718,37.498416594724866,127.02761864854104,,,,timeout
dyn_pax_128,349.0,2026-07-03 09:05:49,-542367267#1,bus_stop,,247.51018316686128,1414.7184918773391,37.504219024473855,127.02344900430944,375.0,26.0,taxi_respawn_32,picked
dyn_pax_129,351.0,2026-07-03 09:05:51,541692164#1,subway_entrance,,271.6277521231475,1406.6420105391767,37.5041508337347,127.02372362926798,414.0,63.0,taxi_respawn_30,picked
dyn_pax_130,352.0,2026-07-03 09:05:52,218857636#1,residential|company|restaurant|bus_stop,,297.92905089287035,623.2061345250047,37.49709839153085,127.02420706961871,820.0,468.0,taxi_respawn_38,picked
dyn_pax_131,354.0,2026-07-03 09:05:54,375049565#6,restaurant|subway_entrance|bus_stop,,789.5153251748014,798.8522330112556,37.49877353199428,127.02972351946808,473.0,119.0,taxi_7,picked
dyn_pax_132,357.0,2026-07-03 09:05:57,521766180#1,company|restaurant|bus_stop,,466.73410130235357,1169.2838037446552,37.502049542882666,127.02598608796039,558.0,201.0,taxi_22,picked
dyn_pax_133,358.0,2026-07-03 09:05:58,521770119#1,restaurant|bus_stop,,527.3115514435282,995.8620162900467,37.50049875494786,127.02671217090477,444.0,86.0,taxi_respawn_7,picked
dyn_pax_134,361.0,2026-07-03 09:06:01,521766175#1,company|restaurant|subway_entrance,,332.9365590021661,1411.5585828157227,37.504206724109,127.02441570308932,466.0,105.0,taxi_respawn_14,picked
dyn_pax_135,366.0,2026-07-03 09:06:06,494824662#3,company|restaurant|subway_entrance,,729.424850252167,406.6843378518681,37.49522941823122,127.02913698209235,643.0,277.0,taxi_respawn_15,picked
dyn_pax_136,368.0,2026-07-03 09:06:08,218877837#2,company|restaurant|bus_stop,,479.4555212141038,978.0213907550284,37.500328997763305,127.02617530290202,523.0,155.0,taxi_33,picked
dyn_pax_137,372.0,2026-07-03 09:06:12,-541692164#2,subway_entrance,,317.7122087179151,1441.0296574375257,37.504469327730426,127.0242365566347,416.0,44.0,taxi_48,picked
dyn_pax_138,375.0,2026-07-03 09:06:15,218873820#0,restaurant|subway_entrance|bus_stop,,628.9829311132032,562.4061665928522,37.49661325243901,127.02796447999128,648.0,273.0,taxi_49,picked
dyn_pax_139,377.0,2026-07-03 09:06:17,521770119#0,restaurant|bus_stop,,548.9831206778387,935.1148840516827,37.499955620541705,127.02697161236954,562.0,185.0,taxi_respawn_21,picked
dyn_pax_140,378.0,2026-07-03 09:06:18,975332778#1,bus_stop,,681.6099970732737,721.9380561808346,37.49806030190971,127.02852170075586,422.0,44.0,taxi_10,picked
dyn_pax_141,380.0,2026-07-03 09:06:20,520307304#0,school|subway_entrance|bus_stop,,602.6035134310263,763.145495629718,37.498416594724866,127.02761864854104,,,,timeout
dyn_pax_142,381.0,2026-07-03 09:06:21,1229817205#1,residential|bus_stop,,631.6400080768872,572.7061575261558,37.49670653972221,127.02799208080955,498.0,117.0,taxi_13,picked
dyn_pax_143,388.0,2026-07-03 09:06:28,1229817205#0,company|subway_entrance|bus_stop,,599.2457558679199,652.2907550986157,37.497417346160496,127.02760695963683,660.0,272.0,taxi_respawn_34,picked
dyn_pax_144,389.0,2026-07-03 09:06:29,1376141183#0,bus_stop,,548.2528111146681,901.2117688498424,37.49965007283687,127.02697139402301,517.0,128.0,taxi_respawn_26,picked
dyn_pax_145,391.0,2026-07-03 09:06:31,975332778#1,bus_stop,,681.6099970732737,721.9380561808346,37.49806030190971,127.02852170075586,415.0,24.0,taxi_respawn_34,picked
dyn_pax_146,392.0,2026-07-03 09:06:32,1376141182#0,bus_stop,,385.7154046370183,1301.0311255965628,37.50322104370192,127.02503873135461,659.0,267.0,taxi_14,picked
dyn_pax_147,395.0,2026-07-03 09:06:35,1376141182#0,bus_stop,,385.7154046370183,1301.0311255965628,37.50322104370192,127.02503873135461,512.0,117.0,taxi_respawn_10,picked
dyn_pax_148,400.0,2026-07-03 09:06:40,218857636#1,residential|company|restaurant|bus_stop,,297.92905089287035,623.2061345250047,37.49709839153085,127.02420706961871,460.0,60.0,taxi_respawn_28,picked
dyn_pax_149,403.0,2026-07-03 09:06:43,375049565#6,restaurant|subway_entrance|bus_stop,,789.5153251748014,798.8522330112556,37.49877353199428,127.02972351946808,449.0,46.0,taxi_47,picked
dyn_pax_150,407.0,2026-07-03 09:06:47,-542367267#1,bus_stop,,247.51018316686128,1414.7184918773391,37.504219024473855,127.02344900430944,520.0,113.0,taxi_respawn_11,picked
dyn_pax_151,409.0,2026-07-03 09:06:49,-506191135#22,residential|company|restaurant|bus_stop,,38.693950105848444,1321.9513167019495,37.50334380565249,127.02110990869835,504.0,95.0,taxi_45,picked
dyn_pax_152,411.0,2026-07-03 09:06:51,975332778#1,bus_stop,,681.6099970732737,721.9380561808346,37.49806030190971,127.02852170075586,451.0,40.0,taxi_respawn_9,picked
dyn_pax_153,415.0,2026-07-03 09:06:55,1376141182#0,bus_stop,,385.7154046370183,1301.0311255965628,37.50322104370192,127.02503873135461,746.0,331.0,taxi_respawn_24,picked
dyn_pax_154,421.0,2026-07-03 09:07:01,520307304#0,school|subway_entrance|bus_stop,,602.6035134310263,763.145495629718,37.498416594724866,127.02761864854104,,,,timeout
dyn_pax_155,423.0,2026-07-03 09:07:03,-506191135#22,residential|company|restaurant|bus_stop,,38.693950105848444,1321.9513167019495,37.50334380565249,127.02110990869835,513.0,90.0,taxi_respawn_31,picked
dyn_pax_156,429.0,2026-07-03 09:07:09,178441450#1,residential|company|restaurant|bus_stop,,282.90243066757296,609.4157395563556,37.496971320837204,127.02404044855805,494.0,65.0,taxi_30,picked
dyn_pax_157,430.0,2026-07-03 09:07:10,375049565#6,restaurant|subway_entrance|bus_stop,,789.5153251748014,798.8522330112556,37.49877353199428,127.02972351946808,515.0,85.0,taxi_38,picked
dyn_pax_158,432.0,2026-07-03 09:07:12,506191135#3,residential|company|restaurant|bus_stop,,238.79972345576414,789.4714057742513,37.49858497042428,127.023499044737,444.0,12.0,taxi_respawn_19,picked
dyn_pax_159,432.0,2026-07-03 09:07:12,178441450#1,residential|company|restaurant|bus_stop,,282.90243066757296,609.4157395563556,37.496971320837204,127.02404044855805,487.0,55.0,taxi_29,picked
dyn_pax_160,433.0,2026-07-03 09:07:13,218873820#0,restaurant|subway_entrance|bus_stop,,628.9829311132032,562.4061665928522,37.49661325243901,127.02796447999128,896.0,463.0,taxi_26,picked
dyn_pax_161,437.0,2026-07-03 09:07:17,218857636#1,residential|company|restaurant|bus_stop,,297.92905089287035,623.2061345250047,37.49709839153085,127.02420706961871,580.0,143.0,taxi_17,picked
dyn_pax_162,438.0,2026-07-03 09:07:18,521770119#1,restaurant|bus_stop,,527.3115514435282,995.8620162900467,37.50049875494786,127.02671217090477,592.0,154.0,taxi_respawn_6,picked
dyn_pax_163,443.0,2026-07-03 09:07:23,1376141183#0,bus_stop,,548.2528111146681,901.2117688498424,37.49965007283687,127.02697139402301,694.0,251.0,taxi_respawn_22,picked
dyn_pax_164,444.0,2026-07-03 09:07:24,218864491#0,restaurant|bus_stop,,769.9803916976219,760.1217113917903,37.49842094941813,127.02951181742357,522.0,78.0,taxi_respawn_27,picked
dyn_pax_165,445.0,2026-07-03 09:07:25,218877837#2,company|restaurant|bus_stop,,479.4555212141038,978.0213907550284,37.500328997763305,127.02617530290202,479.0,34.0,taxi_32,picked
dyn_pax_166,446.0,2026-07-03 09:07:26,494824662#3,company|restaurant|subway_entrance,,729.424850252167,406.6843378518681,37.49522941823122,127.02913698209235,695.0,249.0,taxi_37,picked
dyn_pax_167,447.0,2026-07-03 09:07:27,1376141182#0,bus_stop,,385.7154046370183,1301.0311255965628,37.50322104370192,127.02503873135461,656.0,209.0,taxi_respawn_36,picked
dyn_pax_168,449.0,2026-07-03 09:07:29,521766175#3,company|restaurant|subway_entrance|bus_stop,,373.6701172395771,1298.610217621072,37.50319695740621,127.02490310718325,564.0,115.0,taxi_16,picked
dyn_pax_169,453.0,2026-07-03 09:07:33,375049565#6,restaurant|subway_entrance|bus_stop,,789.5153251748014,798.8522330112556,37.49877353199428,127.02972351946808,492.0,39.0,taxi_respawn_3,picked
dyn_pax_170,455.0,2026-07-03 09:07:35,-506191135#2,residential|bus_stop,,236.19733776439384,769.6838415951818,37.49840622577806,127.02347432089968,729.0,274.0,taxi_25,picked
dyn_pax_171,456.0,2026-07-03 09:07:36,-417933645#2,company|restaurant|subway_entrance,,701.1658676593129,719.5455833044954,37.49804244093877,127.02874337560036,527.0,71.0,taxi_27,picked
dyn_pax_172,458.0,2026-07-03 09:07:38,1117538957#3,restaurant|subway_entrance|bus_stop,,465.5082521847807,644.8780924026132,37.49732530507706,127.02609663221197,559.0,101.0,taxi_24,picked
dyn_pax_173,460.0,2026-07-03 09:07:40,494824662#3,company|restaurant|subway_entrance,,729.424850252167,406.6843378518681,37.49522941823122,127.02913698209235,777.0,317.0,taxi_respawn_7,picked
dyn_pax_174,466.0,2026-07-03 09:07:46,218877837#2,company|restaurant|bus_stop,,479.4555212141038,978.0213907550284,37.500328997763305,127.02617530290202,494.0,28.0,taxi_respawn_32,picked
dyn_pax_175,472.0,2026-07-03 09:07:52,-506191135#2,residential|bus_stop,,236.19733776439384,769.6838415951818,37.49840622577806,127.02347432089968,858.0,386.0,taxi_39,picked
dyn_pax_176,475.0,2026-07-03 09:07:55,375049565#6,restaurant|subway_entrance|bus_stop,,789.5153251748014,798.8522330112556,37.49877353199428,127.02972351946808,510.0,35.0,taxi_20,picked
dyn_pax_177,476.0,2026-07-03 09:07:56,521766175#3,company|restaurant|subway_entrance|bus_stop,,373.6701172395771,1298.610217621072,37.50319695740621,127.02490310718325,548.0,72.0,taxi_4,picked
dyn_pax_178,481.0,2026-07-03 09:08:01,480850873,company|restaurant|bus_stop,,548.1935052770749,708.5896639848544,37.49791486187585,127.0270163956136,538.0,57.0,taxi_respawn_17,picked
dyn_pax_179,483.0,2026-07-03 09:08:03,-542367267#1,bus_stop,,247.51018316686128,1414.7184918773391,37.504219024473855,127.02344900430944,560.0,77.0,taxi_46,picked
dyn_pax_180,484.0,2026-07-03 09:08:04,521766175#3,company|restaurant|subway_entrance|bus_stop,,373.6701172395771,1298.610217621072,37.50319695740621,127.02490310718325,574.0,90.0,taxi_18,picked
dyn_pax_181,487.0,2026-07-03 09:08:07,506191135#3,residential|company|restaurant|bus_stop,,238.79972345576414,789.4714057742513,37.49858497042428,127.023499044737,817.0,330.0,taxi_respawn_13,picked
dyn_pax_182,488.0,2026-07-03 09:08:08,117790045#3,restaurant,,504.6202003222114,1382.6101305390487,37.50397841113055,127.02636386411817,561.0,73.0,taxi_26,picked
dyn_pax_183,492.0,2026-07-03 09:08:12,218857636#1,residential|company|restaurant|bus_stop,,297.92905089287035,623.2061345250047,37.49709839153085,127.02420706961871,563.0,71.0,taxi_43,picked
dyn_pax_184,496.0,2026-07-03 09:08:16,1229817205#0,company|subway_entrance|bus_stop,,599.2457558679199,652.2907550986157,37.497417346160496,127.02760695963683,731.0,235.0,taxi_respawn_37,picked
dyn_pax_185,501.0,2026-07-03 09:08:21,-504509918#2,company|restaurant|bus_stop,,398.9694242295193,827.4758220967593,37.49895762305832,127.02530099003066,681.0,180.0,taxi_12,picked
dyn_pax_186,502.0,2026-07-03 09:08:22,1117538957#3,restaurant|subway_entrance|bus_stop,,465.5082521847807,644.8780924026132,37.49732530507706,127.02609663221197,526.0,24.0,taxi_respawn_29,picked
dyn_pax_187,504.0,2026-07-03 09:08:24,521770119#0,restaurant|bus_stop,,548.9831206778387,935.1148840516827,37.499955620541705,127.02697161236954,593.0,89.0,taxi_respawn_25,picked
dyn_pax_188,505.0,2026-07-03 09:08:25,520307304#0,school|subway_entrance|bus_stop,,602.6035134310263,763.145495629718,37.498416594724866,127.02761864854104,,,,timeout
dyn_pax_189,510.0,2026-07-03 09:08:30,1229817205#1,residential|bus_stop,,631.6400080768872,572.7061575261558,37.49670653972221,127.02799208080955,639.0,129.0,taxi_35,picked
dyn_pax_190,513.0,2026-07-03 09:08:33,494824662#3,company|restaurant|subway_entrance,,729.424850252167,406.6843378518681,37.49522941823122,127.02913698209235,786.0,273.0,taxi_33,picked
dyn_pax_191,516.0,2026-07-03 09:08:36,480850873,company|restaurant|bus_stop,,548.1935052770749,708.5896639848544,37.49791486187585,127.0270163956136,1035.0,519.0,taxi_respawn_2,picked
dyn_pax_192,518.0,2026-07-03 09:08:38,1229817205#0,company|subway_entrance|bus_stop,,599.2457558679199,652.2907550986157,37.497417346160496,127.02760695963683,820.0,302.0,taxi_45,picked
dyn_pax_193,521.0,2026-07-03 09:08:41,-506191135#2,residential|bus_stop,,236.19733776439384,769.6838415951818,37.49840622577806,127.02347432089968,908.0,387.0,taxi_respawn_15,picked
dyn_pax_194,522.0,2026-07-03 09:08:42,521770116#2,company|restaurant|bus_stop,,432.3182248087171,1108.514093563608,37.50149560521279,127.02561136613096,554.0,32.0,taxi_25,picked
dyn_pax_195,525.0,2026-07-03 09:08:45,506191135#3,residential|company|restaurant|bus_stop,,238.79972345576414,789.4714057742513,37.49858497042428,127.023499044737,842.0,317.0,taxi_34,picked
dyn_pax_196,526.0,2026-07-03 09:08:46,417933645#0,residential|restaurant,,823.1026288816429,385.61625104994533,37.49505730126708,127.03020109557775,575.0,49.0,taxi_respawn_5,picked
dyn_pax_197,530.0,2026-07-03 09:08:50,521770116#2,company|restaurant|bus_stop,,432.3182248087171,1108.514093563608,37.50149560521279,127.02561136613096,759.0,229.0,taxi_respawn_8,picked
dyn_pax_198,539.0,2026-07-03 09:08:59,480850873,company|restaurant|bus_stop,,548.1935052770749,708.5896639848544,37.49791486187585,127.0270163956136,1043.0,504.0,taxi_36,picked
dyn_pax_199,542.0,2026-07-03 09:09:02,521766180#1,company|restaurant|bus_stop,,466.73410130235357,1169.2838037446552,37.502049542882666,127.02598608796039,938.0,396.0,taxi_6,picked
dyn_pax_200,544.0,2026-07-03 09:09:04,-417933645#2,company|restaurant|subway_entrance,,701.1658676593129,719.5455833044954,37.49804244093877,127.02874337560036,659.0,115.0,taxi_28,picked
dyn_pax_201,547.0,2026-07-03 09:09:07,-506191135#22,residential|company|restaurant|bus_stop,,38.693950105848444,1321.9513167019495,37.50334380565249,127.02110990869835,584.0,37.0,taxi_respawn_19,picked
dyn_pax_202,548.0,2026-07-03 09:09:08,375049565#6,restaurant|subway_entrance|bus_stop,,789.5153251748014,798.8522330112556,37.49877353199428,127.02972351946808,646.0,98.0,taxi_respawn_18,picked
dyn_pax_203,550.0,2026-07-03 09:09:10,218873820#0,restaurant|subway_entrance|bus_stop,,628.9829311132032,562.4061665928522,37.49661325243901,127.02796447999128,,,,timeout
dyn_pax_204,561.0,2026-07-03 09:09:21,218857636#1,residential|company|restaurant|bus_stop,,297.92905089287035,623.2061345250047,37.49709839153085,127.02420706961871,573.0,12.0,taxi_10,picked
dyn_pax_205,567.0,2026-07-03 09:09:27,1376141182#0,bus_stop,,385.7154046370183,1301.0311255965628,37.50322104370192,127.02503873135461,690.0,123.0,taxi_2,picked
dyn_pax_206,568.0,2026-07-03 09:09:28,1376141183#0,bus_stop,,548.2528111146681,901.2117688498424,37.49965007283687,127.02697139402301,719.0,151.0,taxi_47,picked
dyn_pax_207,570.0,2026-07-03 09:09:30,-541692164#2,subway_entrance,,317.7122087179151,1441.0296574375257,37.504469327730426,127.0242365566347,745.0,175.0,taxi_20,picked
dyn_pax_208,573.0,2026-07-03 09:09:33,1117538957#3,restaurant|subway_entrance|bus_stop,,465.5082521847807,644.8780924026132,37.49732530507706,127.02609663221197,660.0,87.0,taxi_31,picked
dyn_pax_209,574.0,2026-07-03 09:09:34,521766175#1,company|restaurant|subway_entrance,,332.9365590021661,1411.5585828157227,37.504206724109,127.02441570308932,829.0,255.0,taxi_44,picked
dyn_pax_210,576.0,2026-07-03 09:09:36,521770119#0,restaurant|bus_stop,,548.9831206778387,935.1148840516827,37.499955620541705,127.02697161236954,751.0,175.0,taxi_32,picked
dyn_pax_211,577.0,2026-07-03 09:09:37,218857636#1,residential|company|restaurant|bus_stop,,297.92905089287035,623.2061345250047,37.49709839153085,127.02420706961871,654.0,77.0,taxi_respawn_35,picked
dyn_pax_212,585.0,2026-07-03 09:09:45,521770119#1,restaurant|bus_stop,,527.3115514435282,995.8620162900467,37.50049875494786,127.02671217090477,772.0,187.0,taxi_15,picked
dyn_pax_213,589.0,2026-07-03 09:09:49,-504227067#3,restaurant,,527.7289520354611,471.5483450335965,37.495775653483,127.02684121970124,736.0,147.0,taxi_5,picked
dyn_pax_214,590.0,2026-07-03 09:09:50,-506191135#22,residential|company|restaurant|bus_stop,,38.693950105848444,1321.9513167019495,37.50334380565249,127.02110990869835,818.0,228.0,taxi_respawn_35,picked
dyn_pax_215,594.0,2026-07-03 09:09:54,521766182#1,company|restaurant|subway_entrance,,681.695169875507,539.6867345716422,37.496418539503196,127.02856584056028,648.0,54.0,taxi_9,picked
dyn_pax_216,596.0,2026-07-03 09:09:56,117790041#3,restaurant,,485.8172797724441,1249.4366376844557,37.50277519064896,127.0261828476699,754.0,158.0,taxi_41,picked
dyn_pax_217,608.0,2026-07-03 09:10:08,521766175#3,company|restaurant|subway_entrance|bus_stop,,373.6701172395771,1298.610217621072,37.50319695740621,127.02490310718325,754.0,146.0,taxi_4,picked
dyn_pax_218,611.0,2026-07-03 09:10:11,305539406,company|restaurant|subway_entrance,,566.389495917364,736.5285064605782,37.49816998085155,127.02721550408178,779.0,168.0,taxi_respawn_9,picked
dyn_pax_219,611.0,2026-07-03 09:10:11,417750337#1,restaurant,,654.3039749436668,1311.1147669608317,37.50336263595113,127.02807333923603,666.0,55.0,taxi_22,picked
dyn_pax_220,613.0,2026-07-03 09:10:13,417933642#0,restaurant|bus_stop,,1041.0954363710525,463.30841921497654,37.49579826441859,127.03264736696761,766.0,153.0,taxi_respawn_28,picked
dyn_pax_221,614.0,2026-07-03 09:10:14,1117538957#3,restaurant|subway_entrance|bus_stop,,465.5082521847807,644.8780924026132,37.49732530507706,127.02609663221197,665.0,51.0,taxi_respawn_3,picked
dyn_pax_222,616.0,2026-07-03 09:10:16,480850873,company|restaurant|bus_stop,,548.1935052770749,708.5896639848544,37.49791486187585,127.0270163956136,1214.0,598.0,taxi_respawn_16,picked
dyn_pax_223,617.0,2026-07-03 09:10:17,1117538958#3,bus_stop,,160.18899290588462,540.6019911995099,37.49632820280781,127.02266936696756,708.0,91.0,taxi_respawn_30,picked
dyn_pax_224,619.0,2026-07-03 09:10:19,1229817205#1,residential|bus_stop,,631.6400080768872,572.7061575261558,37.49670653972221,127.02799208080955,819.0,200.0,taxi_respawn_14,picked
dyn_pax_225,620.0,2026-07-03 09:10:20,305539406,company|restaurant|subway_entrance,,566.389495917364,736.5285064605782,37.49816998085155,127.02721550408178,806.0,186.0,taxi_12,picked
dyn_pax_226,623.0,2026-07-03 09:10:23,523141074#0,company|restaurant|subway_entrance,,524.0338794858329,871.4890157117229,37.4993777454413,127.02670460634431,774.0,151.0,taxi_14,picked
dyn_pax_227,625.0,2026-07-03 09:10:25,1229817205#0,company|subway_entrance|bus_stop,,599.2457558679199,652.2907550986157,37.497417346160496,127.02760695963683,753.0,128.0,taxi_18,picked
dyn_pax_228,627.0,2026-07-03 09:10:27,-506191135#22,residential|company|restaurant|bus_stop,,38.693950105848444,1321.9513167019495,37.50334380565249,127.02110990869835,868.0,241.0,taxi_respawn_5,picked
dyn_pax_229,630.0,2026-07-03 09:10:30,975332778#1,bus_stop,,681.6099970732737,721.9380561808346,37.49806030190971,127.02852170075586,708.0,78.0,taxi_21,picked
dyn_pax_230,631.0,2026-07-03 09:10:31,1117538958#3,bus_stop,,160.18899290588462,540.6019911995099,37.49632820280781,127.02266936696756,689.0,58.0,taxi_respawn_11,picked
dyn_pax_231,634.0,2026-07-03 09:10:34,1376141183#0,bus_stop,,548.2528111146681,901.2117688498424,37.49965007283687,127.02697139402301,712.0,78.0,taxi_23,picked
dyn_pax_232,636.0,2026-07-03 09:10:36,1376141182#0,bus_stop,,385.7154046370183,1301.0311255965628,37.50322104370192,127.02503873135461,841.0,205.0,taxi_38,picked
dyn_pax_233,637.0,2026-07-03 09:10:37,-542367267#1,bus_stop,,247.51018316686128,1414.7184918773391,37.504219024473855,127.02344900430944,728.0,91.0,taxi_respawn_32,picked
dyn_pax_234,639.0,2026-07-03 09:10:39,1229817205#0,company|subway_entrance|bus_stop,,599.2457558679199,652.2907550986157,37.497417346160496,127.02760695963683,901.0,262.0,taxi_8,picked
dyn_pax_235,640.0,2026-07-03 09:10:40,521766175#3,company|restaurant|subway_entrance|bus_stop,,373.6701172395771,1298.610217621072,37.50319695740621,127.02490310718325,670.0,30.0,taxi_46,picked
dyn_pax_236,642.0,2026-07-03 09:10:42,494824662#3,company|restaurant|subway_entrance,,729.424850252167,406.6843378518681,37.49522941823122,127.02913698209235,820.0,178.0,taxi_respawn_31,picked
dyn_pax_237,643.0,2026-07-03 09:10:43,521770119#1,restaurant|bus_stop,,527.3115514435282,995.8620162900467,37.50049875494786,127.02671217090477,722.0,79.0,taxi_16,picked
dyn_pax_238,645.0,2026-07-03 09:10:45,1376141183#0,bus_stop,,548.2528111146681,901.2117688498424,37.49965007283687,127.02697139402301,756.0,111.0,taxi_respawn_27,picked
dyn_pax_239,646.0,2026-07-03 09:10:46,218873820#0,restaurant|subway_entrance|bus_stop,,628.9829311132032,562.4061665928522,37.49661325243901,127.02796447999128,1448.0,802.0,taxi_13,picked
dyn_pax_240,654.0,2026-07-03 09:10:54,218873820#0,restaurant|subway_entrance|bus_stop,,628.9829311132032,562.4061665928522,37.49661325243901,127.02796447999128,1363.0,709.0,taxi_10,picked
dyn_pax_241,657.0,2026-07-03 09:10:57,523141074#0,company|restaurant|subway_entrance,,524.0338794858329,871.4890157117229,37.4993777454413,127.02670460634431,817.0,160.0,taxi_40,picked
dyn_pax_242,659.0,2026-07-03 09:10:59,-506191135#22,residential|company|restaurant|bus_stop,,38.693950105848444,1321.9513167019495,37.50334380565249,127.02110990869835,920.0,261.0,taxi_9,picked
dyn_pax_243,660.0,2026-07-03 09:11:00,1376141183#0,bus_stop,,548.2528111146681,901.2117688498424,37.49965007283687,127.02697139402301,1059.0,399.0,taxi_respawn_22,picked
dyn_pax_244,663.0,2026-07-03 09:11:03,-506191135#22,residential|company|restaurant|bus_stop,,38.693950105848444,1321.9513167019495,37.50334380565249,127.02110990869835,902.0,239.0,taxi_respawn_11,picked
dyn_pax_245,666.0,2026-07-03 09:11:06,218877837#2,company|restaurant|bus_stop,,479.4555212141038,978.0213907550284,37.500328997763305,127.02617530290202,742.0,76.0,taxi_29,picked
dyn_pax_246,667.0,2026-07-03 09:11:07,239962780#1,company|restaurant,,78.091042197054,1418.7355011637856,37.504223128704645,127.02153236485597,746.0,79.0,taxi_respawn_10,picked
dyn_pax_247,668.0,2026-07-03 09:11:08,305539406,company|restaurant|subway_entrance,,566.389495917364,736.5285064605782,37.49816998085155,127.02721550408178,1090.0,422.0,taxi_respawn_11,picked
dyn_pax_248,671.0,2026-07-03 09:11:11,218877837#2,company|restaurant|bus_stop,,479.4555212141038,978.0213907550284,37.500328997763305,127.02617530290202,751.0,80.0,taxi_3,picked
dyn_pax_249,672.0,2026-07-03 09:11:12,178441450#1,residential|company|restaurant|bus_stop,,282.90243066757296,609.4157395563556,37.496971320837204,127.02404044855805,688.0,16.0,taxi_39,picked
dyn_pax_250,677.0,2026-07-03 09:11:17,1229817205#0,company|subway_entrance|bus_stop,,599.2457558679199,652.2907550986157,37.497417346160496,127.02760695963683,1083.0,406.0,taxi_23,picked
dyn_pax_251,679.0,2026-07-03 09:11:19,975332778#1,bus_stop,,681.6099970732737,721.9380561808346,37.49806030190971,127.02852170075586,699.0,20.0,taxi_30,picked
dyn_pax_252,680.0,2026-07-03 09:11:20,1117538958#3,bus_stop,,160.18899290588462,540.6019911995099,37.49632820280781,127.02266936696756,698.0,18.0,taxi_48,picked
dyn_pax_253,682.0,2026-07-03 09:11:22,218873820#0,restaurant|subway_entrance|bus_stop,,628.9829311132032,562.4061665928522,37.49661325243901,127.02796447999128,1625.0,943.0,taxi_respawn_19,picked
dyn_pax_254,683.0,2026-07-03 09:11:23,520307304#0,school|subway_entrance|bus_stop,,602.6035134310263,763.145495629718,37.498416594724866,127.02761864854104,1069.0,386.0,taxi_respawn_10,picked
dyn_pax_255,685.0,2026-07-03 09:11:25,975332778#1,bus_stop,,681.6099970732737,721.9380561808346,37.49806030190971,127.02852170075586,950.0,265.0,taxi_13,picked
dyn_pax_256,686.0,2026-07-03 09:11:26,-504509918#2,company|restaurant|bus_stop,,398.9694242295193,827.4758220967593,37.49895762305832,127.02530099003066,778.0,92.0,taxi_1,picked
dyn_pax_257,689.0,2026-07-03 09:11:29,218873820#0,restaurant|subway_entrance|bus_stop,,628.9829311132032,562.4061665928522,37.49661325243901,127.02796447999128,1722.0,1033.0,taxi_3,picked
dyn_pax_258,691.0,2026-07-03 09:11:31,-417933645#2,company|restaurant|subway_entrance,,701.1658676593129,719.5455833044954,37.49804244093877,127.02874337560036,717.0,26.0,taxi_11,picked
dyn_pax_259,692.0,2026-07-03 09:11:32,1376141182#0,bus_stop,,385.7154046370183,1301.0311255965628,37.50322104370192,127.02503873135461,1017.0,325.0,taxi_respawn_20,picked
dyn_pax_260,695.0,2026-07-03 09:11:35,506191135#3,residential|company|restaurant|bus_stop,,238.79972345576414,789.4714057742513,37.49858497042428,127.023499044737,,,,timeout
dyn_pax_261,697.0,2026-07-03 09:11:37,-541692164#2,subway_entrance,,317.7122087179151,1441.0296574375257,37.504469327730426,127.0242365566347,753.0,56.0,taxi_19,picked
dyn_pax_262,699.0,2026-07-03 09:11:39,1117538957#3,restaurant|subway_entrance|bus_stop,,465.5082521847807,644.8780924026132,37.49732530507706,127.02609663221197,744.0,45.0,taxi_43,picked
dyn_pax_263,700.0,2026-07-03 09:11:40,305539406,company|restaurant|subway_entrance,,566.389495917364,736.5285064605782,37.49816998085155,127.02721550408178,,,,timeout
dyn_pax_264,705.0,2026-07-03 09:11:45,1229817205#0,company|subway_entrance|bus_stop,,599.2457558679199,652.2907550986157,37.497417346160496,127.02760695963683,1272.0,567.0,taxi_respawn_20,picked
dyn_pax_265,706.0,2026-07-03 09:11:46,520307304#0,school|subway_entrance|bus_stop,,602.6035134310263,763.145495629718,37.498416594724866,127.02761864854104,,,,timeout
dyn_pax_266,708.0,2026-07-03 09:11:48,218877837#2,company|restaurant|bus_stop,,479.4555212141038,978.0213907550284,37.500328997763305,127.02617530290202,830.0,122.0,taxi_42,picked
dyn_pax_267,709.0,2026-07-03 09:11:49,375049565#6,restaurant|subway_entrance|bus_stop,,789.5153251748014,798.8522330112556,37.49877353199428,127.02972351946808,781.0,72.0,taxi_respawn_19,picked
dyn_pax_268,711.0,2026-07-03 09:11:51,1117538958#3,bus_stop,,160.18899290588462,540.6019911995099,37.49632820280781,127.02266936696756,796.0,85.0,taxi_respawn_12,picked
dyn_pax_269,717.0,2026-07-03 09:11:57,521766175#3,company|restaurant|subway_entrance|bus_stop,,373.6701172395771,1298.610217621072,37.50319695740621,127.02490310718325,730.0,13.0,taxi_0,picked
dyn_pax_270,721.0,2026-07-03 09:12:01,218864491#0,restaurant|bus_stop,,769.9803916976219,760.1217113917903,37.49842094941813,127.02951181742357,851.0,130.0,taxi_respawn_21,picked
dyn_pax_271,725.0,2026-07-03 09:12:05,218873820#0,restaurant|subway_entrance|bus_stop,,628.9829311132032,562.4061665928522,37.49661325243901,127.02796447999128,1806.0,1081.0,taxi_respawn_38,picked
dyn_pax_272,729.0,2026-07-03 09:12:09,-541692164#2,subway_entrance,,317.7122087179151,1441.0296574375257,37.504469327730426,127.0242365566347,826.0,97.0,taxi_respawn_23,picked
dyn_pax_273,731.0,2026-07-03 09:12:11,-506191135#22,residential|company|restaurant|bus_stop,,38.693950105848444,1321.9513167019495,37.50334380565249,127.02110990869835,992.0,261.0,taxi_respawn_13,picked
dyn_pax_274,732.0,2026-07-03 09:12:12,1117538958#3,bus_stop,,160.18899290588462,540.6019911995099,37.49632820280781,127.02266936696756,856.0,124.0,taxi_respawn_6,picked
dyn_pax_275,734.0,2026-07-03 09:12:14,1117538957#3,restaurant|subway_entrance|bus_stop,,465.5082521847807,644.8780924026132,37.49732530507706,127.02609663221197,750.0,16.0,taxi_27,picked
dyn_pax_276,735.0,2026-07-03 09:12:15,-117790039#2,company|restaurant,,1017.0012393074795,990.846024966068,37.5005459641277,127.03225021068775,797.0,62.0,taxi_13,picked
dyn_pax_277,737.0,2026-07-03 09:12:17,1229817205#1,residential|bus_stop,,631.6400080768872,572.7061575261558,37.49670653972221,127.02799208080955,1268.0,531.0,taxi_12,picked
dyn_pax_278,740.0,2026-07-03 09:12:20,218873820#0,restaurant|subway_entrance|bus_stop,,628.9829311132032,562.4061665928522,37.49661325243901,127.02796447999128,,,,timeout
dyn_pax_279,744.0,2026-07-03 09:12:24,218877837#2,company|restaurant|bus_stop,,479.4555212141038,978.0213907550284,37.500328997763305,127.02617530290202,840.0,96.0,taxi_7,picked
dyn_pax_280,745.0,2026-07-03 09:12:25,379463134#2,restaurant,,492.9894267673794,1254.822149661426,37.50282506050825,127.0262626667944,784.0,39.0,taxi_respawn_33,picked
dyn_pax_281,746.0,2026-07-03 09:12:26,480850873,company|restaurant|bus_stop,,548.1935052770749,708.5896639848544,37.49791486187585,127.0270163956136,1303.0,557.0,taxi_respawn_26,picked
dyn_pax_282,749.0,2026-07-03 09:12:29,521766180#1,company|restaurant|bus_stop,,466.73410130235357,1169.2838037446552,37.502049542882666,127.02598608796039,1241.0,492.0,taxi_22,picked
dyn_pax_283,751.0,2026-07-03 09:12:31,975332778#1,bus_stop,,681.6099970732737,721.9380561808346,37.49806030190971,127.02852170075586,1129.0,378.0,taxi_46,picked
dyn_pax_284,754.0,2026-07-03 09:12:34,523141074#0,company|restaurant|subway_entrance,,524.0338794858329,871.4890157117229,37.4993777454413,127.02670460634431,869.0,115.0,taxi_respawn_1,picked
dyn_pax_285,761.0,2026-07-03 09:12:41,521766175#3,company|restaurant|subway_entrance|bus_stop,,373.6701172395771,1298.610217621072,37.50319695740621,127.02490310718325,1016.0,255.0,taxi_respawn_24,picked
dyn_pax_286,763.0,2026-07-03 09:12:43,506191135#3,residential|company|restaurant|bus_stop,,238.79972345576414,789.4714057742513,37.49858497042428,127.023499044737,1246.0,483.0,taxi_respawn_8,picked
dyn_pax_287,766.0,2026-07-03 09:12:46,218877837#2,company|restaurant|bus_stop,,479.4555212141038,978.0213907550284,37.500328997763305,127.02617530290202,932.0,166.0,taxi_44,picked
dyn_pax_288,771.0,2026-07-03 09:12:51,1229817205#0,company|subway_entrance|bus_stop,,599.2457558679199,652.2907550986157,37.497417346160496,127.02760695963683,,,,timeout
dyn_pax_289,772.0,2026-07-03 09:12:52,521770119#1,restaurant|bus_stop,,527.3115514435282,995.8620162900467,37.50049875494786,127.02671217090477,960.0,188.0,taxi_48,picked
dyn_pax_290,774.0,2026-07-03 09:12:54,218864491#0,restaurant|bus_stop,,769.9803916976219,760.1217113917903,37.49842094941813,127.02951181742357,959.0,185.0,taxi_respawn_30,picked
dyn_pax_291,775.0,2026-07-03 09:12:55,-417933645#2,company|restaurant|subway_entrance,,701.1658676593129,719.5455833044954,37.49804244093877,127.02874337560036,985.0,210.0,taxi_20,picked
dyn_pax_292,775.0,2026-07-03 09:12:55,521770116#2,company|restaurant|bus_stop,,432.3182248087171,1108.514093563608,37.50149560521279,127.02561136613096,932.0,157.0,taxi_46,picked
dyn_pax_293,780.0,2026-07-03 09:13:00,218877837#2,company|restaurant|bus_stop,,479.4555212141038,978.0213907550284,37.500328997763305,127.02617530290202,940.0,160.0,taxi_49,picked
dyn_pax_294,781.0,2026-07-03 09:13:01,375049565#6,restaurant|subway_entrance|bus_stop,,789.5153251748014,798.8522330112556,37.49877353199428,127.02972351946808,916.0,135.0,taxi_10,picked
dyn_pax_295,786.0,2026-07-03 09:13:06,1117538957#3,restaurant|subway_entrance|bus_stop,,465.5082521847807,644.8780924026132,37.49732530507706,127.02609663221197,927.0,141.0,taxi_respawn_19,picked
dyn_pax_296,789.0,2026-07-03 09:13:09,521766180#1,company|restaurant|bus_stop,,466.73410130235357,1169.2838037446552,37.502049542882666,127.02598608796039,921.0,132.0,taxi_28,picked
dyn_pax_297,790.0,2026-07-03 09:13:10,521770119#0,restaurant|bus_stop,,548.9831206778387,935.1148840516827,37.499955620541705,127.02697161236954,1116.0,326.0,taxi_respawn_14,picked
dyn_pax_298,797.0,2026-07-03 09:13:17,521766180#1,company|restaurant|bus_stop,,466.73410130235357,1169.2838037446552,37.502049542882666,127.02598608796039,983.0,186.0,taxi_35,picked
dyn_pax_299,798.0,2026-07-03 09:13:18,1117538957#3,restaurant|subway_entrance|bus_stop,,465.5082521847807,644.8780924026132,37.49732530507706,127.02609663221197,1009.0,211.0,taxi_respawn_4,picked
dyn_pax_300,801.0,2026-07-03 09:13:21,375049565#6,restaurant|subway_entrance|bus_stop,,789.5153251748014,798.8522330112556,37.49877353199428,127.02972351946808,922.0,121.0,taxi_respawn_36,picked
dyn_pax_301,803.0,2026-07-03 09:13:23,523141074#0,company|restaurant|subway_entrance,,524.0338794858329,871.4890157117229,37.4993777454413,127.02670460634431,911.0,108.0,taxi_4,picked
dyn_pax_302,807.0,2026-07-03 09:13:27,1117538958#3,bus_stop,,160.18899290588462,540.6019911995099,37.49632820280781,127.02266936696756,940.0,133.0,taxi_1,picked
dyn_pax_303,809.0,2026-07-03 09:13:29,1376141182#0,bus_stop,,385.7154046370183,1301.0311255965628,37.50322104370192,127.02503873135461,1112.0,303.0,taxi_32,picked
dyn_pax_304,812.0,2026-07-03 09:13:32,506191135#3,residential|company|restaurant|bus_stop,,238.79972345576414,789.4714057742513,37.49858497042428,127.023499044737,1240.0,428.0,taxi_45,picked
dyn_pax_305,813.0,2026-07-03 09:13:33,-506191135#2,residential|bus_stop,,236.19733776439384,769.6838415951818,37.49840622577806,127.02347432089968,1018.0,205.0,taxi_45,picked
dyn_pax_306,815.0,2026-07-03 09:13:35,523141074#0,company|restaurant|subway_entrance,,524.0338794858329,871.4890157117229,37.4993777454413,127.02670460634431,954.0,139.0,taxi_respawn_18,picked
dyn_pax_307,818.0,2026-07-03 09:13:38,521766180#1,company|restaurant|bus_stop,,466.73410130235357,1169.2838037446552,37.502049542882666,127.02598608796039,926.0,108.0,taxi_24,picked
dyn_pax_308,820.0,2026-07-03 09:13:40,375049565#6,restaurant|subway_entrance|bus_stop,,789.5153251748014,798.8522330112556,37.49877353199428,127.02972351946808,928.0,108.0,taxi_31,picked
dyn_pax_309,823.0,2026-07-03 09:13:43,521766182#1,company|restaurant|subway_entrance,,681.695169875507,539.6867345716422,37.496418539503196,127.02856584056028,916.0,93.0,taxi_respawn_28,picked
dyn_pax_310,826.0,2026-07-03 09:13:46,218873820#0,restaurant|subway_entrance|bus_stop,,628.9829311132032,562.4061665928522,37.49661325243901,127.02796447999128,,,,timeout
dyn_pax_311,827.0,2026-07-03 09:13:47,521770119#0,restaurant|bus_stop,,548.9831206778387,935.1148840516827,37.499955620541705,127.02697161236954,1418.0,591.0,taxi_25,picked
dyn_pax_312,830.0,2026-07-03 09:13:50,218864491#0,restaurant|bus_stop,,769.9803916976219,760.1217113917903,37.49842094941813,127.02951181742357,912.0,82.0,taxi_17,picked
dyn_pax_313,833.0,2026-07-03 09:13:53,521766175#3,company|restaurant|subway_entrance|bus_stop,,373.6701172395771,1298.610217621072,37.50319695740621,127.02490310718325,1114.0,281.0,taxi_38,picked
dyn_pax_314,835.0,2026-07-03 09:13:55,521770119#0,restaurant|bus_stop,,548.9831206778387,935.1148840516827,37.499955620541705,127.02697161236954,,,,timeout
dyn_pax_315,836.0,2026-07-03 09:13:56,1229817205#0,company|subway_entrance|bus_stop,,599.2457558679199,652.2907550986157,37.497417346160496,127.02760695963683,,,,timeout
dyn_pax_316,838.0,2026-07-03 09:13:58,520307304#0,school|subway_entrance|bus_stop,,602.6035134310263,763.145495629718,37.498416594724866,127.02761864854104,,,,timeout
dyn_pax_317,841.0,2026-07-03 09:14:01,-506191135#2,residential|bus_stop,,236.19733776439384,769.6838415951818,37.49840622577806,127.02347432089968,1050.0,209.0,taxi_9,picked
dyn_pax_318,841.0,2026-07-03 09:14:01,129731721#0,company|restaurant,,451.4485582282947,673.334514427724,37.497578992002325,127.0259309178301,877.0,36.0,taxi_2,picked
dyn_pax_319,843.0,2026-07-03 09:14:03,305539406,company|restaurant|subway_entrance,,566.389495917364,736.5285064605782,37.49816998085155,127.02721550408178,1281.0,438.0,taxi_37,picked
dyn_pax_320,844.0,2026-07-03 09:14:04,523141074#0,company|restaurant|subway_entrance,,524.0338794858329,871.4890157117229,37.4993777454413,127.02670460634431,944.0,100.0,taxi_respawn_9,picked
dyn_pax_321,847.0,2026-07-03 09:14:07,218857636#1,residential|company|restaurant|bus_stop,,297.92905089287035,623.2061345250047,37.49709839153085,127.02420706961871,954.0,107.0,taxi_18,picked
dyn_pax_322,849.0,2026-07-03 09:14:09,-542367267#1,bus_stop,,247.51018316686128,1414.7184918773391,37.504219024473855,127.02344900430944,910.0,61.0,taxi_30,picked
dyn_pax_323,850.0,2026-07-03 09:14:10,520307304#0,school|subway_entrance|bus_stop,,602.6035134310263,763.145495629718,37.498416594724866,127.02761864854104,,,,timeout
dyn_pax_324,851.0,2026-07-03 09:14:11,1229817205#0,company|subway_entrance|bus_stop,,599.2457558679199,652.2907550986157,37.497417346160496,127.02760695963683,1442.0,591.0,taxi_7,picked
dyn_pax_325,852.0,2026-07-03 09:14:12,521766175#1,company|restaurant|subway_entrance,,332.9365590021661,1411.5585828157227,37.504206724109,127.02441570308932,1099.0,247.0,taxi_37,picked
dyn_pax_326,855.0,2026-07-03 09:14:15,506191135#3,residential|company|restaurant|bus_stop,,238.79972345576414,789.4714057742513,37.49858497042428,127.023499044737,1253.0,398.0,taxi_16,picked
dyn_pax_327,856.0,2026-07-03 09:14:16,521766175#1,company|restaurant|subway_entrance,,332.9365590021661,1411.5585828157227,37.504206724109,127.02441570308932,1110.0,254.0,taxi_respawn_27,picked
dyn_pax_328,858.0,2026-07-03 09:14:18,1117538957#3,restaurant|subway_entrance|bus_stop,,465.5082521847807,644.8780924026132,37.49732530507706,127.02609663221197,1015.0,157.0,taxi_respawn_23,picked
dyn_pax_329,859.0,2026-07-03 09:14:19,521770119#1,restaurant|bus_stop,,527.3115514435282,995.8620162900467,37.50049875494786,127.02671217090477,,,,timeout
dyn_pax_330,865.0,2026-07-03 09:14:25,218864491#0,restaurant|bus_stop,,769.9803916976219,760.1217113917903,37.49842094941813,127.02951181742357,985.0,120.0,taxi_3,picked
dyn_pax_331,867.0,2026-07-03 09:14:27,1229817205#0,company|subway_entrance|bus_stop,,599.2457558679199,652.2907550986157,37.497417346160496,127.02760695963683,1533.0,666.0,taxi_respawn_3,picked
dyn_pax_332,869.0,2026-07-03 09:14:29,520307304#0,school|subway_entrance|bus_stop,,602.6035134310263,763.145495629718,37.498416594724866,127.02761864854104,,,,timeout
dyn_pax_333,870.0,2026-07-03 09:14:30,523141074#0,company|restaurant|subway_entrance,,524.0338794858329,871.4890157117229,37.4993777454413,127.02670460634431,997.0,127.0,taxi_16,picked
dyn_pax_334,872.0,2026-07-03 09:14:32,480850873,company|restaurant|bus_stop,,548.1935052770749,708.5896639848544,37.49791486187585,127.0270163956136,917.0,45.0,taxi_25,picked
dyn_pax_335,875.0,2026-07-03 09:14:35,480850873,company|restaurant|bus_stop,,548.1935052770749,708.5896639848544,37.49791486187585,127.0270163956136,1006.0,131.0,taxi_respawn_12,picked
dyn_pax_336,878.0,2026-07-03 09:14:38,1229817205#0,company|subway_entrance|bus_stop,,599.2457558679199,652.2907550986157,37.497417346160496,127.02760695963683,,,,timeout
dyn_pax_337,881.0,2026-07-03 09:14:41,506191135#3,residential|company|restaurant|bus_stop,,238.79972345576414,789.4714057742513,37.49858497042428,127.023499044737,1267.0,386.0,taxi_respawn_35,picked
dyn_pax_338,884.0,2026-07-03 09:14:44,305539406,company|restaurant|subway_entrance,,566.389495917364,736.5285064605782,37.49816998085155,127.02721550408178,1256.0,372.0,taxi_respawn_34,picked
dyn_pax_339,887.0,2026-07-03 09:14:47,521770119#0,restaurant|bus_stop,,548.9831206778387,935.1148840516827,37.499955620541705,127.02697161236954,1434.0,547.0,taxi_23,picked
dyn_pax_340,888.0,2026-07-03 09:14:48,-506191135#2,residential|bus_stop,,236.19733776439384,769.6838415951818,37.49840622577806,127.02347432089968,1328.0,440.0,taxi_4,picked
dyn_pax_341,889.0,2026-07-03 09:14:49,521766182#1,company|restaurant|subway_entrance,,681.695169875507,539.6867345716422,37.496418539503196,127.02856584056028,950.0,61.0,taxi_27,picked
dyn_pax_342,893.0,2026-07-03 09:14:53,520307304#0,school|subway_entrance|bus_stop,,602.6035134310263,763.145495629718,37.498416594724866,127.02761864854104,,,,timeout
dyn_pax_343,896.0,2026-07-03 09:14:56,218873820#0,restaurant|subway_entrance|bus_stop,,628.9829311132032,562.4061665928522,37.49661325243901,127.02796447999128,,,,timeout
dyn_pax_344,898.0,2026-07-03 09:14:58,-506191135#2,residential|bus_stop,,236.19733776439384,769.6838415951818,37.49840622577806,127.02347432089968,1353.0,455.0,taxi_2,picked
dyn_pax_345,899.0,2026-07-03 09:14:59,417933642#0,restaurant|bus_stop,,1041.0954363710525,463.30841921497654,37.49579826441859,127.03264736696761,1084.0,185.0,taxi_respawn_21,picked
dyn_pax_346,904.0,2026-07-03 09:15:04,218873820#0,restaurant|subway_entrance|bus_stop,,628.9829311132032,562.4061665928522,37.49661325243901,127.02796447999128,2079.0,1175.0,taxi_respawn_16,picked
dyn_pax_347,905.0,2026-07-03 09:15:05,480850873,company|restaurant|bus_stop,,548.1935052770749,708.5896639848544,37.49791486187585,127.0270163956136,1012.0,107.0,taxi_respawn_35,picked
dyn_pax_348,911.0,2026-07-03 09:15:11,521766180#1,company|restaurant|bus_stop,,466.73410130235357,1169.2838037446552,37.502049542882666,127.02598608796039,1025.0,114.0,taxi_respawn_37,picked
dyn_pax_349,918.0,2026-07-03 09:15:18,541692164#1,subway_entrance,,271.6277521231475,1406.6420105391767,37.5041508337347,127.02372362926798,988.0,70.0,taxi_40,picked
dyn_pax_350,919.0,2026-07-03 09:15:19,218864491#0,restaurant|bus_stop,,769.9803916976219,760.1217113917903,37.49842094941813,127.02951181742357,990.0,71.0,taxi_respawn_34,picked
dyn_pax_351,921.0,2026-07-03 09:15:21,-542367267#1,bus_stop,,247.51018316686128,1414.7184918773391,37.504219024473855,127.02344900430944,962.0,41.0,taxi_29,picked
dyn_pax_352,924.0,2026-07-03 09:15:24,506191135#3,residential|company|restaurant|bus_stop,,238.79972345576414,789.4714057742513,37.49858497042428,127.023499044737,1305.0,381.0,taxi_respawn_11,picked
dyn_pax_353,925.0,2026-07-03 09:15:25,1117538957#3,restaurant|subway_entrance|bus_stop,,465.5082521847807,644.8780924026132,37.49732530507706,127.02609663221197,1022.0,97.0,taxi_2,picked
dyn_pax_354,926.0,2026-07-03 09:15:26,117790039#0,restaurant,,1059.1652257347846,901.0190091909938,37.49974471524068,127.0327481916661,934.0,8.0,taxi_respawn_8,picked
dyn_pax_355,927.0,2026-07-03 09:15:27,520307304#0,school|subway_entrance|bus_stop,,602.6035134310263,763.145495629718,37.498416594724866,127.02761864854104,,,,timeout
dyn_pax_356,928.0,2026-07-03 09:15:28,1376141183#0,bus_stop,,548.2528111146681,901.2117688498424,37.49965007283687,127.02697139402301,1261.0,333.0,taxi_43,picked
dyn_pax_357,931.0,2026-07-03 09:15:31,1117538958#3,bus_stop,,160.18899290588462,540.6019911995099,37.49632820280781,127.02266936696756,957.0,26.0,taxi_respawn_38,picked
dyn_pax_358,933.0,2026-07-03 09:15:33,-504509918#2,company|restaurant|bus_stop,,398.9694242295193,827.4758220967593,37.49895762305832,127.02530099003066,957.0,24.0,taxi_respawn_25,picked
dyn_pax_359,934.0,2026-07-03 09:15:34,1376141182#0,bus_stop,,385.7154046370183,1301.0311255965628,37.50322104370192,127.02503873135461,,,,timeout
dyn_pax_360,936.0,2026-07-03 09:15:36,521766180#1,company|restaurant|bus_stop,,466.73410130235357,1169.2838037446552,37.502049542882666,127.02598608796039,1097.0,161.0,taxi_14,picked
dyn_pax_361,939.0,2026-07-03 09:15:39,-417933645#2,company|restaurant|subway_entrance,,701.1658676593129,719.5455833044954,37.49804244093877,127.02874337560036,1144.0,205.0,taxi_42,picked
dyn_pax_362,941.0,2026-07-03 09:15:41,1117538958#3,bus_stop,,160.18899290588462,540.6019911995099,37.49632820280781,127.02266936696756,964.0,23.0,taxi_respawn_32,picked
dyn_pax_363,944.0,2026-07-03 09:15:44,521766175#3,company|restaurant|subway_entrance|bus_stop,,373.6701172395771,1298.610217621072,37.50319695740621,127.02490310718325,1136.0,192.0,taxi_7,picked
dyn_pax_364,945.0,2026-07-03 09:15:45,218873820#0,restaurant|subway_entrance|bus_stop,,628.9829311132032,562.4061665928522,37.49661325243901,127.02796447999128,,,,timeout
dyn_pax_365,947.0,2026-07-03 09:15:47,417933646#2,residential|restaurant,,830.3119525357222,594.5819430897021,37.496941093289735,127.0302331440542,985.0,38.0,taxi_33,picked
dyn_pax_366,951.0,2026-07-03 09:15:51,218857636#1,residential|company|restaurant|bus_stop,,297.92905089287035,623.2061345250047,37.49709839153085,127.02420706961871,978.0,27.0,taxi_19,picked
dyn_pax_367,953.0,2026-07-03 09:15:53,521770119#0,restaurant|bus_stop,,548.9831206778387,935.1148840516827,37.499955620541705,127.02697161236954,,,,timeout
dyn_pax_368,954.0,2026-07-03 09:15:54,-542367267#1,bus_stop,,247.51018316686128,1414.7184918773391,37.504219024473855,127.02344900430944,998.0,44.0,taxi_0,picked
dyn_pax_369,956.0,2026-07-03 09:15:56,1117538957#3,restaurant|subway_entrance|bus_stop,,465.5082521847807,644.8780924026132,37.49732530507706,127.02609663221197,989.0,33.0,taxi_respawn_6,picked
dyn_pax_370,957.0,2026-07-03 09:15:57,218877837#2,company|restaurant|bus_stop,,479.4555212141038,978.0213907550284,37.500328997763305,127.02617530290202,1024.0,67.0,taxi_34,picked
dyn_pax_371,962.0,2026-07-03 09:16:02,506191135#3,residential|company|restaurant|bus_stop,,238.79972345576414,789.4714057742513,37.49858497042428,127.023499044737,1434.0,472.0,taxi_14,picked
dyn_pax_372,964.0,2026-07-03 09:16:04,523141074#0,company|restaurant|subway_entrance,,524.0338794858329,871.4890157117229,37.4993777454413,127.02670460634431,1096.0,132.0,taxi_44,picked
dyn_pax_373,965.0,2026-07-03 09:16:05,480850873,company|restaurant|bus_stop,,548.1935052770749,708.5896639848544,37.49791486187585,127.0270163956136,1173.0,208.0,taxi_respawn_30,picked
dyn_pax_374,967.0,2026-07-03 09:16:07,1117538957#3,restaurant|subway_entrance|bus_stop,,465.5082521847807,644.8780924026132,37.49732530507706,127.02609663221197,1190.0,223.0,taxi_respawn_12,picked
dyn_pax_375,976.0,2026-07-03 09:16:16,1117538958#3,bus_stop,,160.18899290588462,540.6019911995099,37.49632820280781,127.02266936696756,1014.0,38.0,taxi_15,picked
dyn_pax_376,977.0,2026-07-03 09:16:17,-504509918#2,company|restaurant|bus_stop,,398.9694242295193,827.4758220967593,37.49895762305832,127.02530099003066,1053.0,76.0,taxi_21,picked
dyn_pax_377,977.0,2026-07-03 09:16:17,-117790045#2,restaurant,,502.6238788004042,1360.6315306450858,37.50378004402999,127.0263465049606,,,,timeout
dyn_pax_378,979.0,2026-07-03 09:16:19,521770119#0,restaurant|bus_stop,,548.9831206778387,935.1148840516827,37.499955620541705,127.02697161236954,,,,timeout
dyn_pax_379,980.0,2026-07-03 09:16:20,521766180#1,company|restaurant|bus_stop,,466.73410130235357,1169.2838037446552,37.502049542882666,127.02598608796039,1283.0,303.0,taxi_respawn_17,picked
dyn_pax_380,982.0,2026-07-03 09:16:22,375049565#6,restaurant|subway_entrance|bus_stop,,789.5153251748014,798.8522330112556,37.49877353199428,127.02972351946808,1026.0,44.0,taxi_5,picked
dyn_pax_381,988.0,2026-07-03 09:16:28,506191135#3,residential|company|restaurant|bus_stop,,238.79972345576414,789.4714057742513,37.49858497042428,127.023499044737,,,,timeout
dyn_pax_382,990.0,2026-07-03 09:16:30,1376141183#0,bus_stop,,548.2528111146681,901.2117688498424,37.49965007283687,127.02697139402301,1251.0,261.0,taxi_19,picked
dyn_pax_383,991.0,2026-07-03 09:16:31,1117538958#3,bus_stop,,160.18899290588462,540.6019911995099,37.49632820280781,127.02266936696756,1065.0,74.0,taxi_41,picked
dyn_pax_384,993.0,2026-07-03 09:16:33,521766175#3,company|restaurant|subway_entrance|bus_stop,,373.6701172395771,1298.610217621072,37.50319695740621,127.02490310718325,1129.0,136.0,taxi_respawn_33,picked
dyn_pax_385,994.0,2026-07-03 09:16:34,-417933645#2,company|restaurant|subway_entrance,,701.1658676593129,719.5455833044954,37.49804244093877,127.02874337560036,1149.0,155.0,taxi_39,picked
dyn_pax_386,997.0,2026-07-03 09:16:37,521770119#1,restaurant|bus_stop,,527.3115514435282,995.8620162900467,37.50049875494786,127.02671217090477,,,,timeout
dyn_pax_387,999.0,2026-07-03 09:16:39,1117538958#3,bus_stop,,160.18899290588462,540.6019911995099,37.49632820280781,127.02266936696756,1061.0,62.0,taxi_30,picked
dyn_pax_388,999.0,2026-07-03 09:16:39,-542367267#0,company,,179.75773525047865,1390.7576253945435,37.50399035207237,127.02268859703804,1031.0,32.0,taxi_respawn_1,picked
dyn_pax_389,1002.0,2026-07-03 09:16:42,521766175#3,company|restaurant|subway_entrance|bus_stop,,373.6701172395771,1298.610217621072,37.50319695740621,127.02490310718325,1201.0,199.0,taxi_29,picked
dyn_pax_390,1003.0,2026-07-03 09:16:43,521766175#3,company|restaurant|subway_entrance|bus_stop,,373.6701172395771,1298.610217621072,37.50319695740621,127.02490310718325,,,,timeout
dyn_pax_391,1008.0,2026-07-03 09:16:48,1117538958#3,bus_stop,,160.18899290588462,540.6019911995099,37.49632820280781,127.02266936696756,1157.0,149.0,taxi_11,picked
dyn_pax_392,1009.0,2026-07-03 09:16:49,218873820#0,restaurant|subway_entrance|bus_stop,,628.9829311132032,562.4061665928522,37.49661325243901,127.02796447999128,,,,timeout
dyn_pax_393,1011.0,2026-07-03 09:16:51,218877837#2,company|restaurant|bus_stop,,479.4555212141038,978.0213907550284,37.500328997763305,127.02617530290202,1285.0,274.0,taxi_48,picked
dyn_pax_394,1013.0,2026-07-03 09:16:53,-504509918#2,company|restaurant|bus_stop,,398.9694242295193,827.4758220967593,37.49895762305832,127.02530099003066,1138.0,125.0,taxi_respawn_3,picked
dyn_pax_395,1016.0,2026-07-03 09:16:56,417933642#0,restaurant|bus_stop,,1041.0954363710525,463.30841921497654,37.49579826441859,127.03264736696761,1282.0,266.0,taxi_15,picked
dyn_pax_396,1019.0,2026-07-03 09:16:59,1117538957#3,restaurant|subway_entrance|bus_stop,,465.5082521847807,644.8780924026132,37.49732530507706,127.02609663221197,1197.0,178.0,taxi_36,picked
dyn_pax_397,1020.0,2026-07-03 09:17:00,520307304#0,school|subway_entrance|bus_stop,,602.6035134310263,763.145495629718,37.498416594724866,127.02761864854104,,,,timeout
dyn_pax_398,1025.0,2026-07-03 09:17:05,218873820#0,restaurant|subway_entrance|bus_stop,,628.9829311132032,562.4061665928522,37.49661325243901,127.02796447999128,,,,timeout
dyn_pax_399,1026.0,2026-07-03 09:17:06,178441450#1,residential|company|restaurant|bus_stop,,282.90243066757296,609.4157395563556,37.496971320837204,127.02404044855805,1057.0,31.0,taxi_8,picked
dyn_pax_400,1029.0,2026-07-03 09:17:09,521766175#3,company|restaurant|subway_entrance|bus_stop,,373.6701172395771,1298.610217621072,37.50319695740621,127.02490310718325,,,,timeout
dyn_pax_401,1032.0,2026-07-03 09:17:12,-417933645#2,company|restaurant|subway_entrance,,701.1658676593129,719.5455833044954,37.49804244093877,127.02874337560036,1088.0,56.0,taxi_respawn_9,picked
dyn_pax_402,1034.0,2026-07-03 09:17:14,375049565#6,restaurant|subway_entrance|bus_stop,,789.5153251748014,798.8522330112556,37.49877353199428,127.02972351946808,1232.0,198.0,taxi_respawn_4,picked
dyn_pax_403,1037.0,2026-07-03 09:17:17,218857636#1,residential|company|restaurant|bus_stop,,297.92905089287035,623.2061345250047,37.49709839153085,127.02420706961871,1099.0,62.0,taxi_respawn_5,picked
dyn_pax_404,1043.0,2026-07-03 09:17:23,521770119#0,restaurant|bus_stop,,548.9831206778387,935.1148840516827,37.499955620541705,127.02697161236954,,,,timeout
dyn_pax_405,1045.0,2026-07-03 09:17:25,1376141182#0,bus_stop,,385.7154046370183,1301.0311255965628,37.50322104370192,127.02503873135461,,,,timeout
dyn_pax_406,1048.0,2026-07-03 09:17:28,375049565#6,restaurant|subway_entrance|bus_stop,,789.5153251748014,798.8522330112556,37.49877353199428,127.02972351946808,,,,timeout
dyn_pax_407,1049.0,2026-07-03 09:17:29,-506191135#22,residential|company|restaurant|bus_stop,,38.693950105848444,1321.9513167019495,37.50334380565249,127.02110990869835,1074.0,25.0,taxi_25,picked
dyn_pax_408,1052.0,2026-07-03 09:17:32,506191135#3,residential|company|restaurant|bus_stop,,238.79972345576414,789.4714057742513,37.49858497042428,127.023499044737,1505.0,453.0,taxi_respawn_21,picked
dyn_pax_409,1055.0,2026-07-03 09:17:35,521766180#1,company|restaurant|bus_stop,,466.73410130235357,1169.2838037446552,37.502049542882666,127.02598608796039,1362.0,307.0,taxi_21,picked
dyn_pax_410,1055.0,2026-07-03 09:17:35,-1011529829#3,residential|restaurant,,246.84006179949273,776.1178104815556,37.49846619888778,127.02359312469504,1184.0,129.0,taxi_respawn_31,picked
dyn_pax_411,1060.0,2026-07-03 09:17:40,1376141183#0,bus_stop,,548.2528111146681,901.2117688498424,37.49965007283687,127.02697139402301,1268.0,208.0,taxi_respawn_29,picked
dyn_pax_412,1062.0,2026-07-03 09:17:42,1229817205#1,residential|bus_stop,,631.6400080768872,572.7061575261558,37.49670653972221,127.02799208080955,1356.0,294.0,taxi_respawn_36,picked
dyn_pax_413,1065.0,2026-07-03 09:17:45,1376141182#0,bus_stop,,385.7154046370183,1301.0311255965628,37.50322104370192,127.02503873135461,,,,timeout
dyn_pax_414,1066.0,2026-07-03 09:17:46,375049565#6,restaurant|subway_entrance|bus_stop,,789.5153251748014,798.8522330112556,37.49877353199428,127.02972351946808,1574.0,508.0,taxi_respawn_37,picked
dyn_pax_415,1068.0,2026-07-03 09:17:48,1376141183#0,bus_stop,,548.2528111146681,901.2117688498424,37.49965007283687,127.02697139402301,1274.0,206.0,taxi_respawn_7,picked
dyn_pax_416,1069.0,2026-07-03 09:17:49,375049565#6,restaurant|subway_entrance|bus_stop,,789.5153251748014,798.8522330112556,37.49877353199428,127.02972351946808,,,,timeout
dyn_pax_417,1072.0,2026-07-03 09:17:52,521766180#1,company|restaurant|bus_stop,,466.73410130235357,1169.2838037446552,37.502049542882666,127.02598608796039,1681.0,609.0,taxi_39,picked
dyn_pax_418,1073.0,2026-07-03 09:17:53,178441450#1,residential|company|restaurant|bus_stop,,282.90243066757296,609.4157395563556,37.496971320837204,127.02404044855805,1098.0,25.0,taxi_49,picked
dyn_pax_419,1074.0,2026-07-03 09:17:54,521766175#1,company|restaurant|subway_entrance,,332.9365590021661,1411.5585828157227,37.504206724109,127.02441570308932,1198.0,124.0,taxi_respawn_18,picked
dyn_pax_420,1075.0,2026-07-03 09:17:55,520307304#0,school|subway_entrance|bus_stop,,602.6035134310263,763.145495629718,37.498416594724866,127.02761864854104,,,,timeout
dyn_pax_421,1077.0,2026-07-03 09:17:57,218864491#0,restaurant|bus_stop,,769.9803916976219,760.1217113917903,37.49842094941813,127.02951181742357,,,,timeout
dyn_pax_422,1081.0,2026-07-03 09:18:01,218873820#0,restaurant|subway_entrance|bus_stop,,628.9829311132032,562.4061665928522,37.49661325243901,127.02796447999128,,,,timeout
dyn_pax_423,1083.0,2026-07-03 09:18:03,218877837#2,company|restaurant|bus_stop,,479.4555212141038,978.0213907550284,37.500328997763305,127.02617530290202,1310.0,227.0,taxi_23,picked
dyn_pax_424,1085.0,2026-07-03 09:18:05,520307304#0,school|subway_entrance|bus_stop,,602.6035134310263,763.145495629718,37.498416594724866,127.02761864854104,,,,timeout
dyn_pax_425,1086.0,2026-07-03 09:18:06,1117538958#3,bus_stop,,160.18899290588462,540.6019911995099,37.49632820280781,127.02266936696756,1163.0,77.0,taxi_47,picked
dyn_pax_426,1088.0,2026-07-03 09:18:08,218873820#0,restaurant|subway_entrance|bus_stop,,628.9829311132032,562.4061665928522,37.49661325243901,127.02796447999128,,,,timeout
dyn_pax_427,1089.0,2026-07-03 09:18:09,417933642#0,restaurant|bus_stop,,1041.0954363710525,463.30841921497654,37.49579826441859,127.03264736696761,1320.0,231.0,taxi_49,picked
dyn_pax_428,1095.0,2026-07-03 09:18:15,506191135#3,residential|company|restaurant|bus_stop,,238.79972345576414,789.4714057742513,37.49858497042428,127.023499044737,,,,timeout
dyn_pax_429,1097.0,2026-07-03 09:18:17,523141074#0,company|restaurant|subway_entrance,,524.0338794858329,871.4890157117229,37.4993777454413,127.02670460634431,1184.0,87.0,taxi_40,picked
dyn_pax_430,1100.0,2026-07-03 09:18:20,-417933642#4,restaurant,,907.3718228697127,805.8014682006251,37.49885835910486,127.03105443169989,1224.0,124.0,taxi_respawn_25,picked
dyn_pax_431,1101.0,2026-07-03 09:18:21,-506191135#22,residential|company|restaurant|bus_stop,,38.693950105848444,1321.9513167019495,37.50334380565249,127.02110990869835,1182.0,81.0,taxi_respawn_32,picked
dyn_pax_432,1103.0,2026-07-03 09:18:23,218873820#0,restaurant|subway_entrance|bus_stop,,628.9829311132032,562.4061665928522,37.49661325243901,127.02796447999128,,,,timeout
dyn_pax_433,1104.0,2026-07-03 09:18:24,521770119#0,restaurant|bus_stop,,548.9831206778387,935.1148840516827,37.499955620541705,127.02697161236954,,,,timeout
dyn_pax_434,1106.0,2026-07-03 09:18:26,375049565#6,restaurant|subway_entrance|bus_stop,,789.5153251748014,798.8522330112556,37.49877353199428,127.02972351946808,,,,timeout
dyn_pax_435,1112.0,2026-07-03 09:18:32,521766180#1,company|restaurant|bus_stop,,466.73410130235357,1169.2838037446552,37.502049542882666,127.02598608796039,1990.0,878.0,taxi_respawn_31,picked
dyn_pax_436,1114.0,2026-07-03 09:18:34,-417933645#2,company|restaurant|subway_entrance,,701.1658676593129,719.5455833044954,37.49804244093877,127.02874337560036,1265.0,151.0,taxi_42,picked
dyn_pax_437,1115.0,2026-07-03 09:18:35,975332778#1,bus_stop,,681.6099970732737,721.9380561808346,37.49806030190971,127.02852170075586,1133.0,18.0,taxi_33,picked
dyn_pax_438,1117.0,2026-07-03 09:18:37,375049565#6,restaurant|subway_entrance|bus_stop,,789.5153251748014,798.8522330112556,37.49877353199428,127.02972351946808,,,,timeout
dyn_pax_439,1121.0,2026-07-03 09:18:41,1229817205#0,company|subway_entrance|bus_stop,,599.2457558679199,652.2907550986157,37.497417346160496,127.02760695963683,1658.0,537.0,taxi_38,picked
dyn_pax_440,1123.0,2026-07-03 09:18:43,521770119#1,restaurant|bus_stop,,527.3115514435282,995.8620162900467,37.50049875494786,127.02671217090477,,,,timeout
dyn_pax_441,1124.0,2026-07-03 09:18:44,1376141183#0,bus_stop,,548.2528111146681,901.2117688498424,37.49965007283687,127.02697139402301,1280.0,156.0,taxi_38,picked
dyn_pax_442,1126.0,2026-07-03 09:18:46,375049565#6,restaurant|subway_entrance|bus_stop,,789.5153251748014,798.8522330112556,37.49877353199428,127.02972351946808,,,,timeout
dyn_pax_443,1131.0,2026-07-03 09:18:51,1117538958#3,bus_stop,,160.18899290588462,540.6019911995099,37.49632820280781,127.02266936696756,1169.0,38.0,taxi_26,picked
dyn_pax_444,1134.0,2026-07-03 09:18:54,-542367267#1,bus_stop,,247.51018316686128,1414.7184918773391,37.504219024473855,127.02344900430944,1178.0,44.0,taxi_4,picked
dyn_pax_445,1135.0,2026-07-03 09:18:55,-542367267#1,bus_stop,,247.51018316686128,1414.7184918773391,37.504219024473855,127.02344900430944,1267.0,132.0,taxi_17,picked
dyn_pax_446,1138.0,2026-07-03 09:18:58,494824662#3,company|restaurant|subway_entrance,,729.424850252167,406.6843378518681,37.49522941823122,127.02913698209235,1413.0,275.0,taxi_40,picked
dyn_pax_447,1140.0,2026-07-03 09:19:00,521770116#2,company|restaurant|bus_stop,,432.3182248087171,1108.514093563608,37.50149560521279,127.02561136613096,1309.0,169.0,taxi_1,picked
dyn_pax_448,1141.0,2026-07-03 09:19:01,1117538957#3,restaurant|subway_entrance|bus_stop,,465.5082521847807,644.8780924026132,37.49732530507706,127.02609663221197,1160.0,19.0,taxi_0,picked
dyn_pax_449,1143.0,2026-07-03 09:19:03,521766180#1,company|restaurant|bus_stop,,466.73410130235357,1169.2838037446552,37.502049542882666,127.02598608796039,1616.0,473.0,taxi_respawn_34,picked
dyn_pax_450,1144.0,2026-07-03 09:19:04,1117538957#3,restaurant|subway_entrance|bus_stop,,465.5082521847807,644.8780924026132,37.49732530507706,127.02609663221197,1206.0,62.0,taxi_24,picked
dyn_pax_451,1149.0,2026-07-03 09:19:09,218857636#1,residential|company|restaurant|bus_stop,,297.92905089287035,623.2061345250047,37.49709839153085,127.02420706961871,1224.0,75.0,taxi_35,picked
dyn_pax_452,1150.0,2026-07-03 09:19:10,521770116#2,company|restaurant|bus_stop,,432.3182248087171,1108.514093563608,37.50149560521279,127.02561136613096,1385.0,235.0,taxi_respawn_33,picked
dyn_pax_453,1152.0,2026-07-03 09:19:12,520307304#0,school|subway_entrance|bus_stop,,602.6035134310263,763.145495629718,37.498416594724866,127.02761864854104,,,,timeout
dyn_pax_454,1155.0,2026-07-03 09:19:15,305539406,company|restaurant|subway_entrance,,566.389495917364,736.5285064605782,37.49816998085155,127.02721550408178,1542.0,387.0,taxi_6,picked
dyn_pax_455,1158.0,2026-07-03 09:19:18,-506191135#2,residential|bus_stop,,236.19733776439384,769.6838415951818,37.49840622577806,127.02347432089968,1428.0,270.0,taxi_4,picked
dyn_pax_456,1160.0,2026-07-03 09:19:20,-506191135#22,residential|company|restaurant|bus_stop,,38.693950105848444,1321.9513167019495,37.50334380565249,127.02110990869835,1188.0,28.0,taxi_31,picked
dyn_pax_457,1163.0,2026-07-03 09:19:23,1117538957#3,restaurant|subway_entrance|bus_stop,,465.5082521847807,644.8780924026132,37.49732530507706,127.02609663221197,1278.0,115.0,taxi_respawn_6,picked
dyn_pax_458,1166.0,2026-07-03 09:19:26,521766182#1,company|restaurant|subway_entrance,,681.695169875507,539.6867345716422,37.496418539503196,127.02856584056028,1201.0,35.0,taxi_respawn_13,picked
dyn_pax_459,1167.0,2026-07-03 09:19:27,975332778#1,bus_stop,,681.6099970732737,721.9380561808346,37.49806030190971,127.02852170075586,1385.0,218.0,taxi_respawn_10,picked
dyn_pax_460,1169.0,2026-07-03 09:19:29,521766175#1,company|restaurant|subway_entrance,,332.9365590021661,1411.5585828157227,37.504206724109,127.02441570308932,,,,timeout
dyn_pax_461,1170.0,2026-07-03 09:19:30,218857636#1,residential|company|restaurant|bus_stop,,297.92905089287035,623.2061345250047,37.49709839153085,127.02420706961871,1296.0,126.0,taxi_respawn_22,picked
dyn_pax_462,1173.0,2026-07-03 09:19:33,521766180#1,company|restaurant|bus_stop,,466.73410130235357,1169.2838037446552,37.502049542882666,127.02598608796039,1646.0,473.0,taxi_17,picked
dyn_pax_463,1176.0,2026-07-03 09:19:36,975332778#1,bus_stop,,681.6099970732737,721.9380561808346,37.49806030190971,127.02852170075586,1566.0,390.0,taxi_32,picked
dyn_pax_464,1178.0,2026-07-03 09:19:38,521766175#3,company|restaurant|subway_entrance|bus_stop,,373.6701172395771,1298.610217621072,37.50319695740621,127.02490310718325,1732.0,554.0,taxi_respawn_11,picked
dyn_pax_465,1180.0,2026-07-03 09:19:40,-506191135#22,residential|company|restaurant|bus_stop,,38.693950105848444,1321.9513167019495,37.50334380565249,127.02110990869835,1228.0,48.0,taxi_34,picked
dyn_pax_466,1181.0,2026-07-03 09:19:41,1229817205#1,residential|bus_stop,,631.6400080768872,572.7061575261558,37.49670653972221,127.02799208080955,1906.0,725.0,taxi_46,picked
dyn_pax_467,1183.0,2026-07-03 09:19:43,218864491#0,restaurant|bus_stop,,769.9803916976219,760.1217113917903,37.49842094941813,127.02951181742357,,,,timeout
dyn_pax_468,1187.0,2026-07-03 09:19:47,1117538957#3,restaurant|subway_entrance|bus_stop,,465.5082521847807,644.8780924026132,37.49732530507706,127.02609663221197,1287.0,100.0,taxi_30,picked
dyn_pax_469,1189.0,2026-07-03 09:19:49,218857636#1,residential|company|restaurant|bus_stop,,297.92905089287035,623.2061345250047,37.49709839153085,127.02420706961871,1650.0,461.0,taxi_respawn_6,picked
dyn_pax_470,1190.0,2026-07-03 09:19:50,1376141182#0,bus_stop,,385.7154046370183,1301.0311255965628,37.50322104370192,127.02503873135461,1924.0,734.0,taxi_respawn_18,picked
dyn_pax_471,1192.0,2026-07-03 09:19:52,-542367267#1,bus_stop,,247.51018316686128,1414.7184918773391,37.504219024473855,127.02344900430944,1241.0,49.0,taxi_respawn_2,picked
dyn_pax_472,1193.0,2026-07-03 09:19:53,1117538957#3,restaurant|subway_entrance|bus_stop,,465.5082521847807,644.8780924026132,37.49732530507706,127.02609663221197,1439.0,246.0,taxi_0,picked
dyn_pax_473,1195.0,2026-07-03 09:19:55,417933642#0,restaurant|bus_stop,,1041.0954363710525,463.30841921497654,37.49579826441859,127.03264736696761,1443.0,248.0,taxi_47,picked
dyn_pax_474,1196.0,2026-07-03 09:19:56,1229817205#0,company|subway_entrance|bus_stop,,599.2457558679199,652.2907550986157,37.497417346160496,127.02760695963683,,,,timeout
dyn_pax_475,1198.0,2026-07-03 09:19:58,541692164#1,subway_entrance,,271.6277521231475,1406.6420105391767,37.5041508337347,127.02372362926798,1276.0,78.0,taxi_28,picked
dyn_pax_476,1199.0,2026-07-03 09:19:59,975332778#1,bus_stop,,681.6099970732737,721.9380561808346,37.49806030190971,127.02852170075586,,,,timeout
dyn_pax_477,1199.0,2026-07-03 09:19:59,-506191135#22,residential|company|restaurant|bus_stop,,38.693950105848444,1321.9513167019495,37.50334380565249,127.02110990869835,1371.0,172.0,taxi_8,picked
dyn_pax_478,1204.0,2026-07-03 09:20:04,521766182#1,company|restaurant|subway_entrance,,681.695169875507,539.6867345716422,37.496418539503196,127.02856584056028,1278.0,74.0,taxi_33,picked
dyn_pax_479,1207.0,2026-07-03 09:20:07,218873820#0,restaurant|subway_entrance|bus_stop,,628.9829311132032,562.4061665928522,37.49661325243901,127.02796447999128,,,,timeout
dyn_pax_480,1212.0,2026-07-03 09:20:12,178441450#1,residential|company|restaurant|bus_stop,,282.90243066757296,609.4157395563556,37.496971320837204,127.02404044855805,1316.0,104.0,taxi_44,picked
dyn_pax_481,1213.0,2026-07-03 09:20:13,218857636#1,residential|company|restaurant|bus_stop,,297.92905089287035,623.2061345250047,37.49709839153085,127.02420706961871,1727.0,514.0,taxi_27,picked
dyn_pax_482,1215.0,2026-07-03 09:20:15,1117538958#3,bus_stop,,160.18899290588462,540.6019911995099,37.49632820280781,127.02266936696756,1427.0,212.0,taxi_respawn_22,picked
dyn_pax_483,1216.0,2026-07-03 09:20:16,375049565#6,restaurant|subway_entrance|bus_stop,,789.5153251748014,798.8522330112556,37.49877353199428,127.02972351946808,1727.0,511.0,taxi_4,picked
dyn_pax_484,1218.0,2026-07-03 09:20:18,1117538957#3,restaurant|subway_entrance|bus_stop,,465.5082521847807,644.8780924026132,37.49732530507706,127.02609663221197,1548.0,330.0,taxi_respawn_15,picked
dyn_pax_485,1219.0,2026-07-03 09:20:19,1376141182#0,bus_stop,,385.7154046370183,1301.0311255965628,37.50322104370192,127.02503873135461,,,,timeout
dyn_pax_486,1219.0,2026-07-03 09:20:19,218864491#0,restaurant|bus_stop,,769.9803916976219,760.1217113917903,37.49842094941813,127.02951181742357,,,,timeout
dyn_pax_487,1221.0,2026-07-03 09:20:21,218877837#2,company|restaurant|bus_stop,,479.4555212141038,978.0213907550284,37.500328997763305,127.02617530290202,1368.0,147.0,taxi_respawn_37,picked
dyn_pax_488,1224.0,2026-07-03 09:20:24,218877837#2,company|restaurant|bus_stop,,479.4555212141038,978.0213907550284,37.500328997763305,127.02617530290202,1470.0,246.0,taxi_respawn_14,picked
dyn_pax_489,1225.0,2026-07-03 09:20:25,218864491#0,restaurant|bus_stop,,769.9803916976219,760.1217113917903,37.49842094941813,127.02951181742357,,,,timeout
dyn_pax_490,1229.0,2026-07-03 09:20:29,218857636#1,residential|company|restaurant|bus_stop,,297.92905089287035,623.2061345250047,37.49709839153085,127.02420706961871,1739.0,510.0,taxi_respawn_26,picked
dyn_pax_491,1233.0,2026-07-03 09:20:33,-541692164#2,subway_entrance,,317.7122087179151,1441.0296574375257,37.504469327730426,127.0242365566347,1368.0,135.0,taxi_32,picked
dyn_pax_492,1234.0,2026-07-03 09:20:34,520307304#0,school|subway_entrance|bus_stop,,602.6035134310263,763.145495629718,37.498416594724866,127.02761864854104,1767.0,533.0,taxi_35,picked
dyn_pax_493,1235.0,2026-07-03 09:20:35,1376141182#0,bus_stop,,385.7154046370183,1301.0311255965628,37.50322104370192,127.02503873135461,,,,timeout
dyn_pax_494,1236.0,2026-07-03 09:20:36,-542367267#1,bus_stop,,247.51018316686128,1414.7184918773391,37.504219024473855,127.02344900430944,1251.0,15.0,taxi_respawn_24,picked
dyn_pax_495,1238.0,2026-07-03 09:20:38,521766175#3,company|restaurant|subway_entrance|bus_stop,,373.6701172395771,1298.610217621072,37.50319695740621,127.02490310718325,,,,timeout
dyn_pax_496,1239.0,2026-07-03 09:20:39,521766175#3,company|restaurant|subway_entrance|bus_stop,,373.6701172395771,1298.610217621072,37.50319695740621,127.02490310718325,,,,timeout
dyn_pax_497,1241.0,2026-07-03 09:20:41,218857636#1,residential|company|restaurant|bus_stop,,297.92905089287035,623.2061345250047,37.49709839153085,127.02420706961871,,,,timeout
dyn_pax_498,1242.0,2026-07-03 09:20:42,-506191135#22,residential|company|restaurant|bus_stop,,38.693950105848444,1321.9513167019495,37.50334380565249,127.02110990869835,1366.0,124.0,taxi_respawn_27,picked
dyn_pax_499,1244.0,2026-07-03 09:20:44,417750337#2,restaurant,,602.0112566641748,1239.22102407953,37.50270511928559,127.02749909599581,1355.0,111.0,taxi_respawn_31,picked
dyn_pax_500,1245.0,2026-07-03 09:20:45,523141074#0,company|restaurant|subway_entrance,,524.0338794858329,871.4890157117229,37.4993777454413,127.02670460634431,1313.0,68.0,taxi_5,picked
dyn_pax_501,1247.0,2026-07-03 09:20:47,520307304#0,school|subway_entrance|bus_stop,,602.6035134310263,763.145495629718,37.498416594724866,127.02761864854104,,,,timeout
dyn_pax_502,1250.0,2026-07-03 09:20:50,521770119#1,restaurant|bus_stop,,527.3115514435282,995.8620162900467,37.50049875494786,127.02671217090477,,,,timeout
dyn_pax_503,1252.0,2026-07-03 09:20:52,1376141182#0,bus_stop,,385.7154046370183,1301.0311255965628,37.50322104370192,127.02503873135461,,,,timeout
dyn_pax_504,1255.0,2026-07-03 09:20:55,521766175#1,company|restaurant|subway_entrance,,332.9365590021661,1411.5585828157227,37.504206724109,127.02441570308932,,,,timeout
dyn_pax_505,1256.0,2026-07-03 09:20:56,-506191135#2,residential|bus_stop,,236.19733776439384,769.6838415951818,37.49840622577806,127.02347432089968,1662.0,406.0,taxi_37,picked
dyn_pax_506,1258.0,2026-07-03 09:20:58,375049565#6,restaurant|subway_entrance|bus_stop,,789.5153251748014,798.8522330112556,37.49877353199428,127.02972351946808,,,,timeout
dyn_pax_507,1259.0,2026-07-03 09:20:59,1229817205#0,company|subway_entrance|bus_stop,,599.2457558679199,652.2907550986157,37.497417346160496,127.02760695963683,1890.0,631.0,taxi_respawn_3,picked
dyn_pax_508,1261.0,2026-07-03 09:21:01,523141074#0,company|restaurant|subway_entrance,,524.0338794858329,871.4890157117229,37.4993777454413,127.02670460634431,1357.0,96.0,taxi_respawn_30,picked
dyn_pax_509,1265.0,2026-07-03 09:21:05,-506191135#22,residential|company|restaurant|bus_stop,,38.693950105848444,1321.9513167019495,37.50334380565249,127.02110990869835,1412.0,147.0,taxi_29,picked
dyn_pax_510,1268.0,2026-07-03 09:21:08,218857636#1,residential|company|restaurant|bus_stop,,297.92905089287035,623.2061345250047,37.49709839153085,127.02420706961871,,,,timeout
dyn_pax_511,1270.0,2026-07-03 09:21:10,178441450#1,residential|company|restaurant|bus_stop,,282.90243066757296,609.4157395563556,37.496971320837204,127.02404044855805,1324.0,54.0,taxi_6,picked
dyn_pax_512,1275.0,2026-07-03 09:21:15,-541692164#2,subway_entrance,,317.7122087179151,1441.0296574375257,37.504469327730426,127.0242365566347,1375.0,100.0,taxi_41,picked
dyn_pax_513,1276.0,2026-07-03 09:21:16,521770119#0,restaurant|bus_stop,,548.9831206778387,935.1148840516827,37.499955620541705,127.02697161236954,,,,timeout
dyn_pax_514,1278.0,2026-07-03 09:21:18,218857636#1,residential|company|restaurant|bus_stop,,297.92905089287035,623.2061345250047,37.49709839153085,127.02420706961871,,,,timeout
dyn_pax_515,1279.0,2026-07-03 09:21:19,-417933645#2,company|restaurant|subway_entrance,,701.1658676593129,719.5455833044954,37.49804244093877,127.02874337560036,1527.0,248.0,taxi_43,picked
dyn_pax_516,1281.0,2026-07-03 09:21:21,521770116#2,company|restaurant|bus_stop,,432.3182248087171,1108.514093563608,37.50149560521279,127.02561136613096,1497.0,216.0,taxi_respawn_28,picked
dyn_pax_517,1282.0,2026-07-03 09:21:22,1376141182#0,bus_stop,,385.7154046370183,1301.0311255965628,37.50322104370192,127.02503873135461,2010.0,728.0,taxi_14,picked
dyn_pax_518,1285.0,2026-07-03 09:21:25,178441450#1,residential|company|restaurant|bus_stop,,282.90243066757296,609.4157395563556,37.496971320837204,127.02404044855805,1495.0,210.0,taxi_22,picked
dyn_pax_519,1287.0,2026-07-03 09:21:27,480850873,company|restaurant|bus_stop,,548.1935052770749,708.5896639848544,37.49791486187585,127.0270163956136,1353.0,66.0,taxi_27,picked
dyn_pax_520,1288.0,2026-07-03 09:21:28,-506191135#2,residential|bus_stop,,236.19733776439384,769.6838415951818,37.49840622577806,127.02347432089968,1766.0,478.0,taxi_2,picked
dyn_pax_521,1290.0,2026-07-03 09:21:30,-506191135#2,residential|bus_stop,,236.19733776439384,769.6838415951818,37.49840622577806,127.02347432089968,,,,timeout
dyn_pax_522,1293.0,2026-07-03 09:21:33,-541692164#2,subway_entrance,,317.7122087179151,1441.0296574375257,37.504469327730426,127.0242365566347,1383.0,90.0,taxi_respawn_21,picked
dyn_pax_523,1294.0,2026-07-03 09:21:34,-506191135#2,residential|bus_stop,,236.19733776439384,769.6838415951818,37.49840622577806,127.02347432089968,1800.0,506.0,taxi_19,picked
dyn_pax_524,1296.0,2026-07-03 09:21:36,-506191135#2,residential|bus_stop,,236.19733776439384,769.6838415951818,37.49840622577806,127.02347432089968,,,,timeout
dyn_pax_525,1297.0,2026-07-03 09:21:37,1229817205#0,company|subway_entrance|bus_stop,,599.2457558679199,652.2907550986157,37.497417346160496,127.02760695963683,,,,timeout
dyn_pax_526,1299.0,2026-07-03 09:21:39,-506191135#22,residential|company|restaurant|bus_stop,,38.693950105848444,1321.9513167019495,37.50334380565249,127.02110990869835,1560.0,261.0,taxi_15,picked
dyn_pax_527,1301.0,2026-07-03 09:21:41,480850873,company|restaurant|bus_stop,,548.1935052770749,708.5896639848544,37.49791486187585,127.0270163956136,1366.0,65.0,taxi_31,picked
dyn_pax_528,1302.0,2026-07-03 09:21:42,1117538957#3,restaurant|subway_entrance|bus_stop,,465.5082521847807,644.8780924026132,37.49732530507706,127.02609663221197,1585.0,283.0,taxi_29,picked
dyn_pax_529,1302.0,2026-07-03 09:21:42,-913950883#1,residential|company|restaurant,,391.36286393582424,840.6655979518604,37.49907500229157,127.0252118555046,1512.0,210.0,taxi_respawn_4,picked
dyn_pax_530,1304.0,2026-07-03 09:21:44,178441450#1,residential|company|restaurant|bus_stop,,282.90243066757296,609.4157395563556,37.496971320837204,127.02404044855805,1513.0,209.0,taxi_8,picked
dyn_pax_531,1304.0,2026-07-03 09:21:44,-417933646#1,residential|restaurant,,826.6019869456061,577.8075382253838,37.49678928421788,127.03019516859905,1364.0,60.0,taxi_36,picked
dyn_pax_532,1310.0,2026-07-03 09:21:50,-506191135#2,residential|bus_stop,,236.19733776439384,769.6838415951818,37.49840622577806,127.02347432089968,,,,timeout
dyn_pax_533,1311.0,2026-07-03 09:21:51,-504509918#2,company|restaurant|bus_stop,,398.9694242295193,827.4758220967593,37.49895762305832,127.02530099003066,1591.0,280.0,taxi_5,picked
dyn_pax_534,1313.0,2026-07-03 09:21:53,1229817205#0,company|subway_entrance|bus_stop,,599.2457558679199,652.2907550986157,37.497417346160496,127.02760695963683,,,,timeout
dyn_pax_535,1314.0,2026-07-03 09:21:54,375049565#6,restaurant|subway_entrance|bus_stop,,789.5153251748014,798.8522330112556,37.49877353199428,127.02972351946808,,,,timeout
dyn_pax_536,1319.0,2026-07-03 09:21:59,-542367267#1,bus_stop,,247.51018316686128,1414.7184918773391,37.504219024473855,127.02344900430944,1357.0,38.0,taxi_respawn_24,picked
dyn_pax_537,1320.0,2026-07-03 09:22:00,506191135#3,residential|company|restaurant|bus_stop,,238.79972345576414,789.4714057742513,37.49858497042428,127.023499044737,1789.0,469.0,taxi_respawn_14,picked
dyn_pax_538,1325.0,2026-07-03 09:22:05,1229817205#0,company|subway_entrance|bus_stop,,599.2457558679199,652.2907550986157,37.497417346160496,127.02760695963683,,,,timeout
dyn_pax_539,1327.0,2026-07-03 09:22:07,178441450#1,residential|company|restaurant|bus_stop,,282.90243066757296,609.4157395563556,37.496971320837204,127.02404044855805,1674.0,347.0,taxi_8,picked
dyn_pax_540,1328.0,2026-07-03 09:22:08,178441450#1,residential|company|restaurant|bus_stop,,282.90243066757296,609.4157395563556,37.496971320837204,127.02404044855805,1764.0,436.0,taxi_31,picked
dyn_pax_541,1331.0,2026-07-03 09:22:11,218864491#0,restaurant|bus_stop,,769.9803916976219,760.1217113917903,37.49842094941813,127.02951181742357,1819.0,488.0,taxi_respawn_33,picked
dyn_pax_542,1333.0,2026-07-03 09:22:13,-506191135#22,residential|company|restaurant|bus_stop,,38.693950105848444,1321.9513167019495,37.50334380565249,127.02110990869835,1645.0,312.0,taxi_13,picked
dyn_pax_543,1334.0,2026-07-03 09:22:14,218873820#0,restaurant|subway_entrance|bus_stop,,628.9829311132032,562.4061665928522,37.49661325243901,127.02796447999128,,,,timeout
dyn_pax_544,1336.0,2026-07-03 09:22:16,1376141183#0,bus_stop,,548.2528111146681,901.2117688498424,37.49965007283687,127.02697139402301,1425.0,89.0,taxi_35,picked
dyn_pax_545,1340.0,2026-07-03 09:22:20,521766180#1,company|restaurant|bus_stop,,466.73410130235357,1169.2838037446552,37.502049542882666,127.02598608796039,2291.0,951.0,taxi_33,picked
dyn_pax_546,1340.0,2026-07-03 09:22:20,129731857#1,residential|restaurant,,656.8212873140518,799.6615847813327,37.498755780674834,127.02822301071001,,,,timeout
dyn_pax_547,1342.0,2026-07-03 09:22:22,-504509918#2,company|restaurant|bus_stop,,398.9694242295193,827.4758220967593,37.49895762305832,127.02530099003066,1596.0,254.0,taxi_respawn_30,picked
dyn_pax_548,1343.0,2026-07-03 09:22:23,1229817205#0,company|subway_entrance|bus_stop,,599.2457558679199,652.2907550986157,37.497417346160496,127.02760695963683,,,,timeout
dyn_pax_549,1345.0,2026-07-03 09:22:25,975332778#1,bus_stop,,681.6099970732737,721.9380561808346,37.49806030190971,127.02852170075586,,,,timeout
dyn_pax_550,1347.0,2026-07-03 09:22:27,1117538957#3,restaurant|subway_entrance|bus_stop,,465.5082521847807,644.8780924026132,37.49732530507706,127.02609663221197,1767.0,420.0,taxi_9,picked
dyn_pax_551,1347.0,2026-07-03 09:22:27,129731859#4,restaurant,,948.3176585840322,968.5888771831698,37.50033252074231,127.03147887955224,1467.0,120.0,taxi_respawn_25,picked
dyn_pax_552,1348.0,2026-07-03 09:22:28,521770119#0,restaurant|bus_stop,,548.9831206778387,935.1148840516827,37.499955620541705,127.02697161236954,,,,timeout
dyn_pax_553,1350.0,2026-07-03 09:22:30,375049565#6,restaurant|subway_entrance|bus_stop,,789.5153251748014,798.8522330112556,37.49877353199428,127.02972351946808,1908.0,558.0,taxi_17,picked
dyn_pax_554,1351.0,2026-07-03 09:22:31,506191135#3,residential|company|restaurant|bus_stop,,238.79972345576414,789.4714057742513,37.49858497042428,127.023499044737,,,,timeout
dyn_pax_555,1353.0,2026-07-03 09:22:33,494824662#3,company|restaurant|subway_entrance,,729.424850252167,406.6843378518681,37.49522941823122,127.02913698209235,1446.0,93.0,taxi_respawn_18,picked
dyn_pax_556,1354.0,2026-07-03 09:22:34,1117538958#3,bus_stop,,160.18899290588462,540.6019911995099,37.49632820280781,127.02266936696756,1452.0,98.0,taxi_1,picked
dyn_pax_557,1356.0,2026-07-03 09:22:36,1376141182#0,bus_stop,,385.7154046370183,1301.0311255965628,37.50322104370192,127.02503873135461,,,,timeout
dyn_pax_558,1357.0,2026-07-03 09:22:37,-542367267#1,bus_stop,,247.51018316686128,1414.7184918773391,37.504219024473855,127.02344900430944,1446.0,89.0,taxi_respawn_11,picked
dyn_pax_559,1359.0,2026-07-03 09:22:39,521770116#2,company|restaurant|bus_stop,,432.3182248087171,1108.514093563608,37.50149560521279,127.02561136613096,1562.0,203.0,taxi_48,picked
dyn_pax_560,1360.0,2026-07-03 09:22:40,521766180#1,company|restaurant|bus_stop,,466.73410130235357,1169.2838037446552,37.502049542882666,127.02598608796039,1652.0,292.0,taxi_respawn_24,picked
dyn_pax_561,1362.0,2026-07-03 09:22:42,521766175#3,company|restaurant|subway_entrance|bus_stop,,373.6701172395771,1298.610217621072,37.50319695740621,127.02490310718325,1808.0,446.0,taxi_44,picked
dyn_pax_562,1363.0,2026-07-03 09:22:43,521766182#1,company|restaurant|subway_entrance,,681.695169875507,539.6867345716422,37.496418539503196,127.02856584056028,1406.0,43.0,taxi_24,picked
dyn_pax_563,1365.0,2026-07-03 09:22:45,375049565#6,restaurant|subway_entrance|bus_stop,,789.5153251748014,798.8522330112556,37.49877353199428,127.02972351946808,,,,timeout
dyn_pax_564,1368.0,2026-07-03 09:22:48,218873820#0,restaurant|subway_entrance|bus_stop,,628.9829311132032,562.4061665928522,37.49661325243901,127.02796447999128,,,,timeout
dyn_pax_565,1371.0,2026-07-03 09:22:51,375049565#6,restaurant|subway_entrance|bus_stop,,789.5153251748014,798.8522330112556,37.49877353199428,127.02972351946808,,,,timeout
dyn_pax_566,1373.0,2026-07-03 09:22:53,218877837#2,company|restaurant|bus_stop,,479.4555212141038,978.0213907550284,37.500328997763305,127.02617530290202,1648.0,275.0,taxi_respawn_22,picked
dyn_pax_567,1374.0,2026-07-03 09:22:54,-542367267#1,bus_stop,,247.51018316686128,1414.7184918773391,37.504219024473855,127.02344900430944,1464.0,90.0,taxi_12,picked
dyn_pax_568,1376.0,2026-07-03 09:22:56,520307304#0,school|subway_entrance|bus_stop,,602.6035134310263,763.145495629718,37.498416594724866,127.02761864854104,,,,timeout
dyn_pax_569,1377.0,2026-07-03 09:22:57,506191135#3,residential|company|restaurant|bus_stop,,238.79972345576414,789.4714057742513,37.49858497042428,127.023499044737,1881.0,504.0,taxi_30,picked
dyn_pax_570,1380.0,2026-07-03 09:23:00,1229817205#0,company|subway_entrance|bus_stop,,599.2457558679199,652.2907550986157,37.497417346160496,127.02760695963683,,,,timeout
dyn_pax_571,1380.0,2026-07-03 09:23:00,805827757#0,restaurant,,762.3138727549854,912.1862152730512,37.49978934916138,127.02938912364917,1649.0,269.0,taxi_respawn_33,picked
dyn_pax_572,1382.0,2026-07-03 09:23:02,-541692164#2,subway_entrance,,317.7122087179151,1441.0296574375257,37.504469327730426,127.0242365566347,1558.0,176.0,taxi_2,picked
dyn_pax_573,1385.0,2026-07-03 09:23:05,178441450#1,residential|company|restaurant|bus_stop,,282.90243066757296,609.4157395563556,37.496971320837204,127.02404044855805,1737.0,352.0,taxi_respawn_8,picked
dyn_pax_574,1386.0,2026-07-03 09:23:06,218864491#0,restaurant|bus_stop,,769.9803916976219,760.1217113917903,37.49842094941813,127.02951181742357,,,,timeout
dyn_pax_575,1389.0,2026-07-03 09:23:09,506191135#3,residential|company|restaurant|bus_stop,,238.79972345576414,789.4714057742513,37.49858497042428,127.023499044737,,,,timeout
dyn_pax_576,1391.0,2026-07-03 09:23:11,-542367267#1,bus_stop,,247.51018316686128,1414.7184918773391,37.504219024473855,127.02344900430944,1477.0,86.0,taxi_respawn_26,picked
dyn_pax_577,1392.0,2026-07-03 09:23:12,-504509918#2,company|restaurant|bus_stop,,398.9694242295193,827.4758220967593,37.49895762305832,127.02530099003066,1678.0,286.0,taxi_1,picked
dyn_pax_578,1394.0,2026-07-03 09:23:14,178441450#1,residential|company|restaurant|bus_stop,,282.90243066757296,609.4157395563556,37.496971320837204,127.02404044855805,1747.0,353.0,taxi_43,picked
dyn_pax_579,1396.0,2026-07-03 09:23:16,521770119#1,restaurant|bus_stop,,527.3115514435282,995.8620162900467,37.50049875494786,127.02671217090477,,,,timeout
dyn_pax_580,1397.0,2026-07-03 09:23:17,-506191135#2,residential|bus_stop,,236.19733776439384,769.6838415951818,37.49840622577806,127.02347432089968,,,,timeout
dyn_pax_581,1399.0,2026-07-03 09:23:19,1229817205#0,company|subway_entrance|bus_stop,,599.2457558679199,652.2907550986157,37.497417346160496,127.02760695963683,,,,timeout
dyn_pax_582,1400.0,2026-07-03 09:23:20,218857636#1,residential|company|restaurant|bus_stop,,297.92905089287035,623.2061345250047,37.49709839153085,127.02420706961871,1812.0,412.0,taxi_1,picked
dyn_pax_583,1403.0,2026-07-03 09:23:23,375049565#6,restaurant|subway_entrance|bus_stop,,789.5153251748014,798.8522330112556,37.49877353199428,127.02972351946808,1954.0,551.0,taxi_34,picked
dyn_pax_584,1405.0,2026-07-03 09:23:25,480850873,company|restaurant|bus_stop,,548.1935052770749,708.5896639848544,37.49791486187585,127.0270163956136,,,,timeout
dyn_pax_585,1405.0,2026-07-03 09:23:25,-129731858#3,restaurant,,760.2046779472714,898.6469063162286,37.49966698472747,127.02936848203807,1498.0,93.0,taxi_respawn_7,picked
dyn_pax_586,1406.0,2026-07-03 09:23:26,541692164#1,subway_entrance,,271.6277521231475,1406.6420105391767,37.5041508337347,127.02372362926798,1544.0,138.0,taxi_31,picked
dyn_pax_587,1409.0,2026-07-03 09:23:29,218864491#0,restaurant|bus_stop,,769.9803916976219,760.1217113917903,37.49842094941813,127.02951181742357,,,,timeout
dyn_pax_588,1411.0,2026-07-03 09:23:31,375049565#6,restaurant|subway_entrance|bus_stop,,789.5153251748014,798.8522330112556,37.49877353199428,127.02972351946808,,,,timeout
dyn_pax_589,1412.0,2026-07-03 09:23:32,1376141182#0,bus_stop,,385.7154046370183,1301.0311255965628,37.50322104370192,127.02503873135461,,,,timeout
dyn_pax_590,1413.0,2026-07-03 09:23:33,129731859#0,restaurant,,636.6446621144157,858.1896913104493,37.49927921090336,127.0279810114602,,,,timeout
dyn_pax_591,1414.0,2026-07-03 09:23:34,-542367267#1,bus_stop,,247.51018316686128,1414.7184918773391,37.504219024473855,127.02344900430944,1491.0,77.0,taxi_37,picked
dyn_pax_592,1417.0,2026-07-03 09:23:37,218873820#0,restaurant|subway_entrance|bus_stop,,628.9829311132032,562.4061665928522,37.49661325243901,127.02796447999128,,,,timeout
dyn_pax_593,1423.0,2026-07-03 09:23:43,480850873,company|restaurant|bus_stop,,548.1935052770749,708.5896639848544,37.49791486187585,127.0270163956136,1929.0,506.0,taxi_respawn_8,picked
dyn_pax_594,1425.0,2026-07-03 09:23:45,521770119#0,restaurant|bus_stop,,548.9831206778387,935.1148840516827,37.499955620541705,127.02697161236954,,,,timeout
dyn_pax_595,1426.0,2026-07-03 09:23:46,417933642#0,restaurant|bus_stop,,1041.0954363710525,463.30841921497654,37.49579826441859,127.03264736696761,1820.0,394.0,taxi_respawn_2,picked
dyn_pax_596,1428.0,2026-07-03 09:23:48,129731720#0,residential|company|restaurant,,292.10678712231254,1113.150773394943,37.50151085547559,127.02402489828896,1526.0,98.0,taxi_20,picked
dyn_pax_597,1429.0,2026-07-03 09:23:49,1229817205#1,residential|bus_stop,,631.6400080768872,572.7061575261558,37.49670653972221,127.02799208080955,1482.0,53.0,taxi_45,picked
dyn_pax_598,1432.0,2026-07-03 09:23:52,375049565#6,restaurant|subway_entrance|bus_stop,,789.5153251748014,798.8522330112556,37.49877353199428,127.02972351946808,,,,timeout
dyn_pax_599,1434.0,2026-07-03 09:23:54,521766182#1,company|restaurant|subway_entrance,,681.695169875507,539.6867345716422,37.496418539503196,127.02856584056028,1475.0,41.0,taxi_respawn_2,picked
dyn_pax_600,1435.0,2026-07-03 09:23:55,218857636#1,residential|company|restaurant|bus_stop,,297.92905089287035,623.2061345250047,37.49709839153085,127.02420706961871,,,,timeout
dyn_pax_601,1437.0,2026-07-03 09:23:57,521766180#1,company|restaurant|bus_stop,,466.73410130235357,1169.2838037446552,37.502049542882666,127.02598608796039,1645.0,208.0,taxi_16,picked
dyn_pax_602,1438.0,2026-07-03 09:23:58,1117538958#3,bus_stop,,160.18899290588462,540.6019911995099,37.49632820280781,127.02266936696756,1566.0,128.0,taxi_respawn_29,picked
dyn_pax_603,1440.0,2026-07-03 09:24:00,1117538957#3,restaurant|subway_entrance|bus_stop,,465.5082521847807,644.8780924026132,37.49732530507706,127.02609663221197,1807.0,367.0,taxi_41,picked
dyn_pax_604,1443.0,2026-07-03 09:24:03,-417933645#2,company|restaurant|subway_entrance,,701.1658676593129,719.5455833044954,37.49804244093877,127.02874337560036,1796.0,353.0,taxi_26,picked
dyn_pax_605,1445.0,2026-07-03 09:24:05,521770119#0,restaurant|bus_stop,,548.9831206778387,935.1148840516827,37.499955620541705,127.02697161236954,,,,timeout
dyn_pax_606,1446.0,2026-07-03 09:24:06,-506191135#22,residential|company|restaurant|bus_stop,,38.693950105848444,1321.9513167019495,37.50334380565249,127.02110990869835,1707.0,261.0,taxi_25,picked
dyn_pax_607,1448.0,2026-07-03 09:24:08,480850873,company|restaurant|bus_stop,,548.1935052770749,708.5896639848544,37.49791486187585,127.0270163956136,,,,timeout
dyn_pax_608,1451.0,2026-07-03 09:24:11,1117538958#3,bus_stop,,160.18899290588462,540.6019911995099,37.49632820280781,127.02266936696756,1644.0,193.0,taxi_47,picked
dyn_pax_609,1454.0,2026-07-03 09:24:14,1229817205#1,residential|bus_stop,,631.6400080768872,572.7061575261558,37.49670653972221,127.02799208080955,1716.0,262.0,taxi_28,picked
dyn_pax_610,1457.0,2026-07-03 09:24:17,-542367267#1,bus_stop,,247.51018316686128,1414.7184918773391,37.504219024473855,127.02344900430944,1545.0,88.0,taxi_26,picked
dyn_pax_611,1458.0,2026-07-03 09:24:18,521770116#2,company|restaurant|bus_stop,,432.3182248087171,1108.514093563608,37.50149560521279,127.02561136613096,1654.0,196.0,taxi_41,picked
dyn_pax_612,1460.0,2026-07-03 09:24:20,1229817205#0,company|subway_entrance|bus_stop,,599.2457558679199,652.2907550986157,37.497417346160496,127.02760695963683,,,,timeout
dyn_pax_613,1461.0,2026-07-03 09:24:21,178441450#1,residential|company|restaurant|bus_stop,,282.90243066757296,609.4157395563556,37.496971320837204,127.02404044855805,1855.0,394.0,taxi_22,picked
dyn_pax_614,1463.0,2026-07-03 09:24:23,218873820#0,restaurant|subway_entrance|bus_stop,,628.9829311132032,562.4061665928522,37.49661325243901,127.02796447999128,,,,timeout
dyn_pax_615,1466.0,2026-07-03 09:24:26,523141074#0,company|restaurant|subway_entrance,,524.0338794858329,871.4890157117229,37.4993777454413,127.02670460634431,1541.0,75.0,taxi_respawn_8,picked
dyn_pax_616,1468.0,2026-07-03 09:24:28,375049565#6,restaurant|subway_entrance|bus_stop,,789.5153251748014,798.8522330112556,37.49877353199428,127.02972351946808,,,,timeout
dyn_pax_617,1471.0,2026-07-03 09:24:31,-417933645#2,company|restaurant|subway_entrance,,701.1658676593129,719.5455833044954,37.49804244093877,127.02874337560036,1925.0,454.0,taxi_25,picked
dyn_pax_618,1474.0,2026-07-03 09:24:34,521770119#1,restaurant|bus_stop,,527.3115514435282,995.8620162900467,37.50049875494786,127.02671217090477,,,,timeout
dyn_pax_619,1475.0,2026-07-03 09:24:35,375049565#6,restaurant|subway_entrance|bus_stop,,789.5153251748014,798.8522330112556,37.49877353199428,127.02972351946808,,,,timeout
dyn_pax_620,1477.0,2026-07-03 09:24:37,1376141182#0,bus_stop,,385.7154046370183,1301.0311255965628,37.50322104370192,127.02503873135461,2192.0,715.0,taxi_29,picked
dyn_pax_621,1478.0,2026-07-03 09:24:38,523141074#0,company|restaurant|subway_entrance,,524.0338794858329,871.4890157117229,37.4993777454413,127.02670460634431,1584.0,106.0,taxi_44,picked
dyn_pax_622,1480.0,2026-07-03 09:24:40,1229817205#1,residential|bus_stop,,631.6400080768872,572.7061575261558,37.49670653972221,127.02799208080955,1529.0,49.0,taxi_10,picked
dyn_pax_623,1481.0,2026-07-03 09:24:41,480850873,company|restaurant|bus_stop,,548.1935052770749,708.5896639848544,37.49791486187585,127.0270163956136,,,,timeout
dyn_pax_624,1481.0,2026-07-03 09:24:41,309155295#1,restaurant,,764.2225196982893,558.1760304781078,37.4966006705371,127.0294945363528,1498.0,17.0,taxi_34,picked
dyn_pax_625,1484.0,2026-07-03 09:24:44,-541692164#2,subway_entrance,,317.7122087179151,1441.0296574375257,37.504469327730426,127.0242365566347,2029.0,545.0,taxi_8,picked
dyn_pax_626,1486.0,2026-07-03 09:24:46,523141074#0,company|restaurant|subway_entrance,,524.0338794858329,871.4890157117229,37.4993777454413,127.02670460634431,1646.0,160.0,taxi_14,picked
dyn_pax_627,1494.0,2026-07-03 09:24:54,494824662#3,company|restaurant|subway_entrance,,729.424850252167,406.6843378518681,37.49522941823122,127.02913698209235,1666.0,172.0,taxi_7,picked
dyn_pax_628,1495.0,2026-07-03 09:24:55,480850873,company|restaurant|bus_stop,,548.1935052770749,708.5896639848544,37.49791486187585,127.0270163956136,,,,timeout
dyn_pax_629,1497.0,2026-07-03 09:24:57,521766175#3,company|restaurant|subway_entrance|bus_stop,,373.6701172395771,1298.610217621072,37.50319695740621,127.02490310718325,1917.0,420.0,taxi_28,picked
dyn_pax_630,1498.0,2026-07-03 09:24:58,480850873,company|restaurant|bus_stop,,548.1935052770749,708.5896639848544,37.49791486187585,127.0270163956136,,,,timeout
dyn_pax_631,1498.0,2026-07-03 09:24:58,521770116#2,company|restaurant|bus_stop,,432.3182248087171,1108.514093563608,37.50149560521279,127.02561136613096,1540.0,42.0,taxi_27,picked
dyn_pax_632,1501.0,2026-07-03 09:25:01,-506191135#2,residential|bus_stop,,236.19733776439384,769.6838415951818,37.49840622577806,127.02347432089968,1922.0,421.0,taxi_18,picked
dyn_pax_633,1503.0,2026-07-03 09:25:03,-417933645#2,company|restaurant|subway_entrance,,701.1658676593129,719.5455833044954,37.49804244093877,127.02874337560036,1985.0,482.0,taxi_respawn_7,picked
dyn_pax_634,1504.0,2026-07-03 09:25:04,1376141183#0,bus_stop,,548.2528111146681,901.2117688498424,37.49965007283687,127.02697139402301,1889.0,385.0,taxi_respawn_19,picked
dyn_pax_635,1506.0,2026-07-03 09:25:06,975332778#1,bus_stop,,681.6099970732737,721.9380561808346,37.49806030190971,127.02852170075586,1913.0,407.0,taxi_respawn_11,picked
dyn_pax_636,1507.0,2026-07-03 09:25:07,-504509918#2,company|restaurant|bus_stop,,398.9694242295193,827.4758220967593,37.49895762305832,127.02530099003066,1768.0,261.0,taxi_respawn_9,picked
dyn_pax_637,1509.0,2026-07-03 09:25:09,506191135#3,residential|company|restaurant|bus_stop,,238.79972345576414,789.4714057742513,37.49858497042428,127.023499044737,,,,timeout
dyn_pax_638,1510.0,2026-07-03 09:25:10,521770119#0,restaurant|bus_stop,,548.9831206778387,935.1148840516827,37.499955620541705,127.02697161236954,,,,timeout
dyn_pax_639,1512.0,2026-07-03 09:25:12,975332778#1,bus_stop,,681.6099970732737,721.9380561808346,37.49806030190971,127.02852170075586,,,,timeout
dyn_pax_640,1513.0,2026-07-03 09:25:13,494824662#3,company|restaurant|subway_entrance,,729.424850252167,406.6843378518681,37.49522941823122,127.02913698209235,1731.0,218.0,taxi_respawn_25,picked
dyn_pax_641,1515.0,2026-07-03 09:25:15,218873820#0,restaurant|subway_entrance|bus_stop,,628.9829311132032,562.4061665928522,37.49661325243901,127.02796447999128,,,,timeout
dyn_pax_642,1517.0,2026-07-03 09:25:17,375049565#6,restaurant|subway_entrance|bus_stop,,789.5153251748014,798.8522330112556,37.49877353199428,127.02972351946808,,,,timeout
dyn_pax_643,1518.0,2026-07-03 09:25:18,-541692164#2,subway_entrance,,317.7122087179151,1441.0296574375257,37.504469327730426,127.0242365566347,1937.0,419.0,taxi_27,picked
dyn_pax_644,1520.0,2026-07-03 09:25:20,1117538957#3,restaurant|subway_entrance|bus_stop,,465.5082521847807,644.8780924026132,37.49732530507706,127.02609663221197,1861.0,341.0,taxi_respawn_6,picked
dyn_pax_645,1521.0,2026-07-03 09:25:21,1117538958#3,bus_stop,,160.18899290588462,540.6019911995099,37.49632820280781,127.02266936696756,1676.0,155.0,taxi_45,picked
dyn_pax_646,1523.0,2026-07-03 09:25:23,218857636#1,residential|company|restaurant|bus_stop,,297.92905089287035,623.2061345250047,37.49709839153085,127.02420706961871,,,,timeout
dyn_pax_647,1524.0,2026-07-03 09:25:24,-506191135#22,residential|company|restaurant|bus_stop,,38.693950105848444,1321.9513167019495,37.50334380565249,127.02110990869835,1767.0,243.0,taxi_30,picked
dyn_pax_648,1526.0,2026-07-03 09:25:26,521766182#1,company|restaurant|subway_entrance,,681.695169875507,539.6867345716422,37.496418539503196,127.02856584056028,1549.0,23.0,taxi_respawn_35,picked
dyn_pax_649,1527.0,2026-07-03 09:25:27,-541692164#2,subway_entrance,,317.7122087179151,1441.0296574375257,37.504469327730426,127.0242365566347,,,,timeout
dyn_pax_650,1529.0,2026-07-03 09:25:29,521770119#0,restaurant|bus_stop,,548.9831206778387,935.1148840516827,37.499955620541705,127.02697161236954,,,,timeout
dyn_pax_651,1532.0,2026-07-03 09:25:32,1117538957#3,restaurant|subway_entrance|bus_stop,,465.5082521847807,644.8780924026132,37.49732530507706,127.02609663221197,1909.0,377.0,taxi_respawn_15,picked
dyn_pax_652,1533.0,2026-07-03 09:25:33,520307304#0,school|subway_entrance|bus_stop,,602.6035134310263,763.145495629718,37.498416594724866,127.02761864854104,,,,timeout
dyn_pax_653,1534.0,2026-07-03 09:25:34,-542367267#0,company,,179.75773525047865,1390.7576253945435,37.50399035207237,127.02268859703804,1673.0,139.0,taxi_respawn_14,picked
dyn_pax_654,1535.0,2026-07-03 09:25:35,521770116#2,company|restaurant|bus_stop,,432.3182248087171,1108.514093563608,37.50149560521279,127.02561136613096,1660.0,125.0,taxi_respawn_10,picked
dyn_pax_655,1536.0,2026-07-03 09:25:36,417933642#0,restaurant|bus_stop,,1041.0954363710525,463.30841921497654,37.49579826441859,127.03264736696761,1903.0,367.0,taxi_respawn_12,picked
dyn_pax_656,1541.0,2026-07-03 09:25:41,305539406,company|restaurant|subway_entrance,,566.389495917364,736.5285064605782,37.49816998085155,127.02721550408178,1678.0,137.0,taxi_48,picked
dyn_pax_657,1543.0,2026-07-03 09:25:43,-541692164#2,subway_entrance,,317.7122087179151,1441.0296574375257,37.504469327730426,127.0242365566347,,,,timeout
dyn_pax_658,1544.0,2026-07-03 09:25:44,218873820#0,restaurant|subway_entrance|bus_stop,,628.9829311132032,562.4061665928522,37.49661325243901,127.02796447999128,,,,timeout
dyn_pax_659,1544.0,2026-07-03 09:25:44,-541692164#2,subway_entrance,,317.7122087179151,1441.0296574375257,37.504469327730426,127.0242365566347,,,,timeout
dyn_pax_660,1546.0,2026-07-03 09:25:46,218864491#0,restaurant|bus_stop,,769.9803916976219,760.1217113917903,37.49842094941813,127.02951181742357,,,,timeout
dyn_pax_661,1547.0,2026-07-03 09:25:47,523141074#0,company|restaurant|subway_entrance,,524.0338794858329,871.4890157117229,37.4993777454413,127.02670460634431,1671.0,124.0,taxi_19,picked
dyn_pax_662,1549.0,2026-07-03 09:25:49,218873820#0,restaurant|subway_entrance|bus_stop,,628.9829311132032,562.4061665928522,37.49661325243901,127.02796447999128,,,,timeout
dyn_pax_663,1550.0,2026-07-03 09:25:50,494824662#3,company|restaurant|subway_entrance,,729.424850252167,406.6843378518681,37.49522941823122,127.02913698209235,2016.0,466.0,taxi_31,picked
dyn_pax_664,1551.0,2026-07-03 09:25:51,-417933645#1,restaurant,,753.9829961438405,551.6859834676363,37.49654027420169,127.02938030242663,1623.0,72.0,taxi_respawn_2,picked
dyn_pax_665,1553.0,2026-07-03 09:25:53,521766175#1,company|restaurant|subway_entrance,,332.9365590021661,1411.5585828157227,37.504206724109,127.02441570308932,,,,timeout
dyn_pax_666,1555.0,2026-07-03 09:25:55,1117538957#3,restaurant|subway_entrance|bus_stop,,465.5082521847807,644.8780924026132,37.49732530507706,127.02609663221197,1900.0,345.0,taxi_respawn_13,picked
dyn_pax_667,1556.0,2026-07-03 09:25:56,1117538957#3,restaurant|subway_entrance|bus_stop,,465.5082521847807,644.8780924026132,37.49732530507706,127.02609663221197,2090.0,534.0,taxi_42,picked
dyn_pax_668,1559.0,2026-07-03 09:25:59,218873820#0,restaurant|subway_entrance|bus_stop,,628.9829311132032,562.4061665928522,37.49661325243901,127.02796447999128,,,,timeout
dyn_pax_669,1561.0,2026-07-03 09:26:01,1376141182#0,bus_stop,,385.7154046370183,1301.0311255965628,37.50322104370192,127.02503873135461,2276.0,715.0,taxi_respawn_14,picked
dyn_pax_670,1564.0,2026-07-03 09:26:04,-542367267#1,bus_stop,,247.51018316686128,1414.7184918773391,37.504219024473855,127.02344900430944,1643.0,79.0,taxi_49,picked
dyn_pax_671,1566.0,2026-07-03 09:26:06,1229817205#0,company|subway_entrance|bus_stop,,599.2457558679199,652.2907550986157,37.497417346160496,127.02760695963683,2159.0,593.0,taxi_49,picked
dyn_pax_672,1567.0,2026-07-03 09:26:07,521766180#1,company|restaurant|bus_stop,,466.73410130235357,1169.2838037446552,37.502049542882666,127.02598608796039,1657.0,90.0,taxi_18,picked
dyn_pax_673,1570.0,2026-07-03 09:26:10,521770119#1,restaurant|bus_stop,,527.3115514435282,995.8620162900467,37.50049875494786,127.02671217090477,,,,timeout
dyn_pax_674,1575.0,2026-07-03 09:26:15,521770119#0,restaurant|bus_stop,,548.9831206778387,935.1148840516827,37.499955620541705,127.02697161236954,,,,timeout
dyn_pax_675,1576.0,2026-07-03 09:26:16,1117538957#3,restaurant|subway_entrance|bus_stop,,465.5082521847807,644.8780924026132,37.49732530507706,127.02609663221197,2106.0,530.0,taxi_3,picked
dyn_pax_676,1578.0,2026-07-03 09:26:18,494824662#3,company|restaurant|subway_entrance,,729.424850252167,406.6843378518681,37.49522941823122,127.02913698209235,,,,timeout
dyn_pax_677,1579.0,2026-07-03 09:26:19,-506191135#2,residential|bus_stop,,236.19733776439384,769.6838415951818,37.49840622577806,127.02347432089968,1994.0,415.0,taxi_respawn_33,picked
dyn_pax_678,1581.0,2026-07-03 09:26:21,521770119#0,restaurant|bus_stop,,548.9831206778387,935.1148840516827,37.499955620541705,127.02697161236954,,,,timeout
dyn_pax_679,1582.0,2026-07-03 09:26:22,1117538957#3,restaurant|subway_entrance|bus_stop,,465.5082521847807,644.8780924026132,37.49732530507706,127.02609663221197,,,,timeout
dyn_pax_680,1584.0,2026-07-03 09:26:24,1376141182#0,bus_stop,,385.7154046370183,1301.0311255965628,37.50322104370192,127.02503873135461,,,,timeout
dyn_pax_681,1587.0,2026-07-03 09:26:27,1229817205#0,company|subway_entrance|bus_stop,,599.2457558679199,652.2907550986157,37.497417346160496,127.02760695963683,,,,timeout
dyn_pax_682,1587.0,2026-07-03 09:26:27,218857636#1,residential|company|restaurant|bus_stop,,297.92905089287035,623.2061345250047,37.49709839153085,127.02420706961871,,,,timeout
dyn_pax_683,1589.0,2026-07-03 09:26:29,218873820#0,restaurant|subway_entrance|bus_stop,,628.9829311132032,562.4061665928522,37.49661325243901,127.02796447999128,,,,timeout
dyn_pax_684,1592.0,2026-07-03 09:26:32,417933642#0,restaurant|bus_stop,,1041.0954363710525,463.30841921497654,37.49579826441859,127.03264736696761,2079.0,487.0,taxi_respawn_30,picked
dyn_pax_685,1593.0,2026-07-03 09:26:33,178441450#1,residential|company|restaurant|bus_stop,,282.90243066757296,609.4157395563556,37.496971320837204,127.02404044855805,1945.0,352.0,taxi_4,picked
dyn_pax_686,1595.0,2026-07-03 09:26:35,541692164#1,subway_entrance,,271.6277521231475,1406.6420105391767,37.5041508337347,127.02372362926798,1673.0,78.0,taxi_respawn_21,picked
dyn_pax_687,1598.0,2026-07-03 09:26:38,375049565#6,restaurant|subway_entrance|bus_stop,,789.5153251748014,798.8522330112556,37.49877353199428,127.02972351946808,2085.0,487.0,taxi_respawn_13,picked
dyn_pax_688,1599.0,2026-07-03 09:26:39,1117538957#3,restaurant|subway_entrance|bus_stop,,465.5082521847807,644.8780924026132,37.49732530507706,127.02609663221197,,,,timeout
dyn_pax_689,1602.0,2026-07-03 09:26:42,-504509918#2,company|restaurant|bus_stop,,398.9694242295193,827.4758220967593,37.49895762305832,127.02530099003066,1763.0,161.0,taxi_respawn_30,picked
dyn_pax_690,1604.0,2026-07-03 09:26:44,375049565#6,restaurant|subway_entrance|bus_stop,,789.5153251748014,798.8522330112556,37.49877353199428,127.02972351946808,2050.0,446.0,taxi_respawn_12,picked
dyn_pax_691,1605.0,2026-07-03 09:26:45,975332778#1,bus_stop,,681.6099970732737,721.9380561808346,37.49806030190971,127.02852170075586,,,,timeout
dyn_pax_692,1607.0,2026-07-03 09:26:47,178441450#1,residential|company|restaurant|bus_stop,,282.90243066757296,609.4157395563556,37.496971320837204,127.02404044855805,1989.0,382.0,taxi_respawn_9,picked
dyn_pax_693,1607.0,2026-07-03 09:26:47,-256787796#8,restaurant,,666.7735412908731,765.3811461974922,37.49844885044044,127.02834365925706,1926.0,319.0,taxi_12,picked
dyn_pax_694,1608.0,2026-07-03 09:26:48,1117538957#3,restaurant|subway_entrance|bus_stop,,465.5082521847807,644.8780924026132,37.49732530507706,127.02609663221197,,,,timeout
dyn_pax_695,1612.0,2026-07-03 09:26:52,506191135#3,residential|company|restaurant|bus_stop,,238.79972345576414,789.4714057742513,37.49858497042428,127.023499044737,,,,timeout
dyn_pax_696,1613.0,2026-07-03 09:26:53,523141074#0,company|restaurant|subway_entrance,,524.0338794858329,871.4890157117229,37.4993777454413,127.02670460634431,1677.0,64.0,taxi_respawn_12,picked
dyn_pax_697,1616.0,2026-07-03 09:26:56,1117538957#3,restaurant|subway_entrance|bus_stop,,465.5082521847807,644.8780924026132,37.49732530507706,127.02609663221197,,,,timeout
dyn_pax_698,1619.0,2026-07-03 09:26:59,1229817205#0,company|subway_entrance|bus_stop,,599.2457558679199,652.2907550986157,37.497417346160496,127.02760695963683,,,,timeout
dyn_pax_699,1622.0,2026-07-03 09:27:02,-541692164#2,subway_entrance,,317.7122087179151,1441.0296574375257,37.504469327730426,127.0242365566347,2080.0,458.0,taxi_respawn_2,picked
dyn_pax_700,1624.0,2026-07-03 09:27:04,-417933645#2,company|restaurant|subway_entrance,,701.1658676593129,719.5455833044954,37.49804244093877,127.02874337560036,,,,timeout
dyn_pax_701,1627.0,2026-07-03 09:27:07,521766175#1,company|restaurant|subway_entrance,,332.9365590021661,1411.5585828157227,37.504206724109,127.02441570308932,2176.0,549.0,taxi_28,picked
dyn_pax_702,1627.0,2026-07-03 09:27:07,309155295#2,restaurant,,836.915506927576,584.1196133409687,37.49684809051661,127.03031028233906,1678.0,51.0,taxi_34,picked
dyn_pax_703,1628.0,2026-07-03 09:27:08,-506191135#2,residential|bus_stop,,236.19733776439384,769.6838415951818,37.49840622577806,127.02347432089968,2042.0,414.0,taxi_10,picked
dyn_pax_704,1630.0,2026-07-03 09:27:10,520307304#0,school|subway_entrance|bus_stop,,602.6035134310263,763.145495629718,37.498416594724866,127.02761864854104,,,,timeout
dyn_pax_705,1631.0,2026-07-03 09:27:11,521766175#3,company|restaurant|subway_entrance|bus_stop,,373.6701172395771,1298.610217621072,37.50319695740621,127.02490310718325,1927.0,296.0,taxi_3,picked
dyn_pax_706,1633.0,2026-07-03 09:27:13,521766180#1,company|restaurant|bus_stop,,466.73410130235357,1169.2838037446552,37.502049542882666,127.02598608796039,1727.0,94.0,taxi_respawn_17,picked
dyn_pax_707,1635.0,2026-07-03 09:27:15,1117538957#3,restaurant|subway_entrance|bus_stop,,465.5082521847807,644.8780924026132,37.49732530507706,127.02609663221197,,,,timeout
dyn_pax_708,1636.0,2026-07-03 09:27:16,-417933645#2,company|restaurant|subway_entrance,,701.1658676593129,719.5455833044954,37.49804244093877,127.02874337560036,,,,timeout
dyn_pax_709,1639.0,2026-07-03 09:27:19,218857636#1,residential|company|restaurant|bus_stop,,297.92905089287035,623.2061345250047,37.49709839153085,127.02420706961871,,,,timeout
dyn_pax_710,1642.0,2026-07-03 09:27:22,218857636#1,residential|company|restaurant|bus_stop,,297.92905089287035,623.2061345250047,37.49709839153085,127.02420706961871,,,,timeout
dyn_pax_711,1644.0,2026-07-03 09:27:24,178441450#1,residential|company|restaurant|bus_stop,,282.90243066757296,609.4157395563556,37.496971320837204,127.02404044855805,1995.0,351.0,taxi_1,picked
dyn_pax_712,1645.0,2026-07-03 09:27:25,305539406,company|restaurant|subway_entrance,,566.389495917364,736.5285064605782,37.49816998085155,127.02721550408178,1706.0,61.0,taxi_22,picked
dyn_pax_713,1647.0,2026-07-03 09:27:27,-506191135#22,residential|company|restaurant|bus_stop,,38.693950105848444,1321.9513167019495,37.50334380565249,127.02110990869835,1812.0,165.0,taxi_respawn_23,picked
dyn_pax_714,1648.0,2026-07-03 09:27:28,521770116#2,company|restaurant|bus_stop,,432.3182248087171,1108.514093563608,37.50149560521279,127.02561136613096,1937.0,289.0,taxi_6,picked
dyn_pax_715,1651.0,2026-07-03 09:27:31,521770119#0,restaurant|bus_stop,,548.9831206778387,935.1148840516827,37.499955620541705,127.02697161236954,,,,timeout
dyn_pax_716,1657.0,2026-07-03 09:27:37,-506191135#2,residential|bus_stop,,236.19733776439384,769.6838415951818,37.49840622577806,127.02347432089968,,,,timeout
dyn_pax_717,1661.0,2026-07-03 09:27:41,178441450#1,residential|company|restaurant|bus_stop,,282.90243066757296,609.4157395563556,37.496971320837204,127.02404044855805,2007.0,346.0,taxi_47,picked
dyn_pax_718,1662.0,2026-07-03 09:27:42,1229817205#1,residential|bus_stop,,631.6400080768872,572.7061575261558,37.49670653972221,127.02799208080955,2041.0,379.0,taxi_respawn_22,picked
dyn_pax_719,1664.0,2026-07-03 09:27:44,218873820#0,restaurant|subway_entrance|bus_stop,,628.9829311132032,562.4061665928522,37.49661325243901,127.02796447999128,,,,timeout
dyn_pax_720,1665.0,2026-07-03 09:27:45,541692164#1,subway_entrance,,271.6277521231475,1406.6420105391767,37.5041508337347,127.02372362926798,1728.0,63.0,taxi_21,picked
dyn_pax_721,1667.0,2026-07-03 09:27:47,521766175#1,company|restaurant|subway_entrance,,332.9365590021661,1411.5585828157227,37.504206724109,127.02441570308932,,,,timeout
dyn_pax_722,1667.0,2026-07-03 09:27:47,129731859#3,restaurant,,873.6090416568148,941.272009001338,37.50007235670303,127.03064062663523,1819.0,152.0,taxi_10,picked
dyn_pax_723,1668.0,2026-07-03 09:27:48,494824662#3,company|restaurant|subway_entrance,,729.424850252167,406.6843378518681,37.49522941823122,127.02913698209235,2184.0,516.0,taxi_46,picked
dyn_pax_724,1671.0,2026-07-03 09:27:51,520307304#0,school|subway_entrance|bus_stop,,602.6035134310263,763.145495629718,37.498416594724866,127.02761864854104,,,,timeout
dyn_pax_725,1672.0,2026-07-03 09:27:52,-913950883#1,residential|company|restaurant,,391.36286393582424,840.6655979518604,37.49907500229157,127.0252118555046,1722.0,50.0,taxi_respawn_7,picked
dyn_pax_726,1677.0,2026-07-03 09:27:57,506191135#3,residential|company|restaurant|bus_stop,,238.79972345576414,789.4714057742513,37.49858497042428,127.023499044737,,,,timeout
dyn_pax_727,1679.0,2026-07-03 09:27:59,-417933645#2,company|restaurant|subway_entrance,,701.1658676593129,719.5455833044954,37.49804244093877,127.02874337560036,,,,timeout
dyn_pax_728,1680.0,2026-07-03 09:28:00,1229817205#0,company|subway_entrance|bus_stop,,599.2457558679199,652.2907550986157,37.497417346160496,127.02760695963683,,,,timeout
dyn_pax_729,1682.0,2026-07-03 09:28:02,520307304#0,school|subway_entrance|bus_stop,,602.6035134310263,763.145495629718,37.498416594724866,127.02761864854104,,,,timeout
dyn_pax_730,1684.0,2026-07-03 09:28:04,521766175#3,company|restaurant|subway_entrance|bus_stop,,373.6701172395771,1298.610217621072,37.50319695740621,127.02490310718325,2087.0,403.0,taxi_27,picked
dyn_pax_731,1685.0,2026-07-03 09:28:05,1229817205#1,residential|bus_stop,,631.6400080768872,572.7061575261558,37.49670653972221,127.02799208080955,,,,timeout
dyn_pax_732,1687.0,2026-07-03 09:28:07,521766180#1,company|restaurant|bus_stop,,466.73410130235357,1169.2838037446552,37.502049542882666,127.02598608796039,1814.0,127.0,taxi_respawn_37,picked
dyn_pax_733,1688.0,2026-07-03 09:28:08,218873820#0,restaurant|subway_entrance|bus_stop,,628.9829311132032,562.4061665928522,37.49661325243901,127.02796447999128,,,,timeout
dyn_pax_734,1691.0,2026-07-03 09:28:11,520307304#0,school|subway_entrance|bus_stop,,602.6035134310263,763.145495629718,37.498416594724866,127.02761864854104,,,,timeout
dyn_pax_735,1694.0,2026-07-03 09:28:14,218873820#0,restaurant|subway_entrance|bus_stop,,628.9829311132032,562.4061665928522,37.49661325243901,127.02796447999128,,,,timeout
dyn_pax_736,1696.0,2026-07-03 09:28:16,-541692164#2,subway_entrance,,317.7122087179151,1441.0296574375257,37.504469327730426,127.0242365566347,2114.0,418.0,taxi_23,picked
dyn_pax_737,1697.0,2026-07-03 09:28:17,178441450#1,residential|company|restaurant|bus_stop,,282.90243066757296,609.4157395563556,37.496971320837204,127.02404044855805,2216.0,519.0,taxi_1,picked
dyn_pax_738,1702.0,2026-07-03 09:28:22,218877837#2,company|restaurant|bus_stop,,479.4555212141038,978.0213907550284,37.500328997763305,127.02617530290202,1822.0,120.0,taxi_5,picked
dyn_pax_739,1703.0,2026-07-03 09:28:23,521766182#1,company|restaurant|subway_entrance,,681.695169875507,539.6867345716422,37.496418539503196,127.02856584056028,1737.0,34.0,taxi_respawn_28,picked
dyn_pax_740,1705.0,2026-07-03 09:28:25,523141074#0,company|restaurant|subway_entrance,,524.0338794858329,871.4890157117229,37.4993777454413,127.02670460634431,1789.0,84.0,taxi_49,picked
dyn_pax_741,1705.0,2026-07-03 09:28:25,-417750354#1,restaurant,,946.150029211292,974.2465578508335,37.500383078435064,127.03145303198383,1764.0,59.0,taxi_12,picked
dyn_pax_742,1707.0,2026-07-03 09:28:27,375049565#6,restaurant|subway_entrance|bus_stop,,789.5153251748014,798.8522330112556,37.49877353199428,127.02972351946808,,,,timeout
dyn_pax_743,1708.0,2026-07-03 09:28:28,-506191135#2,residential|bus_stop,,236.19733776439384,769.6838415951818,37.49840622577806,127.02347432089968,,,,timeout
dyn_pax_744,1710.0,2026-07-03 09:28:30,375049565#6,restaurant|subway_entrance|bus_stop,,789.5153251748014,798.8522330112556,37.49877353199428,127.02972351946808,,,,timeout
dyn_pax_745,1711.0,2026-07-03 09:28:31,375049565#6,restaurant|subway_entrance|bus_stop,,789.5153251748014,798.8522330112556,37.49877353199428,127.02972351946808,,,,timeout
dyn_pax_746,1713.0,2026-07-03 09:28:33,521766175#1,company|restaurant|subway_entrance,,332.9365590021661,1411.5585828157227,37.504206724109,127.02441570308932,,,,timeout
dyn_pax_747,1713.0,2026-07-03 09:28:33,129733424#1,restaurant,,625.7652907028337,1027.567371479777,37.50080296382065,127.02781785674841,1989.0,276.0,taxi_2,picked
dyn_pax_748,1714.0,2026-07-03 09:28:34,375049565#6,restaurant|subway_entrance|bus_stop,,789.5153251748014,798.8522330112556,37.49877353199428,127.02972351946808,,,,timeout
dyn_pax_749,1716.0,2026-07-03 09:28:36,1229817205#0,company|subway_entrance|bus_stop,,599.2457558679199,652.2907550986157,37.497417346160496,127.02760695963683,2527.0,811.0,taxi_respawn_33,picked
dyn_pax_750,1717.0,2026-07-03 09:28:37,521766175#3,company|restaurant|subway_entrance|bus_stop,,373.6701172395771,1298.610217621072,37.50319695740621,127.02490310718325,2293.0,576.0,taxi_respawn_9,picked
dyn_pax_751,1719.0,2026-07-03 09:28:39,375049565#6,restaurant|subway_entrance|bus_stop,,789.5153251748014,798.8522330112556,37.49877353199428,127.02972351946808,,,,timeout
dyn_pax_752,1722.0,2026-07-03 09:28:42,521766182#1,company|restaurant|subway_entrance,,681.695169875507,539.6867345716422,37.496418539503196,127.02856584056028,1834.0,112.0,taxi_respawn_25,picked
dyn_pax_753,1723.0,2026-07-03 09:28:43,1376141183#0,bus_stop,,548.2528111146681,901.2117688498424,37.49965007283687,127.02697139402301,2122.0,399.0,taxi_12,picked
dyn_pax_754,1725.0,2026-07-03 09:28:45,521766180#1,company|restaurant|bus_stop,,466.73410130235357,1169.2838037446552,37.502049542882666,127.02598608796039,1821.0,96.0,taxi_respawn_20,picked
dyn_pax_755,1726.0,2026-07-03 09:28:46,218873820#0,restaurant|subway_entrance|bus_stop,,628.9829311132032,562.4061665928522,37.49661325243901,127.02796447999128,,,,timeout
dyn_pax_756,1729.0,2026-07-03 09:28:49,1229817205#0,company|subway_entrance|bus_stop,,599.2457558679199,652.2907550986157,37.497417346160496,127.02760695963683,,,,timeout
dyn_pax_757,1731.0,2026-07-03 09:28:51,975332778#1,bus_stop,,681.6099970732737,721.9380561808346,37.49806030190971,127.02852170075586,2220.0,489.0,taxi_45,picked
dyn_pax_758,1733.0,2026-07-03 09:28:53,305539406,company|restaurant|subway_entrance,,566.389495917364,736.5285064605782,37.49816998085155,127.02721550408178,2051.0,318.0,taxi_30,picked
dyn_pax_759,1734.0,2026-07-03 09:28:54,1229817205#0,company|subway_entrance|bus_stop,,599.2457558679199,652.2907550986157,37.497417346160496,127.02760695963683,,,,timeout
dyn_pax_760,1736.0,2026-07-03 09:28:56,506191135#3,residential|company|restaurant|bus_stop,,238.79972345576414,789.4714057742513,37.49858497042428,127.023499044737,,,,timeout
dyn_pax_761,1737.0,2026-07-03 09:28:57,417933642#0,restaurant|bus_stop,,1041.0954363710525,463.30841921497654,37.49579826441859,127.03264736696761,,,,timeout
dyn_pax_762,1739.0,2026-07-03 09:28:59,521770119#1,restaurant|bus_stop,,527.3115514435282,995.8620162900467,37.50049875494786,127.02671217090477,2171.0,432.0,taxi_respawn_34,picked
dyn_pax_763,1740.0,2026-07-03 09:29:00,480850873,company|restaurant|bus_stop,,548.1935052770749,708.5896639848544,37.49791486187585,127.0270163956136,2205.0,465.0,taxi_0,picked
dyn_pax_764,1742.0,2026-07-03 09:29:02,1376141182#0,bus_stop,,385.7154046370183,1301.0311255965628,37.50322104370192,127.02503873135461,2378.0,636.0,taxi_respawn_32,picked
dyn_pax_765,1743.0,2026-07-03 09:29:03,521766175#3,company|restaurant|subway_entrance|bus_stop,,373.6701172395771,1298.610217621072,37.50319695740621,127.02490310718325,2284.0,541.0,taxi_respawn_12,picked
dyn_pax_766,1745.0,2026-07-03 09:29:05,521770116#2,company|restaurant|bus_stop,,432.3182248087171,1108.514093563608,37.50149560521279,127.02561136613096,1831.0,86.0,taxi_32,picked
dyn_pax_767,1748.0,2026-07-03 09:29:08,1117538957#3,restaurant|subway_entrance|bus_stop,,465.5082521847807,644.8780924026132,37.49732530507706,127.02609663221197,2164.0,416.0,taxi_14,picked
dyn_pax_768,1749.0,2026-07-03 09:29:09,218857636#1,residential|company|restaurant|bus_stop,,297.92905089287035,623.2061345250047,37.49709839153085,127.02420706961871,,,,timeout
dyn_pax_769,1751.0,2026-07-03 09:29:11,521770119#0,restaurant|bus_stop,,548.9831206778387,935.1148840516827,37.499955620541705,127.02697161236954,,,,timeout
dyn_pax_770,1752.0,2026-07-03 09:29:12,506191135#3,residential|company|restaurant|bus_stop,,238.79972345576414,789.4714057742513,37.49858497042428,127.023499044737,,,,timeout
dyn_pax_771,1753.0,2026-07-03 09:29:13,1376141183#0,bus_stop,,548.2528111146681,901.2117688498424,37.49965007283687,127.02697139402301,2152.0,399.0,taxi_22,picked
dyn_pax_772,1754.0,2026-07-03 09:29:14,480850873,company|restaurant|bus_stop,,548.1935052770749,708.5896639848544,37.49791486187585,127.0270163956136,2222.0,468.0,taxi_respawn_2,picked
dyn_pax_773,1756.0,2026-07-03 09:29:16,521766182#1,company|restaurant|subway_entrance,,681.695169875507,539.6867345716422,37.496418539503196,127.02856584056028,1963.0,207.0,taxi_41,picked
dyn_pax_774,1757.0,2026-07-03 09:29:17,1229817205#0,company|subway_entrance|bus_stop,,599.2457558679199,652.2907550986157,37.497417346160496,127.02760695963683,,,,timeout
dyn_pax_775,1759.0,2026-07-03 09:29:19,521766175#3,company|restaurant|subway_entrance|bus_stop,,373.6701172395771,1298.610217621072,37.50319695740621,127.02490310718325,,,,timeout
dyn_pax_776,1760.0,2026-07-03 09:29:20,-541692164#2,subway_entrance,,317.7122087179151,1441.0296574375257,37.504469327730426,127.0242365566347,2175.0,415.0,taxi_respawn_3,picked
dyn_pax_777,1762.0,2026-07-03 09:29:22,178441450#1,residential|company|restaurant|bus_stop,,282.90243066757296,609.4157395563556,37.496971320837204,127.02404044855805,,,,timeout
dyn_pax_778,1763.0,2026-07-03 09:29:23,494824662#3,company|restaurant|subway_entrance,,729.424850252167,406.6843378518681,37.49522941823122,127.02913698209235,,,,timeout
dyn_pax_779,1765.0,2026-07-03 09:29:25,1117538957#3,restaurant|subway_entrance|bus_stop,,465.5082521847807,644.8780924026132,37.49732530507706,127.02609663221197,2271.0,506.0,taxi_16,picked
dyn_pax_780,1766.0,2026-07-03 09:29:26,521766175#3,company|restaurant|subway_entrance|bus_stop,,373.6701172395771,1298.610217621072,37.50319695740621,127.02490310718325,,,,timeout
dyn_pax_781,1771.0,2026-07-03 09:29:31,523141074#0,company|restaurant|subway_entrance,,524.0338794858329,871.4890157117229,37.4993777454413,127.02670460634431,1812.0,41.0,taxi_respawn_4,picked
dyn_pax_782,1774.0,2026-07-03 09:29:34,218864491#0,restaurant|bus_stop,,769.9803916976219,760.1217113917903,37.49842094941813,127.02951181742357,,,,timeout
dyn_pax_783,1775.0,2026-07-03 09:29:35,521766175#1,company|restaurant|subway_entrance,,332.9365590021661,1411.5585828157227,37.504206724109,127.02441570308932,,,,timeout
dyn_pax_784,1777.0,2026-07-03 09:29:37,975332778#1,bus_stop,,681.6099970732737,721.9380561808346,37.49806030190971,127.02852170075586,,,,timeout
dyn_pax_785,1779.0,2026-07-03 09:29:39,218877837#2,company|restaurant|bus_stop,,479.4555212141038,978.0213907550284,37.500328997763305,127.02617530290202,1839.0,60.0,taxi_47,picked
dyn_pax_786,1780.0,2026-07-03 09:29:40,375049565#6,restaurant|subway_entrance|bus_stop,,789.5153251748014,798.8522330112556,37.49877353199428,127.02972351946808,,,,timeout
dyn_pax_787,1782.0,2026-07-03 09:29:42,-504509918#2,company|restaurant|bus_stop,,398.9694242295193,827.4758220967593,37.49895762305832,127.02530099003066,1968.0,186.0,taxi_38,picked
dyn_pax_788,1783.0,2026-07-03 09:29:43,218864491#0,restaurant|bus_stop,,769.9803916976219,760.1217113917903,37.49842094941813,127.02951181742357,,,,timeout
dyn_pax_789,1786.0,2026-07-03 09:29:46,-504509918#2,company|restaurant|bus_stop,,398.9694242295193,827.4758220967593,37.49895762305832,127.02530099003066,2071.0,285.0,taxi_36,picked
dyn_pax_790,1788.0,2026-07-03 09:29:48,1117538957#3,restaurant|subway_entrance|bus_stop,,465.5082521847807,644.8780924026132,37.49732530507706,127.02609663221197,2277.0,489.0,taxi_respawn_21,picked
dyn_pax_791,1789.0,2026-07-03 09:29:49,521766182#1,company|restaurant|subway_entrance,,681.695169875507,539.6867345716422,37.496418539503196,127.02856584056028,2045.0,256.0,taxi_respawn_23,picked
dyn_pax_792,1791.0,2026-07-03 09:29:51,520307304#0,school|subway_entrance|bus_stop,,602.6035134310263,763.145495629718,37.498416594724866,127.02761864854104,,,,timeout
dyn_pax_793,1792.0,2026-07-03 09:29:52,375049565#6,restaurant|subway_entrance|bus_stop,,789.5153251748014,798.8522330112556,37.49877353199428,127.02972351946808,,,,timeout
dyn_pax_794,1794.0,2026-07-03 09:29:54,-417933645#2,company|restaurant|subway_entrance,,701.1658676593129,719.5455833044954,37.49804244093877,127.02874337560036,,,,timeout
dyn_pax_795,1796.0,2026-07-03 09:29:56,-379463134#1,restaurant,,479.36604535588674,1259.6870258351425,37.50286630987452,127.02610747054479,1824.0,28.0,taxi_20,picked
dyn_pax_796,1798.0,2026-07-03 09:29:58,-542367267#1,bus_stop,,247.51018316686128,1414.7184918773391,37.504219024473855,127.02344900430944,1844.0,46.0,taxi_37,picked
dyn_pax_797,1800.0,2026-07-03 09:30:00,-506191135#22,residential|company|restaurant|bus_stop,,38.693950105848444,1321.9513167019495,37.50334380565249,127.02110990869835,1870.0,70.0,taxi_45,picked
dyn_pax_798,1803.0,2026-07-03 09:30:03,218873820#0,restaurant|subway_entrance|bus_stop,,628.9829311132032,562.4061665928522,37.49661325243901,127.02796447999128,,,,timeout
dyn_pax_799,1803.0,2026-07-03 09:30:03,504509918#0,residential|restaurant,,511.83203920742636,882.9034728009249,37.49947826486711,127.02656393710718,1816.0,13.0,taxi_respawn_21,picked
dyn_pax_800,1805.0,2026-07-03 09:30:05,520307304#0,school|subway_entrance|bus_stop,,602.6035134310263,763.145495629718,37.498416594724866,127.02761864854104,,,,timeout
dyn_pax_801,1806.0,2026-07-03 09:30:06,521770116#2,company|restaurant|bus_stop,,432.3182248087171,1108.514093563608,37.50149560521279,127.02561136613096,1921.0,115.0,taxi_respawn_29,picked
dyn_pax_802,1809.0,2026-07-03 09:30:09,521766180#1,company|restaurant|bus_stop,,466.73410130235357,1169.2838037446552,37.502049542882666,127.02598608796039,1916.0,107.0,taxi_21,picked
dyn_pax_803,1811.0,2026-07-03 09:30:11,375049565#6,restaurant|subway_entrance|bus_stop,,789.5153251748014,798.8522330112556,37.49877353199428,127.02972351946808,,,,timeout
dyn_pax_804,1812.0,2026-07-03 09:30:12,1376141182#0,bus_stop,,385.7154046370183,1301.0311255965628,37.50322104370192,127.02503873135461,2386.0,574.0,taxi_43,picked
dyn_pax_805,1814.0,2026-07-03 09:30:14,1117538957#3,restaurant|subway_entrance|bus_stop,,465.5082521847807,644.8780924026132,37.49732530507706,127.02609663221197,,,,timeout
dyn_pax_806,1815.0,2026-07-03 09:30:15,494824662#3,company|restaurant|subway_entrance,,729.424850252167,406.6843378518681,37.49522941823122,127.02913698209235,,,,timeout
dyn_pax_807,1817.0,2026-07-03 09:30:17,975332778#1,bus_stop,,681.6099970732737,721.9380561808346,37.49806030190971,127.02852170075586,,,,timeout
dyn_pax_808,1818.0,2026-07-03 09:30:18,975332778#1,bus_stop,,681.6099970732737,721.9380561808346,37.49806030190971,127.02852170075586,,,,timeout
dyn_pax_809,1820.0,2026-07-03 09:30:20,-506191135#22,residential|company|restaurant|bus_stop,,38.693950105848444,1321.9513167019495,37.50334380565249,127.02110990869835,1877.0,57.0,taxi_respawn_34,picked
dyn_pax_810,1823.0,2026-07-03 09:30:23,521766182#1,company|restaurant|subway_entrance,,681.695169875507,539.6867345716422,37.496418539503196,127.02856584056028,2093.0,270.0,taxi_20,picked
dyn_pax_811,1824.0,2026-07-03 09:30:24,521766175#3,company|restaurant|subway_entrance|bus_stop,,373.6701172395771,1298.610217621072,37.50319695740621,127.02490310718325,,,,timeout
dyn_pax_812,1826.0,2026-07-03 09:30:26,494824662#3,company|restaurant|subway_entrance,,729.424850252167,406.6843378518681,37.49522941823122,127.02913698209235,,,,timeout
dyn_pax_813,1831.0,2026-07-03 09:30:31,521766180#1,company|restaurant|bus_stop,,466.73410130235357,1169.2838037446552,37.502049542882666,127.02598608796039,1911.0,80.0,taxi_respawn_1,picked
dyn_pax_814,1832.0,2026-07-03 09:30:32,218877837#2,company|restaurant|bus_stop,,479.4555212141038,978.0213907550284,37.500328997763305,127.02617530290202,2196.0,364.0,taxi_34,picked
dyn_pax_815,1834.0,2026-07-03 09:30:34,-506191135#22,residential|company|restaurant|bus_stop,,38.693950105848444,1321.9513167019495,37.50334380565249,127.02110990869835,1894.0,60.0,taxi_23,picked
dyn_pax_816,1837.0,2026-07-03 09:30:37,520307304#0,school|subway_entrance|bus_stop,,602.6035134310263,763.145495629718,37.498416594724866,127.02761864854104,,,,timeout
dyn_pax_817,1841.0,2026-07-03 09:30:41,178441450#1,residential|company|restaurant|bus_stop,,282.90243066757296,609.4157395563556,37.496971320837204,127.02404044855805,,,,timeout
dyn_pax_818,1843.0,2026-07-03 09:30:43,218864491#0,restaurant|bus_stop,,769.9803916976219,760.1217113917903,37.49842094941813,127.02951181742357,,,,timeout
dyn_pax_819,1844.0,2026-07-03 09:30:44,1117538957#3,restaurant|subway_entrance|bus_stop,,465.5082521847807,644.8780924026132,37.49732530507706,127.02609663221197,,,,timeout
dyn_pax_820,1846.0,2026-07-03 09:30:46,218873820#0,restaurant|subway_entrance|bus_stop,,628.9829311132032,562.4061665928522,37.49661325243901,127.02796447999128,,,,timeout
dyn_pax_821,1847.0,2026-07-03 09:30:47,218857636#1,residential|company|restaurant|bus_stop,,297.92905089287035,623.2061345250047,37.49709839153085,127.02420706961871,,,,timeout
dyn_pax_822,1851.0,2026-07-03 09:30:51,1117538958#3,bus_stop,,160.18899290588462,540.6019911995099,37.49632820280781,127.02266936696756,1877.0,26.0,taxi_13,picked
dyn_pax_823,1855.0,2026-07-03 09:30:55,-417933645#2,company|restaurant|subway_entrance,,701.1658676593129,719.5455833044954,37.49804244093877,127.02874337560036,,,,timeout
dyn_pax_824,1857.0,2026-07-03 09:30:57,520307304#0,school|subway_entrance|bus_stop,,602.6035134310263,763.145495629718,37.498416594724866,127.02761864854104,,,,timeout
dyn_pax_825,1860.0,2026-07-03 09:31:00,1376141182#0,bus_stop,,385.7154046370183,1301.0311255965628,37.50322104370192,127.02503873135461,2382.0,522.0,taxi_11,picked
dyn_pax_826,1861.0,2026-07-03 09:31:01,218877837#2,company|restaurant|bus_stop,,479.4555212141038,978.0213907550284,37.500328997763305,127.02617530290202,2273.0,412.0,taxi_respawn_1,picked
dyn_pax_827,1863.0,2026-07-03 09:31:03,218873820#0,restaurant|subway_entrance|bus_stop,,628.9829311132032,562.4061665928522,37.49661325243901,127.02796447999128,,,,timeout
dyn_pax_828,1864.0,2026-07-03 09:31:04,1229817205#1,residential|bus_stop,,631.6400080768872,572.7061575261558,37.49670653972221,127.02799208080955,,,,timeout
dyn_pax_829,1866.0,2026-07-03 09:31:06,541692164#1,subway_entrance,,271.6277521231475,1406.6420105391767,37.5041508337347,127.02372362926798,1902.0,36.0,taxi_respawn_22,picked
dyn_pax_830,1867.0,2026-07-03 09:31:07,520307304#0,school|subway_entrance|bus_stop,,602.6035134310263,763.145495629718,37.498416594724866,127.02761864854104,,,,timeout
dyn_pax_831,1869.0,2026-07-03 09:31:09,521766175#3,company|restaurant|subway_entrance|bus_stop,,373.6701172395771,1298.610217621072,37.50319695740621,127.02490310718325,,,,timeout
dyn_pax_832,1870.0,2026-07-03 09:31:10,218873820#0,restaurant|subway_entrance|bus_stop,,628.9829311132032,562.4061665928522,37.49661325243901,127.02796447999128,,,,timeout
dyn_pax_833,1873.0,2026-07-03 09:31:13,1229817205#0,company|subway_entrance|bus_stop,,599.2457558679199,652.2907550986157,37.497417346160496,127.02760695963683,,,,timeout
dyn_pax_834,1877.0,2026-07-03 09:31:17,480850873,company|restaurant|bus_stop,,548.1935052770749,708.5896639848544,37.49791486187585,127.0270163956136,,,,timeout
dyn_pax_835,1878.0,2026-07-03 09:31:18,375049565#6,restaurant|subway_entrance|bus_stop,,789.5153251748014,798.8522330112556,37.49877353199428,127.02972351946808,,,,timeout
dyn_pax_836,1880.0,2026-07-03 09:31:20,1229817205#0,company|subway_entrance|bus_stop,,599.2457558679199,652.2907550986157,37.497417346160496,127.02760695963683,,,,timeout
dyn_pax_837,1881.0,2026-07-03 09:31:21,1229817205#0,company|subway_entrance|bus_stop,,599.2457558679199,652.2907550986157,37.497417346160496,127.02760695963683,,,,timeout
dyn_pax_838,1883.0,2026-07-03 09:31:23,494824662#3,company|restaurant|subway_entrance,,729.424850252167,406.6843378518681,37.49522941823122,127.02913698209235,,,,timeout
dyn_pax_839,1884.0,2026-07-03 09:31:24,521770119#1,restaurant|bus_stop,,527.3115514435282,995.8620162900467,37.50049875494786,127.02671217090477,,,,timeout
dyn_pax_840,1886.0,2026-07-03 09:31:26,520307304#0,school|subway_entrance|bus_stop,,602.6035134310263,763.145495629718,37.498416594724866,127.02761864854104,,,,timeout
dyn_pax_841,1886.0,2026-07-03 09:31:26,1011529829#0,school,,381.1393135972994,834.2751815073392,37.49901550234899,127.0250977784903,1956.0,70.0,taxi_respawn_10,picked
dyn_pax_842,1887.0,2026-07-03 09:31:27,521770116#2,company|restaurant|bus_stop,,432.3182248087171,1108.514093563608,37.50149560521279,127.02561136613096,1905.0,18.0,taxi_respawn_26,picked
dyn_pax_843,1889.0,2026-07-03 09:31:29,-506191135#2,residential|bus_stop,,236.19733776439384,769.6838415951818,37.49840622577806,127.02347432089968,,,,timeout
dyn_pax_844,1890.0,2026-07-03 09:31:30,521766175#1,company|restaurant|subway_entrance,,332.9365590021661,1411.5585828157227,37.504206724109,127.02441570308932,,,,timeout
dyn_pax_845,1893.0,2026-07-03 09:31:33,520307304#0,school|subway_entrance|bus_stop,,602.6035134310263,763.145495629718,37.498416594724866,127.02761864854104,,,,timeout
dyn_pax_846,1895.0,2026-07-03 09:31:35,-417933645#2,company|restaurant|subway_entrance,,701.1658676593129,719.5455833044954,37.49804244093877,127.02874337560036,,,,timeout
dyn_pax_847,1898.0,2026-07-03 09:31:38,375049565#6,restaurant|subway_entrance|bus_stop,,789.5153251748014,798.8522330112556,37.49877353199428,127.02972351946808,,,,timeout
dyn_pax_848,1899.0,2026-07-03 09:31:39,-379232161#3,restaurant,,957.578372934647,431.27964063812743,37.495494003443426,127.03171068469486,2024.0,125.0,taxi_35,picked
dyn_pax_849,1900.0,2026-07-03 09:31:40,305539406,company|restaurant|subway_entrance,,566.389495917364,736.5285064605782,37.49816998085155,127.02721550408178,2261.0,361.0,taxi_respawn_22,picked
dyn_pax_850,1901.0,2026-07-03 09:31:41,218873820#0,restaurant|subway_entrance|bus_stop,,628.9829311132032,562.4061665928522,37.49661325243901,127.02796447999128,,,,timeout
dyn_pax_851,1904.0,2026-07-03 09:31:44,417933642#0,restaurant|bus_stop,,1041.0954363710525,463.30841921497654,37.49579826441859,127.03264736696761,,,,timeout
dyn_pax_852,1906.0,2026-07-03 09:31:46,1117538957#3,restaurant|subway_entrance|bus_stop,,465.5082521847807,644.8780924026132,37.49732530507706,127.02609663221197,,,,timeout
dyn_pax_853,1907.0,2026-07-03 09:31:47,305539406,company|restaurant|subway_entrance,,566.389495917364,736.5285064605782,37.49816998085155,127.02721550408178,,,,timeout
dyn_pax_854,1909.0,2026-07-03 09:31:49,-506191135#2,residential|bus_stop,,236.19733776439384,769.6838415951818,37.49840622577806,127.02347432089968,,,,timeout
dyn_pax_855,1910.0,2026-07-03 09:31:50,521766175#3,company|restaurant|subway_entrance|bus_stop,,373.6701172395771,1298.610217621072,37.50319695740621,127.02490310718325,,,,timeout
dyn_pax_856,1912.0,2026-07-03 09:31:52,494824662#3,company|restaurant|subway_entrance,,729.424850252167,406.6843378518681,37.49522941823122,127.02913698209235,,,,timeout
dyn_pax_857,1913.0,2026-07-03 09:31:53,520307304#0,school|subway_entrance|bus_stop,,602.6035134310263,763.145495629718,37.498416594724866,127.02761864854104,,,,timeout
dyn_pax_858,1915.0,2026-07-03 09:31:55,1117538957#3,restaurant|subway_entrance|bus_stop,,465.5082521847807,644.8780924026132,37.49732530507706,127.02609663221197,,,,timeout
dyn_pax_859,1916.0,2026-07-03 09:31:56,521766175#3,company|restaurant|subway_entrance|bus_stop,,373.6701172395771,1298.610217621072,37.50319695740621,127.02490310718325,,,,timeout
dyn_pax_860,1919.0,2026-07-03 09:31:59,975332778#1,bus_stop,,681.6099970732737,721.9380561808346,37.49806030190971,127.02852170075586,,,,timeout
dyn_pax_861,1923.0,2026-07-03 09:32:03,1117538957#3,restaurant|subway_entrance|bus_stop,,465.5082521847807,644.8780924026132,37.49732530507706,127.02609663221197,2462.0,539.0,taxi_36,picked
dyn_pax_862,1924.0,2026-07-03 09:32:04,1376141183#0,bus_stop,,548.2528111146681,901.2117688498424,37.49965007283687,127.02697139402301,2158.0,234.0,taxi_respawn_4,picked
dyn_pax_863,1926.0,2026-07-03 09:32:06,375049565#6,restaurant|subway_entrance|bus_stop,,789.5153251748014,798.8522330112556,37.49877353199428,127.02972351946808,,,,timeout
dyn_pax_864,1927.0,2026-07-03 09:32:07,494824662#3,company|restaurant|subway_entrance,,729.424850252167,406.6843378518681,37.49522941823122,127.02913698209235,,,,timeout
dyn_pax_865,1927.0,2026-07-03 09:32:07,-1056882877#5,company|restaurant,,302.41102899925136,583.0415396467946,37.496737424712585,127.0242672800979,2121.0,194.0,taxi_4,picked
dyn_pax_866,1929.0,2026-07-03 09:32:09,1229817205#0,company|subway_entrance|bus_stop,,599.2457558679199,652.2907550986157,37.497417346160496,127.02760695963683,,,,timeout
dyn_pax_867,1929.0,2026-07-03 09:32:09,521770116#2,company|restaurant|bus_stop,,432.3182248087171,1108.514093563608,37.50149560521279,127.02561136613096,2125.0,196.0,taxi_respawn_26,picked
dyn_pax_868,1930.0,2026-07-03 09:32:10,-542367267#1,bus_stop,,247.51018316686128,1414.7184918773391,37.504219024473855,127.02344900430944,1997.0,67.0,taxi_19,picked
dyn_pax_869,1932.0,2026-07-03 09:32:12,1117538957#3,restaurant|subway_entrance|bus_stop,,465.5082521847807,644.8780924026132,37.49732530507706,127.02609663221197,,,,timeout
dyn_pax_870,1935.0,2026-07-03 09:32:15,178441450#1,residential|company|restaurant|bus_stop,,282.90243066757296,609.4157395563556,37.496971320837204,127.02404044855805,2405.0,470.0,taxi_respawn_34,picked
dyn_pax_871,1936.0,2026-07-03 09:32:16,523141074#0,company|restaurant|subway_entrance,,524.0338794858329,871.4890157117229,37.4993777454413,127.02670460634431,2033.0,97.0,taxi_16,picked
dyn_pax_872,1937.0,2026-07-03 09:32:17,-542367267#0,company,,179.75773525047865,1390.7576253945435,37.50399035207237,127.02268859703804,1966.0,29.0,taxi_respawn_24,picked
dyn_pax_873,1938.0,2026-07-03 09:32:18,480850873,company|restaurant|bus_stop,,548.1935052770749,708.5896639848544,37.49791486187585,127.0270163956136,,,,timeout
dyn_pax_874,1939.0,2026-07-03 09:32:19,1229817205#0,company|subway_entrance|bus_stop,,599.2457558679199,652.2907550986157,37.497417346160496,127.02760695963683,,,,timeout
dyn_pax_875,1941.0,2026-07-03 09:32:21,506191135#3,residential|company|restaurant|bus_stop,,238.79972345576414,789.4714057742513,37.49858497042428,127.023499044737,,,,timeout
dyn_pax_876,1944.0,2026-07-03 09:32:24,375049565#6,restaurant|subway_entrance|bus_stop,,789.5153251748014,798.8522330112556,37.49877353199428,127.02972351946808,,,,timeout
dyn_pax_877,1947.0,2026-07-03 09:32:27,1117538957#3,restaurant|subway_entrance|bus_stop,,465.5082521847807,644.8780924026132,37.49732530507706,127.02609663221197,,,,timeout
dyn_pax_878,1950.0,2026-07-03 09:32:30,480850873,company|restaurant|bus_stop,,548.1935052770749,708.5896639848544,37.49791486187585,127.0270163956136,,,,timeout
dyn_pax_879,1952.0,2026-07-03 09:32:32,521770116#2,company|restaurant|bus_stop,,432.3182248087171,1108.514093563608,37.50149560521279,127.02561136613096,2202.0,250.0,taxi_13,picked
dyn_pax_880,1952.0,2026-07-03 09:32:32,-117790062#4,company,,666.6267400273903,1210.7400577041187,37.50246075614395,127.02823646445898,2014.0,62.0,taxi_43,picked
dyn_pax_881,1955.0,2026-07-03 09:32:35,1117538957#3,restaurant|subway_entrance|bus_stop,,465.5082521847807,644.8780924026132,37.49732530507706,127.02609663221197,,,,timeout
dyn_pax_882,1955.0,2026-07-03 09:32:35,129733424#1,restaurant,,625.7652907028337,1027.567371479777,37.50080296382065,127.02781785674841,2126.0,171.0,taxi_9,picked
dyn_pax_883,1956.0,2026-07-03 09:32:36,520307304#0,school|subway_entrance|bus_stop,,602.6035134310263,763.145495629718,37.498416594724866,127.02761864854104,,,,timeout
dyn_pax_884,1958.0,2026-07-03 09:32:38,218877837#2,company|restaurant|bus_stop,,479.4555212141038,978.0213907550284,37.500328997763305,127.02617530290202,,,,timeout
dyn_pax_885,1959.0,2026-07-03 09:32:39,521766175#3,company|restaurant|subway_entrance|bus_stop,,373.6701172395771,1298.610217621072,37.50319695740621,127.02490310718325,,,,timeout
dyn_pax_886,1961.0,2026-07-03 09:32:41,375049565#6,restaurant|subway_entrance|bus_stop,,789.5153251748014,798.8522330112556,37.49877353199428,127.02972351946808,,,,timeout
dyn_pax_887,1962.0,2026-07-03 09:32:42,-506191135#2,residential|bus_stop,,236.19733776439384,769.6838415951818,37.49840622577806,127.02347432089968,,,,timeout
dyn_pax_888,1964.0,2026-07-03 09:32:44,521766175#3,company|restaurant|subway_entrance|bus_stop,,373.6701172395771,1298.610217621072,37.50319695740621,127.02490310718325,,,,timeout
dyn_pax_889,1965.0,2026-07-03 09:32:45,375049565#6,restaurant|subway_entrance|bus_stop,,789.5153251748014,798.8522330112556,37.49877353199428,127.02972351946808,,,,timeout
dyn_pax_890,1968.0,2026-07-03 09:32:48,218864491#0,restaurant|bus_stop,,769.9803916976219,760.1217113917903,37.49842094941813,127.02951181742357,,,,timeout
dyn_pax_891,1970.0,2026-07-03 09:32:50,-506191135#22,residential|company|restaurant|bus_stop,,38.693950105848444,1321.9513167019495,37.50334380565249,127.02110990869835,2032.0,62.0,taxi_39,picked
dyn_pax_892,1972.0,2026-07-03 09:32:52,-506191135#2,residential|bus_stop,,236.19733776439384,769.6838415951818,37.49840622577806,127.02347432089968,,,,timeout
dyn_pax_893,1973.0,2026-07-03 09:32:53,480850873,company|restaurant|bus_stop,,548.1935052770749,708.5896639848544,37.49791486187585,127.0270163956136,,,,timeout
dyn_pax_894,1975.0,2026-07-03 09:32:55,218864491#0,restaurant|bus_stop,,769.9803916976219,760.1217113917903,37.49842094941813,127.02951181742357,,,,timeout
dyn_pax_895,1978.0,2026-07-03 09:32:58,506191135#3,residential|company|restaurant|bus_stop,,238.79972345576414,789.4714057742513,37.49858497042428,127.023499044737,,,,timeout
dyn_pax_896,1979.0,2026-07-03 09:32:59,1376141183#0,bus_stop,,548.2528111146681,901.2117688498424,37.49965007283687,127.02697139402301,2174.0,195.0,taxi_19,picked
dyn_pax_897,1985.0,2026-07-03 09:33:05,-542367267#1,bus_stop,,247.51018316686128,1414.7184918773391,37.504219024473855,127.02344900430944,2040.0,55.0,taxi_respawn_38,picked
dyn_pax_898,1987.0,2026-07-03 09:33:07,1376141182#0,bus_stop,,385.7154046370183,1301.0311255965628,37.50322104370192,127.02503873135461,2645.0,658.0,taxi_46,picked
dyn_pax_899,1988.0,2026-07-03 09:33:08,975332778#1,bus_stop,,681.6099970732737,721.9380561808346,37.49806030190971,127.02852170075586,,,,timeout
dyn_pax_900,1990.0,2026-07-03 09:33:10,521770119#1,restaurant|bus_stop,,527.3115514435282,995.8620162900467,37.50049875494786,127.02671217090477,,,,timeout
dyn_pax_901,1991.0,2026-07-03 09:33:11,1376141182#0,bus_stop,,385.7154046370183,1301.0311255965628,37.50322104370192,127.02503873135461,2734.0,743.0,taxi_48,picked
dyn_pax_902,1996.0,2026-07-03 09:33:16,523141074#0,company|restaurant|subway_entrance,,524.0338794858329,871.4890157117229,37.4993777454413,127.02670460634431,2039.0,43.0,taxi_respawn_21,picked
dyn_pax_903,1998.0,2026-07-03 09:33:18,1117538957#3,restaurant|subway_entrance|bus_stop,,465.5082521847807,644.8780924026132,37.49732530507706,127.02609663221197,,,,timeout
dyn_pax_904,1999.0,2026-07-03 09:33:19,541692164#1,subway_entrance,,271.6277521231475,1406.6420105391767,37.5041508337347,127.02372362926798,2027.0,28.0,taxi_0,picked
dyn_pax_905,2002.0,2026-07-03 09:33:22,541692164#1,subway_entrance,,271.6277521231475,1406.6420105391767,37.5041508337347,127.02372362926798,2077.0,75.0,taxi_5,picked
dyn_pax_906,2004.0,2026-07-03 09:33:24,521766175#1,company|restaurant|subway_entrance,,332.9365590021661,1411.5585828157227,37.504206724109,127.02441570308932,,,,timeout
dyn_pax_907,2007.0,2026-07-03 09:33:27,480850873,company|restaurant|bus_stop,,548.1935052770749,708.5896639848544,37.49791486187585,127.0270163956136,,,,timeout
dyn_pax_908,2010.0,2026-07-03 09:33:30,218864491#0,restaurant|bus_stop,,769.9803916976219,760.1217113917903,37.49842094941813,127.02951181742357,,,,timeout
dyn_pax_909,2011.0,2026-07-03 09:33:31,1229817205#0,company|subway_entrance|bus_stop,,599.2457558679199,652.2907550986157,37.497417346160496,127.02760695963683,,,,timeout
dyn_pax_910,2013.0,2026-07-03 09:33:33,520307304#0,school|subway_entrance|bus_stop,,602.6035134310263,763.145495629718,37.498416594724866,127.02761864854104,,,,timeout
dyn_pax_911,2014.0,2026-07-03 09:33:34,-417933645#2,company|restaurant|subway_entrance,,701.1658676593129,719.5455833044954,37.49804244093877,127.02874337560036,,,,timeout
dyn_pax_912,2016.0,2026-07-03 09:33:36,178441450#1,residential|company|restaurant|bus_stop,,282.90243066757296,609.4157395563556,37.496971320837204,127.02404044855805,,,,timeout
dyn_pax_913,2019.0,2026-07-03 09:33:39,521770119#0,restaurant|bus_stop,,548.9831206778387,935.1148840516827,37.499955620541705,127.02697161236954,,,,timeout
dyn_pax_914,2021.0,2026-07-03 09:33:41,521766180#1,company|restaurant|bus_stop,,466.73410130235357,1169.2838037446552,37.502049542882666,127.02598608796039,2092.0,71.0,taxi_respawn_5,picked
dyn_pax_915,2024.0,2026-07-03 09:33:44,1117538958#3,bus_stop,,160.18899290588462,540.6019911995099,37.49632820280781,127.02266936696756,2111.0,87.0,taxi_47,picked
dyn_pax_916,2027.0,2026-07-03 09:33:47,1376141183#0,bus_stop,,548.2528111146681,901.2117688498424,37.49965007283687,127.02697139402301,2244.0,217.0,taxi_respawn_11,picked
dyn_pax_917,2028.0,2026-07-03 09:33:48,521766182#1,company|restaurant|subway_entrance,,681.695169875507,539.6867345716422,37.496418539503196,127.02856584056028,2106.0,78.0,taxi_37,picked
dyn_pax_918,2030.0,2026-07-03 09:33:50,-417933645#2,company|restaurant|subway_entrance,,701.1658676593129,719.5455833044954,37.49804244093877,127.02874337560036,,,,timeout
dyn_pax_919,2033.0,2026-07-03 09:33:53,178441450#1,residential|company|restaurant|bus_stop,,282.90243066757296,609.4157395563556,37.496971320837204,127.02404044855805,,,,timeout
dyn_pax_920,2034.0,2026-07-03 09:33:54,375049565#6,restaurant|subway_entrance|bus_stop,,789.5153251748014,798.8522330112556,37.49877353199428,127.02972351946808,,,,timeout
dyn_pax_921,2036.0,2026-07-03 09:33:56,1117538957#3,restaurant|subway_entrance|bus_stop,,465.5082521847807,644.8780924026132,37.49732530507706,127.02609663221197,,,,timeout
dyn_pax_922,2037.0,2026-07-03 09:33:57,218857636#1,residential|company|restaurant|bus_stop,,297.92905089287035,623.2061345250047,37.49709839153085,127.02420706961871,,,,timeout
dyn_pax_923,2039.0,2026-07-03 09:33:59,494824662#3,company|restaurant|subway_entrance,,729.424850252167,406.6843378518681,37.49522941823122,127.02913698209235,,,,timeout
dyn_pax_924,2040.0,2026-07-03 09:34:00,-506191135#2,residential|bus_stop,,236.19733776439384,769.6838415951818,37.49840622577806,127.02347432089968,,,,timeout
dyn_pax_925,2040.0,2026-07-03 09:34:00,417933645#2,residential|company|restaurant,,757.7944798520502,568.4010952306102,37.496691568512986,127.02941943794849,2080.0,40.0,taxi_6,picked
dyn_pax_926,2042.0,2026-07-03 09:34:02,375049565#6,restaurant|subway_entrance|bus_stop,,789.5153251748014,798.8522330112556,37.49877353199428,127.02972351946808,,,,timeout
dyn_pax_927,2044.0,2026-07-03 09:34:04,1117538957#3,restaurant|subway_entrance|bus_stop,,465.5082521847807,644.8780924026132,37.49732530507706,127.02609663221197,,,,timeout
dyn_pax_928,2047.0,2026-07-03 09:34:07,521770116#2,company|restaurant|bus_stop,,432.3182248087171,1108.514093563608,37.50149560521279,127.02561136613096,2090.0,43.0,taxi_respawn_17,picked
dyn_pax_929,2048.0,2026-07-03 09:34:08,1376141183#0,bus_stop,,548.2528111146681,901.2117688498424,37.49965007283687,127.02697139402301,2316.0,268.0,taxi_respawn_16,picked
dyn_pax_930,2050.0,2026-07-03 09:34:10,521770119#0,restaurant|bus_stop,,548.9831206778387,935.1148840516827,37.499955620541705,127.02697161236954,,,,timeout
dyn_pax_931,2053.0,2026-07-03 09:34:13,1117538957#3,restaurant|subway_entrance|bus_stop,,465.5082521847807,644.8780924026132,37.49732530507706,127.02609663221197,,,,timeout
dyn_pax_932,2056.0,2026-07-03 09:34:16,1376141183#0,bus_stop,,548.2528111146681,901.2117688498424,37.49965007283687,127.02697139402301,,,,timeout
dyn_pax_933,2057.0,2026-07-03 09:34:17,417933642#0,restaurant|bus_stop,,1041.0954363710525,463.30841921497654,37.49579826441859,127.03264736696761,,,,timeout
dyn_pax_934,2059.0,2026-07-03 09:34:19,480850873,company|restaurant|bus_stop,,548.1935052770749,708.5896639848544,37.49791486187585,127.0270163956136,,,,timeout
dyn_pax_935,2062.0,2026-07-03 09:34:22,1229817205#1,residential|bus_stop,,631.6400080768872,572.7061575261558,37.49670653972221,127.02799208080955,,,,timeout
dyn_pax_936,2063.0,2026-07-03 09:34:23,541692164#1,subway_entrance,,271.6277521231475,1406.6420105391767,37.5041508337347,127.02372362926798,2123.0,60.0,taxi_44,picked
dyn_pax_937,2065.0,2026-07-03 09:34:25,520307304#0,school|subway_entrance|bus_stop,,602.6035134310263,763.145495629718,37.498416594724866,127.02761864854104,,,,timeout
dyn_pax_938,2065.0,2026-07-03 09:34:25,379463134#2,restaurant,,492.9894267673794,1254.822149661426,37.50282506050825,127.0262626667944,2116.0,51.0,taxi_32,picked
dyn_pax_939,2067.0,2026-07-03 09:34:27,521766175#1,company|restaurant|subway_entrance,,332.9365590021661,1411.5585828157227,37.504206724109,127.02441570308932,,,,timeout
dyn_pax_940,2068.0,2026-07-03 09:34:28,417933642#0,restaurant|bus_stop,,1041.0954363710525,463.30841921497654,37.49579826441859,127.03264736696761,,,,timeout
dyn_pax_941,2070.0,2026-07-03 09:34:30,521766175#3,company|restaurant|subway_entrance|bus_stop,,373.6701172395771,1298.610217621072,37.50319695740621,127.02490310718325,,,,timeout
dyn_pax_942,2071.0,2026-07-03 09:34:31,178441450#1,residential|company|restaurant|bus_stop,,282.90243066757296,609.4157395563556,37.496971320837204,127.02404044855805,,,,timeout
dyn_pax_943,2073.0,2026-07-03 09:34:33,521766175#3,company|restaurant|subway_entrance|bus_stop,,373.6701172395771,1298.610217621072,37.50319695740621,127.02490310718325,,,,timeout
dyn_pax_944,2076.0,2026-07-03 09:34:36,178441450#1,residential|company|restaurant|bus_stop,,282.90243066757296,609.4157395563556,37.496971320837204,127.02404044855805,2630.0,554.0,taxi_respawn_6,picked
dyn_pax_945,2077.0,2026-07-03 09:34:37,520307304#0,school|subway_entrance|bus_stop,,602.6035134310263,763.145495629718,37.498416594724866,127.02761864854104,,,,timeout
dyn_pax_946,2078.0,2026-07-03 09:34:38,-542367267#1,bus_stop,,247.51018316686128,1414.7184918773391,37.504219024473855,127.02344900430944,2127.0,49.0,taxi_18,picked
dyn_pax_947,2079.0,2026-07-03 09:34:39,218857636#1,residential|company|restaurant|bus_stop,,297.92905089287035,623.2061345250047,37.49709839153085,127.02420706961871,,,,timeout
dyn_pax_948,2080.0,2026-07-03 09:34:40,1376141182#0,bus_stop,,385.7154046370183,1301.0311255965628,37.50322104370192,127.02503873135461,,,,timeout
dyn_pax_949,2082.0,2026-07-03 09:34:42,521766180#1,company|restaurant|bus_stop,,466.73410130235357,1169.2838037446552,37.502049542882666,127.02598608796039,2183.0,101.0,taxi_2,picked
dyn_pax_950,2085.0,2026-07-03 09:34:45,1376141183#0,bus_stop,,548.2528111146681,901.2117688498424,37.49965007283687,127.02697139402301,,,,timeout
dyn_pax_951,2086.0,2026-07-03 09:34:46,521770116#2,company|restaurant|bus_stop,,432.3182248087171,1108.514093563608,37.50149560521279,127.02561136613096,2280.0,194.0,taxi_10,picked
dyn_pax_952,2088.0,2026-07-03 09:34:48,521766175#3,company|restaurant|subway_entrance|bus_stop,,373.6701172395771,1298.610217621072,37.50319695740621,127.02490310718325,,,,timeout
dyn_pax_953,2089.0,2026-07-03 09:34:49,178441450#1,residential|company|restaurant|bus_stop,,282.90243066757296,609.4157395563556,37.496971320837204,127.02404044855805,,,,timeout
dyn_pax_954,2093.0,2026-07-03 09:34:53,218857636#1,residential|company|restaurant|bus_stop,,297.92905089287035,623.2061345250047,37.49709839153085,127.02420706961871,,,,timeout
dyn_pax_955,2099.0,2026-07-03 09:34:59,541692164#1,subway_entrance,,271.6277521231475,1406.6420105391767,37.5041508337347,127.02372362926798,2128.0,29.0,taxi_respawn_29,picked
dyn_pax_956,2100.0,2026-07-03 09:35:00,523141074#0,company|restaurant|subway_entrance,,524.0338794858329,871.4890157117229,37.4993777454413,127.02670460634431,2113.0,13.0,taxi_respawn_37,picked
dyn_pax_957,2102.0,2026-07-03 09:35:02,218857636#1,residential|company|restaurant|bus_stop,,297.92905089287035,623.2061345250047,37.49709839153085,127.02420706961871,,,,timeout
dyn_pax_958,2103.0,2026-07-03 09:35:03,521766182#1,company|restaurant|subway_entrance,,681.695169875507,539.6867345716422,37.496418539503196,127.02856584056028,2129.0,26.0,taxi_45,picked
dyn_pax_959,2105.0,2026-07-03 09:35:05,1229817205#0,company|subway_entrance|bus_stop,,599.2457558679199,652.2907550986157,37.497417346160496,127.02760695963683,,,,timeout
dyn_pax_960,2106.0,2026-07-03 09:35:06,1229817205#0,company|subway_entrance|bus_stop,,599.2457558679199,652.2907550986157,37.497417346160496,127.02760695963683,,,,timeout
dyn_pax_961,2108.0,2026-07-03 09:35:08,521766175#3,company|restaurant|subway_entrance|bus_stop,,373.6701172395771,1298.610217621072,37.50319695740621,127.02490310718325,,,,timeout
dyn_pax_962,2109.0,2026-07-03 09:35:09,1229817205#0,company|subway_entrance|bus_stop,,599.2457558679199,652.2907550986157,37.497417346160496,127.02760695963683,,,,timeout
dyn_pax_963,2111.0,2026-07-03 09:35:11,417933642#0,restaurant|bus_stop,,1041.0954363710525,463.30841921497654,37.49579826441859,127.03264736696761,,,,timeout
dyn_pax_964,2111.0,2026-07-03 09:35:11,521766175#1,company|restaurant|subway_entrance,,332.9365590021661,1411.5585828157227,37.504206724109,127.02441570308932,,,,timeout
dyn_pax_965,2112.0,2026-07-03 09:35:12,480850873,company|restaurant|bus_stop,,548.1935052770749,708.5896639848544,37.49791486187585,127.0270163956136,,,,timeout
dyn_pax_966,2114.0,2026-07-03 09:35:14,-506191135#2,residential|bus_stop,,236.19733776439384,769.6838415951818,37.49840622577806,127.02347432089968,,,,timeout
dyn_pax_967,2116.0,2026-07-03 09:35:16,494824662#3,company|restaurant|subway_entrance,,729.424850252167,406.6843378518681,37.49522941823122,127.02913698209235,,,,timeout
dyn_pax_968,2117.0,2026-07-03 09:35:17,1229817205#1,residential|bus_stop,,631.6400080768872,572.7061575261558,37.49670653972221,127.02799208080955,,,,timeout
dyn_pax_969,2119.0,2026-07-03 09:35:19,1117538958#3,bus_stop,,160.18899290588462,540.6019911995099,37.49632820280781,127.02266936696756,2169.0,50.0,taxi_30,picked
dyn_pax_970,2120.0,2026-07-03 09:35:20,-504509918#2,company|restaurant|bus_stop,,398.9694242295193,827.4758220967593,37.49895762305832,127.02530099003066,2313.0,193.0,taxi_24,picked
dyn_pax_971,2121.0,2026-07-03 09:35:21,256787796#6,restaurant,,626.4884087870183,851.7135990963859,37.499218954480725,127.02786771303293,2221.0,100.0,taxi_respawn_10,picked
dyn_pax_972,2122.0,2026-07-03 09:35:22,305539406,company|restaurant|subway_entrance,,566.389495917364,736.5285064605782,37.49816998085155,127.02721550408178,2493.0,371.0,taxi_27,picked
dyn_pax_973,2123.0,2026-07-03 09:35:23,1376141182#0,bus_stop,,385.7154046370183,1301.0311255965628,37.50322104370192,127.02503873135461,,,,timeout
dyn_pax_974,2128.0,2026-07-03 09:35:28,-504509918#2,company|restaurant|bus_stop,,398.9694242295193,827.4758220967593,37.49895762305832,127.02530099003066,2306.0,178.0,taxi_respawn_36,picked
dyn_pax_975,2133.0,2026-07-03 09:35:33,417933645#2,residential|company|restaurant,,757.7944798520502,568.4010952306102,37.496691568512986,127.02941943794849,2219.0,86.0,taxi_6,picked
dyn_pax_976,2134.0,2026-07-03 09:35:34,218873820#0,restaurant|subway_entrance|bus_stop,,628.9829311132032,562.4061665928522,37.49661325243901,127.02796447999128,,,,timeout
dyn_pax_977,2135.0,2026-07-03 09:35:35,1376141183#0,bus_stop,,548.2528111146681,901.2117688498424,37.49965007283687,127.02697139402301,,,,timeout
dyn_pax_978,2137.0,2026-07-03 09:35:37,521770116#2,company|restaurant|bus_stop,,432.3182248087171,1108.514093563608,37.50149560521279,127.02561136613096,2373.0,236.0,taxi_38,picked
dyn_pax_979,2139.0,2026-07-03 09:35:39,1117538958#3,bus_stop,,160.18899290588462,540.6019911995099,37.49632820280781,127.02266936696756,2266.0,127.0,taxi_40,picked
dyn_pax_980,2140.0,2026-07-03 09:35:40,1376141182#0,bus_stop,,385.7154046370183,1301.0311255965628,37.50322104370192,127.02503873135461,,,,timeout
dyn_pax_981,2142.0,2026-07-03 09:35:42,520307304#0,school|subway_entrance|bus_stop,,602.6035134310263,763.145495629718,37.498416594724866,127.02761864854104,,,,timeout
dyn_pax_982,2148.0,2026-07-03 09:35:48,1376141183#0,bus_stop,,548.2528111146681,901.2117688498424,37.49965007283687,127.02697139402301,,,,timeout
dyn_pax_983,2149.0,2026-07-03 09:35:49,-541692164#2,subway_entrance,,317.7122087179151,1441.0296574375257,37.504469327730426,127.0242365566347,2197.0,48.0,taxi_5,picked
dyn_pax_984,2149.0,2026-07-03 09:35:49,178441450#1,residential|company|restaurant|bus_stop,,282.90243066757296,609.4157395563556,37.496971320837204,127.02404044855805,,,,timeout
dyn_pax_985,2151.0,2026-07-03 09:35:51,521770119#0,restaurant|bus_stop,,548.9831206778387,935.1148840516827,37.499955620541705,127.02697161236954,,,,timeout
dyn_pax_986,2152.0,2026-07-03 09:35:52,541692164#1,subway_entrance,,271.6277521231475,1406.6420105391767,37.5041508337347,127.02372362926798,2185.0,33.0,taxi_17,picked
dyn_pax_987,2154.0,2026-07-03 09:35:54,218877837#2,company|restaurant|bus_stop,,479.4555212141038,978.0213907550284,37.500328997763305,127.02617530290202,2627.0,473.0,taxi_respawn_32,picked
dyn_pax_988,2155.0,2026-07-03 09:35:55,521766175#3,company|restaurant|subway_entrance|bus_stop,,373.6701172395771,1298.610217621072,37.50319695740621,127.02490310718325,,,,timeout
dyn_pax_989,2160.0,2026-07-03 09:36:00,1376141182#0,bus_stop,,385.7154046370183,1301.0311255965628,37.50322104370192,127.02503873135461,,,,timeout
dyn_pax_990,2161.0,2026-07-03 09:36:01,1229817205#0,company|subway_entrance|bus_stop,,599.2457558679199,652.2907550986157,37.497417346160496,127.02760695963683,,,,timeout
dyn_pax_991,2163.0,2026-07-03 09:36:03,218877837#2,company|restaurant|bus_stop,,479.4555212141038,978.0213907550284,37.500328997763305,127.02617530290202,,,,timeout
dyn_pax_992,2165.0,2026-07-03 09:36:05,-504509918#2,company|restaurant|bus_stop,,398.9694242295193,827.4758220967593,37.49895762305832,127.02530099003066,2319.0,154.0,taxi_23,picked
dyn_pax_993,2166.0,2026-07-03 09:36:06,520307304#0,school|subway_entrance|bus_stop,,602.6035134310263,763.145495629718,37.498416594724866,127.02761864854104,,,,timeout
dyn_pax_994,2171.0,2026-07-03 09:36:11,417933642#0,restaurant|bus_stop,,1041.0954363710525,463.30841921497654,37.49579826441859,127.03264736696761,,,,timeout
dyn_pax_995,2172.0,2026-07-03 09:36:12,-541692164#2,subway_entrance,,317.7122087179151,1441.0296574375257,37.504469327730426,127.0242365566347,2322.0,150.0,taxi_27,picked
dyn_pax_996,2177.0,2026-07-03 09:36:17,521766182#1,company|restaurant|subway_entrance,,681.695169875507,539.6867345716422,37.496418539503196,127.02856584056028,,,,timeout
dyn_pax_997,2178.0,2026-07-03 09:36:18,218857636#1,residential|company|restaurant|bus_stop,,297.92905089287035,623.2061345250047,37.49709839153085,127.02420706961871,,,,timeout
dyn_pax_998,2180.0,2026-07-03 09:36:20,521770119#1,restaurant|bus_stop,,527.3115514435282,995.8620162900467,37.50049875494786,127.02671217090477,,,,timeout
dyn_pax_999,2181.0,2026-07-03 09:36:21,1229817205#1,residential|bus_stop,,631.6400080768872,572.7061575261558,37.49670653972221,127.02799208080955,,,,timeout
dyn_pax_1000,2183.0,2026-07-03 09:36:23,1117538958#3,bus_stop,,160.18899290588462,540.6019911995099,37.49632820280781,127.02266936696756,2457.0,274.0,taxi_2,picked
dyn_pax_1001,2184.0,2026-07-03 09:36:24,521770119#1,restaurant|bus_stop,,527.3115514435282,995.8620162900467,37.50049875494786,127.02671217090477,2319.0,135.0,taxi_18,picked
dyn_pax_1002,2184.0,2026-07-03 09:36:24,218877837#2,company|restaurant|bus_stop,,479.4555212141038,978.0213907550284,37.500328997763305,127.02617530290202,2200.0,16.0,taxi_respawn_20,picked
dyn_pax_1003,2186.0,2026-07-03 09:36:26,-417933645#2,company|restaurant|subway_entrance,,701.1658676593129,719.5455833044954,37.49804244093877,127.02874337560036,2508.0,322.0,taxi_respawn_11,picked
dyn_pax_1004,2188.0,2026-07-03 09:36:28,218873820#0,restaurant|subway_entrance|bus_stop,,628.9829311132032,562.4061665928522,37.49661325243901,127.02796447999128,,,,timeout
dyn_pax_1005,2191.0,2026-07-03 09:36:31,521770116#2,company|restaurant|bus_stop,,432.3182248087171,1108.514093563608,37.50149560521279,127.02561136613096,2380.0,189.0,taxi_respawn_18,picked
dyn_pax_1006,2192.0,2026-07-03 09:36:32,-541692164#2,subway_entrance,,317.7122087179151,1441.0296574375257,37.504469327730426,127.0242365566347,2281.0,89.0,taxi_respawn_13,picked
dyn_pax_1007,2194.0,2026-07-03 09:36:34,521766175#1,company|restaurant|subway_entrance,,332.9365590021661,1411.5585828157227,37.504206724109,127.02441570308932,,,,timeout
dyn_pax_1008,2197.0,2026-07-03 09:36:37,-542367267#1,bus_stop,,247.51018316686128,1414.7184918773391,37.504219024473855,127.02344900430944,2258.0,61.0,taxi_36,picked
dyn_pax_1009,2198.0,2026-07-03 09:36:38,178441450#1,residential|company|restaurant|bus_stop,,282.90243066757296,609.4157395563556,37.496971320837204,127.02404044855805,2394.0,196.0,taxi_9,picked
dyn_pax_1010,2200.0,2026-07-03 09:36:40,-506191135#22,residential|company|restaurant|bus_stop,,38.693950105848444,1321.9513167019495,37.50334380565249,127.02110990869835,2233.0,33.0,taxi_respawn_19,picked
dyn_pax_1011,2201.0,2026-07-03 09:36:41,218873820#0,restaurant|subway_entrance|bus_stop,,628.9829311132032,562.4061665928522,37.49661325243901,127.02796447999128,,,,timeout
dyn_pax_1012,2203.0,2026-07-03 09:36:43,1229817205#1,residential|bus_stop,,631.6400080768872,572.7061575261558,37.49670653972221,127.02799208080955,2555.0,352.0,taxi_18,picked
dyn_pax_1013,2204.0,2026-07-03 09:36:44,506191135#3,residential|company|restaurant|bus_stop,,238.79972345576414,789.4714057742513,37.49858497042428,127.023499044737,2320.0,116.0,taxi_respawn_3,picked
dyn_pax_1014,2207.0,2026-07-03 09:36:47,506191135#3,residential|company|restaurant|bus_stop,,238.79972345576414,789.4714057742513,37.49858497042428,127.023499044737,2705.0,498.0,taxi_respawn_35,picked
dyn_pax_1015,2209.0,2026-07-03 09:36:49,375049565#6,restaurant|subway_entrance|bus_stop,,789.5153251748014,798.8522330112556,37.49877353199428,127.02972351946808,2311.0,102.0,taxi_respawn_37,picked
dyn_pax_1016,2209.0,2026-07-03 09:36:49,504227065,company,,441.32681628575455,666.8408278135128,37.497518581743364,127.0258180180219,2319.0,110.0,taxi_0,picked
dyn_pax_1017,2211.0,2026-07-03 09:36:51,-541692164#2,subway_entrance,,317.7122087179151,1441.0296574375257,37.504469327730426,127.0242365566347,2357.0,146.0,taxi_5,picked
dyn_pax_1018,2212.0,2026-07-03 09:36:52,521766182#1,company|restaurant|subway_entrance,,681.695169875507,539.6867345716422,37.496418539503196,127.02856584056028,2251.0,39.0,taxi_respawn_31,picked
dyn_pax_1019,2214.0,2026-07-03 09:36:54,218873820#0,restaurant|subway_entrance|bus_stop,,628.9829311132032,562.4061665928522,37.49661325243901,127.02796447999128,,,,timeout
dyn_pax_1020,2217.0,2026-07-03 09:36:57,375049565#6,restaurant|subway_entrance|bus_stop,,789.5153251748014,798.8522330112556,37.49877353199428,127.02972351946808,2294.0,77.0,taxi_8,picked
dyn_pax_1021,2218.0,2026-07-03 09:36:58,375049565#6,restaurant|subway_entrance|bus_stop,,789.5153251748014,798.8522330112556,37.49877353199428,127.02972351946808,2403.0,185.0,taxi_1,picked
dyn_pax_1022,2220.0,2026-07-03 09:37:00,521766175#1,company|restaurant|subway_entrance,,332.9365590021661,1411.5585828157227,37.504206724109,127.02441570308932,,,,timeout
dyn_pax_1023,2221.0,2026-07-03 09:37:01,375049565#6,restaurant|subway_entrance|bus_stop,,789.5153251748014,798.8522330112556,37.49877353199428,127.02972351946808,2536.0,315.0,taxi_respawn_3,picked
dyn_pax_1024,2223.0,2026-07-03 09:37:03,218873820#0,restaurant|subway_entrance|bus_stop,,628.9829311132032,562.4061665928522,37.49661325243901,127.02796447999128,,,,timeout
dyn_pax_1025,2224.0,2026-07-03 09:37:04,417933642#0,restaurant|bus_stop,,1041.0954363710525,463.30841921497654,37.49579826441859,127.03264736696761,2349.0,125.0,taxi_20,picked
dyn_pax_1026,2226.0,2026-07-03 09:37:06,218873820#0,restaurant|subway_entrance|bus_stop,,628.9829311132032,562.4061665928522,37.49661325243901,127.02796447999128,,,,timeout
dyn_pax_1027,2227.0,2026-07-03 09:37:07,521766180#1,company|restaurant|bus_stop,,466.73410130235357,1169.2838037446552,37.502049542882666,127.02598608796039,2355.0,128.0,taxi_respawn_38,picked
dyn_pax_1028,2229.0,2026-07-03 09:37:09,375049565#6,restaurant|subway_entrance|bus_stop,,789.5153251748014,798.8522330112556,37.49877353199428,127.02972351946808,2565.0,336.0,taxi_respawn_16,picked
dyn_pax_1029,2232.0,2026-07-03 09:37:12,1229817205#1,residential|bus_stop,,631.6400080768872,572.7061575261558,37.49670653972221,127.02799208080955,2562.0,330.0,taxi_5,picked
dyn_pax_1030,2233.0,2026-07-03 09:37:13,375049565#6,restaurant|subway_entrance|bus_stop,,789.5153251748014,798.8522330112556,37.49877353199428,127.02972351946808,2651.0,418.0,taxi_respawn_17,picked
dyn_pax_1031,2237.0,2026-07-03 09:37:17,-541692164#2,subway_entrance,,317.7122087179151,1441.0296574375257,37.504469327730426,127.0242365566347,2365.0,128.0,taxi_respawn_17,picked
dyn_pax_1032,2238.0,2026-07-03 09:37:18,305539406,company|restaurant|subway_entrance,,566.389495917364,736.5285064605782,37.49816998085155,127.02721550408178,2249.0,11.0,taxi_21,picked
dyn_pax_1033,2241.0,2026-07-03 09:37:21,521766175#3,company|restaurant|subway_entrance|bus_stop,,373.6701172395771,1298.610217621072,37.50319695740621,127.02490310718325,2543.0,302.0,taxi_respawn_36,picked
dyn_pax_1034,2242.0,2026-07-03 09:37:22,1376141182#0,bus_stop,,385.7154046370183,1301.0311255965628,37.50322104370192,127.02503873135461,2634.0,392.0,taxi_15,picked
dyn_pax_1035,2244.0,2026-07-03 09:37:24,218873820#0,restaurant|subway_entrance|bus_stop,,628.9829311132032,562.4061665928522,37.49661325243901,127.02796447999128,,,,timeout
dyn_pax_1036,2246.0,2026-07-03 09:37:26,975332778#1,bus_stop,,681.6099970732737,721.9380561808346,37.49806030190971,127.02852170075586,2636.0,390.0,taxi_respawn_27,picked
dyn_pax_1037,2249.0,2026-07-03 09:37:29,1229817205#0,company|subway_entrance|bus_stop,,599.2457558679199,652.2907550986157,37.497417346160496,127.02760695963683,2430.0,181.0,taxi_42,picked
dyn_pax_1038,2252.0,2026-07-03 09:37:32,1229817205#0,company|subway_entrance|bus_stop,,599.2457558679199,652.2907550986157,37.497417346160496,127.02760695963683,2521.0,269.0,taxi_44,picked
dyn_pax_1039,2253.0,2026-07-03 09:37:33,-506191135#2,residential|bus_stop,,236.19733776439384,769.6838415951818,37.49840622577806,127.02347432089968,2370.0,117.0,taxi_32,picked
dyn_pax_1040,2255.0,2026-07-03 09:37:35,218873820#0,restaurant|subway_entrance|bus_stop,,628.9829311132032,562.4061665928522,37.49661325243901,127.02796447999128,,,,timeout
dyn_pax_1041,2256.0,2026-07-03 09:37:36,417933642#0,restaurant|bus_stop,,1041.0954363710525,463.30841921497654,37.49579826441859,127.03264736696761,2357.0,101.0,taxi_respawn_20,picked
dyn_pax_1042,2259.0,2026-07-03 09:37:39,129731857#1,residential|restaurant,,656.8212873140518,799.6615847813327,37.498755780674834,127.02822301071001,,,,timeout
dyn_pax_1043,2260.0,2026-07-03 09:37:40,494824662#3,company|restaurant|subway_entrance,,729.424850252167,406.6843378518681,37.49522941823122,127.02913698209235,2466.0,206.0,taxi_respawn_2,picked
dyn_pax_1044,2261.0,2026-07-03 09:37:41,520307304#0,school|subway_entrance|bus_stop,,602.6035134310263,763.145495629718,37.498416594724866,127.02761864854104,,,,timeout
dyn_pax_1045,2263.0,2026-07-03 09:37:43,178441450#1,residential|company|restaurant|bus_stop,,282.90243066757296,609.4157395563556,37.496971320837204,127.02404044855805,2419.0,156.0,taxi_respawn_30,picked
dyn_pax_1046,2264.0,2026-07-03 09:37:44,521766175#3,company|restaurant|subway_entrance|bus_stop,,373.6701172395771,1298.610217621072,37.50319695740621,127.02490310718325,2556.0,292.0,taxi_8,picked
dyn_pax_1047,2266.0,2026-07-03 09:37:46,218857636#1,residential|company|restaurant|bus_stop,,297.92905089287035,623.2061345250047,37.49709839153085,127.02420706961871,2347.0,81.0,taxi_13,picked
dyn_pax_1048,2267.0,2026-07-03 09:37:47,521766175#3,company|restaurant|subway_entrance|bus_stop,,373.6701172395771,1298.610217621072,37.50319695740621,127.02490310718325,2567.0,300.0,taxi_22,picked
dyn_pax_1049,2269.0,2026-07-03 09:37:49,521766182#1,company|restaurant|subway_entrance,,681.695169875507,539.6867345716422,37.496418539503196,127.02856584056028,2315.0,46.0,taxi_39,picked
dyn_pax_1050,2270.0,2026-07-03 09:37:50,1376141183#0,bus_stop,,548.2528111146681,901.2117688498424,37.49965007283687,127.02697139402301,,,,timeout
dyn_pax_1051,2272.0,2026-07-03 09:37:52,375049565#6,restaurant|subway_entrance|bus_stop,,789.5153251748014,798.8522330112556,37.49877353199428,127.02972351946808,2813.0,541.0,taxi_24,picked
dyn_pax_1052,2273.0,2026-07-03 09:37:53,506191135#3,residential|company|restaurant|bus_stop,,238.79972345576414,789.4714057742513,37.49858497042428,127.023499044737,2761.0,488.0,taxi_respawn_38,picked
dyn_pax_1053,2276.0,2026-07-03 09:37:56,480850873,company|restaurant|bus_stop,,548.1935052770749,708.5896639848544,37.49791486187585,127.0270163956136,2323.0,47.0,taxi_21,picked
dyn_pax_1054,2278.0,2026-07-03 09:37:58,1117538958#3,bus_stop,,160.18899290588462,540.6019911995099,37.49632820280781,127.02266936696756,2364.0,86.0,taxi_respawn_6,picked
dyn_pax_1055,2279.0,2026-07-03 09:37:59,1376141183#0,bus_stop,,548.2528111146681,901.2117688498424,37.49965007283687,127.02697139402301,,,,timeout
dyn_pax_1056,2281.0,2026-07-03 09:38:01,375049565#6,restaurant|subway_entrance|bus_stop,,789.5153251748014,798.8522330112556,37.49877353199428,127.02972351946808,2819.0,538.0,taxi_3,picked
dyn_pax_1057,2283.0,2026-07-03 09:38:03,1229817205#0,company|subway_entrance|bus_stop,,599.2457558679199,652.2907550986157,37.497417346160496,127.02760695963683,2610.0,327.0,taxi_12,picked
dyn_pax_1058,2284.0,2026-07-03 09:38:04,975332778#1,bus_stop,,681.6099970732737,721.9380561808346,37.49806030190971,127.02852170075586,,,,timeout
dyn_pax_1059,2285.0,2026-07-03 09:38:05,-117790045#3,restaurant,,459.7597996777886,1476.3698694609513,37.50481454718326,127.02583436303603,2392.0,107.0,taxi_respawn_27,picked
dyn_pax_1060,2286.0,2026-07-03 09:38:06,975332778#1,bus_stop,,681.6099970732737,721.9380561808346,37.49806030190971,127.02852170075586,,,,timeout
dyn_pax_1061,2287.0,2026-07-03 09:38:07,506191135#3,residential|company|restaurant|bus_stop,,238.79972345576414,789.4714057742513,37.49858497042428,127.023499044737,,,,timeout
dyn_pax_1062,2289.0,2026-07-03 09:38:09,975332778#1,bus_stop,,681.6099970732737,721.9380561808346,37.49806030190971,127.02852170075586,,,,timeout
dyn_pax_1063,2292.0,2026-07-03 09:38:12,480850873,company|restaurant|bus_stop,,548.1935052770749,708.5896639848544,37.49791486187585,127.0270163956136,2834.0,542.0,taxi_0,picked
dyn_pax_1064,2293.0,2026-07-03 09:38:13,520307304#0,school|subway_entrance|bus_stop,,602.6035134310263,763.145495629718,37.498416594724866,127.02761864854104,,,,timeout
dyn_pax_1065,2295.0,2026-07-03 09:38:15,975332778#1,bus_stop,,681.6099970732737,721.9380561808346,37.49806030190971,127.02852170075586,,,,timeout
dyn_pax_1066,2296.0,2026-07-03 09:38:16,375049565#6,restaurant|subway_entrance|bus_stop,,789.5153251748014,798.8522330112556,37.49877353199428,127.02972351946808,2807.0,511.0,taxi_44,picked
dyn_pax_1067,2297.0,2026-07-03 09:38:17,218877837#2,company|restaurant|bus_stop,,479.4555212141038,978.0213907550284,37.500328997763305,127.02617530290202,2373.0,76.0,taxi_47,picked
dyn_pax_1068,2299.0,2026-07-03 09:38:19,-506191135#22,residential|company|restaurant|bus_stop,,38.693950105848444,1321.9513167019495,37.50334380565249,127.02110990869835,2507.0,208.0,taxi_respawn_37,picked
dyn_pax_1069,2301.0,2026-07-03 09:38:21,1229817205#1,residential|bus_stop,,631.6400080768872,572.7061575261558,37.49670653972221,127.02799208080955,2608.0,307.0,taxi_2,picked
dyn_pax_1070,2302.0,2026-07-03 09:38:22,-541692164#2,subway_entrance,,317.7122087179151,1441.0296574375257,37.504469327730426,127.0242365566347,2720.0,418.0,taxi_16,picked
dyn_pax_1071,2304.0,2026-07-03 09:38:24,1376141183#0,bus_stop,,548.2528111146681,901.2117688498424,37.49965007283687,127.02697139402301,,,,timeout
dyn_pax_1072,2305.0,2026-07-03 09:38:25,-506191135#22,residential|company|restaurant|bus_stop,,38.693950105848444,1321.9513167019495,37.50334380565249,127.02110990869835,2519.0,214.0,taxi_24,picked
dyn_pax_1073,2307.0,2026-07-03 09:38:27,506191135#3,residential|company|restaurant|bus_stop,,238.79972345576414,789.4714057742513,37.49858497042428,127.023499044737,2842.0,535.0,taxi_23,picked
dyn_pax_1074,2307.0,2026-07-03 09:38:27,-417750337#2,restaurant,,578.5487433358253,1191.18897592047,37.50226799999912,127.02724519016736,2350.0,43.0,taxi_respawn_26,picked
dyn_pax_1075,2309.0,2026-07-03 09:38:29,1376141183#0,bus_stop,,548.2528111146681,901.2117688498424,37.49965007283687,127.02697139402301,,,,timeout
dyn_pax_1076,2310.0,2026-07-03 09:38:30,218877837#2,company|restaurant|bus_stop,,479.4555212141038,978.0213907550284,37.500328997763305,127.02617530290202,2457.0,147.0,taxi_34,picked
dyn_pax_1077,2313.0,2026-07-03 09:38:33,218873820#0,restaurant|subway_entrance|bus_stop,,628.9829311132032,562.4061665928522,37.49661325243901,127.02796447999128,,,,timeout
dyn_pax_1078,2315.0,2026-07-03 09:38:35,-506191135#2,residential|bus_stop,,236.19733776439384,769.6838415951818,37.49840622577806,127.02347432089968,2548.0,233.0,taxi_47,picked
dyn_pax_1079,2316.0,2026-07-03 09:38:36,218877837#2,company|restaurant|bus_stop,,479.4555212141038,978.0213907550284,37.500328997763305,127.02617530290202,2542.0,226.0,taxi_6,picked
dyn_pax_1080,2321.0,2026-07-03 09:38:41,-506191135#2,residential|bus_stop,,236.19733776439384,769.6838415951818,37.49840622577806,127.02347432089968,2660.0,339.0,taxi_47,picked
dyn_pax_1081,2322.0,2026-07-03 09:38:42,1376141182#0,bus_stop,,385.7154046370183,1301.0311255965628,37.50322104370192,127.02503873135461,2640.0,318.0,taxi_respawn_10,picked
dyn_pax_1082,2324.0,2026-07-03 09:38:44,1117538957#3,restaurant|subway_entrance|bus_stop,,465.5082521847807,644.8780924026132,37.49732530507706,127.02609663221197,2391.0,67.0,taxi_45,picked
dyn_pax_1083,2325.0,2026-07-03 09:38:45,494824662#3,company|restaurant|subway_entrance,,729.424850252167,406.6843378518681,37.49522941823122,127.02913698209235,2543.0,218.0,taxi_20,picked
dyn_pax_1084,2327.0,2026-07-03 09:38:47,1229817205#0,company|subway_entrance|bus_stop,,599.2457558679199,652.2907550986157,37.497417346160496,127.02760695963683,2971.0,644.0,taxi_respawn_17,picked
dyn_pax_1085,2328.0,2026-07-03 09:38:48,-541692164#2,subway_entrance,,317.7122087179151,1441.0296574375257,37.504469327730426,127.0242365566347,,,,timeout
dyn_pax_1086,2332.0,2026-07-03 09:38:52,218873820#0,restaurant|subway_entrance|bus_stop,,628.9829311132032,562.4061665928522,37.49661325243901,127.02796447999128,,,,timeout
dyn_pax_1087,2333.0,2026-07-03 09:38:53,541692164#1,subway_entrance,,271.6277521231475,1406.6420105391767,37.5041508337347,127.02372362926798,2356.0,23.0,taxi_49,picked
dyn_pax_1088,2335.0,2026-07-03 09:38:55,521770119#0,restaurant|bus_stop,,548.9831206778387,935.1148840516827,37.499955620541705,127.02697161236954,,,,timeout
dyn_pax_1089,2336.0,2026-07-03 09:38:56,521770119#0,restaurant|bus_stop,,548.9831206778387,935.1148840516827,37.499955620541705,127.02697161236954,,,,timeout
dyn_pax_1090,2338.0,2026-07-03 09:38:58,523141074#0,company|restaurant|subway_entrance,,524.0338794858329,871.4890157117229,37.4993777454413,127.02670460634431,2563.0,225.0,taxi_3,picked
dyn_pax_1091,2339.0,2026-07-03 09:38:59,218864491#0,restaurant|bus_stop,,769.9803916976219,760.1217113917903,37.49842094941813,127.02951181742357,,,,timeout
dyn_pax_1092,2340.0,2026-07-03 09:39:00,-523141073,residential|company,,283.47995026542384,1109.9635024546676,37.50148051131825,127.02392811188028,2421.0,81.0,taxi_respawn_35,picked
dyn_pax_1093,2341.0,2026-07-03 09:39:01,178441450#1,residential|company|restaurant|bus_stop,,282.90243066757296,609.4157395563556,37.496971320837204,127.02404044855805,2412.0,71.0,taxi_respawn_29,picked
dyn_pax_1094,2344.0,2026-07-03 09:39:04,-506191135#22,residential|company|restaurant|bus_stop,,38.693950105848444,1321.9513167019495,37.50334380565249,127.02110990869835,2603.0,259.0,taxi_respawn_30,picked
dyn_pax_1095,2345.0,2026-07-03 09:39:05,1117538958#3,bus_stop,,160.18899290588462,540.6019911995099,37.49632820280781,127.02266936696756,2441.0,96.0,taxi_21,picked
dyn_pax_1096,2347.0,2026-07-03 09:39:07,-417933645#2,company|restaurant|subway_entrance,,701.1658676593129,719.5455833044954,37.49804244093877,127.02874337560036,2652.0,305.0,taxi_respawn_5,picked
dyn_pax_1097,2348.0,2026-07-03 09:39:08,1229817205#0,company|subway_entrance|bus_stop,,599.2457558679199,652.2907550986157,37.497417346160496,127.02760695963683,,,,timeout
dyn_pax_1098,2350.0,2026-07-03 09:39:10,521770116#2,company|restaurant|bus_stop,,432.3182248087171,1108.514093563608,37.50149560521279,127.02561136613096,2499.0,149.0,taxi_respawn_15,picked
dyn_pax_1099,2351.0,2026-07-03 09:39:11,-542367267#1,bus_stop,,247.51018316686128,1414.7184918773391,37.504219024473855,127.02344900430944,2437.0,86.0,taxi_respawn_13,picked
dyn_pax_1100,2353.0,2026-07-03 09:39:13,-542367267#1,bus_stop,,247.51018316686128,1414.7184918773391,37.504219024473855,127.02344900430944,2445.0,92.0,taxi_35,picked
dyn_pax_1101,2355.0,2026-07-03 09:39:15,521766182#1,company|restaurant|subway_entrance,,681.695169875507,539.6867345716422,37.496418539503196,127.02856584056028,2449.0,94.0,taxi_respawn_1,picked
dyn_pax_1102,2356.0,2026-07-03 09:39:16,521766175#3,company|restaurant|subway_entrance|bus_stop,,373.6701172395771,1298.610217621072,37.50319695740621,127.02490310718325,2527.0,171.0,taxi_19,picked
dyn_pax_1103,2358.0,2026-07-03 09:39:18,417933642#0,restaurant|bus_stop,,1041.0954363710525,463.30841921497654,37.49579826441859,127.03264736696761,2449.0,91.0,taxi_28,picked
dyn_pax_1104,2361.0,2026-07-03 09:39:21,1229817205#0,company|subway_entrance|bus_stop,,599.2457558679199,652.2907550986157,37.497417346160496,127.02760695963683,,,,timeout
dyn_pax_1105,2362.0,2026-07-03 09:39:22,521770119#1,restaurant|bus_stop,,527.3115514435282,995.8620162900467,37.50049875494786,127.02671217090477,2441.0,79.0,taxi_29,picked
dyn_pax_1106,2364.0,2026-07-03 09:39:24,520307304#0,school|subway_entrance|bus_stop,,602.6035134310263,763.145495629718,37.498416594724866,127.02761864854104,,,,timeout
dyn_pax_1107,2365.0,2026-07-03 09:39:25,218873820#0,restaurant|subway_entrance|bus_stop,,628.9829311132032,562.4061665928522,37.49661325243901,127.02796447999128,,,,timeout
dyn_pax_1108,2367.0,2026-07-03 09:39:27,-506191135#22,residential|company|restaurant|bus_stop,,38.693950105848444,1321.9513167019495,37.50334380565249,127.02110990869835,2631.0,264.0,taxi_43,picked
dyn_pax_1109,2368.0,2026-07-03 09:39:28,-506191135#2,residential|bus_stop,,236.19733776439384,769.6838415951818,37.49840622577806,127.02347432089968,,,,timeout
dyn_pax_1110,2371.0,2026-07-03 09:39:31,520307304#0,school|subway_entrance|bus_stop,,602.6035134310263,763.145495629718,37.498416594724866,127.02761864854104,,,,timeout
dyn_pax_1111,2373.0,2026-07-03 09:39:33,520307304#0,school|subway_entrance|bus_stop,,602.6035134310263,763.145495629718,37.498416594724866,127.02761864854104,,,,timeout
dyn_pax_1112,2374.0,2026-07-03 09:39:34,-504509918#2,company|restaurant|bus_stop,,398.9694242295193,827.4758220967593,37.49895762305832,127.02530099003066,2571.0,197.0,taxi_respawn_28,picked
dyn_pax_1113,2376.0,2026-07-03 09:39:36,506191135#3,residential|company|restaurant|bus_stop,,238.79972345576414,789.4714057742513,37.49858497042428,127.023499044737,2852.0,476.0,taxi_16,picked
dyn_pax_1114,2377.0,2026-07-03 09:39:37,1117538957#3,restaurant|subway_entrance|bus_stop,,465.5082521847807,644.8780924026132,37.49732530507706,127.02609663221197,2458.0,81.0,taxi_respawn_9,picked
dyn_pax_1115,2379.0,2026-07-03 09:39:39,523141074#0,company|restaurant|subway_entrance,,524.0338794858329,871.4890157117229,37.4993777454413,127.02670460634431,2843.0,464.0,taxi_27,picked
dyn_pax_1116,2381.0,2026-07-03 09:39:41,521770119#1,restaurant|bus_stop,,527.3115514435282,995.8620162900467,37.50049875494786,127.02671217090477,2634.0,253.0,taxi_respawn_34,picked
dyn_pax_1117,2382.0,2026-07-03 09:39:42,417933642#0,restaurant|bus_stop,,1041.0954363710525,463.30841921497654,37.49579826441859,127.03264736696761,2775.0,393.0,taxi_respawn_26,picked
dyn_pax_1118,2383.0,2026-07-03 09:39:43,480850873,company|restaurant|bus_stop,,548.1935052770749,708.5896639848544,37.49791486187585,127.0270163956136,2792.0,409.0,taxi_28,picked
dyn_pax_1119,2387.0,2026-07-03 09:39:47,218857636#1,residential|company|restaurant|bus_stop,,297.92905089287035,623.2061345250047,37.49709839153085,127.02420706961871,2438.0,51.0,taxi_7,picked
dyn_pax_1120,2390.0,2026-07-03 09:39:50,1117538958#3,bus_stop,,160.18899290588462,540.6019911995099,37.49632820280781,127.02266936696756,2450.0,60.0,taxi_respawn_12,picked
dyn_pax_1121,2391.0,2026-07-03 09:39:51,1229817205#0,company|subway_entrance|bus_stop,,599.2457558679199,652.2907550986157,37.497417346160496,127.02760695963683,,,,timeout
dyn_pax_1122,2393.0,2026-07-03 09:39:53,-542367267#1,bus_stop,,247.51018316686128,1414.7184918773391,37.504219024473855,127.02344900430944,2458.0,65.0,taxi_respawn_5,picked
dyn_pax_1123,2396.0,2026-07-03 09:39:56,218877837#2,company|restaurant|bus_stop,,479.4555212141038,978.0213907550284,37.500328997763305,127.02617530290202,2570.0,174.0,taxi_respawn_4,picked
dyn_pax_1124,2397.0,2026-07-03 09:39:57,-541692164#2,subway_entrance,,317.7122087179151,1441.0296574375257,37.504469327730426,127.0242365566347,2931.0,534.0,taxi_respawn_21,picked
dyn_pax_1125,2399.0,2026-07-03 09:39:59,178441450#1,residential|company|restaurant|bus_stop,,282.90243066757296,609.4157395563556,37.496971320837204,127.02404044855805,2484.0,85.0,taxi_17,picked
dyn_pax_1126,2400.0,2026-07-03 09:40:00,-506191135#22,residential|company|restaurant|bus_stop,,38.693950105848444,1321.9513167019495,37.50334380565249,127.02110990869835,2643.0,243.0,taxi_1,picked
dyn_pax_1127,2402.0,2026-07-03 09:40:02,480850873,company|restaurant|bus_stop,,548.1935052770749,708.5896639848544,37.49791486187585,127.0270163956136,2805.0,403.0,taxi_2,picked
dyn_pax_1128,2404.0,2026-07-03 09:40:04,480850873,company|restaurant|bus_stop,,548.1935052770749,708.5896639848544,37.49791486187585,127.0270163956136,2887.0,483.0,taxi_respawn_25,picked
dyn_pax_1129,2405.0,2026-07-03 09:40:05,305539406,company|restaurant|subway_entrance,,566.389495917364,736.5285064605782,37.49816998085155,127.02721550408178,2438.0,33.0,taxi_3,picked
dyn_pax_1130,2407.0,2026-07-03 09:40:07,1229817205#0,company|subway_entrance|bus_stop,,599.2457558679199,652.2907550986157,37.497417346160496,127.02760695963683,,,,timeout
dyn_pax_1131,2408.0,2026-07-03 09:40:08,523141074#0,company|restaurant|subway_entrance,,524.0338794858329,871.4890157117229,37.4993777454413,127.02670460634431,2932.0,524.0,taxi_36,picked
dyn_pax_1132,2408.0,2026-07-03 09:40:08,521766182#1,company|restaurant|subway_entrance,,681.695169875507,539.6867345716422,37.496418539503196,127.02856584056028,2459.0,51.0,taxi_respawn_22,picked
dyn_pax_1133,2410.0,2026-07-03 09:40:10,506191135#3,residential|company|restaurant|bus_stop,,238.79972345576414,789.4714057742513,37.49858497042428,127.023499044737,,,,timeout
dyn_pax_1134,2411.0,2026-07-03 09:40:11,1229817205#0,company|subway_entrance|bus_stop,,599.2457558679199,652.2907550986157,37.497417346160496,127.02760695963683,,,,timeout
dyn_pax_1135,2413.0,2026-07-03 09:40:13,-506191135#2,residential|bus_stop,,236.19733776439384,769.6838415951818,37.49840622577806,127.02347432089968,,,,timeout
dyn_pax_1136,2414.0,2026-07-03 09:40:14,480850873,company|restaurant|bus_stop,,548.1935052770749,708.5896639848544,37.49791486187585,127.0270163956136,,,,timeout
dyn_pax_1137,2416.0,2026-07-03 09:40:16,520307304#0,school|subway_entrance|bus_stop,,602.6035134310263,763.145495629718,37.498416594724866,127.02761864854104,,,,timeout
dyn_pax_1138,2416.0,2026-07-03 09:40:16,256787796#2,restaurant,,573.8171824012851,1000.9225059734806,37.50055312725627,127.02723680274495,2495.0,79.0,taxi_0,picked
dyn_pax_1139,2422.0,2026-07-03 09:40:22,218857636#1,residential|company|restaurant|bus_stop,,297.92905089287035,623.2061345250047,37.49709839153085,127.02420706961871,2807.0,385.0,taxi_respawn_32,picked
dyn_pax_1140,2423.0,2026-07-03 09:40:23,-542367267#1,bus_stop,,247.51018316686128,1414.7184918773391,37.504219024473855,127.02344900430944,2451.0,28.0,taxi_respawn_19,picked
dyn_pax_1141,2427.0,2026-07-03 09:40:27,218857636#1,residential|company|restaurant|bus_stop,,297.92905089287035,623.2061345250047,37.49709839153085,127.02420706961871,,,,timeout
dyn_pax_1142,2430.0,2026-07-03 09:40:30,1229817205#0,company|subway_entrance|bus_stop,,599.2457558679199,652.2907550986157,37.497417346160496,127.02760695963683,,,,timeout
dyn_pax_1143,2431.0,2026-07-03 09:40:31,1117538957#3,restaurant|subway_entrance|bus_stop,,465.5082521847807,644.8780924026132,37.49732530507706,127.02609663221197,2545.0,114.0,taxi_respawn_20,picked
dyn_pax_1144,2433.0,2026-07-03 09:40:33,520307304#0,school|subway_entrance|bus_stop,,602.6035134310263,763.145495629718,37.498416594724866,127.02761864854104,,,,timeout
dyn_pax_1145,2434.0,2026-07-03 09:40:34,494824662#3,company|restaurant|subway_entrance,,729.424850252167,406.6843378518681,37.49522941823122,127.02913698209235,2709.0,275.0,taxi_7,picked
dyn_pax_1146,2437.0,2026-07-03 09:40:37,494824662#3,company|restaurant|subway_entrance,,729.424850252167,406.6843378518681,37.49522941823122,127.02913698209235,2898.0,461.0,taxi_5,picked
dyn_pax_1147,2439.0,2026-07-03 09:40:39,494824662#3,company|restaurant|subway_entrance,,729.424850252167,406.6843378518681,37.49522941823122,127.02913698209235,,,,timeout
dyn_pax_1148,2440.0,2026-07-03 09:40:40,1117538957#3,restaurant|subway_entrance|bus_stop,,465.5082521847807,644.8780924026132,37.49732530507706,127.02609663221197,2551.0,111.0,taxi_respawn_18,picked
dyn_pax_1149,2442.0,2026-07-03 09:40:42,-506191135#2,residential|bus_stop,,236.19733776439384,769.6838415951818,37.49840622577806,127.02347432089968,,,,timeout
dyn_pax_1150,2443.0,2026-07-03 09:40:43,1229817205#0,company|subway_entrance|bus_stop,,599.2457558679199,652.2907550986157,37.497417346160496,127.02760695963683,,,,timeout
dyn_pax_1151,2445.0,2026-07-03 09:40:45,521766175#3,company|restaurant|subway_entrance|bus_stop,,373.6701172395771,1298.610217621072,37.50319695740621,127.02490310718325,2929.0,484.0,taxi_12,picked
dyn_pax_1152,2446.0,2026-07-03 09:40:46,521766180#1,company|restaurant|bus_stop,,466.73410130235357,1169.2838037446552,37.502049542882666,127.02598608796039,2538.0,92.0,taxi_49,picked
dyn_pax_1153,2448.0,2026-07-03 09:40:48,1117538957#3,restaurant|subway_entrance|bus_stop,,465.5082521847807,644.8780924026132,37.49732530507706,127.02609663221197,2727.0,279.0,taxi_respawn_16,picked
dyn_pax_1154,2449.0,2026-07-03 09:40:49,521766180#1,company|restaurant|bus_stop,,466.73410130235357,1169.2838037446552,37.502049542882666,127.02598608796039,2603.0,154.0,taxi_40,picked
dyn_pax_1155,2451.0,2026-07-03 09:40:51,521766175#3,company|restaurant|subway_entrance|bus_stop,,373.6701172395771,1298.610217621072,37.50319695740621,127.02490310718325,,,,timeout
dyn_pax_1156,2453.0,2026-07-03 09:40:53,541692164#1,subway_entrance,,271.6277521231475,1406.6420105391767,37.5041508337347,127.02372362926798,2528.0,75.0,taxi_10,picked
dyn_pax_1157,2453.0,2026-07-03 09:40:53,417933645#0,residential|restaurant,,823.1026288816429,385.61625104994533,37.49505730126708,127.03020109557775,,,,timeout
dyn_pax_1158,2454.0,2026-07-03 09:40:54,523141074#0,company|restaurant|subway_entrance,,524.0338794858329,871.4890157117229,37.4993777454413,127.02670460634431,2962.0,508.0,taxi_respawn_35,picked
dyn_pax_1159,2456.0,2026-07-03 09:40:56,480850873,company|restaurant|bus_stop,,548.1935052770749,708.5896639848544,37.49791486187585,127.0270163956136,,,,timeout
dyn_pax_1160,2456.0,2026-07-03 09:40:56,-117790039#2,company|restaurant,,1017.0012393074795,990.846024966068,37.5005459641277,127.03225021068775,2499.0,43.0,taxi_16,picked
dyn_pax_1161,2457.0,2026-07-03 09:40:57,521766182#1,company|restaurant|subway_entrance,,681.695169875507,539.6867345716422,37.496418539503196,127.02856584056028,2706.0,249.0,taxi_29,picked
dyn_pax_1162,2459.0,2026-07-03 09:40:59,218864491#0,restaurant|bus_stop,,769.9803916976219,760.1217113917903,37.49842094941813,127.02951181742357,,,,timeout
dyn_pax_1163,2460.0,2026-07-03 09:41:00,218877837#2,company|restaurant|bus_stop,,479.4555212141038,978.0213907550284,37.500328997763305,127.02617530290202,2578.0,118.0,taxi_23,picked
dyn_pax_1164,2463.0,2026-07-03 09:41:03,506191135#3,residential|company|restaurant|bus_stop,,238.79972345576414,789.4714057742513,37.49858497042428,127.023499044737,,,,timeout
dyn_pax_1165,2465.0,2026-07-03 09:41:05,417933642#0,restaurant|bus_stop,,1041.0954363710525,463.30841921497654,37.49579826441859,127.03264736696761,2798.0,333.0,taxi_6,picked
dyn_pax_1166,2466.0,2026-07-03 09:41:06,218873820#0,restaurant|subway_entrance|bus_stop,,628.9829311132032,562.4061665928522,37.49661325243901,127.02796447999128,,,,timeout
dyn_pax_1167,2468.0,2026-07-03 09:41:08,480850873,company|restaurant|bus_stop,,548.1935052770749,708.5896639848544,37.49791486187585,127.0270163956136,2969.0,501.0,taxi_41,picked
dyn_pax_1168,2469.0,2026-07-03 09:41:09,521766175#1,company|restaurant|subway_entrance,,332.9365590021661,1411.5585828157227,37.504206724109,127.02441570308932,,,,timeout
dyn_pax_1169,2471.0,2026-07-03 09:41:11,520307304#0,school|subway_entrance|bus_stop,,602.6035134310263,763.145495629718,37.498416594724866,127.02761864854104,,,,timeout
dyn_pax_1170,2472.0,2026-07-03 09:41:12,-504509918#2,company|restaurant|bus_stop,,398.9694242295193,827.4758220967593,37.49895762305832,127.02530099003066,2575.0,103.0,taxi_respawn_14,picked
dyn_pax_1171,2474.0,2026-07-03 09:41:14,521766175#1,company|restaurant|subway_entrance,,332.9365590021661,1411.5585828157227,37.504206724109,127.02441570308932,,,,timeout
dyn_pax_1172,2476.0,2026-07-03 09:41:16,-504509918#2,company|restaurant|bus_stop,,398.9694242295193,827.4758220967593,37.49895762305832,127.02530099003066,2667.0,191.0,taxi_28,picked
dyn_pax_1173,2477.0,2026-07-03 09:41:17,521766182#1,company|restaurant|subway_entrance,,681.695169875507,539.6867345716422,37.496418539503196,127.02856584056028,2751.0,274.0,taxi_respawn_5,picked
dyn_pax_1174,2479.0,2026-07-03 09:41:19,1229817205#0,company|subway_entrance|bus_stop,,599.2457558679199,652.2907550986157,37.497417346160496,127.02760695963683,,,,timeout
dyn_pax_1175,2479.0,2026-07-03 09:41:19,129731859#1,restaurant,,770.318180095484,905.1374216517651,37.499727361620906,127.02948129560598,2564.0,85.0,taxi_respawn_26,picked
dyn_pax_1176,2480.0,2026-07-03 09:41:20,521770119#0,restaurant|bus_stop,,548.9831206778387,935.1148840516827,37.499955620541705,127.02697161236954,,,,timeout
dyn_pax_1177,2482.0,2026-07-03 09:41:22,375049565#6,restaurant|subway_entrance|bus_stop,,789.5153251748014,798.8522330112556,37.49877353199428,127.02972351946808,2824.0,342.0,taxi_40,picked
dyn_pax_1178,2483.0,2026-07-03 09:41:23,521770119#1,restaurant|bus_stop,,527.3115514435282,995.8620162900467,37.50049875494786,127.02671217090477,2707.0,224.0,taxi_4,picked
dyn_pax_1179,2485.0,2026-07-03 09:41:25,521766175#3,company|restaurant|subway_entrance|bus_stop,,373.6701172395771,1298.610217621072,37.50319695740621,127.02490310718325,2980.0,495.0,taxi_18,picked
dyn_pax_1180,2488.0,2026-07-03 09:41:28,1117538957#3,restaurant|subway_entrance|bus_stop,,465.5082521847807,644.8780924026132,37.49732530507706,127.02609663221197,2903.0,415.0,taxi_respawn_3,picked
dyn_pax_1181,2489.0,2026-07-03 09:41:29,218857636#1,residential|company|restaurant|bus_stop,,297.92905089287035,623.2061345250047,37.49709839153085,127.02420706961871,,,,timeout
dyn_pax_1182,2491.0,2026-07-03 09:41:31,1376141183#0,bus_stop,,548.2528111146681,901.2117688498424,37.49965007283687,127.02697139402301,,,,timeout
dyn_pax_1183,2492.0,2026-07-03 09:41:32,480850873,company|restaurant|bus_stop,,548.1935052770749,708.5896639848544,37.49791486187585,127.0270163956136,,,,timeout
dyn_pax_1184,2494.0,2026-07-03 09:41:34,-506191135#2,residential|bus_stop,,236.19733776439384,769.6838415951818,37.49840622577806,127.02347432089968,,,,timeout
dyn_pax_1185,2495.0,2026-07-03 09:41:35,521766175#1,company|restaurant|subway_entrance,,332.9365590021661,1411.5585828157227,37.504206724109,127.02441570308932,,,,timeout
dyn_pax_1186,2497.0,2026-07-03 09:41:37,218857636#1,residential|company|restaurant|bus_stop,,297.92905089287035,623.2061345250047,37.49709839153085,127.02420706961871,,,,timeout
dyn_pax_1187,2499.0,2026-07-03 09:41:39,218873820#0,restaurant|subway_entrance|bus_stop,,628.9829311132032,562.4061665928522,37.49661325243901,127.02796447999128,,,,timeout
dyn_pax_1188,2500.0,2026-07-03 09:41:40,-542367267#1,bus_stop,,247.51018316686128,1414.7184918773391,37.504219024473855,127.02344900430944,2573.0,73.0,taxi_32,picked
dyn_pax_1189,2502.0,2026-07-03 09:41:42,1376141183#0,bus_stop,,548.2528111146681,901.2117688498424,37.49965007283687,127.02697139402301,,,,timeout
dyn_pax_1190,2503.0,2026-07-03 09:41:43,521766175#3,company|restaurant|subway_entrance|bus_stop,,373.6701172395771,1298.610217621072,37.50319695740621,127.02490310718325,2986.0,483.0,taxi_48,picked
dyn_pax_1191,2505.0,2026-07-03 09:41:45,521770119#1,restaurant|bus_stop,,527.3115514435282,995.8620162900467,37.50049875494786,127.02671217090477,2784.0,279.0,taxi_32,picked
dyn_pax_1192,2506.0,2026-07-03 09:41:46,1117538958#3,bus_stop,,160.18899290588462,540.6019911995099,37.49632820280781,127.02266936696756,2550.0,44.0,taxi_38,picked
dyn_pax_1193,2509.0,2026-07-03 09:41:49,521770119#1,restaurant|bus_stop,,527.3115514435282,995.8620162900467,37.50049875494786,127.02671217090477,2888.0,379.0,taxi_8,picked
dyn_pax_1194,2511.0,2026-07-03 09:41:51,218857636#1,residential|company|restaurant|bus_stop,,297.92905089287035,623.2061345250047,37.49709839153085,127.02420706961871,,,,timeout
dyn_pax_1195,2512.0,2026-07-03 09:41:52,1376141183#0,bus_stop,,548.2528111146681,901.2117688498424,37.49965007283687,127.02697139402301,,,,timeout
dyn_pax_1196,2514.0,2026-07-03 09:41:54,178441450#1,residential|company|restaurant|bus_stop,,282.90243066757296,609.4157395563556,37.496971320837204,127.02404044855805,2577.0,63.0,taxi_14,picked
dyn_pax_1197,2515.0,2026-07-03 09:41:55,520307304#0,school|subway_entrance|bus_stop,,602.6035134310263,763.145495629718,37.498416594724866,127.02761864854104,,,,timeout
dyn_pax_1198,2516.0,2026-07-03 09:41:56,-117790062#4,company,,666.6267400273903,1210.7400577041187,37.50246075614395,127.02823646445898,2597.0,81.0,taxi_13,picked
dyn_pax_1199,2518.0,2026-07-03 09:41:58,218864491#0,restaurant|bus_stop,,769.9803916976219,760.1217113917903,37.49842094941813,127.02951181742357,,,,timeout
dyn_pax_1200,2519.0,2026-07-03 09:41:59,129731721#0,company|restaurant,,451.4485582282947,673.334514427724,37.497578992002325,127.0259309178301,2584.0,65.0,taxi_27,picked
dyn_pax_1201,2520.0,2026-07-03 09:42:00,1229817205#1,residential|bus_stop,,631.6400080768872,572.7061575261558,37.49670653972221,127.02799208080955,,,,timeout
dyn_pax_1202,2521.0,2026-07-03 09:42:01,1376141182#0,bus_stop,,385.7154046370183,1301.0311255965628,37.50322104370192,127.02503873135461,2824.0,303.0,taxi_respawn_24,picked
dyn_pax_1203,2523.0,2026-07-03 09:42:03,521766182#1,company|restaurant|subway_entrance,,681.695169875507,539.6867345716422,37.496418539503196,127.02856584056028,2987.0,464.0,taxi_33,picked
dyn_pax_1204,2526.0,2026-07-03 09:42:06,1117538957#3,restaurant|subway_entrance|bus_stop,,465.5082521847807,644.8780924026132,37.49732530507706,127.02609663221197,2880.0,354.0,taxi_42,picked
dyn_pax_1205,2529.0,2026-07-03 09:42:09,521770119#1,restaurant|bus_stop,,527.3115514435282,995.8620162900467,37.50049875494786,127.02671217090477,2984.0,455.0,taxi_respawn_22,picked
dyn_pax_1206,2529.0,2026-07-03 09:42:09,218857636#1,residential|company|restaurant|bus_stop,,297.92905089287035,623.2061345250047,37.49709839153085,127.02420706961871,,,,timeout
dyn_pax_1207,2531.0,2026-07-03 09:42:11,-504509918#2,company|restaurant|bus_stop,,398.9694242295193,827.4758220967593,37.49895762305832,127.02530099003066,2674.0,143.0,taxi_42,picked
dyn_pax_1208,2534.0,2026-07-03 09:42:14,1376141182#0,bus_stop,,385.7154046370183,1301.0311255965628,37.50322104370192,127.02503873135461,2819.0,285.0,taxi_respawn_8,picked
dyn_pax_1209,2535.0,2026-07-03 09:42:15,521770119#0,restaurant|bus_stop,,548.9831206778387,935.1148840516827,37.499955620541705,127.02697161236954,,,,timeout
dyn_pax_1210,2537.0,2026-07-03 09:42:17,520307304#0,school|subway_entrance|bus_stop,,602.6035134310263,763.145495629718,37.498416594724866,127.02761864854104,,,,timeout
dyn_pax_1211,2538.0,2026-07-03 09:42:18,523141074#0,company|restaurant|subway_entrance,,524.0338794858329,871.4890157117229,37.4993777454413,127.02670460634431,2982.0,444.0,taxi_respawn_38,picked
dyn_pax_1212,2540.0,2026-07-03 09:42:20,1229817205#0,company|subway_entrance|bus_stop,,599.2457558679199,652.2907550986157,37.497417346160496,127.02760695963683,,,,timeout
dyn_pax_1213,2541.0,2026-07-03 09:42:21,520307304#0,school|subway_entrance|bus_stop,,602.6035134310263,763.145495629718,37.498416594724866,127.02761864854104,,,,timeout
dyn_pax_1214,2543.0,2026-07-03 09:42:23,375049565#6,restaurant|subway_entrance|bus_stop,,789.5153251748014,798.8522330112556,37.49877353199428,127.02972351946808,2898.0,355.0,taxi_15,picked
dyn_pax_1215,2546.0,2026-07-03 09:42:26,178441450#1,residential|company|restaurant|bus_stop,,282.90243066757296,609.4157395563556,37.496971320837204,127.02404044855805,2622.0,76.0,taxi_33,picked
dyn_pax_1216,2548.0,2026-07-03 09:42:28,521770119#1,restaurant|bus_stop,,527.3115514435282,995.8620162900467,37.50049875494786,127.02671217090477,,,,timeout
dyn_pax_1217,2549.0,2026-07-03 09:42:29,1229817205#0,company|subway_entrance|bus_stop,,599.2457558679199,652.2907550986157,37.497417346160496,127.02760695963683,,,,timeout
dyn_pax_1218,2551.0,2026-07-03 09:42:31,218857636#1,residential|company|restaurant|bus_stop,,297.92905089287035,623.2061345250047,37.49709839153085,127.02420706961871,,,,timeout
dyn_pax_1219,2552.0,2026-07-03 09:42:32,1376141183#0,bus_stop,,548.2528111146681,901.2117688498424,37.49965007283687,127.02697139402301,,,,timeout
dyn_pax_1220,2554.0,2026-07-03 09:42:34,506191135#3,residential|company|restaurant|bus_stop,,238.79972345576414,789.4714057742513,37.49858497042428,127.023499044737,3017.0,463.0,taxi_4,picked
dyn_pax_1221,2557.0,2026-07-03 09:42:37,520307304#0,school|subway_entrance|bus_stop,,602.6035134310263,763.145495629718,37.498416594724866,127.02761864854104,,,,timeout
dyn_pax_1222,2558.0,2026-07-03 09:42:38,-504509918#2,company|restaurant|bus_stop,,398.9694242295193,827.4758220967593,37.49895762305832,127.02530099003066,2752.0,194.0,taxi_26,picked
dyn_pax_1223,2560.0,2026-07-03 09:42:40,-506191135#22,residential|company|restaurant|bus_stop,,38.693950105848444,1321.9513167019495,37.50334380565249,127.02110990869835,2700.0,140.0,taxi_17,picked
dyn_pax_1224,2561.0,2026-07-03 09:42:41,218873820#0,restaurant|subway_entrance|bus_stop,,628.9829311132032,562.4061665928522,37.49661325243901,127.02796447999128,,,,timeout
dyn_pax_1225,2563.0,2026-07-03 09:42:43,521770116#2,company|restaurant|bus_stop,,432.3182248087171,1108.514093563608,37.50149560521279,127.02561136613096,2626.0,63.0,taxi_respawn_29,picked
dyn_pax_1226,2564.0,2026-07-03 09:42:44,521770119#1,restaurant|bus_stop,,527.3115514435282,995.8620162900467,37.50049875494786,127.02671217090477,,,,timeout
dyn_pax_1227,2566.0,2026-07-03 09:42:46,-504509918#2,company|restaurant|bus_stop,,398.9694242295193,827.4758220967593,37.49895762305832,127.02530099003066,2936.0,370.0,taxi_respawn_6,picked
dyn_pax_1228,2567.0,2026-07-03 09:42:47,218873820#0,restaurant|subway_entrance|bus_stop,,628.9829311132032,562.4061665928522,37.49661325243901,127.02796447999128,,,,timeout
dyn_pax_1229,2569.0,2026-07-03 09:42:49,375049565#6,restaurant|subway_entrance|bus_stop,,789.5153251748014,798.8522330112556,37.49877353199428,127.02972351946808,2990.0,421.0,taxi_respawn_5,picked
dyn_pax_1230,2572.0,2026-07-03 09:42:52,523141074#0,company|restaurant|subway_entrance,,524.0338794858329,871.4890157117229,37.4993777454413,127.02670460634431,,,,timeout
dyn_pax_1231,2574.0,2026-07-03 09:42:54,218873820#0,restaurant|subway_entrance|bus_stop,,628.9829311132032,562.4061665928522,37.49661325243901,127.02796447999128,,,,timeout
dyn_pax_1232,2574.0,2026-07-03 09:42:54,417933645#2,residential|company|restaurant,,757.7944798520502,568.4010952306102,37.496691568512986,127.02941943794849,2634.0,60.0,taxi_respawn_22,picked
dyn_pax_1233,2575.0,2026-07-03 09:42:55,1229817205#0,company|subway_entrance|bus_stop,,599.2457558679199,652.2907550986157,37.497417346160496,127.02760695963683,,,,timeout
dyn_pax_1234,2578.0,2026-07-03 09:42:58,975332778#1,bus_stop,,681.6099970732737,721.9380561808346,37.49806030190971,127.02852170075586,3020.0,442.0,taxi_respawn_4,picked
dyn_pax_1235,2580.0,2026-07-03 09:43:00,1117538957#3,restaurant|subway_entrance|bus_stop,,465.5082521847807,644.8780924026132,37.49732530507706,127.02609663221197,3079.0,499.0,taxi_respawn_34,picked
dyn_pax_1236,2581.0,2026-07-03 09:43:01,178441450#1,residential|company|restaurant|bus_stop,,282.90243066757296,609.4157395563556,37.496971320837204,127.02404044855805,2609.0,28.0,taxi_35,picked
dyn_pax_1237,2583.0,2026-07-03 09:43:03,1376141182#0,bus_stop,,385.7154046370183,1301.0311255965628,37.50322104370192,127.02503873135461,2911.0,328.0,taxi_30,picked
dyn_pax_1238,2584.0,2026-07-03 09:43:04,506191135#3,residential|company|restaurant|bus_stop,,238.79972345576414,789.4714057742513,37.49858497042428,127.023499044737,,,,timeout
dyn_pax_1239,2586.0,2026-07-03 09:43:06,1229817205#0,company|subway_entrance|bus_stop,,599.2457558679199,652.2907550986157,37.497417346160496,127.02760695963683,,,,timeout
dyn_pax_1240,2587.0,2026-07-03 09:43:07,506191135#3,residential|company|restaurant|bus_stop,,238.79972345576414,789.4714057742513,37.49858497042428,127.023499044737,3137.0,550.0,taxi_respawn_21,picked
dyn_pax_1241,2589.0,2026-07-03 09:43:09,218873820#0,restaurant|subway_entrance|bus_stop,,628.9829311132032,562.4061665928522,37.49661325243901,127.02796447999128,,,,timeout
dyn_pax_1242,2590.0,2026-07-03 09:43:10,417933642#0,restaurant|bus_stop,,1041.0954363710525,463.30841921497654,37.49579826441859,127.03264736696761,2875.0,285.0,taxi_34,picked
dyn_pax_1243,2592.0,2026-07-03 09:43:12,-417933645#2,company|restaurant|subway_entrance,,701.1658676593129,719.5455833044954,37.49804244093877,127.02874337560036,2738.0,146.0,taxi_respawn_19,picked
dyn_pax_1244,2593.0,2026-07-03 09:43:13,506191135#3,residential|company|restaurant|bus_stop,,238.79972345576414,789.4714057742513,37.49858497042428,127.023499044737,,,,timeout
dyn_pax_1245,2595.0,2026-07-03 09:43:15,1376141183#0,bus_stop,,548.2528111146681,901.2117688498424,37.49965007283687,127.02697139402301,,,,timeout
dyn_pax_1246,2597.0,2026-07-03 09:43:17,521770119#0,restaurant|bus_stop,,548.9831206778387,935.1148840516827,37.499955620541705,127.02697161236954,,,,timeout
dyn_pax_1247,2598.0,2026-07-03 09:43:18,218873820#0,restaurant|subway_entrance|bus_stop,,628.9829311132032,562.4061665928522,37.49661325243901,127.02796447999128,,,,timeout
dyn_pax_1248,2600.0,2026-07-03 09:43:20,1117538957#3,restaurant|subway_entrance|bus_stop,,465.5082521847807,644.8780924026132,37.49732530507706,127.02609663221197,3058.0,458.0,taxi_10,picked
dyn_pax_1249,2601.0,2026-07-03 09:43:21,521770116#2,company|restaurant|bus_stop,,432.3182248087171,1108.514093563608,37.50149560521279,127.02561136613096,2825.0,224.0,taxi_11,picked
dyn_pax_1250,2603.0,2026-07-03 09:43:23,375049565#6,restaurant|subway_entrance|bus_stop,,789.5153251748014,798.8522330112556,37.49877353199428,127.02972351946808,2999.0,396.0,taxi_respawn_37,picked
dyn_pax_1251,2604.0,2026-07-03 09:43:24,480850873,company|restaurant|bus_stop,,548.1935052770749,708.5896639848544,37.49791486187585,127.0270163956136,,,,timeout
dyn_pax_1252,2606.0,2026-07-03 09:43:26,1376141182#0,bus_stop,,385.7154046370183,1301.0311255965628,37.50322104370192,127.02503873135461,3083.0,477.0,taxi_9,picked
dyn_pax_1253,2607.0,2026-07-03 09:43:27,521766175#3,company|restaurant|subway_entrance|bus_stop,,373.6701172395771,1298.610217621072,37.50319695740621,127.02490310718325,3064.0,457.0,taxi_0,picked
dyn_pax_1254,2609.0,2026-07-03 09:43:29,1117538957#3,restaurant|subway_entrance|bus_stop,,465.5082521847807,644.8780924026132,37.49732530507706,127.02609663221197,3084.0,475.0,taxi_respawn_12,picked
dyn_pax_1255,2613.0,2026-07-03 09:43:33,218873820#0,restaurant|subway_entrance|bus_stop,,628.9829311132032,562.4061665928522,37.49661325243901,127.02796447999128,,,,timeout
dyn_pax_1256,2615.0,2026-07-03 09:43:35,305539406,company|restaurant|subway_entrance,,566.389495917364,736.5285064605782,37.49816998085155,127.02721550408178,,,,timeout
dyn_pax_1257,2616.0,2026-07-03 09:43:36,521766182#1,company|restaurant|subway_entrance,,681.695169875507,539.6867345716422,37.496418539503196,127.02856584056028,3027.0,411.0,taxi_2,picked
dyn_pax_1258,2618.0,2026-07-03 09:43:38,375049565#6,restaurant|subway_entrance|bus_stop,,789.5153251748014,798.8522330112556,37.49877353199428,127.02972351946808,3165.0,547.0,taxi_21,picked
dyn_pax_1259,2620.0,2026-07-03 09:43:40,521766175#3,company|restaurant|subway_entrance|bus_stop,,373.6701172395771,1298.610217621072,37.50319695740621,127.02490310718325,3202.0,582.0,taxi_22,picked
dyn_pax_1260,2621.0,2026-07-03 09:43:41,1229817205#1,residential|bus_stop,,631.6400080768872,572.7061575261558,37.49670653972221,127.02799208080955,,,,timeout
dyn_pax_1261,2623.0,2026-07-03 09:43:43,1117538957#3,restaurant|subway_entrance|bus_stop,,465.5082521847807,644.8780924026132,37.49732530507706,127.02609663221197,,,,timeout
dyn_pax_1262,2624.0,2026-07-03 09:43:44,521766175#3,company|restaurant|subway_entrance|bus_stop,,373.6701172395771,1298.610217621072,37.50319695740621,127.02490310718325,3362.0,738.0,taxi_respawn_33,picked
dyn_pax_1263,2625.0,2026-07-03 09:43:45,504509918#0,residential|restaurant,,511.83203920742636,882.9034728009249,37.49947826486711,127.02656393710718,2741.0,116.0,taxi_respawn_3,picked
dyn_pax_1264,2626.0,2026-07-03 09:43:46,-506191135#22,residential|company|restaurant|bus_stop,,38.693950105848444,1321.9513167019495,37.50334380565249,127.02110990869835,2758.0,132.0,taxi_respawn_4,picked
dyn_pax_1265,2627.0,2026-07-03 09:43:47,521770119#1,restaurant|bus_stop,,527.3115514435282,995.8620162900467,37.50049875494786,127.02671217090477,3160.0,533.0,taxi_5,picked
dyn_pax_1266,2627.0,2026-07-03 09:43:47,-417750354#1,restaurant,,946.150029211292,974.2465578508335,37.500383078435064,127.03145303198383,2681.0,54.0,taxi_34,picked
dyn_pax_1267,2630.0,2026-07-03 09:43:50,523141074#0,company|restaurant|subway_entrance,,524.0338794858329,871.4890157117229,37.4993777454413,127.02670460634431,,,,timeout
dyn_pax_1268,2632.0,2026-07-03 09:43:52,1229817205#0,company|subway_entrance|bus_stop,,599.2457558679199,652.2907550986157,37.497417346160496,127.02760695963683,,,,timeout
dyn_pax_1269,2635.0,2026-07-03 09:43:55,305539406,company|restaurant|subway_entrance,,566.389495917364,736.5285064605782,37.49816998085155,127.02721550408178,,,,timeout
dyn_pax_1270,2636.0,2026-07-03 09:43:56,218877837#2,company|restaurant|bus_stop,,479.4555212141038,978.0213907550284,37.500328997763305,127.02617530290202,2659.0,23.0,taxi_21,picked
dyn_pax_1271,2638.0,2026-07-03 09:43:58,521770116#2,company|restaurant|bus_stop,,432.3182248087171,1108.514093563608,37.50149560521279,127.02561136613096,2645.0,7.0,taxi_respawn_12,picked
dyn_pax_1272,2639.0,2026-07-03 09:43:59,-504509918#2,company|restaurant|bus_stop,,398.9694242295193,827.4758220967593,37.49895762305832,127.02530099003066,3024.0,385.0,taxi_respawn_7,picked
dyn_pax_1273,2643.0,2026-07-03 09:44:03,417933642#0,restaurant|bus_stop,,1041.0954363710525,463.30841921497654,37.49579826441859,127.03264736696761,2900.0,257.0,taxi_46,picked
dyn_pax_1274,2646.0,2026-07-03 09:44:06,1376141183#0,bus_stop,,548.2528111146681,901.2117688498424,37.49965007283687,127.02697139402301,,,,timeout
dyn_pax_1275,2647.0,2026-07-03 09:44:07,218877837#2,company|restaurant|bus_stop,,479.4555212141038,978.0213907550284,37.500328997763305,127.02617530290202,2668.0,21.0,taxi_22,picked
dyn_pax_1276,2649.0,2026-07-03 09:44:09,-506191135#2,residential|bus_stop,,236.19733776439384,769.6838415951818,37.49840622577806,127.02347432089968,3070.0,421.0,taxi_23,picked
dyn_pax_1277,2652.0,2026-07-03 09:44:12,1376141182#0,bus_stop,,385.7154046370183,1301.0311255965628,37.50322104370192,127.02503873135461,3093.0,441.0,taxi_29,picked
dyn_pax_1278,2653.0,2026-07-03 09:44:13,521766175#3,company|restaurant|subway_entrance|bus_stop,,373.6701172395771,1298.610217621072,37.50319695740621,127.02490310718325,,,,timeout
dyn_pax_1279,2656.0,2026-07-03 09:44:16,521766182#1,company|restaurant|subway_entrance,,681.695169875507,539.6867345716422,37.496418539503196,127.02856584056028,3036.0,380.0,taxi_42,picked
dyn_pax_1280,2658.0,2026-07-03 09:44:18,218857636#1,residential|company|restaurant|bus_stop,,297.92905089287035,623.2061345250047,37.49709839153085,127.02420706961871,3102.0,444.0,taxi_8,picked
dyn_pax_1281,2659.0,2026-07-03 09:44:19,-504509918#2,company|restaurant|bus_stop,,398.9694242295193,827.4758220967593,37.49895762305832,127.02530099003066,3037.0,378.0,taxi_31,picked
dyn_pax_1282,2661.0,2026-07-03 09:44:21,-417933645#2,company|restaurant|subway_entrance,,701.1658676593129,719.5455833044954,37.49804244093877,127.02874337560036,2828.0,167.0,taxi_47,picked
dyn_pax_1283,2664.0,2026-07-03 09:44:24,218873820#0,restaurant|subway_entrance|bus_stop,,628.9829311132032,562.4061665928522,37.49661325243901,127.02796447999128,,,,timeout
dyn_pax_1284,2665.0,2026-07-03 09:44:25,1376141183#0,bus_stop,,548.2528111146681,901.2117688498424,37.49965007283687,127.02697139402301,,,,timeout
dyn_pax_1285,2667.0,2026-07-03 09:44:27,178441450#1,residential|company|restaurant|bus_stop,,282.90243066757296,609.4157395563556,37.496971320837204,127.02404044855805,2756.0,89.0,taxi_38,picked
dyn_pax_1286,2669.0,2026-07-03 09:44:29,1117538957#3,restaurant|subway_entrance|bus_stop,,465.5082521847807,644.8780924026132,37.49732530507706,127.02609663221197,,,,timeout
dyn_pax_1287,2670.0,2026-07-03 09:44:30,-506191135#22,residential|company|restaurant|bus_stop,,38.693950105848444,1321.9513167019495,37.50334380565249,127.02110990869835,2822.0,152.0,taxi_14,picked
dyn_pax_1288,2672.0,2026-07-03 09:44:32,520307304#0,school|subway_entrance|bus_stop,,602.6035134310263,763.145495629718,37.498416594724866,127.02761864854104,,,,timeout
dyn_pax_1289,2673.0,2026-07-03 09:44:33,521766175#3,company|restaurant|subway_entrance|bus_stop,,373.6701172395771,1298.610217621072,37.50319695740621,127.02490310718325,3162.0,489.0,taxi_4,picked
dyn_pax_1290,2675.0,2026-07-03 09:44:35,1376141182#0,bus_stop,,385.7154046370183,1301.0311255965628,37.50322104370192,127.02503873135461,3299.0,624.0,taxi_16,picked
dyn_pax_1291,2676.0,2026-07-03 09:44:36,521770116#2,company|restaurant|bus_stop,,432.3182248087171,1108.514093563608,37.50149560521279,127.02561136613096,2941.0,265.0,taxi_13,picked
dyn_pax_1292,2678.0,2026-07-03 09:44:38,375049565#6,restaurant|subway_entrance|bus_stop,,789.5153251748014,798.8522330112556,37.49877353199428,127.02972351946808,3211.0,533.0,taxi_17,picked
dyn_pax_1293,2679.0,2026-07-03 09:44:39,521770119#1,restaurant|bus_stop,,527.3115514435282,995.8620162900467,37.50049875494786,127.02671217090477,3248.0,569.0,taxi_respawn_10,picked
dyn_pax_1294,2681.0,2026-07-03 09:44:41,-417933645#2,company|restaurant|subway_entrance,,701.1658676593129,719.5455833044954,37.49804244093877,127.02874337560036,3013.0,332.0,taxi_28,picked
dyn_pax_1295,2682.0,2026-07-03 09:44:42,521766175#1,company|restaurant|subway_entrance,,332.9365590021661,1411.5585828157227,37.504206724109,127.02441570308932,,,,timeout
dyn_pax_1296,2684.0,2026-07-03 09:44:44,-506191135#22,residential|company|restaurant|bus_stop,,38.693950105848444,1321.9513167019495,37.50334380565249,127.02110990869835,2784.0,100.0,taxi_respawn_36,picked
dyn_pax_1297,2685.0,2026-07-03 09:44:45,541692164#1,subway_entrance,,271.6277521231475,1406.6420105391767,37.5041508337347,127.02372362926798,2801.0,116.0,taxi_respawn_28,picked
dyn_pax_1298,2685.0,2026-07-03 09:44:45,256787796#6,restaurant,,626.4884087870183,851.7135990963859,37.499218954480725,127.02786771303293,,,,timeout
dyn_pax_1299,2687.0,2026-07-03 09:44:47,-542367267#1,bus_stop,,247.51018316686128,1414.7184918773391,37.504219024473855,127.02344900430944,2812.0,125.0,taxi_19,picked
dyn_pax_1300,2688.0,2026-07-03 09:44:48,521766175#1,company|restaurant|subway_entrance,,332.9365590021661,1411.5585828157227,37.504206724109,127.02441570308932,,,,timeout
dyn_pax_1301,2690.0,2026-07-03 09:44:50,178441450#1,residential|company|restaurant|bus_stop,,282.90243066757296,609.4157395563556,37.496971320837204,127.02404044855805,2765.0,75.0,taxi_10,picked
dyn_pax_1302,2692.0,2026-07-03 09:44:52,975332778#1,bus_stop,,681.6099970732737,721.9380561808346,37.49806030190971,127.02852170075586,,,,timeout
dyn_pax_1303,2693.0,2026-07-03 09:44:53,521766175#1,company|restaurant|subway_entrance,,332.9365590021661,1411.5585828157227,37.504206724109,127.02441570308932,,,,timeout
dyn_pax_1304,2695.0,2026-07-03 09:44:55,521766175#1,company|restaurant|subway_entrance,,332.9365590021661,1411.5585828157227,37.504206724109,127.02441570308932,,,,timeout
dyn_pax_1305,2696.0,2026-07-03 09:44:56,521766175#1,company|restaurant|subway_entrance,,332.9365590021661,1411.5585828157227,37.504206724109,127.02441570308932,,,,timeout
dyn_pax_1306,2698.0,2026-07-03 09:44:58,1117538957#3,restaurant|subway_entrance|bus_stop,,465.5082521847807,644.8780924026132,37.49732530507706,127.02609663221197,,,,timeout
dyn_pax_1307,2699.0,2026-07-03 09:44:59,-504509918#2,company|restaurant|bus_stop,,398.9694242295193,827.4758220967593,37.49895762305832,127.02530099003066,3032.0,333.0,taxi_19,picked
dyn_pax_1308,2701.0,2026-07-03 09:45:01,521766175#3,company|restaurant|subway_entrance|bus_stop,,373.6701172395771,1298.610217621072,37.50319695740621,127.02490310718325,3463.0,762.0,taxi_2,picked
dyn_pax_1309,2702.0,2026-07-03 09:45:02,521766175#3,company|restaurant|subway_entrance|bus_stop,,373.6701172395771,1298.610217621072,37.50319695740621,127.02490310718325,3196.0,494.0,taxi_24,picked
dyn_pax_1310,2704.0,2026-07-03 09:45:04,1117538958#3,bus_stop,,160.18899290588462,540.6019911995099,37.49632820280781,127.02266936696756,2764.0,60.0,taxi_respawn_37,picked
dyn_pax_1311,2705.0,2026-07-03 09:45:05,1229817205#1,residential|bus_stop,,631.6400080768872,572.7061575261558,37.49670653972221,127.02799208080955,,,,timeout
dyn_pax_1312,2707.0,2026-07-03 09:45:07,178441450#1,residential|company|restaurant|bus_stop,,282.90243066757296,609.4157395563556,37.496971320837204,127.02404044855805,2829.0,122.0,taxi_respawn_15,picked
dyn_pax_1313,2708.0,2026-07-03 09:45:08,-542367267#1,bus_stop,,247.51018316686128,1414.7184918773391,37.504219024473855,127.02344900430944,2798.0,90.0,taxi_33,picked
dyn_pax_1314,2711.0,2026-07-03 09:45:11,-379463134#2,restaurant,,527.5499142349145,1277.2476095039178,37.503033607059436,127.02664812966836,2793.0,82.0,taxi_respawn_13,picked
dyn_pax_1315,2713.0,2026-07-03 09:45:13,218873820#0,restaurant|subway_entrance|bus_stop,,628.9829311132032,562.4061665928522,37.49661325243901,127.02796447999128,,,,timeout
dyn_pax_1316,2715.0,2026-07-03 09:45:15,521770119#1,restaurant|bus_stop,,527.3115514435282,995.8620162900467,37.50049875494786,127.02671217090477,,,,timeout
dyn_pax_1317,2716.0,2026-07-03 09:45:16,-506191135#2,residential|bus_stop,,236.19733776439384,769.6838415951818,37.49840622577806,127.02347432089968,,,,timeout
dyn_pax_1318,2718.0,2026-07-03 09:45:18,375049565#6,restaurant|subway_entrance|bus_stop,,789.5153251748014,798.8522330112556,37.49877353199428,127.02972351946808,3216.0,498.0,taxi_28,picked
dyn_pax_1319,2719.0,2026-07-03 09:45:19,375049565#6,restaurant|subway_entrance|bus_stop,,789.5153251748014,798.8522330112556,37.49877353199428,127.02972351946808,,,,timeout
dyn_pax_1320,2721.0,2026-07-03 09:45:21,521766175#3,company|restaurant|subway_entrance|bus_stop,,373.6701172395771,1298.610217621072,37.50319695740621,127.02490310718325,3458.0,737.0,taxi_respawn_13,picked
dyn_pax_1321,2722.0,2026-07-03 09:45:22,1117538957#3,restaurant|subway_entrance|bus_stop,,465.5082521847807,644.8780924026132,37.49732530507706,127.02609663221197,,,,timeout
dyn_pax_1322,2724.0,2026-07-03 09:45:24,480850873,company|restaurant|bus_stop,,548.1935052770749,708.5896639848544,37.49791486187585,127.0270163956136,3198.0,474.0,taxi_9,picked
dyn_pax_1323,2725.0,2026-07-03 09:45:25,218873820#0,restaurant|subway_entrance|bus_stop,,628.9829311132032,562.4061665928522,37.49661325243901,127.02796447999128,,,,timeout
dyn_pax_1324,2727.0,2026-07-03 09:45:27,417933642#0,restaurant|bus_stop,,1041.0954363710525,463.30841921497654,37.49579826441859,127.03264736696761,3042.0,315.0,taxi_32,picked
dyn_pax_1325,2728.0,2026-07-03 09:45:28,218864491#0,restaurant|bus_stop,,769.9803916976219,760.1217113917903,37.49842094941813,127.02951181742357,,,,timeout
dyn_pax_1326,2730.0,2026-07-03 09:45:30,218864491#0,restaurant|bus_stop,,769.9803916976219,760.1217113917903,37.49842094941813,127.02951181742357,,,,timeout
dyn_pax_1327,2731.0,2026-07-03 09:45:31,375049565#6,restaurant|subway_entrance|bus_stop,,789.5153251748014,798.8522330112556,37.49877353199428,127.02972351946808,,,,timeout
dyn_pax_1328,2733.0,2026-07-03 09:45:33,975332778#1,bus_stop,,681.6099970732737,721.9380561808346,37.49806030190971,127.02852170075586,,,,timeout
dyn_pax_1329,2734.0,2026-07-03 09:45:34,521766175#3,company|restaurant|subway_entrance|bus_stop,,373.6701172395771,1298.610217621072,37.50319695740621,127.02490310718325,,,,timeout
dyn_pax_1330,2736.0,2026-07-03 09:45:36,521766182#1,company|restaurant|subway_entrance,,681.695169875507,539.6867345716422,37.496418539503196,127.02856584056028,3069.0,333.0,taxi_respawn_14,picked
dyn_pax_1331,2737.0,2026-07-03 09:45:37,521770116#2,company|restaurant|bus_stop,,432.3182248087171,1108.514093563608,37.50149560521279,127.02561136613096,2911.0,174.0,taxi_respawn_12,picked
dyn_pax_1332,2739.0,2026-07-03 09:45:39,218873820#0,restaurant|subway_entrance|bus_stop,,628.9829311132032,562.4061665928522,37.49661325243901,127.02796447999128,,,,timeout
dyn_pax_1333,2741.0,2026-07-03 09:45:41,1229817205#0,company|subway_entrance|bus_stop,,599.2457558679199,652.2907550986157,37.497417346160496,127.02760695963683,,,,timeout
dyn_pax_1334,2744.0,2026-07-03 09:45:44,975332778#1,bus_stop,,681.6099970732737,721.9380561808346,37.49806030190971,127.02852170075586,,,,timeout
dyn_pax_1335,2745.0,2026-07-03 09:45:45,520307304#0,school|subway_entrance|bus_stop,,602.6035134310263,763.145495629718,37.498416594724866,127.02761864854104,,,,timeout
dyn_pax_1336,2747.0,2026-07-03 09:45:47,521766175#1,company|restaurant|subway_entrance,,332.9365590021661,1411.5585828157227,37.504206724109,127.02441570308932,,,,timeout
dyn_pax_1337,2748.0,2026-07-03 09:45:48,178441450#1,residential|company|restaurant|bus_stop,,282.90243066757296,609.4157395563556,37.496971320837204,127.02404044855805,2845.0,97.0,taxi_respawn_14,picked
dyn_pax_1338,2750.0,2026-07-03 09:45:50,1229817205#0,company|subway_entrance|bus_stop,,599.2457558679199,652.2907550986157,37.497417346160496,127.02760695963683,3421.0,671.0,taxi_0,picked
dyn_pax_1339,2751.0,2026-07-03 09:45:51,375049565#6,restaurant|subway_entrance|bus_stop,,789.5153251748014,798.8522330112556,37.49877353199428,127.02972351946808,3304.0,553.0,taxi_47,picked
dyn_pax_1340,2753.0,2026-07-03 09:45:53,218877837#2,company|restaurant|bus_stop,,479.4555212141038,978.0213907550284,37.500328997763305,127.02617530290202,2848.0,95.0,taxi_respawn_30,picked
dyn_pax_1341,2754.0,2026-07-03 09:45:54,521766182#1,company|restaurant|subway_entrance,,681.695169875507,539.6867345716422,37.496418539503196,127.02856584056028,3227.0,473.0,taxi_respawn_14,picked
dyn_pax_1342,2756.0,2026-07-03 09:45:56,218873820#0,restaurant|subway_entrance|bus_stop,,628.9829311132032,562.4061665928522,37.49661325243901,127.02796447999128,,,,timeout
dyn_pax_1343,2757.0,2026-07-03 09:45:57,1229817205#0,company|subway_entrance|bus_stop,,599.2457558679199,652.2907550986157,37.497417346160496,127.02760695963683,,,,timeout
dyn_pax_1344,2759.0,2026-07-03 09:45:59,521766180#1,company|restaurant|bus_stop,,466.73410130235357,1169.2838037446552,37.502049542882666,127.02598608796039,2986.0,227.0,taxi_respawn_10,picked
dyn_pax_1345,2760.0,2026-07-03 09:46:00,178441450#1,residential|company|restaurant|bus_stop,,282.90243066757296,609.4157395563556,37.496971320837204,127.02404044855805,2992.0,232.0,taxi_respawn_9,picked
dyn_pax_1346,2764.0,2026-07-03 09:46:04,218873820#0,restaurant|subway_entrance|bus_stop,,628.9829311132032,562.4061665928522,37.49661325243901,127.02796447999128,,,,timeout
dyn_pax_1347,2765.0,2026-07-03 09:46:05,218864491#0,restaurant|bus_stop,,769.9803916976219,760.1217113917903,37.49842094941813,127.02951181742357,,,,timeout
dyn_pax_1348,2767.0,2026-07-03 09:46:07,1376141182#0,bus_stop,,385.7154046370183,1301.0311255965628,37.50322104370192,127.02503873135461,3294.0,527.0,taxi_respawn_8,picked
dyn_pax_1349,2768.0,2026-07-03 09:46:08,541692164#1,subway_entrance,,271.6277521231475,1406.6420105391767,37.5041508337347,127.02372362926798,2887.0,119.0,taxi_18,picked
dyn_pax_1350,2770.0,2026-07-03 09:46:10,218873820#0,restaurant|subway_entrance|bus_stop,,628.9829311132032,562.4061665928522,37.49661325243901,127.02796447999128,,,,timeout
dyn_pax_1351,2771.0,2026-07-03 09:46:11,1117538957#3,restaurant|subway_entrance|bus_stop,,465.5082521847807,644.8780924026132,37.49732530507706,127.02609663221197,3350.0,579.0,taxi_respawn_18,picked
dyn_pax_1352,2771.0,2026-07-03 09:46:11,417933645#2,residential|company|restaurant,,757.7944798520502,568.4010952306102,37.496691568512986,127.02941943794849,2787.0,16.0,taxi_respawn_22,picked
dyn_pax_1353,2773.0,2026-07-03 09:46:13,541692164#1,subway_entrance,,271.6277521231475,1406.6420105391767,37.5041508337347,127.02372362926798,2917.0,144.0,taxi_1,picked
dyn_pax_1354,2774.0,2026-07-03 09:46:14,-541692164#2,subway_entrance,,317.7122087179151,1441.0296574375257,37.504469327730426,127.0242365566347,2908.0,134.0,taxi_49,picked
dyn_pax_1355,2776.0,2026-07-03 09:46:16,494824662#3,company|restaurant|subway_entrance,,729.424850252167,406.6843378518681,37.49522941823122,127.02913698209235,3119.0,343.0,taxi_respawn_32,picked
dyn_pax_1356,2777.0,2026-07-03 09:46:17,218873820#0,restaurant|subway_entrance|bus_stop,,628.9829311132032,562.4061665928522,37.49661325243901,127.02796447999128,,,,timeout
dyn_pax_1357,2780.0,2026-07-03 09:46:20,218877837#2,company|restaurant|bus_stop,,479.4555212141038,978.0213907550284,37.500328997763305,127.02617530290202,3043.0,263.0,taxi_49,picked
dyn_pax_1358,2782.0,2026-07-03 09:46:22,521766175#1,company|restaurant|subway_entrance,,332.9365590021661,1411.5585828157227,37.504206724109,127.02441570308932,,,,timeout
dyn_pax_1359,2783.0,2026-07-03 09:46:23,521766175#3,company|restaurant|subway_entrance|bus_stop,,373.6701172395771,1298.610217621072,37.50319695740621,127.02490310718325,3257.0,474.0,taxi_respawn_4,picked
dyn_pax_1360,2785.0,2026-07-03 09:46:25,218877837#2,company|restaurant|bus_stop,,479.4555212141038,978.0213907550284,37.500328997763305,127.02617530290202,3105.0,320.0,taxi_25,picked
dyn_pax_1361,2787.0,2026-07-03 09:46:27,1117538957#3,restaurant|subway_entrance|bus_stop,,465.5082521847807,644.8780924026132,37.49732530507706,127.02609663221197,,,,timeout
dyn_pax_1362,2788.0,2026-07-03 09:46:28,178441450#1,residential|company|restaurant|bus_stop,,282.90243066757296,609.4157395563556,37.496971320837204,127.02404044855805,3000.0,212.0,taxi_respawn_28,picked
dyn_pax_1363,2790.0,2026-07-03 09:46:30,218877837#2,company|restaurant|bus_stop,,479.4555212141038,978.0213907550284,37.500328997763305,127.02617530290202,,,,timeout
dyn_pax_1364,2791.0,2026-07-03 09:46:31,521766175#3,company|restaurant|subway_entrance|bus_stop,,373.6701172395771,1298.610217621072,37.50319695740621,127.02490310718325,3538.0,747.0,taxi_35,picked
dyn_pax_1365,2793.0,2026-07-03 09:46:33,-506191135#2,residential|bus_stop,,236.19733776439384,769.6838415951818,37.49840622577806,127.02347432089968,,,,timeout
dyn_pax_1366,2794.0,2026-07-03 09:46:34,375049565#6,restaurant|subway_entrance|bus_stop,,789.5153251748014,798.8522330112556,37.49877353199428,127.02972351946808,,,,timeout
dyn_pax_1367,2796.0,2026-07-03 09:46:36,218873820#0,restaurant|subway_entrance|bus_stop,,628.9829311132032,562.4061665928522,37.49661325243901,127.02796447999128,,,,timeout
dyn_pax_1368,2797.0,2026-07-03 09:46:37,521766175#1,company|restaurant|subway_entrance,,332.9365590021661,1411.5585828157227,37.504206724109,127.02441570308932,,,,timeout
dyn_pax_1369,2799.0,2026-07-03 09:46:39,218864491#0,restaurant|bus_stop,,769.9803916976219,760.1217113917903,37.49842094941813,127.02951181742357,,,,timeout
dyn_pax_1370,2800.0,2026-07-03 09:46:40,-504509918#2,company|restaurant|bus_stop,,398.9694242295193,827.4758220967593,37.49895762305832,127.02530099003066,3112.0,312.0,taxi_41,picked
dyn_pax_1371,2802.0,2026-07-03 09:46:42,521770119#1,restaurant|bus_stop,,527.3115514435282,995.8620162900467,37.50049875494786,127.02671217090477,,,,timeout
dyn_pax_1372,2803.0,2026-07-03 09:46:43,1229817205#0,company|subway_entrance|bus_stop,,599.2457558679199,652.2907550986157,37.497417346160496,127.02760695963683,,,,timeout
dyn_pax_1373,2805.0,2026-07-03 09:46:45,1117538958#3,bus_stop,,160.18899290588462,540.6019911995099,37.49632820280781,127.02266936696756,2905.0,100.0,taxi_22,picked
dyn_pax_1374,2806.0,2026-07-03 09:46:46,375049565#6,restaurant|subway_entrance|bus_stop,,789.5153251748014,798.8522330112556,37.49877353199428,127.02972351946808,,,,timeout
dyn_pax_1375,2808.0,2026-07-03 09:46:48,178441450#1,residential|company|restaurant|bus_stop,,282.90243066757296,609.4157395563556,37.496971320837204,127.02404044855805,3024.0,216.0,taxi_3,picked
dyn_pax_1376,2809.0,2026-07-03 09:46:49,523141074#0,company|restaurant|subway_entrance,,524.0338794858329,871.4890157117229,37.4993777454413,127.02670460634431,3292.0,483.0,taxi_respawn_35,picked
dyn_pax_1377,2811.0,2026-07-03 09:46:51,521766175#1,company|restaurant|subway_entrance,,332.9365590021661,1411.5585828157227,37.504206724109,127.02441570308932,,,,timeout
dyn_pax_1378,2813.0,2026-07-03 09:46:53,218873820#0,restaurant|subway_entrance|bus_stop,,628.9829311132032,562.4061665928522,37.49661325243901,127.02796447999128,,,,timeout
dyn_pax_1379,2814.0,2026-07-03 09:46:54,521766175#1,company|restaurant|subway_entrance,,332.9365590021661,1411.5585828157227,37.504206724109,127.02441570308932,,,,timeout
dyn_pax_1380,2816.0,2026-07-03 09:46:56,218877837#2,company|restaurant|bus_stop,,479.4555212141038,978.0213907550284,37.500328997763305,127.02617530290202,,,,timeout
dyn_pax_1381,2817.0,2026-07-03 09:46:57,-504509918#2,company|restaurant|bus_stop,,398.9694242295193,827.4758220967593,37.49895762305832,127.02530099003066,3202.0,385.0,taxi_respawn_7,picked
dyn_pax_1382,2819.0,2026-07-03 09:46:59,-504509918#2,company|restaurant|bus_stop,,398.9694242295193,827.4758220967593,37.49895762305832,127.02530099003066,3206.0,387.0,taxi_43,picked
dyn_pax_1383,2820.0,2026-07-03 09:47:00,541692164#1,subway_entrance,,271.6277521231475,1406.6420105391767,37.5041508337347,127.02372362926798,2842.0,22.0,taxi_respawn_35,picked
dyn_pax_1384,2822.0,2026-07-03 09:47:02,480850873,company|restaurant|bus_stop,,548.1935052770749,708.5896639848544,37.49791486187585,127.0270163956136,3246.0,424.0,taxi_respawn_16,picked
dyn_pax_1385,2823.0,2026-07-03 09:47:03,521766175#3,company|restaurant|subway_entrance|bus_stop,,373.6701172395771,1298.610217621072,37.50319695740621,127.02490310718325,3444.0,621.0,taxi_respawn_21,picked
dyn_pax_1386,2825.0,2026-07-03 09:47:05,521766175#3,company|restaurant|subway_entrance|bus_stop,,373.6701172395771,1298.610217621072,37.50319695740621,127.02490310718325,,,,timeout
dyn_pax_1387,2826.0,2026-07-03 09:47:06,521766182#1,company|restaurant|subway_entrance,,681.695169875507,539.6867345716422,37.496418539503196,127.02856584056028,,,,timeout
dyn_pax_1388,2828.0,2026-07-03 09:47:08,521766175#3,company|restaurant|subway_entrance|bus_stop,,373.6701172395771,1298.610217621072,37.50319695740621,127.02490310718325,,,,timeout
dyn_pax_1389,2829.0,2026-07-03 09:47:09,218873820#0,restaurant|subway_entrance|bus_stop,,628.9829311132032,562.4061665928522,37.49661325243901,127.02796447999128,,,,timeout
dyn_pax_1390,2831.0,2026-07-03 09:47:11,218877837#2,company|restaurant|bus_stop,,479.4555212141038,978.0213907550284,37.500328997763305,127.02617530290202,,,,timeout
dyn_pax_1391,2832.0,2026-07-03 09:47:12,375049565#6,restaurant|subway_entrance|bus_stop,,789.5153251748014,798.8522330112556,37.49877353199428,127.02972351946808,,,,timeout
dyn_pax_1392,2834.0,2026-07-03 09:47:14,-506191135#2,residential|bus_stop,,236.19733776439384,769.6838415951818,37.49840622577806,127.02347432089968,,,,timeout
dyn_pax_1393,2834.0,2026-07-03 09:47:14,417750354#1,restaurant,,919.2899707887079,1024.6134421491665,37.5008317366974,127.03113741131199,2918.0,84.0,taxi_respawn_27,picked
dyn_pax_1394,2836.0,2026-07-03 09:47:16,1229817205#1,residential|bus_stop,,631.6400080768872,572.7061575261558,37.49670653972221,127.02799208080955,,,,timeout
dyn_pax_1395,2837.0,2026-07-03 09:47:17,480850873,company|restaurant|bus_stop,,548.1935052770749,708.5896639848544,37.49791486187585,127.0270163956136,,,,timeout
dyn_pax_1396,2839.0,2026-07-03 09:47:19,541692164#1,subway_entrance,,271.6277521231475,1406.6420105391767,37.5041508337347,127.02372362926798,2899.0,60.0,taxi_respawn_11,picked
dyn_pax_1397,2840.0,2026-07-03 09:47:20,1229817205#0,company|subway_entrance|bus_stop,,599.2457558679199,652.2907550986157,37.497417346160496,127.02760695963683,,,,timeout
dyn_pax_1398,2842.0,2026-07-03 09:47:22,1229817205#0,company|subway_entrance|bus_stop,,599.2457558679199,652.2907550986157,37.497417346160496,127.02760695963683,,,,timeout
dyn_pax_1399,2843.0,2026-07-03 09:47:23,-542367267#1,bus_stop,,247.51018316686128,1414.7184918773391,37.504219024473855,127.02344900430944,2891.0,48.0,taxi_respawn_34,picked
dyn_pax_1400,2845.0,2026-07-03 09:47:25,521766175#3,company|restaurant|subway_entrance|bus_stop,,373.6701172395771,1298.610217621072,37.50319695740621,127.02490310718325,3342.0,497.0,taxi_32,picked
dyn_pax_1401,2848.0,2026-07-03 09:47:28,218877837#2,company|restaurant|bus_stop,,479.4555212141038,978.0213907550284,37.500328997763305,127.02617530290202,,,,timeout
dyn_pax_1402,2849.0,2026-07-03 09:47:29,305539406,company|restaurant|subway_entrance,,566.389495917364,736.5285064605782,37.49816998085155,127.02721550408178,3330.0,481.0,taxi_respawn_7,picked
dyn_pax_1403,2851.0,2026-07-03 09:47:31,-542367267#1,bus_stop,,247.51018316686128,1414.7184918773391,37.504219024473855,127.02344900430944,2899.0,48.0,taxi_17,picked
dyn_pax_1404,2852.0,2026-07-03 09:47:32,521770116#2,company|restaurant|bus_stop,,432.3182248087171,1108.514093563608,37.50149560521279,127.02561136613096,3015.0,163.0,taxi_respawn_29,picked
dyn_pax_1405,2854.0,2026-07-03 09:47:34,506191135#3,residential|company|restaurant|bus_stop,,238.79972345576414,789.4714057742513,37.49858497042428,127.023499044737,3154.0,300.0,taxi_13,picked
dyn_pax_1406,2855.0,2026-07-03 09:47:35,-541692164#2,subway_entrance,,317.7122087179151,1441.0296574375257,37.504469327730426,127.0242365566347,2988.0,133.0,taxi_25,picked
dyn_pax_1407,2857.0,2026-07-03 09:47:37,506191135#3,residential|company|restaurant|bus_stop,,238.79972345576414,789.4714057742513,37.49858497042428,127.023499044737,3222.0,365.0,taxi_34,picked
dyn_pax_1408,2859.0,2026-07-03 09:47:39,1376141183#0,bus_stop,,548.2528111146681,901.2117688498424,37.49965007283687,127.02697139402301,,,,timeout
dyn_pax_1409,2860.0,2026-07-03 09:47:40,218877837#2,company|restaurant|bus_stop,,479.4555212141038,978.0213907550284,37.500328997763305,127.02617530290202,,,,timeout
dyn_pax_1410,2862.0,2026-07-03 09:47:42,1229817205#1,residential|bus_stop,,631.6400080768872,572.7061575261558,37.49670653972221,127.02799208080955,,,,timeout
dyn_pax_1411,2863.0,2026-07-03 09:47:43,218877837#2,company|restaurant|bus_stop,,479.4555212141038,978.0213907550284,37.500328997763305,127.02617530290202,,,,timeout
dyn_pax_1412,2865.0,2026-07-03 09:47:45,-541692164#2,subway_entrance,,317.7122087179151,1441.0296574375257,37.504469327730426,127.0242365566347,3166.0,301.0,taxi_respawn_24,picked
dyn_pax_1413,2866.0,2026-07-03 09:47:46,218864491#0,restaurant|bus_stop,,769.9803916976219,760.1217113917903,37.49842094941813,127.02951181742357,,,,timeout
dyn_pax_1414,2868.0,2026-07-03 09:47:48,1376141183#0,bus_stop,,548.2528111146681,901.2117688498424,37.49965007283687,127.02697139402301,,,,timeout
dyn_pax_1415,2869.0,2026-07-03 09:47:49,520307304#0,school|subway_entrance|bus_stop,,602.6035134310263,763.145495629718,37.498416594724866,127.02761864854104,,,,timeout
dyn_pax_1416,2871.0,2026-07-03 09:47:51,523141074#0,company|restaurant|subway_entrance,,524.0338794858329,871.4890157117229,37.4993777454413,127.02670460634431,3296.0,425.0,taxi_19,picked
dyn_pax_1417,2872.0,2026-07-03 09:47:52,-506191135#2,residential|bus_stop,,236.19733776439384,769.6838415951818,37.49840622577806,127.02347432089968,3346.0,474.0,taxi_respawn_2,picked
dyn_pax_1418,2874.0,2026-07-03 09:47:54,1229817205#0,company|subway_entrance|bus_stop,,599.2457558679199,652.2907550986157,37.497417346160496,127.02760695963683,,,,timeout
dyn_pax_1419,2875.0,2026-07-03 09:47:55,494824662#3,company|restaurant|subway_entrance,,729.424850252167,406.6843378518681,37.49522941823122,127.02913698209235,3206.0,331.0,taxi_respawn_5,picked
dyn_pax_1420,2877.0,2026-07-03 09:47:57,480850873,company|restaurant|bus_stop,,548.1935052770749,708.5896639848544,37.49791486187585,127.0270163956136,,,,timeout
dyn_pax_1421,2878.0,2026-07-03 09:47:58,480850873,company|restaurant|bus_stop,,548.1935052770749,708.5896639848544,37.49791486187585,127.0270163956136,,,,timeout
dyn_pax_1422,2880.0,2026-07-03 09:48:00,-504509918#2,company|restaurant|bus_stop,,398.9694242295193,827.4758220967593,37.49895762305832,127.02530099003066,3294.0,414.0,taxi_respawn_12,picked
dyn_pax_1423,2881.0,2026-07-03 09:48:01,-504509918#2,company|restaurant|bus_stop,,398.9694242295193,827.4758220967593,37.49895762305832,127.02530099003066,3305.0,424.0,taxi_23,picked
dyn_pax_1424,2885.0,2026-07-03 09:48:05,521766175#3,company|restaurant|subway_entrance|bus_stop,,373.6701172395771,1298.610217621072,37.50319695740621,127.02490310718325,3349.0,464.0,taxi_12,picked
dyn_pax_1425,2886.0,2026-07-03 09:48:06,-417933645#2,company|restaurant|subway_entrance,,701.1658676593129,719.5455833044954,37.49804244093877,127.02874337560036,3143.0,257.0,taxi_respawn_38,picked
dyn_pax_1426,2887.0,2026-07-03 09:48:07,-309155295#4,residential|restaurant,,966.4689567179357,639.4784987131154,37.49737120494098,127.0317619612052,3028.0,141.0,taxi_26,picked
dyn_pax_1427,2888.0,2026-07-03 09:48:08,521770116#2,company|restaurant|bus_stop,,432.3182248087171,1108.514093563608,37.50149560521279,127.02561136613096,2894.0,6.0,taxi_21,picked
dyn_pax_1428,2889.0,2026-07-03 09:48:09,305539406,company|restaurant|subway_entrance,,566.389495917364,736.5285064605782,37.49816998085155,127.02721550408178,,,,timeout
dyn_pax_1429,2891.0,2026-07-03 09:48:11,178441450#1,residential|company|restaurant|bus_stop,,282.90243066757296,609.4157395563556,37.496971320837204,127.02404044855805,3010.0,119.0,taxi_40,picked
dyn_pax_1430,2892.0,2026-07-03 09:48:12,-506191135#2,residential|bus_stop,,236.19733776439384,769.6838415951818,37.49840622577806,127.02347432089968,,,,timeout
dyn_pax_1431,2894.0,2026-07-03 09:48:14,375049565#6,restaurant|subway_entrance|bus_stop,,789.5153251748014,798.8522330112556,37.49877353199428,127.02972351946808,,,,timeout
dyn_pax_1432,2895.0,2026-07-03 09:48:15,521770119#1,restaurant|bus_stop,,527.3115514435282,995.8620162900467,37.50049875494786,127.02671217090477,,,,timeout
dyn_pax_1433,2897.0,2026-07-03 09:48:17,-417933645#2,company|restaurant|subway_entrance,,701.1658676593129,719.5455833044954,37.49804244093877,127.02874337560036,3348.0,451.0,taxi_respawn_15,picked
dyn_pax_1434,2897.0,2026-07-03 09:48:17,178441450#1,residential|company|restaurant|bus_stop,,282.90243066757296,609.4157395563556,37.496971320837204,127.02404044855805,3032.0,135.0,taxi_6,picked
dyn_pax_1435,2898.0,2026-07-03 09:48:18,218864491#0,restaurant|bus_stop,,769.9803916976219,760.1217113917903,37.49842094941813,127.02951181742357,,,,timeout
dyn_pax_1436,2900.0,2026-07-03 09:48:20,-417933645#2,company|restaurant|subway_entrance,,701.1658676593129,719.5455833044954,37.49804244093877,127.02874337560036,,,,timeout
dyn_pax_1437,2901.0,2026-07-03 09:48:21,-542367267#1,bus_stop,,247.51018316686128,1414.7184918773391,37.504219024473855,127.02344900430944,2935.0,34.0,taxi_45,picked
dyn_pax_1438,2903.0,2026-07-03 09:48:23,520307304#0,school|subway_entrance|bus_stop,,602.6035134310263,763.145495629718,37.498416594724866,127.02761864854104,,,,timeout
dyn_pax_1439,2904.0,2026-07-03 09:48:24,1376141183#0,bus_stop,,548.2528111146681,901.2117688498424,37.49965007283687,127.02697139402301,,,,timeout
dyn_pax_1440,2906.0,2026-07-03 09:48:26,1229817205#0,company|subway_entrance|bus_stop,,599.2457558679199,652.2907550986157,37.497417346160496,127.02760695963683,,,,timeout
dyn_pax_1441,2907.0,2026-07-03 09:48:27,1117538957#3,restaurant|subway_entrance|bus_stop,,465.5082521847807,644.8780924026132,37.49732530507706,127.02609663221197,,,,timeout
dyn_pax_1442,2908.0,2026-07-03 09:48:28,-506191135#22,residential|company|restaurant|bus_stop,,38.693950105848444,1321.9513167019495,37.50334380565249,127.02110990869835,2978.0,70.0,taxi_respawn_36,picked
dyn_pax_1443,2911.0,2026-07-03 09:48:31,521766175#1,company|restaurant|subway_entrance,,332.9365590021661,1411.5585828157227,37.504206724109,127.02441570308932,,,,timeout
dyn_pax_1444,2912.0,2026-07-03 09:48:32,521770119#1,restaurant|bus_stop,,527.3115514435282,995.8620162900467,37.50049875494786,127.02671217090477,,,,timeout
dyn_pax_1445,2915.0,2026-07-03 09:48:35,520307304#0,school|subway_entrance|bus_stop,,602.6035134310263,763.145495629718,37.498416594724866,127.02761864854104,,,,timeout
dyn_pax_1446,2917.0,2026-07-03 09:48:37,521766175#3,company|restaurant|subway_entrance|bus_stop,,373.6701172395771,1298.610217621072,37.50319695740621,127.02490310718325,,,,timeout
dyn_pax_1447,2918.0,2026-07-03 09:48:38,-541692164#2,subway_entrance,,317.7122087179151,1441.0296574375257,37.504469327730426,127.0242365566347,3067.0,149.0,taxi_respawn_26,picked
dyn_pax_1448,2920.0,2026-07-03 09:48:40,1229817205#1,residential|bus_stop,,631.6400080768872,572.7061575261558,37.49670653972221,127.02799208080955,,,,timeout
dyn_pax_1449,2921.0,2026-07-03 09:48:41,218857636#1,residential|company|restaurant|bus_stop,,297.92905089287035,623.2061345250047,37.49709839153085,127.02420706961871,3195.0,274.0,taxi_12,picked
dyn_pax_1450,2923.0,2026-07-03 09:48:43,375049565#6,restaurant|subway_entrance|bus_stop,,789.5153251748014,798.8522330112556,37.49877353199428,127.02972351946808,,,,timeout
dyn_pax_1451,2924.0,2026-07-03 09:48:44,1117538957#3,restaurant|subway_entrance|bus_stop,,465.5082521847807,644.8780924026132,37.49732530507706,127.02609663221197,,,,timeout
dyn_pax_1452,2926.0,2026-07-03 09:48:46,521766180#1,company|restaurant|bus_stop,,466.73410130235357,1169.2838037446552,37.502049542882666,127.02598608796039,3083.0,157.0,taxi_47,picked
dyn_pax_1453,2927.0,2026-07-03 09:48:47,975332778#1,bus_stop,,681.6099970732737,721.9380561808346,37.49806030190971,127.02852170075586,,,,timeout
dyn_pax_1454,2929.0,2026-07-03 09:48:49,1117538957#3,restaurant|subway_entrance|bus_stop,,465.5082521847807,644.8780924026132,37.49732530507706,127.02609663221197,3438.0,509.0,taxi_respawn_7,picked
dyn_pax_1455,2931.0,2026-07-03 09:48:51,1117538957#3,restaurant|subway_entrance|bus_stop,,465.5082521847807,644.8780924026132,37.49732530507706,127.02609663221197,,,,timeout
dyn_pax_1456,2934.0,2026-07-03 09:48:54,521766180#1,company|restaurant|bus_stop,,466.73410130235357,1169.2838037446552,37.502049542882666,127.02598608796039,3140.0,206.0,taxi_14,picked
dyn_pax_1457,2935.0,2026-07-03 09:48:55,1117538958#3,bus_stop,,160.18899290588462,540.6019911995099,37.49632820280781,127.02266936696756,2951.0,16.0,taxi_10,picked
dyn_pax_1458,2937.0,2026-07-03 09:48:57,-417933645#2,company|restaurant|subway_entrance,,701.1658676593129,719.5455833044954,37.49804244093877,127.02874337560036,3425.0,488.0,taxi_43,picked
dyn_pax_1459,2938.0,2026-07-03 09:48:58,494824662#3,company|restaurant|subway_entrance,,729.424850252167,406.6843378518681,37.49522941823122,127.02913698209235,,,,timeout
dyn_pax_1460,2940.0,2026-07-03 09:49:00,1229817205#1,residential|bus_stop,,631.6400080768872,572.7061575261558,37.49670653972221,127.02799208080955,,,,timeout
dyn_pax_1461,2941.0,2026-07-03 09:49:01,520307304#0,school|subway_entrance|bus_stop,,602.6035134310263,763.145495629718,37.498416594724866,127.02761864854104,,,,timeout
dyn_pax_1462,2943.0,2026-07-03 09:49:03,520307304#0,school|subway_entrance|bus_stop,,602.6035134310263,763.145495629718,37.498416594724866,127.02761864854104,,,,timeout
dyn_pax_1463,2944.0,2026-07-03 09:49:04,218877837#2,company|restaurant|bus_stop,,479.4555212141038,978.0213907550284,37.500328997763305,127.02617530290202,3408.0,464.0,taxi_respawn_9,picked
dyn_pax_1464,2946.0,2026-07-03 09:49:06,521766175#3,company|restaurant|subway_entrance|bus_stop,,373.6701172395771,1298.610217621072,37.50319695740621,127.02490310718325,,,,timeout
dyn_pax_1465,2947.0,2026-07-03 09:49:07,1117538957#3,restaurant|subway_entrance|bus_stop,,465.5082521847807,644.8780924026132,37.49732530507706,127.02609663221197,,,,timeout
dyn_pax_1466,2949.0,2026-07-03 09:49:09,375049565#6,restaurant|subway_entrance|bus_stop,,789.5153251748014,798.8522330112556,37.49877353199428,127.02972351946808,,,,timeout
dyn_pax_1467,2950.0,2026-07-03 09:49:10,521770116#2,company|restaurant|bus_stop,,432.3182248087171,1108.514093563608,37.50149560521279,127.02561136613096,3115.0,165.0,taxi_38,picked
dyn_pax_1468,2952.0,2026-07-03 09:49:12,218873820#0,restaurant|subway_entrance|bus_stop,,628.9829311132032,562.4061665928522,37.49661325243901,127.02796447999128,,,,timeout
dyn_pax_1469,2953.0,2026-07-03 09:49:13,-504509918#2,company|restaurant|bus_stop,,398.9694242295193,827.4758220967593,37.49895762305832,127.02530099003066,3392.0,439.0,taxi_respawn_23,picked
dyn_pax_1470,2955.0,2026-07-03 09:49:15,218857636#1,residential|company|restaurant|bus_stop,,297.92905089287035,623.2061345250047,37.49709839153085,127.02420706961871,3288.0,333.0,taxi_45,picked
dyn_pax_1471,2957.0,2026-07-03 09:49:17,375049565#6,restaurant|subway_entrance|bus_stop,,789.5153251748014,798.8522330112556,37.49877353199428,127.02972351946808,3528.0,571.0,taxi_45,picked
dyn_pax_1472,2958.0,2026-07-03 09:49:18,494824662#3,company|restaurant|subway_entrance,,729.424850252167,406.6843378518681,37.49522941823122,127.02913698209235,,,,timeout
dyn_pax_1473,2961.0,2026-07-03 09:49:21,520307304#0,school|subway_entrance|bus_stop,,602.6035134310263,763.145495629718,37.498416594724866,127.02761864854104,,,,timeout
dyn_pax_1474,2963.0,2026-07-03 09:49:23,-913950883#1,residential|company|restaurant,,391.36286393582424,840.6655979518604,37.49907500229157,127.0252118555046,3111.0,148.0,taxi_respawn_30,picked
dyn_pax_1475,2964.0,2026-07-03 09:49:24,-506191135#22,residential|company|restaurant|bus_stop,,38.693950105848444,1321.9513167019495,37.50334380565249,127.02110990869835,3030.0,66.0,taxi_11,picked
dyn_pax_1476,2966.0,2026-07-03 09:49:26,417933642#0,restaurant|bus_stop,,1041.0954363710525,463.30841921497654,37.49579826441859,127.03264736696761,3336.0,370.0,taxi_25,picked
dyn_pax_1477,2967.0,2026-07-03 09:49:27,-542367267#1,bus_stop,,247.51018316686128,1414.7184918773391,37.504219024473855,127.02344900430944,3078.0,111.0,taxi_respawn_25,picked
dyn_pax_1478,2969.0,2026-07-03 09:49:29,1229817205#1,residential|bus_stop,,631.6400080768872,572.7061575261558,37.49670653972221,127.02799208080955,,,,timeout
dyn_pax_1479,2970.0,2026-07-03 09:49:30,520307304#0,school|subway_entrance|bus_stop,,602.6035134310263,763.145495629718,37.498416594724866,127.02761864854104,,,,timeout
dyn_pax_1480,2972.0,2026-07-03 09:49:32,-541692164#2,subway_entrance,,317.7122087179151,1441.0296574375257,37.504469327730426,127.0242365566347,3088.0,116.0,taxi_24,picked
dyn_pax_1481,2973.0,2026-07-03 09:49:33,520307304#0,school|subway_entrance|bus_stop,,602.6035134310263,763.145495629718,37.498416594724866,127.02761864854104,,,,timeout
dyn_pax_1482,2975.0,2026-07-03 09:49:35,521766180#1,company|restaurant|bus_stop,,466.73410130235357,1169.2838037446552,37.502049542882666,127.02598608796039,3171.0,196.0,taxi_36,picked
dyn_pax_1483,2976.0,2026-07-03 09:49:36,1229817205#0,company|subway_entrance|bus_stop,,599.2457558679199,652.2907550986157,37.497417346160496,127.02760695963683,,,,timeout
dyn_pax_1484,2980.0,2026-07-03 09:49:40,975332778#1,bus_stop,,681.6099970732737,721.9380561808346,37.49806030190971,127.02852170075586,3439.0,459.0,taxi_respawn_36,picked
dyn_pax_1485,2983.0,2026-07-03 09:49:43,975332778#1,bus_stop,,681.6099970732737,721.9380561808346,37.49806030190971,127.02852170075586,3469.0,486.0,taxi_respawn_16,picked
dyn_pax_1486,2984.0,2026-07-03 09:49:44,218873820#0,restaurant|subway_entrance|bus_stop,,628.9829311132032,562.4061665928522,37.49661325243901,127.02796447999128,,,,timeout
dyn_pax_1487,2986.0,2026-07-03 09:49:46,417933642#0,restaurant|bus_stop,,1041.0954363710525,463.30841921497654,37.49579826441859,127.03264736696761,,,,timeout
dyn_pax_1488,2987.0,2026-07-03 09:49:47,-541692164#2,subway_entrance,,317.7122087179151,1441.0296574375257,37.504469327730426,127.0242365566347,3099.0,112.0,taxi_respawn_15,picked
dyn_pax_1489,2990.0,2026-07-03 09:49:50,178441450#1,residential|company|restaurant|bus_stop,,282.90243066757296,609.4157395563556,37.496971320837204,127.02404044855805,3115.0,125.0,taxi_46,picked
dyn_pax_1490,2992.0,2026-07-03 09:49:52,1117538957#3,restaurant|subway_entrance|bus_stop,,465.5082521847807,644.8780924026132,37.49732530507706,127.02609663221197,,,,timeout
dyn_pax_1491,2993.0,2026-07-03 09:49:53,1117538957#3,restaurant|subway_entrance|bus_stop,,465.5082521847807,644.8780924026132,37.49732530507706,127.02609663221197,,,,timeout
dyn_pax_1492,2995.0,2026-07-03 09:49:55,480850873,company|restaurant|bus_stop,,548.1935052770749,708.5896639848544,37.49791486187585,127.0270163956136,3435.0,440.0,taxi_respawn_29,picked
dyn_pax_1493,2998.0,2026-07-03 09:49:58,520307304#0,school|subway_entrance|bus_stop,,602.6035134310263,763.145495629718,37.498416594724866,127.02761864854104,,,,timeout
dyn_pax_1494,2999.0,2026-07-03 09:49:59,1229817205#0,company|subway_entrance|bus_stop,,599.2457558679199,652.2907550986157,37.497417346160496,127.02760695963683,,,,timeout
dyn_pax_1495,3001.0,2026-07-03 09:50:01,480850873,company|restaurant|bus_stop,,548.1935052770749,708.5896639848544,37.49791486187585,127.0270163956136,3468.0,467.0,taxi_40,picked
dyn_pax_1496,3003.0,2026-07-03 09:50:03,521766175#1,company|restaurant|subway_entrance,,332.9365590021661,1411.5585828157227,37.504206724109,127.02441570308932,,,,timeout
dyn_pax_1497,3003.0,2026-07-03 09:50:03,506191135#3,residential|company|restaurant|bus_stop,,238.79972345576414,789.4714057742513,37.49858497042428,127.023499044737,3228.0,225.0,taxi_respawn_6,picked
dyn_pax_1498,3004.0,2026-07-03 09:50:04,218864491#0,restaurant|bus_stop,,769.9803916976219,760.1217113917903,37.49842094941813,127.02951181742357,,,,timeout
dyn_pax_1499,3006.0,2026-07-03 09:50:06,521766175#1,company|restaurant|subway_entrance,,332.9365590021661,1411.5585828157227,37.504206724109,127.02441570308932,,,,timeout
dyn_pax_1500,3007.0,2026-07-03 09:50:07,521766175#3,company|restaurant|subway_entrance|bus_stop,,373.6701172395771,1298.610217621072,37.50319695740621,127.02490310718325,,,,timeout
dyn_pax_1501,3009.0,2026-07-03 09:50:09,494824662#3,company|restaurant|subway_entrance,,729.424850252167,406.6843378518681,37.49522941823122,127.02913698209235,,,,timeout
dyn_pax_1502,3010.0,2026-07-03 09:50:10,218864491#0,restaurant|bus_stop,,769.9803916976219,760.1217113917903,37.49842094941813,127.02951181742357,,,,timeout
dyn_pax_1503,3012.0,2026-07-03 09:50:12,-541692164#2,subway_entrance,,317.7122087179151,1441.0296574375257,37.504469327730426,127.0242365566347,3079.0,67.0,taxi_respawn_11,picked
dyn_pax_1504,3013.0,2026-07-03 09:50:13,-506191135#2,residential|bus_stop,,236.19733776439384,769.6838415951818,37.49840622577806,127.02347432089968,3451.0,438.0,taxi_respawn_12,picked
dyn_pax_1505,3015.0,2026-07-03 09:50:15,218873820#0,restaurant|subway_entrance|bus_stop,,628.9829311132032,562.4061665928522,37.49661325243901,127.02796447999128,,,,timeout
dyn_pax_1506,3016.0,2026-07-03 09:50:16,-504509918#2,company|restaurant|bus_stop,,398.9694242295193,827.4758220967593,37.49895762305832,127.02530099003066,,,,timeout
dyn_pax_1507,3018.0,2026-07-03 09:50:18,1229817205#0,company|subway_entrance|bus_stop,,599.2457558679199,652.2907550986157,37.497417346160496,127.02760695963683,,,,timeout
dyn_pax_1508,3020.0,2026-07-03 09:50:20,523141074#0,company|restaurant|subway_entrance,,524.0338794858329,871.4890157117229,37.4993777454413,127.02670460634431,3372.0,352.0,taxi_17,picked
dyn_pax_1509,3021.0,2026-07-03 09:50:21,521766175#1,company|restaurant|subway_entrance,,332.9365590021661,1411.5585828157227,37.504206724109,127.02441570308932,,,,timeout
dyn_pax_1510,3022.0,2026-07-03 09:50:22,-504509918#2,company|restaurant|bus_stop,,398.9694242295193,827.4758220967593,37.49895762305832,127.02530099003066,3581.0,559.0,taxi_respawn_35,picked
dyn_pax_1511,3024.0,2026-07-03 09:50:24,521770116#2,company|restaurant|bus_stop,,432.3182248087171,1108.514093563608,37.50149560521279,127.02561136613096,3127.0,103.0,taxi_44,picked
dyn_pax_1512,3025.0,2026-07-03 09:50:25,480850873,company|restaurant|bus_stop,,548.1935052770749,708.5896639848544,37.49791486187585,127.0270163956136,,,,timeout
dyn_pax_1513,3027.0,2026-07-03 09:50:27,1229817205#1,residential|bus_stop,,631.6400080768872,572.7061575261558,37.49670653972221,127.02799208080955,,,,timeout
dyn_pax_1514,3029.0,2026-07-03 09:50:29,218857636#1,residential|company|restaurant|bus_stop,,297.92905089287035,623.2061345250047,37.49709839153085,127.02420706961871,3161.0,132.0,taxi_37,picked
dyn_pax_1515,3030.0,2026-07-03 09:50:30,218857636#1,residential|company|restaurant|bus_stop,,297.92905089287035,623.2061345250047,37.49709839153085,127.02420706961871,3344.0,314.0,taxi_4,picked
dyn_pax_1516,3032.0,2026-07-03 09:50:32,218877837#2,company|restaurant|bus_stop,,479.4555212141038,978.0213907550284,37.500328997763305,127.02617530290202,3420.0,388.0,taxi_30,picked
dyn_pax_1517,3033.0,2026-07-03 09:50:33,521766175#1,company|restaurant|subway_entrance,,332.9365590021661,1411.5585828157227,37.504206724109,127.02441570308932,,,,timeout
dyn_pax_1518,3035.0,2026-07-03 09:50:35,520307304#0,school|subway_entrance|bus_stop,,602.6035134310263,763.145495629718,37.498416594724866,127.02761864854104,,,,timeout
dyn_pax_1519,3038.0,2026-07-03 09:50:38,1229817205#1,residential|bus_stop,,631.6400080768872,572.7061575261558,37.49670653972221,127.02799208080955,,,,timeout
dyn_pax_1520,3039.0,2026-07-03 09:50:39,521766175#3,company|restaurant|subway_entrance|bus_stop,,373.6701172395771,1298.610217621072,37.50319695740621,127.02490310718325,3626.0,587.0,taxi_respawn_17,picked
dyn_pax_1521,3041.0,2026-07-03 09:50:41,375049565#6,restaurant|subway_entrance|bus_stop,,789.5153251748014,798.8522330112556,37.49877353199428,127.02972351946808,3534.0,493.0,taxi_1,picked
dyn_pax_1522,3041.0,2026-07-03 09:50:41,-117790062#4,company,,666.6267400273903,1210.7400577041187,37.50246075614395,127.02823646445898,3097.0,56.0,taxi_15,picked
dyn_pax_1523,3042.0,2026-07-03 09:50:42,1117538957#3,restaurant|subway_entrance|bus_stop,,465.5082521847807,644.8780924026132,37.49732530507706,127.02609663221197,3552.0,510.0,taxi_respawn_23,picked
dyn_pax_1524,3044.0,2026-07-03 09:50:44,521766175#3,company|restaurant|subway_entrance|bus_stop,,373.6701172395771,1298.610217621072,37.50319695740621,127.02490310718325,,,,timeout
dyn_pax_1525,3045.0,2026-07-03 09:50:45,-541692164#2,subway_entrance,,317.7122087179151,1441.0296574375257,37.504469327730426,127.0242365566347,3263.0,218.0,taxi_respawn_28,picked
dyn_pax_1526,3047.0,2026-07-03 09:50:47,521766175#3,company|restaurant|subway_entrance|bus_stop,,373.6701172395771,1298.610217621072,37.50319695740621,127.02490310718325,,,,timeout
dyn_pax_1527,3048.0,2026-07-03 09:50:48,541692164#1,subway_entrance,,271.6277521231475,1406.6420105391767,37.5041508337347,127.02372362926798,3174.0,126.0,taxi_27,picked
dyn_pax_1528,3050.0,2026-07-03 09:50:50,506191135#3,residential|company|restaurant|bus_stop,,238.79972345576414,789.4714057742513,37.49858497042428,127.023499044737,,,,timeout
dyn_pax_1529,3052.0,2026-07-03 09:50:52,218857636#1,residential|company|restaurant|bus_stop,,297.92905089287035,623.2061345250047,37.49709839153085,127.02420706961871,3351.0,299.0,taxi_21,picked
dyn_pax_1530,3053.0,2026-07-03 09:50:53,521766182#1,company|restaurant|subway_entrance,,681.695169875507,539.6867345716422,37.496418539503196,127.02856584056028,3349.0,296.0,taxi_38,picked
dyn_pax_1531,3055.0,2026-07-03 09:50:55,218873820#0,restaurant|subway_entrance|bus_stop,,628.9829311132032,562.4061665928522,37.49661325243901,127.02796447999128,,,,timeout
dyn_pax_1532,3056.0,2026-07-03 09:50:56,1117538957#3,restaurant|subway_entrance|bus_stop,,465.5082521847807,644.8780924026132,37.49732530507706,127.02609663221197,3546.0,490.0,taxi_respawn_29,picked
dyn_pax_1533,3058.0,2026-07-03 09:50:58,480850873,company|restaurant|bus_stop,,548.1935052770749,708.5896639848544,37.49791486187585,127.0270163956136,3559.0,501.0,taxi_respawn_3,picked
dyn_pax_1534,3059.0,2026-07-03 09:50:59,523141074#0,company|restaurant|subway_entrance,,524.0338794858329,871.4890157117229,37.4993777454413,127.02670460634431,3472.0,413.0,taxi_9,picked
dyn_pax_1535,3061.0,2026-07-03 09:51:01,375049565#6,restaurant|subway_entrance|bus_stop,,789.5153251748014,798.8522330112556,37.49877353199428,127.02972351946808,3616.0,555.0,taxi_20,picked
dyn_pax_1536,3062.0,2026-07-03 09:51:02,494824662#3,company|restaurant|subway_entrance,,729.424850252167,406.6843378518681,37.49522941823122,127.02913698209235,3577.0,515.0,taxi_respawn_10,picked
dyn_pax_1537,3064.0,2026-07-03 09:51:04,1229817205#1,residential|bus_stop,,631.6400080768872,572.7061575261558,37.49670653972221,127.02799208080955,3552.0,488.0,taxi_12,picked
dyn_pax_1538,3065.0,2026-07-03 09:51:05,375049565#6,restaurant|subway_entrance|bus_stop,,789.5153251748014,798.8522330112556,37.49877353199428,127.02972351946808,3622.0,557.0,taxi_respawn_24,picked
dyn_pax_1539,3067.0,2026-07-03 09:51:07,-506191135#22,residential|company|restaurant|bus_stop,,38.693950105848444,1321.9513167019495,37.50334380565249,127.02110990869835,3124.0,57.0,taxi_respawn_23,picked
dyn_pax_1540,3068.0,2026-07-03 09:51:08,521770119#0,restaurant|bus_stop,,548.9831206778387,935.1148840516827,37.499955620541705,127.02697161236954,,,,timeout
dyn_pax_1541,3070.0,2026-07-03 09:51:10,520307304#0,school|subway_entrance|bus_stop,,602.6035134310263,763.145495629718,37.498416594724866,127.02761864854104,,,,timeout
dyn_pax_1542,3071.0,2026-07-03 09:51:11,1229817205#0,company|subway_entrance|bus_stop,,599.2457558679199,652.2907550986157,37.497417346160496,127.02760695963683,,,,timeout
dyn_pax_1543,3073.0,2026-07-03 09:51:13,1117538957#3,restaurant|subway_entrance|bus_stop,,465.5082521847807,644.8780924026132,37.49732530507706,127.02609663221197,,,,timeout
dyn_pax_1544,3075.0,2026-07-03 09:51:15,520307304#0,school|subway_entrance|bus_stop,,602.6035134310263,763.145495629718,37.498416594724866,127.02761864854104,,,,timeout
dyn_pax_1545,3076.0,2026-07-03 09:51:16,218857636#1,residential|company|restaurant|bus_stop,,297.92905089287035,623.2061345250047,37.49709839153085,127.02420706961871,3440.0,364.0,taxi_7,picked
dyn_pax_1546,3078.0,2026-07-03 09:51:18,521766182#1,company|restaurant|subway_entrance,,681.695169875507,539.6867345716422,37.496418539503196,127.02856584056028,3445.0,367.0,taxi_48,picked
dyn_pax_1547,3078.0,2026-07-03 09:51:18,-376649996#1,company,,349.947152138941,1.6182517984103069,37.49150877654974,127.02494272030683,,,,timeout
dyn_pax_1548,3079.0,2026-07-03 09:51:19,375049565#6,restaurant|subway_entrance|bus_stop,,789.5153251748014,798.8522330112556,37.49877353199428,127.02972351946808,3634.0,555.0,taxi_28,picked
dyn_pax_1549,3081.0,2026-07-03 09:51:21,521766175#1,company|restaurant|subway_entrance,,332.9365590021661,1411.5585828157227,37.504206724109,127.02441570308932,,,,timeout
dyn_pax_1550,3082.0,2026-07-03 09:51:22,1229817205#0,company|subway_entrance|bus_stop,,599.2457558679199,652.2907550986157,37.497417346160496,127.02760695963683,,,,timeout
dyn_pax_1551,3084.0,2026-07-03 09:51:24,-542367267#1,bus_stop,,247.51018316686128,1414.7184918773391,37.504219024473855,127.02344900430944,3107.0,23.0,taxi_respawn_18,picked
dyn_pax_1552,3085.0,2026-07-03 09:51:25,1117538957#3,restaurant|subway_entrance|bus_stop,,465.5082521847807,644.8780924026132,37.49732530507706,127.02609663221197,,,,timeout
dyn_pax_1553,3087.0,2026-07-03 09:51:27,218864491#0,restaurant|bus_stop,,769.9803916976219,760.1217113917903,37.49842094941813,127.02951181742357,,,,timeout
dyn_pax_1554,3088.0,2026-07-03 09:51:28,521770119#0,restaurant|bus_stop,,548.9831206778387,935.1148840516827,37.499955620541705,127.02697161236954,,,,timeout
dyn_pax_1555,3090.0,2026-07-03 09:51:30,1117538957#3,restaurant|subway_entrance|bus_stop,,465.5082521847807,644.8780924026132,37.49732530507706,127.02609663221197,,,,timeout
dyn_pax_1556,3091.0,2026-07-03 09:51:31,178441450#1,residential|company|restaurant|bus_stop,,282.90243066757296,609.4157395563556,37.496971320837204,127.02404044855805,3250.0,159.0,taxi_1,picked
dyn_pax_1557,3093.0,2026-07-03 09:51:33,523141074#0,company|restaurant|subway_entrance,,524.0338794858329,871.4890157117229,37.4993777454413,127.02670460634431,3465.0,372.0,taxi_respawn_19,picked
dyn_pax_1558,3094.0,2026-07-03 09:51:34,541692164#1,subway_entrance,,271.6277521231475,1406.6420105391767,37.5041508337347,127.02372362926798,3157.0,63.0,taxi_respawn_20,picked
dyn_pax_1559,3096.0,2026-07-03 09:51:36,1229817205#1,residential|bus_stop,,631.6400080768872,572.7061575261558,37.49670653972221,127.02799208080955,3595.0,499.0,taxi_7,picked
dyn_pax_1560,3096.0,2026-07-03 09:51:36,239962780#1,company|restaurant,,78.091042197054,1418.7355011637856,37.504223128704645,127.02153236485597,3174.0,78.0,taxi_respawn_36,picked
dyn_pax_1561,3097.0,2026-07-03 09:51:37,521766175#3,company|restaurant|subway_entrance|bus_stop,,373.6701172395771,1298.610217621072,37.50319695740621,127.02490310718325,,,,timeout
dyn_pax_1562,3099.0,2026-07-03 09:51:39,521770119#1,restaurant|bus_stop,,527.3115514435282,995.8620162900467,37.50049875494786,127.02671217090477,,,,timeout
dyn_pax_1563,3101.0,2026-07-03 09:51:41,521770116#2,company|restaurant|bus_stop,,432.3182248087171,1108.514093563608,37.50149560521279,127.02561136613096,3313.0,212.0,taxi_30,picked
dyn_pax_1564,3102.0,2026-07-03 09:51:42,218873820#0,restaurant|subway_entrance|bus_stop,,628.9829311132032,562.4061665928522,37.49661325243901,127.02796447999128,,,,timeout
dyn_pax_1565,3104.0,2026-07-03 09:51:44,218873820#0,restaurant|subway_entrance|bus_stop,,628.9829311132032,562.4061665928522,37.49661325243901,127.02796447999128,,,,timeout
dyn_pax_1566,3105.0,2026-07-03 09:51:45,218877837#2,company|restaurant|bus_stop,,479.4555212141038,978.0213907550284,37.500328997763305,127.02617530290202,3479.0,374.0,taxi_respawn_33,picked
dyn_pax_1567,3107.0,2026-07-03 09:51:47,521766175#3,company|restaurant|subway_entrance|bus_stop,,373.6701172395771,1298.610217621072,37.50319695740621,127.02490310718325,,,,timeout
dyn_pax_1568,3108.0,2026-07-03 09:51:48,1376141183#0,bus_stop,,548.2528111146681,901.2117688498424,37.49965007283687,127.02697139402301,,,,timeout
dyn_pax_1569,3109.0,2026-07-03 09:51:49,975332778#1,bus_stop,,681.6099970732737,721.9380561808346,37.49806030190971,127.02852170075586,,,,timeout
dyn_pax_1570,3110.0,2026-07-03 09:51:50,521766182#1,company|restaurant|subway_entrance,,681.695169875507,539.6867345716422,37.496418539503196,127.02856584056028,3428.0,318.0,taxi_respawn_27,picked
dyn_pax_1571,3111.0,2026-07-03 09:51:51,-542367267#1,bus_stop,,247.51018316686128,1414.7184918773391,37.504219024473855,127.02344900430944,3253.0,142.0,taxi_respawn_9,picked
dyn_pax_1572,3111.0,2026-07-03 09:51:51,-379463134#6,restaurant,,651.5506250710082,1319.679135788758,37.50343926652266,127.02804017641046,3180.0,69.0,taxi_respawn_27,picked
dyn_pax_1573,3113.0,2026-07-03 09:51:53,1229817205#0,company|subway_entrance|bus_stop,,599.2457558679199,652.2907550986157,37.497417346160496,127.02760695963683,,,,timeout
dyn_pax_1574,3114.0,2026-07-03 09:51:54,1229817205#1,residential|bus_stop,,631.6400080768872,572.7061575261558,37.49670653972221,127.02799208080955,,,,timeout
dyn_pax_1575,3116.0,2026-07-03 09:51:56,1117538957#3,restaurant|subway_entrance|bus_stop,,465.5082521847807,644.8780924026132,37.49732530507706,127.02609663221197,,,,timeout
dyn_pax_1576,3116.0,2026-07-03 09:51:56,520307304#0,school|subway_entrance|bus_stop,,602.6035134310263,763.145495629718,37.498416594724866,127.02761864854104,,,,timeout
dyn_pax_1577,3117.0,2026-07-03 09:51:57,520307304#0,school|subway_entrance|bus_stop,,602.6035134310263,763.145495629718,37.498416594724866,127.02761864854104,,,,timeout
dyn_pax_1578,3119.0,2026-07-03 09:51:59,523141074#0,company|restaurant|subway_entrance,,524.0338794858329,871.4890157117229,37.4993777454413,127.02670460634431,3518.0,399.0,taxi_47,picked
dyn_pax_1579,3120.0,2026-07-03 09:52:00,494824662#3,company|restaurant|subway_entrance,,729.424850252167,406.6843378518681,37.49522941823122,127.02913698209235,,,,timeout
dyn_pax_1580,3124.0,2026-07-03 09:52:04,521766180#1,company|restaurant|bus_stop,,466.73410130235357,1169.2838037446552,37.502049542882666,127.02598608796039,3483.0,359.0,taxi_18,picked
dyn_pax_1581,3125.0,2026-07-03 09:52:05,375049565#6,restaurant|subway_entrance|bus_stop,,789.5153251748014,798.8522330112556,37.49877353199428,127.02972351946808,3660.0,535.0,taxi_respawn_21,picked
dyn_pax_1582,3127.0,2026-07-03 09:52:07,218873820#0,restaurant|subway_entrance|bus_stop,,628.9829311132032,562.4061665928522,37.49661325243901,127.02796447999128,,,,timeout
dyn_pax_1583,3128.0,2026-07-03 09:52:08,-542367267#1,bus_stop,,247.51018316686128,1414.7184918773391,37.504219024473855,127.02344900430944,3228.0,100.0,taxi_respawn_37,picked
dyn_pax_1584,3130.0,2026-07-03 09:52:10,506191135#3,residential|company|restaurant|bus_stop,,238.79972345576414,789.4714057742513,37.49858497042428,127.023499044737,3686.0,556.0,taxi_respawn_9,picked
dyn_pax_1585,3131.0,2026-07-03 09:52:11,521770119#1,restaurant|bus_stop,,527.3115514435282,995.8620162900467,37.50049875494786,127.02671217090477,,,,timeout
dyn_pax_1586,3133.0,2026-07-03 09:52:13,-541692164#2,subway_entrance,,317.7122087179151,1441.0296574375257,37.504469327730426,127.0242365566347,3279.0,146.0,taxi_respawn_22,picked
dyn_pax_1587,3134.0,2026-07-03 09:52:14,218877837#2,company|restaurant|bus_stop,,479.4555212141038,978.0213907550284,37.500328997763305,127.02617530290202,3538.0,404.0,taxi_respawn_34,picked
dyn_pax_1588,3134.0,2026-07-03 09:52:14,379463134#4,restaurant,,574.4815382344308,1284.0756787717605,37.50310398350559,127.02717717678497,3200.0,66.0,taxi_35,picked
dyn_pax_1589,3136.0,2026-07-03 09:52:16,521766175#3,company|restaurant|subway_entrance|bus_stop,,373.6701172395771,1298.610217621072,37.50319695740621,127.02490310718325,,,,timeout
dyn_pax_1590,3137.0,2026-07-03 09:52:17,1229817205#0,company|subway_entrance|bus_stop,,599.2457558679199,652.2907550986157,37.497417346160496,127.02760695963683,,,,timeout
dyn_pax_1591,3139.0,2026-07-03 09:52:19,1117538957#3,restaurant|subway_entrance|bus_stop,,465.5082521847807,644.8780924026132,37.49732530507706,127.02609663221197,3647.0,508.0,taxi_16,picked
dyn_pax_1592,3140.0,2026-07-03 09:52:20,1117538957#3,restaurant|subway_entrance|bus_stop,,465.5082521847807,644.8780924026132,37.49732530507706,127.02609663221197,3709.0,569.0,taxi_respawn_31,picked
dyn_pax_1593,3142.0,2026-07-03 09:52:22,521766175#1,company|restaurant|subway_entrance,,332.9365590021661,1411.5585828157227,37.504206724109,127.02441570308932,,,,timeout
dyn_pax_1594,3143.0,2026-07-03 09:52:23,1376141183#0,bus_stop,,548.2528111146681,901.2117688498424,37.49965007283687,127.02697139402301,,,,timeout
dyn_pax_1595,3144.0,2026-07-03 09:52:24,-417933646#4,company|restaurant,,761.9867537178288,747.7080569325292,37.49830761500862,127.02942437673002,,,,timeout
dyn_pax_1596,3147.0,2026-07-03 09:52:27,375049565#6,restaurant|subway_entrance|bus_stop,,789.5153251748014,798.8522330112556,37.49877353199428,127.02972351946808,3646.0,499.0,taxi_respawn_33,picked
dyn_pax_1597,3148.0,2026-07-03 09:52:28,521766182#1,company|restaurant|subway_entrance,,681.695169875507,539.6867345716422,37.496418539503196,127.02856584056028,3505.0,357.0,taxi_34,picked
dyn_pax_1598,3150.0,2026-07-03 09:52:30,1117538958#3,bus_stop,,160.18899290588462,540.6019911995099,37.49632820280781,127.02266936696756,3230.0,80.0,taxi_respawn_17,picked
dyn_pax_1599,3151.0,2026-07-03 09:52:31,1117538957#3,restaurant|subway_entrance|bus_stop,,465.5082521847807,644.8780924026132,37.49732530507706,127.02609663221197,,,,timeout
dyn_pax_1600,3153.0,2026-07-03 09:52:33,1117538958#3,bus_stop,,160.18899290588462,540.6019911995099,37.49632820280781,127.02266936696756,3252.0,99.0,taxi_31,picked
dyn_pax_1601,3154.0,2026-07-03 09:52:34,375049565#6,restaurant|subway_entrance|bus_stop,,789.5153251748014,798.8522330112556,37.49877353199428,127.02972351946808,3706.0,552.0,taxi_34,picked
dyn_pax_1602,3156.0,2026-07-03 09:52:36,521766180#1,company|restaurant|bus_stop,,466.73410130235357,1169.2838037446552,37.502049542882666,127.02598608796039,3347.0,191.0,taxi_49,picked
dyn_pax_1603,3157.0,2026-07-03 09:52:37,-541692164#2,subway_entrance,,317.7122087179151,1441.0296574375257,37.504469327730426,127.0242365566347,3271.0,114.0,taxi_40,picked
dyn_pax_1604,3159.0,2026-07-03 09:52:39,1229817205#0,company|subway_entrance|bus_stop,,599.2457558679199,652.2907550986157,37.497417346160496,127.02760695963683,,,,timeout
dyn_pax_1605,3160.0,2026-07-03 09:52:40,-541692164#2,subway_entrance,,317.7122087179151,1441.0296574375257,37.504469327730426,127.0242365566347,3289.0,129.0,taxi_13,picked
dyn_pax_1606,3162.0,2026-07-03 09:52:42,218873820#0,restaurant|subway_entrance|bus_stop,,628.9829311132032,562.4061665928522,37.49661325243901,127.02796447999128,,,,timeout
dyn_pax_1607,3163.0,2026-07-03 09:52:43,521766182#1,company|restaurant|subway_entrance,,681.695169875507,539.6867345716422,37.496418539503196,127.02856584056028,3559.0,396.0,taxi_respawn_27,picked
dyn_pax_1608,3165.0,2026-07-03 09:52:45,1117538957#3,restaurant|subway_entrance|bus_stop,,465.5082521847807,644.8780924026132,37.49732530507706,127.02609663221197,,,,timeout
dyn_pax_1609,3166.0,2026-07-03 09:52:46,-417933645#2,company|restaurant|subway_entrance,,701.1658676593129,719.5455833044954,37.49804244093877,127.02874337560036,3437.0,271.0,taxi_respawn_4,picked
dyn_pax_1610,3168.0,2026-07-03 09:52:48,305539406,company|restaurant|subway_entrance,,566.389495917364,736.5285064605782,37.49816998085155,127.02721550408178,3635.0,467.0,taxi_6,picked
dyn_pax_1611,3169.0,2026-07-03 09:52:49,305539406,company|restaurant|subway_entrance,,566.389495917364,736.5285064605782,37.49816998085155,127.02721550408178,,,,timeout
dyn_pax_1612,3171.0,2026-07-03 09:52:51,218877837#2,company|restaurant|bus_stop,,479.4555212141038,978.0213907550284,37.500328997763305,127.02617530290202,3576.0,405.0,taxi_37,picked
dyn_pax_1613,3173.0,2026-07-03 09:52:53,178441450#1,residential|company|restaurant|bus_stop,,282.90243066757296,609.4157395563556,37.496971320837204,127.02404044855805,3295.0,122.0,taxi_respawn_1,picked
dyn_pax_1614,3174.0,2026-07-03 09:52:54,520307304#0,school|subway_entrance|bus_stop,,602.6035134310263,763.145495629718,37.498416594724866,127.02761864854104,,,,timeout
dyn_pax_1615,3176.0,2026-07-03 09:52:56,-417933645#2,company|restaurant|subway_entrance,,701.1658676593129,719.5455833044954,37.49804244093877,127.02874337560036,3567.0,391.0,taxi_respawn_36,picked
dyn_pax_1616,3177.0,2026-07-03 09:52:57,417933642#0,restaurant|bus_stop,,1041.0954363710525,463.30841921497654,37.49579826441859,127.03264736696761,,,,timeout
dyn_pax_1617,3180.0,2026-07-03 09:53:00,521770116#2,company|restaurant|bus_stop,,432.3182248087171,1108.514093563608,37.50149560521279,127.02561136613096,3393.0,213.0,taxi_respawn_31,picked
dyn_pax_1618,3182.0,2026-07-03 09:53:02,375049565#6,restaurant|subway_entrance|bus_stop,,789.5153251748014,798.8522330112556,37.49877353199428,127.02972351946808,,,,timeout
dyn_pax_1619,3183.0,2026-07-03 09:53:03,521766180#1,company|restaurant|bus_stop,,466.73410130235357,1169.2838037446552,37.502049542882666,127.02598608796039,3787.0,604.0,taxi_10,picked
dyn_pax_1620,3185.0,2026-07-03 09:53:05,521766175#3,company|restaurant|subway_entrance|bus_stop,,373.6701172395771,1298.610217621072,37.50319695740621,127.02490310718325,,,,timeout
dyn_pax_1621,3186.0,2026-07-03 09:53:06,521766175#1,company|restaurant|subway_entrance,,332.9365590021661,1411.5585828157227,37.504206724109,127.02441570308932,,,,timeout
dyn_pax_1622,3188.0,2026-07-03 09:53:08,521770119#1,restaurant|bus_stop,,527.3115514435282,995.8620162900467,37.50049875494786,127.02671217090477,,,,timeout
dyn_pax_1623,3189.0,2026-07-03 09:53:09,521766175#1,company|restaurant|subway_entrance,,332.9365590021661,1411.5585828157227,37.504206724109,127.02441570308932,,,,timeout
dyn_pax_1624,3191.0,2026-07-03 09:53:11,521770119#1,restaurant|bus_stop,,527.3115514435282,995.8620162900467,37.50049875494786,127.02671217090477,,,,timeout
dyn_pax_1625,3192.0,2026-07-03 09:53:12,375049565#6,restaurant|subway_entrance|bus_stop,,789.5153251748014,798.8522330112556,37.49877353199428,127.02972351946808,,,,timeout
dyn_pax_1626,3194.0,2026-07-03 09:53:14,506191135#3,residential|company|restaurant|bus_stop,,238.79972345576414,789.4714057742513,37.49858497042428,127.023499044737,,,,timeout
dyn_pax_1627,3197.0,2026-07-03 09:53:17,521766175#3,company|restaurant|subway_entrance|bus_stop,,373.6701172395771,1298.610217621072,37.50319695740621,127.02490310718325,,,,timeout
dyn_pax_1628,3199.0,2026-07-03 09:53:19,1117538958#3,bus_stop,,160.18899290588462,540.6019911995099,37.49632820280781,127.02266936696756,3285.0,86.0,taxi_41,picked
dyn_pax_1629,3200.0,2026-07-03 09:53:20,521766180#1,company|restaurant|bus_stop,,466.73410130235357,1169.2838037446552,37.502049542882666,127.02598608796039,4095.0,895.0,taxi_5,picked
dyn_pax_1630,3202.0,2026-07-03 09:53:22,218873820#0,restaurant|subway_entrance|bus_stop,,628.9829311132032,562.4061665928522,37.49661325243901,127.02796447999128,,,,timeout
dyn_pax_1631,3203.0,2026-07-03 09:53:23,218873820#0,restaurant|subway_entrance|bus_stop,,628.9829311132032,562.4061665928522,37.49661325243901,127.02796447999128,,,,timeout
dyn_pax_1632,3205.0,2026-07-03 09:53:25,1376141183#0,bus_stop,,548.2528111146681,901.2117688498424,37.49965007283687,127.02697139402301,,,,timeout
dyn_pax_1633,3206.0,2026-07-03 09:53:26,506191135#3,residential|company|restaurant|bus_stop,,238.79972345576414,789.4714057742513,37.49858497042428,127.023499044737,,,,timeout
dyn_pax_1634,3208.0,2026-07-03 09:53:28,1229817205#0,company|subway_entrance|bus_stop,,599.2457558679199,652.2907550986157,37.497417346160496,127.02760695963683,,,,timeout
dyn_pax_1635,3209.0,2026-07-03 09:53:29,541692164#1,subway_entrance,,271.6277521231475,1406.6420105391767,37.5041508337347,127.02372362926798,3250.0,41.0,taxi_48,picked
dyn_pax_1636,3211.0,2026-07-03 09:53:31,-506191135#22,residential|company|restaurant|bus_stop,,38.693950105848444,1321.9513167019495,37.50334380565249,127.02110990869835,3259.0,48.0,taxi_respawn_29,picked
dyn_pax_1637,3212.0,2026-07-03 09:53:32,218857636#1,residential|company|restaurant|bus_stop,,297.92905089287035,623.2061345250047,37.49709839153085,127.02420706961871,3486.0,274.0,taxi_respawn_2,picked
dyn_pax_1638,3217.0,2026-07-03 09:53:37,975332778#1,bus_stop,,681.6099970732737,721.9380561808346,37.49806030190971,127.02852170075586,3649.0,432.0,taxi_46,picked
dyn_pax_1639,3219.0,2026-07-03 09:53:39,521770119#1,restaurant|bus_stop,,527.3115514435282,995.8620162900467,37.50049875494786,127.02671217090477,3787.0,568.0,taxi_24,picked
dyn_pax_1640,3220.0,2026-07-03 09:53:40,1229817205#0,company|subway_entrance|bus_stop,,599.2457558679199,652.2907550986157,37.497417346160496,127.02760695963683,,,,timeout
dyn_pax_1641,3222.0,2026-07-03 09:53:42,521770116#2,company|restaurant|bus_stop,,432.3182248087171,1108.514093563608,37.50149560521279,127.02561136613096,3367.0,145.0,taxi_respawn_26,picked
dyn_pax_1642,3223.0,2026-07-03 09:53:43,1376141183#0,bus_stop,,548.2528111146681,901.2117688498424,37.49965007283687,127.02697139402301,,,,timeout
dyn_pax_1643,3225.0,2026-07-03 09:53:45,480850873,company|restaurant|bus_stop,,548.1935052770749,708.5896639848544,37.49791486187585,127.0270163956136,,,,timeout
dyn_pax_1644,3226.0,2026-07-03 09:53:46,1229817205#0,company|subway_entrance|bus_stop,,599.2457558679199,652.2907550986157,37.497417346160496,127.02760695963683,,,,timeout
dyn_pax_1645,3228.0,2026-07-03 09:53:48,1229817205#1,residential|bus_stop,,631.6400080768872,572.7061575261558,37.49670653972221,127.02799208080955,,,,timeout
dyn_pax_1646,3229.0,2026-07-03 09:53:49,521766182#1,company|restaurant|subway_entrance,,681.695169875507,539.6867345716422,37.496418539503196,127.02856584056028,3569.0,340.0,taxi_29,picked
dyn_pax_1647,3231.0,2026-07-03 09:53:51,218877837#2,company|restaurant|bus_stop,,479.4555212141038,978.0213907550284,37.500328997763305,127.02617530290202,3635.0,404.0,taxi_35,picked
dyn_pax_1648,3232.0,2026-07-03 09:53:52,1229817205#1,residential|bus_stop,,631.6400080768872,572.7061575261558,37.49670653972221,127.02799208080955,,,,timeout
dyn_pax_1649,3232.0,2026-07-03 09:53:52,129731857#1,residential|restaurant,,656.8212873140518,799.6615847813327,37.498755780674834,127.02822301071001,,,,timeout
dyn_pax_1650,3234.0,2026-07-03 09:53:54,1376141183#0,bus_stop,,548.2528111146681,901.2117688498424,37.49965007283687,127.02697139402301,,,,timeout
dyn_pax_1651,3235.0,2026-07-03 09:53:55,-417933645#2,company|restaurant|subway_entrance,,701.1658676593129,719.5455833044954,37.49804244093877,127.02874337560036,3573.0,338.0,taxi_respawn_7,picked
dyn_pax_1652,3237.0,2026-07-03 09:53:57,1376141183#0,bus_stop,,548.2528111146681,901.2117688498424,37.49965007283687,127.02697139402301,,,,timeout
dyn_pax_1653,3237.0,2026-07-03 09:53:57,117790039#3,restaurant,,1021.8645860465238,1004.4924062015546,37.500669811640854,127.03230197280303,3296.0,59.0,taxi_respawn_32,picked
dyn_pax_1654,3238.0,2026-07-03 09:53:58,-542367267#1,bus_stop,,247.51018316686128,1414.7184918773391,37.504219024473855,127.02344900430944,3273.0,35.0,taxi_respawn_24,picked
dyn_pax_1655,3240.0,2026-07-03 09:54:00,494824662#3,company|restaurant|subway_entrance,,729.424850252167,406.6843378518681,37.49522941823122,127.02913698209235,3708.0,468.0,taxi_respawn_10,picked
dyn_pax_1656,3243.0,2026-07-03 09:54:03,521766180#1,company|restaurant|bus_stop,,466.73410130235357,1169.2838037446552,37.502049542882666,127.02598608796039,3437.0,194.0,taxi_8,picked
dyn_pax_1657,3245.0,2026-07-03 09:54:05,521770119#0,restaurant|bus_stop,,548.9831206778387,935.1148840516827,37.499955620541705,127.02697161236954,,,,timeout
dyn_pax_1658,3246.0,2026-07-03 09:54:06,-541692164#2,subway_entrance,,317.7122087179151,1441.0296574375257,37.504469327730426,127.0242365566347,3719.0,473.0,taxi_27,picked
dyn_pax_1659,3248.0,2026-07-03 09:54:08,218873820#0,restaurant|subway_entrance|bus_stop,,628.9829311132032,562.4061665928522,37.49661325243901,127.02796447999128,,,,timeout
dyn_pax_1660,3249.0,2026-07-03 09:54:09,375049565#6,restaurant|subway_entrance|bus_stop,,789.5153251748014,798.8522330112556,37.49877353199428,127.02972351946808,3750.0,501.0,taxi_respawn_13,picked
dyn_pax_1661,3251.0,2026-07-03 09:54:11,218873820#0,restaurant|subway_entrance|bus_stop,,628.9829311132032,562.4061665928522,37.49661325243901,127.02796447999128,,,,timeout
dyn_pax_1662,3252.0,2026-07-03 09:54:12,375049565#6,restaurant|subway_entrance|bus_stop,,789.5153251748014,798.8522330112556,37.49877353199428,127.02972351946808,3755.0,503.0,taxi_respawn_29,picked
dyn_pax_1663,3252.0,2026-07-03 09:54:12,129731852,restaurant,,626.5739131314494,885.3301415107766,37.499521799012015,127.0278607124155,,,,timeout
dyn_pax_1664,3254.0,2026-07-03 09:54:14,-417933645#2,company|restaurant|subway_entrance,,701.1658676593129,719.5455833044954,37.49804244093877,127.02874337560036,3619.0,365.0,taxi_9,picked
dyn_pax_1665,3255.0,2026-07-03 09:54:15,-506191135#22,residential|company|restaurant|bus_stop,,38.693950105848444,1321.9513167019495,37.50334380565249,127.02110990869835,3304.0,49.0,taxi_29,picked
dyn_pax_1666,3257.0,2026-07-03 09:54:17,521770116#2,company|restaurant|bus_stop,,432.3182248087171,1108.514093563608,37.50149560521279,127.02561136613096,3454.0,197.0,taxi_respawn_25,picked
dyn_pax_1667,3258.0,2026-07-03 09:54:18,-541692164#2,subway_entrance,,317.7122087179151,1441.0296574375257,37.504469327730426,127.0242365566347,3801.0,543.0,taxi_45,picked
dyn_pax_1668,3260.0,2026-07-03 09:54:20,520307304#0,school|subway_entrance|bus_stop,,602.6035134310263,763.145495629718,37.498416594724866,127.02761864854104,,,,timeout
dyn_pax_1669,3261.0,2026-07-03 09:54:21,178441450#1,residential|company|restaurant|bus_stop,,282.90243066757296,609.4157395563556,37.496971320837204,127.02404044855805,3385.0,124.0,taxi_respawn_20,picked
dyn_pax_1670,3263.0,2026-07-03 09:54:23,-504509918#2,company|restaurant|bus_stop,,398.9694242295193,827.4758220967593,37.49895762305832,127.02530099003066,3586.0,323.0,taxi_31,picked
dyn_pax_1671,3264.0,2026-07-03 09:54:24,521770119#1,restaurant|bus_stop,,527.3115514435282,995.8620162900467,37.50049875494786,127.02671217090477,,,,timeout
dyn_pax_1672,3266.0,2026-07-03 09:54:26,521766175#3,company|restaurant|subway_entrance|bus_stop,,373.6701172395771,1298.610217621072,37.50319695740621,127.02490310718325,3992.0,726.0,taxi_respawn_22,picked
dyn_pax_1673,3268.0,2026-07-03 09:54:28,218864491#0,restaurant|bus_stop,,769.9803916976219,760.1217113917903,37.49842094941813,127.02951181742357,,,,timeout
dyn_pax_1674,3269.0,2026-07-03 09:54:29,375049565#6,restaurant|subway_entrance|bus_stop,,789.5153251748014,798.8522330112556,37.49877353199428,127.02972351946808,,,,timeout
dyn_pax_1675,3271.0,2026-07-03 09:54:31,541692164#1,subway_entrance,,271.6277521231475,1406.6420105391767,37.5041508337347,127.02372362926798,3339.0,68.0,taxi_39,picked
dyn_pax_1676,3272.0,2026-07-03 09:54:32,520307304#0,school|subway_entrance|bus_stop,,602.6035134310263,763.145495629718,37.498416594724866,127.02761864854104,,,,timeout
dyn_pax_1677,3274.0,2026-07-03 09:54:34,218873820#0,restaurant|subway_entrance|bus_stop,,628.9829311132032,562.4061665928522,37.49661325243901,127.02796447999128,,,,timeout
dyn_pax_1678,3275.0,2026-07-03 09:54:35,-541692164#2,subway_entrance,,317.7122087179151,1441.0296574375257,37.504469327730426,127.0242365566347,3787.0,512.0,taxi_19,picked
dyn_pax_1679,3277.0,2026-07-03 09:54:37,375049565#6,restaurant|subway_entrance|bus_stop,,789.5153251748014,798.8522330112556,37.49877353199428,127.02972351946808,,,,timeout
dyn_pax_1680,3278.0,2026-07-03 09:54:38,521770119#1,restaurant|bus_stop,,527.3115514435282,995.8620162900467,37.50049875494786,127.02671217090477,,,,timeout
dyn_pax_1681,3280.0,2026-07-03 09:54:40,975332778#1,bus_stop,,681.6099970732737,721.9380561808346,37.49806030190971,127.02852170075586,,,,timeout
dyn_pax_1682,3281.0,2026-07-03 09:54:41,-504509918#2,company|restaurant|bus_stop,,398.9694242295193,827.4758220967593,37.49895762305832,127.02530099003066,3576.0,295.0,taxi_respawn_19,picked
dyn_pax_1683,3283.0,2026-07-03 09:54:43,218873820#0,restaurant|subway_entrance|bus_stop,,628.9829311132032,562.4061665928522,37.49661325243901,127.02796447999128,,,,timeout
dyn_pax_1684,3284.0,2026-07-03 09:54:44,1376141182#0,bus_stop,,385.7154046370183,1301.0311255965628,37.50322104370192,127.02503873135461,3732.0,448.0,taxi_13,picked
dyn_pax_1685,3286.0,2026-07-03 09:54:46,1229817205#0,company|subway_entrance|bus_stop,,599.2457558679199,652.2907550986157,37.497417346160496,127.02760695963683,,,,timeout
dyn_pax_1686,3287.0,2026-07-03 09:54:47,218873820#0,restaurant|subway_entrance|bus_stop,,628.9829311132032,562.4061665928522,37.49661325243901,127.02796447999128,,,,timeout
dyn_pax_1687,3288.0,2026-07-03 09:54:48,521766180#1,company|restaurant|bus_stop,,466.73410130235357,1169.2838037446552,37.502049542882666,127.02598608796039,3444.0,156.0,taxi_respawn_11,picked
dyn_pax_1688,3289.0,2026-07-03 09:54:49,523141074#0,company|restaurant|subway_entrance,,524.0338794858329,871.4890157117229,37.4993777454413,127.02670460634431,3505.0,216.0,taxi_respawn_31,picked
dyn_pax_1689,3291.0,2026-07-03 09:54:51,1117538957#3,restaurant|subway_entrance|bus_stop,,465.5082521847807,644.8780924026132,37.49732530507706,127.02609663221197,3686.0,395.0,taxi_respawn_12,picked
dyn_pax_1690,3292.0,2026-07-03 09:54:52,417933642#0,restaurant|bus_stop,,1041.0954363710525,463.30841921497654,37.49579826441859,127.03264736696761,,,,timeout
dyn_pax_1691,3293.0,2026-07-03 09:54:53,-506191135#22,residential|company|restaurant|bus_stop,,38.693950105848444,1321.9513167019495,37.50334380565249,127.02110990869835,3371.0,78.0,taxi_37,picked
dyn_pax_1692,3294.0,2026-07-03 09:54:54,975332778#1,bus_stop,,681.6099970732737,721.9380561808346,37.49806030190971,127.02852170075586,,,,timeout
dyn_pax_1693,3295.0,2026-07-03 09:54:55,541692164#1,subway_entrance,,271.6277521231475,1406.6420105391767,37.5041508337347,127.02372362926798,3685.0,390.0,taxi_3,picked
dyn_pax_1694,3297.0,2026-07-03 09:54:57,521766175#3,company|restaurant|subway_entrance|bus_stop,,373.6701172395771,1298.610217621072,37.50319695740621,127.02490310718325,3934.0,637.0,taxi_respawn_5,picked
dyn_pax_1695,3298.0,2026-07-03 09:54:58,521770116#2,company|restaurant|bus_stop,,432.3182248087171,1108.514093563608,37.50149560521279,127.02561136613096,3484.0,186.0,taxi_3,picked
dyn_pax_1696,3300.0,2026-07-03 09:55:00,521766175#3,company|restaurant|subway_entrance|bus_stop,,373.6701172395771,1298.610217621072,37.50319695740621,127.02490310718325,4086.0,786.0,taxi_respawn_37,picked
dyn_pax_1697,3301.0,2026-07-03 09:55:01,1229817205#1,residential|bus_stop,,631.6400080768872,572.7061575261558,37.49670653972221,127.02799208080955,3776.0,475.0,taxi_16,picked
dyn_pax_1698,3303.0,2026-07-03 09:55:03,541692164#1,subway_entrance,,271.6277521231475,1406.6420105391767,37.5041508337347,127.02372362926798,3706.0,403.0,taxi_42,picked
dyn_pax_1699,3304.0,2026-07-03 09:55:04,494824662#3,company|restaurant|subway_entrance,,729.424850252167,406.6843378518681,37.49522941823122,127.02913698209235,,,,timeout
dyn_pax_1700,3305.0,2026-07-03 09:55:05,805827757#0,restaurant,,762.3138727549854,912.1862152730512,37.49978934916138,127.02938912364917,3419.0,114.0,taxi_27,picked
dyn_pax_1701,3306.0,2026-07-03 09:55:06,375049565#6,restaurant|subway_entrance|bus_stop,,789.5153251748014,798.8522330112556,37.49877353199428,127.02972351946808,3841.0,535.0,taxi_15,picked
dyn_pax_1702,3307.0,2026-07-03 09:55:07,520307304#0,school|subway_entrance|bus_stop,,602.6035134310263,763.145495629718,37.498416594724866,127.02761864854104,,,,timeout
dyn_pax_1703,3309.0,2026-07-03 09:55:09,521770116#2,company|restaurant|bus_stop,,432.3182248087171,1108.514093563608,37.50149560521279,127.02561136613096,3372.0,63.0,taxi_44,picked
dyn_pax_1704,3310.0,2026-07-03 09:55:10,1117538958#3,bus_stop,,160.18899290588462,540.6019911995099,37.49632820280781,127.02266936696756,3343.0,33.0,taxi_20,picked
dyn_pax_1705,3312.0,2026-07-03 09:55:12,178441450#1,residential|company|restaurant|bus_stop,,282.90243066757296,609.4157395563556,37.496971320837204,127.02404044855805,3398.0,86.0,taxi_28,picked
dyn_pax_1706,3313.0,2026-07-03 09:55:13,520307304#0,school|subway_entrance|bus_stop,,602.6035134310263,763.145495629718,37.498416594724866,127.02761864854104,,,,timeout
dyn_pax_1707,3315.0,2026-07-03 09:55:15,521766180#1,company|restaurant|bus_stop,,466.73410130235357,1169.2838037446552,37.502049542882666,127.02598608796039,3449.0,134.0,taxi_11,picked
dyn_pax_1708,3317.0,2026-07-03 09:55:17,218864491#0,restaurant|bus_stop,,769.9803916976219,760.1217113917903,37.49842094941813,127.02951181742357,,,,timeout
dyn_pax_1709,3318.0,2026-07-03 09:55:18,-542367267#1,bus_stop,,247.51018316686128,1414.7184918773391,37.504219024473855,127.02344900430944,3383.0,65.0,taxi_6,picked
dyn_pax_1710,3320.0,2026-07-03 09:55:20,480850873,company|restaurant|bus_stop,,548.1935052770749,708.5896639848544,37.49791486187585,127.0270163956136,3824.0,504.0,taxi_32,picked
dyn_pax_1711,3321.0,2026-07-03 09:55:21,1229817205#0,company|subway_entrance|bus_stop,,599.2457558679199,652.2907550986157,37.497417346160496,127.02760695963683,,,,timeout
dyn_pax_1712,3323.0,2026-07-03 09:55:23,375049565#6,restaurant|subway_entrance|bus_stop,,789.5153251748014,798.8522330112556,37.49877353199428,127.02972351946808,,,,timeout
dyn_pax_1713,3324.0,2026-07-03 09:55:24,218864491#0,restaurant|bus_stop,,769.9803916976219,760.1217113917903,37.49842094941813,127.02951181742357,,,,timeout
dyn_pax_1714,3326.0,2026-07-03 09:55:26,1229817205#0,company|subway_entrance|bus_stop,,599.2457558679199,652.2907550986157,37.497417346160496,127.02760695963683,,,,timeout
dyn_pax_1715,3327.0,2026-07-03 09:55:27,506191135#3,residential|company|restaurant|bus_stop,,238.79972345576414,789.4714057742513,37.49858497042428,127.023499044737,3764.0,437.0,taxi_0,picked
dyn_pax_1716,3329.0,2026-07-03 09:55:29,375049565#6,restaurant|subway_entrance|bus_stop,,789.5153251748014,798.8522330112556,37.49877353199428,127.02972351946808,,,,timeout
dyn_pax_1717,3330.0,2026-07-03 09:55:30,541692164#1,subway_entrance,,271.6277521231475,1406.6420105391767,37.5041508337347,127.02372362926798,3701.0,371.0,taxi_49,picked
dyn_pax_1718,3332.0,2026-07-03 09:55:32,506191135#3,residential|company|restaurant|bus_stop,,238.79972345576414,789.4714057742513,37.49858497042428,127.023499044737,,,,timeout
dyn_pax_1719,3333.0,2026-07-03 09:55:33,1229817205#0,company|subway_entrance|bus_stop,,599.2457558679199,652.2907550986157,37.497417346160496,127.02760695963683,,,,timeout
dyn_pax_1720,3335.0,2026-07-03 09:55:35,1229817205#1,residential|bus_stop,,631.6400080768872,572.7061575261558,37.49670653972221,127.02799208080955,,,,timeout
dyn_pax_1721,3336.0,2026-07-03 09:55:36,506191135#3,residential|company|restaurant|bus_stop,,238.79972345576414,789.4714057742513,37.49858497042428,127.023499044737,,,,timeout
dyn_pax_1722,3338.0,2026-07-03 09:55:38,975332778#1,bus_stop,,681.6099970732737,721.9380561808346,37.49806030190971,127.02852170075586,3812.0,474.0,taxi_respawn_21,picked
dyn_pax_1723,3340.0,2026-07-03 09:55:40,521766175#3,company|restaurant|subway_entrance|bus_stop,,373.6701172395771,1298.610217621072,37.50319695740621,127.02490310718325,3896.0,556.0,taxi_39,picked
dyn_pax_1724,3341.0,2026-07-03 09:55:41,417933642#0,restaurant|bus_stop,,1041.0954363710525,463.30841921497654,37.49579826441859,127.03264736696761,,,,timeout
dyn_pax_1725,3343.0,2026-07-03 09:55:43,-417933645#2,company|restaurant|subway_entrance,,701.1658676593129,719.5455833044954,37.49804244093877,127.02874337560036,3789.0,446.0,taxi_respawn_33,picked
dyn_pax_1726,3343.0,2026-07-03 09:55:43,-309155295#4,residential|restaurant,,966.4689567179357,639.4784987131154,37.49737120494098,127.0317619612052,3406.0,63.0,taxi_respawn_30,picked
dyn_pax_1727,3344.0,2026-07-03 09:55:44,305539406,company|restaurant|subway_entrance,,566.389495917364,736.5285064605782,37.49816998085155,127.02721550408178,3690.0,346.0,taxi_respawn_19,picked
dyn_pax_1728,3346.0,2026-07-03 09:55:46,178441450#1,residential|company|restaurant|bus_stop,,282.90243066757296,609.4157395563556,37.496971320837204,127.02404044855805,3433.0,87.0,taxi_22,picked
dyn_pax_1729,3347.0,2026-07-03 09:55:47,-541692164#2,subway_entrance,,317.7122087179151,1441.0296574375257,37.504469327730426,127.0242365566347,3809.0,462.0,taxi_11,picked
dyn_pax_1730,3349.0,2026-07-03 09:55:49,-542367267#1,bus_stop,,247.51018316686128,1414.7184918773391,37.504219024473855,127.02344900430944,3388.0,39.0,taxi_respawn_3,picked
dyn_pax_1731,3350.0,2026-07-03 09:55:50,218864491#0,restaurant|bus_stop,,769.9803916976219,760.1217113917903,37.49842094941813,127.02951181742357,3845.0,495.0,taxi_respawn_32,picked
dyn_pax_1732,3352.0,2026-07-03 09:55:52,218857636#1,residential|company|restaurant|bus_stop,,297.92905089287035,623.2061345250047,37.49709839153085,127.02420706961871,3565.0,213.0,taxi_respawn_20,picked
dyn_pax_1733,3353.0,2026-07-03 09:55:53,521766175#1,company|restaurant|subway_entrance,,332.9365590021661,1411.5585828157227,37.504206724109,127.02441570308932,,,,timeout
dyn_pax_1734,3355.0,2026-07-03 09:55:55,480850873,company|restaurant|bus_stop,,548.1935052770749,708.5896639848544,37.49791486187585,127.0270163956136,,,,timeout
dyn_pax_1735,3356.0,2026-07-03 09:55:56,480850873,company|restaurant|bus_stop,,548.1935052770749,708.5896639848544,37.49791486187585,127.0270163956136,,,,timeout
dyn_pax_1736,3356.0,2026-07-03 09:55:56,521770119#1,restaurant|bus_stop,,527.3115514435282,995.8620162900467,37.50049875494786,127.02671217090477,3867.0,511.0,taxi_7,picked
dyn_pax_1737,3358.0,2026-07-03 09:55:58,375049565#6,restaurant|subway_entrance|bus_stop,,789.5153251748014,798.8522330112556,37.49877353199428,127.02972351946808,,,,timeout
dyn_pax_1738,3359.0,2026-07-03 09:55:59,-506191135#2,residential|bus_stop,,236.19733776439384,769.6838415951818,37.49840622577806,127.02347432089968,3644.0,285.0,taxi_26,picked
dyn_pax_1739,3361.0,2026-07-03 09:56:01,218873820#0,restaurant|subway_entrance|bus_stop,,628.9829311132032,562.4061665928522,37.49661325243901,127.02796447999128,,,,timeout
dyn_pax_1740,3363.0,2026-07-03 09:56:03,218857636#1,residential|company|restaurant|bus_stop,,297.92905089287035,623.2061345250047,37.49709839153085,127.02420706961871,3720.0,357.0,taxi_1,picked
dyn_pax_1741,3364.0,2026-07-03 09:56:04,375049565#6,restaurant|subway_entrance|bus_stop,,789.5153251748014,798.8522330112556,37.49877353199428,127.02972351946808,,,,timeout
dyn_pax_1742,3366.0,2026-07-03 09:56:06,417933642#0,restaurant|bus_stop,,1041.0954363710525,463.30841921497654,37.49579826441859,127.03264736696761,,,,timeout
dyn_pax_1743,3367.0,2026-07-03 09:56:07,521770116#2,company|restaurant|bus_stop,,432.3182248087171,1108.514093563608,37.50149560521279,127.02561136613096,3564.0,197.0,taxi_15,picked
dyn_pax_1744,3369.0,2026-07-03 09:56:09,521766175#1,company|restaurant|subway_entrance,,332.9365590021661,1411.5585828157227,37.504206724109,127.02441570308932,,,,timeout
dyn_pax_1745,3370.0,2026-07-03 09:56:10,521770116#2,company|restaurant|bus_stop,,432.3182248087171,1108.514093563608,37.50149560521279,127.02561136613096,3447.0,77.0,taxi_14,picked
dyn_pax_1746,3371.0,2026-07-03 09:56:11,256787796#5,restaurant,,616.3422671393917,878.7532899245961,37.49946062055924,127.02774658517313,,,,timeout
dyn_pax_1747,3372.0,2026-07-03 09:56:12,521770116#2,company|restaurant|bus_stop,,432.3182248087171,1108.514093563608,37.50149560521279,127.02561136613096,3552.0,180.0,taxi_19,picked
dyn_pax_1748,3373.0,2026-07-03 09:56:13,1117538957#3,restaurant|subway_entrance|bus_stop,,465.5082521847807,644.8780924026132,37.49732530507706,127.02609663221197,3783.0,410.0,taxi_35,picked
dyn_pax_1749,3375.0,2026-07-03 09:56:15,-504509918#2,company|restaurant|bus_stop,,398.9694242295193,827.4758220967593,37.49895762305832,127.02530099003066,3656.0,281.0,taxi_respawn_3,picked
dyn_pax_1750,3376.0,2026-07-03 09:56:16,-541692164#2,subway_entrance,,317.7122087179151,1441.0296574375257,37.504469327730426,127.0242365566347,3819.0,443.0,taxi_respawn_1,picked
dyn_pax_1751,3378.0,2026-07-03 09:56:18,218857636#1,residential|company|restaurant|bus_stop,,297.92905089287035,623.2061345250047,37.49709839153085,127.02420706961871,3802.0,424.0,taxi_respawn_14,picked
dyn_pax_1752,3378.0,2026-07-03 09:56:18,117790062#7,restaurant,,610.3314045210797,1078.999817662281,37.50126336859982,127.02763115548898,3578.0,200.0,taxi_23,picked
dyn_pax_1753,3379.0,2026-07-03 09:56:19,-506191135#22,residential|company|restaurant|bus_stop,,38.693950105848444,1321.9513167019495,37.50334380565249,127.02110990869835,3479.0,100.0,taxi_6,picked
dyn_pax_1754,3381.0,2026-07-03 09:56:21,1229817205#1,residential|bus_stop,,631.6400080768872,572.7061575261558,37.49670653972221,127.02799208080955,,,,timeout
dyn_pax_1755,3382.0,2026-07-03 09:56:22,-506191135#2,residential|bus_stop,,236.19733776439384,769.6838415951818,37.49840622577806,127.02347432089968,3807.0,425.0,taxi_23,picked
dyn_pax_1756,3384.0,2026-07-03 09:56:24,523141074#0,company|restaurant|subway_entrance,,524.0338794858329,871.4890157117229,37.4993777454413,127.02670460634431,3523.0,139.0,taxi_21,picked
dyn_pax_1757,3385.0,2026-07-03 09:56:25,218877837#2,company|restaurant|bus_stop,,479.4555212141038,978.0213907550284,37.500328997763305,127.02617530290202,3664.0,279.0,taxi_36,picked
dyn_pax_1758,3387.0,2026-07-03 09:56:27,218877837#2,company|restaurant|bus_stop,,479.4555212141038,978.0213907550284,37.500328997763305,127.02617530290202,3727.0,340.0,taxi_respawn_17,picked
dyn_pax_1759,3389.0,2026-07-03 09:56:29,1229817205#0,company|subway_entrance|bus_stop,,599.2457558679199,652.2907550986157,37.497417346160496,127.02760695963683,,,,timeout
dyn_pax_1760,3390.0,2026-07-03 09:56:30,-541692164#2,subway_entrance,,317.7122087179151,1441.0296574375257,37.504469327730426,127.0242365566347,3910.0,520.0,taxi_27,picked
dyn_pax_1761,3392.0,2026-07-03 09:56:32,-504509918#2,company|restaurant|bus_stop,,398.9694242295193,827.4758220967593,37.49895762305832,127.02530099003066,3741.0,349.0,taxi_18,picked
dyn_pax_1762,3393.0,2026-07-03 09:56:33,1376141182#0,bus_stop,,385.7154046370183,1301.0311255965628,37.50322104370192,127.02503873135461,3822.0,429.0,taxi_41,picked
dyn_pax_1763,3395.0,2026-07-03 09:56:35,1229817205#1,residential|bus_stop,,631.6400080768872,572.7061575261558,37.49670653972221,127.02799208080955,,,,timeout
dyn_pax_1764,3396.0,2026-07-03 09:56:36,-506191135#22,residential|company|restaurant|bus_stop,,38.693950105848444,1321.9513167019495,37.50334380565249,127.02110990869835,3487.0,91.0,taxi_16,picked
dyn_pax_1765,3398.0,2026-07-03 09:56:38,1229817205#0,company|subway_entrance|bus_stop,,599.2457558679199,652.2907550986157,37.497417346160496,127.02760695963683,,,,timeout
dyn_pax_1766,3399.0,2026-07-03 09:56:39,-504509918#2,company|restaurant|bus_stop,,398.9694242295193,827.4758220967593,37.49895762305832,127.02530099003066,3836.0,437.0,taxi_respawn_34,picked
dyn_pax_1767,3401.0,2026-07-03 09:56:41,1229817205#0,company|subway_entrance|bus_stop,,599.2457558679199,652.2907550986157,37.497417346160496,127.02760695963683,,,,timeout
dyn_pax_1768,3402.0,2026-07-03 09:56:42,506191135#3,residential|company|restaurant|bus_stop,,238.79972345576414,789.4714057742513,37.49858497042428,127.023499044737,3899.0,497.0,taxi_18,picked
dyn_pax_1769,3404.0,2026-07-03 09:56:44,-542367267#1,bus_stop,,247.51018316686128,1414.7184918773391,37.504219024473855,127.02344900430944,3440.0,36.0,taxi_46,picked
dyn_pax_1770,3405.0,2026-07-03 09:56:45,305539406,company|restaurant|subway_entrance,,566.389495917364,736.5285064605782,37.49816998085155,127.02721550408178,3876.0,471.0,taxi_20,picked
dyn_pax_1771,3407.0,2026-07-03 09:56:47,218873820#0,restaurant|subway_entrance|bus_stop,,628.9829311132032,562.4061665928522,37.49661325243901,127.02796447999128,4868.0,1461.0,taxi_3,picked
dyn_pax_1772,3408.0,2026-07-03 09:56:48,-542367267#1,bus_stop,,247.51018316686128,1414.7184918773391,37.504219024473855,127.02344900430944,3519.0,111.0,taxi_36,picked
dyn_pax_1773,3410.0,2026-07-03 09:56:50,521766175#3,company|restaurant|subway_entrance|bus_stop,,373.6701172395771,1298.610217621072,37.50319695740621,127.02490310718325,4091.0,681.0,taxi_28,picked
dyn_pax_1774,3412.0,2026-07-03 09:56:52,1117538957#3,restaurant|subway_entrance|bus_stop,,465.5082521847807,644.8780924026132,37.49732530507706,127.02609663221197,3838.0,426.0,taxi_respawn_12,picked
dyn_pax_1775,3413.0,2026-07-03 09:56:53,-542367267#1,bus_stop,,247.51018316686128,1414.7184918773391,37.504219024473855,127.02344900430944,3524.0,111.0,taxi_respawn_8,picked
dyn_pax_1776,3415.0,2026-07-03 09:56:55,-504509918#2,company|restaurant|bus_stop,,398.9694242295193,827.4758220967593,37.49895762305832,127.02530099003066,,,,timeout
dyn_pax_1777,3416.0,2026-07-03 09:56:56,-541692164#2,subway_entrance,,317.7122087179151,1441.0296574375257,37.504469327730426,127.0242365566347,3884.0,468.0,taxi_44,picked
dyn_pax_1778,3418.0,2026-07-03 09:56:58,521766180#1,company|restaurant|bus_stop,,466.73410130235357,1169.2838037446552,37.502049542882666,127.02598608796039,3551.0,133.0,taxi_respawn_28,picked
dyn_pax_1779,3419.0,2026-07-03 09:56:59,975332778#1,bus_stop,,681.6099970732737,721.9380561808346,37.49806030190971,127.02852170075586,3827.0,408.0,taxi_respawn_18,picked
dyn_pax_1780,3421.0,2026-07-03 09:57:01,541692164#1,subway_entrance,,271.6277521231475,1406.6420105391767,37.5041508337347,127.02372362926798,3788.0,367.0,taxi_47,picked
dyn_pax_1781,3422.0,2026-07-03 09:57:02,-542367267#1,bus_stop,,247.51018316686128,1414.7184918773391,37.504219024473855,127.02344900430944,3608.0,186.0,taxi_4,picked
dyn_pax_1782,3424.0,2026-07-03 09:57:04,1229817205#0,company|subway_entrance|bus_stop,,599.2457558679199,652.2907550986157,37.497417346160496,127.02760695963683,,,,timeout
dyn_pax_1783,3425.0,2026-07-03 09:57:05,375049565#6,restaurant|subway_entrance|bus_stop,,789.5153251748014,798.8522330112556,37.49877353199428,127.02972351946808,3934.0,509.0,taxi_respawn_17,picked
dyn_pax_1784,3427.0,2026-07-03 09:57:07,-506191135#22,residential|company|restaurant|bus_stop,,38.693950105848444,1321.9513167019495,37.50334380565249,127.02110990869835,3564.0,137.0,taxi_respawn_18,picked
dyn_pax_1785,3428.0,2026-07-03 09:57:08,521766175#1,company|restaurant|subway_entrance,,332.9365590021661,1411.5585828157227,37.504206724109,127.02441570308932,4013.0,585.0,taxi_46,picked
dyn_pax_1786,3430.0,2026-07-03 09:57:10,1229817205#0,company|subway_entrance|bus_stop,,599.2457558679199,652.2907550986157,37.497417346160496,127.02760695963683,,,,timeout
dyn_pax_1787,3431.0,2026-07-03 09:57:11,-541692164#2,subway_entrance,,317.7122087179151,1441.0296574375257,37.504469327730426,127.0242365566347,3917.0,486.0,taxi_17,picked
dyn_pax_1788,3433.0,2026-07-03 09:57:13,1229817205#0,company|subway_entrance|bus_stop,,599.2457558679199,652.2907550986157,37.497417346160496,127.02760695963683,,,,timeout
dyn_pax_1789,3435.0,2026-07-03 09:57:15,-417933645#2,company|restaurant|subway_entrance,,701.1658676593129,719.5455833044954,37.49804244093877,127.02874337560036,3862.0,427.0,taxi_respawn_3,picked
dyn_pax_1790,3436.0,2026-07-03 09:57:16,1117538958#3,bus_stop,,160.18899290588462,540.6019911995099,37.49632820280781,127.02266936696756,3464.0,28.0,taxi_respawn_32,picked
dyn_pax_1791,3438.0,2026-07-03 09:57:18,520307304#0,school|subway_entrance|bus_stop,,602.6035134310263,763.145495629718,37.498416594724866,127.02761864854104,,,,timeout
dyn_pax_1792,3439.0,2026-07-03 09:57:19,1229817205#0,company|subway_entrance|bus_stop,,599.2457558679199,652.2907550986157,37.497417346160496,127.02760695963683,,,,timeout
dyn_pax_1793,3441.0,2026-07-03 09:57:21,178441450#1,residential|company|restaurant|bus_stop,,282.90243066757296,609.4157395563556,37.496971320837204,127.02404044855805,3490.0,49.0,taxi_respawn_22,picked
dyn_pax_1794,3442.0,2026-07-03 09:57:22,521770119#0,restaurant|bus_stop,,548.9831206778387,935.1148840516827,37.499955620541705,127.02697161236954,3961.0,519.0,taxi_21,picked
dyn_pax_1795,3444.0,2026-07-03 09:57:24,523141074#0,company|restaurant|subway_entrance,,524.0338794858329,871.4890157117229,37.4993777454413,127.02670460634431,3696.0,252.0,taxi_respawn_16,picked
dyn_pax_1796,3445.0,2026-07-03 09:57:25,1117538957#3,restaurant|subway_entrance|bus_stop,,465.5082521847807,644.8780924026132,37.49732530507706,127.02609663221197,3889.0,444.0,taxi_38,picked
dyn_pax_1797,3447.0,2026-07-03 09:57:27,218857636#1,residential|company|restaurant|bus_stop,,297.92905089287035,623.2061345250047,37.49709839153085,127.02420706961871,3917.0,470.0,taxi_respawn_13,picked
dyn_pax_1798,3448.0,2026-07-03 09:57:28,218873820#0,restaurant|subway_entrance|bus_stop,,628.9829311132032,562.4061665928522,37.49661325243901,127.02796447999128,4874.0,1426.0,taxi_respawn_19,picked
dyn_pax_1799,3450.0,2026-07-03 09:57:30,521770119#0,restaurant|bus_stop,,548.9831206778387,935.1148840516827,37.499955620541705,127.02697161236954,,,,timeout
dyn_pax_1800,3451.0,2026-07-03 09:57:31,521766175#3,company|restaurant|subway_entrance|bus_stop,,373.6701172395771,1298.610217621072,37.50319695740621,127.02490310718325,4010.0,559.0,taxi_respawn_25,picked
dyn_pax_1801,3453.0,2026-07-03 09:57:33,-504509918#2,company|restaurant|bus_stop,,398.9694242295193,827.4758220967593,37.49895762305832,127.02530099003066,,,,timeout
dyn_pax_1802,3454.0,2026-07-03 09:57:34,975332778#1,bus_stop,,681.6099970732737,721.9380561808346,37.49806030190971,127.02852170075586,3926.0,472.0,taxi_35,picked
dyn_pax_1803,3456.0,2026-07-03 09:57:36,1117538957#3,restaurant|subway_entrance|bus_stop,,465.5082521847807,644.8780924026132,37.49732530507706,127.02609663221197,3939.0,483.0,taxi_23,picked
dyn_pax_1804,3457.0,2026-07-03 09:57:37,417933642#0,restaurant|bus_stop,,1041.0954363710525,463.30841921497654,37.49579826441859,127.03264736696761,,,,timeout
dyn_pax_1805,3459.0,2026-07-03 09:57:39,521770119#1,restaurant|bus_stop,,527.3115514435282,995.8620162900467,37.50049875494786,127.02671217090477,3943.0,484.0,taxi_26,picked
dyn_pax_1806,3461.0,2026-07-03 09:57:41,480850873,company|restaurant|bus_stop,,548.1935052770749,708.5896639848544,37.49791486187585,127.0270163956136,3961.0,500.0,taxi_respawn_6,picked
dyn_pax_1807,3461.0,2026-07-03 09:57:41,-117790045#2,restaurant,,502.6238788004042,1360.6315306450858,37.50378004402999,127.0263465049606,3534.0,73.0,taxi_17,picked
dyn_pax_1808,3462.0,2026-07-03 09:57:42,521770119#0,restaurant|bus_stop,,548.9831206778387,935.1148840516827,37.499955620541705,127.02697161236954,,,,timeout
dyn_pax_1809,3464.0,2026-07-03 09:57:44,375049565#6,restaurant|subway_entrance|bus_stop,,789.5153251748014,798.8522330112556,37.49877353199428,127.02972351946808,3972.0,508.0,taxi_respawn_31,picked
dyn_pax_1810,3465.0,2026-07-03 09:57:45,1117538957#3,restaurant|subway_entrance|bus_stop,,465.5082521847807,644.8780924026132,37.49732530507706,127.02609663221197,3945.0,480.0,taxi_respawn_14,picked
dyn_pax_1811,3467.0,2026-07-03 09:57:47,1229817205#0,company|subway_entrance|bus_stop,,599.2457558679199,652.2907550986157,37.497417346160496,127.02760695963683,,,,timeout
dyn_pax_1812,3468.0,2026-07-03 09:57:48,218877837#2,company|restaurant|bus_stop,,479.4555212141038,978.0213907550284,37.500328997763305,127.02617530290202,3750.0,282.0,taxi_4,picked
dyn_pax_1813,3470.0,2026-07-03 09:57:50,523141074#0,company|restaurant|subway_entrance,,524.0338794858329,871.4890157117229,37.4993777454413,127.02670460634431,3661.0,191.0,taxi_15,picked
dyn_pax_1814,3471.0,2026-07-03 09:57:51,1117538958#3,bus_stop,,160.18899290588462,540.6019911995099,37.49632820280781,127.02266936696756,3565.0,94.0,taxi_respawn_12,picked
dyn_pax_1815,3473.0,2026-07-03 09:57:53,1376141183#0,bus_stop,,548.2528111146681,901.2117688498424,37.49965007283687,127.02697139402301,3869.0,396.0,taxi_12,picked
dyn_pax_1816,3474.0,2026-07-03 09:57:54,305539406,company|restaurant|subway_entrance,,566.389495917364,736.5285064605782,37.49816998085155,127.02721550408178,3915.0,441.0,taxi_31,picked
dyn_pax_1817,3476.0,2026-07-03 09:57:56,480850873,company|restaurant|bus_stop,,548.1935052770749,708.5896639848544,37.49791486187585,127.0270163956136,,,,timeout
dyn_pax_1818,3477.0,2026-07-03 09:57:57,506191135#3,residential|company|restaurant|bus_stop,,238.79972345576414,789.4714057742513,37.49858497042428,127.023499044737,3991.0,514.0,taxi_41,picked
dyn_pax_1819,3479.0,2026-07-03 09:57:59,1229817205#0,company|subway_entrance|bus_stop,,599.2457558679199,652.2907550986157,37.497417346160496,127.02760695963683,,,,timeout
dyn_pax_1820,3480.0,2026-07-03 09:58:00,-417933645#2,company|restaurant|subway_entrance,,701.1658676593129,719.5455833044954,37.49804244093877,127.02874337560036,3904.0,424.0,taxi_respawn_29,picked
dyn_pax_1821,3482.0,2026-07-03 09:58:02,178441450#1,residential|company|restaurant|bus_stop,,282.90243066757296,609.4157395563556,37.496971320837204,127.02404044855805,3567.0,85.0,taxi_44,picked
dyn_pax_1822,3484.0,2026-07-03 09:58:04,417933642#0,restaurant|bus_stop,,1041.0954363710525,463.30841921497654,37.49579826441859,127.03264736696761,,,,timeout
dyn_pax_1823,3485.0,2026-07-03 09:58:05,521766180#1,company|restaurant|bus_stop,,466.73410130235357,1169.2838037446552,37.502049542882666,127.02598608796039,3617.0,132.0,taxi_respawn_6,picked
dyn_pax_1824,3487.0,2026-07-03 09:58:07,521770119#1,restaurant|bus_stop,,527.3115514435282,995.8620162900467,37.50049875494786,127.02671217090477,3956.0,469.0,taxi_36,picked
dyn_pax_1825,3488.0,2026-07-03 09:58:08,218873820#0,restaurant|subway_entrance|bus_stop,,628.9829311132032,562.4061665928522,37.49661325243901,127.02796447999128,4956.0,1468.0,taxi_respawn_9,picked
dyn_pax_1826,3489.0,2026-07-03 09:58:09,-309155295#1,residential|restaurant,,820.2174803017108,588.0239695218922,37.496880113093034,127.03012056506905,3515.0,26.0,taxi_24,picked
dyn_pax_1827,3490.0,2026-07-03 09:58:10,-542367267#1,bus_stop,,247.51018316686128,1414.7184918773391,37.504219024473855,127.02344900430944,3613.0,123.0,taxi_32,picked
dyn_pax_1828,3491.0,2026-07-03 09:58:11,375049565#6,restaurant|subway_entrance|bus_stop,,789.5153251748014,798.8522330112556,37.49877353199428,127.02972351946808,,,,timeout
dyn_pax_1829,3493.0,2026-07-03 09:58:13,417933642#0,restaurant|bus_stop,,1041.0954363710525,463.30841921497654,37.49579826441859,127.03264736696761,,,,timeout
dyn_pax_1830,3494.0,2026-07-03 09:58:14,521770119#1,restaurant|bus_stop,,527.3115514435282,995.8620162900467,37.50049875494786,127.02671217090477,3966.0,472.0,taxi_40,picked
dyn_pax_1831,3496.0,2026-07-03 09:58:16,520307304#0,school|subway_entrance|bus_stop,,602.6035134310263,763.145495629718,37.498416594724866,127.02761864854104,,,,timeout
dyn_pax_1832,3497.0,2026-07-03 09:58:17,-542367267#1,bus_stop,,247.51018316686128,1414.7184918773391,37.504219024473855,127.02344900430944,3618.0,121.0,taxi_39,picked
dyn_pax_1833,3499.0,2026-07-03 09:58:19,521766182#1,company|restaurant|subway_entrance,,681.695169875507,539.6867345716422,37.496418539503196,127.02856584056028,3612.0,113.0,taxi_14,picked
dyn_pax_1834,3500.0,2026-07-03 09:58:20,-506191135#22,residential|company|restaurant|bus_stop,,38.693950105848444,1321.9513167019495,37.50334380565249,127.02110990869835,3627.0,127.0,taxi_33,picked
dyn_pax_1835,3502.0,2026-07-03 09:58:22,-506191135#2,residential|bus_stop,,236.19733776439384,769.6838415951818,37.49840622577806,127.02347432089968,3846.0,344.0,taxi_1,picked
dyn_pax_1836,3503.0,2026-07-03 09:58:23,521766182#1,company|restaurant|subway_entrance,,681.695169875507,539.6867345716422,37.496418539503196,127.02856584056028,3636.0,133.0,taxi_30,picked
dyn_pax_1837,3505.0,2026-07-03 09:58:25,520307304#0,school|subway_entrance|bus_stop,,602.6035134310263,763.145495629718,37.498416594724866,127.02761864854104,,,,timeout
dyn_pax_1838,3507.0,2026-07-03 09:58:27,305539406,company|restaurant|subway_entrance,,566.389495917364,736.5285064605782,37.49816998085155,127.02721550408178,3928.0,421.0,taxi_47,picked
dyn_pax_1839,3508.0,2026-07-03 09:58:28,480850873,company|restaurant|bus_stop,,548.1935052770749,708.5896639848544,37.49791486187585,127.0270163956136,,,,timeout
dyn_pax_1840,3510.0,2026-07-03 09:58:30,-542367267#1,bus_stop,,247.51018316686128,1414.7184918773391,37.504219024473855,127.02344900430944,3624.0,114.0,taxi_0,picked
dyn_pax_1841,3511.0,2026-07-03 09:58:31,-417933645#2,company|restaurant|subway_entrance,,701.1658676593129,719.5455833044954,37.49804244093877,127.02874337560036,4058.0,547.0,taxi_37,picked
dyn_pax_1842,3513.0,2026-07-03 09:58:33,521766182#1,company|restaurant|subway_entrance,,681.695169875507,539.6867345716422,37.496418539503196,127.02856584056028,3664.0,151.0,taxi_respawn_25,picked
dyn_pax_1843,3514.0,2026-07-03 09:58:34,1229817205#0,company|subway_entrance|bus_stop,,599.2457558679199,652.2907550986157,37.497417346160496,127.02760695963683,4088.0,574.0,taxi_45,picked
dyn_pax_1844,3516.0,2026-07-03 09:58:36,1117538957#3,restaurant|subway_entrance|bus_stop,,465.5082521847807,644.8780924026132,37.49732530507706,127.02609663221197,3959.0,443.0,taxi_respawn_26,picked
dyn_pax_1845,3517.0,2026-07-03 09:58:37,521770119#0,restaurant|bus_stop,,548.9831206778387,935.1148840516827,37.499955620541705,127.02697161236954,4032.0,515.0,taxi_1,picked
dyn_pax_1846,3520.0,2026-07-03 09:58:40,975332778#1,bus_stop,,681.6099970732737,721.9380561808346,37.49806030190971,127.02852170075586,3962.0,442.0,taxi_respawn_2,picked
dyn_pax_1847,3522.0,2026-07-03 09:58:42,521766175#1,company|restaurant|subway_entrance,,332.9365590021661,1411.5585828157227,37.504206724109,127.02441570308932,3936.0,414.0,taxi_9,picked
dyn_pax_1848,3523.0,2026-07-03 09:58:43,-504509918#2,company|restaurant|bus_stop,,398.9694242295193,827.4758220967593,37.49895762305832,127.02530099003066,4027.0,504.0,taxi_respawn_18,picked
dyn_pax_1849,3525.0,2026-07-03 09:58:45,1376141183#0,bus_stop,,548.2528111146681,901.2117688498424,37.49965007283687,127.02697139402301,3884.0,359.0,taxi_33,picked
dyn_pax_1850,3526.0,2026-07-03 09:58:46,417933642#0,restaurant|bus_stop,,1041.0954363710525,463.30841921497654,37.49579826441859,127.03264736696761,,,,timeout
dyn_pax_1851,3528.0,2026-07-03 09:58:48,-542367267#1,bus_stop,,247.51018316686128,1414.7184918773391,37.504219024473855,127.02344900430944,3602.0,74.0,taxi_respawn_26,picked
dyn_pax_1852,3529.0,2026-07-03 09:58:49,520307304#0,school|subway_entrance|bus_stop,,602.6035134310263,763.145495629718,37.498416594724866,127.02761864854104,,,,timeout
dyn_pax_1853,3531.0,2026-07-03 09:58:51,521766175#1,company|restaurant|subway_entrance,,332.9365590021661,1411.5585828157227,37.504206724109,127.02441570308932,3977.0,446.0,taxi_respawn_11,picked
dyn_pax_1854,3533.0,2026-07-03 09:58:53,-506191135#22,residential|company|restaurant|bus_stop,,38.693950105848444,1321.9513167019495,37.50334380565249,127.02110990869835,3644.0,111.0,taxi_25,picked
dyn_pax_1855,3534.0,2026-07-03 09:58:54,521766180#1,company|restaurant|bus_stop,,466.73410130235357,1169.2838037446552,37.502049542882666,127.02598608796039,3628.0,94.0,taxi_respawn_11,picked
dyn_pax_1856,3536.0,2026-07-03 09:58:56,417933642#0,restaurant|bus_stop,,1041.0954363710525,463.30841921497654,37.49579826441859,127.03264736696761,,,,timeout
dyn_pax_1857,3537.0,2026-07-03 09:58:57,375049565#6,restaurant|subway_entrance|bus_stop,,789.5153251748014,798.8522330112556,37.49877353199428,127.02972351946808,4073.0,536.0,taxi_19,picked
dyn_pax_1858,3539.0,2026-07-03 09:58:59,521766175#3,company|restaurant|subway_entrance|bus_stop,,373.6701172395771,1298.610217621072,37.50319695740621,127.02490310718325,4004.0,465.0,taxi_34,picked
dyn_pax_1859,3540.0,2026-07-03 09:59:00,480850873,company|restaurant|bus_stop,,548.1935052770749,708.5896639848544,37.49791486187585,127.0270163956136,,,,timeout
dyn_pax_1860,3542.0,2026-07-03 09:59:02,520307304#0,school|subway_entrance|bus_stop,,602.6035134310263,763.145495629718,37.498416594724866,127.02761864854104,,,,timeout
dyn_pax_1861,3543.0,2026-07-03 09:59:03,-542367267#1,bus_stop,,247.51018316686128,1414.7184918773391,37.504219024473855,127.02344900430944,3641.0,98.0,taxi_40,picked
dyn_pax_1862,3545.0,2026-07-03 09:59:05,218864491#0,restaurant|bus_stop,,769.9803916976219,760.1217113917903,37.49842094941813,127.02951181742357,4135.0,590.0,taxi_respawn_20,picked
dyn_pax_1863,3546.0,2026-07-03 09:59:06,1376141183#0,bus_stop,,548.2528111146681,901.2117688498424,37.49965007283687,127.02697139402301,3954.0,408.0,taxi_6,picked
dyn_pax_1864,3548.0,2026-07-03 09:59:08,521766175#3,company|restaurant|subway_entrance|bus_stop,,373.6701172395771,1298.610217621072,37.50319695740621,127.02490310718325,3999.0,451.0,taxi_4,picked
dyn_pax_1865,3549.0,2026-07-03 09:59:09,521766182#1,company|restaurant|subway_entrance,,681.695169875507,539.6867345716422,37.496418539503196,127.02856584056028,3719.0,170.0,taxi_2,picked
dyn_pax_1866,3551.0,2026-07-03 09:59:11,1117538958#3,bus_stop,,160.18899290588462,540.6019911995099,37.49632820280781,127.02266936696756,3642.0,91.0,taxi_21,picked
dyn_pax_1867,3552.0,2026-07-03 09:59:12,1229817205#1,residential|bus_stop,,631.6400080768872,572.7061575261558,37.49670653972221,127.02799208080955,4058.0,506.0,taxi_25,picked
dyn_pax_1868,3554.0,2026-07-03 09:59:14,520307304#0,school|subway_entrance|bus_stop,,602.6035134310263,763.145495629718,37.498416594724866,127.02761864854104,,,,timeout
dyn_pax_1869,3556.0,2026-07-03 09:59:16,521770119#0,restaurant|bus_stop,,548.9831206778387,935.1148840516827,37.499955620541705,127.02697161236954,4046.0,490.0,taxi_respawn_1,picked
dyn_pax_1870,3557.0,2026-07-03 09:59:17,218877837#2,company|restaurant|bus_stop,,479.4555212141038,978.0213907550284,37.500328997763305,127.02617530290202,3809.0,252.0,taxi_31,picked
dyn_pax_1871,3559.0,2026-07-03 09:59:19,218873820#0,restaurant|subway_entrance|bus_stop,,628.9829311132032,562.4061665928522,37.49661325243901,127.02796447999128,4238.0,679.0,taxi_42,picked
dyn_pax_1872,3560.0,2026-07-03 09:59:20,523141074#0,company|restaurant|subway_entrance,,524.0338794858329,871.4890157117229,37.4993777454413,127.02670460634431,3831.0,271.0,taxi_respawn_38,picked
dyn_pax_1873,3562.0,2026-07-03 09:59:22,375049565#6,restaurant|subway_entrance|bus_stop,,789.5153251748014,798.8522330112556,37.49877353199428,127.02972351946808,4067.0,505.0,taxi_32,picked
dyn_pax_1874,3563.0,2026-07-03 09:59:23,494824662#3,company|restaurant|subway_entrance,,729.424850252167,406.6843378518681,37.49522941823122,127.02913698209235,3937.0,374.0,taxi_respawn_16,picked
dyn_pax_1875,3565.0,2026-07-03 09:59:25,521766175#3,company|restaurant|subway_entrance|bus_stop,,373.6701172395771,1298.610217621072,37.50319695740621,127.02490310718325,4015.0,450.0,taxi_16,picked
dyn_pax_1876,3566.0,2026-07-03 09:59:26,218873820#0,restaurant|subway_entrance|bus_stop,,628.9829311132032,562.4061665928522,37.49661325243901,127.02796447999128,4962.0,1396.0,taxi_10,picked
dyn_pax_1877,3568.0,2026-07-03 09:59:28,521766180#1,company|restaurant|bus_stop,,466.73410130235357,1169.2838037446552,37.502049542882666,127.02598608796039,3778.0,210.0,taxi_respawn_8,picked
dyn_pax_1878,3569.0,2026-07-03 09:59:29,-541692164#2,subway_entrance,,317.7122087179151,1441.0296574375257,37.504469327730426,127.0242365566347,3924.0,355.0,taxi_respawn_28,picked
dyn_pax_1879,3571.0,2026-07-03 09:59:31,506191135#3,residential|company|restaurant|bus_stop,,238.79972345576414,789.4714057742513,37.49858497042428,127.023499044737,4024.0,453.0,taxi_respawn_38,picked
dyn_pax_1880,3572.0,2026-07-03 09:59:32,506191135#3,residential|company|restaurant|bus_stop,,238.79972345576414,789.4714057742513,37.49858497042428,127.023499044737,4018.0,446.0,taxi_0,picked
dyn_pax_1881,3572.0,2026-07-03 09:59:32,-117823785#1,restaurant,,983.1954817367493,635.6880668681273,37.49734021138362,127.03195197441553,3585.0,13.0,taxi_respawn_37,picked
dyn_pax_1882,3574.0,2026-07-03 09:59:34,506191135#3,residential|company|restaurant|bus_stop,,238.79972345576414,789.4714057742513,37.49858497042428,127.023499044737,4028.0,454.0,taxi_respawn_8,picked
dyn_pax_1883,3575.0,2026-07-03 09:59:35,521766175#3,company|restaurant|subway_entrance|bus_stop,,373.6701172395771,1298.610217621072,37.50319695740621,127.02490310718325,4020.0,445.0,taxi_9,picked
dyn_pax_1884,3577.0,2026-07-03 09:59:37,-504509918#2,company|restaurant|bus_stop,,398.9694242295193,827.4758220967593,37.49895762305832,127.02530099003066,4060.0,483.0,taxi_respawn_5,picked
dyn_pax_1885,3579.0,2026-07-03 09:59:39,523141074#0,company|restaurant|subway_entrance,,524.0338794858329,871.4890157117229,37.4993777454413,127.02670460634431,3840.0,261.0,taxi_42,picked
dyn_pax_1886,3580.0,2026-07-03 09:59:40,218864491#0,restaurant|bus_stop,,769.9803916976219,760.1217113917903,37.49842094941813,127.02951181742357,,,,timeout
dyn_pax_1887,3582.0,2026-07-03 09:59:42,218873820#0,restaurant|subway_entrance|bus_stop,,628.9829311132032,562.4061665928522,37.49661325243901,127.02796447999128,4173.0,591.0,taxi_respawn_6,picked
dyn_pax_1888,3583.0,2026-07-03 09:59:43,521770119#1,restaurant|bus_stop,,527.3115514435282,995.8620162900467,37.50049875494786,127.02671217090477,4012.0,429.0,taxi_respawn_23,picked
dyn_pax_1889,3585.0,2026-07-03 09:59:45,1229817205#0,company|subway_entrance|bus_stop,,599.2457558679199,652.2907550986157,37.497417346160496,127.02760695963683,4150.0,565.0,taxi_respawn_34,picked
dyn_pax_1890,3585.0,2026-07-03 09:59:45,256787796#5,restaurant,,616.3422671393917,878.7532899245961,37.49946062055924,127.02774658517313,4068.0,483.0,taxi_respawn_35,picked
dyn_pax_1891,3586.0,2026-07-03 09:59:46,521766175#3,company|restaurant|subway_entrance|bus_stop,,373.6701172395771,1298.610217621072,37.50319695740621,127.02490310718325,4079.0,493.0,taxi_18,picked
dyn_pax_1892,3588.0,2026-07-03 09:59:48,1229817205#0,company|subway_entrance|bus_stop,,599.2457558679199,652.2907550986157,37.497417346160496,127.02760695963683,4320.0,732.0,taxi_8,picked
dyn_pax_1893,3589.0,2026-07-03 09:59:49,1229817205#0,company|subway_entrance|bus_stop,,599.2457558679199,652.2907550986157,37.497417346160496,127.02760695963683,4157.0,568.0,taxi_7,picked
dyn_pax_1894,3591.0,2026-07-03 09:59:51,-504509918#2,company|restaurant|bus_stop,,398.9694242295193,827.4758220967593,37.49895762305832,127.02530099003066,4090.0,499.0,taxi_2,picked
dyn_pax_1895,3592.0,2026-07-03 09:59:52,521766180#1,company|restaurant|bus_stop,,466.73410130235357,1169.2838037446552,37.502049542882666,127.02598608796039,3863.0,271.0,taxi_22,picked
dyn_pax_1896,3593.0,2026-07-03 09:59:53,117790036#1,company,,849.7103307162836,1232.6514730855474,37.50269269072902,127.03030143103514,3677.0,84.0,taxi_respawn_32,picked
dyn_pax_1897,3594.0,2026-07-03 09:59:54,1117538958#3,bus_stop,,160.18899290588462,540.6019911995099,37.49632820280781,127.02266936696756,3789.0,195.0,taxi_respawn_35,picked
dyn_pax_1898,3595.0,2026-07-03 09:59:55,-542367267#1,bus_stop,,247.51018316686128,1414.7184918773391,37.504219024473855,127.02344900430944,3698.0,103.0,taxi_respawn_2,picked
dyn_pax_1899,3597.0,2026-07-03 09:59:57,521770116#2,company|restaurant|bus_stop,,432.3182248087171,1108.514093563608,37.50149560521279,127.02561136613096,3610.0,13.0,taxi_respawn_1,picked
dyn_pax_1900,3598.0,2026-07-03 09:59:58,1117538958#3,bus_stop,,160.18899290588462,540.6019911995099,37.49632820280781,127.02266936696756,3808.0,210.0,taxi_respawn_24,picked
dyn_pax_1901,3600.0,2026-07-03 10:00:00,520307304#0,school|subway_entrance|bus_stop,,602.6035134310263,763.145495629718,37.498416594724866,127.02761864854104,4185.0,585.0,taxi_22,picked
dyn_pax_1902,3603.0,2026-07-03 10:00:03,218864491#0,restaurant|bus_stop,,769.9803916976219,760.1217113917903,37.49842094941813,127.02951181742357,4139.0,536.0,taxi_20,picked
dyn_pax_1903,3628.0,2026-07-03 10:00:28,256787796#8,restaurant,,646.6563496183319,793.2391486514691,37.49869600620777,127.02810960194483,4104.0,476.0,taxi_11,picked
dyn_pax_1904,3633.0,2026-07-03 10:00:33,-557469300#1,restaurant,,739.5265057687212,1049.0561556697721,37.5010180173999,127.02909905278416,3919.0,286.0,taxi_respawn_20,picked
dyn_pax_1905,3635.0,2026-07-03 10:00:35,521770119#0,restaurant|bus_stop,,548.9831206778387,935.1148840516827,37.499955620541705,127.02697161236954,4041.0,406.0,taxi_13,picked
dyn_pax_1906,3671.0,2026-07-03 10:01:11,-376649996#1,company,,349.947152138941,1.6182517984103069,37.49150877654974,127.02494272030683,4133.0,462.0,taxi_24,picked
dyn_pax_1907,3678.0,2026-07-03 10:01:18,-506191135#22,residential|company|restaurant|bus_stop,,38.693950105848444,1321.9513167019495,37.50334380565249,127.02110990869835,3780.0,102.0,taxi_37,picked
dyn_pax_1908,3701.0,2026-07-03 10:01:41,-129731717#1,residential|company|restaurant,,188.433090102474,1374.3511058470413,37.503844200149025,127.0227905913032,3772.0,71.0,taxi_8,picked
dyn_pax_1909,3711.0,2026-07-03 10:01:51,305539406,company|restaurant|subway_entrance,,566.389495917364,736.5285064605782,37.49816998085155,127.02721550408178,3973.0,262.0,taxi_respawn_24,picked
dyn_pax_1910,3721.0,2026-07-03 10:02:01,504509918#0,residential|restaurant,,511.83203920742636,882.9034728009249,37.49947826486711,127.02656393710718,3808.0,87.0,taxi_respawn_26,picked
dyn_pax_1911,3771.0,2026-07-03 10:02:51,218864491#0,restaurant|bus_stop,,769.9803916976219,760.1217113917903,37.49842094941813,127.02951181742357,4114.0,343.0,taxi_respawn_13,picked
dyn_pax_1912,3845.0,2026-07-03 10:04:05,521766180#1,company|restaurant|bus_stop,,466.73410130235357,1169.2838037446552,37.502049542882666,127.02598608796039,3976.0,131.0,taxi_49,picked
dyn_pax_1913,3925.0,2026-07-03 10:05:25,256787796#6,restaurant,,626.4884087870183,851.7135990963859,37.499218954480725,127.02786771303293,4112.0,187.0,taxi_respawn_15,picked
dyn_pax_1914,3991.0,2026-07-03 10:06:31,521766182#1,company|restaurant|subway_entrance,,681.695169875507,539.6867345716422,37.496418539503196,127.02856584056028,4008.0,17.0,taxi_15,picked
dyn_pax_1915,4049.0,2026-07-03 10:07:29,-417750337#4,restaurant,,542.6552277079157,1139.0745154802132,37.5017917560025,127.02685169754334,4245.0,196.0,taxi_respawn_24,picked
dyn_pax_1916,4061.0,2026-07-03 10:07:41,542367267#1,company|restaurant,,199.26981683313872,1381.121508122661,37.50390724154084,127.02291151664822,4197.0,136.0,taxi_respawn_21,picked
dyn_pax_1917,4122.0,2026-07-03 10:08:42,417933646#0,restaurant,,894.2617302193242,410.3206078764906,37.49529326349135,127.03099977850056,4143.0,21.0,taxi_respawn_26,picked
dyn_pax_1918,4154.0,2026-07-03 10:09:14,-1011529829#3,residential|restaurant,,246.84006179949273,776.1178104815556,37.49846619888778,127.02359312469504,4164.0,10.0,taxi_respawn_39,picked
dyn_pax_1919,4162.0,2026-07-03 10:09:22,-117790031#1,restaurant,,730.7814463439225,1053.3410552584976,37.501054966737435,127.02899915797848,4193.0,31.0,taxi_49,picked
dyn_pax_1920,4190.0,2026-07-03 10:09:50,1117538957#0,company|restaurant,,312.91680439510856,589.5311930299885,37.49679787270139,127.0243845203811,4339.0,149.0,taxi_12,picked
dyn_pax_1921,4253.0,2026-07-03 10:10:53,-379463124,restaurant,,592.9390816363945,1268.4136255899298,37.5029663815994,127.02738959394404,4279.0,26.0,taxi_respawn_16,picked
dyn_pax_1922,4255.0,2026-07-03 10:10:55,-309155295#1,residential|restaurant,,820.2174803017108,588.0239695218922,37.496880113093034,127.03012056506905,4265.0,10.0,taxi_respawn_38,picked
dyn_pax_1923,4303.0,2026-07-03 10:11:43,-417933645#2,company|restaurant|subway_entrance,,701.1658676593129,719.5455833044954,37.49804244093877,127.02874337560036,4353.0,50.0,taxi_respawn_32,picked
dyn_pax_1924,4331.0,2026-07-03 10:12:11,178441450#1,residential|company|restaurant|bus_stop,,282.90243066757296,609.4157395563556,37.496971320837204,127.02404044855805,4373.0,42.0,taxi_respawn_41,picked
dyn_pax_1925,4379.0,2026-07-03 10:12:59,-379463134#2,restaurant,,527.5499142349145,1277.2476095039178,37.503033607059436,127.02664812966836,4397.0,18.0,taxi_0,picked
dyn_pax_1926,4386.0,2026-07-03 10:13:06,117823785#0,company|restaurant,,1360.8740206736493,851.0492627492013,37.499351351792384,127.0361713398344,4482.0,96.0,taxi_28,picked
dyn_pax_1927,4406.0,2026-07-03 10:13:26,417933642#0,restaurant|bus_stop,,1041.0954363710525,463.30841921497654,37.49579826441859,127.03264736696761,4441.0,35.0,taxi_19,picked
dyn_pax_1928,4439.0,2026-07-03 10:13:59,-523141073,residential|company,,283.47995026542384,1109.9635024546676,37.50148051131825,127.02392811188028,4510.0,71.0,taxi_respawn_28,picked
dyn_pax_1929,4442.0,2026-07-03 10:14:02,309155295#2,restaurant,,836.915506927576,584.1196133409687,37.49684809051661,127.03031028233906,4462.0,20.0,taxi_23,picked
dyn_pax_1930,4449.0,2026-07-03 10:14:09,-256787796#4,restaurant,,620.2926176327408,895.5374521094307,37.49961256354246,127.02778727239327,4465.0,16.0,taxi_2,picked
dyn_pax_1931,4452.0,2026-07-03 10:14:12,-417933642#4,restaurant,,907.3718228697127,805.8014682006251,37.49885835910486,127.03105443169989,4462.0,10.0,taxi_39,picked
dyn_pax_1932,4485.0,2026-07-03 10:14:45,-523141073,residential|company,,283.47995026542384,1109.9635024546676,37.50148051131825,127.02392811188028,4599.0,114.0,taxi_16,picked
dyn_pax_1933,4507.0,2026-07-03 10:15:07,628232693#0,company|restaurant,,644.2623295929467,660.168099777976,37.49749680792099,127.0281140674837,4516.0,9.0,taxi_respawn_2,picked
dyn_pax_1934,4515.0,2026-07-03 10:15:15,-379232133,restaurant,,887.8909311741835,528.8139035551092,37.496359489964284,127.03089971288236,4542.0,27.0,taxi_17,picked
dyn_pax_1935,4555.0,2026-07-03 10:15:55,-506191135#22,residential|company|restaurant|bus_stop,,38.693950105848444,1321.9513167019495,37.50334380565249,127.02110990869835,4651.0,96.0,taxi_6,picked
dyn_pax_1936,4558.0,2026-07-03 10:15:58,506191135#3,residential|company|restaurant|bus_stop,,238.79972345576414,789.4714057742513,37.49858497042428,127.023499044737,4566.0,8.0,taxi_5,picked
dyn_pax_1937,4568.0,2026-07-03 10:16:08,-506191135#2,residential|bus_stop,,236.19733776439384,769.6838415951818,37.49840622577806,127.02347432089968,4573.0,5.0,taxi_13,picked
dyn_pax_1938,4611.0,2026-07-03 10:16:51,239962780#1,company|restaurant,,78.091042197054,1418.7355011637856,37.504223128704645,127.02153236485597,4779.0,168.0,taxi_respawn_8,picked
dyn_pax_1939,4633.0,2026-07-03 10:17:13,542367267#1,company|restaurant,,199.26981683313872,1381.121508122661,37.50390724154084,127.02291151664822,4863.0,230.0,taxi_respawn_14,picked
dyn_pax_1940,4646.0,2026-07-03 10:17:26,218864491#0,restaurant|bus_stop,,769.9803916976219,760.1217113917903,37.49842094941813,127.02951181742357,4740.0,94.0,taxi_respawn_30,picked
dyn_pax_1941,4694.0,2026-07-03 10:18:14,521766175#3,company|restaurant|subway_entrance|bus_stop,,373.6701172395771,1298.610217621072,37.50319695740621,127.02490310718325,4703.0,9.0,taxi_32,picked
dyn_pax_1942,4737.0,2026-07-03 10:18:57,379463134#0,company,,445.604196565268,1237.9330600893716,37.50266396162017,127.02573088108544,4743.0,6.0,taxi_respawn_35,picked
dyn_pax_1943,4759.0,2026-07-03 10:19:19,-117790039#2,company|restaurant,,1017.0012393074795,990.846024966068,37.5005459641277,127.03225021068775,4779.0,20.0,taxi_respawn_4,picked
dyn_pax_1944,4807.0,2026-07-03 10:20:07,379463134#0,company,,445.604196565268,1237.9330600893716,37.50266396162017,127.02573088108544,4821.0,14.0,taxi_21,picked
dyn_pax_1945,4815.0,2026-07-03 10:20:15,1056882877#3,residential|company|restaurant,,365.79280968467333,433.0557487307964,37.495398294451746,127.02501948586043,4880.0,65.0,taxi_respawn_39,picked
dyn_pax_1946,4837.0,2026-07-03 10:20:37,1011529829#0,school,,381.1393135972994,834.2751815073392,37.49901550234899,127.0250977784903,4887.0,50.0,taxi_22,picked
dyn_pax_1947,4847.0,2026-07-03 10:20:47,129731857#1,residential|restaurant,,656.8212873140518,799.6615847813327,37.498755780674834,127.02822301071001,4896.0,49.0,taxi_31,picked
dyn_pax_1948,4855.0,2026-07-03 10:20:55,218877837#0,company,,455.71990885566936,1045.563527646426,37.50093295148158,127.02589090425857,5087.0,232.0,taxi_0,picked
dyn_pax_1949,4860.0,2026-07-03 10:21:00,520307304#0,school|subway_entrance|bus_stop,,602.6035134310263,763.145495629718,37.498416594724866,127.02761864854104,4878.0,18.0,taxi_respawn_24,picked
dyn_pax_1950,4875.0,2026-07-03 10:21:15,975332778#0,restaurant,,667.9217791522676,716.9366930139246,37.49801266412058,127.02836812020041,4965.0,90.0,taxi_42,picked
dyn_pax_1951,4890.0,2026-07-03 10:21:30,-129731721#2,company|restaurant,,388.6558839574922,820.9778890483499,37.49889713764622,127.02518592115393,4912.0,22.0,taxi_respawn_3,picked
dyn_pax_1952,4898.0,2026-07-03 10:21:38,521766175#3,company|restaurant|subway_entrance|bus_stop,,373.6701172395771,1298.610217621072,37.50319695740621,127.02490310718325,5065.0,167.0,taxi_respawn_47,picked
dyn_pax_1953,4905.0,2026-07-03 10:21:45,480850873,company|restaurant|bus_stop,,548.1935052770749,708.5896639848544,37.49791486187585,127.0270163956136,5084.0,179.0,taxi_respawn_28,picked
dyn_pax_1954,4918.0,2026-07-03 10:21:58,-256787796#8,restaurant,,666.7735412908731,765.3811461974922,37.49844885044044,127.02834365925706,4999.0,81.0,taxi_6,picked
dyn_pax_1955,4931.0,2026-07-03 10:22:11,521770116#2,company|restaurant|bus_stop,,432.3182248087171,1108.514093563608,37.50149560521279,127.02561136613096,5161.0,230.0,taxi_7,picked
dyn_pax_1956,4936.0,2026-07-03 10:22:16,417933645#2,residential|company|restaurant,,757.7944798520502,568.4010952306102,37.496691568512986,127.02941943794849,4984.0,48.0,taxi_8,picked
dyn_pax_1957,4938.0,2026-07-03 10:22:18,-417933646#4,company|restaurant,,761.9867537178288,747.7080569325292,37.49830761500862,127.02942437673002,4943.0,5.0,taxi_4,picked
dyn_pax_1958,4979.0,2026-07-03 10:22:59,-117790051#4,restaurant,,448.3479635094145,1379.7889979949318,37.50394236073409,127.02572824341395,5001.0,22.0,taxi_9,picked
dyn_pax_1959,5006.0,2026-07-03 10:23:26,1229817205#0,company|subway_entrance|bus_stop,,599.2457558679199,652.2907550986157,37.497417346160496,127.02760695963683,5134.0,128.0,taxi_respawn_6,picked
dyn_pax_1960,5019.0,2026-07-03 10:23:39,-417750354#0,residential,,923.3498430372201,1041.2071047119894,37.5009819832587,127.03117938951307,5041.0,22.0,taxi_41,picked
dyn_pax_1961,5026.0,2026-07-03 10:23:46,-1056882877#5,company|restaurant,,302.41102899925136,583.0415396467946,37.496737424712585,127.0242672800979,5050.0,24.0,taxi_30,picked
dyn_pax_1962,5059.0,2026-07-03 10:24:19,218864491#0,restaurant|bus_stop,,769.9803916976219,760.1217113917903,37.49842094941813,127.02951181742357,5207.0,148.0,taxi_respawn_20,picked
dyn_pax_1963,5079.0,2026-07-03 10:24:39,256787796#0,restaurant,,530.944358998998,1120.7521543106918,37.50162448989409,127.02672362781294,5099.0,20.0,taxi_respawn_5,picked
dyn_pax_1964,5110.0,2026-07-03 10:25:10,256787796#2,restaurant,,573.8171824012851,1000.9225059734806,37.50055312725627,127.02723680274495,5171.0,61.0,taxi_respawn_17,picked
dyn_pax_1965,5220.0,2026-07-03 10:27:00,-417750337#0,restaurant,,672.8749254632385,1321.3640627464144,37.50345847130562,127.02828089713113,5238.0,18.0,taxi_26,picked
dyn_pax_1966,5238.0,2026-07-03 10:27:18,523141074#0,company|restaurant|subway_entrance,,524.0338794858329,871.4890157117229,37.4993777454413,127.02670460634431,5499.0,261.0,taxi_respawn_16,picked
dyn_pax_1967,5253.0,2026-07-03 10:27:33,129731852,restaurant,,626.5739131314494,885.3301415107766,37.499521799012015,127.0278607124155,5330.0,77.0,taxi_respawn_9,picked
dyn_pax_1968,5266.0,2026-07-03 10:27:46,117790041#3,restaurant,,485.8172797724441,1249.4366376844557,37.50277519064896,127.0261828476699,5484.0,218.0,taxi_respawn_23,picked
dyn_pax_1969,5288.0,2026-07-03 10:28:08,417750354#1,restaurant,,919.2899707887079,1024.6134421491665,37.5008317366974,127.03113741131199,5312.0,24.0,taxi_6,picked
dyn_pax_1970,5341.0,2026-07-03 10:29:01,521766182#1,company|restaurant|subway_entrance,,681.695169875507,539.6867345716422,37.496418539503196,127.02856584056028,5379.0,38.0,taxi_7,picked
dyn_pax_1971,5377.0,2026-07-03 10:29:37,-417750336#3,school|company,,868.1859178511071,948.5147012398835,37.50013657861005,127.03057759421064,5397.0,20.0,taxi_respawn_12,picked
dyn_pax_1972,5397.0,2026-07-03 10:29:57,379463134#3,restaurant,,544.2510512741843,1273.4484249309019,37.503002538586315,127.0268378740983,5429.0,32.0,taxi_respawn_46,picked
dyn_pax_1973,5425.0,2026-07-03 10:30:25,-417933646#1,residential|restaurant,,826.6019869456061,577.8075382253838,37.49678928421788,127.03019516859905,5446.0,21.0,taxi_respawn_17,picked
dyn_pax_1974,5503.0,2026-07-03 10:31:43,379463130#0,restaurant,,544.1425087303844,1128.5419490598922,37.501697156429024,127.02687101205116,5525.0,22.0,taxi_respawn_8,picked
dyn_pax_1975,5548.0,2026-07-03 10:32:28,-117790045#2,restaurant,,502.6238788004042,1360.6315306450858,37.50378004402999,127.0263465049606,5689.0,141.0,taxi_respawn_38,picked
dyn_pax_1976,5556.0,2026-07-03 10:32:36,-417933645#2,company|restaurant|subway_entrance,,701.1658676593129,719.5455833044954,37.49804244093877,127.02874337560036,5680.0,124.0,taxi_18,picked
dyn_pax_1977,5568.0,2026-07-03 10:32:48,417731530,company|restaurant,,191.66975375905443,1429.5779711342507,37.5043423120142,127.02281406437154,5601.0,33.0,taxi_respawn_19,picked
dyn_pax_1978,5634.0,2026-07-03 10:33:54,-379463134#1,restaurant,,479.36604535588674,1259.6870258351425,37.50286630987452,127.02610747054479,5969.0,335.0,taxi_respawn_13,picked
dyn_pax_1979,5636.0,2026-07-03 10:33:56,417933645#0,residential|restaurant,,823.1026288816429,385.61625104994533,37.49505730126708,127.03020109557775,5662.0,26.0,taxi_4,picked
dyn_pax_1980,5654.0,2026-07-03 10:34:14,379463134#4,restaurant,,574.4815382344308,1284.0756787717605,37.50310398350559,127.02717717678497,5684.0,30.0,taxi_22,picked
dyn_pax_1981,5672.0,2026-07-03 10:34:32,-379463124,restaurant,,592.9390816363945,1268.4136255899298,37.5029663815994,127.02738959394404,5730.0,58.0,taxi_respawn_45,picked
dyn_pax_1982,5704.0,2026-07-03 10:35:04,-417750337#0,restaurant,,672.8749254632385,1321.3640627464144,37.50345847130562,127.02828089713113,5733.0,29.0,taxi_19,picked
dyn_pax_1983,5737.0,2026-07-03 10:35:37,520307304#0,school|subway_entrance|bus_stop,,602.6035134310263,763.145495629718,37.498416594724866,127.02761864854104,5808.0,71.0,taxi_respawn_30,picked
dyn_pax_1984,5760.0,2026-07-03 10:36:00,-913950883#1,residential|company|restaurant,,391.36286393582424,840.6655979518604,37.49907500229157,127.0252118555046,5993.0,233.0,taxi_respawn_49,picked
dyn_pax_1985,5803.0,2026-07-03 10:36:43,1117538957#0,company|restaurant,,312.91680439510856,589.5311930299885,37.49679787270139,127.0243845203811,6218.0,415.0,taxi_35,picked
dyn_pax_1986,5820.0,2026-07-03 10:37:00,417750342#0,residential,,845.3624953099543,1340.16590884019,37.50366039527634,127.03022681464076,5827.0,7.0,taxi_respawn_44,picked
dyn_pax_1987,5833.0,2026-07-03 10:37:13,417731530,company|restaurant,,191.66975375905443,1429.5779711342507,37.5043423120142,127.02281406437154,5869.0,36.0,taxi_16,picked
dyn_pax_1988,5835.0,2026-07-03 10:37:15,504227065,company,,441.32681628575455,666.8408278135128,37.497518581743364,127.0258180180219,5842.0,7.0,taxi_respawn_24,picked
dyn_pax_1989,5855.0,2026-07-03 10:37:35,417933642#2,residential|restaurant,,976.5976168723116,645.9370182109647,37.49743129415275,127.0318749523804,5924.0,69.0,taxi_respawn_46,picked
dyn_pax_1990,5934.0,2026-07-03 10:38:54,379463134#4,restaurant,,574.4815382344308,1284.0756787717605,37.50310398350559,127.02717717678497,5957.0,23.0,taxi_respawn_48,picked
dyn_pax_1991,5936.0,2026-07-03 10:38:56,-523141073,residential|company,,283.47995026542384,1109.9635024546676,37.50148051131825,127.02392811188028,6045.0,109.0,taxi_34,picked
dyn_pax_1992,5946.0,2026-07-03 10:39:06,-542367267#0,company,,179.75773525047865,1390.7576253945435,37.50399035207237,127.02268859703804,5959.0,13.0,taxi_respawn_55,picked
dyn_pax_1993,5954.0,2026-07-03 10:39:14,504227067#0,restaurant,,638.7551174354396,526.833121212444,37.49629464408366,127.02808339614947,5977.0,23.0,taxi_respawn_32,picked
dyn_pax_1994,5956.0,2026-07-03 10:39:16,417731530,company|restaurant,,191.66975375905443,1429.5779711342507,37.5043423120142,127.02281406437154,6100.0,144.0,taxi_21,picked
dyn_pax_1995,5961.0,2026-07-03 10:39:21,521766182#1,company|restaurant|subway_entrance,,681.695169875507,539.6867345716422,37.496418539503196,127.02856584056028,6024.0,63.0,taxi_respawn_31,picked
dyn_pax_1996,5964.0,2026-07-03 10:39:24,117790036#1,company,,849.7103307162836,1232.6514730855474,37.50269269072902,127.03030143103514,6017.0,53.0,taxi_respawn_19,picked
dyn_pax_1997,5999.0,2026-07-03 10:39:59,417933646#0,restaurant,,894.2617302193242,410.3206078764906,37.49529326349135,127.03099977850056,6040.0,41.0,taxi_26,picked
dyn_pax_1998,6007.0,2026-07-03 10:40:07,-506191135#22,residential|company|restaurant|bus_stop,,38.693950105848444,1321.9513167019495,37.50334380565249,127.02110990869835,6054.0,47.0,taxi_27,picked
dyn_pax_1999,6024.0,2026-07-03 10:40:24,521770116#2,company|restaurant|bus_stop,,432.3182248087171,1108.514093563608,37.50149560521279,127.02561136613096,6517.0,493.0,taxi_6,picked
dyn_pax_2000,6027.0,2026-07-03 10:40:27,256787796#2,restaurant,,573.8171824012851,1000.9225059734806,37.50055312725627,127.02723680274495,6032.0,5.0,taxi_9,picked
dyn_pax_2001,6052.0,2026-07-03 10:40:52,-129731717#1,residential|company|restaurant,,188.433090102474,1374.3511058470413,37.503844200149025,127.0227905913032,6129.0,77.0,taxi_respawn_59,picked
dyn_pax_2002,6067.0,2026-07-03 10:41:07,-26163000#1,restaurant,,613.3034084576574,1234.0026207389662,37.50266024308643,127.02762801542576,6113.0,46.0,taxi_25,picked
dyn_pax_2003,6107.0,2026-07-03 10:41:47,-417933645#2,company|restaurant|subway_entrance,,701.1658676593129,719.5455833044954,37.49804244093877,127.02874337560036,6205.0,98.0,taxi_respawn_14,picked
dyn_pax_2004,6120.0,2026-07-03 10:42:00,-1537068129#0,restaurant,,962.1540281232122,1146.7630824504436,37.50194018104768,127.03159317410272,6130.0,10.0,taxi_respawn_22,picked
dyn_pax_2005,6213.0,2026-07-03 10:43:33,305539406,company|restaurant|subway_entrance,,566.389495917364,736.5285064605782,37.49816998085155,127.02721550408178,6337.0,124.0,taxi_respawn_57,picked
dyn_pax_2006,6218.0,2026-07-03 10:43:38,417750337#3,restaurant,,561.9223834850405,1183.7905002369655,37.50219821136863,127.02705894855978,,,,unpicked
dyn_pax_2007,6233.0,2026-07-03 10:43:53,-117790039#2,company|restaurant,,1017.0012393074795,990.846024966068,37.5005459641277,127.03225021068775,6248.0,15.0,taxi_respawn_60,picked
dyn_pax_2008,6269.0,2026-07-03 10:44:29,178441450#1,residential|company|restaurant|bus_stop,,282.90243066757296,609.4157395563556,37.496971320837204,127.02404044855805,6309.0,40.0,taxi_respawn_9,picked
dyn_pax_2009,6276.0,2026-07-03 10:44:36,521766175#3,company|restaurant|subway_entrance|bus_stop,,373.6701172395771,1298.610217621072,37.50319695740621,127.02490310718325,6324.0,48.0,taxi_28,picked
dyn_pax_2010,6281.0,2026-07-03 10:44:41,523141074#0,company|restaurant|subway_entrance,,524.0338794858329,871.4890157117229,37.4993777454413,127.02670460634431,6308.0,27.0,taxi_17,picked
dyn_pax_2011,6307.0,2026-07-03 10:45:07,-129731721#2,company|restaurant,,388.6558839574922,820.9778890483499,37.49889713764622,127.02518592115393,6334.0,27.0,taxi_respawn_24,picked
dyn_pax_2012,6319.0,2026-07-03 10:45:19,1056882877#3,residential|company|restaurant,,365.79280968467333,433.0557487307964,37.495398294451746,127.02501948586043,6342.0,23.0,taxi_respawn_37,picked
dyn_pax_2013,6372.0,2026-07-03 10:46:12,239962780#1,company|restaurant,,78.091042197054,1418.7355011637856,37.504223128704645,127.02153236485597,6404.0,32.0,taxi_respawn_48,picked
dyn_pax_2014,6385.0,2026-07-03 10:46:25,-117790062#4,company,,666.6267400273903,1210.7400577041187,37.50246075614395,127.02823646445898,6602.0,217.0,taxi_43,picked
dyn_pax_2015,6405.0,2026-07-03 10:46:45,129731857#2,company,,789.9847076009492,845.2662126154856,37.499191732762846,127.02971783662417,6415.0,10.0,taxi_respawn_34,picked
dyn_pax_2016,6420.0,2026-07-03 10:47:00,-1537068129#0,restaurant,,962.1540281232122,1146.7630824504436,37.50194018104768,127.03159317410272,6472.0,52.0,taxi_respawn_17,picked
dyn_pax_2017,6503.0,2026-07-03 10:48:23,417750337#5,restaurant,,522.3387290339521,1126.7881672814829,37.50167723806998,127.02662489231146,6510.0,7.0,taxi_respawn_27,picked
dyn_pax_2018,6521.0,2026-07-03 10:48:41,129731720#0,residential|company|restaurant,,292.10678712231254,1113.150773394943,37.50151085547559,127.02402489828896,6689.0,168.0,taxi_9,picked
dyn_pax_2019,6526.0,2026-07-03 10:48:46,117790045#3,restaurant,,504.6202003222114,1382.6101305390487,37.50397841113055,127.02636386411817,6533.0,7.0,taxi_respawn_29,picked
dyn_pax_2020,6579.0,2026-07-03 10:49:39,521766175#1,company|restaurant|subway_entrance,,332.9365590021661,1411.5585828157227,37.504206724109,127.02441570308932,6585.0,6.0,taxi_0,picked
dyn_pax_2021,6581.0,2026-07-03 10:49:41,417750337#2,restaurant,,602.0112566641748,1239.22102407953,37.50270511928559,127.02749909599581,6606.0,25.0,taxi_19,picked
dyn_pax_2022,6619.0,2026-07-03 10:50:19,417933646#2,residential|restaurant,,830.3119525357222,594.5819430897021,37.496941093289735,127.0302331440542,6646.0,27.0,taxi_27,picked
dyn_pax_2023,6644.0,2026-07-03 10:50:44,417933646#0,restaurant,,894.2617302193242,410.3206078764906,37.49529326349135,127.03099977850056,6696.0,52.0,taxi_3,picked
dyn_pax_2024,6674.0,2026-07-03 10:51:14,-256787796#4,restaurant,,620.2926176327408,895.5374521094307,37.49961256354246,127.02778727239327,7386.0,712.0,taxi_respawn_6,picked
dyn_pax_2025,6763.0,2026-07-03 10:52:43,506191135#3,residential|company|restaurant|bus_stop,,238.79972345576414,789.4714057742513,37.49858497042428,127.023499044737,6813.0,50.0,taxi_respawn_37,picked
dyn_pax_2026,6795.0,2026-07-03 10:53:15,129733424#1,restaurant,,625.7652907028337,1027.567371479777,37.50080296382065,127.02781785674841,7050.0,255.0,taxi_respawn_33,picked
dyn_pax_2027,6818.0,2026-07-03 10:53:38,417933645#2,residential|company|restaurant,,757.7944798520502,568.4010952306102,37.496691568512986,127.02941943794849,6903.0,85.0,taxi_respawn_34,picked
dyn_pax_2028,6828.0,2026-07-03 10:53:48,523141074#0,company|restaurant|subway_entrance,,524.0338794858329,871.4890157117229,37.4993777454413,127.02670460634431,6848.0,20.0,taxi_48,picked
dyn_pax_2029,6866.0,2026-07-03 10:54:26,521766182#1,company|restaurant|subway_entrance,,681.695169875507,539.6867345716422,37.496418539503196,127.02856584056028,6940.0,74.0,taxi_49,picked
dyn_pax_2030,6869.0,2026-07-03 10:54:29,-417933646#4,company|restaurant,,761.9867537178288,747.7080569325292,37.49830761500862,127.02942437673002,6990.0,121.0,taxi_respawn_38,picked
dyn_pax_2031,6876.0,2026-07-03 10:54:36,480850873,company|restaurant|bus_stop,,548.1935052770749,708.5896639848544,37.49791486187585,127.0270163956136,6974.0,98.0,taxi_6,picked
dyn_pax_2032,6929.0,2026-07-03 10:55:29,1229817205#0,company|subway_entrance|bus_stop,,599.2457558679199,652.2907550986157,37.497417346160496,127.02760695963683,6941.0,12.0,taxi_11,picked
dyn_pax_2033,6934.0,2026-07-03 10:55:34,178441450#1,residential|company|restaurant|bus_stop,,282.90243066757296,609.4157395563556,37.496971320837204,127.02404044855805,6941.0,7.0,taxi_4,picked
dyn_pax_2034,6972.0,2026-07-03 10:56:12,506191135#3,residential|company|restaurant|bus_stop,,238.79972345576414,789.4714057742513,37.49858497042428,127.023499044737,6979.0,7.0,taxi_respawn_37,picked
dyn_pax_2035,6977.0,2026-07-03 10:56:17,-129731721#2,company|restaurant,,388.6558839574922,820.9778890483499,37.49889713764622,127.02518592115393,7022.0,45.0,taxi_3,picked
dyn_pax_2036,7010.0,2026-07-03 10:56:50,218877837#0,company,,455.71990885566936,1045.563527646426,37.50093295148158,127.02589090425857,7017.0,7.0,taxi_respawn_68,picked
dyn_pax_2037,7042.0,2026-07-03 10:57:22,1376141183#0,bus_stop,,548.2528111146681,901.2117688498424,37.49965007283687,127.02697139402301,7246.0,204.0,taxi_46,picked
dyn_pax_2038,7047.0,2026-07-03 10:57:27,-117790039#4,restaurant,,976.1736160857955,1107.3942396063046,37.50158817580974,127.03176100793065,7074.0,27.0,taxi_respawn_24,picked
dyn_pax_2039,7055.0,2026-07-03 10:57:35,1117538957#0,company|restaurant,,312.91680439510856,589.5311930299885,37.49679787270139,127.0243845203811,7062.0,7.0,taxi_10,picked
dyn_pax_2040,7058.0,2026-07-03 10:57:38,-417750337#1,restaurant,,620.0756768942672,1248.4347545200121,37.5027915312318,127.02770116938098,7082.0,24.0,taxi_respawn_58,picked
dyn_pax_2041,7080.0,2026-07-03 10:58:00,417750337#5,restaurant,,522.3387290339521,1126.7881672814829,37.50167723806998,127.02662489231146,7087.0,7.0,taxi_21,picked
dyn_pax_2042,7095.0,2026-07-03 10:58:15,521770119#1,restaurant|bus_stop,,527.3115514435282,995.8620162900467,37.50049875494786,127.02671217090477,7484.0,389.0,taxi_respawn_23,picked
dyn_pax_2043,7105.0,2026-07-03 10:58:25,218864491#0,restaurant|bus_stop,,769.9803916976219,760.1217113917903,37.49842094941813,127.02951181742357,7130.0,25.0,taxi_30,picked
dyn_pax_2044,7126.0,2026-07-03 10:58:46,417933645#2,residential|company|restaurant,,757.7944798520502,568.4010952306102,37.496691568512986,127.02941943794849,7133.0,7.0,taxi_24,picked
dyn_pax_2045,7163.0,2026-07-03 10:59:23,-506191135#22,residential|company|restaurant|bus_stop,,38.693950105848444,1321.9513167019495,37.50334380565249,127.02110990869835,7224.0,61.0,taxi_respawn_46,picked
dyn_pax_2046,7176.0,2026-07-03 10:59:36,1229817205#0,company|subway_entrance|bus_stop,,599.2457558679199,652.2907550986157,37.497417346160496,127.02760695963683,7209.0,33.0,taxi_27,picked
dyn_pax_2047,7206.0,2026-07-03 11:00:06,975332778#0,restaurant,,667.9217791522676,716.9366930139246,37.49801266412058,127.02836812020041,7247.0,41.0,taxi_37,picked
dyn_pax_2048,7214.0,2026-07-03 11:00:14,-417933642#4,restaurant,,907.3718228697127,805.8014682006251,37.49885835910486,127.03105443169989,7276.0,62.0,taxi_respawn_68,picked
dyn_pax_2049,7224.0,2026-07-03 11:00:24,504227069,residential|restaurant,,587.1158993285404,291.7776336445087,37.494167438547194,127.02755526357365,7331.0,107.0,taxi_respawn_67,picked
dyn_pax_2050,7297.0,2026-07-03 11:01:37,375049565#6,restaurant|subway_entrance|bus_stop,,789.5153251748014,798.8522330112556,37.49877353199428,127.02972351946808,7304.0,7.0,taxi_respawn_36,picked
dyn_pax_2051,7299.0,2026-07-03 11:01:39,521766175#1,company|restaurant|subway_entrance,,332.9365590021661,1411.5585828157227,37.504206724109,127.02441570308932,7580.0,281.0,taxi_respawn_31,picked
dyn_pax_2052,7312.0,2026-07-03 11:01:52,-805827765,restaurant,,955.7439147780814,1157.0835718820576,37.50203194319751,127.03151825266303,7341.0,29.0,taxi_36,picked
dyn_pax_2053,7337.0,2026-07-03 11:02:17,129731859#4,restaurant,,948.3176585840322,968.5888771831698,37.50033252074231,127.03147887955224,7371.0,34.0,taxi_respawn_39,picked
dyn_pax_2054,7370.0,2026-07-03 11:02:50,-542367267#1,bus_stop,,247.51018316686128,1414.7184918773391,37.504219024473855,127.02344900430944,7492.0,122.0,taxi_30,picked
dyn_pax_2055,7395.0,2026-07-03 11:03:15,-913950883#1,residential|company|restaurant,,391.36286393582424,840.6655979518604,37.49907500229157,127.0252118555046,7568.0,173.0,taxi_respawn_43,picked
dyn_pax_2056,7410.0,2026-07-03 11:03:30,520307304#0,school|subway_entrance|bus_stop,,602.6035134310263,763.145495629718,37.498416594724866,127.02761864854104,7437.0,27.0,taxi_respawn_63,picked
dyn_pax_2057,7451.0,2026-07-03 11:04:11,628232693#0,company|restaurant,,644.2623295929467,660.168099777976,37.49749680792099,127.0281140674837,7564.0,113.0,taxi_respawn_70,picked
dyn_pax_2058,7488.0,2026-07-03 11:04:48,129731720#0,residential|company|restaurant,,292.10678712231254,1113.150773394943,37.50151085547559,127.02402489828896,7729.0,241.0,taxi_2,picked
dyn_pax_2059,7491.0,2026-07-03 11:04:51,1056882877#3,residential|company|restaurant,,365.79280968467333,433.0557487307964,37.495398294451746,127.02501948586043,7512.0,21.0,taxi_11,picked
dyn_pax_2060,7511.0,2026-07-03 11:05:11,-542367267#0,company,,179.75773525047865,1390.7576253945435,37.50399035207237,127.02268859703804,7524.0,13.0,taxi_respawn_19,picked
dyn_pax_2061,7645.0,2026-07-03 11:07:25,417933645#0,residential|restaurant,,823.1026288816429,385.61625104994533,37.49505730126708,127.03020109557775,7702.0,57.0,taxi_respawn_36,picked
dyn_pax_2062,7672.0,2026-07-03 11:07:52,375049565#2,restaurant,,1048.966709229659,894.5327467658005,37.49968436369115,127.03263441305876,7680.0,8.0,taxi_respawn_67,picked
dyn_pax_2063,7695.0,2026-07-03 11:08:15,-506191135#22,residential|company|restaurant|bus_stop,,38.693950105848444,1321.9513167019495,37.50334380565249,127.02110990869835,7732.0,37.0,taxi_respawn_37,picked
dyn_pax_2064,7718.0,2026-07-03 11:08:38,218873820#0,restaurant|subway_entrance|bus_stop,,628.9829311132032,562.4061665928522,37.49661325243901,127.02796447999128,7752.0,34.0,taxi_respawn_69,picked
dyn_pax_2065,7730.0,2026-07-03 11:08:50,805827756#0,restaurant,,725.8600087193602,932.9429066344904,37.49996945301828,127.02897203227693,7750.0,20.0,taxi_respawn_54,picked
dyn_pax_2066,7766.0,2026-07-03 11:09:26,494824662#3,company|restaurant|subway_entrance,,729.424850252167,406.6843378518681,37.49522941823122,127.02913698209235,7857.0,91.0,taxi_respawn_45,picked
dyn_pax_2067,7781.0,2026-07-03 11:09:41,521770119#1,restaurant|bus_stop,,527.3115514435282,995.8620162900467,37.50049875494786,127.02671217090477,7792.0,11.0,taxi_respawn_55,picked
dyn_pax_2068,7788.0,2026-07-03 11:09:48,805827756#0,restaurant,,725.8600087193602,932.9429066344904,37.49996945301828,127.02897203227693,7806.0,18.0,taxi_respawn_14,picked
dyn_pax_2069,7814.0,2026-07-03 11:10:14,379463134#0,company,,445.604196565268,1237.9330600893716,37.50266396162017,127.02573088108544,7875.0,61.0,taxi_39,picked
dyn_pax_2070,7834.0,2026-07-03 11:10:34,504227067#0,restaurant,,638.7551174354396,526.833121212444,37.49629464408366,127.02808339614947,7930.0,96.0,taxi_respawn_31,picked
dyn_pax_2071,7851.0,2026-07-03 11:10:51,129731859#0,restaurant,,636.6446621144157,858.1896913104493,37.49927921090336,127.0279810114602,8513.0,662.0,taxi_8,picked
dyn_pax_2072,7899.0,2026-07-03 11:11:39,-913950883#1,residential|company|restaurant,,391.36286393582424,840.6655979518604,37.49907500229157,127.0252118555046,7928.0,29.0,taxi_respawn_7,picked
dyn_pax_2073,7922.0,2026-07-03 11:12:02,-1011529829#3,residential|restaurant,,246.84006179949273,776.1178104815556,37.49846619888778,127.02359312469504,7944.0,22.0,taxi_41,picked
dyn_pax_2074,7924.0,2026-07-03 11:12:04,975332778#0,restaurant,,667.9217791522676,716.9366930139246,37.49801266412058,127.02836812020041,8023.0,99.0,taxi_46,picked
dyn_pax_2075,7955.0,2026-07-03 11:12:35,521766175#3,company|restaurant|subway_entrance|bus_stop,,373.6701172395771,1298.610217621072,37.50319695740621,127.02490310718325,7960.0,5.0,taxi_respawn_59,picked
dyn_pax_2076,7982.0,2026-07-03 11:13:02,-417933645#2,company|restaurant|subway_entrance,,701.1658676593129,719.5455833044954,37.49804244093877,127.02874337560036,8034.0,52.0,taxi_respawn_23,picked
dyn_pax_2077,7995.0,2026-07-03 11:13:15,494824662#3,company|restaurant|subway_entrance,,729.424850252167,406.6843378518681,37.49522941823122,127.02913698209235,8044.0,49.0,taxi_respawn_39,picked
dyn_pax_2078,8038.0,2026-07-03 11:13:58,-913950883#1,residential|company|restaurant,,391.36286393582424,840.6655979518604,37.49907500229157,127.0252118555046,8064.0,26.0,taxi_respawn_17,picked
dyn_pax_2079,8108.0,2026-07-03 11:15:08,379463134#0,company,,445.604196565268,1237.9330600893716,37.50266396162017,127.02573088108544,8209.0,101.0,taxi_respawn_42,picked
dyn_pax_2080,8113.0,2026-07-03 11:15:13,417750337#5,restaurant,,522.3387290339521,1126.7881672814829,37.50167723806998,127.02662489231146,8133.0,20.0,taxi_respawn_64,picked
dyn_pax_2081,8129.0,2026-07-03 11:15:29,-541692164#2,subway_entrance,,317.7122087179151,1441.0296574375257,37.504469327730426,127.0242365566347,8207.0,78.0,taxi_respawn_7,picked
dyn_pax_2082,8197.0,2026-07-03 11:16:37,-805827765,restaurant,,955.7439147780814,1157.0835718820576,37.50203194319751,127.03151825266303,8215.0,18.0,taxi_respawn_67,picked
dyn_pax_2083,8199.0,2026-07-03 11:16:39,-256787796#5,restaurant,,631.1882908445458,865.4152262944223,37.499343270516576,127.02791760566556,8213.0,14.0,taxi_respawn_49,picked
dyn_pax_2084,8204.0,2026-07-03 11:16:44,521770119#0,restaurant|bus_stop,,548.9831206778387,935.1148840516827,37.499955620541705,127.02697161236954,8313.0,109.0,taxi_respawn_72,picked
dyn_pax_2085,8207.0,2026-07-03 11:16:47,-117790045#2,restaurant,,502.6238788004042,1360.6315306450858,37.50378004402999,127.0263465049606,8225.0,18.0,taxi_respawn_11,picked
dyn_pax_2086,8234.0,2026-07-03 11:17:14,-26163000#1,restaurant,,613.3034084576574,1234.0026207389662,37.50266024308643,127.02762801542576,8262.0,28.0,taxi_45,picked
dyn_pax_2087,8252.0,2026-07-03 11:17:32,117790039#3,restaurant,,1021.8645860465238,1004.4924062015546,37.500669811640854,127.03230197280303,8276.0,24.0,taxi_respawn_53,picked
dyn_pax_2088,8265.0,2026-07-03 11:17:45,417750337#5,restaurant,,522.3387290339521,1126.7881672814829,37.50167723806998,127.02662489231146,8280.0,15.0,taxi_11,picked
dyn_pax_2089,8275.0,2026-07-03 11:17:55,521770116#2,company|restaurant|bus_stop,,432.3182248087171,1108.514093563608,37.50149560521279,127.02561136613096,8495.0,220.0,taxi_respawn_28,picked
dyn_pax_2090,8285.0,2026-07-03 11:18:05,-129731857#1,restaurant,,773.0987126859483,849.1784152186673,37.4992237894183,127.02952598601298,8601.0,316.0,taxi_respawn_76,picked
dyn_pax_2091,8310.0,2026-07-03 11:18:30,520307304#0,school|subway_entrance|bus_stop,,602.6035134310263,763.145495629718,37.498416594724866,127.02761864854104,8343.0,33.0,taxi_respawn_66,picked
dyn_pax_2092,8320.0,2026-07-03 11:18:40,375049565#2,restaurant,,1048.966709229659,894.5327467658005,37.49968436369115,127.03263441305876,8432.0,112.0,taxi_respawn_46,picked
dyn_pax_2093,8338.0,2026-07-03 11:18:58,218857636#1,residential|company|restaurant|bus_stop,,297.92905089287035,623.2061345250047,37.49709839153085,127.02420706961871,8378.0,40.0,taxi_respawn_48,picked
dyn_pax_2094,8348.0,2026-07-03 11:19:08,-376649996#1,company,,349.947152138941,1.6182517984103069,37.49150877654974,127.02494272030683,8451.0,103.0,taxi_46,picked
dyn_pax_2095,8375.0,2026-07-03 11:19:35,-129731857#2,restaurant,,875.7452923990509,884.8037873845144,37.499564075208866,127.03067814538078,8457.0,82.0,taxi_28,picked
dyn_pax_2096,8378.0,2026-07-03 11:19:38,521770116#2,company|restaurant|bus_stop,,432.3182248087171,1108.514093563608,37.50149560521279,127.02561136613096,8677.0,299.0,taxi_respawn_61,picked
dyn_pax_2097,8413.0,2026-07-03 11:20:13,521766182#1,company|restaurant|subway_entrance,,681.695169875507,539.6867345716422,37.496418539503196,127.02856584056028,8419.0,6.0,taxi_respawn_68,picked
dyn_pax_2098,8423.0,2026-07-03 11:20:23,-417750336#5,restaurant,,886.0343029737398,891.1232225857099,37.499622942823265,127.030792984823,8430.0,7.0,taxi_respawn_22,picked
dyn_pax_2099,8446.0,2026-07-03 11:20:46,1117538957#3,restaurant|subway_entrance|bus_stop,,465.5082521847807,644.8780924026132,37.49732530507706,127.02609663221197,8751.0,305.0,taxi_respawn_47,picked
dyn_pax_2100,8464.0,2026-07-03 11:21:04,256787796#5,restaurant,,616.3422671393917,878.7532899245961,37.49946062055924,127.02774658517313,8477.0,13.0,taxi_respawn_42,picked
dyn_pax_2101,8489.0,2026-07-03 11:21:29,379463130#0,restaurant,,544.1425087303844,1128.5419490598922,37.501697156429024,127.02687101205116,8495.0,6.0,taxi_respawn_41,picked
dyn_pax_2102,8509.0,2026-07-03 11:21:49,417933646#0,restaurant,,894.2617302193242,410.3206078764906,37.49529326349135,127.03099977850056,8522.0,13.0,taxi_34,picked
dyn_pax_2103,8552.0,2026-07-03 11:22:32,520307304#2,restaurant,,553.737131666575,902.6336565846188,37.499663917706236,127.02703306650038,8662.0,110.0,taxi_24,picked
dyn_pax_2104,8615.0,2026-07-03 11:23:35,504227065,company,,441.32681628575455,666.8408278135128,37.497518581743364,127.0258180180219,8784.0,169.0,taxi_14,picked
dyn_pax_2105,8655.0,2026-07-03 11:24:15,-417933645#1,restaurant,,753.9829961438405,551.6859834676363,37.49654027420169,127.02938030242663,8673.0,18.0,taxi_34,picked
dyn_pax_2106,8693.0,2026-07-03 11:24:53,523141074#0,company|restaurant|subway_entrance,,524.0338794858329,871.4890157117229,37.4993777454413,127.02670460634431,8747.0,54.0,taxi_respawn_8,picked
dyn_pax_2107,8751.0,2026-07-03 11:25:51,975332778#1,bus_stop,,681.6099970732737,721.9380561808346,37.49806030190971,127.02852170075586,8757.0,6.0,taxi_2,picked
dyn_pax_2108,8776.0,2026-07-03 11:26:16,-417750337#0,restaurant,,672.8749254632385,1321.3640627464144,37.50345847130562,127.02828089713113,8782.0,6.0,taxi_respawn_26,picked
dyn_pax_2109,8809.0,2026-07-03 11:26:49,417933642#2,residential|restaurant,,976.5976168723116,645.9370182109647,37.49743129415275,127.0318749523804,8823.0,14.0,taxi_respawn_59,picked
dyn_pax_2110,8869.0,2026-07-03 11:27:49,218864491#0,restaurant|bus_stop,,769.9803916976219,760.1217113917903,37.49842094941813,127.02951181742357,8877.0,8.0,taxi_49,picked
dyn_pax_2111,8960.0,2026-07-03 11:29:20,-117790031#1,restaurant,,730.7814463439225,1053.3410552584976,37.501054966737435,127.02899915797848,9004.0,44.0,taxi_respawn_54,picked
dyn_pax_2112,8975.0,2026-07-03 11:29:35,26163000#3,restaurant,,602.970622715944,1275.0711016561868,37.50302824900089,127.02750144434575,9224.0,249.0,taxi_respawn_42,picked
dyn_pax_2113,8983.0,2026-07-03 11:29:43,379463134#4,restaurant,,574.4815382344308,1284.0756787717605,37.50310398350559,127.02717717678497,9231.0,248.0,taxi_respawn_27,picked
dyn_pax_2114,9041.0,2026-07-03 11:30:41,117823785#0,company|restaurant,,1360.8740206736493,851.0492627492013,37.499351351792384,127.0361713398344,9159.0,118.0,taxi_respawn_75,picked
dyn_pax_2115,9048.0,2026-07-03 11:30:48,520307304#0,school|subway_entrance|bus_stop,,602.6035134310263,763.145495629718,37.498416594724866,127.02761864854104,9063.0,15.0,taxi_respawn_46,picked
dyn_pax_2116,9051.0,2026-07-03 11:30:51,239962780#1,company|restaurant,,78.091042197054,1418.7355011637856,37.504223128704645,127.02153236485597,9134.0,83.0,taxi_19,picked
dyn_pax_2117,9084.0,2026-07-03 11:31:24,417750337#2,restaurant,,602.0112566641748,1239.22102407953,37.50270511928559,127.02749909599581,9107.0,23.0,taxi_respawn_55,picked
dyn_pax_2118,9129.0,2026-07-03 11:32:09,129731720#0,residential|company|restaurant,,292.10678712231254,1113.150773394943,37.50151085547559,127.02402489828896,9630.0,501.0,taxi_49,picked
dyn_pax_2119,9134.0,2026-07-03 11:32:14,521770116#2,company|restaurant|bus_stop,,432.3182248087171,1108.514093563608,37.50149560521279,127.02561136613096,9751.0,617.0,taxi_21,picked
dyn_pax_2120,9149.0,2026-07-03 11:32:29,129733424#0,restaurant,,719.7944869540754,1033.9950883209078,37.500878618503414,127.0288795122034,9155.0,6.0,taxi_respawn_43,picked
dyn_pax_2121,9167.0,2026-07-03 11:32:47,-417750337#2,restaurant,,578.5487433358253,1191.18897592047,37.50226799999912,127.02724519016736,9174.0,7.0,taxi_respawn_13,picked
dyn_pax_2122,9200.0,2026-07-03 11:33:20,218873820#0,restaurant|subway_entrance|bus_stop,,628.9829311132032,562.4061665928522,37.49661325243901,127.02796447999128,9280.0,80.0,taxi_respawn_8,picked
dyn_pax_2123,9205.0,2026-07-03 11:33:25,-417933646#4,company|restaurant,,761.9867537178288,747.7080569325292,37.49830761500862,127.02942437673002,9213.0,8.0,taxi_respawn_37,picked
dyn_pax_2124,9217.0,2026-07-03 11:33:37,-129731852,restaurant,,721.4959946165901,929.589824990092,37.499938423771525,127.02892348366522,9251.0,34.0,taxi_respawn_33,picked
dyn_pax_2125,9222.0,2026-07-03 11:33:42,523141074#0,company|restaurant|subway_entrance,,524.0338794858329,871.4890157117229,37.4993777454413,127.02670460634431,9734.0,512.0,taxi_respawn_58,picked
dyn_pax_2126,9235.0,2026-07-03 11:33:55,1376141182#0,bus_stop,,385.7154046370183,1301.0311255965628,37.50322104370192,127.02503873135461,9833.0,598.0,taxi_26,picked
dyn_pax_2127,9263.0,2026-07-03 11:34:23,-239954462#0,company,,177.59108854633376,1424.6091910087337,37.50429488616932,127.02265605240045,9277.0,14.0,taxi_respawn_80,picked
dyn_pax_2128,9295.0,2026-07-03 11:34:55,-417750354#1,restaurant,,946.150029211292,974.2465578508335,37.500383078435064,127.03145303198383,9317.0,22.0,taxi_28,picked
dyn_pax_2129,9303.0,2026-07-03 11:35:03,506191135#3,residential|company|restaurant|bus_stop,,238.79972345576414,789.4714057742513,37.49858497042428,127.023499044737,9336.0,33.0,taxi_35,picked
dyn_pax_2130,9308.0,2026-07-03 11:35:08,-506191135#22,residential|company|restaurant|bus_stop,,38.693950105848444,1321.9513167019495,37.50334380565249,127.02110990869835,9627.0,319.0,taxi_respawn_28,picked
dyn_pax_2131,9351.0,2026-07-03 11:35:51,1229817205#0,company|subway_entrance|bus_stop,,599.2457558679199,652.2907550986157,37.497417346160496,127.02760695963683,9363.0,12.0,taxi_respawn_54,picked
dyn_pax_2132,9381.0,2026-07-03 11:36:21,-913950883#1,residential|company|restaurant,,391.36286393582424,840.6655979518604,37.49907500229157,127.0252118555046,9773.0,392.0,taxi_respawn_34,picked
dyn_pax_2133,9411.0,2026-07-03 11:36:51,129731859#1,restaurant,,770.318180095484,905.1374216517651,37.499727361620906,127.02948129560598,9451.0,40.0,taxi_2,picked
dyn_pax_2134,9452.0,2026-07-03 11:37:32,-504509918#2,company|restaurant|bus_stop,,398.9694242295193,827.4758220967593,37.49895762305832,127.02530099003066,9501.0,49.0,taxi_respawn_73,picked
dyn_pax_2135,9494.0,2026-07-03 11:38:14,129733424#0,restaurant,,719.7944869540754,1033.9950883209078,37.500878618503414,127.0288795122034,9540.0,46.0,taxi_respawn_76,picked
dyn_pax_2136,9509.0,2026-07-03 11:38:29,117790045#2,restaurant,,537.9561568342307,1283.7183624175188,37.50309386389003,127.02676426064505,9524.0,15.0,taxi_18,picked
dyn_pax_2137,9520.0,2026-07-03 11:38:40,-541692164#2,subway_entrance,,317.7122087179151,1441.0296574375257,37.504469327730426,127.0242365566347,9561.0,41.0,taxi_respawn_62,picked
dyn_pax_2138,9567.0,2026-07-03 11:39:27,-117790045#0,restaurant,,544.8147652988505,1238.053441474183,37.50268379633789,127.0268526423962,10121.0,554.0,taxi_3,picked
dyn_pax_2139,9608.0,2026-07-03 11:40:08,-117790045#0,restaurant,,544.8147652988505,1238.053441474183,37.50268379633789,127.0268526423962,9842.0,234.0,taxi_35,picked
dyn_pax_2140,9633.0,2026-07-03 11:40:33,129731859#0,restaurant,,636.6446621144157,858.1896913104493,37.49927921090336,127.0279810114602,9776.0,143.0,taxi_44,picked
dyn_pax_2141,9641.0,2026-07-03 11:40:41,-379232161#3,restaurant,,957.578372934647,431.27964063812743,37.495494003443426,127.03171068469486,9704.0,63.0,taxi_respawn_51,picked
dyn_pax_2142,9726.0,2026-07-03 11:42:06,256787796#6,restaurant,,626.4884087870183,851.7135990963859,37.499218954480725,127.02786771303293,9886.0,160.0,taxi_respawn_49,picked
dyn_pax_2143,9734.0,2026-07-03 11:42:14,494824662#3,company|restaurant|subway_entrance,,729.424850252167,406.6843378518681,37.49522941823122,127.02913698209235,10045.0,311.0,taxi_respawn_45,picked
dyn_pax_2144,9739.0,2026-07-03 11:42:19,521770116#2,company|restaurant|bus_stop,,432.3182248087171,1108.514093563608,37.50149560521279,127.02561136613096,10034.0,295.0,taxi_11,picked
dyn_pax_2145,9767.0,2026-07-03 11:42:47,521766175#1,company|restaurant|subway_entrance,,332.9365590021661,1411.5585828157227,37.504206724109,127.02441570308932,10010.0,243.0,taxi_respawn_59,picked
dyn_pax_2146,9779.0,2026-07-03 11:42:59,-506191135#2,residential|bus_stop,,236.19733776439384,769.6838415951818,37.49840622577806,127.02347432089968,9863.0,84.0,taxi_0,picked
dyn_pax_2147,9784.0,2026-07-03 11:43:04,-117790031#1,restaurant,,730.7814463439225,1053.3410552584976,37.501054966737435,127.02899915797848,9803.0,19.0,taxi_respawn_30,picked
dyn_pax_2148,9797.0,2026-07-03 11:43:17,-913950883#1,residential|company|restaurant,,391.36286393582424,840.6655979518604,37.49907500229157,127.0252118555046,9805.0,8.0,taxi_49,picked
dyn_pax_2149,9824.0,2026-07-03 11:43:44,-417933642#4,restaurant,,907.3718228697127,805.8014682006251,37.49885835910486,127.03105443169989,9861.0,37.0,taxi_48,picked
dyn_pax_2150,9898.0,2026-07-03 11:44:58,379463134#2,restaurant,,492.9894267673794,1254.822149661426,37.50282506050825,127.0262626667944,9907.0,9.0,taxi_respawn_81,picked
dyn_pax_2151,9903.0,2026-07-03 11:45:03,178441450#1,residential|company|restaurant|bus_stop,,282.90243066757296,609.4157395563556,37.496971320837204,127.02404044855805,10091.0,188.0,taxi_respawn_70,picked
dyn_pax_2152,9908.0,2026-07-03 11:45:08,-417750337#6,restaurant,,503.6615133291097,1089.1021319971503,37.50133422142063,127.0264226479345,9914.0,6.0,taxi_14,picked
dyn_pax_2153,9938.0,2026-07-03 11:45:38,-129731857#2,restaurant,,875.7452923990509,884.8037873845144,37.499564075208866,127.03067814538078,9972.0,34.0,taxi_respawn_27,picked
dyn_pax_2154,9953.0,2026-07-03 11:45:53,-504227066#3,restaurant,,449.3214735737982,636.1754008755333,37.497243849267164,127.02591568328045,10099.0,146.0,taxi_respawn_75,picked
dyn_pax_2155,9968.0,2026-07-03 11:46:08,-256787796#5,restaurant,,631.1882908445458,865.4152262944223,37.499343270516576,127.02791760566556,9978.0,10.0,taxi_respawn_22,picked
dyn_pax_2156,9973.0,2026-07-03 11:46:13,523141074#0,company|restaurant|subway_entrance,,524.0338794858329,871.4890157117229,37.4993777454413,127.02670460634431,9998.0,25.0,taxi_respawn_40,picked
dyn_pax_2157,9976.0,2026-07-03 11:46:16,494824662#3,company|restaurant|subway_entrance,,729.424850252167,406.6843378518681,37.49522941823122,127.02913698209235,10019.0,43.0,taxi_respawn_76,picked
dyn_pax_2158,9986.0,2026-07-03 11:46:26,-417750336#3,school|company,,868.1859178511071,948.5147012398835,37.50013657861005,127.03057759421064,9995.0,9.0,taxi_respawn_28,picked
dyn_pax_2159,9996.0,2026-07-03 11:46:36,-506191135#22,residential|company|restaurant|bus_stop,,38.693950105848444,1321.9513167019495,37.50334380565249,127.02110990869835,10026.0,30.0,taxi_18,picked
dyn_pax_2160,10029.0,2026-07-03 11:47:09,117790041#2,restaurant,,441.66460303662666,1376.669936706078,37.50391299976682,127.0256534125234,10049.0,20.0,taxi_respawn_74,picked
dyn_pax_2161,10031.0,2026-07-03 11:47:11,-256787796#4,restaurant,,620.2926176327408,895.5374521094307,37.49961256354246,127.02778727239327,10045.0,14.0,taxi_respawn_71,picked
dyn_pax_2162,10092.0,2026-07-03 11:48:12,504509918#0,residential|restaurant,,511.83203920742636,882.9034728009249,37.49947826486711,127.02656393710718,10544.0,452.0,taxi_respawn_35,picked
dyn_pax_2163,10170.0,2026-07-03 11:49:30,-417933646#4,company|restaurant,,761.9867537178288,747.7080569325292,37.49830761500862,127.02942437673002,10505.0,335.0,taxi_46,picked
dyn_pax_2164,10200.0,2026-07-03 11:50:00,305539406,company|restaurant|subway_entrance,,566.389495917364,736.5285064605782,37.49816998085155,127.02721550408178,10282.0,82.0,taxi_respawn_30,picked
dyn_pax_2165,10205.0,2026-07-03 11:50:05,-523141073,residential|company,,283.47995026542384,1109.9635024546676,37.50148051131825,127.02392811188028,10309.0,104.0,taxi_respawn_87,picked
dyn_pax_2166,10208.0,2026-07-03 11:50:08,-129731721#2,company|restaurant,,388.6558839574922,820.9778890483499,37.49889713764622,127.02518592115393,10224.0,16.0,taxi_respawn_27,picked
dyn_pax_2167,10215.0,2026-07-03 11:50:15,417750342#0,residential,,845.3624953099543,1340.16590884019,37.50366039527634,127.03022681464076,10267.0,52.0,taxi_respawn_76,picked
dyn_pax_2168,10344.0,2026-07-03 11:52:24,379463134#2,restaurant,,492.9894267673794,1254.822149661426,37.50282506050825,127.0262626667944,10412.0,68.0,taxi_21,picked
dyn_pax_2169,10349.0,2026-07-03 11:52:29,417750354#1,restaurant,,919.2899707887079,1024.6134421491665,37.5008317366974,127.03113741131199,10392.0,43.0,taxi_27,picked
dyn_pax_2170,10424.0,2026-07-03 11:53:44,256787796#2,restaurant,,573.8171824012851,1000.9225059734806,37.50055312725627,127.02723680274495,10483.0,59.0,taxi_29,picked
dyn_pax_2171,10460.0,2026-07-03 11:54:20,417750337#5,restaurant,,522.3387290339521,1126.7881672814829,37.50167723806998,127.02662489231146,10497.0,37.0,taxi_respawn_64,picked
dyn_pax_2172,10487.0,2026-07-03 11:54:47,218857636#1,residential|company|restaurant|bus_stop,,297.92905089287035,623.2061345250047,37.49709839153085,127.02420706961871,10628.0,141.0,taxi_respawn_74,picked
dyn_pax_2173,10510.0,2026-07-03 11:55:10,375049565#2,restaurant,,1048.966709229659,894.5327467658005,37.49968436369115,127.03263441305876,10537.0,27.0,taxi_respawn_73,picked
dyn_pax_2174,10517.0,2026-07-03 11:55:17,219837933#0,residential|company,,49.0199205680682,1328.1480294371383,37.503401583976704,127.02122519296726,10527.0,10.0,taxi_respawn_70,picked
dyn_pax_2175,10520.0,2026-07-03 11:55:20,-129731721#2,company|restaurant,,388.6558839574922,820.9778890483499,37.49889713764622,127.02518592115393,10555.0,35.0,taxi_respawn_75,picked
dyn_pax_2176,10530.0,2026-07-03 11:55:30,129731859#4,restaurant,,948.3176585840322,968.5888771831698,37.50033252074231,127.03147887955224,10571.0,41.0,taxi_respawn_61,picked
dyn_pax_2177,10533.0,2026-07-03 11:55:33,309155295#1,restaurant,,764.2225196982893,558.1760304781078,37.4966006705371,127.0294945363528,10671.0,138.0,taxi_respawn_26,picked
dyn_pax_2178,10606.0,2026-07-03 11:56:46,-504227067#3,restaurant,,527.7289520354611,471.5483450335965,37.495775653483,127.02684121970124,10628.0,22.0,taxi_2,picked
dyn_pax_2179,10643.0,2026-07-03 11:57:23,-417750337#6,restaurant,,503.6615133291097,1089.1021319971503,37.50133422142063,127.0264226479345,10852.0,209.0,taxi_respawn_22,picked
dyn_pax_2180,10694.0,2026-07-03 11:58:14,-256787796#7,restaurant,,650.4923169509016,809.9698095387197,37.49884744554127,127.02814900895488,10724.0,30.0,taxi_30,picked
dyn_pax_2181,10706.0,2026-07-03 11:58:26,375049565#6,restaurant|subway_entrance|bus_stop,,789.5153251748014,798.8522330112556,37.49877353199428,127.02972351946808,10709.0,3.0,taxi_3,picked
dyn_pax_2182,10727.0,2026-07-03 11:58:47,-417933642#1,restaurant,,972.7851169931362,629.1778231901285,37.49727960321316,127.03183581048214,10738.0,11.0,taxi_respawn_35,picked
dyn_pax_2183,10732.0,2026-07-03 11:58:52,117823785#0,company|restaurant,,1360.8740206736493,851.0492627492013,37.499351351792384,127.0361713398344,10795.0,63.0,taxi_respawn_71,picked
dyn_pax_2184,10734.0,2026-07-03 11:58:54,-256787796#7,restaurant,,650.4923169509016,809.9698095387197,37.49884744554127,127.02814900895488,10761.0,27.0,taxi_respawn_20,picked
dyn_pax_2185,10787.0,2026-07-03 11:59:47,506191135#3,residential|company|restaurant|bus_stop,,238.79972345576414,789.4714057742513,37.49858497042428,127.023499044737,10820.0,33.0,taxi_25,picked
dyn_pax_2186,10801.0,2026-07-03 12:00:01,480850873,company|restaurant|bus_stop,,548.1935052770749,708.5896639848544,37.49791486187585,127.0270163956136,11120.0,319.0,taxi_respawn_90,picked
dyn_pax_2187,10801.0,2026-07-03 12:00:01,218877837#0,company,,455.71990885566936,1045.563527646426,37.50093295148158,127.02589090425857,11210.0,409.0,taxi_respawn_49,picked
dyn_pax_2188,10801.0,2026-07-03 12:00:01,219837933#0,residential|company,,49.0199205680682,1328.1480294371383,37.503401583976704,127.02122519296726,11321.0,520.0,taxi_respawn_95,picked
dyn_pax_2189,10801.0,2026-07-03 12:00:01,1117538957#0,company|restaurant,,312.91680439510856,589.5311930299885,37.49679787270139,127.0243845203811,10838.0,37.0,taxi_48,picked
dyn_pax_2190,10801.0,2026-07-03 12:00:01,-506191135#22,residential|company|restaurant|bus_stop,,38.693950105848444,1321.9513167019495,37.50334380565249,127.02110990869835,11426.0,625.0,taxi_respawn_25,picked
dyn_pax_2191,10801.0,2026-07-03 12:00:01,628232693#0,company|restaurant,,644.2623295929467,660.168099777976,37.49749680792099,127.0281140674837,11087.0,286.0,taxi_respawn_84,picked
dyn_pax_2192,10801.0,2026-07-03 12:00:01,480850873,company|restaurant|bus_stop,,548.1935052770749,708.5896639848544,37.49791486187585,127.0270163956136,10813.0,12.0,taxi_respawn_16,picked
dyn_pax_2193,10801.0,2026-07-03 12:00:01,1229817205#0,company|subway_entrance|bus_stop,,599.2457558679199,652.2907550986157,37.497417346160496,127.02760695963683,11029.0,228.0,taxi_respawn_79,picked
dyn_pax_2194,10801.0,2026-07-03 12:00:01,-504509918#2,company|restaurant|bus_stop,,398.9694242295193,827.4758220967593,37.49895762305832,127.02530099003066,11128.0,327.0,taxi_19,picked
dyn_pax_2195,10801.0,2026-07-03 12:00:01,523141074#0,company|restaurant|subway_entrance,,524.0338794858329,871.4890157117229,37.4993777454413,127.02670460634431,10808.0,7.0,taxi_0,picked
dyn_pax_2196,10801.0,2026-07-03 12:00:01,-506191135#22,residential|company|restaurant|bus_stop,,38.693950105848444,1321.9513167019495,37.50334380565249,127.02110990869835,11201.0,400.0,taxi_respawn_64,picked
dyn_pax_2197,10801.0,2026-07-03 12:00:01,494824662#3,company|restaurant|subway_entrance,,729.424850252167,406.6843378518681,37.49522941823122,127.02913698209235,10830.0,29.0,taxi_respawn_26,picked
dyn_pax_2198,10801.0,2026-07-03 12:00:01,129731720#0,residential|company|restaurant,,292.10678712231254,1113.150773394943,37.50151085547559,127.02402489828896,11057.0,256.0,taxi_respawn_17,picked
dyn_pax_2199,10801.0,2026-07-03 12:00:01,309155295#0,company|restaurant,,688.2712938579457,529.5739965525526,37.49632868191341,127.02864258735015,11087.0,286.0,taxi_respawn_73,picked
dyn_pax_2200,10801.0,2026-07-03 12:00:01,-239954462#0,company,,177.59108854633376,1424.6091910087337,37.50429488616932,127.02265605240045,11252.0,451.0,taxi_21,picked
dyn_pax_2201,10801.0,2026-07-03 12:00:01,1117538957#0,company|restaurant,,312.91680439510856,589.5311930299885,37.49679787270139,127.0243845203811,10898.0,97.0,taxi_37,picked
dyn_pax_2202,10801.0,2026-07-03 12:00:01,-417933646#4,company|restaurant,,761.9867537178288,747.7080569325292,37.49830761500862,127.02942437673002,11078.0,277.0,taxi_respawn_92,picked
dyn_pax_2203,10801.0,2026-07-03 12:00:01,117790036#1,company,,849.7103307162836,1232.6514730855474,37.50269269072902,127.03030143103514,10808.0,7.0,taxi_respawn_93,picked
dyn_pax_2204,10801.0,2026-07-03 12:00:01,-129731721#2,company|restaurant,,388.6558839574922,820.9778890483499,37.49889713764622,127.02518592115393,10825.0,24.0,taxi_respawn_77,picked
dyn_pax_2205,10801.0,2026-07-03 12:00:01,305539406,company|restaurant|subway_entrance,,566.389495917364,736.5285064605782,37.49816998085155,127.02721550408178,10912.0,111.0,taxi_10,picked
dyn_pax_2206,10801.0,2026-07-03 12:00:01,521770116#2,company|restaurant|bus_stop,,432.3182248087171,1108.514093563608,37.50149560521279,127.02561136613096,11284.0,483.0,taxi_respawn_37,picked
dyn_pax_2207,10801.0,2026-07-03 12:00:01,1117538958#2,company,,104.12900552775619,520.131995808405,37.496133188537314,127.02204040818502,11204.0,403.0,taxi_25,picked
dyn_pax_2208,10801.0,2026-07-03 12:00:01,521766175#1,company|restaurant|subway_entrance,,332.9365590021661,1411.5585828157227,37.504206724109,127.02441570308932,11089.0,288.0,taxi_respawn_46,picked
dyn_pax_2209,10801.0,2026-07-03 12:00:01,-417933645#2,company|restaurant|subway_entrance,,701.1658676593129,719.5455833044954,37.49804244093877,127.02874337560036,11105.0,304.0,taxi_16,picked
dyn_pax_2210,10801.0,2026-07-03 12:00:01,521766175#1,company|restaurant|subway_entrance,,332.9365590021661,1411.5585828157227,37.504206724109,127.02441570308932,11183.0,382.0,taxi_46,picked
dyn_pax_2211,10801.0,2026-07-03 12:00:01,-523141073,residential|company,,283.47995026542384,1109.9635024546676,37.50148051131825,127.02392811188028,11171.0,370.0,taxi_11,picked
dyn_pax_2212,10801.0,2026-07-03 12:00:01,-417933646#4,company|restaurant,,761.9867537178288,747.7080569325292,37.49830761500862,127.02942437673002,11073.0,272.0,taxi_respawn_55,picked
dyn_pax_2213,10801.0,2026-07-03 12:00:01,521766175#1,company|restaurant|subway_entrance,,332.9365590021661,1411.5585828157227,37.504206724109,127.02441570308932,11268.0,467.0,taxi_respawn_54,picked
dyn_pax_2214,10801.0,2026-07-03 12:00:01,-504509918#2,company|restaurant|bus_stop,,398.9694242295193,827.4758220967593,37.49895762305832,127.02530099003066,11123.0,322.0,taxi_respawn_61,picked
dyn_pax_2215,10801.0,2026-07-03 12:00:01,129731721#0,company|restaurant,,451.4485582282947,673.334514427724,37.497578992002325,127.0259309178301,10827.0,26.0,taxi_respawn_14,picked
dyn_pax_2216,10801.0,2026-07-03 12:00:01,178441450#1,residential|company|restaurant|bus_stop,,282.90243066757296,609.4157395563556,37.496971320837204,127.02404044855805,10990.0,189.0,taxi_respawn_94,picked
dyn_pax_2217,10801.0,2026-07-03 12:00:01,628232693#0,company|restaurant,,644.2623295929467,660.168099777976,37.49749680792099,127.0281140674837,11092.0,291.0,taxi_respawn_11,picked
dyn_pax_2218,10801.0,2026-07-03 12:00:01,480850873,company|restaurant|bus_stop,,548.1935052770749,708.5896639848544,37.49791486187585,127.0270163956136,11127.0,326.0,taxi_18,picked
dyn_pax_2219,10801.0,2026-07-03 12:00:01,178441450#1,residential|company|restaurant|bus_stop,,282.90243066757296,609.4157395563556,37.496971320837204,127.02404044855805,10902.0,101.0,taxi_respawn_25,picked
dyn_pax_2220,10801.0,2026-07-03 12:00:01,494824662#3,company|restaurant|subway_entrance,,729.424850252167,406.6843378518681,37.49522941823122,127.02913698209235,10858.0,57.0,taxi_respawn_7,picked
dyn_pax_2221,10801.0,2026-07-03 12:00:01,219837933#0,residential|company,,49.0199205680682,1328.1480294371383,37.503401583976704,127.02122519296726,11314.0,513.0,taxi_respawn_9,picked
dyn_pax_2222,10801.0,2026-07-03 12:00:01,1117538957#0,company|restaurant,,312.91680439510856,589.5311930299885,37.49679787270139,127.0243845203811,10917.0,116.0,taxi_respawn_23,picked
dyn_pax_2223,10801.0,2026-07-03 12:00:01,628232693#0,company|restaurant,,644.2623295929467,660.168099777976,37.49749680792099,127.0281140674837,11101.0,300.0,taxi_respawn_34,picked
dyn_pax_2224,10801.0,2026-07-03 12:00:01,1229817205#0,company|subway_entrance|bus_stop,,599.2457558679199,652.2907550986157,37.497417346160496,127.02760695963683,11025.0,224.0,taxi_respawn_85,picked
dyn_pax_2225,10801.0,2026-07-03 12:00:01,1117538957#0,company|restaurant,,312.91680439510856,589.5311930299885,37.49679787270139,127.0243845203811,10925.0,124.0,taxi_respawn_86,picked
dyn_pax_2226,10801.0,2026-07-03 12:00:01,1229817205#0,company|subway_entrance|bus_stop,,599.2457558679199,652.2907550986157,37.497417346160496,127.02760695963683,10940.0,139.0,taxi_28,picked
dyn_pax_2227,10801.0,2026-07-03 12:00:01,218857636#1,residential|company|restaurant|bus_stop,,297.92905089287035,623.2061345250047,37.49709839153085,127.02420706961871,10898.0,97.0,taxi_respawn_70,picked
dyn_pax_2228,10801.0,2026-07-03 12:00:01,129731721#0,company|restaurant,,451.4485582282947,673.334514427724,37.497578992002325,127.0259309178301,10837.0,36.0,taxi_respawn_27,picked
dyn_pax_2229,10801.0,2026-07-03 12:00:01,417933645#2,residential|company|restaurant,,757.7944798520502,568.4010952306102,37.496691568512986,127.02941943794849,10819.0,18.0,taxi_respawn_43,picked
dyn_pax_2230,10801.0,2026-07-03 12:00:01,-117790039#2,company|restaurant,,1017.0012393074795,990.846024966068,37.5005459641277,127.03225021068775,10841.0,40.0,taxi_respawn_75,picked
dyn_pax_2231,10801.0,2026-07-03 12:00:01,506191135#3,residential|company|restaurant|bus_stop,,238.79972345576414,789.4714057742513,37.49858497042428,127.023499044737,11098.0,297.0,taxi_respawn_19,picked
dyn_pax_2232,10801.0,2026-07-03 12:00:01,-417750336#3,school|company,,868.1859178511071,948.5147012398835,37.50013657861005,127.03057759421064,10819.0,18.0,taxi_8,picked
dyn_pax_2233,10801.0,2026-07-03 12:00:01,1056882877#3,residential|company|restaurant,,365.79280968467333,433.0557487307964,37.495398294451746,127.02501948586043,10943.0,142.0,taxi_respawn_58,picked
dyn_pax_2234,10801.0,2026-07-03 12:00:01,523141074#0,company|restaurant|subway_entrance,,524.0338794858329,871.4890157117229,37.4993777454413,127.02670460634431,11169.0,368.0,taxi_respawn_72,picked
dyn_pax_2235,10801.0,2026-07-03 12:00:01,628232693#0,company|restaurant,,644.2623295929467,660.168099777976,37.49749680792099,127.0281140674837,11082.0,281.0,taxi_respawn_42,picked
dyn_pax_2236,10801.0,2026-07-03 12:00:01,-376649996#1,company,,349.947152138941,1.6182517984103069,37.49150877654974,127.02494272030683,10889.0,88.0,taxi_respawn_40,picked
dyn_pax_2237,10801.0,2026-07-03 12:00:01,-542367267#0,company,,179.75773525047865,1390.7576253945435,37.50399035207237,127.02268859703804,11226.0,425.0,taxi_respawn_76,picked
dyn_pax_2238,10801.0,2026-07-03 12:00:01,-504509918#2,company|restaurant|bus_stop,,398.9694242295193,827.4758220967593,37.49895762305832,127.02530099003066,11136.0,335.0,taxi_respawn_81,picked
dyn_pax_2239,10801.0,2026-07-03 12:00:01,504227065,company,,441.32681628575455,666.8408278135128,37.497518581743364,127.0258180180219,10824.0,23.0,taxi_36,picked
dyn_pax_2240,10801.0,2026-07-03 12:00:01,506191135#3,residential|company|restaurant|bus_stop,,238.79972345576414,789.4714057742513,37.49858497042428,127.023499044737,11187.0,386.0,taxi_respawn_80,picked
dyn_pax_2241,10801.0,2026-07-03 12:00:01,129731721#0,company|restaurant,,451.4485582282947,673.334514427724,37.497578992002325,127.0259309178301,10820.0,19.0,taxi_49,picked
dyn_pax_2242,10801.0,2026-07-03 12:00:01,218877837#2,company|restaurant|bus_stop,,479.4555212141038,978.0213907550284,37.500328997763305,127.02617530290202,11119.0,318.0,taxi_respawn_30,picked
dyn_pax_2243,10801.0,2026-07-03 12:00:01,1117538957#0,company|restaurant,,312.91680439510856,589.5311930299885,37.49679787270139,127.0243845203811,10909.0,108.0,taxi_respawn_13,picked
dyn_pax_2244,10801.0,2026-07-03 12:00:01,-542367267#0,company,,179.75773525047865,1390.7576253945435,37.50399035207237,127.02268859703804,11149.0,348.0,taxi_respawn_67,picked
dyn_pax_2245,10801.0,2026-07-03 12:00:01,506191135#3,residential|company|restaurant|bus_stop,,238.79972345576414,789.4714057742513,37.49858497042428,127.023499044737,11113.0,312.0,taxi_respawn_89,picked
dyn_pax_2246,10801.0,2026-07-03 12:00:01,219837933#0,residential|company,,49.0199205680682,1328.1480294371383,37.503401583976704,127.02122519296726,11279.0,478.0,taxi_48,picked
dyn_pax_2247,10801.0,2026-07-03 12:00:01,542367267#1,company|restaurant,,199.26981683313872,1381.121508122661,37.50390724154084,127.02291151664822,11151.0,350.0,taxi_respawn_51,picked
dyn_pax_2248,10801.0,2026-07-03 12:00:01,239962780#1,company|restaurant,,78.091042197054,1418.7355011637856,37.504223128704645,127.02153236485597,10826.0,25.0,taxi_respawn_95,picked
dyn_pax_2249,10801.0,2026-07-03 12:00:01,309155295#0,company|restaurant,,688.2712938579457,529.5739965525526,37.49632868191341,127.02864258735015,11094.0,293.0,taxi_respawn_47,picked
dyn_pax_2250,10801.0,2026-07-03 12:00:01,-376649996#1,company,,349.947152138941,1.6182517984103069,37.49150877654974,127.02494272030683,11065.0,264.0,taxi_2,picked
dyn_pax_2251,10801.0,2026-07-03 12:00:01,117823785#0,company|restaurant,,1360.8740206736493,851.0492627492013,37.499351351792384,127.0361713398344,10876.0,75.0,taxi_respawn_82,picked
dyn_pax_2252,10801.0,2026-07-03 12:00:01,521770116#2,company|restaurant|bus_stop,,432.3182248087171,1108.514093563608,37.50149560521279,127.02561136613096,11117.0,316.0,taxi_31,picked
dyn_pax_2253,10801.0,2026-07-03 12:00:01,-542367267#0,company,,179.75773525047865,1390.7576253945435,37.50399035207237,127.02268859703804,11079.0,278.0,taxi_26,picked
dyn_pax_2254,10801.0,2026-07-03 12:00:01,521770116#2,company|restaurant|bus_stop,,432.3182248087171,1108.514093563608,37.50149560521279,127.02561136613096,11111.0,310.0,taxi_respawn_33,picked
dyn_pax_2255,10801.0,2026-07-03 12:00:01,1229817205#0,company|subway_entrance|bus_stop,,599.2457558679199,652.2907550986157,37.497417346160496,127.02760695963683,10936.0,135.0,taxi_respawn_9,picked
dyn_pax_2256,10801.0,2026-07-03 12:00:01,-1056882877#5,company|restaurant,,302.41102899925136,583.0415396467946,37.496737424712585,127.0242672800979,10931.0,130.0,taxi_respawn_8,picked
dyn_pax_2257,10801.0,2026-07-03 12:00:01,-913950883#1,residential|company|restaurant,,391.36286393582424,840.6655979518604,37.49907500229157,127.0252118555046,11140.0,339.0,taxi_respawn_87,picked
dyn_pax_2258,10801.0,2026-07-03 12:00:01,-504509918#2,company|restaurant|bus_stop,,398.9694242295193,827.4758220967593,37.49895762305832,127.02530099003066,11144.0,343.0,taxi_respawn_88,picked
dyn_pax_2259,10801.0,2026-07-03 12:00:01,379463134#0,company,,445.604196565268,1237.9330600893716,37.50266396162017,127.02573088108544,10866.0,65.0,taxi_respawn_45,picked
dyn_pax_2260,10801.0,2026-07-03 12:00:01,1117538958#2,company,,104.12900552775619,520.131995808405,37.496133188537314,127.02204040818502,11189.0,388.0,taxi_respawn_82,picked
dyn_pax_2261,10801.0,2026-07-03 12:00:01,379463134#0,company,,445.604196565268,1237.9330600893716,37.50266396162017,127.02573088108544,10871.0,70.0,taxi_24,picked
dyn_pax_2262,10801.0,2026-07-03 12:00:01,-523141073,residential|company,,283.47995026542384,1109.9635024546676,37.50148051131825,127.02392811188028,11166.0,365.0,taxi_respawn_53,picked
dyn_pax_2263,10801.0,2026-07-03 12:00:01,-239954462#0,company,,177.59108854633376,1424.6091910087337,37.50429488616932,127.02265605240045,11177.0,376.0,taxi_respawn_59,picked
dyn_pax_2264,10801.0,2026-07-03 12:00:01,218877837#0,company,,455.71990885566936,1045.563527646426,37.50093295148158,127.02589090425857,11195.0,394.0,taxi_respawn_78,picked
dyn_pax_2265,10801.0,2026-07-03 12:00:01,-542367267#0,company,,179.75773525047865,1390.7576253945435,37.50399035207237,127.02268859703804,10900.0,99.0,taxi_27,picked
dyn_pax_2266,10801.0,2026-07-03 12:00:01,-117790039#2,company|restaurant,,1017.0012393074795,990.846024966068,37.5005459641277,127.03225021068775,10828.0,27.0,taxi_respawn_60,picked
dyn_pax_2267,10801.0,2026-07-03 12:00:01,1056882877#3,residential|company|restaurant,,365.79280968467333,433.0557487307964,37.495398294451746,127.02501948586043,11112.0,311.0,taxi_respawn_74,picked
dyn_pax_2268,10801.0,2026-07-03 12:00:01,218857636#1,residential|company|restaurant|bus_stop,,297.92905089287035,623.2061345250047,37.49709839153085,127.02420706961871,10843.0,42.0,taxi_respawn_62,picked
dyn_pax_2269,10801.0,2026-07-03 12:00:01,417731530,company|restaurant,,191.66975375905443,1429.5779711342507,37.5043423120142,127.02281406437154,10818.0,17.0,taxi_21,picked
dyn_pax_2270,10801.0,2026-07-03 12:00:01,305539406,company|restaurant|subway_entrance,,566.389495917364,736.5285064605782,37.49816998085155,127.02721550408178,10918.0,117.0,taxi_respawn_41,picked
dyn_pax_2271,10801.0,2026-07-03 12:00:01,-523141073,residential|company,,283.47995026542384,1109.9635024546676,37.50148051131825,127.02392811188028,11200.0,399.0,taxi_14,picked
dyn_pax_2272,10801.0,2026-07-03 12:00:01,218877837#0,company,,455.71990885566936,1045.563527646426,37.50093295148158,127.02589090425857,11105.0,304.0,taxi_44,picked
dyn_pax_2273,10848.0,2026-07-03 12:00:48,541692164#1,subway_entrance,,271.6277521231475,1406.6420105391767,37.5041508337347,127.02372362926798,11268.0,420.0,taxi_respawn_60,picked
dyn_pax_2274,10858.0,2026-07-03 12:00:58,379463134#4,restaurant,,574.4815382344308,1284.0756787717605,37.50310398350559,127.02717717678497,10993.0,135.0,taxi_8,picked
dyn_pax_2275,10868.0,2026-07-03 12:01:08,-417933645#2,company|restaurant|subway_entrance,,701.1658676593129,719.5455833044954,37.49804244093877,127.02874337560036,10988.0,120.0,taxi_respawn_43,picked
dyn_pax_2276,10873.0,2026-07-03 12:01:13,117790062#7,restaurant,,610.3314045210797,1078.999817662281,37.50126336859982,127.02763115548898,11046.0,173.0,taxi_24,picked
dyn_pax_2277,10875.0,2026-07-03 12:01:15,-913950883#1,residential|company|restaurant,,391.36286393582424,840.6655979518604,37.49907500229157,127.0252118555046,11214.0,339.0,taxi_respawn_27,picked
dyn_pax_2278,10890.0,2026-07-03 12:01:30,117790039#0,restaurant,,1059.1652257347846,901.0190091909938,37.49974471524068,127.0327481916661,11069.0,179.0,taxi_respawn_71,picked
dyn_pax_2279,10898.0,2026-07-03 12:01:38,375049565#6,restaurant|subway_entrance|bus_stop,,789.5153251748014,798.8522330112556,37.49877353199428,127.02972351946808,11028.0,130.0,taxi_respawn_75,picked
dyn_pax_2280,10915.0,2026-07-03 12:01:55,-504509918#2,company|restaurant|bus_stop,,398.9694242295193,827.4758220967593,37.49895762305832,127.02530099003066,11000.0,85.0,taxi_respawn_64,picked
dyn_pax_2281,10923.0,2026-07-03 12:02:03,521766175#3,company|restaurant|subway_entrance|bus_stop,,373.6701172395771,1298.610217621072,37.50319695740621,127.02490310718325,11305.0,382.0,taxi_0,picked
dyn_pax_2282,10929.0,2026-07-03 12:02:09,-506191135#22,residential|company|restaurant|bus_stop,,38.693950105848444,1321.9513167019495,37.50334380565249,127.02110990869835,11266.0,337.0,taxi_respawn_43,picked
dyn_pax_2283,10961.0,2026-07-03 12:02:41,1056882877#3,residential|company|restaurant,,365.79280968467333,433.0557487307964,37.495398294451746,127.02501948586043,11132.0,171.0,taxi_respawn_40,picked
dyn_pax_2284,10974.0,2026-07-03 12:02:54,417933642#0,restaurant|bus_stop,,1041.0954363710525,463.30841921497654,37.49579826441859,127.03264736696761,11073.0,99.0,taxi_37,picked
dyn_pax_2285,10991.0,2026-07-03 12:03:11,521770119#0,restaurant|bus_stop,,548.9831206778387,935.1148840516827,37.499955620541705,127.02697161236954,11155.0,164.0,taxi_respawn_93,picked
dyn_pax_2286,11009.0,2026-07-03 12:03:29,129731721#0,company|restaurant,,451.4485582282947,673.334514427724,37.497578992002325,127.0259309178301,11122.0,113.0,taxi_36,picked
dyn_pax_2287,11022.0,2026-07-03 12:03:42,541692164#1,subway_entrance,,271.6277521231475,1406.6420105391767,37.5041508337347,127.02372362926798,11348.0,326.0,taxi_respawn_14,picked
dyn_pax_2288,11024.0,2026-07-03 12:03:44,523141074#0,company|restaurant|subway_entrance,,524.0338794858329,871.4890157117229,37.4993777454413,127.02670460634431,11178.0,154.0,taxi_respawn_26,picked
dyn_pax_2289,11037.0,2026-07-03 12:03:57,117790051#4,restaurant,,495.1920534812603,1378.4842065286966,37.50393946166789,127.02625823552458,11204.0,167.0,taxi_respawn_35,picked
dyn_pax_2290,11039.0,2026-07-03 12:03:59,-542367267#1,bus_stop,,247.51018316686128,1414.7184918773391,37.504219024473855,127.02344900430944,11267.0,228.0,taxi_respawn_7,picked
dyn_pax_2291,11059.0,2026-07-03 12:04:19,-129731852,restaurant,,721.4959946165901,929.589824990092,37.499938423771525,127.02892348366522,11089.0,30.0,taxi_respawn_62,picked
dyn_pax_2292,11061.0,2026-07-03 12:04:21,-542367267#1,bus_stop,,247.51018316686128,1414.7184918773391,37.504219024473855,127.02344900430944,11279.0,218.0,taxi_respawn_20,picked
dyn_pax_2293,11100.0,2026-07-03 12:05:00,1229817205#0,company|subway_entrance|bus_stop,,599.2457558679199,652.2907550986157,37.497417346160496,127.02760695963683,11163.0,63.0,taxi_respawn_45,picked
dyn_pax_2294,11134.0,2026-07-03 12:05:34,521766180#1,company|restaurant|bus_stop,,466.73410130235357,1169.2838037446552,37.502049542882666,127.02598608796039,11475.0,341.0,taxi_respawn_77,picked
dyn_pax_2295,11137.0,2026-07-03 12:05:37,417933642#0,restaurant|bus_stop,,1041.0954363710525,463.30841921497654,37.49579826441859,127.03264736696761,11339.0,202.0,taxi_27,picked
dyn_pax_2296,11148.0,2026-07-03 12:05:48,1117538958#3,bus_stop,,160.18899290588462,540.6019911995099,37.49632820280781,127.02266936696756,11294.0,146.0,taxi_respawn_13,picked
dyn_pax_2297,11190.0,2026-07-03 12:06:30,494824662#3,company|restaurant|subway_entrance,,729.424850252167,406.6843378518681,37.49522941823122,127.02913698209235,11284.0,94.0,taxi_respawn_73,picked
dyn_pax_2298,11201.0,2026-07-03 12:06:41,-541692164#2,subway_entrance,,317.7122087179151,1441.0296574375257,37.504469327730426,127.0242365566347,11302.0,101.0,taxi_30,picked
dyn_pax_2299,11237.0,2026-07-03 12:07:17,375049565#6,restaurant|subway_entrance|bus_stop,,789.5153251748014,798.8522330112556,37.49877353199428,127.02972351946808,11269.0,32.0,taxi_respawn_71,picked
dyn_pax_2300,11256.0,2026-07-03 12:07:36,504509918#0,residential|restaurant,,511.83203920742636,882.9034728009249,37.49947826486711,127.02656393710718,11352.0,96.0,taxi_49,picked
dyn_pax_2301,11260.0,2026-07-03 12:07:40,521766175#3,company|restaurant|subway_entrance|bus_stop,,373.6701172395771,1298.610217621072,37.50319695740621,127.02490310718325,11460.0,200.0,taxi_respawn_51,picked
dyn_pax_2302,11261.0,2026-07-03 12:07:41,521770119#1,restaurant|bus_stop,,527.3115514435282,995.8620162900467,37.50049875494786,127.02671217090477,11301.0,40.0,taxi_respawn_33,picked
dyn_pax_2303,11271.0,2026-07-03 12:07:51,117790051#2,restaurant,,558.5532373104973,1361.778638311631,37.503800946163,127.02697864469606,11297.0,26.0,taxi_37,picked
dyn_pax_2304,11273.0,2026-07-03 12:07:53,129731857#2,company,,789.9847076009492,845.2662126154856,37.499191732762846,127.02971783662417,11326.0,53.0,taxi_44,picked
dyn_pax_2305,11285.0,2026-07-03 12:08:05,521766175#3,company|restaurant|subway_entrance|bus_stop,,373.6701172395771,1298.610217621072,37.50319695740621,127.02490310718325,11545.0,260.0,taxi_respawn_94,picked
dyn_pax_2306,11293.0,2026-07-03 12:08:13,975332778#1,bus_stop,,681.6099970732737,721.9380561808346,37.49806030190971,127.02852170075586,11382.0,89.0,taxi_3,picked
dyn_pax_2307,11296.0,2026-07-03 12:08:16,218877837#2,company|restaurant|bus_stop,,479.4555212141038,978.0213907550284,37.500328997763305,127.02617530290202,11309.0,13.0,taxi_respawn_85,picked
dyn_pax_2308,11309.0,2026-07-03 12:08:29,-913950883#1,residential|company|restaurant,,391.36286393582424,840.6655979518604,37.49907500229157,127.0252118555046,11350.0,41.0,taxi_respawn_49,picked
dyn_pax_2309,11314.0,2026-07-03 12:08:34,117790041#3,restaurant,,485.8172797724441,1249.4366376844557,37.50277519064896,127.0261828476699,11340.0,26.0,taxi_respawn_84,picked
dyn_pax_2310,11329.0,2026-07-03 12:08:49,1117538957#0,company|restaurant,,312.91680439510856,589.5311930299885,37.49679787270139,127.0243845203811,11353.0,24.0,taxi_respawn_40,picked
dyn_pax_2311,11331.0,2026-07-03 12:08:51,1537068130#0,residential,,915.247444986279,1279.656751811989,37.50312848832193,127.03103134780491,11385.0,54.0,taxi_respawn_30,picked
dyn_pax_2312,11410.0,2026-07-03 12:10:10,305539406,company|restaurant|subway_entrance,,566.389495917364,736.5285064605782,37.49816998085155,127.02721550408178,11632.0,222.0,taxi_respawn_89,picked
dyn_pax_2313,11419.0,2026-07-03 12:10:19,-506191135#2,residential|bus_stop,,236.19733776439384,769.6838415951818,37.49840622577806,127.02347432089968,11811.0,392.0,taxi_respawn_27,picked
dyn_pax_2314,11430.0,2026-07-03 12:10:30,521766175#1,company|restaurant|subway_entrance,,332.9365590021661,1411.5585828157227,37.504206724109,127.02441570308932,11446.0,16.0,taxi_respawn_72,picked
dyn_pax_2315,11435.0,2026-07-03 12:10:35,504509918#0,residential|restaurant,,511.83203920742636,882.9034728009249,37.49947826486711,127.02656393710718,11527.0,92.0,taxi_respawn_80,picked
dyn_pax_2316,11440.0,2026-07-03 12:10:40,-117790039#2,company|restaurant,,1017.0012393074795,990.846024966068,37.5005459641277,127.03225021068775,11450.0,10.0,taxi_respawn_11,picked
dyn_pax_2317,11442.0,2026-07-03 12:10:42,521766180#1,company|restaurant|bus_stop,,466.73410130235357,1169.2838037446552,37.502049542882666,127.02598608796039,11716.0,274.0,taxi_respawn_88,picked
dyn_pax_2318,11450.0,2026-07-03 12:10:50,417933642#0,restaurant|bus_stop,,1041.0954363710525,463.30841921497654,37.49579826441859,127.03264736696761,11484.0,34.0,taxi_8,picked
dyn_pax_2319,11461.0,2026-07-03 12:11:01,1376141183#0,bus_stop,,548.2528111146681,901.2117688498424,37.49965007283687,127.02697139402301,11466.0,5.0,taxi_46,picked
dyn_pax_2320,11475.0,2026-07-03 12:11:15,1011529829#0,school,,381.1393135972994,834.2751815073392,37.49901550234899,127.0250977784903,11482.0,7.0,taxi_respawn_93,picked
dyn_pax_2321,11478.0,2026-07-03 12:11:18,521770119#1,restaurant|bus_stop,,527.3115514435282,995.8620162900467,37.50049875494786,127.02671217090477,11483.0,5.0,taxi_19,picked
dyn_pax_2322,11483.0,2026-07-03 12:11:23,494824662#3,company|restaurant|subway_entrance,,729.424850252167,406.6843378518681,37.49522941823122,127.02913698209235,11533.0,50.0,taxi_respawn_67,picked
dyn_pax_2323,11495.0,2026-07-03 12:11:35,520307304#0,school|subway_entrance|bus_stop,,602.6035134310263,763.145495629718,37.498416594724866,127.02761864854104,11500.0,5.0,taxi_respawn_53,picked
dyn_pax_2324,11500.0,2026-07-03 12:11:40,256787796#0,restaurant,,530.944358998998,1120.7521543106918,37.50162448989409,127.02672362781294,11508.0,8.0,taxi_respawn_64,picked
dyn_pax_2325,11517.0,2026-07-03 12:11:57,218873820#0,restaurant|subway_entrance|bus_stop,,628.9829311132032,562.4061665928522,37.49661325243901,127.02796447999128,11616.0,99.0,taxi_16,picked
dyn_pax_2326,11526.0,2026-07-03 12:12:06,521770119#0,restaurant|bus_stop,,548.9831206778387,935.1148840516827,37.499955620541705,127.02697161236954,11941.0,415.0,taxi_26,picked
dyn_pax_2327,11536.0,2026-07-03 12:12:16,1117538957#3,restaurant|subway_entrance|bus_stop,,465.5082521847807,644.8780924026132,37.49732530507706,127.02609663221197,11561.0,25.0,taxi_respawn_46,picked
dyn_pax_2328,11546.0,2026-07-03 12:12:26,504512001,restaurant,,488.2111633916996,684.0143948730154,37.497682147346794,127.02634403725544,11840.0,294.0,taxi_respawn_98,picked
dyn_pax_2329,11548.0,2026-07-03 12:12:28,541692164#1,subway_entrance,,271.6277521231475,1406.6420105391767,37.5041508337347,127.02372362926798,11709.0,161.0,taxi_respawn_16,picked
dyn_pax_2330,11559.0,2026-07-03 12:12:39,375049565#6,restaurant|subway_entrance|bus_stop,,789.5153251748014,798.8522330112556,37.49877353199428,127.02972351946808,11627.0,68.0,taxi_respawn_95,picked
dyn_pax_2331,11579.0,2026-07-03 12:12:59,1376141183#0,bus_stop,,548.2528111146681,901.2117688498424,37.49965007283687,127.02697139402301,11980.0,401.0,taxi_48,picked
dyn_pax_2332,11586.0,2026-07-03 12:13:06,-506191135#22,residential|company|restaurant|bus_stop,,38.693950105848444,1321.9513167019495,37.50334380565249,127.02110990869835,11621.0,35.0,taxi_respawn_20,picked
dyn_pax_2333,11593.0,2026-07-03 12:13:13,521770119#0,restaurant|bus_stop,,548.9831206778387,935.1148840516827,37.499955620541705,127.02697161236954,11946.0,353.0,taxi_24,picked
dyn_pax_2334,11594.0,2026-07-03 12:13:14,506191135#3,residential|company|restaurant|bus_stop,,238.79972345576414,789.4714057742513,37.49858497042428,127.023499044737,11605.0,11.0,taxi_respawn_9,picked
dyn_pax_2335,11596.0,2026-07-03 12:13:16,-506191135#22,residential|company|restaurant|bus_stop,,38.693950105848444,1321.9513167019495,37.50334380565249,127.02110990869835,11638.0,42.0,taxi_respawn_7,picked
dyn_pax_2336,11616.0,2026-07-03 12:13:36,218877837#0,company,,455.71990885566936,1045.563527646426,37.50093295148158,127.02589090425857,11918.0,302.0,taxi_respawn_75,picked
dyn_pax_2337,11621.0,2026-07-03 12:13:41,-26163000#1,restaurant,,613.3034084576574,1234.0026207389662,37.50266024308643,127.02762801542576,11638.0,17.0,taxi_respawn_34,picked
dyn_pax_2338,11639.0,2026-07-03 12:13:59,-129731721#2,company|restaurant,,388.6558839574922,820.9778890483499,37.49889713764622,127.02518592115393,11677.0,38.0,taxi_respawn_97,picked
dyn_pax_2339,11682.0,2026-07-03 12:14:42,-417750336#3,school|company,,868.1859178511071,948.5147012398835,37.50013657861005,127.03057759421064,11701.0,19.0,taxi_respawn_40,picked
dyn_pax_2340,11696.0,2026-07-03 12:14:56,494824662#3,company|restaurant|subway_entrance,,729.424850252167,406.6843378518681,37.49522941823122,127.02913698209235,11723.0,27.0,taxi_respawn_49,picked
dyn_pax_2341,11702.0,2026-07-03 12:15:02,-417933642#1,restaurant,,972.7851169931362,629.1778231901285,37.49727960321316,127.03183581048214,11865.0,163.0,taxi_respawn_101,picked
dyn_pax_2342,11710.0,2026-07-03 12:15:10,975332778#1,bus_stop,,681.6099970732737,721.9380561808346,37.49806030190971,127.02852170075586,11735.0,25.0,taxi_respawn_85,picked
dyn_pax_2343,11732.0,2026-07-03 12:15:32,-504227066#3,restaurant,,449.3214735737982,636.1754008755333,37.497243849267164,127.02591568328045,11856.0,124.0,taxi_respawn_94,picked
dyn_pax_2344,11733.0,2026-07-03 12:15:33,1229817205#0,company|subway_entrance|bus_stop,,599.2457558679199,652.2907550986157,37.497417346160496,127.02760695963683,11826.0,93.0,taxi_respawn_67,picked
dyn_pax_2345,11735.0,2026-07-03 12:15:35,417933645#0,residential|restaurant,,823.1026288816429,385.61625104994533,37.49505730126708,127.03020109557775,11797.0,62.0,taxi_30,picked
dyn_pax_2346,11758.0,2026-07-03 12:15:58,375049565#6,restaurant|subway_entrance|bus_stop,,789.5153251748014,798.8522330112556,37.49877353199428,127.02972351946808,11763.0,5.0,taxi_respawn_86,picked
dyn_pax_2347,11772.0,2026-07-03 12:16:12,504512001,restaurant,,488.2111633916996,684.0143948730154,37.497682147346794,127.02634403725544,12108.0,336.0,taxi_respawn_59,picked
dyn_pax_2348,11783.0,2026-07-03 12:16:23,-506191135#2,residential|bus_stop,,236.19733776439384,769.6838415951818,37.49840622577806,127.02347432089968,11992.0,209.0,taxi_respawn_64,picked
dyn_pax_2349,11800.0,2026-07-03 12:16:40,1229817205#0,company|subway_entrance|bus_stop,,599.2457558679199,652.2907550986157,37.497417346160496,127.02760695963683,11816.0,16.0,taxi_respawn_55,picked
dyn_pax_2350,11806.0,2026-07-03 12:16:46,1376141182#0,bus_stop,,385.7154046370183,1301.0311255965628,37.50322104370192,127.02503873135461,11819.0,13.0,taxi_respawn_37,picked
dyn_pax_2351,11834.0,2026-07-03 12:17:14,975332778#1,bus_stop,,681.6099970732737,721.9380561808346,37.49806030190971,127.02852170075586,11917.0,83.0,taxi_18,picked
dyn_pax_2352,11850.0,2026-07-03 12:17:30,1117538957#3,restaurant|subway_entrance|bus_stop,,465.5082521847807,644.8780924026132,37.49732530507706,127.02609663221197,11859.0,9.0,taxi_46,picked
dyn_pax_2353,11868.0,2026-07-03 12:17:48,-506191135#2,residential|bus_stop,,236.19733776439384,769.6838415951818,37.49840622577806,127.02347432089968,11957.0,89.0,taxi_respawn_7,picked
dyn_pax_2354,11884.0,2026-07-03 12:18:04,417933642#0,restaurant|bus_stop,,1041.0954363710525,463.30841921497654,37.49579826441859,127.03264736696761,11927.0,43.0,taxi_respawn_23,picked
dyn_pax_2355,11895.0,2026-07-03 12:18:15,520307304#0,school|subway_entrance|bus_stop,,602.6035134310263,763.145495629718,37.498416594724866,127.02761864854104,11937.0,42.0,taxi_respawn_17,picked
dyn_pax_2356,11909.0,2026-07-03 12:18:29,1376141182#0,bus_stop,,385.7154046370183,1301.0311255965628,37.50322104370192,127.02503873135461,12173.0,264.0,taxi_25,picked
dyn_pax_2357,11911.0,2026-07-03 12:18:31,379463130#0,restaurant,,544.1425087303844,1128.5419490598922,37.501697156429024,127.02687101205116,11943.0,32.0,taxi_respawn_54,picked
dyn_pax_2358,11918.0,2026-07-03 12:18:38,1117538958#3,bus_stop,,160.18899290588462,540.6019911995099,37.49632820280781,127.02266936696756,12003.0,85.0,taxi_31,picked
dyn_pax_2359,11932.0,2026-07-03 12:18:52,521766175#3,company|restaurant|subway_entrance|bus_stop,,373.6701172395771,1298.610217621072,37.50319695740621,127.02490310718325,12178.0,246.0,taxi_respawn_86,picked
dyn_pax_2360,11979.0,2026-07-03 12:19:39,-117790051#4,restaurant,,448.3479635094145,1379.7889979949318,37.50394236073409,127.02572824341395,12107.0,128.0,taxi_10,picked
dyn_pax_2361,11982.0,2026-07-03 12:19:42,379232155,restaurant,,946.0567570824509,480.05346239194995,37.49593120335224,127.03156888346594,12020.0,38.0,taxi_respawn_41,picked
dyn_pax_2362,11985.0,2026-07-03 12:19:45,521766175#3,company|restaurant|subway_entrance|bus_stop,,373.6701172395771,1298.610217621072,37.50319695740621,127.02490310718325,12273.0,288.0,taxi_respawn_61,picked
dyn_pax_2363,11997.0,2026-07-03 12:19:57,-506191135#2,residential|bus_stop,,236.19733776439384,769.6838415951818,37.49840622577806,127.02347432089968,12014.0,17.0,taxi_respawn_58,picked
dyn_pax_2364,11999.0,2026-07-03 12:19:59,218857636#1,residential|company|restaurant|bus_stop,,297.92905089287035,623.2061345250047,37.49709839153085,127.02420706961871,12525.0,526.0,taxi_49,picked
dyn_pax_2365,12013.0,2026-07-03 12:20:13,-541692164#2,subway_entrance,,317.7122087179151,1441.0296574375257,37.504469327730426,127.0242365566347,12617.0,604.0,taxi_8,picked
dyn_pax_2366,12021.0,2026-07-03 12:20:21,1117538957#3,restaurant|subway_entrance|bus_stop,,465.5082521847807,644.8780924026132,37.49732530507706,127.02609663221197,12452.0,431.0,taxi_respawn_105,picked
dyn_pax_2367,12030.0,2026-07-03 12:20:30,521770119#1,restaurant|bus_stop,,527.3115514435282,995.8620162900467,37.50049875494786,127.02671217090477,12033.0,3.0,taxi_respawn_25,picked
dyn_pax_2368,12047.0,2026-07-03 12:20:47,521770116#2,company|restaurant|bus_stop,,432.3182248087171,1108.514093563608,37.50149560521279,127.02561136613096,12293.0,246.0,taxi_respawn_87,picked
dyn_pax_2369,12055.0,2026-07-03 12:20:55,417933642#0,restaurant|bus_stop,,1041.0954363710525,463.30841921497654,37.49579826441859,127.03264736696761,12099.0,44.0,taxi_respawn_89,picked
dyn_pax_2370,12080.0,2026-07-03 12:21:20,218873820#0,restaurant|subway_entrance|bus_stop,,628.9829311132032,562.4061665928522,37.49661325243901,127.02796447999128,12158.0,78.0,taxi_respawn_16,picked
dyn_pax_2371,12092.0,2026-07-03 12:21:32,-504509918#2,company|restaurant|bus_stop,,398.9694242295193,827.4758220967593,37.49895762305832,127.02530099003066,12114.0,22.0,taxi_3,picked
dyn_pax_2372,12094.0,2026-07-03 12:21:34,375049565#6,restaurant|subway_entrance|bus_stop,,789.5153251748014,798.8522330112556,37.49877353199428,127.02972351946808,12113.0,19.0,taxi_19,picked
dyn_pax_2373,12100.0,2026-07-03 12:21:40,129731859#1,restaurant,,770.318180095484,905.1374216517651,37.499727361620906,127.02948129560598,12182.0,82.0,taxi_0,picked
dyn_pax_2374,12116.0,2026-07-03 12:21:56,375049565#6,restaurant|subway_entrance|bus_stop,,789.5153251748014,798.8522330112556,37.49877353199428,127.02972351946808,12122.0,6.0,taxi_respawn_93,picked
dyn_pax_2375,12145.0,2026-07-03 12:22:25,-256787796#1,restaurant,,578.741609978934,1014.5790766049616,37.500677080058935,127.02728924469663,12276.0,131.0,taxi_respawn_13,picked
dyn_pax_2376,12148.0,2026-07-03 12:22:28,-379463134#6,restaurant,,651.5506250710082,1319.679135788758,37.50343926652266,127.02804017641046,12165.0,17.0,taxi_respawn_23,picked
dyn_pax_2377,12175.0,2026-07-03 12:22:55,218877837#2,company|restaurant|bus_stop,,479.4555212141038,978.0213907550284,37.500328997763305,127.02617530290202,12464.0,289.0,taxi_37,picked
dyn_pax_2378,12181.0,2026-07-03 12:23:01,520307304#0,school|subway_entrance|bus_stop,,602.6035134310263,763.145495629718,37.498416594724866,127.02761864854104,12206.0,25.0,taxi_respawn_76,picked
dyn_pax_2379,12226.0,2026-07-03 12:23:46,218857636#1,residential|company|restaurant|bus_stop,,297.92905089287035,623.2061345250047,37.49709839153085,127.02420706961871,12264.0,38.0,taxi_respawn_107,picked
dyn_pax_2380,12244.0,2026-07-03 12:24:04,521766175#3,company|restaurant|subway_entrance|bus_stop,,373.6701172395771,1298.610217621072,37.50319695740621,127.02490310718325,12249.0,5.0,taxi_respawn_54,picked
dyn_pax_2381,12268.0,2026-07-03 12:24:28,178441450#1,residential|company|restaurant|bus_stop,,282.90243066757296,609.4157395563556,37.496971320837204,127.02404044855805,12698.0,430.0,taxi_respawn_90,picked
dyn_pax_2382,12302.0,2026-07-03 12:25:02,504227069,residential|restaurant,,587.1158993285404,291.7776336445087,37.494167438547194,127.02755526357365,12373.0,71.0,taxi_30,picked
dyn_pax_2383,12307.0,2026-07-03 12:25:07,-376649996#1,company,,349.947152138941,1.6182517984103069,37.49150877654974,127.02494272030683,12457.0,150.0,taxi_respawn_58,picked
dyn_pax_2384,12375.0,2026-07-03 12:26:15,417933645#0,residential|restaurant,,823.1026288816429,385.61625104994533,37.49505730126708,127.03020109557775,12417.0,42.0,taxi_respawn_42,picked
dyn_pax_2385,12380.0,2026-07-03 12:26:20,504509918#0,residential|restaurant,,511.83203920742636,882.9034728009249,37.49947826486711,127.02656393710718,12432.0,52.0,taxi_24,picked
dyn_pax_2386,12419.0,2026-07-03 12:26:59,520307304#0,school|subway_entrance|bus_stop,,602.6035134310263,763.145495629718,37.498416594724866,127.02761864854104,12436.0,17.0,taxi_28,picked
dyn_pax_2387,12423.0,2026-07-03 12:27:03,379232155,restaurant,,946.0567570824509,480.05346239194995,37.49593120335224,127.03156888346594,12472.0,49.0,taxi_respawn_93,picked
dyn_pax_2388,12443.0,2026-07-03 12:27:23,417933645#2,residential|company|restaurant,,757.7944798520502,568.4010952306102,37.496691568512986,127.02941943794849,12482.0,39.0,taxi_respawn_86,picked
dyn_pax_2389,12455.0,2026-07-03 12:27:35,523141074#0,company|restaurant|subway_entrance,,524.0338794858329,871.4890157117229,37.4993777454413,127.02670460634431,12787.0,332.0,taxi_respawn_47,picked
dyn_pax_2390,12461.0,2026-07-03 12:27:41,521766175#1,company|restaurant|subway_entrance,,332.9365590021661,1411.5585828157227,37.504206724109,127.02441570308932,12548.0,87.0,taxi_18,picked
dyn_pax_2391,12486.0,2026-07-03 12:28:06,305539406,company|restaurant|subway_entrance,,566.389495917364,736.5285064605782,37.49816998085155,127.02721550408178,12891.0,405.0,taxi_48,picked
dyn_pax_2392,12498.0,2026-07-03 12:28:18,1117538958#2,company,,104.12900552775619,520.131995808405,37.496133188537314,127.02204040818502,12537.0,39.0,taxi_36,picked
dyn_pax_2393,12506.0,2026-07-03 12:28:26,-504509918#2,company|restaurant|bus_stop,,398.9694242295193,827.4758220967593,37.49895762305832,127.02530099003066,12552.0,46.0,taxi_respawn_41,picked
dyn_pax_2394,12516.0,2026-07-03 12:28:36,1117538957#3,restaurant|subway_entrance|bus_stop,,465.5082521847807,644.8780924026132,37.49732530507706,127.02609663221197,12573.0,57.0,taxi_respawn_75,picked
dyn_pax_2395,12520.0,2026-07-03 12:28:40,521766175#3,company|restaurant|subway_entrance|bus_stop,,373.6701172395771,1298.610217621072,37.50319695740621,127.02490310718325,12527.0,7.0,taxi_19,picked
dyn_pax_2396,12534.0,2026-07-03 12:28:54,521766175#3,company|restaurant|subway_entrance|bus_stop,,373.6701172395771,1298.610217621072,37.50319695740621,127.02490310718325,12716.0,182.0,taxi_respawn_77,picked
dyn_pax_2397,12561.0,2026-07-03 12:29:21,-309155295#1,residential|restaurant,,820.2174803017108,588.0239695218922,37.496880113093034,127.03012056506905,12613.0,52.0,taxi_respawn_108,picked
dyn_pax_2398,12581.0,2026-07-03 12:29:41,805827757#0,restaurant,,762.3138727549854,912.1862152730512,37.49978934916138,127.02938912364917,12603.0,22.0,taxi_3,picked
dyn_pax_2399,12589.0,2026-07-03 12:29:49,-506191135#22,residential|company|restaurant|bus_stop,,38.693950105848444,1321.9513167019495,37.50334380565249,127.02110990869835,12617.0,28.0,taxi_respawn_94,picked
dyn_pax_2400,12590.0,2026-07-03 12:29:50,975332778#1,bus_stop,,681.6099970732737,721.9380561808346,37.49806030190971,127.02852170075586,12657.0,67.0,taxi_respawn_103,picked
dyn_pax_2401,12592.0,2026-07-03 12:29:52,521766180#1,company|restaurant|bus_stop,,466.73410130235357,1169.2838037446552,37.502049542882666,127.02598608796039,12892.0,300.0,taxi_respawn_30,picked
dyn_pax_2402,12606.0,2026-07-03 12:30:06,480850873,company|restaurant|bus_stop,,548.1935052770749,708.5896639848544,37.49791486187585,127.0270163956136,12734.0,128.0,taxi_respawn_67,picked
dyn_pax_2403,12617.0,2026-07-03 12:30:17,129731720#0,residential|company|restaurant,,292.10678712231254,1113.150773394943,37.50151085547559,127.02402489828896,13125.0,508.0,taxi_respawn_80,picked
dyn_pax_2404,12634.0,2026-07-03 12:30:34,309155295#0,company|restaurant,,688.2712938579457,529.5739965525526,37.49632868191341,127.02864258735015,12687.0,53.0,taxi_30,picked
dyn_pax_2405,12642.0,2026-07-03 12:30:42,-256787796#1,restaurant,,578.741609978934,1014.5790766049616,37.500677080058935,127.02728924469663,12648.0,6.0,taxi_respawn_61,picked
dyn_pax_2406,12643.0,2026-07-03 12:30:43,1117538957#3,restaurant|subway_entrance|bus_stop,,465.5082521847807,644.8780924026132,37.49732530507706,127.02609663221197,12808.0,165.0,taxi_respawn_101,picked
dyn_pax_2407,12660.0,2026-07-03 12:31:00,218873820#0,restaurant|subway_entrance|bus_stop,,628.9829311132032,562.4061665928522,37.49661325243901,127.02796447999128,12708.0,48.0,taxi_respawn_26,picked
dyn_pax_2408,12662.0,2026-07-03 12:31:02,541692164#1,subway_entrance,,271.6277521231475,1406.6420105391767,37.5041508337347,127.02372362926798,12700.0,38.0,taxi_respawn_76,picked
dyn_pax_2409,12674.0,2026-07-03 12:31:14,521770119#0,restaurant|bus_stop,,548.9831206778387,935.1148840516827,37.499955620541705,127.02697161236954,12757.0,83.0,taxi_respawn_20,picked
dyn_pax_2410,12676.0,2026-07-03 12:31:16,1117538957#3,restaurant|subway_entrance|bus_stop,,465.5082521847807,644.8780924026132,37.49732530507706,127.02609663221197,12889.0,213.0,taxi_37,picked
dyn_pax_2411,12682.0,2026-07-03 12:31:22,-129731721#2,company|restaurant,,388.6558839574922,820.9778890483499,37.49889713764622,127.02518592115393,12697.0,15.0,taxi_respawn_53,picked
dyn_pax_2412,12690.0,2026-07-03 12:31:30,417933642#0,restaurant|bus_stop,,1041.0954363710525,463.30841921497654,37.49579826441859,127.03264736696761,12708.0,18.0,taxi_respawn_84,picked
dyn_pax_2413,12707.0,2026-07-03 12:31:47,129731859#6,restaurant,,984.8051641629477,982.1134039896856,37.50046123095764,127.0318882391282,12723.0,16.0,taxi_respawn_86,picked
dyn_pax_2414,12743.0,2026-07-03 12:32:23,417933646#2,residential|restaurant,,830.3119525357222,594.5819430897021,37.496941093289735,127.0302331440542,12778.0,35.0,taxi_16,picked
dyn_pax_2415,12769.0,2026-07-03 12:32:49,521770119#1,restaurant|bus_stop,,527.3115514435282,995.8620162900467,37.50049875494786,127.02671217090477,12884.0,115.0,taxi_24,picked
dyn_pax_2416,12777.0,2026-07-03 12:32:57,480850873,company|restaurant|bus_stop,,548.1935052770749,708.5896639848544,37.49791486187585,127.0270163956136,13003.0,226.0,taxi_respawn_72,picked
dyn_pax_2417,12796.0,2026-07-03 12:33:16,1056882877#3,residential|company|restaurant,,365.79280968467333,433.0557487307964,37.495398294451746,127.02501948586043,12817.0,21.0,taxi_respawn_54,picked
dyn_pax_2418,12864.0,2026-07-03 12:34:24,117790041#2,restaurant,,441.66460303662666,1376.669936706078,37.50391299976682,127.0256534125234,12893.0,29.0,taxi_respawn_104,picked
dyn_pax_2419,12886.0,2026-07-03 12:34:46,129731720#0,residential|company|restaurant,,292.10678712231254,1113.150773394943,37.50151085547559,127.02402489828896,13398.0,512.0,taxi_respawn_64,picked
dyn_pax_2420,12904.0,2026-07-03 12:35:04,218864491#0,restaurant|bus_stop,,769.9803916976219,760.1217113917903,37.49842094941813,127.02951181742357,12931.0,27.0,taxi_respawn_23,picked
dyn_pax_2421,12919.0,2026-07-03 12:35:19,-129731857#1,restaurant,,773.0987126859483,849.1784152186673,37.4992237894183,127.02952598601298,12961.0,42.0,taxi_respawn_100,picked
dyn_pax_2422,12948.0,2026-07-03 12:35:48,305539406,company|restaurant|subway_entrance,,566.389495917364,736.5285064605782,37.49816998085155,127.02721550408178,13074.0,126.0,taxi_10,picked
dyn_pax_2423,12954.0,2026-07-03 12:35:54,-129731858#1,restaurant,,779.3164249772793,838.8541978668718,37.49913195860003,127.0295987323456,13069.0,115.0,taxi_respawn_62,picked
dyn_pax_2424,12970.0,2026-07-03 12:36:10,480850873,company|restaurant|bus_stop,,548.1935052770749,708.5896639848544,37.49791486187585,127.0270163956136,13094.0,124.0,taxi_27,picked
dyn_pax_2425,12976.0,2026-07-03 12:36:16,-417933645#2,company|restaurant|subway_entrance,,701.1658676593129,719.5455833044954,37.49804244093877,127.02874337560036,13058.0,82.0,taxi_8,picked
dyn_pax_2426,12990.0,2026-07-03 12:36:30,1229817205#0,company|subway_entrance|bus_stop,,599.2457558679199,652.2907550986157,37.497417346160496,127.02760695963683,13062.0,72.0,taxi_respawn_110,picked
dyn_pax_2427,13007.0,2026-07-03 12:36:47,480850873,company|restaurant|bus_stop,,548.1935052770749,708.5896639848544,37.49791486187585,127.0270163956136,13188.0,181.0,taxi_respawn_92,picked
dyn_pax_2428,13012.0,2026-07-03 12:36:52,-129731717#1,residential|company|restaurant,,188.433090102474,1374.3511058470413,37.503844200149025,127.0227905913032,13227.0,215.0,taxi_14,picked
dyn_pax_2429,13026.0,2026-07-03 12:37:06,-506191135#22,residential|company|restaurant|bus_stop,,38.693950105848444,1321.9513167019495,37.50334380565249,127.02110990869835,13430.0,404.0,taxi_19,picked
dyn_pax_2430,13035.0,2026-07-03 12:37:15,506191135#3,residential|company|restaurant|bus_stop,,238.79972345576414,789.4714057742513,37.49858497042428,127.023499044737,13072.0,37.0,taxi_respawn_49,picked
dyn_pax_2431,13045.0,2026-07-03 12:37:25,417933645#2,residential|company|restaurant,,757.7944798520502,568.4010952306102,37.496691568512986,127.02941943794849,13087.0,42.0,taxi_respawn_85,picked
dyn_pax_2432,13058.0,2026-07-03 12:37:38,-379463134#6,restaurant,,651.5506250710082,1319.679135788758,37.50343926652266,127.02804017641046,13091.0,33.0,taxi_respawn_30,picked
dyn_pax_2433,13085.0,2026-07-03 12:38:05,1376141183#0,bus_stop,,548.2528111146681,901.2117688498424,37.49965007283687,127.02697139402301,13170.0,85.0,taxi_16,picked
dyn_pax_2434,13088.0,2026-07-03 12:38:08,1376141182#0,bus_stop,,385.7154046370183,1301.0311255965628,37.50322104370192,127.02503873135461,13527.0,439.0,taxi_respawn_90,picked
dyn_pax_2435,13113.0,2026-07-03 12:38:33,523141074#0,company|restaurant|subway_entrance,,524.0338794858329,871.4890157117229,37.4993777454413,127.02670460634431,13329.0,216.0,taxi_24,picked
dyn_pax_2436,13113.0,2026-07-03 12:38:33,-557469300#1,restaurant,,739.5265057687212,1049.0561556697721,37.5010180173999,127.02909905278416,13174.0,61.0,taxi_respawn_99,picked
dyn_pax_2437,13133.0,2026-07-03 12:38:53,417750337#3,restaurant,,561.9223834850405,1183.7905002369655,37.50219821136863,127.02705894855978,,,,unpicked
dyn_pax_2438,13138.0,2026-07-03 12:38:58,178441450#1,residential|company|restaurant|bus_stop,,282.90243066757296,609.4157395563556,37.496971320837204,127.02404044855805,13148.0,10.0,taxi_31,picked
dyn_pax_2439,13184.0,2026-07-03 12:39:44,-1011529829#3,residential|restaurant,,246.84006179949273,776.1178104815556,37.49846619888778,127.02359312469504,13275.0,91.0,taxi_respawn_7,picked
dyn_pax_2440,13192.0,2026-07-03 12:39:52,375049565#6,restaurant|subway_entrance|bus_stop,,789.5153251748014,798.8522330112556,37.49877353199428,127.02972351946808,13199.0,7.0,taxi_respawn_107,picked
dyn_pax_2441,13203.0,2026-07-03 12:40:03,541692164#1,subway_entrance,,271.6277521231475,1406.6420105391767,37.5041508337347,127.02372362926798,13237.0,34.0,taxi_respawn_79,picked
dyn_pax_2442,13208.0,2026-07-03 12:40:08,-506191135#22,residential|company|restaurant|bus_stop,,38.693950105848444,1321.9513167019495,37.50334380565249,127.02110990869835,13252.0,44.0,taxi_respawn_25,picked
dyn_pax_2443,13214.0,2026-07-03 12:40:14,305539406,company|restaurant|subway_entrance,,566.389495917364,736.5285064605782,37.49816998085155,127.02721550408178,13353.0,139.0,taxi_respawn_75,picked
dyn_pax_2444,13220.0,2026-07-03 12:40:20,494824662#3,company|restaurant|subway_entrance,,729.424850252167,406.6843378518681,37.49522941823122,127.02913698209235,13269.0,49.0,taxi_respawn_85,picked
dyn_pax_2445,13224.0,2026-07-03 12:40:24,-117790039#2,company|restaurant,,1017.0012393074795,990.846024966068,37.5005459641277,127.03225021068775,13240.0,16.0,taxi_respawn_23,picked
dyn_pax_2446,13226.0,2026-07-03 12:40:26,-117790045#1,restaurant,,534.0975884889299,1266.9858058167179,37.502942402865294,127.02672459950128,13243.0,17.0,taxi_respawn_77,picked
dyn_pax_2447,13234.0,2026-07-03 12:40:34,1376141183#0,bus_stop,,548.2528111146681,901.2117688498424,37.49965007283687,127.02697139402301,13296.0,62.0,taxi_respawn_82,picked
dyn_pax_2448,13244.0,2026-07-03 12:40:44,305539406,company|restaurant|subway_entrance,,566.389495917364,736.5285064605782,37.49816998085155,127.02721550408178,13358.0,114.0,taxi_respawn_61,picked
dyn_pax_2449,13254.0,2026-07-03 12:40:54,-379463134#6,restaurant,,651.5506250710082,1319.679135788758,37.50343926652266,127.02804017641046,13430.0,176.0,taxi_25,picked
dyn_pax_2450,13257.0,2026-07-03 12:40:57,1117538957#3,restaurant|subway_entrance|bus_stop,,465.5082521847807,644.8780924026132,37.49732530507706,127.02609663221197,13344.0,87.0,taxi_respawn_73,picked
dyn_pax_2451,13274.0,2026-07-03 12:41:14,-504227067#3,restaurant,,527.7289520354611,471.5483450335965,37.495775653483,127.02684121970124,13354.0,80.0,taxi_respawn_106,picked
dyn_pax_2452,13284.0,2026-07-03 12:41:24,-417933645#2,company|restaurant|subway_entrance,,701.1658676593129,719.5455833044954,37.49804244093877,127.02874337560036,13474.0,190.0,taxi_respawn_34,picked
dyn_pax_2453,13318.0,2026-07-03 12:41:58,1229817205#0,company|subway_entrance|bus_stop,,599.2457558679199,652.2907550986157,37.497417346160496,127.02760695963683,13410.0,92.0,taxi_respawn_114,picked
dyn_pax_2454,13326.0,2026-07-03 12:42:06,506191135#3,residential|company|restaurant|bus_stop,,238.79972345576414,789.4714057742513,37.49858497042428,127.023499044737,13343.0,17.0,taxi_3,picked
dyn_pax_2455,13340.0,2026-07-03 12:42:20,1229817205#0,company|subway_entrance|bus_stop,,599.2457558679199,652.2907550986157,37.497417346160496,127.02760695963683,13355.0,15.0,taxi_respawn_100,picked
dyn_pax_2456,13345.0,2026-07-03 12:42:25,504512001,restaurant,,488.2111633916996,684.0143948730154,37.497682147346794,127.02634403725544,13348.0,3.0,taxi_8,picked
dyn_pax_2457,13348.0,2026-07-03 12:42:28,521770116#2,company|restaurant|bus_stop,,432.3182248087171,1108.514093563608,37.50149560521279,127.02561136613096,13533.0,185.0,taxi_respawn_104,picked
dyn_pax_2458,13352.0,2026-07-03 12:42:32,-417750336#3,school|company,,868.1859178511071,948.5147012398835,37.50013657861005,127.03057759421064,13389.0,37.0,taxi_respawn_41,picked
dyn_pax_2459,13360.0,2026-07-03 12:42:40,-1537068129#0,restaurant,,962.1540281232122,1146.7630824504436,37.50194018104768,127.03159317410272,13367.0,7.0,taxi_respawn_110,picked
dyn_pax_2460,13363.0,2026-07-03 12:42:43,-417933646#4,company|restaurant,,761.9867537178288,747.7080569325292,37.49830761500862,127.02942437673002,13470.0,107.0,taxi_respawn_105,picked
dyn_pax_2461,13365.0,2026-07-03 12:42:45,-542367267#1,bus_stop,,247.51018316686128,1414.7184918773391,37.504219024473855,127.02344900430944,13508.0,143.0,taxi_respawn_92,picked
dyn_pax_2462,13370.0,2026-07-03 12:42:50,521766180#1,company|restaurant|bus_stop,,466.73410130235357,1169.2838037446552,37.502049542882666,127.02598608796039,13436.0,66.0,taxi_0,picked
dyn_pax_2463,13373.0,2026-07-03 12:42:53,-542367267#1,bus_stop,,247.51018316686128,1414.7184918773391,37.504219024473855,127.02344900430944,13418.0,45.0,taxi_36,picked
dyn_pax_2464,13405.0,2026-07-03 12:43:25,117790041#3,restaurant,,485.8172797724441,1249.4366376844557,37.50277519064896,127.0261828476699,13422.0,17.0,taxi_respawn_42,picked
dyn_pax_2465,13446.0,2026-07-03 12:44:06,480850873,company|restaurant|bus_stop,,548.1935052770749,708.5896639848544,37.49791486187585,127.0270163956136,13635.0,189.0,taxi_respawn_76,picked
dyn_pax_2466,13452.0,2026-07-03 12:44:12,506191135#3,residential|company|restaurant|bus_stop,,238.79972345576414,789.4714057742513,37.49858497042428,127.023499044737,13477.0,25.0,taxi_respawn_54,picked
dyn_pax_2467,13468.0,2026-07-03 12:44:28,129731720#0,residential|company|restaurant,,292.10678712231254,1113.150773394943,37.50151085547559,127.02402489828896,13512.0,44.0,taxi_respawn_30,picked
dyn_pax_2468,13477.0,2026-07-03 12:44:37,218857636#1,residential|company|restaurant|bus_stop,,297.92905089287035,623.2061345250047,37.49709839153085,127.02420706961871,13508.0,31.0,taxi_27,picked
dyn_pax_2469,13494.0,2026-07-03 12:44:54,129731721#0,company|restaurant,,451.4485582282947,673.334514427724,37.497578992002325,127.0259309178301,13823.0,329.0,taxi_respawn_23,picked
dyn_pax_2470,13496.0,2026-07-03 12:44:56,805827756#0,restaurant,,725.8600087193602,932.9429066344904,37.49996945301828,127.02897203227693,13512.0,16.0,taxi_respawn_25,picked
dyn_pax_2471,13499.0,2026-07-03 12:44:59,504227069,residential|restaurant,,587.1158993285404,291.7776336445087,37.494167438547194,127.02755526357365,13630.0,131.0,taxi_30,picked
dyn_pax_2472,13504.0,2026-07-03 12:45:04,129731721#0,company|restaurant,,451.4485582282947,673.334514427724,37.497578992002325,127.0259309178301,14003.0,499.0,taxi_37,picked
dyn_pax_2473,13506.0,2026-07-03 12:45:06,-417750337#1,restaurant,,620.0756768942672,1248.4347545200121,37.5027915312318,127.02770116938098,13519.0,13.0,taxi_respawn_79,picked
dyn_pax_2474,13521.0,2026-07-03 12:45:21,521770116#2,company|restaurant|bus_stop,,432.3182248087171,1108.514093563608,37.50149560521279,127.02561136613096,13981.0,460.0,taxi_respawn_77,picked
dyn_pax_2475,13526.0,2026-07-03 12:45:26,-506191135#22,residential|company|restaurant|bus_stop,,38.693950105848444,1321.9513167019495,37.50334380565249,127.02110990869835,13543.0,17.0,taxi_respawn_115,picked
dyn_pax_2476,13536.0,2026-07-03 12:45:36,417731530,company|restaurant,,191.66975375905443,1429.5779711342507,37.5043423120142,127.02281406437154,13666.0,130.0,taxi_respawn_8,picked
dyn_pax_2477,13542.0,2026-07-03 12:45:42,521766175#1,company|restaurant|subway_entrance,,332.9365590021661,1411.5585828157227,37.504206724109,127.02441570308932,13791.0,249.0,taxi_25,picked
dyn_pax_2478,13547.0,2026-07-03 12:45:47,-417933646#1,residential|restaurant,,826.6019869456061,577.8075382253838,37.49678928421788,127.03019516859905,13562.0,15.0,taxi_respawn_61,picked
dyn_pax_2479,13553.0,2026-07-03 12:45:53,506191135#3,residential|company|restaurant|bus_stop,,238.79972345576414,789.4714057742513,37.49858497042428,127.023499044737,13630.0,77.0,taxi_respawn_13,picked
dyn_pax_2480,13557.0,2026-07-03 12:45:57,417933646#0,restaurant,,894.2617302193242,410.3206078764906,37.49529326349135,127.03099977850056,13589.0,32.0,taxi_48,picked
dyn_pax_2481,13564.0,2026-07-03 12:46:04,1229817205#1,residential|bus_stop,,631.6400080768872,572.7061575261558,37.49670653972221,127.02799208080955,13600.0,36.0,taxi_14,picked
dyn_pax_2482,13567.0,2026-07-03 12:46:07,521770119#0,restaurant|bus_stop,,548.9831206778387,935.1148840516827,37.499955620541705,127.02697161236954,13657.0,90.0,taxi_respawn_113,picked
dyn_pax_2483,13575.0,2026-07-03 12:46:15,-542367267#1,bus_stop,,247.51018316686128,1414.7184918773391,37.504219024473855,127.02344900430944,13597.0,22.0,taxi_31,picked
dyn_pax_2484,13578.0,2026-07-03 12:46:18,480850873,company|restaurant|bus_stop,,548.1935052770749,708.5896639848544,37.49791486187585,127.0270163956136,13642.0,64.0,taxi_respawn_62,picked
dyn_pax_2485,13579.0,2026-07-03 12:46:19,-379232133,restaurant,,887.8909311741835,528.8139035551092,37.496359489964284,127.03089971288236,13601.0,22.0,taxi_respawn_94,picked
dyn_pax_2486,13586.0,2026-07-03 12:46:26,975332778#1,bus_stop,,681.6099970732737,721.9380561808346,37.49806030190971,127.02852170075586,13613.0,27.0,taxi_11,picked
dyn_pax_2487,13595.0,2026-07-03 12:46:35,523141074#0,company|restaurant|subway_entrance,,524.0338794858329,871.4890157117229,37.4993777454413,127.02670460634431,13610.0,15.0,taxi_respawn_53,picked
dyn_pax_2488,13610.0,2026-07-03 12:46:50,-417750337#4,restaurant,,542.6552277079157,1139.0745154802132,37.5017917560025,127.02685169754334,13783.0,173.0,taxi_respawn_9,picked
dyn_pax_2489,13615.0,2026-07-03 12:46:55,-129731858#1,restaurant,,779.3164249772793,838.8541978668718,37.49913195860003,127.0295987323456,13714.0,99.0,taxi_respawn_116,picked
dyn_pax_2490,13626.0,2026-07-03 12:47:06,1376141183#0,bus_stop,,548.2528111146681,901.2117688498424,37.49965007283687,127.02697139402301,13671.0,45.0,taxi_respawn_110,picked
dyn_pax_2491,13635.0,2026-07-03 12:47:15,178441450#1,residential|company|restaurant|bus_stop,,282.90243066757296,609.4157395563556,37.496971320837204,127.02404044855805,13644.0,9.0,taxi_respawn_58,picked
dyn_pax_2492,13642.0,2026-07-03 12:47:22,129731859#4,restaurant,,948.3176585840322,968.5888771831698,37.50033252074231,127.03147887955224,13707.0,65.0,taxi_respawn_43,picked
dyn_pax_2493,13648.0,2026-07-03 12:47:28,521766175#1,company|restaurant|subway_entrance,,332.9365590021661,1411.5585828157227,37.504206724109,127.02441570308932,13697.0,49.0,taxi_respawn_82,picked
dyn_pax_2494,13673.0,2026-07-03 12:47:53,1229817205#1,residential|bus_stop,,631.6400080768872,572.7061575261558,37.49670653972221,127.02799208080955,13779.0,106.0,taxi_16,picked
dyn_pax_2495,13693.0,2026-07-03 12:48:13,-504509918#2,company|restaurant|bus_stop,,398.9694242295193,827.4758220967593,37.49895762305832,127.02530099003066,13722.0,29.0,taxi_respawn_41,picked
dyn_pax_2496,13695.0,2026-07-03 12:48:15,521770119#0,restaurant|bus_stop,,548.9831206778387,935.1148840516827,37.499955620541705,127.02697161236954,13934.0,239.0,taxi_49,picked
dyn_pax_2497,13701.0,2026-07-03 12:48:21,-506191135#2,residential|bus_stop,,236.19733776439384,769.6838415951818,37.49840622577806,127.02347432089968,13746.0,45.0,taxi_respawn_54,picked
dyn_pax_2498,13704.0,2026-07-03 12:48:24,541692164#1,subway_entrance,,271.6277521231475,1406.6420105391767,37.5041508337347,127.02372362926798,13709.0,5.0,taxi_respawn_45,picked
dyn_pax_2499,13728.0,2026-07-03 12:48:48,417750337#2,restaurant,,602.0112566641748,1239.22102407953,37.50270511928559,127.02749909599581,13879.0,151.0,taxi_respawn_73,picked
dyn_pax_2500,13736.0,2026-07-03 12:48:56,-129731858#1,restaurant,,779.3164249772793,838.8541978668718,37.49913195860003,127.0295987323456,13754.0,18.0,taxi_respawn_108,picked
dyn_pax_2501,13766.0,2026-07-03 12:49:26,521766175#3,company|restaurant|subway_entrance|bus_stop,,373.6701172395771,1298.610217621072,37.50319695740621,127.02490310718325,13795.0,29.0,taxi_respawn_102,picked
dyn_pax_2502,13771.0,2026-07-03 12:49:31,-504227066#3,restaurant,,449.3214735737982,636.1754008755333,37.497243849267164,127.02591568328045,13971.0,200.0,taxi_respawn_72,picked
dyn_pax_2503,13851.0,2026-07-03 12:50:51,542367267#1,company|restaurant,,199.26981683313872,1381.121508122661,37.50390724154084,127.02291151664822,14101.0,250.0,taxi_8,picked
dyn_pax_2504,13889.0,2026-07-03 12:51:29,521770119#1,restaurant|bus_stop,,527.3115514435282,995.8620162900467,37.50049875494786,127.02671217090477,13913.0,24.0,taxi_27,picked
dyn_pax_2505,13892.0,2026-07-03 12:51:32,521766175#3,company|restaurant|subway_entrance|bus_stop,,373.6701172395771,1298.610217621072,37.50319695740621,127.02490310718325,13904.0,12.0,taxi_respawn_117,picked
dyn_pax_2506,13925.0,2026-07-03 12:52:05,1117538957#3,restaurant|subway_entrance|bus_stop,,465.5082521847807,644.8780924026132,37.49732530507706,127.02609663221197,13976.0,51.0,taxi_11,picked
dyn_pax_2507,13927.0,2026-07-03 12:52:07,417731530,company|restaurant,,191.66975375905443,1429.5779711342507,37.5043423120142,127.02281406437154,13970.0,43.0,taxi_48,picked
dyn_pax_2508,13935.0,2026-07-03 12:52:15,-129731717#1,residential|company|restaurant,,188.433090102474,1374.3511058470413,37.503844200149025,127.0227905913032,13958.0,23.0,taxi_respawn_67,picked
dyn_pax_2509,13985.0,2026-07-03 12:53:05,520307304#2,restaurant,,553.737131666575,902.6336565846188,37.499663917706236,127.02703306650038,14167.0,182.0,taxi_respawn_30,picked
dyn_pax_2510,13993.0,2026-07-03 12:53:13,-309155295#1,residential|restaurant,,820.2174803017108,588.0239695218922,37.496880113093034,127.03012056506905,14004.0,11.0,taxi_16,picked
dyn_pax_2511,14005.0,2026-07-03 12:53:25,1117538957#0,company|restaurant,,312.91680439510856,589.5311930299885,37.49679787270139,127.0243845203811,14049.0,44.0,taxi_respawn_8,picked
dyn_pax_2512,14009.0,2026-07-03 12:53:29,521766180#1,company|restaurant|bus_stop,,466.73410130235357,1169.2838037446552,37.502049542882666,127.02598608796039,14502.0,493.0,taxi_0,picked
dyn_pax_2513,14015.0,2026-07-03 12:53:35,-506191135#22,residential|company|restaurant|bus_stop,,38.693950105848444,1321.9513167019495,37.50334380565249,127.02110990869835,14115.0,100.0,taxi_respawn_94,picked
dyn_pax_2514,14015.0,2026-07-03 12:53:35,129731852,restaurant,,626.5739131314494,885.3301415107766,37.499521799012015,127.0278607124155,14043.0,28.0,taxi_respawn_43,picked
dyn_pax_2515,14018.0,2026-07-03 12:53:38,520307304#0,school|subway_entrance|bus_stop,,602.6035134310263,763.145495629718,37.498416594724866,127.02761864854104,14052.0,34.0,taxi_respawn_58,picked
dyn_pax_2516,14023.0,2026-07-03 12:53:43,218877837#2,company|restaurant|bus_stop,,479.4555212141038,978.0213907550284,37.500328997763305,127.02617530290202,14441.0,418.0,taxi_respawn_26,picked
dyn_pax_2517,14025.0,2026-07-03 12:53:45,-117790039#2,company|restaurant,,1017.0012393074795,990.846024966068,37.5005459641277,127.03225021068775,14040.0,15.0,taxi_respawn_41,picked
dyn_pax_2518,14032.0,2026-07-03 12:53:52,494824662#3,company|restaurant|subway_entrance,,729.424850252167,406.6843378518681,37.49522941823122,127.02913698209235,14077.0,45.0,taxi_respawn_113,picked
dyn_pax_2519,14033.0,2026-07-03 12:53:53,494824662#3,company|restaurant|subway_entrance,,729.424850252167,406.6843378518681,37.49522941823122,127.02913698209235,14084.0,51.0,taxi_respawn_116,picked
dyn_pax_2520,14037.0,2026-07-03 12:53:57,218864491#0,restaurant|bus_stop,,769.9803916976219,760.1217113917903,37.49842094941813,127.02951181742357,14454.0,417.0,taxi_respawn_80,picked
dyn_pax_2521,14043.0,2026-07-03 12:54:03,541692164#1,subway_entrance,,271.6277521231475,1406.6420105391767,37.5041508337347,127.02372362926798,14048.0,5.0,taxi_respawn_20,picked
dyn_pax_2522,14056.0,2026-07-03 12:54:16,504227066#0,restaurant,,519.2210823013057,487.78345043316773,37.49592029712161,127.02674117912406,14073.0,17.0,taxi_respawn_109,picked
dyn_pax_2523,14078.0,2026-07-03 12:54:38,-117790051#4,restaurant,,448.3479635094145,1379.7889979949318,37.50394236073409,127.02572824341395,14204.0,126.0,taxi_respawn_111,picked
dyn_pax_2524,14091.0,2026-07-03 12:54:51,26163000#0,restaurant,,655.1679463942612,1215.3400880972458,37.50250003106797,127.02810580802628,14195.0,104.0,taxi_respawn_49,picked
dyn_pax_2525,14113.0,2026-07-03 12:55:13,521770119#1,restaurant|bus_stop,,527.3115514435282,995.8620162900467,37.50049875494786,127.02671217090477,14234.0,121.0,taxi_28,picked
dyn_pax_2526,14156.0,2026-07-03 12:55:56,117790051#4,restaurant,,495.1920534812603,1378.4842065286966,37.50393946166789,127.02625823552458,14182.0,26.0,taxi_respawn_92,picked
dyn_pax_2527,14174.0,2026-07-03 12:56:14,-117790045#1,restaurant,,534.0975884889299,1266.9858058167179,37.502942402865294,127.02672459950128,14191.0,17.0,taxi_respawn_9,picked
dyn_pax_2528,14180.0,2026-07-03 12:56:20,178441450#1,residential|company|restaurant|bus_stop,,282.90243066757296,609.4157395563556,37.496971320837204,127.02404044855805,14592.0,412.0,taxi_respawn_119,picked
dyn_pax_2529,14191.0,2026-07-03 12:56:31,494824662#3,company|restaurant|subway_entrance,,729.424850252167,406.6843378518681,37.49522941823122,127.02913698209235,14204.0,13.0,taxi_respawn_108,picked
dyn_pax_2530,14197.0,2026-07-03 12:56:37,-379232161#3,restaurant,,957.578372934647,431.27964063812743,37.495494003443426,127.03171068469486,14228.0,31.0,taxi_respawn_112,picked
dyn_pax_2531,14229.0,2026-07-03 12:57:09,-379232161#3,restaurant,,957.578372934647,431.27964063812743,37.495494003443426,127.03171068469486,14263.0,34.0,taxi_respawn_113,picked
dyn_pax_2532,14267.0,2026-07-03 12:57:47,178441450#1,residential|company|restaurant|bus_stop,,282.90243066757296,609.4157395563556,37.496971320837204,127.02404044855805,14599.0,332.0,taxi_respawn_90,picked
dyn_pax_2533,14275.0,2026-07-03 12:57:55,541692164#1,subway_entrance,,271.6277521231475,1406.6420105391767,37.5041508337347,127.02372362926798,14299.0,24.0,taxi_respawn_42,picked
dyn_pax_2534,14298.0,2026-07-03 12:58:18,520307304#0,school|subway_entrance|bus_stop,,602.6035134310263,763.145495629718,37.498416594724866,127.02761864854104,14320.0,22.0,taxi_respawn_102,picked
dyn_pax_2535,14305.0,2026-07-03 12:58:25,802110008,restaurant,,567.9368588148042,1294.4290295528247,37.503196013251454,127.02710071947062,14317.0,12.0,taxi_respawn_62,picked
dyn_pax_2536,14306.0,2026-07-03 12:58:26,218857636#1,residential|company|restaurant|bus_stop,,297.92905089287035,623.2061345250047,37.49709839153085,127.02420706961871,14501.0,195.0,taxi_respawn_104,picked
dyn_pax_2537,14314.0,2026-07-03 12:58:34,-542367267#1,bus_stop,,247.51018316686128,1414.7184918773391,37.504219024473855,127.02344900430944,14332.0,18.0,taxi_respawn_120,picked
dyn_pax_2538,14320.0,2026-07-03 12:58:40,-417933646#1,residential|restaurant,,826.6019869456061,577.8075382253838,37.49678928421788,127.03019516859905,14345.0,25.0,taxi_31,picked
dyn_pax_2539,14334.0,2026-07-03 12:58:54,521770119#1,restaurant|bus_stop,,527.3115514435282,995.8620162900467,37.50049875494786,127.02671217090477,14358.0,24.0,taxi_respawn_79,picked
dyn_pax_2540,14345.0,2026-07-03 12:59:05,309155295#1,restaurant,,764.2225196982893,558.1760304781078,37.4966006705371,127.0294945363528,14365.0,20.0,taxi_respawn_112,picked
dyn_pax_2541,14360.0,2026-07-03 12:59:20,494824662#3,company|restaurant|subway_entrance,,729.424850252167,406.6843378518681,37.49522941823122,127.02913698209235,14431.0,71.0,taxi_respawn_86,picked
dyn_pax_2542,14382.0,2026-07-03 12:59:42,1376141182#0,bus_stop,,385.7154046370183,1301.0311255965628,37.50322104370192,127.02503873135461,14604.0,222.0,taxi_28,picked
dyn_pax_2543,14401.0,2026-07-03 13:00:01,375049565#2,restaurant,,1048.966709229659,894.5327467658005,37.49968436369115,127.03263441305876,14463.0,62.0,taxi_37,picked
dyn_pax_2544,14401.0,2026-07-03 13:00:01,417933646#2,residential|restaurant,,830.3119525357222,594.5819430897021,37.496941093289735,127.0302331440542,14676.0,275.0,taxi_31,picked
dyn_pax_2545,14401.0,2026-07-03 13:00:01,-117790051#4,restaurant,,448.3479635094145,1379.7889979949318,37.50394236073409,127.02572824341395,14631.0,230.0,taxi_respawn_67,picked
dyn_pax_2546,14401.0,2026-07-03 13:00:01,-805827765,restaurant,,955.7439147780814,1157.0835718820576,37.50203194319751,127.03151825266303,14426.0,25.0,taxi_respawn_75,picked
dyn_pax_2547,14401.0,2026-07-03 13:00:01,417933646#0,restaurant,,894.2617302193242,410.3206078764906,37.49529326349135,127.03099977850056,14821.0,420.0,taxi_respawn_30,picked
dyn_pax_2548,14401.0,2026-07-03 13:00:01,-256787796#1,restaurant,,578.741609978934,1014.5790766049616,37.500677080058935,127.02728924469663,14462.0,61.0,taxi_respawn_89,picked
dyn_pax_2549,14401.0,2026-07-03 13:00:01,628232693#0,company|restaurant,,644.2623295929467,660.168099777976,37.49749680792099,127.0281140674837,14459.0,58.0,taxi_respawn_78,picked
dyn_pax_2550,14401.0,2026-07-03 13:00:01,1056882877#3,residential|company|restaurant,,365.79280968467333,433.0557487307964,37.495398294451746,127.02501948586043,14619.0,218.0,taxi_respawn_58,picked
dyn_pax_2551,14401.0,2026-07-03 13:00:01,521770116#2,company|restaurant|bus_stop,,432.3182248087171,1108.514093563608,37.50149560521279,127.02561136613096,14622.0,221.0,taxi_respawn_8,picked
dyn_pax_2552,14401.0,2026-07-03 13:00:01,-379463130#1,restaurant,,595.1104652489141,1131.7345077296688,37.50173554422087,127.02744655088388,14432.0,31.0,taxi_10,picked
dyn_pax_2553,14401.0,2026-07-03 13:00:01,-379232133,restaurant,,887.8909311741835,528.8139035551092,37.496359489964284,127.03089971288236,14813.0,412.0,taxi_respawn_20,picked
dyn_pax_2554,14401.0,2026-07-03 13:00:01,506191135#3,residential|company|restaurant|bus_stop,,238.79972345576414,789.4714057742513,37.49858497042428,127.023499044737,14423.0,22.0,taxi_respawn_110,picked
dyn_pax_2555,14401.0,2026-07-03 13:00:01,504227067#0,restaurant,,638.7551174354396,526.833121212444,37.49629464408366,127.02808339614947,14587.0,186.0,taxi_respawn_54,picked
dyn_pax_2556,14401.0,2026-07-03 13:00:01,129731720#0,residential|company|restaurant,,292.10678712231254,1113.150773394943,37.50151085547559,127.02402489828896,14837.0,436.0,taxi_respawn_80,picked
dyn_pax_2557,14401.0,2026-07-03 13:00:01,117790039#3,restaurant,,1021.8645860465238,1004.4924062015546,37.500669811640854,127.03230197280303,14429.0,28.0,taxi_respawn_27,picked
dyn_pax_2558,14401.0,2026-07-03 13:00:01,-129731858#1,restaurant,,779.3164249772793,838.8541978668718,37.49913195860003,127.0295987323456,14631.0,230.0,taxi_respawn_41,picked
dyn_pax_2559,14401.0,2026-07-03 13:00:01,-117790039#2,company|restaurant,,1017.0012393074795,990.846024966068,37.5005459641277,127.03225021068775,14421.0,20.0,taxi_respawn_94,picked
dyn_pax_2560,14401.0,2026-07-03 13:00:01,-417933646#1,residential|restaurant,,826.6019869456061,577.8075382253838,37.49678928421788,127.03019516859905,14737.0,336.0,taxi_8,picked
dyn_pax_2561,14401.0,2026-07-03 13:00:01,129731857#1,residential|restaurant,,656.8212873140518,799.6615847813327,37.498755780674834,127.02822301071001,14647.0,246.0,taxi_respawn_106,picked
dyn_pax_2562,14401.0,2026-07-03 13:00:01,521766175#3,company|restaurant|subway_entrance|bus_stop,,373.6701172395771,1298.610217621072,37.50319695740621,127.02490310718325,14427.0,26.0,taxi_respawn_42,picked
dyn_pax_2563,14401.0,2026-07-03 13:00:01,-506191135#22,residential|company|restaurant|bus_stop,,38.693950105848444,1321.9513167019495,37.50334380565249,127.02110990869835,14567.0,166.0,taxi_respawn_43,picked
dyn_pax_2564,14401.0,2026-07-03 13:00:01,-417750354#1,restaurant,,946.150029211292,974.2465578508335,37.500383078435064,127.03145303198383,14477.0,76.0,taxi_respawn_85,picked
dyn_pax_2565,14401.0,2026-07-03 13:00:01,417750337#1,restaurant,,654.3039749436668,1311.1147669608317,37.50336263595113,127.02807333923603,14460.0,59.0,taxi_respawn_9,picked
dyn_pax_2566,14401.0,2026-07-03 13:00:01,256787796#5,restaurant,,616.3422671393917,878.7532899245961,37.49946062055924,127.02774658517313,14637.0,236.0,taxi_respawn_64,picked
dyn_pax_2567,14401.0,2026-07-03 13:00:01,309155295#1,restaurant,,764.2225196982893,558.1760304781078,37.4966006705371,127.0294945363528,14457.0,56.0,taxi_respawn_92,picked
dyn_pax_2568,14401.0,2026-07-03 13:00:01,117790045#3,restaurant,,504.6202003222114,1382.6101305390487,37.50397841113055,127.02636386411817,14500.0,99.0,taxi_respawn_72,picked
dyn_pax_2569,14401.0,2026-07-03 13:00:01,-26163000#3,restaurant,,588.7487146070255,1286.0705793093782,37.50312464930957,127.02733802606956,14521.0,120.0,taxi_respawn_108,picked
dyn_pax_2570,14401.0,2026-07-03 13:00:01,-129731852,restaurant,,721.4959946165901,929.589824990092,37.499938423771525,127.02892348366522,14631.0,230.0,taxi_19,picked
dyn_pax_2571,14401.0,2026-07-03 13:00:01,375049565#2,restaurant,,1048.966709229659,894.5327467658005,37.49968436369115,127.03263441305876,14456.0,55.0,taxi_respawn_73,picked
dyn_pax_2572,14401.0,2026-07-03 13:00:01,-256787796#5,restaurant,,631.1882908445458,865.4152262944223,37.499343270516576,127.02791760566556,14634.0,233.0,taxi_respawn_105,picked
dyn_pax_2573,14401.0,2026-07-03 13:00:01,-504227067#3,restaurant,,527.7289520354611,471.5483450335965,37.495775653483,127.02684121970124,14771.0,370.0,taxi_respawn_75,picked
dyn_pax_2574,14401.0,2026-07-03 13:00:01,256787796#8,restaurant,,646.6563496183319,793.2391486514691,37.49869600620777,127.02810960194483,14630.0,229.0,taxi_36,picked
dyn_pax_2575,14401.0,2026-07-03 13:00:01,504227067#4,residential|restaurant,,502.84500120553366,479.2066548114549,37.49583994070096,127.02655806263846,14718.0,317.0,taxi_27,picked
dyn_pax_2576,14401.0,2026-07-03 13:00:01,802110008,restaurant,,567.9368588148042,1294.4290295528247,37.503196013251454,127.02710071947062,14452.0,51.0,taxi_respawn_102,picked
dyn_pax_2577,14401.0,2026-07-03 13:00:01,309155295#0,company|restaurant,,688.2712938579457,529.5739965525526,37.49632868191341,127.02864258735015,14498.0,97.0,taxi_respawn_45,picked
dyn_pax_2578,14401.0,2026-07-03 13:00:01,-117790031#1,restaurant,,730.7814463439225,1053.3410552584976,37.501054966737435,127.02899915797848,14473.0,72.0,taxi_respawn_111,picked
dyn_pax_2579,14401.0,2026-07-03 13:00:01,504227067#4,residential|restaurant,,502.84500120553366,479.2066548114549,37.49583994070096,127.02655806263846,14724.0,323.0,taxi_respawn_111,picked
dyn_pax_2580,14401.0,2026-07-03 13:00:01,305539406,company|restaurant|subway_entrance,,566.389495917364,736.5285064605782,37.49816998085155,127.02721550408178,14606.0,205.0,taxi_24,picked
dyn_pax_2581,14401.0,2026-07-03 13:00:01,256787796#6,restaurant,,626.4884087870183,851.7135990963859,37.499218954480725,127.02786771303293,14562.0,161.0,taxi_3,picked
dyn_pax_2582,14401.0,2026-07-03 13:00:01,521766180#1,company|restaurant|bus_stop,,466.73410130235357,1169.2838037446552,37.502049542882666,127.02598608796039,14797.0,396.0,taxi_25,picked
dyn_pax_2583,14401.0,2026-07-03 13:00:01,117823785#0,company|restaurant,,1360.8740206736493,851.0492627492013,37.499351351792384,127.0361713398344,14735.0,334.0,taxi_respawn_120,picked
dyn_pax_2584,14401.0,2026-07-03 13:00:01,117790045#3,restaurant,,504.6202003222114,1382.6101305390487,37.50397841113055,127.02636386411817,14649.0,248.0,taxi_respawn_34,picked
dyn_pax_2585,14401.0,2026-07-03 13:00:01,375049565#6,restaurant|subway_entrance|bus_stop,,789.5153251748014,798.8522330112556,37.49877353199428,127.02972351946808,14626.0,225.0,taxi_respawn_23,picked
dyn_pax_2586,14401.0,2026-07-03 13:00:01,990628460#0,restaurant,,624.9193131653682,704.9656163236222,37.49789670602668,127.02788475117727,14499.0,98.0,taxi_30,picked
dyn_pax_2587,14401.0,2026-07-03 13:00:01,-417750337#4,restaurant,,542.6552277079157,1139.0745154802132,37.5017917560025,127.02685169754334,14441.0,40.0,taxi_respawn_100,picked
dyn_pax_2588,14401.0,2026-07-03 13:00:01,305539406,company|restaurant|subway_entrance,,566.389495917364,736.5285064605782,37.49816998085155,127.02721550408178,14703.0,302.0,taxi_2,picked
dyn_pax_2589,14401.0,2026-07-03 13:00:01,129731859#6,restaurant,,984.8051641629477,982.1134039896856,37.50046123095764,127.0318882391282,14450.0,49.0,taxi_respawn_34,picked
dyn_pax_2590,14401.0,2026-07-03 13:00:01,-417750337#0,restaurant,,672.8749254632385,1321.3640627464144,37.50345847130562,127.02828089713113,14436.0,35.0,taxi_respawn_53,picked
dyn_pax_2591,14401.0,2026-07-03 13:00:01,129731859#4,restaurant,,948.3176585840322,968.5888771831698,37.50033252074231,127.03147887955224,14429.0,28.0,taxi_8,picked
dyn_pax_2592,14401.0,2026-07-03 13:00:01,-417750337#2,restaurant,,578.5487433358253,1191.18897592047,37.50226799999912,127.02724519016736,14414.0,13.0,taxi_respawn_17,picked
dyn_pax_2593,14401.0,2026-07-03 13:00:01,504227067#4,residential|restaurant,,502.84500120553366,479.2066548114549,37.49583994070096,127.02655806263846,14730.0,329.0,taxi_respawn_86,picked
dyn_pax_2594,14401.0,2026-07-03 13:00:01,521766175#3,company|restaurant|subway_entrance|bus_stop,,373.6701172395771,1298.610217621072,37.50319695740621,127.02490310718325,14581.0,180.0,taxi_respawn_110,picked
dyn_pax_2595,14401.0,2026-07-03 13:00:01,802110008,restaurant,,567.9368588148042,1294.4290295528247,37.503196013251454,127.02710071947062,14578.0,177.0,taxi_49,picked
dyn_pax_2596,14401.0,2026-07-03 13:00:01,129731859#1,restaurant,,770.318180095484,905.1374216517651,37.499727361620906,127.02948129560598,14445.0,44.0,taxi_respawn_118,picked
dyn_pax_2597,14401.0,2026-07-03 13:00:01,309155295#3,restaurant,,868.2249250208004,595.011595969151,37.496952113096654,127.03066169877924,14653.0,252.0,taxi_respawn_118,picked
dyn_pax_2598,14401.0,2026-07-03 13:00:01,-129731858#3,restaurant,,760.2046779472714,898.6469063162286,37.49966698472747,127.02936848203807,14421.0,20.0,taxi_respawn_7,picked
dyn_pax_2599,14401.0,2026-07-03 13:00:01,117790039#3,restaurant,,1021.8645860465238,1004.4924062015546,37.500669811640854,127.03230197280303,14454.0,53.0,taxi_respawn_71,picked
dyn_pax_2600,14401.0,2026-07-03 13:00:01,-256787796#5,restaurant,,631.1882908445458,865.4152262944223,37.499343270516576,127.02791760566556,14556.0,155.0,taxi_18,picked
dyn_pax_2601,14401.0,2026-07-03 13:00:01,379463130#0,restaurant,,544.1425087303844,1128.5419490598922,37.501697156429024,127.02687101205116,14819.0,418.0,taxi_respawn_55,picked
dyn_pax_2602,14401.0,2026-07-03 13:00:01,-379463134#1,restaurant,,479.36604535588674,1259.6870258351425,37.50286630987452,127.02610747054479,14547.0,146.0,taxi_respawn_99,picked
dyn_pax_2603,14401.0,2026-07-03 13:00:01,-379463130#1,restaurant,,595.1104652489141,1131.7345077296688,37.50173554422087,127.02744655088388,14437.0,36.0,taxi_respawn_20,picked
dyn_pax_2604,14401.0,2026-07-03 13:00:01,-256787796#4,restaurant,,620.2926176327408,895.5374521094307,37.49961256354246,127.02778727239327,14541.0,140.0,taxi_respawn_25,picked
dyn_pax_2605,14401.0,2026-07-03 13:00:01,417750337#2,restaurant,,602.0112566641748,1239.22102407953,37.50270511928559,127.02749909599581,14438.0,37.0,taxi_respawn_99,picked
dyn_pax_2606,14401.0,2026-07-03 13:00:01,26163000#3,restaurant,,602.970622715944,1275.0711016561868,37.50302824900089,127.02750144434575,14504.0,103.0,taxi_11,picked
dyn_pax_2607,14401.0,2026-07-03 13:00:01,379463134#3,restaurant,,544.2510512741843,1273.4484249309019,37.503002538586315,127.0268378740983,14502.0,101.0,taxi_respawn_115,picked
dyn_pax_2608,14401.0,2026-07-03 13:00:01,-117823785#1,restaurant,,983.1954817367493,635.6880668681273,37.49734021138362,127.03195197441553,14607.0,206.0,taxi_respawn_112,picked
dyn_pax_2609,14401.0,2026-07-03 13:00:01,117790062#7,restaurant,,610.3314045210797,1078.999817662281,37.50126336859982,127.02763115548898,14426.0,25.0,taxi_27,picked
dyn_pax_2610,14401.0,2026-07-03 13:00:01,521770119#1,restaurant|bus_stop,,527.3115514435282,995.8620162900467,37.50049875494786,127.02671217090477,14452.0,51.0,taxi_respawn_97,picked
dyn_pax_2611,14401.0,2026-07-03 13:00:01,129733424#0,restaurant,,719.7944869540754,1033.9950883209078,37.500878618503414,127.0288795122034,14445.0,44.0,taxi_respawn_13,picked
dyn_pax_2612,14401.0,2026-07-03 13:00:01,218857636#1,residential|company|restaurant|bus_stop,,297.92905089287035,623.2061345250047,37.49709839153085,127.02420706961871,14410.0,9.0,taxi_respawn_98,picked
dyn_pax_2613,14401.0,2026-07-03 13:00:01,305539406,company|restaurant|subway_entrance,,566.389495917364,736.5285064605782,37.49816998085155,127.02721550408178,14690.0,289.0,taxi_respawn_61,picked
dyn_pax_2614,14401.0,2026-07-03 13:00:01,375049565#6,restaurant|subway_entrance|bus_stop,,789.5153251748014,798.8522330112556,37.49877353199428,127.02972351946808,14406.0,5.0,taxi_respawn_117,picked
dyn_pax_2615,14401.0,2026-07-03 13:00:01,-256787796#1,restaurant,,578.741609978934,1014.5790766049616,37.500677080058935,127.02728924469663,14471.0,70.0,taxi_respawn_67,picked
dyn_pax_2616,14401.0,2026-07-03 13:00:01,-417750337#1,restaurant,,620.0756768942672,1248.4347545200121,37.5027915312318,127.02770116938098,14468.0,67.0,taxi_respawn_107,picked
dyn_pax_2617,14401.0,2026-07-03 13:00:01,256787796#5,restaurant,,616.3422671393917,878.7532899245961,37.49946062055924,127.02774658517313,14564.0,163.0,taxi_respawn_37,picked
dyn_pax_2618,14401.0,2026-07-03 13:00:01,129731857#1,residential|restaurant,,656.8212873140518,799.6615847813327,37.498755780674834,127.02822301071001,14574.0,173.0,taxi_respawn_88,picked
dyn_pax_2619,14401.0,2026-07-03 13:00:01,628232693#0,company|restaurant,,644.2623295929467,660.168099777976,37.49749680792099,127.0281140674837,14493.0,92.0,taxi_respawn_59,picked
dyn_pax_2620,14401.0,2026-07-03 13:00:01,256787796#5,restaurant,,616.3422671393917,878.7532899245961,37.49946062055924,127.02774658517313,14545.0,144.0,taxi_respawn_46,picked
dyn_pax_2621,14401.0,2026-07-03 13:00:01,309155295#3,restaurant,,868.2249250208004,595.011595969151,37.496952113096654,127.03066169877924,14730.0,329.0,taxi_respawn_116,picked
dyn_pax_2622,14401.0,2026-07-03 13:00:01,379463134#4,restaurant,,574.4815382344308,1284.0756787717605,37.50310398350559,127.02717717678497,14580.0,179.0,taxi_respawn_13,picked
dyn_pax_2623,14401.0,2026-07-03 13:00:01,117790062#7,restaurant,,610.3314045210797,1078.999817662281,37.50126336859982,127.02763115548898,14434.0,33.0,taxi_respawn_101,picked
dyn_pax_2624,14401.0,2026-07-03 13:00:01,-913950883#1,residential|company|restaurant,,391.36286393582424,840.6655979518604,37.49907500229157,127.0252118555046,14436.0,35.0,taxi_16,picked
dyn_pax_2625,14401.0,2026-07-03 13:00:01,521770119#0,restaurant|bus_stop,,548.9831206778387,935.1148840516827,37.499955620541705,127.02697161236954,14470.0,69.0,taxi_respawn_103,picked
dyn_pax_2626,14401.0,2026-07-03 13:00:01,-117790045#1,restaurant,,534.0975884889299,1266.9858058167179,37.502942402865294,127.02672459950128,14510.0,109.0,taxi_respawn_116,picked
dyn_pax_2627,14401.0,2026-07-03 13:00:01,504512001,restaurant,,488.2111633916996,684.0143948730154,37.497682147346794,127.02634403725544,14633.0,232.0,taxi_respawn_47,picked
dyn_pax_2628,14401.0,2026-07-03 13:00:01,129731858#2,restaurant,,783.9672744139122,855.548332172334,37.49928322221005,127.02964736483162,14470.0,69.0,taxi_14,picked
dyn_pax_2629,14401.0,2026-07-03 13:00:01,117790062#7,restaurant,,610.3314045210797,1078.999817662281,37.50126336859982,127.02763115548898,14441.0,40.0,taxi_respawn_82,picked
dyn_pax_2630,14407.0,2026-07-03 13:00:07,-506191135#2,residential|bus_stop,,236.19733776439384,769.6838415951818,37.49840622577806,127.02347432089968,14654.0,247.0,taxi_37,picked
dyn_pax_2631,14441.0,2026-07-03 13:00:41,521766175#1,company|restaurant|subway_entrance,,332.9365590021661,1411.5585828157227,37.504206724109,127.02441570308932,14599.0,158.0,taxi_respawn_98,picked
dyn_pax_2632,14457.0,2026-07-03 13:00:57,521766175#3,company|restaurant|subway_entrance|bus_stop,,373.6701172395771,1298.610217621072,37.50319695740621,127.02490310718325,14875.0,418.0,taxi_respawn_42,picked
dyn_pax_2633,14474.0,2026-07-03 13:01:14,1376141182#0,bus_stop,,385.7154046370183,1301.0311255965628,37.50322104370192,127.02503873135461,14878.0,404.0,taxi_respawn_103,picked
dyn_pax_2634,14476.0,2026-07-03 13:01:16,494824662#3,company|restaurant|subway_entrance,,729.424850252167,406.6843378518681,37.49522941823122,127.02913698209235,14656.0,180.0,taxi_respawn_7,picked
dyn_pax_2635,14477.0,2026-07-03 13:01:17,521770116#2,company|restaurant|bus_stop,,432.3182248087171,1108.514093563608,37.50149560521279,127.02561136613096,14808.0,331.0,taxi_respawn_113,picked
dyn_pax_2636,14485.0,2026-07-03 13:01:25,521766175#1,company|restaurant|subway_entrance,,332.9365590021661,1411.5585828157227,37.504206724109,127.02441570308932,14634.0,149.0,taxi_respawn_109,picked
dyn_pax_2637,14494.0,2026-07-03 13:01:34,521770116#2,company|restaurant|bus_stop,,432.3182248087171,1108.514093563608,37.50149560521279,127.02561136613096,14702.0,208.0,taxi_respawn_49,picked
dyn_pax_2638,14504.0,2026-07-03 13:01:44,-309155295#1,residential|restaurant,,820.2174803017108,588.0239695218922,37.496880113093034,127.03012056506905,14756.0,252.0,taxi_respawn_26,picked
dyn_pax_2639,14527.0,2026-07-03 13:02:07,218877837#2,company|restaurant|bus_stop,,479.4555212141038,978.0213907550284,37.500328997763305,127.02617530290202,14607.0,80.0,taxi_16,picked
dyn_pax_2640,14552.0,2026-07-03 13:02:32,218857636#1,residential|company|restaurant|bus_stop,,297.92905089287035,623.2061345250047,37.49709839153085,127.02420706961871,14603.0,51.0,taxi_respawn_73,picked
dyn_pax_2641,14572.0,2026-07-03 13:02:52,521766175#1,company|restaurant|subway_entrance,,332.9365590021661,1411.5585828157227,37.504206724109,127.02441570308932,14689.0,117.0,taxi_respawn_62,picked
dyn_pax_2642,14586.0,2026-07-03 13:03:06,-417933645#2,company|restaurant|subway_entrance,,701.1658676593129,719.5455833044954,37.49804244093877,127.02874337560036,14705.0,119.0,taxi_respawn_71,picked
dyn_pax_2643,14606.0,2026-07-03 13:03:26,521766175#3,company|restaurant|subway_entrance|bus_stop,,373.6701172395771,1298.610217621072,37.50319695740621,127.02490310718325,14896.0,290.0,taxi_respawn_99,picked
dyn_pax_2644,14653.0,2026-07-03 13:04:13,494824662#3,company|restaurant|subway_entrance,,729.424850252167,406.6843378518681,37.49522941823122,127.02913698209235,14722.0,69.0,taxi_respawn_117,picked
dyn_pax_2645,14691.0,2026-07-03 13:04:51,417750337#1,restaurant,,654.3039749436668,1311.1147669608317,37.50336263595113,127.02807333923603,14725.0,34.0,taxi_respawn_46,picked
dyn_pax_2646,14703.0,2026-07-03 13:05:03,-379232133,restaurant,,887.8909311741835,528.8139035551092,37.496359489964284,127.03089971288236,14746.0,43.0,taxi_respawn_82,picked
dyn_pax_2647,14712.0,2026-07-03 13:05:12,521770116#2,company|restaurant|bus_stop,,432.3182248087171,1108.514093563608,37.50149560521279,127.02561136613096,14913.0,201.0,taxi_respawn_101,picked
dyn_pax_2648,14723.0,2026-07-03 13:05:23,417933642#0,restaurant|bus_stop,,1041.0954363710525,463.30841921497654,37.49579826441859,127.03264736696761,14800.0,77.0,taxi_10,picked
dyn_pax_2649,14731.0,2026-07-03 13:05:31,-417933646#4,company|restaurant,,761.9867537178288,747.7080569325292,37.49830761500862,127.02942437673002,14775.0,44.0,taxi_36,picked
dyn_pax_2650,14734.0,2026-07-03 13:05:34,-506191135#22,residential|company|restaurant|bus_stop,,38.693950105848444,1321.9513167019495,37.50334380565249,127.02110990869835,14784.0,50.0,taxi_respawn_121,picked
dyn_pax_2651,14741.0,2026-07-03 13:05:41,521766180#1,company|restaurant|bus_stop,,466.73410130235357,1169.2838037446552,37.502049542882666,127.02598608796039,14828.0,87.0,taxi_respawn_53,picked
dyn_pax_2652,14749.0,2026-07-03 13:05:49,-805827765,restaurant,,955.7439147780814,1157.0835718820576,37.50203194319751,127.03151825266303,14776.0,27.0,taxi_49,picked
dyn_pax_2653,14759.0,2026-07-03 13:05:59,-256787796#8,restaurant,,666.7735412908731,765.3811461974922,37.49844885044044,127.02834365925706,14899.0,140.0,taxi_respawn_85,picked
dyn_pax_2654,14762.0,2026-07-03 13:06:02,-541692164#2,subway_entrance,,317.7122087179151,1441.0296574375257,37.504469327730426,127.0242365566347,14815.0,53.0,taxi_respawn_122,picked
dyn_pax_2655,14788.0,2026-07-03 13:06:28,-541692164#2,subway_entrance,,317.7122087179151,1441.0296574375257,37.504469327730426,127.0242365566347,14865.0,77.0,taxi_respawn_8,picked
dyn_pax_2656,14790.0,2026-07-03 13:06:30,1117538957#3,restaurant|subway_entrance|bus_stop,,465.5082521847807,644.8780924026132,37.49732530507706,127.02609663221197,14873.0,83.0,taxi_respawn_72,picked
dyn_pax_2657,14802.0,2026-07-03 13:06:42,504512001,restaurant,,488.2111633916996,684.0143948730154,37.497682147346794,127.02634403725544,14873.0,71.0,taxi_respawn_54,picked
dyn_pax_2658,14814.0,2026-07-03 13:06:54,309155295#3,restaurant,,868.2249250208004,595.011595969151,37.496952113096654,127.03066169877924,14835.0,21.0,taxi_respawn_107,picked
dyn_pax_2659,14817.0,2026-07-03 13:06:57,117823785#0,company|restaurant,,1360.8740206736493,851.0492627492013,37.499351351792384,127.0361713398344,14921.0,104.0,taxi_respawn_98,picked
dyn_pax_2660,14819.0,2026-07-03 13:06:59,-417933645#2,company|restaurant|subway_entrance,,701.1658676593129,719.5455833044954,37.49804244093877,127.02874337560036,14878.0,59.0,taxi_16,picked
dyn_pax_2661,14835.0,2026-07-03 13:07:15,1376141183#0,bus_stop,,548.2528111146681,901.2117688498424,37.49965007283687,127.02697139402301,14952.0,117.0,taxi_respawn_43,picked
dyn_pax_2662,14855.0,2026-07-03 13:07:35,117790041#3,restaurant,,485.8172797724441,1249.4366376844557,37.50277519064896,127.0261828476699,14979.0,124.0,taxi_respawn_9,picked
dyn_pax_2663,14859.0,2026-07-03 13:07:39,417933642#0,restaurant|bus_stop,,1041.0954363710525,463.30841921497654,37.49579826441859,127.03264736696761,14899.0,40.0,taxi_respawn_26,picked
dyn_pax_2664,14863.0,2026-07-03 13:07:43,-504509918#2,company|restaurant|bus_stop,,398.9694242295193,827.4758220967593,37.49895762305832,127.02530099003066,14922.0,59.0,taxi_14,picked
dyn_pax_2665,14874.0,2026-07-03 13:07:54,521766175#1,company|restaurant|subway_entrance,,332.9365590021661,1411.5585828157227,37.504206724109,127.02441570308932,14882.0,8.0,taxi_27,picked
dyn_pax_2666,14875.0,2026-07-03 13:07:55,256787796#5,restaurant,,616.3422671393917,878.7532899245961,37.49946062055924,127.02774658517313,14996.0,121.0,taxi_respawn_102,picked
dyn_pax_2667,14877.0,2026-07-03 13:07:57,305539406,company|restaurant|subway_entrance,,566.389495917364,736.5285064605782,37.49816998085155,127.02721550408178,14973.0,96.0,taxi_respawn_58,picked
dyn_pax_2668,14886.0,2026-07-03 13:08:06,218877837#2,company|restaurant|bus_stop,,479.4555212141038,978.0213907550284,37.500328997763305,127.02617530290202,14897.0,11.0,taxi_respawn_90,picked
dyn_pax_2669,14902.0,2026-07-03 13:08:22,480850873,company|restaurant|bus_stop,,548.1935052770749,708.5896639848544,37.49791486187585,127.0270163956136,14983.0,81.0,taxi_respawn_61,picked
dyn_pax_2670,14907.0,2026-07-03 13:08:27,-256787796#5,restaurant,,631.1882908445458,865.4152262944223,37.499343270516576,127.02791760566556,15000.0,93.0,taxi_respawn_97,picked
dyn_pax_2671,14911.0,2026-07-03 13:08:31,305539406,company|restaurant|subway_entrance,,566.389495917364,736.5285064605782,37.49816998085155,127.02721550408178,15053.0,142.0,taxi_18,picked
dyn_pax_2672,14930.0,2026-07-03 13:08:50,-417933645#2,company|restaurant|subway_entrance,,701.1658676593129,719.5455833044954,37.49804244093877,127.02874337560036,15125.0,195.0,taxi_respawn_104,picked
dyn_pax_2673,14938.0,2026-07-03 13:08:58,480850873,company|restaurant|bus_stop,,548.1935052770749,708.5896639848544,37.49791486187585,127.0270163956136,15074.0,136.0,taxi_respawn_78,picked
dyn_pax_2674,14940.0,2026-07-03 13:09:00,-256787796#8,restaurant,,666.7735412908731,765.3811461974922,37.49844885044044,127.02834365925706,15006.0,66.0,taxi_respawn_13,picked
dyn_pax_2675,14948.0,2026-07-03 13:09:08,-913950883#1,residential|company|restaurant,,391.36286393582424,840.6655979518604,37.49907500229157,127.0252118555046,15037.0,89.0,taxi_respawn_37,picked
dyn_pax_2676,14966.0,2026-07-03 13:09:26,520307304#2,restaurant,,553.737131666575,902.6336565846188,37.499663917706236,127.02703306650038,15018.0,52.0,taxi_3,picked
dyn_pax_2677,14967.0,2026-07-03 13:09:27,-256787796#5,restaurant,,631.1882908445458,865.4152262944223,37.499343270516576,127.02791760566556,15099.0,132.0,taxi_respawn_89,picked
dyn_pax_2678,14967.0,2026-07-03 13:09:27,375049565#6,restaurant|subway_entrance|bus_stop,,789.5153251748014,798.8522330112556,37.49877353199428,127.02972351946808,15053.0,86.0,taxi_respawn_123,picked
dyn_pax_2679,14974.0,2026-07-03 13:09:34,1056882877#3,residential|company|restaurant,,365.79280968467333,433.0557487307964,37.495398294451746,127.02501948586043,15008.0,34.0,taxi_37,picked
dyn_pax_2680,14975.0,2026-07-03 13:09:35,417933642#0,restaurant|bus_stop,,1041.0954363710525,463.30841921497654,37.49579826441859,127.03264736696761,15015.0,40.0,taxi_respawn_64,picked
dyn_pax_2681,14975.0,2026-07-03 13:09:35,-417933646#1,residential|restaurant,,826.6019869456061,577.8075382253838,37.49678928421788,127.03019516859905,14995.0,20.0,taxi_respawn_46,picked
dyn_pax_2682,14978.0,2026-07-03 13:09:38,523141074#0,company|restaurant|subway_entrance,,524.0338794858329,871.4890157117229,37.4993777454413,127.02670460634431,14992.0,14.0,taxi_19,picked
dyn_pax_2683,14986.0,2026-07-03 13:09:46,520307304#0,school|subway_entrance|bus_stop,,602.6035134310263,763.145495629718,37.498416594724866,127.02761864854104,15012.0,26.0,taxi_respawn_25,picked
dyn_pax_2684,14998.0,2026-07-03 13:09:58,218873820#0,restaurant|subway_entrance|bus_stop,,628.9829311132032,562.4061665928522,37.49661325243901,127.02796447999128,15137.0,139.0,taxi_respawn_100,picked
dyn_pax_2685,15023.0,2026-07-03 13:10:23,218864491#0,restaurant|bus_stop,,769.9803916976219,760.1217113917903,37.49842094941813,127.02951181742357,15177.0,154.0,taxi_respawn_115,picked
dyn_pax_2686,15023.0,2026-07-03 13:10:23,379232155,restaurant,,946.0567570824509,480.05346239194995,37.49593120335224,127.03156888346594,15047.0,24.0,taxi_49,picked
dyn_pax_2687,15031.0,2026-07-03 13:10:31,375049565#6,restaurant|subway_entrance|bus_stop,,789.5153251748014,798.8522330112556,37.49877353199428,127.02972351946808,15065.0,34.0,taxi_respawn_17,picked
dyn_pax_2688,15031.0,2026-07-03 13:10:31,239962780#1,company|restaurant,,78.091042197054,1418.7355011637856,37.504223128704645,127.02153236485597,15147.0,116.0,taxi_respawn_62,picked
dyn_pax_2689,15045.0,2026-07-03 13:10:45,218864491#0,restaurant|bus_stop,,769.9803916976219,760.1217113917903,37.49842094941813,127.02951181742357,15182.0,137.0,taxi_respawn_45,picked
dyn_pax_2690,15048.0,2026-07-03 13:10:48,521766182#1,company|restaurant|subway_entrance,,681.695169875507,539.6867345716422,37.496418539503196,127.02856584056028,15124.0,76.0,taxi_16,picked
dyn_pax_2691,15053.0,2026-07-03 13:10:53,-379463134#1,restaurant,,479.36604535588674,1259.6870258351425,37.50286630987452,127.02610747054479,15066.0,13.0,taxi_respawn_85,picked
dyn_pax_2692,15056.0,2026-07-03 13:10:56,-506191135#2,residential|bus_stop,,236.19733776439384,769.6838415951818,37.49840622577806,127.02347432089968,15071.0,15.0,taxi_2,picked
dyn_pax_2693,15056.0,2026-07-03 13:10:56,417750342#0,residential,,845.3624953099543,1340.16590884019,37.50366039527634,127.03022681464076,15099.0,43.0,taxi_respawn_73,picked
dyn_pax_2694,15064.0,2026-07-03 13:11:04,417933646#0,restaurant,,894.2617302193242,410.3206078764906,37.49529326349135,127.03099977850056,15118.0,54.0,taxi_28,picked
dyn_pax_2695,15071.0,2026-07-03 13:11:11,-417750337#4,restaurant,,542.6552277079157,1139.0745154802132,37.5017917560025,127.02685169754334,15184.0,113.0,taxi_respawn_117,picked
dyn_pax_2696,15076.0,2026-07-03 13:11:16,218864491#0,restaurant|bus_stop,,769.9803916976219,760.1217113917903,37.49842094941813,127.02951181742357,15187.0,111.0,taxi_respawn_110,picked
dyn_pax_2697,15077.0,2026-07-03 13:11:17,-506191135#22,residential|company|restaurant|bus_stop,,38.693950105848444,1321.9513167019495,37.50334380565249,127.02110990869835,15117.0,40.0,taxi_25,picked
dyn_pax_2698,15081.0,2026-07-03 13:11:21,506191135#3,residential|company|restaurant|bus_stop,,238.79972345576414,789.4714057742513,37.49858497042428,127.023499044737,15180.0,99.0,taxi_respawn_116,picked
dyn_pax_2699,15084.0,2026-07-03 13:11:24,417933645#0,residential|restaurant,,823.1026288816429,385.61625104994533,37.49505730126708,127.03020109557775,15143.0,59.0,taxi_respawn_72,picked
dyn_pax_2700,15086.0,2026-07-03 13:11:26,239962780#1,company|restaurant,,78.091042197054,1418.7355011637856,37.504223128704645,127.02153236485597,15165.0,79.0,taxi_respawn_108,picked
dyn_pax_2701,15106.0,2026-07-03 13:11:46,379463134#3,restaurant,,544.2510512741843,1273.4484249309019,37.503002538586315,127.0268378740983,15193.0,87.0,taxi_36,picked
dyn_pax_2702,15109.0,2026-07-03 13:11:49,628232693#0,company|restaurant,,644.2623295929467,660.168099777976,37.49749680792099,127.0281140674837,15174.0,65.0,taxi_31,picked
dyn_pax_2703,15111.0,2026-07-03 13:11:51,129731859#3,restaurant,,873.6090416568148,941.272009001338,37.50007235670303,127.03064062663523,15118.0,7.0,taxi_respawn_42,picked
dyn_pax_2704,15114.0,2026-07-03 13:11:54,309155295#1,restaurant,,764.2225196982893,558.1760304781078,37.4966006705371,127.0294945363528,15123.0,9.0,taxi_respawn_59,picked
dyn_pax_2705,15129.0,2026-07-03 13:12:09,-417933642#1,restaurant,,972.7851169931362,629.1778231901285,37.49727960321316,127.03183581048214,15171.0,42.0,taxi_respawn_79,picked
dyn_pax_2706,15140.0,2026-07-03 13:12:20,-417933645#2,company|restaurant|subway_entrance,,701.1658676593129,719.5455833044954,37.49804244093877,127.02874337560036,15337.0,197.0,taxi_respawn_121,picked
dyn_pax_2707,15152.0,2026-07-03 13:12:32,309155295#3,restaurant,,868.2249250208004,595.011595969151,37.496952113096654,127.03066169877924,15172.0,20.0,taxi_respawn_8,picked
dyn_pax_2708,15178.0,2026-07-03 13:12:58,521770119#0,restaurant|bus_stop,,548.9831206778387,935.1148840516827,37.499955620541705,127.02697161236954,15257.0,79.0,taxi_respawn_67,picked
dyn_pax_2709,15179.0,2026-07-03 13:12:59,-129731717#1,residential|company|restaurant,,188.433090102474,1374.3511058470413,37.503844200149025,127.0227905913032,15323.0,144.0,taxi_37,picked
dyn_pax_2710,15190.0,2026-07-03 13:13:10,-129731834#1,residential,,78.2122165689223,720.9585140244731,37.49793738265588,127.02169964763026,15515.0,325.0,taxi_respawn_20,picked
dyn_pax_2711,15200.0,2026-07-03 13:13:20,1229817205#1,residential|bus_stop,,631.6400080768872,572.7061575261558,37.49670653972221,127.02799208080955,15254.0,54.0,taxi_respawn_118,picked
dyn_pax_2712,15221.0,2026-07-03 13:13:41,521770119#1,restaurant|bus_stop,,527.3115514435282,995.8620162900467,37.50049875494786,127.02671217090477,15307.0,86.0,taxi_respawn_99,picked
dyn_pax_2713,15225.0,2026-07-03 13:13:45,375049565#6,restaurant|subway_entrance|bus_stop,,789.5153251748014,798.8522330112556,37.49877353199428,127.02972351946808,15254.0,29.0,taxi_respawn_64,picked
dyn_pax_2714,15230.0,2026-07-03 13:13:50,305539406,company|restaurant|subway_entrance,,566.389495917364,736.5285064605782,37.49816998085155,127.02721550408178,15326.0,96.0,taxi_respawn_124,picked
dyn_pax_2715,15237.0,2026-07-03 13:13:57,218877837#0,company,,455.71990885566936,1045.563527646426,37.50093295148158,127.02589090425857,15603.0,366.0,taxi_respawn_122,picked
dyn_pax_2716,15245.0,2026-07-03 13:14:05,523141074#0,company|restaurant|subway_entrance,,524.0338794858329,871.4890157117229,37.4993777454413,127.02670460634431,15263.0,18.0,taxi_respawn_97,picked
dyn_pax_2717,15268.0,2026-07-03 13:14:28,305539406,company|restaurant|subway_entrance,,566.389495917364,736.5285064605782,37.49816998085155,127.02721550408178,15506.0,238.0,taxi_respawn_47,picked
dyn_pax_2718,15272.0,2026-07-03 13:14:32,-417750337#6,restaurant,,503.6615133291097,1089.1021319971503,37.50133422142063,127.0264226479345,15313.0,41.0,taxi_respawn_55,picked
dyn_pax_2719,15278.0,2026-07-03 13:14:38,520307304#0,school|subway_entrance|bus_stop,,602.6035134310263,763.145495629718,37.498416594724866,127.02761864854104,15290.0,12.0,taxi_respawn_86,picked
dyn_pax_2720,15280.0,2026-07-03 13:14:40,506191135#3,residential|company|restaurant|bus_stop,,238.79972345576414,789.4714057742513,37.49858497042428,127.023499044737,15322.0,42.0,taxi_respawn_107,picked
dyn_pax_2721,15286.0,2026-07-03 13:14:46,1229817205#0,company|subway_entrance|bus_stop,,599.2457558679199,652.2907550986157,37.497417346160496,127.02760695963683,15312.0,26.0,taxi_respawn_90,picked
dyn_pax_2722,15292.0,2026-07-03 13:14:52,520307304#0,school|subway_entrance|bus_stop,,602.6035134310263,763.145495629718,37.498416594724866,127.02761864854104,15316.0,24.0,taxi_respawn_27,picked
dyn_pax_2723,15293.0,2026-07-03 13:14:53,417750337#3,restaurant,,561.9223834850405,1183.7905002369655,37.50219821136863,127.02705894855978,,,,unpicked
dyn_pax_2724,15308.0,2026-07-03 13:15:08,504227069,residential|restaurant,,587.1158993285404,291.7776336445087,37.494167438547194,127.02755526357365,15431.0,123.0,taxi_respawn_89,picked
dyn_pax_2725,15320.0,2026-07-03 13:15:20,521770119#0,restaurant|bus_stop,,548.9831206778387,935.1148840516827,37.499955620541705,127.02697161236954,15503.0,183.0,taxi_respawn_61,picked
dyn_pax_2726,15328.0,2026-07-03 13:15:28,129731857#1,residential|restaurant,,656.8212873140518,799.6615847813327,37.498755780674834,127.02822301071001,15439.0,111.0,taxi_respawn_126,picked
dyn_pax_2727,15332.0,2026-07-03 13:15:32,417750337#3,restaurant,,561.9223834850405,1183.7905002369655,37.50219821136863,127.02705894855978,,,,unpicked
dyn_pax_2728,15356.0,2026-07-03 13:15:56,521770119#0,restaurant|bus_stop,,548.9831206778387,935.1148840516827,37.499955620541705,127.02697161236954,15392.0,36.0,taxi_respawn_127,picked
dyn_pax_2729,15361.0,2026-07-03 13:16:01,309155295#0,company|restaurant,,688.2712938579457,529.5739965525526,37.49632868191341,127.02864258735015,15420.0,59.0,taxi_19,picked
dyn_pax_2730,15387.0,2026-07-03 13:16:27,506191135#3,residential|company|restaurant|bus_stop,,238.79972345576414,789.4714057742513,37.49858497042428,127.023499044737,15455.0,68.0,taxi_respawn_108,picked
dyn_pax_2731,15390.0,2026-07-03 13:16:30,417933642#2,residential|restaurant,,976.5976168723116,645.9370182109647,37.49743129415275,127.0318749523804,15440.0,50.0,taxi_respawn_34,picked
dyn_pax_2732,15395.0,2026-07-03 13:16:35,379463134#4,restaurant,,574.4815382344308,1284.0756787717605,37.50310398350559,127.02717717678497,15896.0,501.0,taxi_28,picked
dyn_pax_2733,15395.0,2026-07-03 13:16:35,521766175#3,company|restaurant|subway_entrance|bus_stop,,373.6701172395771,1298.610217621072,37.50319695740621,127.02490310718325,15415.0,20.0,taxi_25,picked
dyn_pax_2734,15412.0,2026-07-03 13:16:52,-506191135#22,residential|company|restaurant|bus_stop,,38.693950105848444,1321.9513167019495,37.50334380565249,127.02110990869835,15559.0,147.0,taxi_24,picked
dyn_pax_2735,15421.0,2026-07-03 13:17:01,521766175#3,company|restaurant|subway_entrance|bus_stop,,373.6701172395771,1298.610217621072,37.50319695740621,127.02490310718325,15686.0,265.0,taxi_respawn_98,picked
dyn_pax_2736,15423.0,2026-07-03 13:17:03,523141074#0,company|restaurant|subway_entrance,,524.0338794858329,871.4890157117229,37.4993777454413,127.02670460634431,15671.0,248.0,taxi_respawn_54,picked
dyn_pax_2737,15424.0,2026-07-03 13:17:04,-117790039#4,restaurant,,976.1736160857955,1107.3942396063046,37.50158817580974,127.03176100793065,15457.0,33.0,taxi_respawn_71,picked
dyn_pax_2738,15443.0,2026-07-03 13:17:23,375049565#6,restaurant|subway_entrance|bus_stop,,789.5153251748014,798.8522330112556,37.49877353199428,127.02972351946808,15450.0,7.0,taxi_16,picked
dyn_pax_2739,15452.0,2026-07-03 13:17:32,521766175#1,company|restaurant|subway_entrance,,332.9365590021661,1411.5585828157227,37.504206724109,127.02441570308932,15496.0,44.0,taxi_respawn_97,picked
dyn_pax_2740,15474.0,2026-07-03 13:17:54,504512001,restaurant,,488.2111633916996,684.0143948730154,37.497682147346794,127.02634403725544,15622.0,148.0,taxi_respawn_129,picked
dyn_pax_2741,15477.0,2026-07-03 13:17:57,129731858#2,restaurant,,783.9672744139122,855.548332172334,37.49928322221005,127.02964736483162,15509.0,32.0,taxi_respawn_43,picked
dyn_pax_2742,15484.0,2026-07-03 13:18:04,-1011529829#3,residential|restaurant,,246.84006179949273,776.1178104815556,37.49846619888778,127.02359312469504,15531.0,47.0,taxi_respawn_64,picked
dyn_pax_2743,15488.0,2026-07-03 13:18:08,520307304#0,school|subway_entrance|bus_stop,,602.6035134310263,763.145495629718,37.498416594724866,127.02761864854104,15796.0,308.0,taxi_respawn_30,picked
dyn_pax_2744,15491.0,2026-07-03 13:18:11,129733424#1,restaurant,,625.7652907028337,1027.567371479777,37.50080296382065,127.02781785674841,15601.0,110.0,taxi_respawn_41,picked
dyn_pax_2745,15493.0,2026-07-03 13:18:13,628232693#0,company|restaurant,,644.2623295929467,660.168099777976,37.49749680792099,127.0281140674837,15561.0,68.0,taxi_18,picked
dyn_pax_2746,15497.0,2026-07-03 13:18:17,1117538957#3,restaurant|subway_entrance|bus_stop,,465.5082521847807,644.8780924026132,37.49732530507706,127.02609663221197,15571.0,74.0,taxi_respawn_119,picked
dyn_pax_2747,15500.0,2026-07-03 13:18:20,417750337#2,restaurant,,602.0112566641748,1239.22102407953,37.50270511928559,127.02749909599581,15902.0,402.0,taxi_respawn_78,picked
dyn_pax_2748,15510.0,2026-07-03 13:18:30,990628460#0,restaurant,,624.9193131653682,704.9656163236222,37.49789670602668,127.02788475117727,15520.0,10.0,taxi_14,picked
dyn_pax_2749,15516.0,2026-07-03 13:18:36,975332778#1,bus_stop,,681.6099970732737,721.9380561808346,37.49806030190971,127.02852170075586,15554.0,38.0,taxi_respawn_112,picked
dyn_pax_2750,15527.0,2026-07-03 13:18:47,523141074#0,company|restaurant|subway_entrance,,524.0338794858329,871.4890157117229,37.4993777454413,127.02670460634431,15533.0,6.0,taxi_respawn_117,picked
dyn_pax_2751,15530.0,2026-07-03 13:18:50,521766182#1,company|restaurant|subway_entrance,,681.695169875507,539.6867345716422,37.496418539503196,127.02856584056028,15608.0,78.0,taxi_respawn_128,picked
dyn_pax_2752,15546.0,2026-07-03 13:19:06,520307304#0,school|subway_entrance|bus_stop,,602.6035134310263,763.145495629718,37.498416594724866,127.02761864854104,15888.0,342.0,taxi_respawn_123,picked
dyn_pax_2753,15549.0,2026-07-03 13:19:09,-504509918#2,company|restaurant|bus_stop,,398.9694242295193,827.4758220967593,37.49895762305832,127.02530099003066,15602.0,53.0,taxi_respawn_106,picked
dyn_pax_2754,15560.0,2026-07-03 13:19:20,417933645#2,residential|company|restaurant,,757.7944798520502,568.4010952306102,37.496691568512986,127.02941943794849,15575.0,15.0,taxi_respawn_17,picked
dyn_pax_2755,15569.0,2026-07-03 13:19:29,305539406,company|restaurant|subway_entrance,,566.389495917364,736.5285064605782,37.49816998085155,127.02721550408178,15690.0,121.0,taxi_respawn_121,picked
dyn_pax_2756,15583.0,2026-07-03 13:19:43,521766182#1,company|restaurant|subway_entrance,,681.695169875507,539.6867345716422,37.496418539503196,127.02856584056028,15716.0,133.0,taxi_10,picked
dyn_pax_2757,15587.0,2026-07-03 13:19:47,-379463134#2,restaurant,,527.5499142349145,1277.2476095039178,37.503033607059436,127.02664812966836,15886.0,299.0,taxi_0,picked
dyn_pax_2758,15605.0,2026-07-03 13:20:05,-417750337#4,restaurant,,542.6552277079157,1139.0745154802132,37.5017917560025,127.02685169754334,15935.0,330.0,taxi_respawn_118,picked
dyn_pax_2759,15618.0,2026-07-03 13:20:18,-417750337#2,restaurant,,578.5487433358253,1191.18897592047,37.50226799999912,127.02724519016736,15624.0,6.0,taxi_respawn_49,picked
dyn_pax_2760,15631.0,2026-07-03 13:20:31,218857636#1,residential|company|restaurant|bus_stop,,297.92905089287035,623.2061345250047,37.49709839153085,127.02420706961871,15669.0,38.0,taxi_respawn_79,picked
dyn_pax_2761,15633.0,2026-07-03 13:20:33,521770119#3,restaurant,,495.372237145516,1095.557338436544,37.501390805360316,127.0263273901891,16681.0,1048.0,taxi_30,picked
dyn_pax_2762,15633.0,2026-07-03 13:20:33,117790062#7,restaurant,,610.3314045210797,1078.999817662281,37.50126336859982,127.02763115548898,15688.0,55.0,taxi_respawn_107,picked
dyn_pax_2763,15641.0,2026-07-03 13:20:41,117823785#0,company|restaurant,,1360.8740206736493,851.0492627492013,37.499351351792384,127.0361713398344,15722.0,81.0,taxi_respawn_103,picked
dyn_pax_2764,15643.0,2026-07-03 13:20:43,309155295#1,restaurant,,764.2225196982893,558.1760304781078,37.4966006705371,127.0294945363528,15648.0,5.0,taxi_31,picked
dyn_pax_2765,15655.0,2026-07-03 13:20:55,-129731721#2,company|restaurant,,388.6558839574922,820.9778890483499,37.49889713764622,127.02518592115393,15895.0,240.0,taxi_respawn_130,picked
dyn_pax_2766,15682.0,2026-07-03 13:21:22,-417933642#1,restaurant,,972.7851169931362,629.1778231901285,37.49727960321316,127.03183581048214,15711.0,29.0,taxi_respawn_105,picked
dyn_pax_2767,15685.0,2026-07-03 13:21:25,-309155295#4,residential|restaurant,,966.4689567179357,639.4784987131154,37.49737120494098,127.0317619612052,15710.0,25.0,taxi_respawn_75,picked
dyn_pax_2768,15689.0,2026-07-03 13:21:29,520307304#0,school|subway_entrance|bus_stop,,602.6035134310263,763.145495629718,37.498416594724866,127.02761864854104,15718.0,29.0,taxi_respawn_72,picked
dyn_pax_2769,15703.0,2026-07-03 13:21:43,521770119#1,restaurant|bus_stop,,527.3115514435282,995.8620162900467,37.50049875494786,127.02671217090477,15716.0,13.0,taxi_respawn_58,picked
dyn_pax_2770,15725.0,2026-07-03 13:22:05,117790039#3,restaurant,,1021.8645860465238,1004.4924062015546,37.500669811640854,127.03230197280303,15756.0,31.0,taxi_respawn_112,picked
dyn_pax_2771,15729.0,2026-07-03 13:22:09,1056882877#3,residential|company|restaurant,,365.79280968467333,433.0557487307964,37.495398294451746,127.02501948586043,15772.0,43.0,taxi_respawn_133,picked
dyn_pax_2772,15735.0,2026-07-03 13:22:15,-379232155,restaurant,,999.2800162208075,449.1965960198298,37.495663263085994,127.03217793178025,15746.0,11.0,taxi_respawn_71,picked
dyn_pax_2773,15739.0,2026-07-03 13:22:19,117790041#3,restaurant,,485.8172797724441,1249.4366376844557,37.50277519064896,127.0261828476699,15747.0,8.0,taxi_respawn_67,picked
dyn_pax_2774,15745.0,2026-07-03 13:22:25,521766175#3,company|restaurant|subway_entrance|bus_stop,,373.6701172395771,1298.610217621072,37.50319695740621,127.02490310718325,15960.0,215.0,taxi_8,picked
dyn_pax_2775,15749.0,2026-07-03 13:22:29,523141074#0,company|restaurant|subway_entrance,,524.0338794858329,871.4890157117229,37.4993777454413,127.02670460634431,15758.0,9.0,taxi_respawn_26,picked
dyn_pax_2776,15754.0,2026-07-03 13:22:34,494824662#3,company|restaurant|subway_entrance,,729.424850252167,406.6843378518681,37.49522941823122,127.02913698209235,15808.0,54.0,taxi_respawn_17,picked
dyn_pax_2777,15762.0,2026-07-03 13:22:42,219837933#0,residential|company,,49.0199205680682,1328.1480294371383,37.503401583976704,127.02122519296726,15885.0,123.0,taxi_respawn_27,picked
dyn_pax_2778,15765.0,2026-07-03 13:22:45,521770119#1,restaurant|bus_stop,,527.3115514435282,995.8620162900467,37.50049875494786,127.02671217090477,15806.0,41.0,taxi_16,picked
dyn_pax_2779,15784.0,2026-07-03 13:23:04,1229817205#1,residential|bus_stop,,631.6400080768872,572.7061575261558,37.49670653972221,127.02799208080955,15845.0,61.0,taxi_respawn_116,picked
dyn_pax_2780,15793.0,2026-07-03 13:23:13,1376141182#0,bus_stop,,385.7154046370183,1301.0311255965628,37.50322104370192,127.02503873135461,16043.0,250.0,taxi_2,picked
dyn_pax_2781,15795.0,2026-07-03 13:23:15,504227067#4,residential|restaurant,,502.84500120553366,479.2066548114549,37.49583994070096,127.02655806263846,15830.0,35.0,taxi_respawn_128,picked
dyn_pax_2782,15800.0,2026-07-03 13:23:20,-309155295#4,residential|restaurant,,966.4689567179357,639.4784987131154,37.49737120494098,127.0317619612052,15833.0,33.0,taxi_respawn_108,picked
dyn_pax_2783,15808.0,2026-07-03 13:23:28,129731721#0,company|restaurant,,451.4485582282947,673.334514427724,37.497578992002325,127.0259309178301,15816.0,8.0,taxi_respawn_98,picked
dyn_pax_2784,15815.0,2026-07-03 13:23:35,218857636#1,residential|company|restaurant|bus_stop,,297.92905089287035,623.2061345250047,37.49709839153085,127.02420706961871,15849.0,34.0,taxi_respawn_37,picked
dyn_pax_2785,15862.0,2026-07-03 13:24:22,-417750337#2,restaurant,,578.5487433358253,1191.18897592047,37.50226799999912,127.02724519016736,15869.0,7.0,taxi_respawn_113,picked
dyn_pax_2786,15865.0,2026-07-03 13:24:25,417933645#2,residential|company|restaurant,,757.7944798520502,568.4010952306102,37.496691568512986,127.02941943794849,15888.0,23.0,taxi_respawn_25,picked
dyn_pax_2787,15876.0,2026-07-03 13:24:36,506191135#3,residential|company|restaurant|bus_stop,,238.79972345576414,789.4714057742513,37.49858497042428,127.023499044737,15887.0,11.0,taxi_19,picked
dyn_pax_2788,15877.0,2026-07-03 13:24:37,521766180#1,company|restaurant|bus_stop,,466.73410130235357,1169.2838037446552,37.502049542882666,127.02598608796039,16391.0,514.0,taxi_respawn_72,picked
dyn_pax_2789,15878.0,2026-07-03 13:24:38,309155295#3,restaurant,,868.2249250208004,595.011595969151,37.496952113096654,127.03066169877924,15893.0,15.0,taxi_respawn_110,picked
dyn_pax_2790,15880.0,2026-07-03 13:24:40,129731859#3,restaurant,,873.6090416568148,941.272009001338,37.50007235670303,127.03064062663523,15899.0,19.0,taxi_respawn_104,picked
dyn_pax_2791,15881.0,2026-07-03 13:24:41,-417750337#4,restaurant,,542.6552277079157,1139.0745154802132,37.5017917560025,127.02685169754334,15942.0,61.0,taxi_respawn_73,picked
dyn_pax_2792,15888.0,2026-07-03 13:24:48,1229817205#1,residential|bus_stop,,631.6400080768872,572.7061575261558,37.49670653972221,127.02799208080955,15973.0,85.0,taxi_respawn_49,picked
dyn_pax_2793,15903.0,2026-07-03 13:25:03,239962780#1,company|restaurant,,78.091042197054,1418.7355011637856,37.504223128704645,127.02153236485597,15978.0,75.0,taxi_respawn_127,picked
dyn_pax_2794,15910.0,2026-07-03 13:25:10,178441450#1,residential|company|restaurant|bus_stop,,282.90243066757296,609.4157395563556,37.496971320837204,127.02404044855805,15938.0,28.0,taxi_respawn_119,picked
dyn_pax_2795,15915.0,2026-07-03 13:25:15,-129731858#1,restaurant,,779.3164249772793,838.8541978668718,37.49913195860003,127.0295987323456,15919.0,4.0,taxi_respawn_124,picked
dyn_pax_2796,15920.0,2026-07-03 13:25:20,-256787796#7,restaurant,,650.4923169509016,809.9698095387197,37.49884744554127,127.02814900895488,16157.0,237.0,taxi_respawn_9,picked
dyn_pax_2797,15922.0,2026-07-03 13:25:22,521766175#3,company|restaurant|subway_entrance|bus_stop,,373.6701172395771,1298.610217621072,37.50319695740621,127.02490310718325,16224.0,302.0,taxi_respawn_100,picked
dyn_pax_2798,15924.0,2026-07-03 13:25:24,1229817205#0,company|subway_entrance|bus_stop,,599.2457558679199,652.2907550986157,37.497417346160496,127.02760695963683,16020.0,96.0,taxi_37,picked
dyn_pax_2799,15931.0,2026-07-03 13:25:31,-256787796#7,restaurant,,650.4923169509016,809.9698095387197,37.49884744554127,127.02814900895488,16148.0,217.0,taxi_respawn_117,picked
dyn_pax_2800,15934.0,2026-07-03 13:25:34,26163000#0,restaurant,,655.1679463942612,1215.3400880972458,37.50250003106797,127.02810580802628,15946.0,12.0,taxi_respawn_106,picked
dyn_pax_2801,15938.0,2026-07-03 13:25:38,-117823785#1,restaurant,,983.1954817367493,635.6880668681273,37.49734021138362,127.03195197441553,15946.0,8.0,taxi_respawn_62,picked
dyn_pax_2802,15940.0,2026-07-03 13:25:40,117790041#2,restaurant,,441.66460303662666,1376.669936706078,37.50391299976682,127.0256534125234,15971.0,31.0,taxi_respawn_26,picked
dyn_pax_2803,15941.0,2026-07-03 13:25:41,975332778#0,restaurant,,667.9217791522676,716.9366930139246,37.49801266412058,127.02836812020041,15944.0,3.0,taxi_27,picked
dyn_pax_2804,15943.0,2026-07-03 13:25:43,417750354#1,restaurant,,919.2899707887079,1024.6134421491665,37.5008317366974,127.03113741131199,15987.0,44.0,taxi_18,picked
dyn_pax_2805,15952.0,2026-07-03 13:25:52,-256787796#8,restaurant,,666.7735412908731,765.3811461974922,37.49844885044044,127.02834365925706,16161.0,209.0,taxi_respawn_126,picked
dyn_pax_2806,15963.0,2026-07-03 13:26:03,-504227067#3,restaurant,,527.7289520354611,471.5483450335965,37.495775653483,127.02684121970124,16056.0,93.0,taxi_respawn_34,picked
dyn_pax_2807,15969.0,2026-07-03 13:26:09,521770116#2,company|restaurant|bus_stop,,432.3182248087171,1108.514093563608,37.50149560521279,127.02561136613096,16969.0,1000.0,taxi_respawn_30,picked
dyn_pax_2808,15971.0,2026-07-03 13:26:11,117790062#7,restaurant,,610.3314045210797,1078.999817662281,37.50126336859982,127.02763115548898,16097.0,126.0,taxi_respawn_121,picked
dyn_pax_2809,15976.0,2026-07-03 13:26:16,375049565#6,restaurant|subway_entrance|bus_stop,,789.5153251748014,798.8522330112556,37.49877353199428,127.02972351946808,15990.0,14.0,taxi_respawn_58,picked
dyn_pax_2810,15983.0,2026-07-03 13:26:23,-417750337#4,restaurant,,542.6552277079157,1139.0745154802132,37.5017917560025,127.02685169754334,16189.0,206.0,taxi_respawn_75,picked
dyn_pax_2811,15998.0,2026-07-03 13:26:38,521766180#1,company|restaurant|bus_stop,,466.73410130235357,1169.2838037446552,37.502049542882666,127.02598608796039,17021.0,1023.0,taxi_respawn_90,picked
dyn_pax_2812,16006.0,2026-07-03 13:26:46,218864491#0,restaurant|bus_stop,,769.9803916976219,760.1217113917903,37.49842094941813,127.02951181742357,16016.0,10.0,taxi_respawn_98,picked
dyn_pax_2813,16034.0,2026-07-03 13:27:14,129731859#6,restaurant,,984.8051641629477,982.1134039896856,37.50046123095764,127.0318882391282,16054.0,20.0,taxi_16,picked
dyn_pax_2814,16039.0,2026-07-03 13:27:19,521770119#0,restaurant|bus_stop,,548.9831206778387,935.1148840516827,37.499955620541705,127.02697161236954,16490.0,451.0,taxi_3,picked
dyn_pax_2815,16041.0,2026-07-03 13:27:21,-117790045#0,restaurant,,544.8147652988505,1238.053441474183,37.50268379633789,127.0268526423962,16250.0,209.0,taxi_25,picked
dyn_pax_2816,16064.0,2026-07-03 13:27:44,218873820#0,restaurant|subway_entrance|bus_stop,,628.9829311132032,562.4061665928522,37.49661325243901,127.02796447999128,16206.0,142.0,taxi_respawn_43,picked
dyn_pax_2817,16066.0,2026-07-03 13:27:46,-417750336#5,restaurant,,886.0343029737398,891.1232225857099,37.499622942823265,127.030792984823,16084.0,18.0,taxi_respawn_99,picked
dyn_pax_2818,16073.0,2026-07-03 13:27:53,494824662#3,company|restaurant|subway_entrance,,729.424850252167,406.6843378518681,37.49522941823122,127.02913698209235,16194.0,121.0,taxi_respawn_130,picked
dyn_pax_2819,16107.0,2026-07-03 13:28:27,256787796#5,restaurant,,616.3422671393917,878.7532899245961,37.49946062055924,127.02774658517313,16242.0,135.0,taxi_respawn_107,picked
dyn_pax_2820,16123.0,2026-07-03 13:28:43,-541692164#2,subway_entrance,,317.7122087179151,1441.0296574375257,37.504469327730426,127.0242365566347,16306.0,183.0,taxi_respawn_135,picked
dyn_pax_2821,16135.0,2026-07-03 13:28:55,-913950883#1,residential|company|restaurant,,391.36286393582424,840.6655979518604,37.49907500229157,127.0252118555046,16211.0,76.0,taxi_respawn_64,picked
dyn_pax_2822,16145.0,2026-07-03 13:29:05,-376649996#1,company,,349.947152138941,1.6182517984103069,37.49150877654974,127.02494272030683,16257.0,112.0,taxi_19,picked
dyn_pax_2823,16152.0,2026-07-03 13:29:12,218857636#1,residential|company|restaurant|bus_stop,,297.92905089287035,623.2061345250047,37.49709839153085,127.02420706961871,16162.0,10.0,taxi_0,picked
dyn_pax_2824,16160.0,2026-07-03 13:29:20,379463124,restaurant,,554.9909183636056,1244.5663744100702,37.50274438945946,127.02696616135114,16245.0,85.0,taxi_respawn_58,picked
dyn_pax_2825,16176.0,2026-07-03 13:29:36,521766180#1,company|restaurant|bus_stop,,466.73410130235357,1169.2838037446552,37.502049542882666,127.02598608796039,16677.0,501.0,taxi_respawn_47,picked
dyn_pax_2826,16180.0,2026-07-03 13:29:40,-117790031#1,restaurant,,730.7814463439225,1053.3410552584976,37.501054966737435,127.02899915797848,16189.0,9.0,taxi_respawn_89,picked
dyn_pax_2827,16193.0,2026-07-03 13:29:53,-542367267#1,bus_stop,,247.51018316686128,1414.7184918773391,37.504219024473855,127.02344900430944,16208.0,15.0,taxi_respawn_116,picked
dyn_pax_2828,16197.0,2026-07-03 13:29:57,-1056882877#5,company|restaurant,,302.41102899925136,583.0415396467946,37.496737424712585,127.0242672800979,16208.0,11.0,taxi_37,picked
dyn_pax_2829,16204.0,2026-07-03 13:30:04,-504509918#2,company|restaurant|bus_stop,,398.9694242295193,827.4758220967593,37.49895762305832,127.02530099003066,16215.0,11.0,taxi_respawn_123,picked
dyn_pax_2830,16205.0,2026-07-03 13:30:05,1376141183#0,bus_stop,,548.2528111146681,901.2117688498424,37.49965007283687,127.02697139402301,16501.0,296.0,taxi_respawn_128,picked
dyn_pax_2831,16221.0,2026-07-03 13:30:21,521766175#3,company|restaurant|subway_entrance|bus_stop,,373.6701172395771,1298.610217621072,37.50319695740621,127.02490310718325,16496.0,275.0,taxi_respawn_54,picked
dyn_pax_2832,16228.0,2026-07-03 13:30:28,-504227067#3,restaurant,,527.7289520354611,471.5483450335965,37.495775653483,127.02684121970124,16248.0,20.0,taxi_respawn_25,picked
dyn_pax_2833,16245.0,2026-07-03 13:30:45,-417933645#1,restaurant,,753.9829961438405,551.6859834676363,37.49654027420169,127.02938030242663,16264.0,19.0,taxi_respawn_45,picked
dyn_pax_2834,16263.0,2026-07-03 13:31:03,521770119#0,restaurant|bus_stop,,548.9831206778387,935.1148840516827,37.499955620541705,127.02697161236954,16306.0,43.0,taxi_respawn_139,picked
dyn_pax_2835,16272.0,2026-07-03 13:31:12,256787796#2,restaurant,,573.8171824012851,1000.9225059734806,37.50055312725627,127.02723680274495,16277.0,5.0,taxi_2,picked
dyn_pax_2836,16272.0,2026-07-03 13:31:12,218864491#0,restaurant|bus_stop,,769.9803916976219,760.1217113917903,37.49842094941813,127.02951181742357,16302.0,30.0,taxi_respawn_131,picked
dyn_pax_2837,16276.0,2026-07-03 13:31:16,417933645#2,residential|company|restaurant,,757.7944798520502,568.4010952306102,37.496691568512986,127.02941943794849,16320.0,44.0,taxi_respawn_115,picked
dyn_pax_2838,16278.0,2026-07-03 13:31:18,-26163000#1,restaurant,,613.3034084576574,1234.0026207389662,37.50266024308643,127.02762801542576,16302.0,24.0,taxi_respawn_104,picked
dyn_pax_2839,16291.0,2026-07-03 13:31:31,-504509918#2,company|restaurant|bus_stop,,398.9694242295193,827.4758220967593,37.49895762305832,127.02530099003066,16346.0,55.0,taxi_28,picked
dyn_pax_2840,16301.0,2026-07-03 13:31:41,480850873,company|restaurant|bus_stop,,548.1935052770749,708.5896639848544,37.49791486187585,127.0270163956136,16512.0,211.0,taxi_respawn_138,picked
dyn_pax_2841,16305.0,2026-07-03 13:31:45,494824662#3,company|restaurant|subway_entrance,,729.424850252167,406.6843378518681,37.49522941823122,127.02913698209235,16311.0,6.0,taxi_14,picked
dyn_pax_2842,16311.0,2026-07-03 13:31:51,1376141183#0,bus_stop,,548.2528111146681,901.2117688498424,37.49965007283687,127.02697139402301,16574.0,263.0,taxi_respawn_132,picked
dyn_pax_2843,16311.0,2026-07-03 13:31:51,218877837#2,company|restaurant|bus_stop,,479.4555212141038,978.0213907550284,37.500328997763305,127.02617530290202,16603.0,292.0,taxi_respawn_98,picked
dyn_pax_2844,16319.0,2026-07-03 13:31:59,-913950883#1,residential|company|restaurant,,391.36286393582424,840.6655979518604,37.49907500229157,127.0252118555046,16344.0,25.0,taxi_31,picked
dyn_pax_2845,16324.0,2026-07-03 13:32:04,-239954462#0,company,,177.59108854633376,1424.6091910087337,37.50429488616932,127.02265605240045,16419.0,95.0,taxi_respawn_59,picked
dyn_pax_2846,16333.0,2026-07-03 13:32:13,218864491#0,restaurant|bus_stop,,769.9803916976219,760.1217113917903,37.49842094941813,127.02951181742357,16379.0,46.0,taxi_respawn_34,picked
dyn_pax_2847,16334.0,2026-07-03 13:32:14,-379463130#1,restaurant,,595.1104652489141,1131.7345077296688,37.50173554422087,127.02744655088388,16406.0,72.0,taxi_respawn_42,picked
dyn_pax_2848,16344.0,2026-07-03 13:32:24,-256787796#8,restaurant,,666.7735412908731,765.3811461974922,37.49844885044044,127.02834365925706,16516.0,172.0,taxi_respawn_97,picked
dyn_pax_2849,16346.0,2026-07-03 13:32:26,504227067#4,residential|restaurant,,502.84500120553366,479.2066548114549,37.49583994070096,127.02655806263846,16387.0,41.0,taxi_respawn_9,picked
dyn_pax_2850,16382.0,2026-07-03 13:33:02,-417750337#0,restaurant,,672.8749254632385,1321.3640627464144,37.50345847130562,127.02828089713113,16399.0,17.0,taxi_respawn_27,picked
dyn_pax_2851,16384.0,2026-07-03 13:33:04,375049565#6,restaurant|subway_entrance|bus_stop,,789.5153251748014,798.8522330112556,37.49877353199428,127.02972351946808,16495.0,111.0,taxi_respawn_73,picked
dyn_pax_2852,16392.0,2026-07-03 13:33:12,129731720#0,residential|company|restaurant,,292.10678712231254,1113.150773394943,37.50151085547559,127.02402489828896,16593.0,201.0,taxi_respawn_116,picked
dyn_pax_2853,16393.0,2026-07-03 13:33:13,504227067#0,restaurant,,638.7551174354396,526.833121212444,37.49629464408366,127.02808339614947,16441.0,48.0,taxi_respawn_126,picked
dyn_pax_2854,16398.0,2026-07-03 13:33:18,541692164#1,subway_entrance,,271.6277521231475,1406.6420105391767,37.5041508337347,127.02372362926798,16568.0,170.0,taxi_respawn_8,picked
dyn_pax_2855,16400.0,2026-07-03 13:33:20,218857636#1,residential|company|restaurant|bus_stop,,297.92905089287035,623.2061345250047,37.49709839153085,127.02420706961871,16656.0,256.0,taxi_37,picked
dyn_pax_2856,16406.0,2026-07-03 13:33:26,309155295#0,company|restaurant,,688.2712938579457,529.5739965525526,37.49632868191341,127.02864258735015,16470.0,64.0,taxi_respawn_113,picked
dyn_pax_2857,16427.0,2026-07-03 13:33:47,-309155295#0,restaurant,,747.4684617800942,561.8059110120743,37.49663020867341,127.0293042509181,16453.0,26.0,taxi_respawn_89,picked
dyn_pax_2858,16431.0,2026-07-03 13:33:51,-541692164#2,subway_entrance,,317.7122087179151,1441.0296574375257,37.504469327730426,127.0242365566347,16665.0,234.0,taxi_respawn_20,picked
dyn_pax_2859,16448.0,2026-07-03 13:34:08,1376141182#0,bus_stop,,385.7154046370183,1301.0311255965628,37.50322104370192,127.02503873135461,16497.0,49.0,taxi_respawn_79,picked
dyn_pax_2860,16468.0,2026-07-03 13:34:28,506191135#3,residential|company|restaurant|bus_stop,,238.79972345576414,789.4714057742513,37.49858497042428,127.023499044737,16490.0,22.0,taxi_respawn_108,picked
dyn_pax_2861,16470.0,2026-07-03 13:34:30,417933642#2,residential|restaurant,,976.5976168723116,645.9370182109647,37.49743129415275,127.0318749523804,16493.0,23.0,taxi_respawn_117,picked
dyn_pax_2862,16477.0,2026-07-03 13:34:37,117823785#0,company|restaurant,,1360.8740206736493,851.0492627492013,37.499351351792384,127.0361713398344,16549.0,72.0,taxi_respawn_71,picked
dyn_pax_2863,16487.0,2026-07-03 13:34:47,494824662#3,company|restaurant|subway_entrance,,729.424850252167,406.6843378518681,37.49522941823122,127.02913698209235,16636.0,149.0,taxi_respawn_140,picked
dyn_pax_2864,16487.0,2026-07-03 13:34:47,-117790045#3,restaurant,,459.7597996777886,1476.3698694609513,37.50481454718326,127.02583436303603,16618.0,131.0,taxi_respawn_119,picked
dyn_pax_2865,16500.0,2026-07-03 13:35:00,417750337#2,restaurant,,602.0112566641748,1239.22102407953,37.50270511928559,127.02749909599581,16525.0,25.0,taxi_respawn_72,picked
dyn_pax_2866,16501.0,2026-07-03 13:35:01,990628460#0,restaurant,,624.9193131653682,704.9656163236222,37.49789670602668,127.02788475117727,16511.0,10.0,taxi_respawn_137,picked
dyn_pax_2867,16502.0,2026-07-03 13:35:02,117790045#3,restaurant,,504.6202003222114,1382.6101305390487,37.50397841113055,127.02636386411817,16613.0,111.0,taxi_respawn_105,picked
dyn_pax_2868,16503.0,2026-07-03 13:35:03,117790039#3,restaurant,,1021.8645860465238,1004.4924062015546,37.500669811640854,127.03230197280303,16518.0,15.0,taxi_16,picked
dyn_pax_2869,16505.0,2026-07-03 13:35:05,523141074#0,company|restaurant|subway_entrance,,524.0338794858329,871.4890157117229,37.4993777454413,127.02670460634431,16571.0,66.0,taxi_respawn_115,picked
dyn_pax_2870,16507.0,2026-07-03 13:35:07,521766180#1,company|restaurant|bus_stop,,466.73410130235357,1169.2838037446552,37.502049542882666,127.02598608796039,17320.0,813.0,taxi_respawn_55,picked
dyn_pax_2871,16512.0,2026-07-03 13:35:12,129731852,restaurant,,626.5739131314494,885.3301415107766,37.499521799012015,127.0278607124155,16520.0,8.0,taxi_respawn_64,picked
dyn_pax_2872,16545.0,2026-07-03 13:35:45,-506191135#22,residential|company|restaurant|bus_stop,,38.693950105848444,1321.9513167019495,37.50334380565249,127.02110990869835,16579.0,34.0,taxi_respawn_78,picked
dyn_pax_2873,16552.0,2026-07-03 13:35:52,541692164#1,subway_entrance,,271.6277521231475,1406.6420105391767,37.5041508337347,127.02372362926798,16574.0,22.0,taxi_respawn_99,picked
dyn_pax_2874,16554.0,2026-07-03 13:35:54,1117538958#3,bus_stop,,160.18899290588462,540.6019911995099,37.49632820280781,127.02266936696756,16590.0,36.0,taxi_respawn_85,picked
dyn_pax_2875,16555.0,2026-07-03 13:35:55,-129731717#1,residential|company|restaurant,,188.433090102474,1374.3511058470413,37.503844200149025,127.0227905913032,16584.0,29.0,taxi_respawn_103,picked
dyn_pax_2876,16558.0,2026-07-03 13:35:58,129733424#0,restaurant,,719.7944869540754,1033.9950883209078,37.500878618503414,127.0288795122034,16593.0,35.0,taxi_respawn_131,picked
dyn_pax_2877,16559.0,2026-07-03 13:35:59,417933645#0,residential|restaurant,,823.1026288816429,385.61625104994533,37.49505730126708,127.03020109557775,16606.0,47.0,taxi_respawn_61,picked
dyn_pax_2878,16560.0,2026-07-03 13:36:00,117790062#7,restaurant,,610.3314045210797,1078.999817662281,37.50126336859982,127.02763115548898,16710.0,150.0,taxi_0,picked
dyn_pax_2879,16565.0,2026-07-03 13:36:05,-117790062#4,company,,666.6267400273903,1210.7400577041187,37.50246075614395,127.02823646445898,16588.0,23.0,taxi_respawn_135,picked
dyn_pax_2880,16591.0,2026-07-03 13:36:31,-1011529829#3,residential|restaurant,,246.84006179949273,776.1178104815556,37.49846619888778,127.02359312469504,16631.0,40.0,taxi_27,picked
dyn_pax_2881,16605.0,2026-07-03 13:36:45,129731858#2,restaurant,,783.9672744139122,855.548332172334,37.49928322221005,127.02964736483162,16955.0,350.0,taxi_respawn_124,picked
dyn_pax_2882,16608.0,2026-07-03 13:36:48,375049565#6,restaurant|subway_entrance|bus_stop,,789.5153251748014,798.8522330112556,37.49877353199428,127.02972351946808,16666.0,58.0,taxi_31,picked
dyn_pax_2883,16618.0,2026-07-03 13:36:58,521770116#2,company|restaurant|bus_stop,,432.3182248087171,1108.514093563608,37.50149560521279,127.02561136613096,16869.0,251.0,taxi_14,picked
dyn_pax_2884,16628.0,2026-07-03 13:37:08,-117790045#2,restaurant,,502.6238788004042,1360.6315306450858,37.50378004402999,127.0263465049606,16658.0,30.0,taxi_respawn_134,picked
dyn_pax_2885,16636.0,2026-07-03 13:37:16,1376141183#0,bus_stop,,548.2528111146681,901.2117688498424,37.49965007283687,127.02697139402301,16880.0,244.0,taxi_respawn_27,picked
dyn_pax_2886,16641.0,2026-07-03 13:37:21,-417933642#4,restaurant,,907.3718228697127,805.8014682006251,37.49885835910486,127.03105443169989,16661.0,20.0,taxi_respawn_9,picked
dyn_pax_2887,16655.0,2026-07-03 13:37:35,523141074#0,company|restaurant|subway_entrance,,524.0338794858329,871.4890157117229,37.4993777454413,127.02670460634431,17033.0,378.0,taxi_respawn_113,picked
dyn_pax_2888,16658.0,2026-07-03 13:37:38,521766175#3,company|restaurant|subway_entrance|bus_stop,,373.6701172395771,1298.610217621072,37.50319695740621,127.02490310718325,17130.0,472.0,taxi_respawn_7,picked
dyn_pax_2889,16664.0,2026-07-03 13:37:44,521766175#3,company|restaurant|subway_entrance|bus_stop,,373.6701172395771,1298.610217621072,37.50319695740621,127.02490310718325,16671.0,7.0,taxi_respawn_8,picked
dyn_pax_2890,16666.0,2026-07-03 13:37:46,521766180#1,company|restaurant|bus_stop,,466.73410130235357,1169.2838037446552,37.502049542882666,127.02598608796039,16682.0,16.0,taxi_respawn_45,picked
dyn_pax_2891,16675.0,2026-07-03 13:37:55,480850873,company|restaurant|bus_stop,,548.1935052770749,708.5896639848544,37.49791486187585,127.0270163956136,16784.0,109.0,taxi_2,picked
dyn_pax_2892,16679.0,2026-07-03 13:37:59,990628460#0,restaurant,,624.9193131653682,704.9656163236222,37.49789670602668,127.02788475117727,16689.0,10.0,taxi_respawn_80,picked
dyn_pax_2893,16680.0,2026-07-03 13:38:00,506191135#3,residential|company|restaurant|bus_stop,,238.79972345576414,789.4714057742513,37.49858497042428,127.023499044737,16717.0,37.0,taxi_respawn_104,picked
dyn_pax_2894,16702.0,2026-07-03 13:38:22,129733424#3,restaurant,,568.5053070143441,1008.1195751958668,37.500616957275064,127.02717503574868,16806.0,104.0,taxi_respawn_133,picked
dyn_pax_2895,16703.0,2026-07-03 13:38:23,521766175#1,company|restaurant|subway_entrance,,332.9365590021661,1411.5585828157227,37.504206724109,127.02441570308932,16948.0,245.0,taxi_respawn_59,picked
dyn_pax_2896,16739.0,2026-07-03 13:38:59,521766180#1,company|restaurant|bus_stop,,466.73410130235357,1169.2838037446552,37.502049542882666,127.02598608796039,16859.0,120.0,taxi_respawn_119,picked
dyn_pax_2897,16757.0,2026-07-03 13:39:17,379463134#0,company,,445.604196565268,1237.9330600893716,37.50266396162017,127.02573088108544,16853.0,96.0,taxi_respawn_17,picked
dyn_pax_2898,16762.0,2026-07-03 13:39:22,-506191135#22,residential|company|restaurant|bus_stop,,38.693950105848444,1321.9513167019495,37.50334380565249,127.02110990869835,16838.0,76.0,taxi_respawn_115,picked
dyn_pax_2899,16792.0,2026-07-03 13:39:52,218857636#1,residential|company|restaurant|bus_stop,,297.92905089287035,623.2061345250047,37.49709839153085,127.02420706961871,16928.0,136.0,taxi_respawn_79,picked
dyn_pax_2900,16796.0,2026-07-03 13:39:56,521770116#2,company|restaurant|bus_stop,,432.3182248087171,1108.514093563608,37.50149560521279,127.02561136613096,17137.0,341.0,taxi_respawn_123,picked
dyn_pax_2901,16797.0,2026-07-03 13:39:57,-417750354#1,restaurant,,946.150029211292,974.2465578508335,37.500383078435064,127.03145303198383,16861.0,64.0,taxi_respawn_141,picked
dyn_pax_2902,16798.0,2026-07-03 13:39:58,-506191135#2,residential|bus_stop,,236.19733776439384,769.6838415951818,37.49840622577806,127.02347432089968,16883.0,85.0,taxi_respawn_138,picked
dyn_pax_2903,16801.0,2026-07-03 13:40:01,541692164#1,subway_entrance,,271.6277521231475,1406.6420105391767,37.5041508337347,127.02372362926798,16838.0,37.0,taxi_respawn_137,picked
dyn_pax_2904,16812.0,2026-07-03 13:40:12,-541692164#2,subway_entrance,,317.7122087179151,1441.0296574375257,37.504469327730426,127.0242365566347,17117.0,305.0,taxi_25,picked
dyn_pax_2905,16812.0,2026-07-03 13:40:12,-256787796#5,restaurant,,631.1882908445458,865.4152262944223,37.499343270516576,127.02791760566556,16971.0,159.0,taxi_18,picked
dyn_pax_2906,16823.0,2026-07-03 13:40:23,521766175#1,company|restaurant|subway_entrance,,332.9365590021661,1411.5585828157227,37.504206724109,127.02441570308932,16845.0,22.0,taxi_respawn_121,picked
dyn_pax_2907,16824.0,2026-07-03 13:40:24,504227067#0,restaurant,,638.7551174354396,526.833121212444,37.49629464408366,127.02808339614947,16852.0,28.0,taxi_respawn_26,picked
dyn_pax_2908,16833.0,2026-07-03 13:40:33,309155295#2,restaurant,,836.915506927576,584.1196133409687,37.49684809051661,127.03031028233906,16861.0,28.0,taxi_respawn_112,picked
dyn_pax_2909,16844.0,2026-07-03 13:40:44,521770119#1,restaurant|bus_stop,,527.3115514435282,995.8620162900467,37.50049875494786,127.02671217090477,16929.0,85.0,taxi_respawn_102,picked
dyn_pax_2910,16846.0,2026-07-03 13:40:46,520307304#0,school|subway_entrance|bus_stop,,602.6035134310263,763.145495629718,37.498416594724866,127.02761864854104,16889.0,43.0,taxi_respawn_107,picked
dyn_pax_2911,16853.0,2026-07-03 13:40:53,129733424#0,restaurant,,719.7944869540754,1033.9950883209078,37.500878618503414,127.0288795122034,16883.0,30.0,taxi_respawn_122,picked
dyn_pax_2912,16862.0,2026-07-03 13:41:02,1229817205#0,company|subway_entrance|bus_stop,,599.2457558679199,652.2907550986157,37.497417346160496,127.02760695963683,16931.0,69.0,taxi_respawn_143,picked
dyn_pax_2913,16868.0,2026-07-03 13:41:08,520307304#0,school|subway_entrance|bus_stop,,602.6035134310263,763.145495629718,37.498416594724866,127.02761864854104,16895.0,27.0,taxi_respawn_142,picked
dyn_pax_2914,16882.0,2026-07-03 13:41:22,521770119#1,restaurant|bus_stop,,527.3115514435282,995.8620162900467,37.50049875494786,127.02671217090477,16959.0,77.0,taxi_respawn_129,picked
dyn_pax_2915,16899.0,2026-07-03 13:41:39,417933642#2,residential|restaurant,,976.5976168723116,645.9370182109647,37.49743129415275,127.0318749523804,16927.0,28.0,taxi_respawn_106,picked
dyn_pax_2916,16899.0,2026-07-03 13:41:39,520307304#0,school|subway_entrance|bus_stop,,602.6035134310263,763.145495629718,37.498416594724866,127.02761864854104,16931.0,32.0,taxi_respawn_58,picked
dyn_pax_2917,16906.0,2026-07-03 13:41:46,417933646#0,restaurant,,894.2617302193242,410.3206078764906,37.49529326349135,127.03099977850056,16924.0,18.0,taxi_37,picked
dyn_pax_2918,16910.0,2026-07-03 13:41:50,-417933642#1,restaurant,,972.7851169931362,629.1778231901285,37.49727960321316,127.03183581048214,16956.0,46.0,taxi_0,picked
dyn_pax_2919,16926.0,2026-07-03 13:42:06,-379463134#6,restaurant,,651.5506250710082,1319.679135788758,37.50343926652266,127.02804017641046,16952.0,26.0,taxi_16,picked
dyn_pax_2920,16932.0,2026-07-03 13:42:12,1376141183#0,bus_stop,,548.2528111146681,901.2117688498424,37.49965007283687,127.02697139402301,16988.0,56.0,taxi_respawn_104,picked
dyn_pax_2921,16949.0,2026-07-03 13:42:29,523141074#0,company|restaurant|subway_entrance,,524.0338794858329,871.4890157117229,37.4993777454413,127.02670460634431,17021.0,72.0,taxi_respawn_75,picked
dyn_pax_2922,16952.0,2026-07-03 13:42:32,309155295#2,restaurant,,836.915506927576,584.1196133409687,37.49684809051661,127.03031028233906,17267.0,315.0,taxi_3,picked
dyn_pax_2923,16953.0,2026-07-03 13:42:33,26163000#0,restaurant,,655.1679463942612,1215.3400880972458,37.50250003106797,127.02810580802628,16977.0,24.0,taxi_respawn_20,picked
dyn_pax_2924,16968.0,2026-07-03 13:42:48,-117823785#1,restaurant,,983.1954817367493,635.6880668681273,37.49734021138362,127.03195197441553,17023.0,55.0,taxi_respawn_9,picked
dyn_pax_2925,16971.0,2026-07-03 13:42:51,117790041#3,restaurant,,485.8172797724441,1249.4366376844557,37.50277519064896,127.0261828476699,17013.0,42.0,taxi_respawn_17,picked
dyn_pax_2926,16974.0,2026-07-03 13:42:54,218873820#0,restaurant|subway_entrance|bus_stop,,628.9829311132032,562.4061665928522,37.49661325243901,127.02796447999128,17015.0,41.0,taxi_respawn_47,picked
dyn_pax_2927,16982.0,2026-07-03 13:43:02,-417750336#5,restaurant,,886.0343029737398,891.1232225857099,37.499622942823265,127.030792984823,16992.0,10.0,taxi_respawn_103,picked
dyn_pax_2928,16985.0,2026-07-03 13:43:05,379463134#2,restaurant,,492.9894267673794,1254.822149661426,37.50282506050825,127.0262626667944,17139.0,154.0,taxi_respawn_126,picked
dyn_pax_2929,17012.0,2026-07-03 13:43:32,129731859#4,restaurant,,948.3176585840322,968.5888771831698,37.50033252074231,127.03147887955224,17020.0,8.0,taxi_respawn_89,picked
dyn_pax_2930,17015.0,2026-07-03 13:43:35,-256787796#8,restaurant,,666.7735412908731,765.3811461974922,37.49844885044044,127.02834365925706,17418.0,403.0,taxi_28,picked
dyn_pax_2931,17030.0,2026-07-03 13:43:50,375049565#6,restaurant|subway_entrance|bus_stop,,789.5153251748014,798.8522330112556,37.49877353199428,127.02972351946808,17051.0,21.0,taxi_respawn_105,picked
dyn_pax_2932,17059.0,2026-07-03 13:44:19,256787796#6,restaurant,,626.4884087870183,851.7135990963859,37.499218954480725,127.02786771303293,17072.0,13.0,taxi_respawn_116,picked
dyn_pax_2933,17061.0,2026-07-03 13:44:21,-129731852,restaurant,,721.4959946165901,929.589824990092,37.499938423771525,127.02892348366522,17119.0,58.0,taxi_respawn_119,picked
dyn_pax_2934,17061.0,2026-07-03 13:44:21,521766175#3,company|restaurant|subway_entrance|bus_stop,,373.6701172395771,1298.610217621072,37.50319695740621,127.02490310718325,17375.0,314.0,taxi_respawn_61,picked
dyn_pax_2935,17084.0,2026-07-03 13:44:44,-542367267#1,bus_stop,,247.51018316686128,1414.7184918773391,37.504219024473855,127.02344900430944,17112.0,28.0,taxi_respawn_85,picked
dyn_pax_2936,17102.0,2026-07-03 13:45:02,417750342#0,residential,,845.3624953099543,1340.16590884019,37.50366039527634,127.03022681464076,17138.0,36.0,taxi_respawn_121,picked
dyn_pax_2937,17103.0,2026-07-03 13:45:03,523141074#0,company|restaurant|subway_entrance,,524.0338794858329,871.4890157117229,37.4993777454413,127.02670460634431,17380.0,277.0,taxi_respawn_54,picked
dyn_pax_2938,17106.0,2026-07-03 13:45:06,521766180#1,company|restaurant|bus_stop,,466.73410130235357,1169.2838037446552,37.502049542882666,127.02598608796039,17117.0,11.0,taxi_2,picked
dyn_pax_2939,17126.0,2026-07-03 13:45:26,521766182#1,company|restaurant|subway_entrance,,681.695169875507,539.6867345716422,37.496418539503196,127.02856584056028,17185.0,59.0,taxi_respawn_132,picked
dyn_pax_2940,17130.0,2026-07-03 13:45:30,521766182#1,company|restaurant|subway_entrance,,681.695169875507,539.6867345716422,37.496418539503196,127.02856584056028,17145.0,15.0,taxi_31,picked
dyn_pax_2941,17138.0,2026-07-03 13:45:38,-417933642#1,restaurant,,972.7851169931362,629.1778231901285,37.49727960321316,127.03183581048214,17155.0,17.0,taxi_respawn_142,picked
dyn_pax_2942,17142.0,2026-07-03 13:45:42,-504509918#2,company|restaurant|bus_stop,,398.9694242295193,827.4758220967593,37.49895762305832,127.02530099003066,17210.0,68.0,taxi_respawn_144,picked
dyn_pax_2943,17148.0,2026-07-03 13:45:48,628232693#0,company|restaurant,,644.2623295929467,660.168099777976,37.49749680792099,127.0281140674837,17286.0,138.0,taxi_respawn_45,picked
dyn_pax_2944,17168.0,2026-07-03 13:46:08,521766182#1,company|restaurant|subway_entrance,,681.695169875507,539.6867345716422,37.496418539503196,127.02856584056028,17180.0,12.0,taxi_respawn_97,picked
dyn_pax_2945,17171.0,2026-07-03 13:46:11,-379463124,restaurant,,592.9390816363945,1268.4136255899298,37.5029663815994,127.02738959394404,17199.0,28.0,taxi_respawn_78,picked
dyn_pax_2946,17173.0,2026-07-03 13:46:13,521766182#1,company|restaurant|subway_entrance,,681.695169875507,539.6867345716422,37.496418539503196,127.02856584056028,17221.0,48.0,taxi_14,picked
dyn_pax_2947,17184.0,2026-07-03 13:46:24,-417933645#2,company|restaurant|subway_entrance,,701.1658676593129,719.5455833044954,37.49804244093877,127.02874337560036,17559.0,375.0,taxi_respawn_42,picked
dyn_pax_2948,17193.0,2026-07-03 13:46:33,-506191135#22,residential|company|restaurant|bus_stop,,38.693950105848444,1321.9513167019495,37.50334380565249,127.02110990869835,17215.0,22.0,taxi_30,picked
dyn_pax_2949,17198.0,2026-07-03 13:46:38,417933642#0,restaurant|bus_stop,,1041.0954363710525,463.30841921497654,37.49579826441859,127.03264736696761,17253.0,55.0,taxi_respawn_143,picked
dyn_pax_2950,17204.0,2026-07-03 13:46:44,521770119#0,restaurant|bus_stop,,548.9831206778387,935.1148840516827,37.499955620541705,127.02697161236954,17275.0,71.0,taxi_respawn_34,picked
dyn_pax_2951,17204.0,2026-07-03 13:46:44,178441450#1,residential|company|restaurant|bus_stop,,282.90243066757296,609.4157395563556,37.496971320837204,127.02404044855805,17217.0,13.0,taxi_respawn_26,picked
dyn_pax_2952,17215.0,2026-07-03 13:46:55,218857636#1,residential|company|restaurant|bus_stop,,297.92905089287035,623.2061345250047,37.49709839153085,127.02420706961871,17242.0,27.0,taxi_respawn_106,picked
dyn_pax_2953,17226.0,2026-07-03 13:47:06,-506191135#22,residential|company|restaurant|bus_stop,,38.693950105848444,1321.9513167019495,37.50334380565249,127.02110990869835,17303.0,77.0,taxi_0,picked
dyn_pax_2954,17226.0,2026-07-03 13:47:06,-541692164#2,subway_entrance,,317.7122087179151,1441.0296574375257,37.504469327730426,127.0242365566347,17241.0,15.0,taxi_respawn_113,picked
dyn_pax_2955,17228.0,2026-07-03 13:47:08,-117790045#0,restaurant,,544.8147652988505,1238.053441474183,37.50268379633789,127.0268526423962,17308.0,80.0,taxi_respawn_100,picked
dyn_pax_2956,17229.0,2026-07-03 13:47:09,504227067#4,residential|restaurant,,502.84500120553366,479.2066548114549,37.49583994070096,127.02655806263846,17328.0,99.0,taxi_respawn_118,picked
dyn_pax_2957,17233.0,2026-07-03 13:47:13,-417750336#3,school|company,,868.1859178511071,948.5147012398835,37.50013657861005,127.03057759421064,17300.0,67.0,taxi_respawn_107,picked
dyn_pax_2958,17234.0,2026-07-03 13:47:14,521766175#3,company|restaurant|subway_entrance|bus_stop,,373.6701172395771,1298.610217621072,37.50319695740621,127.02490310718325,17494.0,260.0,taxi_respawn_131,picked
dyn_pax_2959,17234.0,2026-07-03 13:47:14,-256787796#7,restaurant,,650.4923169509016,809.9698095387197,37.49884744554127,127.02814900895488,17350.0,116.0,taxi_respawn_145,picked
dyn_pax_2960,17236.0,2026-07-03 13:47:16,-117790045#3,restaurant,,459.7597996777886,1476.3698694609513,37.50481454718326,127.02583436303603,17285.0,49.0,taxi_18,picked
dyn_pax_2961,17239.0,2026-07-03 13:47:19,117790051#4,restaurant,,495.1920534812603,1378.4842065286966,37.50393946166789,127.02625823552458,17264.0,25.0,taxi_respawn_59,picked
dyn_pax_2962,17256.0,2026-07-03 13:47:36,523141074#0,company|restaurant|subway_entrance,,524.0338794858329,871.4890157117229,37.4993777454413,127.02670460634431,17287.0,31.0,taxi_respawn_122,picked
dyn_pax_2963,17257.0,2026-07-03 13:47:37,1117538957#3,restaurant|subway_entrance|bus_stop,,465.5082521847807,644.8780924026132,37.49732530507706,127.02609663221197,17345.0,88.0,taxi_respawn_141,picked
dyn_pax_2964,17258.0,2026-07-03 13:47:38,521770116#2,company|restaurant|bus_stop,,432.3182248087171,1108.514093563608,37.50149560521279,127.02561136613096,17579.0,321.0,taxi_respawn_43,picked
dyn_pax_2965,17264.0,2026-07-03 13:47:44,-129731857#1,restaurant,,773.0987126859483,849.1784152186673,37.4992237894183,127.02952598601298,17282.0,18.0,taxi_respawn_71,picked
dyn_pax_2966,17274.0,2026-07-03 13:47:54,178441450#1,residential|company|restaurant|bus_stop,,282.90243066757296,609.4157395563556,37.496971320837204,127.02404044855805,17292.0,18.0,taxi_respawn_139,picked
dyn_pax_2967,17282.0,2026-07-03 13:48:02,521766175#3,company|restaurant|subway_entrance|bus_stop,,373.6701172395771,1298.610217621072,37.50319695740621,127.02490310718325,17667.0,385.0,taxi_respawn_104,picked
dyn_pax_2968,17305.0,2026-07-03 13:48:25,218864491#0,restaurant|bus_stop,,769.9803916976219,760.1217113917903,37.49842094941813,127.02951181742357,17339.0,34.0,taxi_respawn_79,picked
dyn_pax_2969,17352.0,2026-07-03 13:49:12,1229817205#0,company|subway_entrance|bus_stop,,599.2457558679199,652.2907550986157,37.497417346160496,127.02760695963683,17370.0,18.0,taxi_respawn_72,picked
dyn_pax_2970,17368.0,2026-07-03 13:49:28,129731859#4,restaurant,,948.3176585840322,968.5888771831698,37.50033252074231,127.03147887955224,17377.0,9.0,taxi_respawn_123,picked
dyn_pax_2971,17379.0,2026-07-03 13:49:39,218877837#0,company,,455.71990885566936,1045.563527646426,37.50093295148158,127.02589090425857,17859.0,480.0,taxi_respawn_25,picked
dyn_pax_2972,17383.0,2026-07-03 13:49:43,506191135#3,residential|company|restaurant|bus_stop,,238.79972345576414,789.4714057742513,37.49858497042428,127.023499044737,17660.0,277.0,taxi_respawn_116,picked
dyn_pax_2973,17387.0,2026-07-03 13:49:47,-309155295#1,residential|restaurant,,820.2174803017108,588.0239695218922,37.496880113093034,127.03012056506905,17408.0,21.0,taxi_respawn_62,picked
dyn_pax_2974,17394.0,2026-07-03 13:49:54,1117538957#0,company|restaurant,,312.91680439510856,589.5311930299885,37.49679787270139,127.0243845203811,17422.0,28.0,taxi_respawn_9,picked
dyn_pax_2975,17400.0,2026-07-03 13:50:00,504227065,company,,441.32681628575455,666.8408278135128,37.497518581743364,127.0258180180219,17443.0,43.0,taxi_respawn_140,picked
dyn_pax_2976,17403.0,2026-07-03 13:50:03,417750337#1,restaurant,,654.3039749436668,1311.1147669608317,37.50336263595113,127.02807333923603,17434.0,31.0,taxi_18,picked
dyn_pax_2977,17405.0,2026-07-03 13:50:05,-1056882877#5,company|restaurant,,302.41102899925136,583.0415396467946,37.496737424712585,127.0242672800979,17417.0,12.0,taxi_respawn_49,picked
dyn_pax_2978,17416.0,2026-07-03 13:50:16,129733424#0,restaurant,,719.7944869540754,1033.9950883209078,37.500878618503414,127.0288795122034,17471.0,55.0,taxi_respawn_7,picked
dyn_pax_2979,17420.0,2026-07-03 13:50:20,-129731717#1,residential|company|restaurant,,188.433090102474,1374.3511058470413,37.503844200149025,127.0227905913032,17426.0,6.0,taxi_respawn_124,picked
dyn_pax_2980,17434.0,2026-07-03 13:50:34,218873820#0,restaurant|subway_entrance|bus_stop,,628.9829311132032,562.4061665928522,37.49661325243901,127.02796447999128,17469.0,35.0,taxi_respawn_46,picked
dyn_pax_2981,17436.0,2026-07-03 13:50:36,1117538957#3,restaurant|subway_entrance|bus_stop,,465.5082521847807,644.8780924026132,37.49732530507706,127.02609663221197,17442.0,6.0,taxi_respawn_80,picked
dyn_pax_2982,17442.0,2026-07-03 13:50:42,417933642#0,restaurant|bus_stop,,1041.0954363710525,463.30841921497654,37.49579826441859,127.03264736696761,17495.0,53.0,taxi_3,picked
dyn_pax_2983,17442.0,2026-07-03 13:50:42,-129731857#1,restaurant,,773.0987126859483,849.1784152186673,37.4992237894183,127.02952598601298,17454.0,12.0,taxi_respawn_134,picked
dyn_pax_2984,17447.0,2026-07-03 13:50:47,375049565#6,restaurant|subway_entrance|bus_stop,,789.5153251748014,798.8522330112556,37.49877353199428,127.02972351946808,17510.0,63.0,taxi_31,picked
dyn_pax_2985,17447.0,2026-07-03 13:50:47,-26163000#3,restaurant,,588.7487146070255,1286.0705793093782,37.50312464930957,127.02733802606956,17462.0,15.0,taxi_respawn_97,picked
dyn_pax_2986,17450.0,2026-07-03 13:50:50,379463134#2,restaurant,,492.9894267673794,1254.822149661426,37.50282506050825,127.0262626667944,17464.0,14.0,taxi_respawn_106,picked
dyn_pax_2987,17460.0,2026-07-03 13:51:00,129731720#0,residential|company|restaurant,,292.10678712231254,1113.150773394943,37.50151085547559,127.02402489828896,17719.0,259.0,taxi_respawn_130,picked
dyn_pax_2988,17473.0,2026-07-03 13:51:13,178441450#1,residential|company|restaurant|bus_stop,,282.90243066757296,609.4157395563556,37.496971320837204,127.02404044855805,17514.0,41.0,taxi_respawn_147,picked
dyn_pax_2989,17473.0,2026-07-03 13:51:13,-1011529829#3,residential|restaurant,,246.84006179949273,776.1178104815556,37.49846619888778,127.02359312469504,17530.0,57.0,taxi_respawn_121,picked
dyn_pax_2990,17486.0,2026-07-03 13:51:26,990628460#0,restaurant,,624.9193131653682,704.9656163236222,37.49789670602668,127.02788475117727,17499.0,13.0,taxi_respawn_8,picked
dyn_pax_2991,17488.0,2026-07-03 13:51:28,-117790045#1,restaurant,,534.0975884889299,1266.9858058167179,37.502942402865294,127.02672459950128,17506.0,18.0,taxi_respawn_30,picked
dyn_pax_2992,17495.0,2026-07-03 13:51:35,480850873,company|restaurant|bus_stop,,548.1935052770749,708.5896639848544,37.49791486187585,127.0270163956136,17508.0,13.0,taxi_respawn_146,picked
dyn_pax_2993,17495.0,2026-07-03 13:51:35,129731721#0,company|restaurant,,451.4485582282947,673.334514427724,37.497578992002325,127.0259309178301,17587.0,92.0,taxi_respawn_98,picked
dyn_pax_2994,17504.0,2026-07-03 13:51:44,-379463134#1,restaurant,,479.36604535588674,1259.6870258351425,37.50286630987452,127.02610747054479,17528.0,24.0,taxi_respawn_58,picked
dyn_pax_2995,17512.0,2026-07-03 13:51:52,-504227067#3,restaurant,,527.7289520354611,471.5483450335965,37.495775653483,127.02684121970124,17584.0,72.0,taxi_respawn_37,picked
dyn_pax_2996,17515.0,2026-07-03 13:51:55,218864491#0,restaurant|bus_stop,,769.9803916976219,760.1217113917903,37.49842094941813,127.02951181742357,17617.0,102.0,taxi_respawn_142,picked
dyn_pax_2997,17529.0,2026-07-03 13:52:09,521770119#0,restaurant|bus_stop,,548.9831206778387,935.1148840516827,37.499955620541705,127.02697161236954,17534.0,5.0,taxi_respawn_103,picked
dyn_pax_2998,17531.0,2026-07-03 13:52:11,-379463124,restaurant,,592.9390816363945,1268.4136255899298,37.5029663815994,127.02738959394404,17552.0,21.0,taxi_respawn_79,picked
dyn_pax_2999,17537.0,2026-07-03 13:52:17,-129731858#3,restaurant,,760.2046779472714,898.6469063162286,37.49966698472747,127.02936848203807,17575.0,38.0,taxi_respawn_115,picked
dyn_pax_3000,17546.0,2026-07-03 13:52:26,-417933645#1,restaurant,,753.9829961438405,551.6859834676363,37.49654027420169,127.02938030242663,17591.0,45.0,taxi_14,picked
dyn_pax_3001,17566.0,2026-07-03 13:52:46,417731530,company|restaurant,,191.66975375905443,1429.5779711342507,37.5043423120142,127.02281406437154,17653.0,87.0,taxi_16,picked
dyn_pax_3002,17577.0,2026-07-03 13:52:57,309155295#0,company|restaurant,,688.2712938579457,529.5739965525526,37.49632868191341,127.02864258735015,17658.0,81.0,taxi_respawn_145,picked
dyn_pax_3003,17579.0,2026-07-03 13:52:59,-417933645#2,company|restaurant|subway_entrance,,701.1658676593129,719.5455833044954,37.49804244093877,127.02874337560036,17664.0,85.0,taxi_respawn_127,picked
dyn_pax_3004,17595.0,2026-07-03 13:53:15,309155295#1,restaurant,,764.2225196982893,558.1760304781078,37.4966006705371,127.0294945363528,17620.0,25.0,taxi_respawn_26,picked
dyn_pax_3005,17599.0,2026-07-03 13:53:19,520307304#0,school|subway_entrance|bus_stop,,602.6035134310263,763.145495629718,37.498416594724866,127.02761864854104,17613.0,14.0,taxi_respawn_119,picked
dyn_pax_3006,17602.0,2026-07-03 13:53:22,1117538957#3,restaurant|subway_entrance|bus_stop,,465.5082521847807,644.8780924026132,37.49732530507706,127.02609663221197,17666.0,64.0,taxi_respawn_126,picked
dyn_pax_3007,17604.0,2026-07-03 13:53:24,129733424#3,restaurant,,568.5053070143441,1008.1195751958668,37.500616957275064,127.02717503574868,17764.0,160.0,taxi_respawn_135,picked
dyn_pax_3008,17618.0,2026-07-03 13:53:38,557469234,restaurant,,982.7249512156621,987.801549540822,37.50051207965727,127.03186337298402,17641.0,23.0,taxi_respawn_112,picked
dyn_pax_3009,17631.0,2026-07-03 13:53:51,129731721#0,company|restaurant,,451.4485582282947,673.334514427724,37.497578992002325,127.0259309178301,17872.0,241.0,taxi_respawn_17,picked
dyn_pax_3010,17644.0,2026-07-03 13:54:04,178441450#1,residential|company|restaurant|bus_stop,,282.90243066757296,609.4157395563556,37.496971320837204,127.02404044855805,18008.0,364.0,taxi_respawn_45,picked
dyn_pax_3011,17667.0,2026-07-03 13:54:27,-506191135#22,residential|company|restaurant|bus_stop,,38.693950105848444,1321.9513167019495,37.50334380565249,127.02110990869835,17691.0,24.0,taxi_0,picked
dyn_pax_3012,17674.0,2026-07-03 13:54:34,117790041#3,restaurant,,485.8172797724441,1249.4366376844557,37.50277519064896,127.0261828476699,17689.0,15.0,taxi_respawn_90,picked
dyn_pax_3013,17675.0,2026-07-03 13:54:35,129731857#1,residential|restaurant,,656.8212873140518,799.6615847813327,37.498755780674834,127.02822301071001,17866.0,191.0,taxi_respawn_128,picked
dyn_pax_3014,17687.0,2026-07-03 13:54:47,975332778#0,restaurant,,667.9217791522676,716.9366930139246,37.49801266412058,127.02836812020041,17774.0,87.0,taxi_respawn_117,picked
dyn_pax_3015,17714.0,2026-07-03 13:55:14,178441450#1,residential|company|restaurant|bus_stop,,282.90243066757296,609.4157395563556,37.496971320837204,127.02404044855805,17786.0,72.0,taxi_37,picked
dyn_pax_3016,17716.0,2026-07-03 13:55:16,1376141182#0,bus_stop,,385.7154046370183,1301.0311255965628,37.50322104370192,127.02503873135461,17935.0,219.0,taxi_respawn_139,picked
dyn_pax_3017,17718.0,2026-07-03 13:55:18,178441450#1,residential|company|restaurant|bus_stop,,282.90243066757296,609.4157395563556,37.496971320837204,127.02404044855805,17741.0,23.0,taxi_respawn_85,picked
dyn_pax_3018,17719.0,2026-07-03 13:55:19,521770116#2,company|restaurant|bus_stop,,432.3182248087171,1108.514093563608,37.50149560521279,127.02561136613096,17948.0,229.0,taxi_respawn_118,picked
dyn_pax_3019,17749.0,2026-07-03 13:55:49,417933645#2,residential|company|restaurant,,757.7944798520502,568.4010952306102,37.496691568512986,127.02941943794849,17769.0,20.0,taxi_respawn_30,picked
dyn_pax_3020,17750.0,2026-07-03 13:55:50,1117538957#0,company|restaurant,,312.91680439510856,589.5311930299885,37.49679787270139,127.0243845203811,17786.0,36.0,taxi_respawn_123,picked
dyn_pax_3021,17755.0,2026-07-03 13:55:55,305539406,company|restaurant|subway_entrance,,566.389495917364,736.5285064605782,37.49816998085155,127.02721550408178,17846.0,91.0,taxi_respawn_143,picked
dyn_pax_3022,17762.0,2026-07-03 13:56:02,542367267#1,company|restaurant,,199.26981683313872,1381.121508122661,37.50390724154084,127.02291151664822,17799.0,37.0,taxi_respawn_149,picked
dyn_pax_3023,17778.0,2026-07-03 13:56:18,-379232133,restaurant,,887.8909311741835,528.8139035551092,37.496359489964284,127.03089971288236,17826.0,48.0,taxi_28,picked
dyn_pax_3024,17781.0,2026-07-03 13:56:21,-506191135#2,residential|bus_stop,,236.19733776439384,769.6838415951818,37.49840622577806,127.02347432089968,17811.0,30.0,taxi_respawn_107,picked
dyn_pax_3025,17810.0,2026-07-03 13:56:50,1056882877#3,residential|company|restaurant,,365.79280968467333,433.0557487307964,37.495398294451746,127.02501948586043,17843.0,33.0,taxi_respawn_106,picked
dyn_pax_3026,17817.0,2026-07-03 13:56:57,-309155295#0,restaurant,,747.4684617800942,561.8059110120743,37.49663020867341,127.0293042509181,17821.0,4.0,taxi_respawn_124,picked
dyn_pax_3027,17828.0,2026-07-03 13:57:08,521770119#0,restaurant|bus_stop,,548.9831206778387,935.1148840516827,37.499955620541705,127.02697161236954,17894.0,66.0,taxi_respawn_146,picked
dyn_pax_3028,17836.0,2026-07-03 13:57:16,-379232133,restaurant,,887.8909311741835,528.8139035551092,37.496359489964284,127.03089971288236,17889.0,53.0,taxi_respawn_55,picked
dyn_pax_3029,17846.0,2026-07-03 13:57:26,256787796#5,restaurant,,616.3422671393917,878.7532899245961,37.49946062055924,127.02774658517313,17959.0,113.0,taxi_respawn_131,picked
dyn_pax_3030,17847.0,2026-07-03 13:57:27,218864491#0,restaurant|bus_stop,,769.9803916976219,760.1217113917903,37.49842094941813,127.02951181742357,17965.0,118.0,taxi_respawn_147,picked
dyn_pax_3031,17848.0,2026-07-03 13:57:28,-506191135#22,residential|company|restaurant|bus_stop,,38.693950105848444,1321.9513167019495,37.50334380565249,127.02110990869835,17900.0,52.0,taxi_respawn_151,picked
dyn_pax_3032,17888.0,2026-07-03 13:58:08,-417933646#1,residential|restaurant,,826.6019869456061,577.8075382253838,37.49678928421788,127.03019516859905,17909.0,21.0,taxi_respawn_132,picked
dyn_pax_3033,17910.0,2026-07-03 13:58:30,218873820#0,restaurant|subway_entrance|bus_stop,,628.9829311132032,562.4061665928522,37.49661325243901,127.02796447999128,18017.0,107.0,taxi_respawn_134,picked
dyn_pax_3034,17949.0,2026-07-03 13:59:09,218873820#0,restaurant|subway_entrance|bus_stop,,628.9829311132032,562.4061665928522,37.49661325243901,127.02796447999128,18022.0,73.0,taxi_respawn_71,picked
dyn_pax_3035,17953.0,2026-07-03 13:59:13,-129731858#1,restaurant,,779.3164249772793,838.8541978668718,37.49913195860003,127.0295987323456,17964.0,11.0,taxi_respawn_140,picked
dyn_pax_3036,17955.0,2026-07-03 13:59:15,417933646#2,residential|restaurant,,830.3119525357222,594.5819430897021,37.496941093289735,127.0302331440542,17983.0,28.0,taxi_respawn_72,picked
dyn_pax_3037,17959.0,2026-07-03 13:59:19,-129731721#2,company|restaurant,,388.6558839574922,820.9778890483499,37.49889713764622,127.02518592115393,18027.0,68.0,taxi_respawn_9,picked
dyn_pax_3038,17963.0,2026-07-03 13:59:23,1117538957#3,restaurant|subway_entrance|bus_stop,,465.5082521847807,644.8780924026132,37.49732530507706,127.02609663221197,18023.0,60.0,taxi_respawn_137,picked
dyn_pax_3039,17967.0,2026-07-03 13:59:27,-309155295#4,residential|restaurant,,966.4689567179357,639.4784987131154,37.49737120494098,127.0317619612052,17980.0,13.0,taxi_respawn_98,picked
dyn_pax_3040,17968.0,2026-07-03 13:59:28,521770119#1,restaurant|bus_stop,,527.3115514435282,995.8620162900467,37.50049875494786,127.02671217090477,18007.0,39.0,taxi_16,picked
dyn_pax_3041,17989.0,2026-07-03 13:59:49,-1011529829#3,residential|restaurant,,246.84006179949273,776.1178104815556,37.49846619888778,127.02359312469504,18027.0,38.0,taxi_respawn_27,picked
dyn_pax_3042,17991.0,2026-07-03 13:59:51,506191135#3,residential|company|restaurant|bus_stop,,238.79972345576414,789.4714057742513,37.49858497042428,127.023499044737,18021.0,30.0,taxi_respawn_59,picked
dyn_pax_3043,18001.0,2026-07-03 14:00:01,-117790045#2,restaurant,,502.6238788004042,1360.6315306450858,37.50378004402999,127.0263465049606,18033.0,32.0,taxi_respawn_46,picked
dyn_pax_3044,18020.0,2026-07-03 14:00:20,-417750354#0,residential,,923.3498430372201,1041.2071047119894,37.5009819832587,127.03117938951307,18059.0,39.0,taxi_respawn_79,picked
dyn_pax_3045,18030.0,2026-07-03 14:00:30,520307304#0,school|subway_entrance|bus_stop,,602.6035134310263,763.145495629718,37.498416594724866,127.02761864854104,18062.0,32.0,taxi_respawn_145,picked
dyn_pax_3046,18038.0,2026-07-03 14:00:38,504227066#0,restaurant,,519.2210823013057,487.78345043316773,37.49592029712161,127.02674117912406,18054.0,16.0,taxi_respawn_30,picked
dyn_pax_3047,18050.0,2026-07-03 14:00:50,375049565#6,restaurant|subway_entrance|bus_stop,,789.5153251748014,798.8522330112556,37.49877353199428,127.02972351946808,18069.0,19.0,taxi_respawn_97,picked
dyn_pax_3048,18083.0,2026-07-03 14:01:23,805827756#0,restaurant,,725.8600087193602,932.9429066344904,37.49996945301828,127.02897203227693,18118.0,35.0,taxi_respawn_143,picked
dyn_pax_3049,18088.0,2026-07-03 14:01:28,129731857#2,company,,789.9847076009492,845.2662126154856,37.499191732762846,127.02971783662417,18204.0,116.0,taxi_respawn_41,picked
dyn_pax_3050,18090.0,2026-07-03 14:01:30,417933645#2,residential|company|restaurant,,757.7944798520502,568.4010952306102,37.496691568512986,127.02941943794849,18112.0,22.0,taxi_respawn_128,picked
dyn_pax_3051,18103.0,2026-07-03 14:01:43,-557469300#1,restaurant,,739.5265057687212,1049.0561556697721,37.5010180173999,127.02909905278416,18180.0,77.0,taxi_respawn_154,picked
dyn_pax_3052,18108.0,2026-07-03 14:01:48,379463134#4,restaurant,,574.4815382344308,1284.0756787717605,37.50310398350559,127.02717717678497,18255.0,147.0,taxi_30,picked
dyn_pax_3053,18115.0,2026-07-03 14:01:55,-379463130#1,restaurant,,595.1104652489141,1131.7345077296688,37.50173554422087,127.02744655088388,18271.0,156.0,taxi_respawn_113,picked
dyn_pax_3054,18125.0,2026-07-03 14:02:05,218877837#0,company,,455.71990885566936,1045.563527646426,37.50093295148158,127.02589090425857,18308.0,183.0,taxi_27,picked
dyn_pax_3055,18128.0,2026-07-03 14:02:08,542367267#1,company|restaurant,,199.26981683313872,1381.121508122661,37.50390724154084,127.02291151664822,18137.0,9.0,taxi_respawn_124,picked
dyn_pax_3056,18130.0,2026-07-03 14:02:10,1537068130#0,residential,,915.247444986279,1279.656751811989,37.50312848832193,127.03103134780491,18149.0,19.0,taxi_respawn_55,picked
dyn_pax_3057,18168.0,2026-07-03 14:02:48,-256787796#7,restaurant,,650.4923169509016,809.9698095387197,37.49884744554127,127.02814900895488,18177.0,9.0,taxi_respawn_141,picked
dyn_pax_3058,18186.0,2026-07-03 14:03:06,417750354#1,restaurant,,919.2899707887079,1024.6134421491665,37.5008317366974,127.03113741131199,18211.0,25.0,taxi_respawn_37,picked
dyn_pax_3059,18195.0,2026-07-03 14:03:15,-117790045#3,restaurant,,459.7597996777886,1476.3698694609513,37.50481454718326,127.02583436303603,18222.0,27.0,taxi_respawn_98,picked
dyn_pax_3060,18201.0,2026-07-03 14:03:21,218857636#1,residential|company|restaurant|bus_stop,,297.92905089287035,623.2061345250047,37.49709839153085,127.02420706961871,18280.0,79.0,taxi_respawn_129,picked
dyn_pax_3061,18203.0,2026-07-03 14:03:23,521766175#3,company|restaurant|subway_entrance|bus_stop,,373.6701172395771,1298.610217621072,37.50319695740621,127.02490310718325,18385.0,182.0,taxi_respawn_45,picked
dyn_pax_3062,18224.0,2026-07-03 14:03:44,-256787796#5,restaurant,,631.1882908445458,865.4152262944223,37.499343270516576,127.02791760566556,18343.0,119.0,taxi_respawn_62,picked
dyn_pax_3063,18236.0,2026-07-03 14:03:56,218864491#0,restaurant|bus_stop,,769.9803916976219,760.1217113917903,37.49842094941813,127.02951181742357,18326.0,90.0,taxi_respawn_26,picked
dyn_pax_3064,18241.0,2026-07-03 14:04:01,129731857#2,company,,789.9847076009492,845.2662126154856,37.499191732762846,127.02971783662417,18251.0,10.0,taxi_respawn_151,picked
dyn_pax_3065,18243.0,2026-07-03 14:04:03,-379232161#3,restaurant,,957.578372934647,431.27964063812743,37.495494003443426,127.03171068469486,18289.0,46.0,taxi_respawn_137,picked
dyn_pax_3066,18246.0,2026-07-03 14:04:06,480850873,company|restaurant|bus_stop,,548.1935052770749,708.5896639848544,37.49791486187585,127.0270163956136,18406.0,160.0,taxi_respawn_7,picked
dyn_pax_3067,18264.0,2026-07-03 14:04:24,26163000#0,restaurant,,655.1679463942612,1215.3400880972458,37.50250003106797,127.02810580802628,18274.0,10.0,taxi_31,picked
dyn_pax_3068,18313.0,2026-07-03 14:05:13,521766175#3,company|restaurant|subway_entrance|bus_stop,,373.6701172395771,1298.610217621072,37.50319695740621,127.02490310718325,18656.0,343.0,taxi_respawn_133,picked
dyn_pax_3069,18324.0,2026-07-03 14:05:24,504227066#0,restaurant,,519.2210823013057,487.78345043316773,37.49592029712161,127.02674117912406,18368.0,44.0,taxi_respawn_30,picked
dyn_pax_3070,18360.0,2026-07-03 14:06:00,129731859#1,restaurant,,770.318180095484,905.1374216517651,37.499727361620906,127.02948129560598,18402.0,42.0,taxi_respawn_139,picked
dyn_pax_3071,18361.0,2026-07-03 14:06:01,417933645#2,residential|company|restaurant,,757.7944798520502,568.4010952306102,37.496691568512986,127.02941943794849,18403.0,42.0,taxi_respawn_100,picked
dyn_pax_3072,18378.0,2026-07-03 14:06:18,256787796#8,restaurant,,646.6563496183319,793.2391486514691,37.49869600620777,127.02810960194483,18674.0,296.0,taxi_respawn_106,picked
dyn_pax_3073,18410.0,2026-07-03 14:06:50,-117790039#4,restaurant,,976.1736160857955,1107.3942396063046,37.50158817580974,127.03176100793065,18435.0,25.0,taxi_respawn_128,picked
dyn_pax_3074,18413.0,2026-07-03 14:06:53,305539406,company|restaurant|subway_entrance,,566.389495917364,736.5285064605782,37.49816998085155,127.02721550408178,18745.0,332.0,taxi_respawn_121,picked
dyn_pax_3075,18417.0,2026-07-03 14:06:57,178441450#1,residential|company|restaurant|bus_stop,,282.90243066757296,609.4157395563556,37.496971320837204,127.02404044855805,18639.0,222.0,taxi_respawn_127,picked
dyn_pax_3076,18433.0,2026-07-03 14:07:13,218864491#0,restaurant|bus_stop,,769.9803916976219,760.1217113917903,37.49842094941813,127.02951181742357,18697.0,264.0,taxi_respawn_147,picked
dyn_pax_3077,18466.0,2026-07-03 14:07:46,504227069,residential|restaurant,,587.1158993285404,291.7776336445087,37.494167438547194,127.02755526357365,18581.0,115.0,taxi_respawn_126,picked
dyn_pax_3078,18467.0,2026-07-03 14:07:47,417933646#0,restaurant,,894.2617302193242,410.3206078764906,37.49529326349135,127.03099977850056,18502.0,35.0,taxi_respawn_46,picked
dyn_pax_3079,18468.0,2026-07-03 14:07:48,-417750337#2,restaurant,,578.5487433358253,1191.18897592047,37.50226799999912,127.02724519016736,18476.0,8.0,taxi_respawn_142,picked
dyn_pax_3080,18469.0,2026-07-03 14:07:49,-913950883#1,residential|company|restaurant,,391.36286393582424,840.6655979518604,37.49907500229157,127.0252118555046,18701.0,232.0,taxi_respawn_25,picked
dyn_pax_3081,18473.0,2026-07-03 14:07:53,375049565#6,restaurant|subway_entrance|bus_stop,,789.5153251748014,798.8522330112556,37.49877353199428,127.02972351946808,18743.0,270.0,taxi_respawn_124,picked
dyn_pax_3082,18475.0,2026-07-03 14:07:55,-417750337#1,restaurant,,620.0756768942672,1248.4347545200121,37.5027915312318,127.02770116938098,18496.0,21.0,taxi_respawn_112,picked
dyn_pax_3083,18477.0,2026-07-03 14:07:57,256787796#6,restaurant,,626.4884087870183,851.7135990963859,37.499218954480725,127.02786771303293,18489.0,12.0,taxi_respawn_59,picked
dyn_pax_3084,18477.0,2026-07-03 14:07:57,129731721#0,company|restaurant,,451.4485582282947,673.334514427724,37.497578992002325,127.0259309178301,18593.0,116.0,taxi_respawn_131,picked
dyn_pax_3085,18478.0,2026-07-03 14:07:58,-417750336#5,restaurant,,886.0343029737398,891.1232225857099,37.499622942823265,127.030792984823,18511.0,33.0,taxi_respawn_58,picked
dyn_pax_3086,18493.0,2026-07-03 14:08:13,-542367267#0,company,,179.75773525047865,1390.7576253945435,37.50399035207237,127.02268859703804,18509.0,16.0,taxi_3,picked
dyn_pax_3087,18508.0,2026-07-03 14:08:28,-417933645#1,restaurant,,753.9829961438405,551.6859834676363,37.49654027420169,127.02938030242663,18520.0,12.0,taxi_respawn_20,picked
dyn_pax_3088,18531.0,2026-07-03 14:08:51,-913950883#1,residential|company|restaurant,,391.36286393582424,840.6655979518604,37.49907500229157,127.0252118555046,18560.0,29.0,taxi_respawn_9,picked
dyn_pax_3089,18536.0,2026-07-03 14:08:56,379463130#0,restaurant,,544.1425087303844,1128.5419490598922,37.501697156429024,127.02687101205116,18877.0,341.0,taxi_16,picked
dyn_pax_3090,18536.0,2026-07-03 14:08:56,-805827765,restaurant,,955.7439147780814,1157.0835718820576,37.50203194319751,127.03151825266303,18550.0,14.0,taxi_respawn_37,picked
dyn_pax_3091,18544.0,2026-07-03 14:09:04,417933646#0,restaurant,,894.2617302193242,410.3206078764906,37.49529326349135,127.03099977850056,18561.0,17.0,taxi_respawn_34,picked
dyn_pax_3092,18585.0,2026-07-03 14:09:45,-117823785#1,restaurant,,983.1954817367493,635.6880668681273,37.49734021138362,127.03195197441553,18611.0,26.0,taxi_respawn_152,picked
dyn_pax_3093,18587.0,2026-07-03 14:09:47,-913950883#1,residential|company|restaurant,,391.36286393582424,840.6655979518604,37.49907500229157,127.0252118555046,18639.0,52.0,taxi_respawn_143,picked
dyn_pax_3094,18607.0,2026-07-03 14:10:07,129731859#0,restaurant,,636.6446621144157,858.1896913104493,37.49927921090336,127.0279810114602,18618.0,11.0,taxi_respawn_71,picked
dyn_pax_3095,18652.0,2026-07-03 14:10:52,-417933642#4,restaurant,,907.3718228697127,805.8014682006251,37.49885835910486,127.03105443169989,18691.0,39.0,taxi_respawn_75,picked
dyn_pax_3096,18662.0,2026-07-03 14:11:02,504227067#0,restaurant,,638.7551174354396,526.833121212444,37.49629464408366,127.02808339614947,18821.0,159.0,taxi_respawn_46,picked
dyn_pax_3097,18662.0,2026-07-03 14:11:02,521766180#1,company|restaurant|bus_stop,,466.73410130235357,1169.2838037446552,37.502049542882666,127.02598608796039,18743.0,81.0,taxi_respawn_30,picked
dyn_pax_3098,18667.0,2026-07-03 14:11:07,504227067#4,residential|restaurant,,502.84500120553366,479.2066548114549,37.49583994070096,127.02655806263846,18768.0,101.0,taxi_respawn_27,picked
dyn_pax_3099,18675.0,2026-07-03 14:11:15,504227066#0,restaurant,,519.2210823013057,487.78345043316773,37.49592029712161,127.02674117912406,18727.0,52.0,taxi_respawn_149,picked
dyn_pax_3100,18680.0,2026-07-03 14:11:20,494824662#3,company|restaurant|subway_entrance,,729.424850252167,406.6843378518681,37.49522941823122,127.02913698209235,18767.0,87.0,taxi_respawn_100,picked
dyn_pax_3101,18695.0,2026-07-03 14:11:35,417933645#0,residential|restaurant,,823.1026288816429,385.61625104994533,37.49505730126708,127.03020109557775,18724.0,29.0,taxi_respawn_98,picked
dyn_pax_3102,18702.0,2026-07-03 14:11:42,504509918#0,residential|restaurant,,511.83203920742636,882.9034728009249,37.49947826486711,127.02656393710718,18727.0,25.0,taxi_respawn_49,picked
dyn_pax_3103,18704.0,2026-07-03 14:11:44,628232693#0,company|restaurant,,644.2623295929467,660.168099777976,37.49749680792099,127.0281140674837,18827.0,123.0,taxi_respawn_17,picked
dyn_pax_3104,18708.0,2026-07-03 14:11:48,504227069,residential|restaurant,,587.1158993285404,291.7776336445087,37.494167438547194,127.02755526357365,18852.0,144.0,taxi_respawn_97,picked
dyn_pax_3105,18710.0,2026-07-03 14:11:50,-417933645#1,restaurant,,753.9829961438405,551.6859834676363,37.49654027420169,127.02938030242663,18833.0,123.0,taxi_respawn_161,picked
dyn_pax_3106,18715.0,2026-07-03 14:11:55,-129731857#2,restaurant,,875.7452923990509,884.8037873845144,37.499564075208866,127.03067814538078,18725.0,10.0,taxi_respawn_26,picked
dyn_pax_3107,18718.0,2026-07-03 14:11:58,309155295#0,company|restaurant,,688.2712938579457,529.5739965525526,37.49632868191341,127.02864258735015,18749.0,31.0,taxi_respawn_112,picked
dyn_pax_3108,18725.0,2026-07-03 14:12:05,-117790045#0,restaurant,,544.8147652988505,1238.053441474183,37.50268379633789,127.0268526423962,18747.0,22.0,taxi_respawn_148,picked
dyn_pax_3109,18737.0,2026-07-03 14:12:17,-913950883#1,residential|company|restaurant,,391.36286393582424,840.6655979518604,37.49907500229157,127.0252118555046,18752.0,15.0,taxi_respawn_158,picked
dyn_pax_3110,18742.0,2026-07-03 14:12:22,-129731717#1,residential|company|restaurant,,188.433090102474,1374.3511058470413,37.503844200149025,127.0227905913032,18777.0,35.0,taxi_respawn_164,picked
dyn_pax_3111,18755.0,2026-07-03 14:12:35,504227065,company,,441.32681628575455,666.8408278135128,37.497518581743364,127.0258180180219,18794.0,39.0,taxi_respawn_163,picked
dyn_pax_3112,18779.0,2026-07-03 14:12:59,628232693#0,company|restaurant,,644.2623295929467,660.168099777976,37.49749680792099,127.0281140674837,18845.0,66.0,taxi_respawn_122,picked
dyn_pax_3113,18786.0,2026-07-03 14:13:06,129731859#6,restaurant,,984.8051641629477,982.1134039896856,37.50046123095764,127.0318882391282,18792.0,6.0,taxi_respawn_107,picked
dyn_pax_3114,18794.0,2026-07-03 14:13:14,129731857#1,residential|restaurant,,656.8212873140518,799.6615847813327,37.498755780674834,127.02822301071001,18876.0,82.0,taxi_respawn_113,picked
dyn_pax_3115,18808.0,2026-07-03 14:13:28,506191135#3,residential|company|restaurant|bus_stop,,238.79972345576414,789.4714057742513,37.49858497042428,127.023499044737,18829.0,21.0,taxi_respawn_79,picked
dyn_pax_3116,18810.0,2026-07-03 14:13:30,-26163000#3,restaurant,,588.7487146070255,1286.0705793093782,37.50312464930957,127.02733802606956,18931.0,121.0,taxi_respawn_142,picked
dyn_pax_3117,18818.0,2026-07-03 14:13:38,975332778#0,restaurant,,667.9217791522676,716.9366930139246,37.49801266412058,127.02836812020041,18871.0,53.0,taxi_respawn_137,picked
dyn_pax_3118,18844.0,2026-07-03 14:14:04,417933646#2,residential|restaurant,,830.3119525357222,594.5819430897021,37.496941093289735,127.0302331440542,18876.0,32.0,taxi_respawn_75,picked
dyn_pax_3119,18852.0,2026-07-03 14:14:12,117823785#0,company|restaurant,,1360.8740206736493,851.0492627492013,37.499351351792384,127.0361713398344,18966.0,114.0,taxi_respawn_159,picked
dyn_pax_3120,18861.0,2026-07-03 14:14:21,417933642#2,residential|restaurant,,976.5976168723116,645.9370182109647,37.49743129415275,127.0318749523804,18917.0,56.0,taxi_respawn_133,picked
dyn_pax_3121,18886.0,2026-07-03 14:14:46,-506191135#22,residential|company|restaurant|bus_stop,,38.693950105848444,1321.9513167019495,37.50334380565249,127.02110990869835,18922.0,36.0,taxi_respawn_153,picked
dyn_pax_3122,18899.0,2026-07-03 14:14:59,-1537068129#0,restaurant,,962.1540281232122,1146.7630824504436,37.50194018104768,127.03159317410272,18918.0,19.0,taxi_respawn_145,picked
dyn_pax_3123,18902.0,2026-07-03 14:15:02,1056882877#3,residential|company|restaurant,,365.79280968467333,433.0557487307964,37.495398294451746,127.02501948586043,18925.0,23.0,taxi_respawn_103,picked
dyn_pax_3124,18904.0,2026-07-03 14:15:04,256787796#0,restaurant,,530.944358998998,1120.7521543106918,37.50162448989409,127.02672362781294,18959.0,55.0,taxi_2,picked
dyn_pax_3125,18905.0,2026-07-03 14:15:05,26163000#3,restaurant,,602.970622715944,1275.0711016561868,37.50302824900089,127.02750144434575,18925.0,20.0,taxi_respawn_123,picked
dyn_pax_3126,18914.0,2026-07-03 14:15:14,-1537068129#0,restaurant,,962.1540281232122,1146.7630824504436,37.50194018104768,127.03159317410272,18946.0,32.0,taxi_respawn_41,picked
dyn_pax_3127,18919.0,2026-07-03 14:15:19,-417750337#6,restaurant,,503.6615133291097,1089.1021319971503,37.50133422142063,127.0264226479345,18922.0,3.0,taxi_respawn_141,picked
dyn_pax_3128,18919.0,2026-07-03 14:15:19,256787796#0,restaurant,,530.944358998998,1120.7521543106918,37.50162448989409,127.02672362781294,18925.0,6.0,taxi_18,picked
dyn_pax_3129,18934.0,2026-07-03 14:15:34,521770119#1,restaurant|bus_stop,,527.3115514435282,995.8620162900467,37.50049875494786,127.02671217090477,18951.0,17.0,taxi_respawn_78,picked
dyn_pax_3130,19000.0,2026-07-03 14:16:40,504227066#0,restaurant,,519.2210823013057,487.78345043316773,37.49592029712161,127.02674117912406,19040.0,40.0,taxi_respawn_157,picked
dyn_pax_3131,19003.0,2026-07-03 14:16:43,375049565#2,restaurant,,1048.966709229659,894.5327467658005,37.49968436369115,127.03263441305876,19018.0,15.0,taxi_respawn_100,picked
dyn_pax_3132,19033.0,2026-07-03 14:17:13,520307304#2,restaurant,,553.737131666575,902.6336565846188,37.499663917706236,127.02703306650038,19070.0,37.0,taxi_respawn_58,picked
dyn_pax_3133,19045.0,2026-07-03 14:17:25,-379463134#6,restaurant,,651.5506250710082,1319.679135788758,37.50343926652266,127.02804017641046,19071.0,26.0,taxi_respawn_152,picked
dyn_pax_3134,19055.0,2026-07-03 14:17:35,521770119#1,restaurant|bus_stop,,527.3115514435282,995.8620162900467,37.50049875494786,127.02671217090477,19178.0,123.0,taxi_respawn_26,picked
dyn_pax_3135,19067.0,2026-07-03 14:17:47,129731857#1,residential|restaurant,,656.8212873140518,799.6615847813327,37.498755780674834,127.02822301071001,19218.0,151.0,taxi_respawn_119,picked
dyn_pax_3136,19068.0,2026-07-03 14:17:48,-309155295#4,residential|restaurant,,966.4689567179357,639.4784987131154,37.49737120494098,127.0317619612052,19106.0,38.0,taxi_respawn_113,picked
dyn_pax_3137,19071.0,2026-07-03 14:17:51,-504227066#3,restaurant,,449.3214735737982,636.1754008755333,37.497243849267164,127.02591568328045,19101.0,30.0,taxi_respawn_162,picked
dyn_pax_3138,19103.0,2026-07-03 14:18:23,521770116#2,company|restaurant|bus_stop,,432.3182248087171,1108.514093563608,37.50149560521279,127.02561136613096,19112.0,9.0,taxi_respawn_104,picked
dyn_pax_3139,19136.0,2026-07-03 14:18:56,-557469234,restaurant,,929.7298817515857,1030.9986809445256,37.50089122514563,127.03125394368278,19155.0,19.0,taxi_respawn_9,picked
dyn_pax_3140,19138.0,2026-07-03 14:18:58,-379463130#1,restaurant,,595.1104652489141,1131.7345077296688,37.50173554422087,127.02744655088388,19170.0,32.0,taxi_respawn_78,picked
dyn_pax_3141,19141.0,2026-07-03 14:19:01,117790051#2,restaurant,,558.5532373104973,1361.778638311631,37.503800946163,127.02697864469606,19169.0,28.0,taxi_respawn_140,picked
dyn_pax_3142,19146.0,2026-07-03 14:19:06,-379463134#1,restaurant,,479.36604535588674,1259.6870258351425,37.50286630987452,127.02610747054479,19375.0,229.0,taxi_respawn_149,picked
dyn_pax_3143,19148.0,2026-07-03 14:19:08,-26163000#3,restaurant,,588.7487146070255,1286.0705793093782,37.50312464930957,127.02733802606956,19199.0,51.0,taxi_respawn_127,picked
dyn_pax_3144,19158.0,2026-07-03 14:19:18,-309155295#0,restaurant,,747.4684617800942,561.8059110120743,37.49663020867341,127.0293042509181,19185.0,27.0,taxi_18,picked
dyn_pax_3145,19160.0,2026-07-03 14:19:20,-379463134#1,restaurant,,479.36604535588674,1259.6870258351425,37.50286630987452,127.02610747054479,19175.0,15.0,taxi_respawn_61,picked
dyn_pax_3146,19176.0,2026-07-03 14:19:36,-417750337#2,restaurant,,578.5487433358253,1191.18897592047,37.50226799999912,127.02724519016736,19498.0,322.0,taxi_respawn_45,picked
dyn_pax_3147,19182.0,2026-07-03 14:19:42,521766182#1,company|restaurant|subway_entrance,,681.695169875507,539.6867345716422,37.496418539503196,127.02856584056028,19317.0,135.0,taxi_respawn_106,picked
dyn_pax_3148,19188.0,2026-07-03 14:19:48,117790062#7,restaurant,,610.3314045210797,1078.999817662281,37.50126336859982,127.02763115548898,19217.0,29.0,taxi_16,picked
dyn_pax_3149,19239.0,2026-07-03 14:20:39,-417750337#6,restaurant,,503.6615133291097,1089.1021319971503,37.50133422142063,127.0264226479345,19270.0,31.0,taxi_respawn_17,picked
dyn_pax_3150,19281.0,2026-07-03 14:21:21,520307304#2,restaurant,,553.737131666575,902.6336565846188,37.499663917706236,127.02703306650038,19341.0,60.0,taxi_respawn_145,picked
dyn_pax_3151,19282.0,2026-07-03 14:21:22,1229817205#0,company|subway_entrance|bus_stop,,599.2457558679199,652.2907550986157,37.497417346160496,127.02760695963683,19350.0,68.0,taxi_respawn_130,picked
dyn_pax_3152,19290.0,2026-07-03 14:21:30,256787796#5,restaurant,,616.3422671393917,878.7532899245961,37.49946062055924,127.02774658517313,19397.0,107.0,taxi_respawn_137,picked
dyn_pax_3153,19309.0,2026-07-03 14:21:49,521766175#3,company|restaurant|subway_entrance|bus_stop,,373.6701172395771,1298.610217621072,37.50319695740621,127.02490310718325,19647.0,338.0,taxi_respawn_30,picked
dyn_pax_3154,19310.0,2026-07-03 14:21:50,417731530,company|restaurant,,191.66975375905443,1429.5779711342507,37.5043423120142,127.02281406437154,19369.0,59.0,taxi_respawn_133,picked
dyn_pax_3155,19317.0,2026-07-03 14:21:57,129733424#1,restaurant,,625.7652907028337,1027.567371479777,37.50080296382065,127.02781785674841,19385.0,68.0,taxi_respawn_49,picked
dyn_pax_3156,19320.0,2026-07-03 14:22:00,379232155,restaurant,,946.0567570824509,480.05346239194995,37.49593120335224,127.03156888346594,19374.0,54.0,taxi_respawn_113,picked
dyn_pax_3157,19345.0,2026-07-03 14:22:25,-542367267#1,bus_stop,,247.51018316686128,1414.7184918773391,37.504219024473855,127.02344900430944,19360.0,15.0,taxi_respawn_141,picked
dyn_pax_3158,19346.0,2026-07-03 14:22:26,-417933642#1,restaurant,,972.7851169931362,629.1778231901285,37.49727960321316,127.03183581048214,19380.0,34.0,taxi_respawn_9,picked
dyn_pax_3159,19358.0,2026-07-03 14:22:38,-504509918#2,company|restaurant|bus_stop,,398.9694242295193,827.4758220967593,37.49895762305832,127.02530099003066,19384.0,26.0,taxi_respawn_54,picked
dyn_pax_3160,19364.0,2026-07-03 14:22:44,504509918#0,residential|restaurant,,511.83203920742636,882.9034728009249,37.49947826486711,127.02656393710718,19631.0,267.0,taxi_respawn_160,picked
dyn_pax_3161,19380.0,2026-07-03 14:23:00,417933646#2,residential|restaurant,,830.3119525357222,594.5819430897021,37.496941093289735,127.0302331440542,19390.0,10.0,taxi_respawn_158,picked
dyn_pax_3162,19395.0,2026-07-03 14:23:15,-417750337#1,restaurant,,620.0756768942672,1248.4347545200121,37.5027915312318,127.02770116938098,19419.0,24.0,taxi_respawn_135,picked
dyn_pax_3163,19406.0,2026-07-03 14:23:26,117823785#0,company|restaurant,,1360.8740206736493,851.0492627492013,37.499351351792384,127.0361713398344,19506.0,100.0,taxi_respawn_142,picked
dyn_pax_3164,19428.0,2026-07-03 14:23:48,542367267#1,company|restaurant,,199.26981683313872,1381.121508122661,37.50390724154084,127.02291151664822,19460.0,32.0,taxi_31,picked
dyn_pax_3165,19435.0,2026-07-03 14:23:55,-417933645#1,restaurant,,753.9829961438405,551.6859834676363,37.49654027420169,127.02938030242663,19484.0,49.0,taxi_respawn_25,picked
dyn_pax_3166,19453.0,2026-07-03 14:24:13,-417750337#1,restaurant,,620.0756768942672,1248.4347545200121,37.5027915312318,127.02770116938098,19465.0,12.0,taxi_respawn_147,picked
dyn_pax_3167,19461.0,2026-07-03 14:24:21,218877837#2,company|restaurant|bus_stop,,479.4555212141038,978.0213907550284,37.500328997763305,127.02617530290202,19678.0,217.0,taxi_respawn_64,picked
dyn_pax_3168,19463.0,2026-07-03 14:24:23,256787796#5,restaurant,,616.3422671393917,878.7532899245961,37.49946062055924,127.02774658517313,19578.0,115.0,taxi_respawn_156,picked
dyn_pax_3169,19489.0,2026-07-03 14:24:49,218864491#0,restaurant|bus_stop,,769.9803916976219,760.1217113917903,37.49842094941813,127.02951181742357,19494.0,5.0,taxi_respawn_121,picked
dyn_pax_3170,19509.0,2026-07-03 14:25:09,-506191135#22,residential|company|restaurant|bus_stop,,38.693950105848444,1321.9513167019495,37.50334380565249,127.02110990869835,19547.0,38.0,taxi_respawn_72,picked
dyn_pax_3171,19514.0,2026-07-03 14:25:14,-504509918#2,company|restaurant|bus_stop,,398.9694242295193,827.4758220967593,37.49895762305832,127.02530099003066,19542.0,28.0,taxi_18,picked
dyn_pax_3172,19516.0,2026-07-03 14:25:16,-256787796#5,restaurant,,631.1882908445458,865.4152262944223,37.499343270516576,127.02791760566556,19673.0,157.0,taxi_respawn_122,picked
dyn_pax_3173,19526.0,2026-07-03 14:25:26,504509918#0,residential|restaurant,,511.83203920742636,882.9034728009249,37.49947826486711,127.02656393710718,19535.0,9.0,taxi_respawn_150,picked
dyn_pax_3174,19535.0,2026-07-03 14:25:35,218864491#0,restaurant|bus_stop,,769.9803916976219,760.1217113917903,37.49842094941813,127.02951181742357,19590.0,55.0,taxi_respawn_61,picked
dyn_pax_3175,19537.0,2026-07-03 14:25:37,-1056882877#5,company|restaurant,,302.41102899925136,583.0415396467946,37.496737424712585,127.0242672800979,19542.0,5.0,taxi_respawn_75,picked
dyn_pax_3176,19544.0,2026-07-03 14:25:44,-417933645#2,company|restaurant|subway_entrance,,701.1658676593129,719.5455833044954,37.49804244093877,127.02874337560036,19601.0,57.0,taxi_respawn_78,picked
dyn_pax_3177,19559.0,2026-07-03 14:25:59,417933645#2,residential|company|restaurant,,757.7944798520502,568.4010952306102,37.496691568512986,127.02941943794849,19579.0,20.0,taxi_respawn_107,picked
dyn_pax_3178,19561.0,2026-07-03 14:26:01,-117790045#3,restaurant,,459.7597996777886,1476.3698694609513,37.50481454718326,127.02583436303603,19583.0,22.0,taxi_respawn_134,picked
dyn_pax_3179,19579.0,2026-07-03 14:26:19,-117790039#2,company|restaurant,,1017.0012393074795,990.846024966068,37.5005459641277,127.03225021068775,19588.0,9.0,taxi_respawn_55,picked
dyn_pax_3180,19602.0,2026-07-03 14:26:42,117790051#4,restaurant,,495.1920534812603,1378.4842065286966,37.50393946166789,127.02625823552458,19891.0,289.0,taxi_respawn_139,picked
dyn_pax_3181,19628.0,2026-07-03 14:27:08,129733424#0,restaurant,,719.7944869540754,1033.9950883209078,37.500878618503414,127.0288795122034,19658.0,30.0,taxi_respawn_131,picked
dyn_pax_3182,19635.0,2026-07-03 14:27:15,375049565#6,restaurant|subway_entrance|bus_stop,,789.5153251748014,798.8522330112556,37.49877353199428,127.02972351946808,19660.0,25.0,taxi_respawn_137,picked
dyn_pax_3183,19670.0,2026-07-03 14:27:50,1117538957#3,restaurant|subway_entrance|bus_stop,,465.5082521847807,644.8780924026132,37.49732530507706,127.02609663221197,19676.0,6.0,taxi_respawn_146,picked
dyn_pax_3184,19678.0,2026-07-03 14:27:58,521766175#1,company|restaurant|subway_entrance,,332.9365590021661,1411.5585828157227,37.504206724109,127.02441570308932,19816.0,138.0,taxi_respawn_143,picked
dyn_pax_3185,19692.0,2026-07-03 14:28:12,-379232161#3,restaurant,,957.578372934647,431.27964063812743,37.495494003443426,127.03171068469486,19713.0,21.0,taxi_respawn_115,picked
dyn_pax_3186,19723.0,2026-07-03 14:28:43,375049565#2,restaurant,,1048.966709229659,894.5327467658005,37.49968436369115,127.03263441305876,19735.0,12.0,taxi_respawn_152,picked
dyn_pax_3187,19723.0,2026-07-03 14:28:43,480850873,company|restaurant|bus_stop,,548.1935052770749,708.5896639848544,37.49791486187585,127.0270163956136,20023.0,300.0,taxi_respawn_100,picked
dyn_pax_3188,19726.0,2026-07-03 14:28:46,504509918#0,residential|restaurant,,511.83203920742636,882.9034728009249,37.49947826486711,127.02656393710718,19816.0,90.0,taxi_respawn_27,picked
dyn_pax_3189,19728.0,2026-07-03 14:28:48,520307304#2,restaurant,,553.737131666575,902.6336565846188,37.499663917706236,127.02703306650038,19792.0,64.0,taxi_respawn_166,picked
dyn_pax_3190,19742.0,2026-07-03 14:29:02,-417750337#0,restaurant,,672.8749254632385,1321.3640627464144,37.50345847130562,127.02828089713113,19784.0,42.0,taxi_respawn_26,picked
dyn_pax_3191,19761.0,2026-07-03 14:29:21,239962780#1,company|restaurant,,78.091042197054,1418.7355011637856,37.504223128704645,127.02153236485597,19812.0,51.0,taxi_respawn_130,picked
dyn_pax_3192,19766.0,2026-07-03 14:29:26,129731720#0,residential|company|restaurant,,292.10678712231254,1113.150773394943,37.50151085547559,127.02402489828896,19833.0,67.0,taxi_respawn_170,picked
dyn_pax_3193,19825.0,2026-07-03 14:30:25,-913950883#1,residential|company|restaurant,,391.36286393582424,840.6655979518604,37.49907500229157,127.0252118555046,19852.0,27.0,taxi_respawn_7,picked
dyn_pax_3194,19839.0,2026-07-03 14:30:39,256787796#2,restaurant,,573.8171824012851,1000.9225059734806,37.50055312725627,127.02723680274495,19923.0,84.0,taxi_respawn_158,picked
dyn_pax_3195,19844.0,2026-07-03 14:30:44,129731852,restaurant,,626.5739131314494,885.3301415107766,37.499521799012015,127.0278607124155,19969.0,125.0,taxi_respawn_145,picked
dyn_pax_3196,19852.0,2026-07-03 14:30:52,521766175#1,company|restaurant|subway_entrance,,332.9365590021661,1411.5585828157227,37.504206724109,127.02441570308932,19874.0,22.0,taxi_respawn_72,picked
dyn_pax_3197,19877.0,2026-07-03 14:31:17,-129731858#3,restaurant,,760.2046779472714,898.6469063162286,37.49966698472747,127.02936848203807,19903.0,26.0,taxi_respawn_142,picked
dyn_pax_3198,19899.0,2026-07-03 14:31:39,-1056882877#5,company|restaurant,,302.41102899925136,583.0415396467946,37.496737424712585,127.0242672800979,19946.0,47.0,taxi_respawn_55,picked
dyn_pax_3199,19904.0,2026-07-03 14:31:44,-129731857#2,restaurant,,875.7452923990509,884.8037873845144,37.499564075208866,127.03067814538078,19928.0,24.0,taxi_respawn_172,picked
dyn_pax_3200,19947.0,2026-07-03 14:32:27,117790041#3,restaurant,,485.8172797724441,1249.4366376844557,37.50277519064896,127.0261828476699,19971.0,24.0,taxi_respawn_71,picked
dyn_pax_3201,19973.0,2026-07-03 14:32:53,239962780#1,company|restaurant,,78.091042197054,1418.7355011637856,37.504223128704645,127.02153236485597,20011.0,38.0,taxi_respawn_59,picked
dyn_pax_3202,19982.0,2026-07-03 14:33:02,-379232161#3,restaurant,,957.578372934647,431.27964063812743,37.495494003443426,127.03171068469486,20030.0,48.0,taxi_respawn_25,picked
dyn_pax_3203,19995.0,2026-07-03 14:33:15,-309155295#1,residential|restaurant,,820.2174803017108,588.0239695218922,37.496880113093034,127.03012056506905,20020.0,25.0,taxi_respawn_20,picked
dyn_pax_3204,20003.0,2026-07-03 14:33:23,129731858#2,restaurant,,783.9672744139122,855.548332172334,37.49928322221005,127.02964736483162,20048.0,45.0,taxi_respawn_112,picked
dyn_pax_3205,20012.0,2026-07-03 14:33:32,117790062#7,restaurant,,610.3314045210797,1078.999817662281,37.50126336859982,127.02763115548898,20034.0,22.0,taxi_respawn_159,picked
dyn_pax_3206,20018.0,2026-07-03 14:33:38,129731859#4,restaurant,,948.3176585840322,968.5888771831698,37.50033252074231,127.03147887955224,20097.0,79.0,taxi_respawn_167,picked
dyn_pax_3207,20046.0,2026-07-03 14:34:06,521766175#3,company|restaurant|subway_entrance|bus_stop,,373.6701172395771,1298.610217621072,37.50319695740621,127.02490310718325,20457.0,411.0,taxi_respawn_49,picked
dyn_pax_3208,20091.0,2026-07-03 14:34:51,-26163000#3,restaurant,,588.7487146070255,1286.0705793093782,37.50312464930957,127.02733802606956,20097.0,6.0,taxi_respawn_45,picked
dyn_pax_3209,20097.0,2026-07-03 14:34:57,-117790045#1,restaurant,,534.0975884889299,1266.9858058167179,37.502942402865294,127.02672459950128,20119.0,22.0,taxi_respawn_131,picked
dyn_pax_3210,20108.0,2026-07-03 14:35:08,521770119#1,restaurant|bus_stop,,527.3115514435282,995.8620162900467,37.50049875494786,127.02671217090477,20123.0,15.0,taxi_respawn_46,picked
dyn_pax_3211,20139.0,2026-07-03 14:35:39,-129731858#1,restaurant,,779.3164249772793,838.8541978668718,37.49913195860003,127.0295987323456,20559.0,420.0,taxi_respawn_130,picked
dyn_pax_3212,20154.0,2026-07-03 14:35:54,117790041#2,restaurant,,441.66460303662666,1376.669936706078,37.50391299976682,127.0256534125234,20302.0,148.0,taxi_respawn_174,picked
dyn_pax_3213,20187.0,2026-07-03 14:36:27,1229817205#1,residential|bus_stop,,631.6400080768872,572.7061575261558,37.49670653972221,127.02799208080955,20257.0,70.0,taxi_respawn_72,picked
dyn_pax_3214,20207.0,2026-07-03 14:36:47,-417750337#0,restaurant,,672.8749254632385,1321.3640627464144,37.50345847130562,127.02828089713113,20229.0,22.0,taxi_respawn_27,picked
dyn_pax_3215,20261.0,2026-07-03 14:37:41,-1537068129#0,restaurant,,962.1540281232122,1146.7630824504436,37.50194018104768,127.03159317410272,20305.0,44.0,taxi_respawn_169,picked
dyn_pax_3216,20270.0,2026-07-03 14:37:50,375049565#6,restaurant|subway_entrance|bus_stop,,789.5153251748014,798.8522330112556,37.49877353199428,127.02972351946808,20288.0,18.0,taxi_respawn_166,picked
dyn_pax_3217,20282.0,2026-07-03 14:38:02,-129731717#1,residential|company|restaurant,,188.433090102474,1374.3511058470413,37.503844200149025,127.0227905913032,20437.0,155.0,taxi_respawn_7,picked
dyn_pax_3218,20283.0,2026-07-03 14:38:03,305539406,company|restaurant|subway_entrance,,566.389495917364,736.5285064605782,37.49816998085155,127.02721550408178,20360.0,77.0,taxi_respawn_59,picked
dyn_pax_3219,20296.0,2026-07-03 14:38:16,521766175#1,company|restaurant|subway_entrance,,332.9365590021661,1411.5585828157227,37.504206724109,127.02441570308932,20542.0,246.0,taxi_respawn_115,picked
dyn_pax_3220,20330.0,2026-07-03 14:38:50,309155295#1,restaurant,,764.2225196982893,558.1760304781078,37.4966006705371,127.0294945363528,20377.0,47.0,taxi_respawn_142,picked
dyn_pax_3221,20337.0,2026-07-03 14:38:57,129731857#1,residential|restaurant,,656.8212873140518,799.6615847813327,37.498755780674834,127.02822301071001,20589.0,252.0,taxi_respawn_25,picked
dyn_pax_3222,20340.0,2026-07-03 14:39:00,521770116#2,company|restaurant|bus_stop,,432.3182248087171,1108.514093563608,37.50149560521279,127.02561136613096,20566.0,226.0,taxi_31,picked
dyn_pax_3223,20361.0,2026-07-03 14:39:21,521766180#1,company|restaurant|bus_stop,,466.73410130235357,1169.2838037446552,37.502049542882666,127.02598608796039,20367.0,6.0,taxi_respawn_160,picked
dyn_pax_3224,20368.0,2026-07-03 14:39:28,-506191135#22,residential|company|restaurant|bus_stop,,38.693950105848444,1321.9513167019495,37.50334380565249,127.02110990869835,20507.0,139.0,taxi_16,picked
dyn_pax_3225,20372.0,2026-07-03 14:39:32,-117790045#0,restaurant,,544.8147652988505,1238.053441474183,37.50268379633789,127.0268526423962,20392.0,20.0,taxi_respawn_97,picked
dyn_pax_3226,20372.0,2026-07-03 14:39:32,-1011529829#3,residential|restaurant,,246.84006179949273,776.1178104815556,37.49846619888778,127.02359312469504,20408.0,36.0,taxi_respawn_58,picked
dyn_pax_3227,20388.0,2026-07-03 14:39:48,-417933646#1,residential|restaurant,,826.6019869456061,577.8075382253838,37.49678928421788,127.03019516859905,20419.0,31.0,taxi_respawn_140,picked
dyn_pax_3228,20419.0,2026-07-03 14:40:19,129731857#1,residential|restaurant,,656.8212873140518,799.6615847813327,37.498755780674834,127.02822301071001,20463.0,44.0,taxi_respawn_127,picked
dyn_pax_3229,20424.0,2026-07-03 14:40:24,309155295#3,restaurant,,868.2249250208004,595.011595969151,37.496952113096654,127.03066169877924,20441.0,17.0,taxi_respawn_55,picked
dyn_pax_3230,20430.0,2026-07-03 14:40:30,802110008,restaurant,,567.9368588148042,1294.4290295528247,37.503196013251454,127.02710071947062,20451.0,21.0,taxi_respawn_80,picked
dyn_pax_3231,20439.0,2026-07-03 14:40:39,-1537068129#0,restaurant,,962.1540281232122,1146.7630824504436,37.50194018104768,127.03159317410272,20464.0,25.0,taxi_respawn_98,picked
dyn_pax_3232,20446.0,2026-07-03 14:40:46,-26163000#3,restaurant,,588.7487146070255,1286.0705793093782,37.50312464930957,127.02733802606956,20470.0,24.0,taxi_respawn_106,picked
dyn_pax_3233,20450.0,2026-07-03 14:40:50,-129731857#2,restaurant,,875.7452923990509,884.8037873845144,37.499564075208866,127.03067814538078,20457.0,7.0,taxi_respawn_170,picked
dyn_pax_3234,20458.0,2026-07-03 14:40:58,379463134#4,restaurant,,574.4815382344308,1284.0756787717605,37.50310398350559,127.02717717678497,20478.0,20.0,taxi_respawn_149,picked
dyn_pax_3235,20459.0,2026-07-03 14:40:59,-256787796#8,restaurant,,666.7735412908731,765.3811461974922,37.49844885044044,127.02834365925706,20601.0,142.0,taxi_respawn_122,picked
dyn_pax_3236,20470.0,2026-07-03 14:41:10,504509918#0,residential|restaurant,,511.83203920742636,882.9034728009249,37.49947826486711,127.02656393710718,20481.0,11.0,taxi_respawn_176,picked
dyn_pax_3237,20471.0,2026-07-03 14:41:11,129731721#0,company|restaurant,,451.4485582282947,673.334514427724,37.497578992002325,127.0259309178301,20663.0,192.0,taxi_respawn_46,picked
dyn_pax_3238,20485.0,2026-07-03 14:41:25,802110008,restaurant,,567.9368588148042,1294.4290295528247,37.503196013251454,127.02710071947062,20500.0,15.0,taxi_respawn_139,picked
dyn_pax_3239,20509.0,2026-07-03 14:41:49,256787796#0,restaurant,,530.944358998998,1120.7521543106918,37.50162448989409,127.02672362781294,20549.0,40.0,taxi_respawn_150,picked
dyn_pax_3240,20509.0,2026-07-03 14:41:49,542367267#1,company|restaurant,,199.26981683313872,1381.121508122661,37.50390724154084,127.02291151664822,20537.0,28.0,taxi_respawn_113,picked
dyn_pax_3241,20522.0,2026-07-03 14:42:02,-379232133,restaurant,,887.8909311741835,528.8139035551092,37.496359489964284,127.03089971288236,20543.0,21.0,taxi_respawn_107,picked
dyn_pax_3242,20540.0,2026-07-03 14:42:20,375049565#6,restaurant|subway_entrance|bus_stop,,789.5153251748014,798.8522330112556,37.49877353199428,127.02972351946808,20942.0,402.0,taxi_respawn_147,picked
dyn_pax_3243,20567.0,2026-07-03 14:42:47,-129731857#1,restaurant,,773.0987126859483,849.1784152186673,37.4992237894183,127.02952598601298,20592.0,25.0,taxi_respawn_151,picked
dyn_pax_3244,20592.0,2026-07-03 14:43:12,-542367267#1,bus_stop,,247.51018316686128,1414.7184918773391,37.504219024473855,127.02344900430944,20732.0,140.0,taxi_respawn_27,picked
dyn_pax_3245,20604.0,2026-07-03 14:43:24,504512001,restaurant,,488.2111633916996,684.0143948730154,37.497682147346794,127.02634403725544,21018.0,414.0,taxi_18,picked
dyn_pax_3246,20620.0,2026-07-03 14:43:40,417933646#0,restaurant,,894.2617302193242,410.3206078764906,37.49529326349135,127.03099977850056,20668.0,48.0,taxi_respawn_58,picked
dyn_pax_3247,20624.0,2026-07-03 14:43:44,504512001,restaurant,,488.2111633916996,684.0143948730154,37.497682147346794,127.02634403725544,20933.0,309.0,taxi_respawn_179,picked
dyn_pax_3248,20625.0,2026-07-03 14:43:45,309155295#0,company|restaurant,,688.2712938579457,529.5739965525526,37.49632868191341,127.02864258735015,20680.0,55.0,taxi_respawn_163,picked
dyn_pax_3249,20650.0,2026-07-03 14:44:10,-256787796#5,restaurant,,631.1882908445458,865.4152262944223,37.499343270516576,127.02791760566556,20672.0,22.0,taxi_respawn_129,picked
dyn_pax_3250,20660.0,2026-07-03 14:44:20,129731721#0,company|restaurant,,451.4485582282947,673.334514427724,37.497578992002325,127.0259309178301,21028.0,368.0,taxi_respawn_176,picked
dyn_pax_3251,20667.0,2026-07-03 14:44:27,256787796#8,restaurant,,646.6563496183319,793.2391486514691,37.49869600620777,127.02810960194483,20922.0,255.0,taxi_respawn_71,picked
dyn_pax_3252,20669.0,2026-07-03 14:44:29,129731859#3,restaurant,,873.6090416568148,941.272009001338,37.50007235670303,127.03064062663523,20685.0,16.0,taxi_respawn_161,picked
dyn_pax_3253,20686.0,2026-07-03 14:44:46,1117538957#0,company|restaurant,,312.91680439510856,589.5311930299885,37.49679787270139,127.0243845203811,20692.0,6.0,taxi_respawn_174,picked
dyn_pax_3254,20699.0,2026-07-03 14:44:59,520307304#2,restaurant,,553.737131666575,902.6336565846188,37.499663917706236,127.02703306650038,20772.0,73.0,taxi_2,picked
dyn_pax_3255,20699.0,2026-07-03 14:44:59,521766180#1,company|restaurant|bus_stop,,466.73410130235357,1169.2838037446552,37.502049542882666,127.02598608796039,20944.0,245.0,taxi_respawn_49,picked
dyn_pax_3256,20708.0,2026-07-03 14:45:08,129733424#0,restaurant,,719.7944869540754,1033.9950883209078,37.500878618503414,127.0288795122034,20721.0,13.0,taxi_respawn_165,picked
dyn_pax_3257,20712.0,2026-07-03 14:45:12,521770119#3,restaurant,,495.372237145516,1095.557338436544,37.501390805360316,127.0263273901891,21051.0,339.0,taxi_respawn_123,picked
dyn_pax_3258,20714.0,2026-07-03 14:45:14,504227067#0,restaurant,,638.7551174354396,526.833121212444,37.49629464408366,127.02808339614947,20891.0,177.0,taxi_respawn_45,picked
dyn_pax_3259,20718.0,2026-07-03 14:45:18,504509918#0,residential|restaurant,,511.83203920742636,882.9034728009249,37.49947826486711,127.02656393710718,20810.0,92.0,taxi_respawn_143,picked
dyn_pax_3260,20731.0,2026-07-03 14:45:31,521770119#0,restaurant|bus_stop,,548.9831206778387,935.1148840516827,37.499955620541705,127.02697161236954,21206.0,475.0,taxi_respawn_141,picked
dyn_pax_3261,20731.0,2026-07-03 14:45:31,178441450#1,residential|company|restaurant|bus_stop,,282.90243066757296,609.4157395563556,37.496971320837204,127.02404044855805,21249.0,518.0,taxi_respawn_62,picked
dyn_pax_3262,20732.0,2026-07-03 14:45:32,-379463124,restaurant,,592.9390816363945,1268.4136255899298,37.5029663815994,127.02738959394404,20748.0,16.0,taxi_respawn_140,picked
dyn_pax_3263,20745.0,2026-07-03 14:45:45,-117790045#0,restaurant,,544.8147652988505,1238.053441474183,37.50268379633789,127.0268526423962,20769.0,24.0,taxi_respawn_64,picked
dyn_pax_3264,20746.0,2026-07-03 14:45:46,523141074#0,company|restaurant|subway_entrance,,524.0338794858329,871.4890157117229,37.4993777454413,127.02670460634431,21248.0,502.0,taxi_respawn_126,picked
dyn_pax_3265,20749.0,2026-07-03 14:45:49,417933642#2,residential|restaurant,,976.5976168723116,645.9370182109647,37.49743129415275,127.0318749523804,20772.0,23.0,taxi_respawn_149,picked
dyn_pax_3266,20812.0,2026-07-03 14:46:52,256787796#0,restaurant,,530.944358998998,1120.7521543106918,37.50162448989409,127.02672362781294,21046.0,234.0,taxi_respawn_148,picked
dyn_pax_3267,20819.0,2026-07-03 14:46:59,521766175#3,company|restaurant|subway_entrance|bus_stop,,373.6701172395771,1298.610217621072,37.50319695740621,127.02490310718325,21091.0,272.0,taxi_respawn_37,picked
dyn_pax_3268,20825.0,2026-07-03 14:47:05,628232693#0,company|restaurant,,644.2623295929467,660.168099777976,37.49749680792099,127.0281140674837,20899.0,74.0,taxi_respawn_98,picked
dyn_pax_3269,20826.0,2026-07-03 14:47:06,117790051#2,restaurant,,558.5532373104973,1361.778638311631,37.503800946163,127.02697864469606,20857.0,31.0,taxi_respawn_164,picked
dyn_pax_3270,20847.0,2026-07-03 14:47:27,117790041#2,restaurant,,441.66460303662666,1376.669936706078,37.50391299976682,127.0256534125234,21000.0,153.0,taxi_respawn_46,picked
dyn_pax_3271,20871.0,2026-07-03 14:47:51,504227069,residential|restaurant,,587.1158993285404,291.7776336445087,37.494167438547194,127.02755526357365,21011.0,140.0,taxi_respawn_158,picked
dyn_pax_3272,20895.0,2026-07-03 14:48:15,1117538957#0,company|restaurant,,312.91680439510856,589.5311930299885,37.49679787270139,127.0243845203811,20901.0,6.0,taxi_respawn_75,picked
dyn_pax_3273,20896.0,2026-07-03 14:48:16,218857636#1,residential|company|restaurant|bus_stop,,297.92905089287035,623.2061345250047,37.49709839153085,127.02420706961871,21250.0,354.0,taxi_respawn_152,picked
dyn_pax_3274,20905.0,2026-07-03 14:48:25,417933645#0,residential|restaurant,,823.1026288816429,385.61625104994533,37.49505730126708,127.03020109557775,20922.0,17.0,taxi_respawn_162,picked
dyn_pax_3275,20907.0,2026-07-03 14:48:27,523141074#0,company|restaurant|subway_entrance,,524.0338794858329,871.4890157117229,37.4993777454413,127.02670460634431,21336.0,429.0,taxi_respawn_112,picked
dyn_pax_3276,20912.0,2026-07-03 14:48:32,-1537068129#0,restaurant,,962.1540281232122,1146.7630824504436,37.50194018104768,127.03159317410272,20938.0,26.0,taxi_0,picked
dyn_pax_3277,20921.0,2026-07-03 14:48:41,309155295#3,restaurant,,868.2249250208004,595.011595969151,37.496952113096654,127.03066169877924,20946.0,25.0,taxi_respawn_122,picked
dyn_pax_3278,20955.0,2026-07-03 14:49:15,521770116#2,company|restaurant|bus_stop,,432.3182248087171,1108.514093563608,37.50149560521279,127.02561136613096,21184.0,229.0,taxi_respawn_175,picked
dyn_pax_3279,20978.0,2026-07-03 14:49:38,-805827765,restaurant,,955.7439147780814,1157.0835718820576,37.50203194319751,127.03151825266303,20990.0,12.0,taxi_respawn_17,picked
dyn_pax_3280,20992.0,2026-07-03 14:49:52,-417933642#1,restaurant,,972.7851169931362,629.1778231901285,37.49727960321316,127.03183581048214,21032.0,40.0,taxi_respawn_151,picked
dyn_pax_3281,21003.0,2026-07-03 14:50:03,26163000#3,restaurant,,602.970622715944,1275.0711016561868,37.50302824900089,127.02750144434575,21020.0,17.0,taxi_respawn_20,picked
dyn_pax_3282,21007.0,2026-07-03 14:50:07,521766180#1,company|restaurant|bus_stop,,466.73410130235357,1169.2838037446552,37.502049542882666,127.02598608796039,21363.0,356.0,taxi_respawn_106,picked
dyn_pax_3283,21008.0,2026-07-03 14:50:08,379463134#2,restaurant,,492.9894267673794,1254.822149661426,37.50282506050825,127.0262626667944,21087.0,79.0,taxi_respawn_159,picked
dyn_pax_3284,21011.0,2026-07-03 14:50:11,-309155295#0,restaurant,,747.4684617800942,561.8059110120743,37.49663020867341,127.0293042509181,21030.0,19.0,taxi_respawn_27,picked
dyn_pax_3285,21029.0,2026-07-03 14:50:29,-379463130#1,restaurant,,595.1104652489141,1131.7345077296688,37.50173554422087,127.02744655088388,21046.0,17.0,taxi_respawn_170,picked
dyn_pax_3286,21048.0,2026-07-03 14:50:48,504227066#0,restaurant,,519.2210823013057,487.78345043316773,37.49592029712161,127.02674117912406,21075.0,27.0,taxi_respawn_45,picked
dyn_pax_3287,21050.0,2026-07-03 14:50:50,-557469234,restaurant,,929.7298817515857,1030.9986809445256,37.50089122514563,127.03125394368278,21073.0,23.0,taxi_respawn_97,picked
dyn_pax_3288,21066.0,2026-07-03 14:51:06,129731852,restaurant,,626.5739131314494,885.3301415107766,37.499521799012015,127.0278607124155,21293.0,227.0,taxi_respawn_160,picked
dyn_pax_3289,21110.0,2026-07-03 14:51:50,305539406,company|restaurant|subway_entrance,,566.389495917364,736.5285064605782,37.49816998085155,127.02721550408178,21441.0,331.0,taxi_respawn_127,picked
dyn_pax_3290,21114.0,2026-07-03 14:51:54,-506191135#22,residential|company|restaurant|bus_stop,,38.693950105848444,1321.9513167019495,37.50334380565249,127.02110990869835,21148.0,34.0,taxi_respawn_64,picked
dyn_pax_3291,21141.0,2026-07-03 14:52:21,-256787796#1,restaurant,,578.741609978934,1014.5790766049616,37.500677080058935,127.02728924469663,21276.0,135.0,taxi_respawn_129,picked
dyn_pax_3292,21147.0,2026-07-03 14:52:27,1117538957#0,company|restaurant,,312.91680439510856,589.5311930299885,37.49679787270139,127.0243845203811,21161.0,14.0,taxi_respawn_169,picked
dyn_pax_3293,21161.0,2026-07-03 14:52:41,379463134#2,restaurant,,492.9894267673794,1254.822149661426,37.50282506050825,127.0262626667944,21172.0,11.0,taxi_respawn_177,picked
dyn_pax_3294,21164.0,2026-07-03 14:52:44,-117790039#2,company|restaurant,,1017.0012393074795,990.846024966068,37.5005459641277,127.03225021068775,21194.0,30.0,taxi_respawn_61,picked
dyn_pax_3295,21198.0,2026-07-03 14:53:18,379232155,restaurant,,946.0567570824509,480.05346239194995,37.49593120335224,127.03156888346594,21230.0,32.0,taxi_respawn_179,picked
dyn_pax_3296,21217.0,2026-07-03 14:53:37,117790062#7,restaurant,,610.3314045210797,1078.999817662281,37.50126336859982,127.02763115548898,21233.0,16.0,taxi_respawn_115,picked
dyn_pax_3297,21227.0,2026-07-03 14:53:47,239962780#1,company|restaurant,,78.091042197054,1418.7355011637856,37.504223128704645,127.02153236485597,21264.0,37.0,taxi_respawn_117,picked
dyn_pax_3298,21265.0,2026-07-03 14:54:25,417933642#0,restaurant|bus_stop,,1041.0954363710525,463.30841921497654,37.49579826441859,127.03264736696761,21306.0,41.0,taxi_respawn_37,picked
dyn_pax_3299,21269.0,2026-07-03 14:54:29,-417933645#2,company|restaurant|subway_entrance,,701.1658676593129,719.5455833044954,37.49804244093877,127.02874337560036,21321.0,52.0,taxi_respawn_128,picked
dyn_pax_3300,21280.0,2026-07-03 14:54:40,-557469234,restaurant,,929.7298817515857,1030.9986809445256,37.50089122514563,127.03125394368278,21347.0,67.0,taxi_31,picked
dyn_pax_3301,21283.0,2026-07-03 14:54:43,178441450#1,residential|company|restaurant|bus_stop,,282.90243066757296,609.4157395563556,37.496971320837204,127.02404044855805,21293.0,10.0,taxi_respawn_122,picked
dyn_pax_3302,21291.0,2026-07-03 14:54:51,-913950883#1,residential|company|restaurant,,391.36286393582424,840.6655979518604,37.49907500229157,127.0252118555046,21330.0,39.0,taxi_respawn_78,picked
dyn_pax_3303,21298.0,2026-07-03 14:54:58,219837933#0,residential|company,,49.0199205680682,1328.1480294371383,37.503401583976704,127.02122519296726,21314.0,16.0,taxi_respawn_165,picked
dyn_pax_3304,21312.0,2026-07-03 14:55:12,520307304#2,restaurant,,553.737131666575,902.6336565846188,37.499663917706236,127.02703306650038,21322.0,10.0,taxi_respawn_170,picked
dyn_pax_3305,21338.0,2026-07-03 14:55:38,1056882877#3,residential|company|restaurant,,365.79280968467333,433.0557487307964,37.495398294451746,127.02501948586043,21394.0,56.0,taxi_respawn_25,picked
dyn_pax_3306,21351.0,2026-07-03 14:55:51,309155295#1,restaurant,,764.2225196982893,558.1760304781078,37.4966006705371,127.0294945363528,21418.0,67.0,taxi_respawn_156,picked
dyn_pax_3307,21366.0,2026-07-03 14:56:06,129733424#3,restaurant,,568.5053070143441,1008.1195751958668,37.500616957275064,127.02717503574868,21371.0,5.0,taxi_respawn_34,picked
dyn_pax_3308,21369.0,2026-07-03 14:56:09,117790051#2,restaurant,,558.5532373104973,1361.778638311631,37.503800946163,127.02697864469606,21392.0,23.0,taxi_respawn_175,picked
dyn_pax_3309,21369.0,2026-07-03 14:56:09,805827757#0,restaurant,,762.3138727549854,912.1862152730512,37.49978934916138,127.02938912364917,21443.0,74.0,taxi_respawn_178,picked
dyn_pax_3310,21374.0,2026-07-03 14:56:14,-504509918#2,company|restaurant|bus_stop,,398.9694242295193,827.4758220967593,37.49895762305832,127.02530099003066,21381.0,7.0,taxi_3,picked
dyn_pax_3311,21419.0,2026-07-03 14:56:59,-417933642#1,restaurant,,972.7851169931362,629.1778231901285,37.49727960321316,127.03183581048214,21488.0,69.0,taxi_respawn_46,picked
dyn_pax_3312,21437.0,2026-07-03 14:57:17,-117790051#4,restaurant,,448.3479635094145,1379.7889979949318,37.50394236073409,127.02572824341395,21564.0,127.0,taxi_respawn_166,picked
dyn_pax_3313,21441.0,2026-07-03 14:57:21,-417750354#1,restaurant,,946.150029211292,974.2465578508335,37.500383078435064,127.03145303198383,21469.0,28.0,taxi_respawn_176,picked
dyn_pax_3314,21444.0,2026-07-03 14:57:24,-506191135#22,residential|company|restaurant|bus_stop,,38.693950105848444,1321.9513167019495,37.50334380565249,127.02110990869835,21476.0,32.0,taxi_respawn_181,picked
dyn_pax_3315,21447.0,2026-07-03 14:57:27,521766182#1,company|restaurant|subway_entrance,,681.695169875507,539.6867345716422,37.496418539503196,127.02856584056028,21460.0,13.0,taxi_respawn_37,picked
dyn_pax_3316,21448.0,2026-07-03 14:57:28,-379232133,restaurant,,887.8909311741835,528.8139035551092,37.496359489964284,127.03089971288236,21467.0,19.0,taxi_respawn_128,picked
dyn_pax_3317,21459.0,2026-07-03 14:57:39,417933646#2,residential|restaurant,,830.3119525357222,594.5819430897021,37.496941093289735,127.0302331440542,21472.0,13.0,taxi_respawn_159,picked
dyn_pax_3318,21485.0,2026-07-03 14:58:05,117790039#3,restaurant,,1021.8645860465238,1004.4924062015546,37.500669811640854,127.03230197280303,21492.0,7.0,taxi_respawn_61,picked
dyn_pax_3319,21490.0,2026-07-03 14:58:10,417933642#2,residential|restaurant,,976.5976168723116,645.9370182109647,37.49743129415275,127.0318749523804,21502.0,12.0,taxi_respawn_172,picked
dyn_pax_3320,21491.0,2026-07-03 14:58:11,129731858#2,restaurant,,783.9672744139122,855.548332172334,37.49928322221005,127.02964736483162,21525.0,34.0,taxi_respawn_100,picked
dyn_pax_3321,21530.0,2026-07-03 14:58:50,-117790045#0,restaurant,,544.8147652988505,1238.053441474183,37.50268379633789,127.0268526423962,21557.0,27.0,taxi_respawn_49,picked
dyn_pax_3322,21532.0,2026-07-03 14:58:52,-417750354#1,restaurant,,946.150029211292,974.2465578508335,37.500383078435064,127.03145303198383,21572.0,40.0,taxi_respawn_145,picked
dyn_pax_3323,21550.0,2026-07-03 14:59:10,-417933646#1,residential|restaurant,,826.6019869456061,577.8075382253838,37.49678928421788,127.03019516859905,21565.0,15.0,taxi_respawn_20,picked
dyn_pax_3324,21554.0,2026-07-03 14:59:14,-379463124,restaurant,,592.9390816363945,1268.4136255899298,37.5029663815994,127.02738959394404,21577.0,23.0,taxi_respawn_140,picked
dyn_pax_3325,21563.0,2026-07-03 14:59:23,542367267#1,company|restaurant,,199.26981683313872,1381.121508122661,37.50390724154084,127.02291151664822,21616.0,53.0,taxi_respawn_122,picked
dyn_pax_3326,21571.0,2026-07-03 14:59:31,-417750337#6,restaurant,,503.6615133291097,1089.1021319971503,37.50133422142063,127.0264226479345,21579.0,8.0,taxi_respawn_139,picked
dyn_pax_3327,21571.0,2026-07-03 14:59:31,-117790045#1,restaurant,,534.0975884889299,1266.9858058167179,37.502942402865294,127.02672459950128,21592.0,21.0,taxi_respawn_161,picked
dyn_pax_3328,21578.0,2026-07-03 14:59:38,417750342#0,residential,,845.3624953099543,1340.16590884019,37.50366039527634,127.03022681464076,21622.0,44.0,taxi_respawn_150,picked
dyn_pax_3329,21583.0,2026-07-03 14:59:43,-309155295#4,residential|restaurant,,966.4689567179357,639.4784987131154,37.49737120494098,127.0317619612052,21587.0,4.0,taxi_0,picked
dyn_pax_3330,21615.0,2026-07-03 15:00:15,521766182#1,company|restaurant|subway_entrance,,681.695169875507,539.6867345716422,37.496418539503196,127.02856584056028,21687.0,72.0,taxi_respawn_54,picked
dyn_pax_3331,21616.0,2026-07-03 15:00:16,-417933646#1,residential|restaurant,,826.6019869456061,577.8075382253838,37.49678928421788,127.03019516859905,21631.0,15.0,taxi_respawn_176,picked
dyn_pax_3332,21618.0,2026-07-03 15:00:18,129731721#0,company|restaurant,,451.4485582282947,673.334514427724,37.497578992002325,127.0259309178301,22193.0,575.0,taxi_respawn_168,picked
dyn_pax_3333,21629.0,2026-07-03 15:00:29,504227069,residential|restaurant,,587.1158993285404,291.7776336445087,37.494167438547194,127.02755526357365,21667.0,38.0,taxi_respawn_37,picked
dyn_pax_3334,21671.0,2026-07-03 15:01:11,520307304#0,school|subway_entrance|bus_stop,,602.6035134310263,763.145495629718,37.498416594724866,127.02761864854104,21718.0,47.0,taxi_respawn_173,picked
dyn_pax_3335,21686.0,2026-07-03 15:01:26,504227067#4,residential|restaurant,,502.84500120553366,479.2066548114549,37.49583994070096,127.02655806263846,21697.0,11.0,taxi_respawn_181,picked
dyn_pax_3336,21691.0,2026-07-03 15:01:31,219837933#0,residential|company,,49.0199205680682,1328.1480294371383,37.503401583976704,127.02122519296726,21699.0,8.0,taxi_respawn_182,picked
dyn_pax_3337,21694.0,2026-07-03 15:01:34,628232693#0,company|restaurant,,644.2623295929467,660.168099777976,37.49749680792099,127.0281140674837,21751.0,57.0,taxi_respawn_80,picked
dyn_pax_3338,21696.0,2026-07-03 15:01:36,-129731857#2,restaurant,,875.7452923990509,884.8037873845144,37.499564075208866,127.03067814538078,21755.0,59.0,taxi_respawn_174,picked
dyn_pax_3339,21701.0,2026-07-03 15:01:41,-117790045#3,restaurant,,459.7597996777886,1476.3698694609513,37.50481454718326,127.02583436303603,21839.0,138.0,taxi_respawn_147,picked
dyn_pax_3340,21706.0,2026-07-03 15:01:46,-417933646#4,company|restaurant,,761.9867537178288,747.7080569325292,37.49830761500862,127.02942437673002,21755.0,49.0,taxi_respawn_106,picked
dyn_pax_3341,21710.0,2026-07-03 15:01:50,218864491#0,restaurant|bus_stop,,769.9803916976219,760.1217113917903,37.49842094941813,127.02951181742357,21749.0,39.0,taxi_respawn_165,picked
dyn_pax_3342,21719.0,2026-07-03 15:01:59,-379232161#3,restaurant,,957.578372934647,431.27964063812743,37.495494003443426,127.03171068469486,21754.0,35.0,taxi_respawn_61,picked
dyn_pax_3343,21734.0,2026-07-03 15:02:14,218857636#1,residential|company|restaurant|bus_stop,,297.92905089287035,623.2061345250047,37.49709839153085,127.02420706961871,21742.0,8.0,taxi_respawn_127,picked
dyn_pax_3344,21747.0,2026-07-03 15:02:27,521770119#3,restaurant,,495.372237145516,1095.557338436544,37.501390805360316,127.0263273901891,22092.0,345.0,taxi_respawn_175,picked
dyn_pax_3345,21747.0,2026-07-03 15:02:27,628232693#0,company|restaurant,,644.2623295929467,660.168099777976,37.49749680792099,127.0281140674837,21803.0,56.0,taxi_respawn_169,picked
dyn_pax_3346,21752.0,2026-07-03 15:02:32,520307304#0,school|subway_entrance|bus_stop,,602.6035134310263,763.145495629718,37.498416594724866,127.02761864854104,21768.0,16.0,taxi_respawn_141,picked
dyn_pax_3347,21761.0,2026-07-03 15:02:41,557469234,restaurant,,982.7249512156621,987.801549540822,37.50051207965727,127.03186337298402,21815.0,54.0,taxi_respawn_187,picked
dyn_pax_3348,21780.0,2026-07-03 15:03:00,256787796#8,restaurant,,646.6563496183319,793.2391486514691,37.49869600620777,127.02810960194483,22242.0,462.0,taxi_respawn_163,picked
dyn_pax_3349,21792.0,2026-07-03 15:03:12,504227069,residential|restaurant,,587.1158993285404,291.7776336445087,37.494167438547194,127.02755526357365,21912.0,120.0,taxi_respawn_71,picked
dyn_pax_3350,21799.0,2026-07-03 15:03:19,375049565#2,restaurant,,1048.966709229659,894.5327467658005,37.49968436369115,127.03263441305876,21849.0,50.0,taxi_respawn_176,picked
dyn_pax_3351,21822.0,2026-07-03 15:03:42,-417750337#0,restaurant,,672.8749254632385,1321.3640627464144,37.50345847130562,127.02828089713113,21851.0,29.0,taxi_respawn_142,picked
dyn_pax_3352,21840.0,2026-07-03 15:04:00,-376649996#1,company,,349.947152138941,1.6182517984103069,37.49150877654974,127.02494272030683,21900.0,60.0,taxi_respawn_34,picked
dyn_pax_3353,21843.0,2026-07-03 15:04:03,417933646#2,residential|restaurant,,830.3119525357222,594.5819430897021,37.496941093289735,127.0302331440542,21867.0,24.0,taxi_respawn_98,picked
dyn_pax_3354,21854.0,2026-07-03 15:04:14,520307304#2,restaurant,,553.737131666575,902.6336565846188,37.499663917706236,127.02703306650038,21936.0,82.0,taxi_respawn_192,picked
dyn_pax_3355,21857.0,2026-07-03 15:04:17,-309155295#4,residential|restaurant,,966.4689567179357,639.4784987131154,37.49737120494098,127.0317619612052,21895.0,38.0,taxi_respawn_180,picked
dyn_pax_3356,21863.0,2026-07-03 15:04:23,521766180#1,company|restaurant|bus_stop,,466.73410130235357,1169.2838037446552,37.502049542882666,127.02598608796039,22158.0,295.0,taxi_respawn_122,picked
dyn_pax_3357,21863.0,2026-07-03 15:04:23,417750354#1,restaurant,,919.2899707887079,1024.6134421491665,37.5008317366974,127.03113741131199,21885.0,22.0,taxi_respawn_79,picked
dyn_pax_3358,21878.0,2026-07-03 15:04:38,-239954462#0,company,,177.59108854633376,1424.6091910087337,37.50429488616932,127.02265605240045,21921.0,43.0,taxi_respawn_161,picked
dyn_pax_3359,21905.0,2026-07-03 15:05:05,117823785#0,company|restaurant,,1360.8740206736493,851.0492627492013,37.499351351792384,127.0361713398344,21979.0,74.0,taxi_respawn_78,picked
dyn_pax_3360,21907.0,2026-07-03 15:05:07,129731852,restaurant,,626.5739131314494,885.3301415107766,37.499521799012015,127.0278607124155,22286.0,379.0,taxi_respawn_191,picked
dyn_pax_3361,21936.0,2026-07-03 15:05:36,504227069,residential|restaurant,,587.1158993285404,291.7776336445087,37.494167438547194,127.02755526357365,21986.0,50.0,taxi_respawn_139,picked
dyn_pax_3362,21951.0,2026-07-03 15:05:51,117790045#3,restaurant,,504.6202003222114,1382.6101305390487,37.50397841113055,127.02636386411817,21969.0,18.0,taxi_respawn_172,picked
dyn_pax_3363,21971.0,2026-07-03 15:06:11,521766175#3,company|restaurant|subway_entrance|bus_stop,,373.6701172395771,1298.610217621072,37.50319695740621,127.02490310718325,21986.0,15.0,taxi_respawn_113,picked
dyn_pax_3364,21973.0,2026-07-03 15:06:13,417750337#1,restaurant,,654.3039749436668,1311.1147669608317,37.50336263595113,127.02807333923603,22257.0,284.0,taxi_respawn_177,picked
dyn_pax_3365,22009.0,2026-07-03 15:06:49,521770119#3,restaurant,,495.372237145516,1095.557338436544,37.501390805360316,127.0263273901891,,,,unpicked
dyn_pax_3366,22127.0,2026-07-03 15:08:47,129731859#3,restaurant,,873.6090416568148,941.272009001338,37.50007235670303,127.03064062663523,22179.0,52.0,taxi_respawn_185,picked
dyn_pax_3367,22157.0,2026-07-03 15:09:17,1011529829#0,school,,381.1393135972994,834.2751815073392,37.49901550234899,127.0250977784903,22192.0,35.0,taxi_respawn_78,picked
dyn_pax_3368,22223.0,2026-07-03 15:10:23,-417750336#3,school|company,,868.1859178511071,948.5147012398835,37.50013657861005,127.03057759421064,22236.0,13.0,taxi_respawn_17,picked
dyn_pax_3369,22281.0,2026-07-03 15:11:21,504227065,company,,441.32681628575455,666.8408278135128,37.497518581743364,127.0258180180219,22730.0,449.0,taxi_respawn_149,picked
dyn_pax_3370,22286.0,2026-07-03 15:11:26,504227067#0,restaurant,,638.7551174354396,526.833121212444,37.49629464408366,127.02808339614947,22339.0,53.0,taxi_respawn_119,picked
dyn_pax_3371,22354.0,2026-07-03 15:12:34,504227066#0,restaurant,,519.2210823013057,487.78345043316773,37.49592029712161,127.02674117912406,22437.0,83.0,taxi_respawn_193,picked
dyn_pax_3372,22359.0,2026-07-03 15:12:39,379463134#0,company,,445.604196565268,1237.9330600893716,37.50266396162017,127.02573088108544,22363.0,4.0,taxi_respawn_142,picked
dyn_pax_3373,22384.0,2026-07-03 15:13:04,239962780#1,company|restaurant,,78.091042197054,1418.7355011637856,37.504223128704645,127.02153236485597,22434.0,50.0,taxi_respawn_156,picked
dyn_pax_3374,22397.0,2026-07-03 15:13:17,117823785#0,company|restaurant,,1360.8740206736493,851.0492627492013,37.499351351792384,127.0361713398344,22475.0,78.0,taxi_respawn_147,picked
dyn_pax_3375,22407.0,2026-07-03 15:13:27,-504509918#2,company|restaurant|bus_stop,,398.9694242295193,827.4758220967593,37.49895762305832,127.02530099003066,22440.0,33.0,taxi_respawn_98,picked
dyn_pax_3376,22462.0,2026-07-03 15:14:22,-417750336#3,school|company,,868.1859178511071,948.5147012398835,37.50013657861005,127.03057759421064,22527.0,65.0,taxi_respawn_152,picked
dyn_pax_3377,22505.0,2026-07-03 15:15:05,-417750336#5,restaurant,,886.0343029737398,891.1232225857099,37.499622942823265,127.030792984823,22562.0,57.0,taxi_respawn_129,picked
dyn_pax_3378,22513.0,2026-07-03 15:15:13,129731859#0,restaurant,,636.6446621144157,858.1896913104493,37.49927921090336,127.0279810114602,22549.0,36.0,taxi_respawn_185,picked
dyn_pax_3379,22528.0,2026-07-03 15:15:28,129731857#2,company,,789.9847076009492,845.2662126154856,37.499191732762846,127.02971783662417,22632.0,104.0,taxi_16,picked
dyn_pax_3380,22540.0,2026-07-03 15:15:40,-1056882877#5,company|restaurant,,302.41102899925136,583.0415396467946,37.496737424712585,127.0242672800979,22598.0,58.0,taxi_respawn_20,picked
dyn_pax_3381,22578.0,2026-07-03 15:16:18,-1537068129#0,restaurant,,962.1540281232122,1146.7630824504436,37.50194018104768,127.03159317410272,22601.0,23.0,taxi_respawn_179,picked
dyn_pax_3382,22588.0,2026-07-03 15:16:28,129733424#3,restaurant,,568.5053070143441,1008.1195751958668,37.500616957275064,127.02717503574868,22714.0,126.0,taxi_respawn_187,picked
dyn_pax_3383,22598.0,2026-07-03 15:16:38,256787796#2,restaurant,,573.8171824012851,1000.9225059734806,37.50055312725627,127.02723680274495,22711.0,113.0,taxi_respawn_190,picked
dyn_pax_3384,22676.0,2026-07-03 15:17:56,117790045#3,restaurant,,504.6202003222114,1382.6101305390487,37.50397841113055,127.02636386411817,22686.0,10.0,taxi_respawn_119,picked
dyn_pax_3385,22684.0,2026-07-03 15:18:04,-117823785#1,restaurant,,983.1954817367493,635.6880668681273,37.49734021138362,127.03195197441553,22731.0,47.0,taxi_respawn_123,picked
dyn_pax_3386,22692.0,2026-07-03 15:18:12,129733424#0,restaurant,,719.7944869540754,1033.9950883209078,37.500878618503414,127.0288795122034,22723.0,31.0,taxi_respawn_172,picked
dyn_pax_3387,22702.0,2026-07-03 15:18:22,117790051#4,restaurant,,495.1920534812603,1378.4842065286966,37.50393946166789,127.02625823552458,22818.0,116.0,taxi_3,picked
dyn_pax_3388,22724.0,2026-07-03 15:18:44,1229817205#0,company|subway_entrance|bus_stop,,599.2457558679199,652.2907550986157,37.497417346160496,127.02760695963683,22782.0,58.0,taxi_respawn_54,picked
dyn_pax_3389,22742.0,2026-07-03 15:19:02,521766180#1,company|restaurant|bus_stop,,466.73410130235357,1169.2838037446552,37.502049542882666,127.02598608796039,22852.0,110.0,taxi_respawn_194,picked
dyn_pax_3390,22745.0,2026-07-03 15:19:05,521766182#1,company|restaurant|subway_entrance,,681.695169875507,539.6867345716422,37.496418539503196,127.02856584056028,22751.0,6.0,taxi_respawn_127,picked
dyn_pax_3391,22813.0,2026-07-03 15:20:13,117790062#7,restaurant,,610.3314045210797,1078.999817662281,37.50126336859982,127.02763115548898,22835.0,22.0,taxi_respawn_198,picked
dyn_pax_3392,22840.0,2026-07-03 15:20:40,219837933#0,residential|company,,49.0199205680682,1328.1480294371383,37.503401583976704,127.02122519296726,22848.0,8.0,taxi_respawn_191,picked
dyn_pax_3393,22898.0,2026-07-03 15:21:38,-417933642#1,restaurant,,972.7851169931362,629.1778231901285,37.49727960321316,127.03183581048214,22932.0,34.0,taxi_respawn_141,picked
dyn_pax_3394,22903.0,2026-07-03 15:21:43,-379232161#3,restaurant,,957.578372934647,431.27964063812743,37.495494003443426,127.03171068469486,22973.0,70.0,taxi_respawn_199,picked
dyn_pax_3395,22916.0,2026-07-03 15:21:56,117790041#2,restaurant,,441.66460303662666,1376.669936706078,37.50391299976682,127.0256534125234,22932.0,16.0,taxi_respawn_71,picked
dyn_pax_3396,23007.0,2026-07-03 15:23:27,-805827765,restaurant,,955.7439147780814,1157.0835718820576,37.50203194319751,127.03151825266303,23028.0,21.0,taxi_respawn_203,picked
dyn_pax_3397,23032.0,2026-07-03 15:23:52,-417750354#0,residential,,923.3498430372201,1041.2071047119894,37.5009819832587,127.03117938951307,23096.0,64.0,taxi_respawn_200,picked
dyn_pax_3398,23087.0,2026-07-03 15:24:47,117790041#3,restaurant,,485.8172797724441,1249.4366376844557,37.50277519064896,127.0261828476699,23134.0,47.0,taxi_respawn_80,picked
dyn_pax_3399,23117.0,2026-07-03 15:25:17,218857636#1,residential|company|restaurant|bus_stop,,297.92905089287035,623.2061345250047,37.49709839153085,127.02420706961871,23136.0,19.0,taxi_respawn_193,picked
dyn_pax_3400,23138.0,2026-07-03 15:25:38,309155295#3,restaurant,,868.2249250208004,595.011595969151,37.496952113096654,127.03066169877924,23172.0,34.0,taxi_respawn_207,picked
dyn_pax_3401,23158.0,2026-07-03 15:25:58,521766175#3,company|restaurant|subway_entrance|bus_stop,,373.6701172395771,1298.610217621072,37.50319695740621,127.02490310718325,23427.0,269.0,taxi_respawn_165,picked
dyn_pax_3402,23206.0,2026-07-03 15:26:46,417750337#5,restaurant,,522.3387290339521,1126.7881672814829,37.50167723806998,127.02662489231146,23546.0,340.0,taxi_respawn_150,picked
dyn_pax_3403,23241.0,2026-07-03 15:27:21,1056882877#3,residential|company|restaurant,,365.79280968467333,433.0557487307964,37.495398294451746,127.02501948586043,23262.0,21.0,taxi_respawn_17,picked
dyn_pax_3404,23254.0,2026-07-03 15:27:34,802110008,restaurant,,567.9368588148042,1294.4290295528247,37.503196013251454,127.02710071947062,23791.0,537.0,taxi_respawn_161,picked
dyn_pax_3405,23259.0,2026-07-03 15:27:39,-379232155,restaurant,,999.2800162208075,449.1965960198298,37.495663263085994,127.03217793178025,23275.0,16.0,taxi_respawn_195,picked
dyn_pax_3406,23301.0,2026-07-03 15:28:21,129731857#2,company,,789.9847076009492,845.2662126154856,37.499191732762846,127.02971783662417,23326.0,25.0,taxi_respawn_78,picked
dyn_pax_3407,23327.0,2026-07-03 15:28:47,-506191135#2,residential|bus_stop,,236.19733776439384,769.6838415951818,37.49840622577806,127.02347432089968,23332.0,5.0,taxi_0,picked
dyn_pax_3408,23347.0,2026-07-03 15:29:07,218857636#1,residential|company|restaurant|bus_stop,,297.92905089287035,623.2061345250047,37.49709839153085,127.02420706961871,23382.0,35.0,taxi_2,picked
dyn_pax_3409,23369.0,2026-07-03 15:29:29,1376141182#0,bus_stop,,385.7154046370183,1301.0311255965628,37.50322104370192,127.02503873135461,23432.0,63.0,taxi_respawn_141,picked
dyn_pax_3410,23415.0,2026-07-03 15:30:15,-129731858#3,restaurant,,760.2046779472714,898.6469063162286,37.49966698472747,127.02936848203807,23449.0,34.0,taxi_respawn_123,picked
dyn_pax_3411,23450.0,2026-07-03 15:30:50,-417933645#2,company|restaurant|subway_entrance,,701.1658676593129,719.5455833044954,37.49804244093877,127.02874337560036,23585.0,135.0,taxi_31,picked
dyn_pax_3412,23506.0,2026-07-03 15:31:46,-309155295#4,residential|restaurant,,966.4689567179357,639.4784987131154,37.49737120494098,127.0317619612052,23516.0,10.0,taxi_respawn_191,picked
dyn_pax_3413,23548.0,2026-07-03 15:32:28,504509918#0,residential|restaurant,,511.83203920742636,882.9034728009249,37.49947826486711,127.02656393710718,23586.0,38.0,taxi_respawn_112,picked
dyn_pax_3414,23553.0,2026-07-03 15:32:33,1117538958#3,bus_stop,,160.18899290588462,540.6019911995099,37.49632820280781,127.02266936696756,24150.0,597.0,taxi_respawn_158,picked
dyn_pax_3415,23571.0,2026-07-03 15:32:51,239962780#1,company|restaurant,,78.091042197054,1418.7355011637856,37.504223128704645,127.02153236485597,23785.0,214.0,taxi_respawn_183,picked
dyn_pax_3416,23652.0,2026-07-03 15:34:12,1229817205#1,residential|bus_stop,,631.6400080768872,572.7061575261558,37.49670653972221,127.02799208080955,23676.0,24.0,taxi_respawn_34,picked
dyn_pax_3417,23657.0,2026-07-03 15:34:17,1117538958#2,company,,104.12900552775619,520.131995808405,37.496133188537314,127.02204040818502,23698.0,41.0,taxi_respawn_203,picked
dyn_pax_3418,23659.0,2026-07-03 15:34:19,628232693#0,company|restaurant,,644.2623295929467,660.168099777976,37.49749680792099,127.0281140674837,23769.0,110.0,taxi_respawn_115,picked
dyn_pax_3419,23702.0,2026-07-03 15:35:02,-506191135#22,residential|company|restaurant|bus_stop,,38.693950105848444,1321.9513167019495,37.50334380565249,127.02110990869835,23957.0,255.0,taxi_respawn_188,picked
dyn_pax_3420,23710.0,2026-07-03 15:35:10,-1011529829#3,residential|restaurant,,246.84006179949273,776.1178104815556,37.49846619888778,127.02359312469504,23721.0,11.0,taxi_respawn_197,picked
dyn_pax_3421,23740.0,2026-07-03 15:35:40,417750337#2,restaurant,,602.0112566641748,1239.22102407953,37.50270511928559,127.02749909599581,24409.0,669.0,taxi_respawn_71,picked
dyn_pax_3422,23747.0,2026-07-03 15:35:47,417933642#2,residential|restaurant,,976.5976168723116,645.9370182109647,37.49743129415275,127.0318749523804,23779.0,32.0,taxi_respawn_164,picked
dyn_pax_3423,23765.0,2026-07-03 15:36:05,417933645#2,residential|company|restaurant,,757.7944798520502,568.4010952306102,37.496691568512986,127.02941943794849,23776.0,11.0,taxi_respawn_112,picked
dyn_pax_3424,23783.0,2026-07-03 15:36:23,520307304#2,restaurant,,553.737131666575,902.6336565846188,37.499663917706236,127.02703306650038,24173.0,390.0,taxi_respawn_145,picked
dyn_pax_3425,23805.0,2026-07-03 15:36:45,-805827765,restaurant,,955.7439147780814,1157.0835718820576,37.50203194319751,127.03151825266303,23838.0,33.0,taxi_respawn_208,picked
dyn_pax_3426,23810.0,2026-07-03 15:36:50,417933646#2,residential|restaurant,,830.3119525357222,594.5819430897021,37.496941093289735,127.0302331440542,23841.0,31.0,taxi_respawn_173,picked
dyn_pax_3427,23843.0,2026-07-03 15:37:23,309155295#2,restaurant,,836.915506927576,584.1196133409687,37.49684809051661,127.03031028233906,23880.0,37.0,taxi_respawn_212,picked
dyn_pax_3428,23846.0,2026-07-03 15:37:26,520307304#0,school|subway_entrance|bus_stop,,602.6035134310263,763.145495629718,37.498416594724866,127.02761864854104,24167.0,321.0,taxi_respawn_129,picked
dyn_pax_3429,23884.0,2026-07-03 15:38:04,521766175#1,company|restaurant|subway_entrance,,332.9365590021661,1411.5585828157227,37.504206724109,127.02441570308932,23890.0,6.0,taxi_respawn_177,picked
dyn_pax_3430,23911.0,2026-07-03 15:38:31,239962780#1,company|restaurant,,78.091042197054,1418.7355011637856,37.504223128704645,127.02153236485597,23942.0,31.0,taxi_respawn_219,picked
dyn_pax_3431,23944.0,2026-07-03 15:39:04,129731858#2,restaurant,,783.9672744139122,855.548332172334,37.49928322221005,127.02964736483162,23962.0,18.0,taxi_respawn_20,picked
dyn_pax_3432,23994.0,2026-07-03 15:39:54,-256787796#1,restaurant,,578.741609978934,1014.5790766049616,37.500677080058935,127.02728924469663,24164.0,170.0,taxi_respawn_217,picked
dyn_pax_3433,24007.0,2026-07-03 15:40:07,-523141073,residential|company,,283.47995026542384,1109.9635024546676,37.50148051131825,127.02392811188028,24324.0,317.0,taxi_respawn_64,picked
dyn_pax_3434,24108.0,2026-07-03 15:41:48,-117790062#4,company,,666.6267400273903,1210.7400577041187,37.50246075614395,127.02823646445898,24424.0,316.0,taxi_respawn_191,picked
dyn_pax_3435,24138.0,2026-07-03 15:42:18,480850873,company|restaurant|bus_stop,,548.1935052770749,708.5896639848544,37.49791486187585,127.0270163956136,24344.0,206.0,taxi_respawn_146,picked
dyn_pax_3436,24171.0,2026-07-03 15:42:51,1376141182#0,bus_stop,,385.7154046370183,1301.0311255965628,37.50322104370192,127.02503873135461,24414.0,243.0,taxi_respawn_221,picked
dyn_pax_3437,24199.0,2026-07-03 15:43:19,256787796#6,restaurant,,626.4884087870183,851.7135990963859,37.499218954480725,127.02786771303293,24220.0,21.0,taxi_respawn_200,picked
dyn_pax_3438,24229.0,2026-07-03 15:43:49,305539406,company|restaurant|subway_entrance,,566.389495917364,736.5285064605782,37.49816998085155,127.02721550408178,24319.0,90.0,taxi_respawn_177,picked
dyn_pax_3439,24267.0,2026-07-03 15:44:27,117790041#2,restaurant,,441.66460303662666,1376.669936706078,37.50391299976682,127.0256534125234,24336.0,69.0,taxi_respawn_212,picked
dyn_pax_3440,24279.0,2026-07-03 15:44:39,-129731857#1,restaurant,,773.0987126859483,849.1784152186673,37.4992237894183,127.02952598601298,24289.0,10.0,taxi_respawn_128,picked
dyn_pax_3441,24282.0,2026-07-03 15:44:42,129733424#3,restaurant,,568.5053070143441,1008.1195751958668,37.500616957275064,127.02717503574868,24350.0,68.0,taxi_respawn_219,picked
dyn_pax_3442,24304.0,2026-07-03 15:45:04,1229817205#1,residential|bus_stop,,631.6400080768872,572.7061575261558,37.49670653972221,127.02799208080955,24395.0,91.0,taxi_respawn_174,picked
dyn_pax_3443,24322.0,2026-07-03 15:45:22,504227069,residential|restaurant,,587.1158993285404,291.7776336445087,37.494167438547194,127.02755526357365,24368.0,46.0,taxi_respawn_209,picked
dyn_pax_3444,24330.0,2026-07-03 15:45:30,-256787796#4,restaurant,,620.2926176327408,895.5374521094307,37.49961256354246,127.02778727239327,24361.0,31.0,taxi_respawn_115,picked
dyn_pax_3445,24413.0,2026-07-03 15:46:53,-129731717#1,residential|company|restaurant,,188.433090102474,1374.3511058470413,37.503844200149025,127.0227905913032,24434.0,21.0,taxi_18,picked
dyn_pax_3446,24433.0,2026-07-03 15:47:13,521766175#3,company|restaurant|subway_entrance|bus_stop,,373.6701172395771,1298.610217621072,37.50319695740621,127.02490310718325,24688.0,255.0,taxi_respawn_148,picked
dyn_pax_3447,24435.0,2026-07-03 15:47:15,-417933642#4,restaurant,,907.3718228697127,805.8014682006251,37.49885835910486,127.03105443169989,24487.0,52.0,taxi_respawn_181,picked
dyn_pax_3448,24458.0,2026-07-03 15:47:38,1117538957#3,restaurant|subway_entrance|bus_stop,,465.5082521847807,644.8780924026132,37.49732530507706,127.02609663221197,24526.0,68.0,taxi_respawn_211,picked
dyn_pax_3449,24473.0,2026-07-03 15:47:53,117790045#2,restaurant,,537.9561568342307,1283.7183624175188,37.50309386389003,127.02676426064505,24480.0,7.0,taxi_respawn_150,picked
dyn_pax_3450,24509.0,2026-07-03 15:48:29,521766175#3,company|restaurant|subway_entrance|bus_stop,,373.6701172395771,1298.610217621072,37.50319695740621,127.02490310718325,24957.0,448.0,taxi_respawn_98,picked
dyn_pax_3451,24536.0,2026-07-03 15:48:56,521766175#3,company|restaurant|subway_entrance|bus_stop,,373.6701172395771,1298.610217621072,37.50319695740621,127.02490310718325,24776.0,240.0,taxi_respawn_161,picked
dyn_pax_3452,24640.0,2026-07-03 15:50:40,129733424#0,restaurant,,719.7944869540754,1033.9950883209078,37.500878618503414,127.0288795122034,24683.0,43.0,taxi_respawn_147,picked
dyn_pax_3453,24645.0,2026-07-03 15:50:45,-506191135#22,residential|company|restaurant|bus_stop,,38.693950105848444,1321.9513167019495,37.50334380565249,127.02110990869835,24689.0,44.0,taxi_respawn_166,picked
dyn_pax_3454,24677.0,2026-07-03 15:51:17,218873820#0,restaurant|subway_entrance|bus_stop,,628.9829311132032,562.4061665928522,37.49661325243901,127.02796447999128,24757.0,80.0,taxi_respawn_191,picked
dyn_pax_3455,24680.0,2026-07-03 15:51:20,-417750354#1,restaurant,,946.150029211292,974.2465578508335,37.500383078435064,127.03145303198383,24689.0,9.0,taxi_respawn_126,picked
dyn_pax_3456,24685.0,2026-07-03 15:51:25,-26163000#1,restaurant,,613.3034084576574,1234.0026207389662,37.50266024308643,127.02762801542576,24709.0,24.0,taxi_respawn_164,picked
dyn_pax_3457,24687.0,2026-07-03 15:51:27,-1056882877#5,company|restaurant,,302.41102899925136,583.0415396467946,37.496737424712585,127.0242672800979,,,,unpicked
dyn_pax_3458,24735.0,2026-07-03 15:52:15,375049565#6,restaurant|subway_entrance|bus_stop,,789.5153251748014,798.8522330112556,37.49877353199428,127.02972351946808,24751.0,16.0,taxi_respawn_204,picked
dyn_pax_3459,24748.0,2026-07-03 15:52:28,117823785#0,company|restaurant,,1360.8740206736493,851.0492627492013,37.499351351792384,127.0361713398344,24822.0,74.0,taxi_respawn_225,picked
dyn_pax_3460,24768.0,2026-07-03 15:52:48,417933642#2,residential|restaurant,,976.5976168723116,645.9370182109647,37.49743129415275,127.0318749523804,24811.0,43.0,taxi_respawn_170,picked
dyn_pax_3461,24773.0,2026-07-03 15:52:53,417933642#0,restaurant|bus_stop,,1041.0954363710525,463.30841921497654,37.49579826441859,127.03264736696761,24834.0,61.0,taxi_respawn_150,picked
dyn_pax_3462,24781.0,2026-07-03 15:53:01,-506191135#22,residential|company|restaurant|bus_stop,,38.693950105848444,1321.9513167019495,37.50334380565249,127.02110990869835,24826.0,45.0,taxi_respawn_226,picked
dyn_pax_3463,24796.0,2026-07-03 15:53:16,-417933642#1,restaurant,,972.7851169931362,629.1778231901285,37.49727960321316,127.03183581048214,24864.0,68.0,taxi_respawn_186,picked
dyn_pax_3464,24818.0,2026-07-03 15:53:38,504227065,company,,441.32681628575455,666.8408278135128,37.497518581743364,127.0258180180219,,,,unpicked
dyn_pax_3465,24861.0,2026-07-03 15:54:21,-309155295#4,residential|restaurant,,966.4689567179357,639.4784987131154,37.49737120494098,127.0317619612052,24884.0,23.0,taxi_respawn_173,picked
dyn_pax_3466,24902.0,2026-07-03 15:55:02,117790041#3,restaurant,,485.8172797724441,1249.4366376844557,37.50277519064896,127.0261828476699,24919.0,17.0,taxi_respawn_148,picked
dyn_pax_3467,24967.0,2026-07-03 15:56:07,521770119#1,restaurant|bus_stop,,527.3115514435282,995.8620162900467,37.50049875494786,127.02671217090477,25128.0,161.0,taxi_respawn_141,picked
dyn_pax_3468,25007.0,2026-07-03 15:56:47,494824662#3,company|restaurant|subway_entrance,,729.424850252167,406.6843378518681,37.49522941823122,127.02913698209235,25059.0,52.0,taxi_respawn_209,picked
dyn_pax_3469,25018.0,2026-07-03 15:56:58,117790039#3,restaurant,,1021.8645860465238,1004.4924062015546,37.500669811640854,127.03230197280303,25038.0,20.0,taxi_respawn_204,picked
dyn_pax_3470,25083.0,2026-07-03 15:58:03,256787796#2,restaurant,,573.8171824012851,1000.9225059734806,37.50055312725627,127.02723680274495,25183.0,100.0,taxi_respawn_186,picked
dyn_pax_3471,25093.0,2026-07-03 15:58:13,218864491#0,restaurant|bus_stop,,769.9803916976219,760.1217113917903,37.49842094941813,127.02951181742357,25168.0,75.0,taxi_respawn_115,picked
dyn_pax_3472,25098.0,2026-07-03 15:58:18,117790045#3,restaurant,,504.6202003222114,1382.6101305390487,37.50397841113055,127.02636386411817,,,,unpicked
dyn_pax_3473,25106.0,2026-07-03 15:58:26,-541692164#2,subway_entrance,,317.7122087179151,1441.0296574375257,37.504469327730426,127.0242365566347,25126.0,20.0,taxi_respawn_165,picked
dyn_pax_3474,25131.0,2026-07-03 15:58:51,178441450#1,residential|company|restaurant|bus_stop,,282.90243066757296,609.4157395563556,37.496971320837204,127.02404044855805,25138.0,7.0,taxi_respawn_175,picked
dyn_pax_3475,25149.0,2026-07-03 15:59:09,-417750337#0,restaurant,,672.8749254632385,1321.3640627464144,37.50345847130562,127.02828089713113,25173.0,24.0,taxi_respawn_146,picked
dyn_pax_3476,25164.0,2026-07-03 15:59:24,-805827765,restaurant,,955.7439147780814,1157.0835718820576,37.50203194319751,127.03151825266303,25199.0,35.0,taxi_respawn_64,picked
dyn_pax_3477,25184.0,2026-07-03 15:59:44,-417933646#1,residential|restaurant,,826.6019869456061,577.8075382253838,37.49678928421788,127.03019516859905,,,,unpicked
dyn_pax_3478,25199.0,2026-07-03 15:59:59,305539406,company|restaurant|subway_entrance,,566.389495917364,736.5285064605782,37.49816998085155,127.02721550408178,,,,unpicked
