person_id,request_sec,pickup_datetime,edge_id,origin_zone,dest_category,x,y,latitude,longitude,pickup_sec,wait_sec,taxi_id,status
dyn_pax_1,11.0,2026-09-07 09:00:11,1229817205#0,company|subway_entrance|bus_stop,company,599.2457558679199,652.2907550986157,37.497417346160496,127.02760695963683,102.0,91.0,taxi_32,picked
dyn_pax_2,11.0,2026-09-07 09:00:11,-129731717#1,residential|company|restaurant,,188.433090102474,1374.3511058470413,37.503844200149025,127.0227905913032,69.0,58.0,taxi_42,picked
dyn_pax_3,12.0,2026-09-07 09:00:12,417933646#0,restaurant,,894.2617302193242,410.3206078764906,37.49529326349135,127.03099977850056,89.0,77.0,taxi_respawn_10,picked
dyn_pax_4,13.0,2026-09-07 09:00:13,218877837#2,company|restaurant|bus_stop,company,479.4555212141038,978.0213907550284,37.500328997763305,127.02617530290202,77.0,64.0,taxi_5,picked
dyn_pax_5,16.0,2026-09-07 09:00:16,521766175#3,company|restaurant|subway_entrance|bus_stop,company,373.6701172395771,1298.610217621072,37.50319695740621,127.02490310718325,77.0,61.0,taxi_18,picked
dyn_pax_6,18.0,2026-09-07 09:00:18,129731859#7,restaurant,,1027.2096381836107,997.5648919281483,37.50060841330955,127.03236404697942,,,,timeout
dyn_pax_7,20.0,2026-09-07 09:00:20,-506191135#2,residential|bus_stop,company,236.19733776439384,769.6838415951818,37.49840622577806,127.02347432089968,71.0,51.0,taxi_respawn_1,picked
dyn_pax_8,20.0,2026-09-07 09:00:20,521770119#0,restaurant|bus_stop,,548.9831206778387,935.1148840516827,37.4999556205417,127.02697161236954,110.0,90.0,taxi_47,picked
dyn_pax_9,21.0,2026-09-07 09:00:21,417933642#0,restaurant|bus_stop,company,1041.0954363710525,463.30841921497654,37.49579826441859,127.03264736696761,101.0,80.0,taxi_8,picked
dyn_pax_10,24.0,2026-09-07 09:00:24,1376141183#0,bus_stop,company,548.2528111146681,901.2117688498424,37.49965007283687,127.02697139402301,111.0,87.0,taxi_6,picked
dyn_pax_11,25.0,2026-09-07 09:00:25,239954074#0,company|restaurant,,429.7181373520864,1403.414988136971,37.50415166837821,127.02551198233628,,,,timeout
dyn_pax_12,27.0,2026-09-07 09:00:27,218873820#0,restaurant|subway_entrance|bus_stop,company,628.9829311132032,562.4061665928522,37.49661325243901,127.02796447999128,107.0,80.0,taxi_2,picked
dyn_pax_13,28.0,2026-09-07 09:00:28,-417933642#1,restaurant,,972.7851169931362,629.1778231901285,37.49727960321316,127.03183581048214,,,,timeout
dyn_pax_14,33.0,2026-09-07 09:00:33,975332778#1,bus_stop,company,681.6099970732737,721.9380561808346,37.49806030190971,127.02852170075586,114.0,81.0,taxi_25,picked
dyn_pax_15,35.0,2026-09-07 09:00:35,-542367267#1,bus_stop,company,247.51018316686128,1414.7184918773391,37.504219024473855,127.02344900430944,97.0,62.0,taxi_45,picked
dyn_pax_16,38.0,2026-09-07 09:00:38,-417933645#2,company|restaurant|subway_entrance,company,701.1658676593129,719.5455833044954,37.49804244093877,127.02874337560036,153.0,115.0,taxi_respawn_13,picked
dyn_pax_17,40.0,2026-09-07 09:00:40,-504509918#2,company|restaurant|bus_stop,company,398.9694242295193,827.4758220967593,37.49895762305832,127.02530099003066,110.0,70.0,taxi_15,picked
dyn_pax_18,41.0,2026-09-07 09:00:41,1117538957#3,restaurant|subway_entrance|bus_stop,company,465.5082521847807,644.8780924026132,37.49732530507706,127.02609663221197,71.0,30.0,taxi_34,picked
dyn_pax_19,42.0,2026-09-07 09:00:42,521766175#3,company|restaurant|subway_entrance|bus_stop,company,373.6701172395771,1298.610217621072,37.50319695740621,127.02490310718325,76.0,34.0,taxi_31,picked
dyn_pax_20,44.0,2026-09-07 09:00:44,218873820#0,restaurant|subway_entrance|bus_stop,company,628.9829311132032,562.4061665928522,37.49661325243901,127.02796447999128,112.0,68.0,taxi_22,picked
dyn_pax_21,45.0,2026-09-07 09:00:45,417933646#2,residential|restaurant,,830.3119525357222,594.5819430897021,37.496941093289735,127.0302331440542,134.0,89.0,taxi_respawn_21,picked
dyn_pax_22,52.0,2026-09-07 09:00:52,218873820#0,restaurant|subway_entrance|bus_stop,company,628.9829311132032,562.4061665928522,37.49661325243901,127.02796447999128,80.0,28.0,taxi_20,picked
dyn_pax_23,54.0,2026-09-07 09:00:54,417933642#0,restaurant|bus_stop,company,1041.0954363710525,463.30841921497654,37.49579826441859,127.03264736696761,106.0,52.0,taxi_38,picked
dyn_pax_24,55.0,2026-09-07 09:00:55,521766175#1,company|restaurant|subway_entrance,company,332.9365590021661,1411.5585828157227,37.504206724109,127.02441570308932,70.0,15.0,taxi_respawn_25,picked
dyn_pax_25,57.0,2026-09-07 09:00:57,521766180#1,company|restaurant|bus_stop,company,466.73410130235357,1169.2838037446552,37.502049542882666,127.02598608796039,107.0,50.0,taxi_28,picked
dyn_pax_26,58.0,2026-09-07 09:00:58,218864491#0,restaurant|bus_stop,company,769.9803916976219,760.1217113917903,37.49842094941813,127.02951181742357,117.0,59.0,taxi_39,picked
dyn_pax_27,59.0,2026-09-07 09:00:59,1229817205#0,company|subway_entrance|bus_stop,company,599.2457558679199,652.2907550986157,37.497417346160496,127.02760695963683,120.0,61.0,taxi_respawn_15,picked
dyn_pax_28,62.0,2026-09-07 09:01:02,521766182#1,company|restaurant|subway_entrance,company,681.695169875507,539.6867345716422,37.496418539503196,127.02856584056028,239.0,177.0,taxi_respawn_29,picked
dyn_pax_29,63.0,2026-09-07 09:01:03,379463130#0,restaurant,,544.1425087303844,1128.5419490598922,37.501697156429024,127.02687101205116,132.0,69.0,taxi_respawn_4,picked
dyn_pax_30,68.0,2026-09-07 09:01:08,1117538957#0,company|restaurant,,312.91680439510856,589.5311930299885,37.49679787270139,127.0243845203811,127.0,59.0,taxi_respawn_12,picked
dyn_pax_31,69.0,2026-09-07 09:01:09,1229817205#0,company|subway_entrance|bus_stop,company,599.2457558679199,652.2907550986157,37.497417346160496,127.02760695963683,149.0,80.0,taxi_19,picked
dyn_pax_32,72.0,2026-09-07 09:01:12,-506191135#22,residential|company|restaurant|bus_stop,company,38.693950105848444,1321.9513167019495,37.50334380565249,127.02110990869835,140.0,68.0,taxi_27,picked
dyn_pax_33,72.0,2026-09-07 09:01:12,504227067#4,residential|restaurant,,502.84500120553366,479.2066548114549,37.49583994070096,127.02655806263846,212.0,140.0,taxi_13,picked
dyn_pax_34,73.0,2026-09-07 09:01:13,375049565#6,restaurant|subway_entrance|bus_stop,company,789.5153251748014,798.8522330112556,37.49877353199428,127.02972351946808,127.0,54.0,taxi_respawn_8,picked
dyn_pax_35,78.0,2026-09-07 09:01:18,521770119#0,restaurant|bus_stop,company,548.9831206778387,935.1148840516827,37.4999556205417,127.02697161236954,126.0,48.0,taxi_36,picked
dyn_pax_36,79.0,2026-09-07 09:01:19,1229817205#1,residential|bus_stop,company,631.6400080768872,572.7061575261558,37.49670653972221,127.02799208080955,200.0,121.0,taxi_9,picked
dyn_pax_37,79.0,2026-09-07 09:01:19,379232155,restaurant,,946.0567570824509,480.05346239194995,37.49593120335224,127.03156888346594,,,,timeout
dyn_pax_38,81.0,2026-09-07 09:01:21,521766180#3,company|subway_entrance,company,386.1025100472621,1391.5483758557143,37.504036522784034,127.0250216210457,,,,timeout
dyn_pax_39,82.0,2026-09-07 09:01:22,1376141183#0,bus_stop,company,548.2528111146681,901.2117688498424,37.49965007283687,127.02697139402301,146.0,64.0,taxi_12,picked
dyn_pax_40,83.0,2026-09-07 09:01:23,494824662#3,restaurant|subway_entrance,company,729.424850252167,406.6843378518681,37.49522941823122,127.02913698209235,171.0,88.0,taxi_respawn_2,picked
dyn_pax_41,85.0,2026-09-07 09:01:25,218877837#2,company|restaurant|bus_stop,,479.4555212141038,978.0213907550284,37.500328997763305,127.02617530290202,133.0,48.0,taxi_4,picked
dyn_pax_42,86.0,2026-09-07 09:01:26,-309155295#1,residential|restaurant,,820.2174803017108,588.0239695218922,37.496880113093034,127.03012056506905,217.0,131.0,taxi_37,picked
dyn_pax_43,89.0,2026-09-07 09:01:29,521770119#0,restaurant|bus_stop,company,548.9831206778387,935.1148840516827,37.4999556205417,127.02697161236954,146.0,57.0,taxi_respawn_6,picked
dyn_pax_44,90.0,2026-09-07 09:01:30,1117538958#3,bus_stop,company,160.18899290588462,540.6019911995099,37.49632820280781,127.02266936696756,209.0,119.0,taxi_30,picked
dyn_pax_45,92.0,2026-09-07 09:01:32,218873820#1,restaurant|bus_stop,company,647.4058653861567,510.6179408698636,37.49615020572141,127.02818504540632,,,,timeout
dyn_pax_46,93.0,2026-09-07 09:01:33,521770119#1,restaurant|bus_stop,company,527.3115514435282,995.8620162900467,37.50049875494786,127.02671217090477,143.0,50.0,taxi_17,picked
dyn_pax_47,93.0,2026-09-07 09:01:33,-309155295#4,residential|restaurant,,966.4689567179357,639.4784987131154,37.49737120494098,127.0317619612052,142.0,49.0,taxi_44,picked
dyn_pax_48,95.0,2026-09-07 09:01:35,1117538958#3,bus_stop,company,160.18899290588462,540.6019911995099,37.49632820280781,127.02266936696756,227.0,132.0,taxi_respawn_22,picked
dyn_pax_49,96.0,2026-09-07 09:01:36,541692164#1,subway_entrance,company,271.6277521231475,1406.6420105391767,37.5041508337347,127.02372362926798,144.0,48.0,taxi_11,picked
dyn_pax_50,97.0,2026-09-07 09:01:37,-542367267#0,company,,179.75773525047865,1390.7576253945435,37.50399035207237,127.02268859703804,131.0,34.0,taxi_14,picked
dyn_pax_51,100.0,2026-09-07 09:01:40,178441450#1,residential|company|restaurant|bus_stop,,282.90243066757296,609.4157395563556,37.496971320837204,127.02404044855805,212.0,112.0,taxi_respawn_28,picked
dyn_pax_52,103.0,2026-09-07 09:01:43,178441450#1,residential|company|restaurant|bus_stop,company,282.90243066757296,609.4157395563556,37.496971320837204,127.02404044855805,217.0,114.0,taxi_16,picked
dyn_pax_53,105.0,2026-09-07 09:01:45,523141074#0,company|restaurant|subway_entrance,company,524.0338794858329,871.4890157117229,37.4993777454413,127.02670460634431,142.0,37.0,taxi_0,picked
dyn_pax_54,107.0,2026-09-07 09:01:47,1117538957#3,restaurant|subway_entrance|bus_stop,company,465.5082521847807,644.8780924026132,37.49732530507706,127.02609663221197,219.0,112.0,taxi_respawn_16,picked
dyn_pax_55,114.0,2026-09-07 09:01:54,506191135#3,residential|company|restaurant|bus_stop,company,238.79972345576414,789.4714057742513,37.49858497042428,127.023499044737,149.0,35.0,taxi_48,picked
dyn_pax_56,116.0,2026-09-07 09:01:56,-504509918#2,company|restaurant|bus_stop,company,398.9694242295193,827.4758220967593,37.49895762305832,127.02530099003066,187.0,71.0,taxi_respawn_9,picked
dyn_pax_57,121.0,2026-09-07 09:02:01,-506191135#22,residential|company|restaurant|bus_stop,company,38.693950105848444,1321.9513167019495,37.50334380565249,127.02110990869835,160.0,39.0,taxi_respawn_3,picked
dyn_pax_58,124.0,2026-09-07 09:02:04,1376141183#0,bus_stop,company,548.2528111146681,901.2117688498424,37.49965007283687,127.02697139402301,189.0,65.0,taxi_respawn_11,picked
dyn_pax_59,124.0,2026-09-07 09:02:04,-417750336#5,restaurant,,886.0343029737398,891.1232225857099,37.499622942823265,127.030792984823,205.0,81.0,taxi_43,picked
dyn_pax_60,125.0,2026-09-07 09:02:05,521770119#0,restaurant|bus_stop,,548.9831206778387,935.1148840516827,37.4999556205417,127.02697161236954,247.0,122.0,taxi_respawn_5,picked
dyn_pax_61,126.0,2026-09-07 09:02:06,-542367267#1,bus_stop,company,247.51018316686128,1414.7184918773391,37.504219024473855,127.02344900430944,190.0,64.0,taxi_3,picked
dyn_pax_62,127.0,2026-09-07 09:02:07,1376141184#0,bus_stop,company,643.3432253030496,578.0866055082481,37.49675721809014,127.02812312566316,,,,timeout
dyn_pax_63,129.0,2026-09-07 09:02:09,1229817205#1,residential|bus_stop,company,631.6400080768872,572.7061575261558,37.49670653972221,127.02799208080955,246.0,117.0,taxi_respawn_18,picked
dyn_pax_64,130.0,2026-09-07 09:02:10,521766180#3,company|subway_entrance,company,386.1025100472621,1391.5483758557143,37.504036522784034,127.0250216210457,,,,timeout
dyn_pax_65,133.0,2026-09-07 09:02:13,256787796#6,restaurant,,626.4884087870183,851.7135990963859,37.499218954480725,127.02786771303293,218.0,85.0,taxi_respawn_24,picked
dyn_pax_66,136.0,2026-09-07 09:02:16,521766180#2,company|restaurant|subway_entrance,company,439.1682246573338,1248.125402422748,37.50275456053775,127.0256556898917,,,,timeout
dyn_pax_67,138.0,2026-09-07 09:02:18,506191135#3,residential|company|restaurant|bus_stop,company,238.79972345576414,789.4714057742513,37.49858497042428,127.023499044737,292.0,154.0,taxi_respawn_23,picked
dyn_pax_68,140.0,2026-09-07 09:02:20,218864491#0,restaurant|bus_stop,company,769.9803916976219,760.1217113917903,37.49842094941813,127.02951181742357,247.0,107.0,taxi_respawn_7,picked
dyn_pax_69,144.0,2026-09-07 09:02:24,521766180#3,company|subway_entrance,company,386.1025100472621,1391.5483758557143,37.504036522784034,127.0250216210457,,,,timeout
dyn_pax_70,145.0,2026-09-07 09:02:25,975332778#1,bus_stop,company,681.6099970732737,721.9380561808346,37.49806030190971,127.02852170075586,253.0,108.0,taxi_respawn_20,picked
dyn_pax_71,146.0,2026-09-07 09:02:26,-506191135#2,residential|bus_stop,,236.19733776439384,769.6838415951818,37.49840622577806,127.02347432089968,205.0,59.0,taxi_respawn_30,picked
dyn_pax_72,150.0,2026-09-07 09:02:30,218857636#1,residential|company|restaurant|bus_stop,,297.92905089287035,623.2061345250047,37.49709839153085,127.02420706961871,297.0,147.0,taxi_49,picked
dyn_pax_73,151.0,2026-09-07 09:02:31,521770119#0,restaurant|bus_stop,company,548.9831206778387,935.1148840516827,37.4999556205417,127.02697161236954,233.0,82.0,taxi_1,picked
dyn_pax_74,155.0,2026-09-07 09:02:35,521766180#2,company|restaurant|subway_entrance,company,439.1682246573338,1248.125402422748,37.50275456053775,127.0256556898917,,,,timeout
dyn_pax_75,155.0,2026-09-07 09:02:35,-309155295#1,residential|restaurant,,820.2174803017108,588.0239695218922,37.496880113093034,127.03012056506905,231.0,76.0,taxi_33,picked
dyn_pax_76,161.0,2026-09-07 09:02:41,1117538957#3,restaurant|subway_entrance|bus_stop,company,465.5082521847807,644.8780924026132,37.49732530507706,127.02609663221197,310.0,149.0,taxi_26,picked
dyn_pax_77,162.0,2026-09-07 09:02:42,521770116#2,company|restaurant|bus_stop,company,432.3182248087171,1108.514093563608,37.50149560521279,127.02561136613096,214.0,52.0,taxi_respawn_26,picked
dyn_pax_78,164.0,2026-09-07 09:02:44,521766182#1,company|restaurant|subway_entrance,company,681.695169875507,539.6867345716422,37.496418539503196,127.02856584056028,271.0,107.0,taxi_35,picked
dyn_pax_79,164.0,2026-09-07 09:02:44,628232693#0,company|restaurant,,644.2623295929467,660.168099777976,37.49749680792099,127.0281140674837,336.0,172.0,taxi_41,picked
dyn_pax_80,165.0,2026-09-07 09:02:45,520307304#0,school|subway_entrance|bus_stop,company,602.6035134310263,763.145495629718,37.498416594724866,127.02761864854104,235.0,70.0,taxi_46,picked
dyn_pax_81,166.0,2026-09-07 09:02:46,521770119#1,restaurant|bus_stop,,527.3115514435282,995.8620162900467,37.50049875494786,127.02671217090477,187.0,21.0,taxi_29,picked
dyn_pax_82,168.0,2026-09-07 09:02:48,523141074#0,company|restaurant|subway_entrance,company,524.0338794858329,871.4890157117229,37.4993777454413,127.02670460634431,251.0,83.0,taxi_respawn_14,picked
dyn_pax_83,169.0,2026-09-07 09:02:49,506191135#3,residential|company|restaurant|bus_stop,company,238.79972345576414,789.4714057742513,37.49858497042428,127.023499044737,379.0,210.0,taxi_40,picked
dyn_pax_84,171.0,2026-09-07 09:02:51,-379232133,restaurant,,887.8909311741835,528.8139035551092,37.496359489964284,127.03089971288236,277.0,106.0,taxi_21,picked
dyn_pax_85,172.0,2026-09-07 09:02:52,521766182#1,company|restaurant|subway_entrance,company,681.695169875507,539.6867345716422,37.496418539503196,127.02856584056028,332.0,160.0,taxi_respawn_17,picked
dyn_pax_86,177.0,2026-09-07 09:02:57,523141074#0,company|restaurant|subway_entrance,company,524.0338794858329,871.4890157117229,37.4993777454413,127.02670460634431,260.0,83.0,taxi_respawn_19,picked
dyn_pax_87,179.0,2026-09-07 09:02:59,521770116#2,company|restaurant|bus_stop,company,432.3182248087171,1108.514093563608,37.50149560521279,127.02561136613096,404.0,225.0,taxi_23,picked
dyn_pax_88,182.0,2026-09-07 09:03:02,218873820#0,restaurant|subway_entrance|bus_stop,company,628.9829311132032,562.4061665928522,37.49661325243901,127.02796447999128,300.0,118.0,taxi_respawn_31,picked
dyn_pax_89,184.0,2026-09-07 09:03:04,520307304#0,school|subway_entrance|bus_stop,company,602.6035134310263,763.145495629718,37.498416594724866,127.02761864854104,496.0,312.0,taxi_5,picked
dyn_pax_90,185.0,2026-09-07 09:03:05,218873820#0,restaurant|subway_entrance|bus_stop,company,628.9829311132032,562.4061665928522,37.49661325243901,127.02796447999128,376.0,191.0,taxi_15,picked
dyn_pax_91,186.0,2026-09-07 09:03:06,1117538957#3,restaurant|subway_entrance|bus_stop,company,465.5082521847807,644.8780924026132,37.49732530507706,127.02609663221197,299.0,113.0,taxi_4,picked
dyn_pax_92,188.0,2026-09-07 09:03:08,1376141183#0,bus_stop,company,548.2528111146681,901.2117688498424,37.49965007283687,127.02697139402301,349.0,161.0,taxi_respawn_1,picked
dyn_pax_93,189.0,2026-09-07 09:03:09,520307304#0,school|subway_entrance|bus_stop,company,602.6035134310263,763.145495629718,37.498416594724866,127.02761864854104,344.0,155.0,taxi_respawn_27,picked
dyn_pax_94,192.0,2026-09-07 09:03:12,-506191135#2,residential|bus_stop,company,236.19733776439384,769.6838415951818,37.49840622577806,127.02347432089968,337.0,145.0,taxi_25,picked
dyn_pax_95,192.0,2026-09-07 09:03:12,-117790045#3,restaurant,,459.7597996777886,1476.3698694609513,37.50481454718326,127.02583436303603,286.0,94.0,taxi_24,picked
dyn_pax_96,201.0,2026-09-07 09:03:21,305539406,company|restaurant|subway_entrance,company,566.389495917364,736.5285064605782,37.49816998085155,127.02721550408178,341.0,140.0,taxi_respawn_32,picked
dyn_pax_97,203.0,2026-09-07 09:03:23,521766175#3,company|restaurant|subway_entrance|bus_stop,company,373.6701172395771,1298.610217621072,37.50319695740621,127.02490310718325,313.0,110.0,taxi_18,picked
dyn_pax_98,205.0,2026-09-07 09:03:25,375049565#6,restaurant|subway_entrance|bus_stop,company,789.5153251748014,798.8522330112556,37.49877353199428,127.02972351946808,326.0,121.0,taxi_respawn_13,picked
dyn_pax_99,208.0,2026-09-07 09:03:28,-417933645#2,company|restaurant|subway_entrance,company,701.1658676593129,719.5455833044954,37.49804244093877,127.02874337560036,359.0,151.0,taxi_respawn_21,picked
dyn_pax_100,209.0,2026-09-07 09:03:29,521770116#2,company|restaurant|bus_stop,company,432.3182248087171,1108.514093563608,37.50149560521279,127.02561136613096,341.0,132.0,taxi_31,picked
dyn_pax_101,210.0,2026-09-07 09:03:30,521766180#1,company|restaurant|bus_stop,company,466.73410130235357,1169.2838037446552,37.502049542882666,127.02598608796039,378.0,168.0,taxi_42,picked
dyn_pax_102,212.0,2026-09-07 09:03:32,521766182#1,company|restaurant|subway_entrance,company,681.695169875507,539.6867345716422,37.496418539503196,127.02856584056028,413.0,201.0,taxi_38,picked
dyn_pax_103,213.0,2026-09-07 09:03:33,1117538957#3,restaurant|subway_entrance|bus_stop,company,465.5082521847807,644.8780924026132,37.49732530507706,127.02609663221197,390.0,177.0,taxi_34,picked
dyn_pax_104,215.0,2026-09-07 09:03:35,-26163000#3,restaurant,,588.7487146070255,1286.0705793093782,37.50312464930957,127.02733802606956,376.0,161.0,taxi_respawn_25,picked
dyn_pax_105,218.0,2026-09-07 09:03:38,1117538957#3,restaurant|subway_entrance|bus_stop,,465.5082521847807,644.8780924026132,37.49732530507706,127.02609663221197,430.0,212.0,taxi_27,picked
dyn_pax_106,219.0,2026-09-07 09:03:39,218864491#0,restaurant|bus_stop,company,769.9803916976219,760.1217113917903,37.49842094941813,127.02951181742357,358.0,139.0,taxi_0,picked
dyn_pax_107,223.0,2026-09-07 09:03:43,521766175#1,company|restaurant|subway_entrance,company,332.9365590021661,1411.5585828157227,37.504206724109,127.02441570308932,381.0,158.0,taxi_39,picked
dyn_pax_108,233.0,2026-09-07 09:03:53,-542367267#1,bus_stop,company,247.51018316686128,1414.7184918773391,37.504219024473855,127.02344900430944,458.0,225.0,taxi_respawn_3,picked
dyn_pax_109,233.0,2026-09-07 09:03:53,-129731717#1,residential|company|restaurant,,188.433090102474,1374.3511058470413,37.503844200149025,127.0227905913032,390.0,157.0,taxi_45,picked
dyn_pax_110,239.0,2026-09-07 09:03:59,521766175#3,company|restaurant|subway_entrance|bus_stop,company,373.6701172395771,1298.610217621072,37.50319695740621,127.02490310718325,478.0,239.0,taxi_respawn_26,picked
dyn_pax_111,240.0,2026-09-07 09:04:00,375049565#6,restaurant|subway_entrance|bus_stop,company,789.5153251748014,798.8522330112556,37.49877353199428,127.02972351946808,468.0,228.0,taxi_respawn_4,picked
dyn_pax_112,243.0,2026-09-07 09:04:03,375049565#6,restaurant|subway_entrance|bus_stop,company,789.5153251748014,798.8522330112556,37.49877353199428,127.02972351946808,412.0,169.0,taxi_33,picked
dyn_pax_113,244.0,2026-09-07 09:04:04,129731859#3,restaurant,,873.6090416568148,941.272009001338,37.50007235670303,127.03064062663523,412.0,168.0,taxi_48,picked
dyn_pax_114,245.0,2026-09-07 09:04:05,-309155295#0,restaurant,,747.4684617800942,561.8059110120743,37.49663020867341,127.0293042509181,417.0,172.0,taxi_32,picked
dyn_pax_115,246.0,2026-09-07 09:04:06,-542367267#1,bus_stop,company,247.51018316686128,1414.7184918773391,37.504219024473855,127.02344900430944,474.0,228.0,taxi_22,picked
dyn_pax_116,247.0,2026-09-07 09:04:07,1117538957#3,restaurant|subway_entrance|bus_stop,company,465.5082521847807,644.8780924026132,37.49732530507706,127.02609663221197,495.0,248.0,taxi_respawn_8,picked
dyn_pax_117,247.0,2026-09-07 09:04:07,-256787796#1,restaurant,,578.741609978934,1014.5790766049616,37.500677080058935,127.02728924469663,493.0,246.0,taxi_11,picked
dyn_pax_118,251.0,2026-09-07 09:04:11,417933642#0,restaurant|bus_stop,company,1041.0954363710525,463.30841921497654,37.49579826441859,127.03264736696761,492.0,241.0,taxi_16,picked
dyn_pax_119,253.0,2026-09-07 09:04:13,541692164#1,subway_entrance,company,271.6277521231475,1406.6420105391767,37.5041508337347,127.02372362926798,427.0,174.0,taxi_respawn_14,picked
dyn_pax_120,255.0,2026-09-07 09:04:15,117790041#0,restaurant,,413.90787044506357,1458.5096356977913,37.50464498763265,127.02532013264272,,,,timeout
dyn_pax_121,256.0,2026-09-07 09:04:16,521766175#3,company|restaurant|subway_entrance|bus_stop,company,373.6701172395771,1298.610217621072,37.50319695740621,127.02490310718325,431.0,175.0,taxi_respawn_9,picked
dyn_pax_122,258.0,2026-09-07 09:04:18,521766175#3,company|restaurant|subway_entrance|bus_stop,company,373.6701172395771,1298.610217621072,37.50319695740621,127.02490310718325,483.0,225.0,taxi_36,picked
dyn_pax_123,260.0,2026-09-07 09:04:20,480850873,company|restaurant|bus_stop,company,548.1935052770749,708.5896639848544,37.49791486187584,127.0270163956136,463.0,203.0,taxi_6,picked
dyn_pax_124,260.0,2026-09-07 09:04:20,239962780#1,company|restaurant,,78.091042197054,1418.7355011637856,37.504223128704645,127.02153236485597,440.0,180.0,taxi_20,picked
dyn_pax_125,263.0,2026-09-07 09:04:23,1376141184#0,bus_stop,company,643.3432253030496,578.0866055082481,37.49675721809014,127.02812312566316,,,,timeout
dyn_pax_126,264.0,2026-09-07 09:04:24,1376141182#0,bus_stop,company,385.7154046370183,1301.0311255965628,37.50322104370192,127.02503873135461,486.0,222.0,taxi_43,picked
dyn_pax_127,265.0,2026-09-07 09:04:25,-417750337#4,restaurant,,542.6552277079157,1139.0745154802132,37.5017917560025,127.02685169754334,473.0,208.0,taxi_respawn_24,picked
dyn_pax_128,267.0,2026-09-07 09:04:27,521766182#1,company|restaurant|subway_entrance,company,681.695169875507,539.6867345716422,37.496418539503196,127.02856584056028,428.0,161.0,taxi_19,picked
dyn_pax_129,267.0,2026-09-07 09:04:27,-129731857#1,restaurant,,773.0987126859483,849.1784152186673,37.499223789418295,127.02952598601298,431.0,164.0,taxi_respawn_5,picked
dyn_pax_130,268.0,2026-09-07 09:04:28,1376141182#0,bus_stop,company,385.7154046370183,1301.0311255965628,37.50322104370192,127.02503873135461,481.0,213.0,taxi_17,picked
dyn_pax_131,269.0,2026-09-07 09:04:29,520307304#2,restaurant,,553.737131666575,902.6336565846188,37.499663917706236,127.02703306650038,426.0,157.0,taxi_14,picked
dyn_pax_132,270.0,2026-09-07 09:04:30,520307304#0,school|subway_entrance|bus_stop,company,602.6035134310263,763.145495629718,37.498416594724866,127.02761864854104,675.0,405.0,taxi_47,picked
dyn_pax_133,273.0,2026-09-07 09:04:33,1117538957#3,restaurant|subway_entrance|bus_stop,company,465.5082521847807,644.8780924026132,37.49732530507706,127.02609663221197,468.0,195.0,taxi_respawn_18,picked
dyn_pax_134,275.0,2026-09-07 09:04:35,-417933645#2,company|restaurant|subway_entrance,company,701.1658676593129,719.5455833044954,37.49804244093877,127.02874337560036,483.0,208.0,taxi_2,picked
dyn_pax_135,280.0,2026-09-07 09:04:40,1117538957#0,company|restaurant,,312.91680439510856,589.5311930299885,37.49679787270139,127.0243845203811,431.0,151.0,taxi_respawn_12,picked
dyn_pax_136,281.0,2026-09-07 09:04:41,494824662#3,restaurant|subway_entrance,company,729.424850252167,406.6843378518681,37.49522941823122,127.02913698209235,528.0,247.0,taxi_37,picked
dyn_pax_137,281.0,2026-09-07 09:04:41,1117538958#2,company,,104.12900552775619,520.131995808405,37.496133188537314,127.02204040818502,479.0,198.0,taxi_respawn_32,picked
dyn_pax_138,282.0,2026-09-07 09:04:42,1117538957#3,restaurant|subway_entrance|bus_stop,company,465.5082521847807,644.8780924026132,37.49732530507706,127.02609663221197,559.0,277.0,taxi_8,picked
dyn_pax_139,286.0,2026-09-07 09:04:46,417933642#2,residential|restaurant,,976.5976168723116,645.9370182109647,37.49743129415275,127.0318749523804,522.0,236.0,taxi_44,picked
dyn_pax_140,287.0,2026-09-07 09:04:47,521766180#3,company|subway_entrance,company,386.1025100472621,1391.5483758557143,37.504036522784034,127.0250216210457,,,,timeout
dyn_pax_141,289.0,2026-09-07 09:04:49,506191135#3,residential|company|restaurant|bus_stop,company,238.79972345576414,789.4714057742513,37.49858497042428,127.023499044737,438.0,149.0,taxi_respawn_22,picked
dyn_pax_142,291.0,2026-09-07 09:04:51,218873820#0,restaurant|subway_entrance|bus_stop,,628.9829311132032,562.4061665928522,37.49661325243901,127.02796447999128,512.0,221.0,taxi_9,picked
dyn_pax_143,293.0,2026-09-07 09:04:53,417933645#0,residential|restaurant,,823.1026288816429,385.61625104994533,37.49505730126708,127.03020109557775,561.0,268.0,taxi_respawn_29,picked
dyn_pax_144,297.0,2026-09-07 09:04:57,520307304#0,school|subway_entrance|bus_stop,company,602.6035134310263,763.145495629718,37.498416594724866,127.02761864854104,508.0,211.0,taxi_30,picked
dyn_pax_145,298.0,2026-09-07 09:04:58,506191135#3,residential|company|restaurant|bus_stop,,238.79972345576414,789.4714057742513,37.49858497042428,127.023499044737,507.0,209.0,taxi_1,picked
dyn_pax_146,302.0,2026-09-07 09:05:02,239954074#0,company|restaurant,,429.7181373520864,1403.414988136971,37.50415166837821,127.02551198233628,,,,timeout
dyn_pax_147,303.0,2026-09-07 09:05:03,-309155295#2,restaurant,,851.6644930724242,598.8503866590313,37.496983571544654,127.03047355257749,542.0,239.0,taxi_3,picked
dyn_pax_148,304.0,2026-09-07 09:05:04,1376141183#0,bus_stop,company,548.2528111146681,901.2117688498424,37.49965007283687,127.02697139402301,775.0,471.0,taxi_respawn_17,picked
dyn_pax_149,305.0,2026-09-07 09:05:05,417933642#0,restaurant|bus_stop,company,1041.0954363710525,463.30841921497654,37.49579826441859,127.03264736696761,585.0,280.0,taxi_respawn_2,picked
dyn_pax_150,309.0,2026-09-07 09:05:09,-506191135#22,residential|company|restaurant|bus_stop,company,38.693950105848444,1321.9513167019495,37.50334380565249,127.02110990869835,501.0,192.0,taxi_respawn_7,picked
dyn_pax_151,312.0,2026-09-07 09:05:12,506191135#3,residential|company|restaurant|bus_stop,company,238.79972345576414,789.4714057742513,37.49858497042428,127.023499044737,583.0,271.0,taxi_12,picked
dyn_pax_152,313.0,2026-09-07 09:05:13,1117538958#3,bus_stop,company,160.18899290588462,540.6019911995099,37.49632820280781,127.02266936696756,573.0,260.0,taxi_respawn_19,picked
dyn_pax_153,315.0,2026-09-07 09:05:15,521766175#3,company|restaurant|subway_entrance|bus_stop,company,373.6701172395771,1298.610217621072,37.50319695740621,127.02490310718325,488.0,173.0,taxi_respawn_15,picked
dyn_pax_154,316.0,2026-09-07 09:05:16,-417933645#2,company|restaurant|subway_entrance,company,701.1658676593129,719.5455833044954,37.49804244093877,127.02874337560036,593.0,277.0,taxi_21,picked
dyn_pax_155,316.0,2026-09-07 09:05:16,-117790039#2,company|restaurant,,1017.0012393074795,990.846024966068,37.5005459641277,127.03225021068775,620.0,304.0,taxi_respawn_20,picked
dyn_pax_156,318.0,2026-09-07 09:05:18,379463124,restaurant,,554.9909183636056,1244.5663744100702,37.50274438945946,127.02696616135114,498.0,180.0,taxi_respawn_25,picked
dyn_pax_157,321.0,2026-09-07 09:05:21,218857636#1,residential|company|restaurant|bus_stop,company,297.92905089287035,623.2061345250047,37.49709839153085,127.02420706961871,597.0,276.0,taxi_respawn_33,picked
dyn_pax_158,322.0,2026-09-07 09:05:22,-506191135#22,residential|company|restaurant|bus_stop,company,38.693950105848444,1321.9513167019495,37.50334380565249,127.02110990869835,511.0,189.0,taxi_respawn_16,picked
dyn_pax_159,323.0,2026-09-07 09:05:23,256787796#2,restaurant,,573.8171824012851,1000.9225059734806,37.50055312725627,127.02723680274495,662.0,339.0,taxi_25,picked
dyn_pax_160,325.0,2026-09-07 09:05:25,-506191135#2,residential|bus_stop,company,236.19733776439384,769.6838415951818,37.49840622577806,127.02347432089968,554.0,229.0,taxi_29,picked
dyn_pax_161,326.0,2026-09-07 09:05:26,1376141183#0,bus_stop,company,548.2528111146681,901.2117688498424,37.49965007283687,127.02697139402301,614.0,288.0,taxi_28,picked
dyn_pax_162,328.0,2026-09-07 09:05:28,520307304#0,school|subway_entrance|bus_stop,company,602.6035134310263,763.145495629718,37.498416594724866,127.02761864854104,,,,timeout
dyn_pax_163,330.0,2026-09-07 09:05:30,521766180#2,company|restaurant|subway_entrance,company,439.1682246573338,1248.125402422748,37.50275456053775,127.0256556898917,,,,timeout
dyn_pax_164,332.0,2026-09-07 09:05:32,375049565#6,restaurant|subway_entrance|bus_stop,company,789.5153251748014,798.8522330112556,37.49877353199428,127.02972351946808,565.0,233.0,taxi_respawn_31,picked
dyn_pax_165,333.0,2026-09-07 09:05:33,521766175#1,company|restaurant|subway_entrance,company,332.9365590021661,1411.5585828157227,37.504206724109,127.02441570308932,648.0,315.0,taxi_respawn_30,picked
dyn_pax_166,336.0,2026-09-07 09:05:36,-541692164#2,subway_entrance,company,317.7122087179151,1441.0296574375257,37.504469327730426,127.0242365566347,,,,timeout
dyn_pax_167,337.0,2026-09-07 09:05:37,504227067#0,restaurant,,638.7551174354396,526.833121212444,37.49629464408366,127.02808339614947,596.0,259.0,taxi_respawn_34,picked
dyn_pax_168,338.0,2026-09-07 09:05:38,1117538957#3,restaurant|subway_entrance|bus_stop,,465.5082521847807,644.8780924026132,37.49732530507706,127.02609663221197,675.0,337.0,taxi_24,picked
dyn_pax_169,339.0,2026-09-07 09:05:39,1229817205#1,residential|bus_stop,company,631.6400080768872,572.7061575261558,37.49670653972221,127.02799208080955,782.0,443.0,taxi_49,picked
dyn_pax_170,340.0,2026-09-07 09:05:40,521770116#2,company|restaurant|bus_stop,company,432.3182248087171,1108.514093563608,37.50149560521279,127.02561136613096,,,,timeout
dyn_pax_171,345.0,2026-09-07 09:05:45,218873820#0,restaurant|subway_entrance|bus_stop,company,628.9829311132032,562.4061665928522,37.49661325243901,127.02796447999128,648.0,303.0,taxi_respawn_13,picked
dyn_pax_172,346.0,2026-09-07 09:05:46,1229817205#0,company|subway_entrance|bus_stop,company,599.2457558679199,652.2907550986157,37.497417346160496,127.02760695963683,675.0,329.0,taxi_34,picked
dyn_pax_173,347.0,2026-09-07 09:05:47,1376141182#0,bus_stop,company,385.7154046370183,1301.0311255965628,37.50322104370192,127.02503873135461,615.0,268.0,taxi_46,picked
dyn_pax_174,352.0,2026-09-07 09:05:52,541692164#1,subway_entrance,company,271.6277521231475,1406.6420105391767,37.5041508337347,127.02372362926798,653.0,301.0,taxi_respawn_35,picked
dyn_pax_175,352.0,2026-09-07 09:05:52,521766175#3,company|restaurant|subway_entrance|bus_stop,,373.6701172395771,1298.610217621072,37.50319695740621,127.02490310718325,655.0,303.0,taxi_19,picked
dyn_pax_176,353.0,2026-09-07 09:05:53,178441450#1,residential|company|restaurant|bus_stop,company,282.90243066757296,609.4157395563556,37.496971320837204,127.02404044855805,639.0,286.0,taxi_20,picked
dyn_pax_177,354.0,2026-09-07 09:05:54,375049565#6,restaurant|subway_entrance|bus_stop,company,789.5153251748014,798.8522330112556,37.49877353199428,127.02972351946808,653.0,299.0,taxi_39,picked
dyn_pax_178,356.0,2026-09-07 09:05:56,218873820#0,restaurant|subway_entrance|bus_stop,company,628.9829311132032,562.4061665928522,37.49661325243901,127.02796447999128,687.0,331.0,taxi_27,picked
dyn_pax_179,360.0,2026-09-07 09:06:00,521770116#2,company|restaurant|bus_stop,company,432.3182248087171,1108.514093563608,37.50149560521279,127.02561136613096,,,,timeout
dyn_pax_180,361.0,2026-09-07 09:06:01,506191135#3,residential|company|restaurant|bus_stop,company,238.79972345576414,789.4714057742513,37.49858497042428,127.023499044737,652.0,291.0,taxi_17,picked
dyn_pax_181,363.0,2026-09-07 09:06:03,-542367267#1,bus_stop,company,247.51018316686128,1414.7184918773391,37.504219024473855,127.02344900430944,727.0,364.0,taxi_32,picked
dyn_pax_182,363.0,2026-09-07 09:06:03,417933645#2,residential|company|restaurant,,757.7944798520502,568.4010952306102,37.496691568512986,127.02941943794849,652.0,289.0,taxi_respawn_12,picked
dyn_pax_183,367.0,2026-09-07 09:06:07,375049565#6,restaurant|subway_entrance|bus_stop,company,789.5153251748014,798.8522330112556,37.49877353199428,127.02972351946808,646.0,279.0,taxi_respawn_23,picked
dyn_pax_184,370.0,2026-09-07 09:06:10,178441450#1,residential|company|restaurant|bus_stop,company,282.90243066757296,609.4157395563556,37.496971320837204,127.02404044855805,661.0,291.0,taxi_14,picked
dyn_pax_185,371.0,2026-09-07 09:06:11,480850873,company|restaurant|bus_stop,company,548.1935052770749,708.5896639848544,37.49791486187584,127.0270163956136,733.0,362.0,taxi_31,picked
dyn_pax_186,376.0,2026-09-07 09:06:16,218877837#2,company|restaurant|bus_stop,company,479.4555212141038,978.0213907550284,37.500328997763305,127.02617530290202,862.0,486.0,taxi_respawn_11,picked
dyn_pax_187,377.0,2026-09-07 09:06:17,523141074#0,company|restaurant|subway_entrance,company,524.0338794858329,871.4890157117229,37.4993777454413,127.02670460634431,691.0,314.0,taxi_41,picked
dyn_pax_188,380.0,2026-09-07 09:06:20,480850873,company|restaurant|bus_stop,company,548.1935052770749,708.5896639848544,37.49791486187584,127.0270163956136,813.0,433.0,taxi_respawn_4,picked
dyn_pax_189,381.0,2026-09-07 09:06:21,1376141184#0,bus_stop,company,643.3432253030496,578.0866055082481,37.49675721809014,127.02812312566316,,,,timeout
dyn_pax_190,384.0,2026-09-07 09:06:24,541692164#1,subway_entrance,company,271.6277521231475,1406.6420105391767,37.5041508337347,127.02372362926798,731.0,347.0,taxi_48,picked
dyn_pax_191,388.0,2026-09-07 09:06:28,521766180#1,company|restaurant|bus_stop,company,466.73410130235357,1169.2838037446552,37.502049542882666,127.02598608796039,691.0,303.0,taxi_respawn_28,picked
dyn_pax_192,388.0,2026-09-07 09:06:28,309155295#1,restaurant,,764.2225196982893,558.1760304781078,37.4966006705371,127.0294945363528,688.0,300.0,taxi_respawn_15,picked
dyn_pax_193,390.0,2026-09-07 09:06:30,-1537068129#0,restaurant,,962.1540281232122,1146.7630824504436,37.50194018104768,127.03159317410272,697.0,307.0,taxi_respawn_3,picked
dyn_pax_194,394.0,2026-09-07 09:06:34,480850873,company|restaurant|bus_stop,company,548.1935052770749,708.5896639848544,37.49791486187584,127.0270163956136,,,,timeout
dyn_pax_195,395.0,2026-09-07 09:06:35,521766182#1,company|restaurant|subway_entrance,,681.695169875507,539.6867345716422,37.496418539503196,127.02856584056028,777.0,382.0,taxi_respawn_22,picked
dyn_pax_196,397.0,2026-09-07 09:06:37,521766175#3,company|restaurant|subway_entrance|bus_stop,company,373.6701172395771,1298.610217621072,37.50319695740621,127.02490310718325,760.0,363.0,taxi_respawn_14,picked
dyn_pax_197,398.0,2026-09-07 09:06:38,523141074#0,company|restaurant|subway_entrance,company,524.0338794858329,871.4890157117229,37.4993777454413,127.02670460634431,685.0,287.0,taxi_6,picked
dyn_pax_198,398.0,2026-09-07 09:06:38,218857636#1,residential|company|restaurant|bus_stop,,297.92905089287035,623.2061345250047,37.49709839153085,127.02420706961871,697.0,299.0,taxi_45,picked
dyn_pax_199,402.0,2026-09-07 09:06:42,-541692164#2,subway_entrance,company,317.7122087179151,1441.0296574375257,37.504469327730426,127.0242365566347,753.0,351.0,taxi_33,picked
dyn_pax_200,407.0,2026-09-07 09:06:47,1376141182#0,bus_stop,company,385.7154046370183,1301.0311255965628,37.50322104370192,127.02503873135461,776.0,369.0,taxi_respawn_36,picked
dyn_pax_201,408.0,2026-09-07 09:06:48,541692164#1,subway_entrance,company,271.6277521231475,1406.6420105391767,37.5041508337347,127.02372362926798,737.0,329.0,taxi_respawn_9,picked
dyn_pax_202,408.0,2026-09-07 09:06:48,129733424#0,restaurant,,719.7944869540754,1033.9950883209078,37.500878618503414,127.0288795122034,715.0,307.0,taxi_16,picked
dyn_pax_203,410.0,2026-09-07 09:06:50,-913950883#1,residential|company|restaurant,,391.36286393582424,840.6655979518604,37.49907500229157,127.0252118555046,684.0,274.0,taxi_26,picked
dyn_pax_204,411.0,2026-09-07 09:06:51,975332778#1,bus_stop,company,681.6099970732737,721.9380561808346,37.49806030190971,127.02852170075586,735.0,324.0,taxi_2,picked
dyn_pax_205,412.0,2026-09-07 09:06:52,521766175#3,company|restaurant|subway_entrance|bus_stop,company,373.6701172395771,1298.610217621072,37.50319695740621,127.02490310718325,845.0,433.0,taxi_23,picked
dyn_pax_206,412.0,2026-09-07 09:06:52,375049565#6,restaurant|subway_entrance|bus_stop,,789.5153251748014,798.8522330112556,37.49877353199428,127.02972351946808,735.0,323.0,taxi_respawn_25,picked
dyn_pax_207,415.0,2026-09-07 09:06:55,521766180#2,company|restaurant|subway_entrance,company,439.1682246573338,1248.125402422748,37.50275456053775,127.0256556898917,,,,timeout
dyn_pax_208,417.0,2026-09-07 09:06:57,1376141184#0,bus_stop,company,643.3432253030496,578.0866055082481,37.49675721809014,127.02812312566316,,,,timeout
dyn_pax_209,417.0,2026-09-07 09:06:57,-504509918#2,company|restaurant|bus_stop,,398.9694242295193,827.4758220967593,37.49895762305832,127.02530099003066,728.0,311.0,taxi_respawn_21,picked
dyn_pax_210,418.0,2026-09-07 09:06:58,218873820#0,restaurant|subway_entrance|bus_stop,company,628.9829311132032,562.4061665928522,37.49661325243901,127.02796447999128,707.0,289.0,taxi_0,picked
dyn_pax_211,421.0,2026-09-07 09:07:01,218873820#1,restaurant|bus_stop,company,647.4058653861567,510.6179408698636,37.49615020572141,127.02818504540632,,,,timeout
dyn_pax_212,422.0,2026-09-07 09:07:02,375049565#6,restaurant|subway_entrance|bus_stop,company,789.5153251748014,798.8522330112556,37.49877353199428,127.02972351946808,782.0,360.0,taxi_44,picked
dyn_pax_213,424.0,2026-09-07 09:07:04,218877837#2,company|restaurant|bus_stop,company,479.4555212141038,978.0213907550284,37.500328997763305,127.02617530290202,760.0,336.0,taxi_respawn_5,picked
dyn_pax_214,426.0,2026-09-07 09:07:06,417933642#0,restaurant|bus_stop,company,1041.0954363710525,463.30841921497654,37.49579826441859,127.03264736696761,731.0,305.0,taxi_11,picked
dyn_pax_215,428.0,2026-09-07 09:07:08,1376141182#0,bus_stop,company,385.7154046370183,1301.0311255965628,37.50322104370192,127.02503873135461,783.0,355.0,taxi_43,picked
dyn_pax_216,429.0,2026-09-07 09:07:09,1229817205#0,company|subway_entrance|bus_stop,company,599.2457558679199,652.2907550986157,37.497417346160496,127.02760695963683,786.0,357.0,taxi_29,picked
dyn_pax_217,433.0,2026-09-07 09:07:13,375049565#6,restaurant|subway_entrance|bus_stop,company,789.5153251748014,798.8522330112556,37.49877353199428,127.02972351946808,740.0,307.0,taxi_9,picked
dyn_pax_218,438.0,2026-09-07 09:07:18,521766182#1,company|restaurant|subway_entrance,company,681.695169875507,539.6867345716422,37.496418539503196,127.02856584056028,728.0,290.0,taxi_respawn_31,picked
dyn_pax_219,441.0,2026-09-07 09:07:21,178441450#1,residential|company|restaurant|bus_stop,company,282.90243066757296,609.4157395563556,37.496971320837204,127.02404044855805,773.0,332.0,taxi_respawn_1,picked
dyn_pax_220,442.0,2026-09-07 09:07:22,1229817205#0,company|subway_entrance|bus_stop,company,599.2457558679199,652.2907550986157,37.497417346160496,127.02760695963683,780.0,338.0,taxi_1,picked
dyn_pax_221,443.0,2026-09-07 09:07:23,523141074#0,company|restaurant|subway_entrance,company,524.0338794858329,871.4890157117229,37.4993777454413,127.02670460634431,804.0,361.0,taxi_respawn_37,picked
dyn_pax_222,443.0,2026-09-07 09:07:23,521770116#2,company|restaurant|bus_stop,,432.3182248087171,1108.514093563608,37.50149560521279,127.02561136613096,943.0,500.0,taxi_respawn_32,picked
dyn_pax_223,445.0,2026-09-07 09:07:25,-1537068129#0,restaurant,,962.1540281232122,1146.7630824504436,37.50194018104768,127.03159317410272,797.0,352.0,taxi_4,picked
dyn_pax_224,446.0,2026-09-07 09:07:26,504227066#0,restaurant,,519.2210823013057,487.78345043316773,37.49592029712161,127.02674117912406,844.0,398.0,taxi_37,picked
dyn_pax_225,449.0,2026-09-07 09:07:29,521770119#3,restaurant,,495.372237145516,1095.557338436544,37.501390805360316,127.0263273901891,819.0,370.0,taxi_19,picked
dyn_pax_226,450.0,2026-09-07 09:07:30,521766175#3,company|restaurant|subway_entrance|bus_stop,company,373.6701172395771,1298.610217621072,37.50319695740621,127.02490310718325,837.0,387.0,taxi_36,picked
dyn_pax_227,452.0,2026-09-07 09:07:32,523141074#0,company|restaurant|subway_entrance,company,524.0338794858329,871.4890157117229,37.4993777454413,127.02670460634431,,,,timeout
dyn_pax_228,453.0,2026-09-07 09:07:33,1376141182#0,bus_stop,company,385.7154046370183,1301.0311255965628,37.50322104370192,127.02503873135461,843.0,390.0,taxi_respawn_19,picked
dyn_pax_229,455.0,2026-09-07 09:07:35,523141074#0,company|restaurant|subway_entrance,company,524.0338794858329,871.4890157117229,37.4993777454413,127.02670460634431,920.0,465.0,taxi_respawn_16,picked
dyn_pax_230,456.0,2026-09-07 09:07:36,506191135#3,residential|company|restaurant|bus_stop,company,238.79972345576414,789.4714057742513,37.49858497042428,127.023499044737,924.0,468.0,taxi_respawn_7,picked
dyn_pax_231,457.0,2026-09-07 09:07:37,521766175#3,company|restaurant|subway_entrance|bus_stop,company,373.6701172395771,1298.610217621072,37.50319695740621,127.02490310718325,,,,timeout
dyn_pax_232,459.0,2026-09-07 09:07:39,1117538957#3,restaurant|subway_entrance|bus_stop,company,465.5082521847807,644.8780924026132,37.49732530507706,127.02609663221197,939.0,480.0,taxi_47,picked
dyn_pax_233,459.0,2026-09-07 09:07:39,-256787796#4,restaurant,,620.2926176327408,895.5374521094307,37.49961256354246,127.02778727239327,840.0,381.0,taxi_respawn_20,picked
dyn_pax_234,460.0,2026-09-07 09:07:40,1117538957#3,restaurant|subway_entrance|bus_stop,company,465.5082521847807,644.8780924026132,37.49732530507706,127.02609663221197,872.0,412.0,taxi_respawn_6,picked
dyn_pax_235,462.0,2026-09-07 09:07:42,520307304#0,school|subway_entrance|bus_stop,company,602.6035134310263,763.145495629718,37.498416594724866,127.02761864854104,858.0,396.0,taxi_13,picked
dyn_pax_236,463.0,2026-09-07 09:07:43,506191135#3,residential|company|restaurant|bus_stop,company,238.79972345576414,789.4714057742513,37.49858497042428,127.023499044737,934.0,471.0,taxi_3,picked
dyn_pax_237,463.0,2026-09-07 09:07:43,218877837#2,company|restaurant|bus_stop,,479.4555212141038,978.0213907550284,37.500328997763305,127.02617530290202,856.0,393.0,taxi_respawn_34,picked
dyn_pax_238,466.0,2026-09-07 09:07:46,520307304#0,school|subway_entrance|bus_stop,company,602.6035134310263,763.145495629718,37.498416594724866,127.02761864854104,927.0,461.0,taxi_respawn_15,picked
dyn_pax_239,467.0,2026-09-07 09:07:47,-417933645#2,company|restaurant|subway_entrance,company,701.1658676593129,719.5455833044954,37.49804244093877,127.02874337560036,891.0,424.0,taxi_6,picked
dyn_pax_240,468.0,2026-09-07 09:07:48,218857636#1,residential|company|restaurant|bus_stop,,297.92905089287035,623.2061345250047,37.49709839153085,127.02420706961871,955.0,487.0,taxi_respawn_2,picked
dyn_pax_241,470.0,2026-09-07 09:07:50,1376141183#0,bus_stop,company,548.2528111146681,901.2117688498424,37.49965007283687,127.02697139402301,935.0,465.0,taxi_12,picked
dyn_pax_242,472.0,2026-09-07 09:07:52,494824662#3,restaurant|subway_entrance,company,729.424850252167,406.6843378518681,37.49522941823122,127.02913698209235,931.0,459.0,taxi_5,picked
dyn_pax_243,472.0,2026-09-07 09:07:52,521766175#1,company|restaurant|subway_entrance,,332.9365590021661,1411.5585828157227,37.504206724109,127.02441570308932,916.0,444.0,taxi_respawn_30,picked
dyn_pax_244,474.0,2026-09-07 09:07:54,375049565#6,restaurant|subway_entrance|bus_stop,company,789.5153251748014,798.8522330112556,37.49877353199428,127.02972351946808,890.0,416.0,taxi_21,picked
dyn_pax_245,474.0,2026-09-07 09:07:54,-417933645#1,restaurant,,753.9829961438405,551.6859834676363,37.49654027420169,127.02938030242663,935.0,461.0,taxi_38,picked
dyn_pax_246,476.0,2026-09-07 09:07:56,521766180#1,company|restaurant|bus_stop,company,466.73410130235357,1169.2838037446552,37.502049542882666,127.02598608796039,916.0,440.0,taxi_respawn_3,picked
dyn_pax_247,479.0,2026-09-07 09:07:59,521766175#3,company|restaurant|subway_entrance|bus_stop,company,373.6701172395771,1298.610217621072,37.50319695740621,127.02490310718325,,,,timeout
dyn_pax_248,480.0,2026-09-07 09:08:00,1117538957#3,restaurant|subway_entrance|bus_stop,company,465.5082521847807,644.8780924026132,37.49732530507706,127.02609663221197,944.0,464.0,taxi_46,picked
dyn_pax_249,480.0,2026-09-07 09:08:00,521766175#1,company|restaurant|subway_entrance,,332.9365590021661,1411.5585828157227,37.504206724109,127.02441570308932,940.0,460.0,taxi_respawn_21,picked
dyn_pax_250,484.0,2026-09-07 09:08:04,521770119#0,restaurant|bus_stop,company,548.9831206778387,935.1148840516827,37.4999556205417,127.02697161236954,965.0,481.0,taxi_14,picked
dyn_pax_251,486.0,2026-09-07 09:08:06,521766180#1,company|restaurant|bus_stop,company,466.73410130235357,1169.2838037446552,37.502049542882666,127.02598608796039,922.0,436.0,taxi_45,picked
dyn_pax_252,487.0,2026-09-07 09:08:07,417933642#0,restaurant|bus_stop,company,1041.0954363710525,463.30841921497654,37.49579826441859,127.03264736696761,945.0,458.0,taxi_respawn_5,picked
dyn_pax_253,488.0,2026-09-07 09:08:08,117790051#2,restaurant,,558.5532373104973,1361.778638311631,37.503800946163,127.02697864469606,926.0,438.0,taxi_respawn_25,picked
dyn_pax_254,490.0,2026-09-07 09:08:10,-541692164#2,subway_entrance,company,317.7122087179151,1441.0296574375257,37.504469327730426,127.0242365566347,961.0,471.0,taxi_15,picked
dyn_pax_255,493.0,2026-09-07 09:08:13,309155295#2,restaurant,,836.915506927576,584.1196133409687,37.496848090516615,127.03031028233906,980.0,487.0,taxi_34,picked
dyn_pax_256,496.0,2026-09-07 09:08:16,218857636#1,residential|company|restaurant|bus_stop,,297.92905089287035,623.2061345250047,37.49709839153085,127.02420706961871,,,,timeout
dyn_pax_257,503.0,2026-09-07 09:08:23,523141074#0,company|restaurant|subway_entrance,company,524.0338794858329,871.4890157117229,37.4993777454413,127.02670460634431,962.0,459.0,taxi_31,picked
dyn_pax_258,504.0,2026-09-07 09:08:24,521766175#1,company|restaurant|subway_entrance,,332.9365590021661,1411.5585828157227,37.504206724109,127.02441570308932,964.0,460.0,taxi_respawn_29,picked
dyn_pax_259,505.0,2026-09-07 09:08:25,521766180#1,company|restaurant|bus_stop,company,466.73410130235357,1169.2838037446552,37.502049542882666,127.02598608796039,960.0,455.0,taxi_24,picked
dyn_pax_260,507.0,2026-09-07 09:08:27,218873820#1,restaurant|bus_stop,company,647.4058653861567,510.6179408698636,37.49615020572141,127.02818504540632,,,,timeout
dyn_pax_261,510.0,2026-09-07 09:08:30,520307304#0,school|subway_entrance|bus_stop,company,602.6035134310263,763.145495629718,37.498416594724866,127.02761864854104,970.0,460.0,taxi_41,picked
dyn_pax_262,511.0,2026-09-07 09:08:31,218873820#0,restaurant|subway_entrance|bus_stop,company,628.9829311132032,562.4061665928522,37.49661325243901,127.02796447999128,,,,timeout
dyn_pax_263,513.0,2026-09-07 09:08:33,218873820#0,restaurant|subway_entrance|bus_stop,company,628.9829311132032,562.4061665928522,37.49661325243901,127.02796447999128,,,,timeout
dyn_pax_264,514.0,2026-09-07 09:08:34,1117538957#3,restaurant|subway_entrance|bus_stop,company,465.5082521847807,644.8780924026132,37.49732530507706,127.02609663221197,,,,timeout
dyn_pax_265,514.0,2026-09-07 09:08:34,-417933646#1,residential|restaurant,,826.6019869456061,577.8075382253838,37.49678928421788,127.03019516859905,987.0,473.0,taxi_26,picked
dyn_pax_266,529.0,2026-09-07 09:08:49,975332778#1,bus_stop,company,681.6099970732737,721.9380561808346,37.49806030190971,127.02852170075586,1005.0,476.0,taxi_42,picked
dyn_pax_267,534.0,2026-09-07 09:08:54,1229817205#0,company|subway_entrance|bus_stop,company,599.2457558679199,652.2907550986157,37.497417346160496,127.02760695963683,1000.0,466.0,taxi_respawn_27,picked
dyn_pax_268,537.0,2026-09-07 09:08:57,521766180#3,company|subway_entrance,company,386.1025100472621,1391.5483758557143,37.504036522784034,127.0250216210457,,,,timeout
dyn_pax_269,538.0,2026-09-07 09:08:58,520307304#0,school|subway_entrance|bus_stop,company,602.6035134310263,763.145495629718,37.498416594724866,127.02761864854104,1016.0,478.0,taxi_27,picked
dyn_pax_270,538.0,2026-09-07 09:08:58,129731857#1,residential|restaurant,,656.8212873140518,799.6615847813327,37.498755780674834,127.02822301071001,1016.0,478.0,taxi_4,picked
dyn_pax_271,544.0,2026-09-07 09:09:04,-541692164#2,subway_entrance,company,317.7122087179151,1441.0296574375257,37.504469327730426,127.0242365566347,1006.0,462.0,taxi_respawn_35,picked
dyn_pax_272,544.0,2026-09-07 09:09:04,-256787796#7,restaurant,,650.4923169509016,809.9698095387197,37.49884744554127,127.02814900895488,,,,timeout
dyn_pax_273,548.0,2026-09-07 09:09:08,1376141184#0,bus_stop,company,643.3432253030496,578.0866055082481,37.49675721809014,127.02812312566316,,,,timeout
dyn_pax_274,549.0,2026-09-07 09:09:09,-1011529829#3,residential|restaurant,,246.84006179949273,776.1178104815556,37.49846619888778,127.02359312469504,1034.0,485.0,taxi_33,picked
dyn_pax_275,551.0,2026-09-07 09:09:11,521766180#3,company|subway_entrance,company,386.1025100472621,1391.5483758557143,37.504036522784034,127.0250216210457,,,,timeout
dyn_pax_276,553.0,2026-09-07 09:09:13,521766180#3,company|subway_entrance,company,386.1025100472621,1391.5483758557143,37.504036522784034,127.0250216210457,,,,timeout
dyn_pax_277,555.0,2026-09-07 09:09:15,1229817205#0,company|subway_entrance|bus_stop,company,599.2457558679199,652.2907550986157,37.497417346160496,127.02760695963683,1049.0,494.0,taxi_28,picked
dyn_pax_278,556.0,2026-09-07 09:09:16,521770119#1,restaurant|bus_stop,company,527.3115514435282,995.8620162900467,37.50049875494786,127.02671217090477,1013.0,457.0,taxi_respawn_22,picked
dyn_pax_279,556.0,2026-09-07 09:09:16,117790051#2,restaurant,,558.5532373104973,1361.778638311631,37.503800946163,127.02697864469606,1014.0,458.0,taxi_48,picked
dyn_pax_280,558.0,2026-09-07 09:09:18,129731852,restaurant,,626.5739131314494,885.3301415107766,37.499521799012015,127.0278607124155,,,,timeout
dyn_pax_281,559.0,2026-09-07 09:09:19,1229817205#1,residential|bus_stop,company,631.6400080768872,572.7061575261558,37.49670653972221,127.02799208080955,,,,timeout
dyn_pax_282,562.0,2026-09-07 09:09:22,-504509918#2,company|restaurant|bus_stop,company,398.9694242295193,827.4758220967593,37.49895762305832,127.02530099003066,,,,timeout
dyn_pax_283,563.0,2026-09-07 09:09:23,975332778#1,bus_stop,company,681.6099970732737,721.9380561808346,37.49806030190971,127.02852170075586,,,,timeout
dyn_pax_284,568.0,2026-09-07 09:09:28,1376141183#0,bus_stop,company,548.2528111146681,901.2117688498424,37.49965007283687,127.02697139402301,,,,timeout
dyn_pax_285,568.0,2026-09-07 09:09:28,521766175#3,company|restaurant|subway_entrance|bus_stop,,373.6701172395771,1298.610217621072,37.50319695740621,127.02490310718325,1060.0,492.0,taxi_43,picked
dyn_pax_286,569.0,2026-09-07 09:09:29,1229817205#1,residential|bus_stop,company,631.6400080768872,572.7061575261558,37.49670653972221,127.02799208080955,1041.0,472.0,taxi_respawn_14,picked
dyn_pax_287,569.0,2026-09-07 09:09:29,256787796#8,restaurant,,646.6563496183319,793.2391486514691,37.49869600620777,127.02810960194483,1067.0,498.0,taxi_respawn_34,picked
dyn_pax_288,570.0,2026-09-07 09:09:30,480850873,company|restaurant|bus_stop,company,548.1935052770749,708.5896639848544,37.49791486187584,127.0270163956136,,,,timeout
dyn_pax_289,579.0,2026-09-07 09:09:39,541692164#1,subway_entrance,company,271.6277521231475,1406.6420105391767,37.5041508337347,127.02372362926798,,,,timeout
dyn_pax_290,580.0,2026-09-07 09:09:40,-506191135#22,residential|company|restaurant|bus_stop,,38.693950105848444,1321.9513167019495,37.50334380565249,127.02110990869835,,,,timeout
dyn_pax_291,582.0,2026-09-07 09:09:42,521766180#3,company|subway_entrance,company,386.1025100472621,1391.5483758557143,37.504036522784034,127.0250216210457,,,,timeout
dyn_pax_292,582.0,2026-09-07 09:09:42,-117790031#1,restaurant,,730.7814463439225,1053.3410552584976,37.501054966737435,127.02899915797848,1068.0,486.0,taxi_23,picked
dyn_pax_293,589.0,2026-09-07 09:09:49,1229817205#0,company|subway_entrance|bus_stop,company,599.2457558679199,652.2907550986157,37.497417346160496,127.02760695963683,,,,timeout
dyn_pax_294,592.0,2026-09-07 09:09:52,1229817205#1,residential|bus_stop,company,631.6400080768872,572.7061575261558,37.49670653972221,127.02799208080955,1064.0,472.0,taxi_respawn_4,picked
dyn_pax_295,593.0,2026-09-07 09:09:53,975332778#1,bus_stop,company,681.6099970732737,721.9380561808346,37.49806030190971,127.02852170075586,,,,timeout
dyn_pax_296,596.0,2026-09-07 09:09:56,-504509918#2,company|restaurant|bus_stop,company,398.9694242295193,827.4758220967593,37.49895762305832,127.02530099003066,1087.0,491.0,taxi_respawn_28,picked
dyn_pax_297,596.0,2026-09-07 09:09:56,417731530,company|restaurant,,191.66975375905443,1429.5779711342507,37.5043423120142,127.02281406437154,1096.0,500.0,taxi_17,picked
dyn_pax_298,597.0,2026-09-07 09:09:57,-504509918#2,company|restaurant|bus_stop,company,398.9694242295193,827.4758220967593,37.49895762305832,127.02530099003066,1094.0,497.0,taxi_respawn_1,picked
dyn_pax_299,599.0,2026-09-07 09:09:59,494824662#3,restaurant|subway_entrance,company,729.424850252167,406.6843378518681,37.49522941823122,127.02913698209235,1073.0,474.0,taxi_29,picked
dyn_pax_300,603.0,2026-09-07 09:10:03,1229817205#1,residential|bus_stop,company,631.6400080768872,572.7061575261558,37.49670653972221,127.02799208080955,1069.0,466.0,taxi_25,picked
dyn_pax_301,603.0,2026-09-07 09:10:03,219837933#0,residential|company,,49.0199205680682,1328.1480294371383,37.503401583976704,127.02122519296726,,,,timeout
dyn_pax_302,617.0,2026-09-07 09:10:17,218857636#1,residential|company|restaurant|bus_stop,company,297.92905089287035,623.2061345250047,37.49709839153085,127.02420706961871,1115.0,498.0,taxi_respawn_36,picked
dyn_pax_303,618.0,2026-09-07 09:10:18,218864491#0,restaurant|bus_stop,company,769.9803916976219,760.1217113917903,37.49842094941813,127.02951181742357,,,,timeout
dyn_pax_304,619.0,2026-09-07 09:10:19,-417933645#1,restaurant,,753.9829961438405,551.6859834676363,37.49654027420169,127.02938030242663,1101.0,482.0,taxi_respawn_38,picked
dyn_pax_305,620.0,2026-09-07 09:10:20,1376141182#0,bus_stop,company,385.7154046370183,1301.0311255965628,37.50322104370192,127.02503873135461,1097.0,477.0,taxi_21,picked
dyn_pax_306,623.0,2026-09-07 09:10:23,-417933645#2,company|restaurant|subway_entrance,company,701.1658676593129,719.5455833044954,37.49804244093877,127.02874337560036,,,,timeout
dyn_pax_307,638.0,2026-09-07 09:10:38,-506191135#2,residential|bus_stop,company,236.19733776439384,769.6838415951818,37.49840622577806,127.02347432089968,,,,timeout
dyn_pax_308,640.0,2026-09-07 09:10:40,-506191135#22,residential|company|restaurant|bus_stop,company,38.693950105848444,1321.9513167019495,37.50334380565249,127.02110990869835,1115.0,475.0,taxi_respawn_39,picked
dyn_pax_309,641.0,2026-09-07 09:10:41,417933642#0,restaurant|bus_stop,company,1041.0954363710525,463.30841921497654,37.49579826441859,127.03264736696761,1124.0,483.0,taxi_37,picked
dyn_pax_310,642.0,2026-09-07 09:10:42,521766175#3,company|restaurant|subway_entrance|bus_stop,company,373.6701172395771,1298.610217621072,37.50319695740621,127.02490310718325,1117.0,475.0,taxi_8,picked
dyn_pax_311,643.0,2026-09-07 09:10:43,218877837#2,company|restaurant|bus_stop,,479.4555212141038,978.0213907550284,37.500328997763305,127.02617530290202,,,,timeout
dyn_pax_312,644.0,2026-09-07 09:10:44,-541692164#2,subway_entrance,company,317.7122087179151,1441.0296574375257,37.504469327730426,127.0242365566347,1098.0,454.0,taxi_respawn_17,picked
dyn_pax_313,644.0,2026-09-07 09:10:44,-379232133,restaurant,,887.8909311741835,528.8139035551092,37.496359489964284,127.03089971288236,,,,timeout
dyn_pax_314,647.0,2026-09-07 09:10:47,-117823785#1,restaurant,,983.1954817367493,635.6880668681273,37.49734021138362,127.03195197441553,,,,timeout
dyn_pax_315,648.0,2026-09-07 09:10:48,1376141184#0,bus_stop,company,643.3432253030496,578.0866055082481,37.49675721809014,127.02812312566316,,,,timeout
dyn_pax_316,649.0,2026-09-07 09:10:49,523141074#0,company|restaurant|subway_entrance,company,524.0338794858329,871.4890157117229,37.4993777454413,127.02670460634431,,,,timeout
dyn_pax_317,650.0,2026-09-07 09:10:50,1229817205#0,company|subway_entrance|bus_stop,,599.2457558679199,652.2907550986157,37.497417346160496,127.02760695963683,1087.0,437.0,taxi_11,picked
dyn_pax_318,651.0,2026-09-07 09:10:51,1229817205#0,company|subway_entrance|bus_stop,company,599.2457558679199,652.2907550986157,37.497417346160496,127.02760695963683,,,,timeout
dyn_pax_319,652.0,2026-09-07 09:10:52,1229817205#0,company|subway_entrance|bus_stop,company,599.2457558679199,652.2907550986157,37.497417346160496,127.02760695963683,,,,timeout
dyn_pax_320,655.0,2026-09-07 09:10:55,-129731834#1,residential,,78.2122165689223,720.9585140244731,37.49793738265588,127.02169964763026,,,,timeout
dyn_pax_321,657.0,2026-09-07 09:10:57,541692164#1,subway_entrance,company,271.6277521231475,1406.6420105391767,37.5041508337347,127.02372362926798,1105.0,448.0,taxi_respawn_40,picked
dyn_pax_322,658.0,2026-09-07 09:10:58,541692164#1,subway_entrance,company,271.6277521231475,1406.6420105391767,37.5041508337347,127.02372362926798,,,,timeout
dyn_pax_323,659.0,2026-09-07 09:10:59,-417933645#2,company|restaurant|subway_entrance,company,701.1658676593129,719.5455833044954,37.49804244093877,127.02874337560036,,,,timeout
dyn_pax_324,661.0,2026-09-07 09:11:01,1117538958#3,bus_stop,company,160.18899290588462,540.6019911995099,37.49632820280781,127.02266936696756,1156.0,495.0,taxi_respawn_41,picked
dyn_pax_325,661.0,2026-09-07 09:11:01,523141074#0,company|restaurant|subway_entrance,,524.0338794858329,871.4890157117229,37.4993777454413,127.02670460634431,,,,timeout
dyn_pax_326,664.0,2026-09-07 09:11:04,521766182#1,company|restaurant|subway_entrance,company,681.695169875507,539.6867345716422,37.496418539503196,127.02856584056028,1157.0,493.0,taxi_respawn_25,picked
dyn_pax_327,666.0,2026-09-07 09:11:06,975332778#1,bus_stop,company,681.6099970732737,721.9380561808346,37.49806030190971,127.02852170075586,,,,timeout
dyn_pax_328,668.0,2026-09-07 09:11:08,218864491#0,restaurant|bus_stop,company,769.9803916976219,760.1217113917903,37.49842094941813,127.02951181742357,,,,timeout
dyn_pax_329,668.0,2026-09-07 09:11:08,521766175#1,company|restaurant|subway_entrance,,332.9365590021661,1411.5585828157227,37.504206724109,127.02441570308932,,,,timeout
dyn_pax_330,668.0,2026-09-07 09:11:08,218873820#1,restaurant|bus_stop,,647.4058653861567,510.6179408698636,37.49615020572141,127.02818504540632,,,,timeout
dyn_pax_331,672.0,2026-09-07 09:11:12,-541692164#2,subway_entrance,company,317.7122087179151,1441.0296574375257,37.504469327730426,127.0242365566347,,,,timeout
dyn_pax_332,673.0,2026-09-07 09:11:13,1229817205#0,company|subway_entrance|bus_stop,company,599.2457558679199,652.2907550986157,37.497417346160496,127.02760695963683,1150.0,477.0,taxi_15,picked
dyn_pax_333,675.0,2026-09-07 09:11:15,-506191135#2,residential|bus_stop,company,236.19733776439384,769.6838415951818,37.49840622577806,127.02347432089968,1147.0,472.0,taxi_39,picked
dyn_pax_334,676.0,2026-09-07 09:11:16,480850873,company|restaurant|bus_stop,company,548.1935052770749,708.5896639848544,37.49791486187584,127.0270163956136,,,,timeout
dyn_pax_335,678.0,2026-09-07 09:11:18,-504509918#2,company|restaurant|bus_stop,company,398.9694242295193,827.4758220967593,37.49895762305832,127.02530099003066,1158.0,480.0,taxi_respawn_7,picked
dyn_pax_336,681.0,2026-09-07 09:11:21,506191135#3,residential|company|restaurant|bus_stop,company,238.79972345576414,789.4714057742513,37.49858497042428,127.023499044737,,,,timeout
dyn_pax_337,682.0,2026-09-07 09:11:22,541692164#1,subway_entrance,company,271.6277521231475,1406.6420105391767,37.5041508337347,127.02372362926798,1176.0,494.0,taxi_respawn_42,picked
dyn_pax_338,683.0,2026-09-07 09:11:23,218877837#2,company|restaurant|bus_stop,company,479.4555212141038,978.0213907550284,37.500328997763305,127.02617530290202,1152.0,469.0,taxi_respawn_11,picked
dyn_pax_339,685.0,2026-09-07 09:11:25,375049565#6,restaurant|subway_entrance|bus_stop,company,789.5153251748014,798.8522330112556,37.49877353199428,127.02972351946808,,,,timeout
dyn_pax_340,686.0,2026-09-07 09:11:26,-506191135#2,residential|bus_stop,company,236.19733776439384,769.6838415951818,37.49840622577806,127.02347432089968,,,,timeout
dyn_pax_341,688.0,2026-09-07 09:11:28,-506191135#22,residential|company|restaurant|bus_stop,company,38.693950105848444,1321.9513167019495,37.50334380565249,127.02110990869835,,,,timeout
dyn_pax_342,689.0,2026-09-07 09:11:29,178441450#1,residential|company|restaurant|bus_stop,company,282.90243066757296,609.4157395563556,37.496971320837204,127.02404044855805,,,,timeout
dyn_pax_343,690.0,2026-09-07 09:11:30,218864491#0,restaurant|bus_stop,company,769.9803916976219,760.1217113917903,37.49842094941813,127.02951181742357,1181.0,491.0,taxi_19,picked
dyn_pax_344,692.0,2026-09-07 09:11:32,1117538957#3,restaurant|subway_entrance|bus_stop,company,465.5082521847807,644.8780924026132,37.49732530507706,127.02609663221197,1158.0,466.0,taxi_3,picked
dyn_pax_345,692.0,2026-09-07 09:11:32,178441450#1,residential|company|restaurant|bus_stop,,282.90243066757296,609.4157395563556,37.496971320837204,127.02404044855805,,,,timeout
dyn_pax_346,693.0,2026-09-07 09:11:33,-309155295#1,residential|restaurant,,820.2174803017108,588.0239695218922,37.496880113093034,127.03012056506905,,,,timeout
dyn_pax_347,699.0,2026-09-07 09:11:39,218873820#0,restaurant|subway_entrance|bus_stop,company,628.9829311132032,562.4061665928522,37.49661325243901,127.02796447999128,,,,timeout
dyn_pax_348,700.0,2026-09-07 09:11:40,218873820#0,restaurant|subway_entrance|bus_stop,company,628.9829311132032,562.4061665928522,37.49661325243901,127.02796447999128,,,,timeout
dyn_pax_349,702.0,2026-09-07 09:11:42,494824662#3,restaurant|subway_entrance,company,729.424850252167,406.6843378518681,37.49522941823122,127.02913698209235,,,,timeout
dyn_pax_350,703.0,2026-09-07 09:11:43,1376141182#0,bus_stop,company,385.7154046370183,1301.0311255965628,37.50322104370192,127.02503873135461,,,,timeout
dyn_pax_351,705.0,2026-09-07 09:11:45,521770119#0,restaurant|bus_stop,company,548.9831206778387,935.1148840516827,37.4999556205417,127.02697161236954,,,,timeout
dyn_pax_352,705.0,2026-09-07 09:11:45,-557469234,restaurant,,929.7298817515857,1030.9986809445256,37.50089122514563,127.03125394368278,,,,timeout
dyn_pax_353,706.0,2026-09-07 09:11:46,218873820#0,restaurant|subway_entrance|bus_stop,company,628.9829311132032,562.4061665928522,37.49661325243901,127.02796447999128,,,,timeout
dyn_pax_354,709.0,2026-09-07 09:11:49,1229817205#0,company|subway_entrance|bus_stop,company,599.2457558679199,652.2907550986157,37.497417346160496,127.02760695963683,,,,timeout
dyn_pax_355,710.0,2026-09-07 09:11:50,-541692164#2,subway_entrance,company,317.7122087179151,1441.0296574375257,37.504469327730426,127.0242365566347,,,,timeout
dyn_pax_356,712.0,2026-09-07 09:11:52,521770116#2,company|restaurant|bus_stop,company,432.3182248087171,1108.514093563608,37.50149560521279,127.02561136613096,1212.0,500.0,taxi_respawn_17,picked
dyn_pax_357,716.0,2026-09-07 09:11:56,1229817205#0,company|subway_entrance|bus_stop,company,599.2457558679199,652.2907550986157,37.497417346160496,127.02760695963683,,,,timeout
dyn_pax_358,717.0,2026-09-07 09:11:57,1117538957#3,restaurant|subway_entrance|bus_stop,company,465.5082521847807,644.8780924026132,37.49732530507706,127.02609663221197,1208.0,491.0,taxi_respawn_12,picked
dyn_pax_359,718.0,2026-09-07 09:11:58,-417750337#6,restaurant,,503.6615133291097,1089.1021319971503,37.50133422142063,127.0264226479345,,,,timeout
dyn_pax_360,719.0,2026-09-07 09:11:59,178441450#1,residential|company|restaurant|bus_stop,company,282.90243066757296,609.4157395563556,37.496971320837204,127.02404044855805,,,,timeout
dyn_pax_361,720.0,2026-09-07 09:12:00,218857636#1,residential|company|restaurant|bus_stop,,297.92905089287035,623.2061345250047,37.49709839153085,127.02420706961871,1211.0,491.0,taxi_respawn_19,picked
dyn_pax_362,721.0,2026-09-07 09:12:01,-506191135#2,residential|bus_stop,company,236.19733776439384,769.6838415951818,37.49840622577806,127.02347432089968,1212.0,491.0,taxi_respawn_15,picked
dyn_pax_363,721.0,2026-09-07 09:12:01,218873820#1,restaurant|bus_stop,,647.4058653861567,510.6179408698636,37.49615020572141,127.02818504540632,,,,timeout
dyn_pax_364,723.0,2026-09-07 09:12:03,541692164#1,subway_entrance,company,271.6277521231475,1406.6420105391767,37.5041508337347,127.02372362926798,,,,timeout
dyn_pax_365,724.0,2026-09-07 09:12:04,-129731858#3,restaurant,,760.2046779472714,898.6469063162286,37.49966698472747,127.02936848203807,1222.0,498.0,taxi_respawn_2,picked
dyn_pax_366,726.0,2026-09-07 09:12:06,521766180#3,company|subway_entrance,company,386.1025100472621,1391.5483758557143,37.504036522784034,127.0250216210457,,,,timeout
dyn_pax_367,727.0,2026-09-07 09:12:07,520307304#0,school|subway_entrance|bus_stop,company,602.6035134310263,763.145495629718,37.498416594724866,127.02761864854104,,,,timeout
dyn_pax_368,727.0,2026-09-07 09:12:07,218857636#1,residential|company|restaurant|bus_stop,,297.92905089287035,623.2061345250047,37.49709839153085,127.02420706961871,,,,timeout
dyn_pax_369,730.0,2026-09-07 09:12:10,1117538957#3,restaurant|subway_entrance|bus_stop,company,465.5082521847807,644.8780924026132,37.49732530507706,127.02609663221197,1214.0,484.0,taxi_49,picked
dyn_pax_370,731.0,2026-09-07 09:12:11,521770116#2,company|restaurant|bus_stop,company,432.3182248087171,1108.514093563608,37.50149560521279,127.02561136613096,,,,timeout
dyn_pax_371,733.0,2026-09-07 09:12:13,-542367267#1,bus_stop,company,247.51018316686128,1414.7184918773391,37.504219024473855,127.02344900430944,,,,timeout
dyn_pax_372,734.0,2026-09-07 09:12:14,-506191135#22,residential|company|restaurant|bus_stop,company,38.693950105848444,1321.9513167019495,37.50334380565249,127.02110990869835,,,,timeout
dyn_pax_373,738.0,2026-09-07 09:12:18,218877837#2,company|restaurant|bus_stop,company,479.4555212141038,978.0213907550284,37.500328997763305,127.02617530290202,1212.0,474.0,taxi_respawn_43,picked
dyn_pax_374,740.0,2026-09-07 09:12:20,1229817205#0,company|subway_entrance|bus_stop,company,599.2457558679199,652.2907550986157,37.497417346160496,127.02760695963683,,,,timeout
dyn_pax_375,740.0,2026-09-07 09:12:20,521766180#3,company|subway_entrance,,386.1025100472621,1391.5483758557143,37.504036522784034,127.0250216210457,,,,timeout
dyn_pax_376,741.0,2026-09-07 09:12:21,521766182#1,company|restaurant|subway_entrance,company,681.695169875507,539.6867345716422,37.496418539503196,127.02856584056028,,,,timeout
dyn_pax_377,743.0,2026-09-07 09:12:23,521770119#1,restaurant|bus_stop,company,527.3115514435282,995.8620162900467,37.50049875494786,127.02671217090477,1240.0,497.0,taxi_30,picked
dyn_pax_378,744.0,2026-09-07 09:12:24,521766175#3,company|restaurant|subway_entrance|bus_stop,company,373.6701172395771,1298.610217621072,37.50319695740621,127.02490310718325,,,,timeout
dyn_pax_379,745.0,2026-09-07 09:12:25,521770119#1,restaurant|bus_stop,company,527.3115514435282,995.8620162900467,37.50049875494786,127.02671217090477,,,,timeout
dyn_pax_380,748.0,2026-09-07 09:12:28,379232155,restaurant,,946.0567570824509,480.05346239194995,37.49593120335224,127.03156888346594,,,,timeout
dyn_pax_381,750.0,2026-09-07 09:12:30,417933642#0,restaurant|bus_stop,company,1041.0954363710525,463.30841921497654,37.49579826441859,127.03264736696761,,,,timeout
dyn_pax_382,755.0,2026-09-07 09:12:35,-541692164#2,subway_entrance,company,317.7122087179151,1441.0296574375257,37.504469327730426,127.0242365566347,,,,timeout
dyn_pax_383,757.0,2026-09-07 09:12:37,218877837#2,company|restaurant|bus_stop,company,479.4555212141038,978.0213907550284,37.500328997763305,127.02617530290202,,,,timeout
dyn_pax_384,758.0,2026-09-07 09:12:38,480850873,company|restaurant|bus_stop,company,548.1935052770749,708.5896639848544,37.49791486187584,127.0270163956136,1225.0,467.0,taxi_respawn_31,picked
dyn_pax_385,758.0,2026-09-07 09:12:38,417933645#0,residential|restaurant,,823.1026288816429,385.61625104994533,37.49505730126708,127.03020109557775,,,,timeout
dyn_pax_386,758.0,2026-09-07 09:12:38,1229817205#0,company|subway_entrance|bus_stop,,599.2457558679199,652.2907550986157,37.497417346160496,127.02760695963683,,,,timeout
dyn_pax_387,760.0,2026-09-07 09:12:40,521766175#3,company|restaurant|subway_entrance|bus_stop,company,373.6701172395771,1298.610217621072,37.50319695740621,127.02490310718325,,,,timeout
dyn_pax_388,760.0,2026-09-07 09:12:40,-417750337#2,restaurant,,578.5487433358253,1191.18897592047,37.50226799999912,127.02724519016736,1235.0,475.0,taxi_27,picked
dyn_pax_389,760.0,2026-09-07 09:12:40,504509918#0,residential|restaurant,,511.83203920742636,882.9034728009249,37.499478264867115,127.02656393710718,,,,timeout
dyn_pax_390,761.0,2026-09-07 09:12:41,-417933645#2,company|restaurant|subway_entrance,company,701.1658676593129,719.5455833044954,37.49804244093877,127.02874337560036,,,,timeout
dyn_pax_391,762.0,2026-09-07 09:12:42,178441450#1,residential|company|restaurant|bus_stop,company,282.90243066757296,609.4157395563556,37.496971320837204,127.02404044855805,,,,timeout
dyn_pax_392,763.0,2026-09-07 09:12:43,417933642#0,restaurant|bus_stop,,1041.0954363710525,463.30841921497654,37.49579826441859,127.03264736696761,,,,timeout
dyn_pax_393,764.0,2026-09-07 09:12:44,1117538957#3,restaurant|subway_entrance|bus_stop,company,465.5082521847807,644.8780924026132,37.49732530507706,127.02609663221197,,,,timeout
dyn_pax_394,765.0,2026-09-07 09:12:45,1229817205#0,company|subway_entrance|bus_stop,company,599.2457558679199,652.2907550986157,37.497417346160496,127.02760695963683,,,,timeout
dyn_pax_395,772.0,2026-09-07 09:12:52,218873820#1,restaurant|bus_stop,company,647.4058653861567,510.6179408698636,37.49615020572141,127.02818504540632,,,,timeout
dyn_pax_396,774.0,2026-09-07 09:12:54,-506191135#2,residential|bus_stop,company,236.19733776439384,769.6838415951818,37.49840622577806,127.02347432089968,,,,timeout
dyn_pax_397,775.0,2026-09-07 09:12:55,1117538957#3,restaurant|subway_entrance|bus_stop,company,465.5082521847807,644.8780924026132,37.49732530507706,127.02609663221197,1273.0,498.0,taxi_respawn_20,picked
dyn_pax_398,778.0,2026-09-07 09:12:58,-542367267#1,bus_stop,company,247.51018316686128,1414.7184918773391,37.504219024473855,127.02344900430944,1269.0,491.0,taxi_respawn_8,picked
dyn_pax_399,781.0,2026-09-07 09:13:01,521766182#1,company|restaurant|subway_entrance,company,681.695169875507,539.6867345716422,37.496418539503196,127.02856584056028,1274.0,493.0,taxi_23,picked
dyn_pax_400,782.0,2026-09-07 09:13:02,521766180#3,company|subway_entrance,company,386.1025100472621,1391.5483758557143,37.504036522784034,127.0250216210457,,,,timeout
dyn_pax_401,783.0,2026-09-07 09:13:03,117790051#4,restaurant,,495.1920534812603,1378.4842065286966,37.50393946166789,127.02625823552458,,,,timeout
dyn_pax_402,784.0,2026-09-07 09:13:04,218873820#0,restaurant|subway_entrance|bus_stop,company,628.9829311132032,562.4061665928522,37.49661325243901,127.02796447999128,1277.0,493.0,taxi_respawn_3,picked
dyn_pax_403,785.0,2026-09-07 09:13:05,520307304#0,school|subway_entrance|bus_stop,company,602.6035134310263,763.145495629718,37.498416594724866,127.02761864854104,1277.0,492.0,taxi_respawn_18,picked
dyn_pax_404,789.0,2026-09-07 09:13:09,1229817205#0,company|subway_entrance|bus_stop,company,599.2457558679199,652.2907550986157,37.497417346160496,127.02760695963683,1276.0,487.0,taxi_33,picked
dyn_pax_405,791.0,2026-09-07 09:13:11,218864491#0,restaurant|bus_stop,company,769.9803916976219,760.1217113917903,37.49842094941813,127.02951181742357,1271.0,480.0,taxi_38,picked
dyn_pax_406,793.0,2026-09-07 09:13:13,178441450#1,residential|company|restaurant|bus_stop,company,282.90243066757296,609.4157395563556,37.496971320837204,127.02404044855805,,,,timeout
dyn_pax_407,795.0,2026-09-07 09:13:15,521770119#0,restaurant|bus_stop,company,548.9831206778387,935.1148840516827,37.4999556205417,127.02697161236954,,,,timeout
dyn_pax_408,796.0,2026-09-07 09:13:16,129733424#0,restaurant,,719.7944869540754,1033.9950883209078,37.500878618503414,127.0288795122034,,,,timeout
dyn_pax_409,798.0,2026-09-07 09:13:18,1117538957#3,restaurant|subway_entrance|bus_stop,,465.5082521847807,644.8780924026132,37.49732530507706,127.02609663221197,1281.0,483.0,taxi_respawn_36,picked
dyn_pax_410,799.0,2026-09-07 09:13:19,1229817205#0,company|subway_entrance|bus_stop,company,599.2457558679199,652.2907550986157,37.497417346160496,127.02760695963683,,,,timeout
dyn_pax_411,801.0,2026-09-07 09:13:21,417933642#0,restaurant|bus_stop,company,1041.0954363710525,463.30841921497654,37.49579826441859,127.03264736696761,1265.0,464.0,taxi_respawn_6,picked
dyn_pax_412,802.0,2026-09-07 09:13:22,218877837#2,company|restaurant|bus_stop,company,479.4555212141038,978.0213907550284,37.500328997763305,127.02617530290202,1299.0,497.0,taxi_36,picked
dyn_pax_413,803.0,2026-09-07 09:13:23,-417933645#2,company|restaurant|subway_entrance,company,701.1658676593129,719.5455833044954,37.49804244093877,127.02874337560036,1296.0,493.0,taxi_respawn_32,picked
dyn_pax_414,806.0,2026-09-07 09:13:26,375049565#6,restaurant|subway_entrance|bus_stop,company,789.5153251748014,798.8522330112556,37.49877353199428,127.02972351946808,1295.0,489.0,taxi_48,picked
dyn_pax_415,808.0,2026-09-07 09:13:28,-417750336#5,restaurant,,886.0343029737398,891.1232225857099,37.499622942823265,127.030792984823,,,,timeout
dyn_pax_416,809.0,2026-09-07 09:13:29,975332778#1,bus_stop,company,681.6099970732737,721.9380561808346,37.49806030190971,127.02852170075586,,,,timeout
dyn_pax_417,810.0,2026-09-07 09:13:30,417933642#0,restaurant|bus_stop,company,1041.0954363710525,463.30841921497654,37.49579826441859,127.03264736696761,1298.0,488.0,taxi_respawn_16,picked
dyn_pax_418,812.0,2026-09-07 09:13:32,521766175#3,company|restaurant|subway_entrance|bus_stop,company,373.6701172395771,1298.610217621072,37.50319695740621,127.02490310718325,1293.0,481.0,taxi_6,picked
dyn_pax_419,813.0,2026-09-07 09:13:33,218877837#2,company|restaurant|bus_stop,company,479.4555212141038,978.0213907550284,37.500328997763305,127.02617530290202,,,,timeout
dyn_pax_420,815.0,2026-09-07 09:13:35,521766180#2,company|restaurant|subway_entrance,company,439.1682246573338,1248.125402422748,37.50275456053775,127.0256556898917,,,,timeout
dyn_pax_421,815.0,2026-09-07 09:13:35,-417933646#1,residential|restaurant,,826.6019869456061,577.8075382253838,37.49678928421788,127.03019516859905,,,,timeout
dyn_pax_422,817.0,2026-09-07 09:13:37,178441450#1,residential|company|restaurant|bus_stop,company,282.90243066757296,609.4157395563556,37.496971320837204,127.02404044855805,,,,timeout
dyn_pax_423,820.0,2026-09-07 09:13:40,480850873,company|restaurant|bus_stop,company,548.1935052770749,708.5896639848544,37.49791486187584,127.0270163956136,,,,timeout
dyn_pax_424,820.0,2026-09-07 09:13:40,129731857#1,residential|restaurant,,656.8212873140518,799.6615847813327,37.498755780674834,127.02822301071001,,,,timeout
dyn_pax_425,825.0,2026-09-07 09:13:45,218873820#1,restaurant|bus_stop,company,647.4058653861567,510.6179408698636,37.49615020572141,127.02818504540632,,,,timeout
dyn_pax_426,826.0,2026-09-07 09:13:46,541692164#1,subway_entrance,company,271.6277521231475,1406.6420105391767,37.5041508337347,127.02372362926798,1300.0,474.0,taxi_5,picked
dyn_pax_427,827.0,2026-09-07 09:13:47,480850873,company|restaurant|bus_stop,,548.1935052770749,708.5896639848544,37.49791486187584,127.0270163956136,,,,timeout
dyn_pax_428,829.0,2026-09-07 09:13:49,521770119#0,restaurant|bus_stop,company,548.9831206778387,935.1148840516827,37.4999556205417,127.02697161236954,,,,timeout
dyn_pax_429,830.0,2026-09-07 09:13:50,218877837#2,company|restaurant|bus_stop,company,479.4555212141038,978.0213907550284,37.500328997763305,127.02617530290202,,,,timeout
dyn_pax_430,832.0,2026-09-07 09:13:52,1229817205#0,company|subway_entrance|bus_stop,company,599.2457558679199,652.2907550986157,37.497417346160496,127.02760695963683,,,,timeout
dyn_pax_431,833.0,2026-09-07 09:13:53,-542367267#1,bus_stop,company,247.51018316686128,1414.7184918773391,37.504219024473855,127.02344900430944,,,,timeout
dyn_pax_432,837.0,2026-09-07 09:13:57,417933642#0,restaurant|bus_stop,company,1041.0954363710525,463.30841921497654,37.49579826441859,127.03264736696761,,,,timeout
dyn_pax_433,842.0,2026-09-07 09:14:02,-504509918#2,company|restaurant|bus_stop,,398.9694242295193,827.4758220967593,37.49895762305832,127.02530099003066,,,,timeout
dyn_pax_434,842.0,2026-09-07 09:14:02,1229817205#0,company|subway_entrance|bus_stop,,599.2457558679199,652.2907550986157,37.497417346160496,127.02760695963683,,,,timeout
dyn_pax_435,843.0,2026-09-07 09:14:03,1376141184#0,bus_stop,company,643.3432253030496,578.0866055082481,37.49675721809014,127.02812312566316,,,,timeout
dyn_pax_436,844.0,2026-09-07 09:14:04,1376141184#0,bus_stop,company,643.3432253030496,578.0866055082481,37.49675721809014,127.02812312566316,,,,timeout
dyn_pax_437,846.0,2026-09-07 09:14:06,417933642#0,restaurant|bus_stop,company,1041.0954363710525,463.30841921497654,37.49579826441859,127.03264736696761,,,,timeout
dyn_pax_438,846.0,2026-09-07 09:14:06,-504509918#2,company|restaurant|bus_stop,,398.9694242295193,827.4758220967593,37.49895762305832,127.02530099003066,,,,timeout
dyn_pax_439,847.0,2026-09-07 09:14:07,1117538957#3,restaurant|subway_entrance|bus_stop,company,465.5082521847807,644.8780924026132,37.49732530507706,127.02609663221197,1328.0,481.0,taxi_42,picked
dyn_pax_440,847.0,2026-09-07 09:14:07,256787796#8,restaurant,,646.6563496183319,793.2391486514691,37.49869600620777,127.02810960194483,1326.0,479.0,taxi_4,picked
dyn_pax_441,849.0,2026-09-07 09:14:09,521770116#2,company|restaurant|bus_stop,company,432.3182248087171,1108.514093563608,37.50149560521279,127.02561136613096,,,,timeout
dyn_pax_442,850.0,2026-09-07 09:14:10,178441450#1,residential|company|restaurant|bus_stop,company,282.90243066757296,609.4157395563556,37.496971320837204,127.02404044855805,,,,timeout
dyn_pax_443,851.0,2026-09-07 09:14:11,1229817205#1,residential|bus_stop,company,631.6400080768872,572.7061575261558,37.49670653972221,127.02799208080955,,,,timeout
dyn_pax_444,861.0,2026-09-07 09:14:21,504227069,residential|restaurant,,587.1158993285404,291.7776336445087,37.4941674385472,127.02755526357365,,,,timeout
dyn_pax_445,863.0,2026-09-07 09:14:23,305539406,company|restaurant|subway_entrance,company,566.389495917364,736.5285064605782,37.49816998085155,127.02721550408178,1326.0,463.0,taxi_43,picked
dyn_pax_446,863.0,2026-09-07 09:14:23,504227065,company,,441.32681628575455,666.8408278135128,37.497518581743364,127.0258180180219,1348.0,485.0,taxi_1,picked
dyn_pax_447,864.0,2026-09-07 09:14:24,218877837#2,company|restaurant|bus_stop,company,479.4555212141038,978.0213907550284,37.500328997763305,127.02617530290202,,,,timeout
dyn_pax_448,864.0,2026-09-07 09:14:24,520307304#2,restaurant,,553.737131666575,902.6336565846188,37.499663917706236,127.02703306650038,1327.0,463.0,taxi_29,picked
dyn_pax_449,865.0,2026-09-07 09:14:25,218873820#1,restaurant|bus_stop,company,647.4058653861567,510.6179408698636,37.49615020572141,127.02818504540632,,,,timeout
dyn_pax_450,866.0,2026-09-07 09:14:26,129731720#0,residential|company|restaurant,,292.10678712231254,1113.150773394943,37.50151085547559,127.02402489828896,,,,timeout
dyn_pax_451,867.0,2026-09-07 09:14:27,521766175#1,company|restaurant|subway_entrance,company,332.9365590021661,1411.5585828157227,37.504206724109,127.02441570308932,,,,timeout
dyn_pax_452,870.0,2026-09-07 09:14:30,1376141184#0,bus_stop,company,643.3432253030496,578.0866055082481,37.49675721809014,127.02812312566316,,,,timeout
dyn_pax_453,870.0,2026-09-07 09:14:30,218877837#2,company|restaurant|bus_stop,,479.4555212141038,978.0213907550284,37.500328997763305,127.02617530290202,,,,timeout
dyn_pax_454,871.0,2026-09-07 09:14:31,480850873,company|restaurant|bus_stop,company,548.1935052770749,708.5896639848544,37.49791486187584,127.0270163956136,,,,timeout
dyn_pax_455,873.0,2026-09-07 09:14:33,218873820#0,restaurant|subway_entrance|bus_stop,company,628.9829311132032,562.4061665928522,37.49661325243901,127.02796447999128,1372.0,499.0,taxi_25,picked
dyn_pax_456,874.0,2026-09-07 09:14:34,1376141184#0,bus_stop,company,643.3432253030496,578.0866055082481,37.49675721809014,127.02812312566316,,,,timeout
dyn_pax_457,874.0,2026-09-07 09:14:34,-117790039#4,restaurant,,976.1736160857955,1107.3942396063046,37.50158817580974,127.03176100793065,1353.0,479.0,taxi_respawn_38,picked
dyn_pax_458,875.0,2026-09-07 09:14:35,1117538957#3,restaurant|subway_entrance|bus_stop,company,465.5082521847807,644.8780924026132,37.49732530507706,127.02609663221197,,,,timeout
dyn_pax_459,877.0,2026-09-07 09:14:37,218873820#0,restaurant|subway_entrance|bus_stop,company,628.9829311132032,562.4061665928522,37.49661325243901,127.02796447999128,,,,timeout
dyn_pax_460,878.0,2026-09-07 09:14:38,521766175#3,company|restaurant|subway_entrance|bus_stop,company,373.6701172395771,1298.610217621072,37.50319695740621,127.02490310718325,,,,timeout
dyn_pax_461,881.0,2026-09-07 09:14:41,521770119#0,restaurant|bus_stop,company,548.9831206778387,935.1148840516827,37.4999556205417,127.02697161236954,1340.0,459.0,taxi_respawn_1,picked
dyn_pax_462,882.0,2026-09-07 09:14:42,218873820#0,restaurant|subway_entrance|bus_stop,company,628.9829311132032,562.4061665928522,37.49661325243901,127.02796447999128,,,,timeout
dyn_pax_463,884.0,2026-09-07 09:14:44,417933642#0,restaurant|bus_stop,company,1041.0954363710525,463.30841921497654,37.49579826441859,127.03264736696761,1379.0,495.0,taxi_respawn_41,picked
dyn_pax_464,887.0,2026-09-07 09:14:47,1117538957#3,restaurant|subway_entrance|bus_stop,company,465.5082521847807,644.8780924026132,37.49732530507706,127.02609663221197,,,,timeout
dyn_pax_465,888.0,2026-09-07 09:14:48,417933642#0,restaurant|bus_stop,company,1041.0954363710525,463.30841921497654,37.49579826441859,127.03264736696761,1387.0,499.0,taxi_14,picked
dyn_pax_466,892.0,2026-09-07 09:14:52,521766180#3,company|subway_entrance,company,386.1025100472621,1391.5483758557143,37.504036522784034,127.0250216210457,,,,timeout
dyn_pax_467,895.0,2026-09-07 09:14:55,178441450#1,residential|company|restaurant|bus_stop,company,282.90243066757296,609.4157395563556,37.496971320837204,127.02404044855805,,,,timeout
dyn_pax_468,897.0,2026-09-07 09:14:57,-504509918#2,company|restaurant|bus_stop,company,398.9694242295193,827.4758220967593,37.49895762305832,127.02530099003066,,,,timeout
dyn_pax_469,898.0,2026-09-07 09:14:58,375049565#6,restaurant|subway_entrance|bus_stop,company,789.5153251748014,798.8522330112556,37.49877353199428,127.02972351946808,,,,timeout
dyn_pax_470,899.0,2026-09-07 09:14:59,218857636#1,residential|company|restaurant|bus_stop,company,297.92905089287035,623.2061345250047,37.49709839153085,127.02420706961871,,,,timeout
dyn_pax_471,902.0,2026-09-07 09:15:02,218864491#0,restaurant|bus_stop,company,769.9803916976219,760.1217113917903,37.49842094941813,127.02951181742357,,,,timeout
dyn_pax_472,904.0,2026-09-07 09:15:04,-256787796#5,restaurant,,631.1882908445458,865.4152262944223,37.499343270516576,127.02791760566556,1392.0,488.0,taxi_respawn_34,picked
dyn_pax_473,907.0,2026-09-07 09:15:07,1117538957#3,restaurant|subway_entrance|bus_stop,,465.5082521847807,644.8780924026132,37.49732530507706,127.02609663221197,,,,timeout
dyn_pax_474,909.0,2026-09-07 09:15:09,1229817205#1,residential|bus_stop,company,631.6400080768872,572.7061575261558,37.49670653972221,127.02799208080955,,,,timeout
dyn_pax_475,913.0,2026-09-07 09:15:13,521766180#3,company|subway_entrance,company,386.1025100472621,1391.5483758557143,37.504036522784034,127.0250216210457,,,,timeout
dyn_pax_476,915.0,2026-09-07 09:15:15,523141074#0,company|restaurant|subway_entrance,company,524.0338794858329,871.4890157117229,37.4993777454413,127.02670460634431,1404.0,489.0,taxi_respawn_28,picked
dyn_pax_477,918.0,2026-09-07 09:15:18,521766182#1,company|restaurant|subway_entrance,company,681.695169875507,539.6867345716422,37.496418539503196,127.02856584056028,1395.0,477.0,taxi_31,picked
dyn_pax_478,919.0,2026-09-07 09:15:19,417933642#0,restaurant|bus_stop,company,1041.0954363710525,463.30841921497654,37.49579826441859,127.03264736696761,,,,timeout
dyn_pax_479,921.0,2026-09-07 09:15:21,521766180#2,company|restaurant|subway_entrance,company,439.1682246573338,1248.125402422748,37.50275456053775,127.0256556898917,,,,timeout
dyn_pax_480,922.0,2026-09-07 09:15:22,218864491#0,restaurant|bus_stop,company,769.9803916976219,760.1217113917903,37.49842094941813,127.02951181742357,,,,timeout
dyn_pax_481,925.0,2026-09-07 09:15:25,1117538957#3,restaurant|subway_entrance|bus_stop,company,465.5082521847807,644.8780924026132,37.49732530507706,127.02609663221197,1414.0,489.0,taxi_26,picked
dyn_pax_482,926.0,2026-09-07 09:15:26,1117538958#3,bus_stop,company,160.18899290588462,540.6019911995099,37.49632820280781,127.02266936696756,,,,timeout
dyn_pax_483,926.0,2026-09-07 09:15:26,504227066#0,restaurant,,519.2210823013057,487.78345043316773,37.49592029712161,127.02674117912406,1388.0,462.0,taxi_respawn_40,picked
dyn_pax_484,928.0,2026-09-07 09:15:28,520307304#0,school|subway_entrance|bus_stop,company,602.6035134310263,763.145495629718,37.498416594724866,127.02761864854104,,,,timeout
dyn_pax_485,929.0,2026-09-07 09:15:29,1117538957#3,restaurant|subway_entrance|bus_stop,company,465.5082521847807,644.8780924026132,37.49732530507706,127.02609663221197,,,,timeout
dyn_pax_486,930.0,2026-09-07 09:15:30,541692164#1,subway_entrance,company,271.6277521231475,1406.6420105391767,37.5041508337347,127.02372362926798,1397.0,467.0,taxi_respawn_42,picked
dyn_pax_487,933.0,2026-09-07 09:15:33,541692164#1,subway_entrance,company,271.6277521231475,1406.6420105391767,37.5041508337347,127.02372362926798,,,,timeout
dyn_pax_488,935.0,2026-09-07 09:15:35,520307304#0,school|subway_entrance|bus_stop,company,602.6035134310263,763.145495629718,37.498416594724866,127.02761864854104,1407.0,472.0,taxi_8,picked
dyn_pax_489,936.0,2026-09-07 09:15:36,1117538957#3,restaurant|subway_entrance|bus_stop,company,465.5082521847807,644.8780924026132,37.49732530507706,127.02609663221197,,,,timeout
dyn_pax_490,937.0,2026-09-07 09:15:37,1376141183#0,bus_stop,company,548.2528111146681,901.2117688498424,37.49965007283687,127.02697139402301,1388.0,451.0,taxi_19,picked
dyn_pax_491,938.0,2026-09-07 09:15:38,628232693#0,company|restaurant,,644.2623295929467,660.168099777976,37.49749680792099,127.0281140674837,1436.0,498.0,taxi_respawn_14,picked
dyn_pax_492,939.0,2026-09-07 09:15:39,375049565#6,restaurant|subway_entrance|bus_stop,company,789.5153251748014,798.8522330112556,37.49877353199428,127.02972351946808,1415.0,476.0,taxi_respawn_11,picked
dyn_pax_493,940.0,2026-09-07 09:15:40,375049565#6,restaurant|subway_entrance|bus_stop,company,789.5153251748014,798.8522330112556,37.49877353199428,127.02972351946808,1399.0,459.0,taxi_respawn_44,picked
dyn_pax_494,942.0,2026-09-07 09:15:42,521770119#1,restaurant|bus_stop,company,527.3115514435282,995.8620162900467,37.50049875494786,127.02671217090477,1413.0,471.0,taxi_12,picked
dyn_pax_495,943.0,2026-09-07 09:15:43,-504509918#2,company|restaurant|bus_stop,company,398.9694242295193,827.4758220967593,37.49895762305832,127.02530099003066,1404.0,461.0,taxi_45,picked
dyn_pax_496,944.0,2026-09-07 09:15:44,-256787796#4,restaurant,,620.2926176327408,895.5374521094307,37.49961256354246,127.02778727239327,,,,timeout
dyn_pax_497,945.0,2026-09-07 09:15:45,218873820#1,restaurant|bus_stop,company,647.4058653861567,510.6179408698636,37.49615020572141,127.02818504540632,,,,timeout
dyn_pax_498,946.0,2026-09-07 09:15:46,506191135#3,residential|company|restaurant|bus_stop,company,238.79972345576414,789.4714057742513,37.49858497042428,127.023499044737,,,,timeout
dyn_pax_499,946.0,2026-09-07 09:15:46,129731859#0,restaurant,,636.6446621144157,858.1896913104493,37.49927921090336,127.0279810114602,,,,timeout
dyn_pax_500,947.0,2026-09-07 09:15:47,521766180#1,company|restaurant|bus_stop,company,466.73410130235357,1169.2838037446552,37.502049542882666,127.02598608796039,1416.0,469.0,taxi_respawn_18,picked
dyn_pax_501,952.0,2026-09-07 09:15:52,1229817205#1,residential|bus_stop,company,631.6400080768872,572.7061575261558,37.49670653972221,127.02799208080955,1411.0,459.0,taxi_respawn_30,picked
dyn_pax_502,954.0,2026-09-07 09:15:54,975332778#1,bus_stop,company,681.6099970732737,721.9380561808346,37.49806030190971,127.02852170075586,1387.0,433.0,taxi_respawn_17,picked
dyn_pax_503,959.0,2026-09-07 09:15:59,1229817205#0,company|subway_entrance|bus_stop,company,599.2457558679199,652.2907550986157,37.497417346160496,127.02760695963683,1420.0,461.0,taxi_respawn_35,picked
dyn_pax_504,960.0,2026-09-07 09:16:00,521766175#3,company|restaurant|subway_entrance|bus_stop,company,373.6701172395771,1298.610217621072,37.50319695740621,127.02490310718325,1398.0,438.0,taxi_respawn_31,picked
dyn_pax_505,960.0,2026-09-07 09:16:00,-417933646#4,company|restaurant,,761.9867537178288,747.7080569325292,37.49830761500862,127.02942437673002,1435.0,475.0,taxi_28,picked
dyn_pax_506,961.0,2026-09-07 09:16:01,521770116#2,company|restaurant|bus_stop,company,432.3182248087171,1108.514093563608,37.50149560521279,127.02561136613096,1394.0,433.0,taxi_respawn_37,picked
dyn_pax_507,963.0,2026-09-07 09:16:03,521766175#1,company|restaurant|subway_entrance,,332.9365590021661,1411.5585828157227,37.504206724109,127.02441570308932,,,,timeout
dyn_pax_508,964.0,2026-09-07 09:16:04,494824662#3,restaurant|subway_entrance,company,729.424850252167,406.6843378518681,37.49522941823122,127.02913698209235,,,,timeout
dyn_pax_509,964.0,2026-09-07 09:16:04,506191135#3,residential|company|restaurant|bus_stop,,238.79972345576414,789.4714057742513,37.49858497042428,127.023499044737,1423.0,459.0,taxi_21,picked
dyn_pax_510,966.0,2026-09-07 09:16:06,520307304#0,school|subway_entrance|bus_stop,company,602.6035134310263,763.145495629718,37.498416594724866,127.02761864854104,1433.0,467.0,taxi_46,picked
dyn_pax_511,967.0,2026-09-07 09:16:07,218864491#0,restaurant|bus_stop,company,769.9803916976219,760.1217113917903,37.49842094941813,127.02951181742357,1462.0,495.0,taxi_15,picked
dyn_pax_512,970.0,2026-09-07 09:16:10,218857636#1,residential|company|restaurant|bus_stop,company,297.92905089287035,623.2061345250047,37.49709839153085,127.02420706961871,1450.0,480.0,taxi_respawn_21,picked
dyn_pax_513,971.0,2026-09-07 09:16:11,1117538957#3,restaurant|subway_entrance|bus_stop,company,465.5082521847807,644.8780924026132,37.49732530507706,127.02609663221197,1465.0,494.0,taxi_respawn_5,picked
dyn_pax_514,971.0,2026-09-07 09:16:11,117790041#0,restaurant,,413.90787044506357,1458.5096356977913,37.50464498763265,127.02532013264272,,,,timeout
dyn_pax_515,974.0,2026-09-07 09:16:14,521770119#1,restaurant|bus_stop,company,527.3115514435282,995.8620162900467,37.50049875494786,127.02671217090477,,,,timeout
dyn_pax_516,974.0,2026-09-07 09:16:14,417933642#0,restaurant|bus_stop,,1041.0954363710525,463.30841921497654,37.49579826441859,127.03264736696761,1467.0,493.0,taxi_respawn_29,picked
dyn_pax_517,976.0,2026-09-07 09:16:16,178441450#1,residential|company|restaurant|bus_stop,company,282.90243066757296,609.4157395563556,37.496971320837204,127.02404044855805,,,,timeout
dyn_pax_518,976.0,2026-09-07 09:16:16,256787796#5,restaurant,,616.3422671393917,878.7532899245961,37.49946062055924,127.02774658517313,,,,timeout
dyn_pax_519,977.0,2026-09-07 09:16:17,494824662#3,restaurant|subway_entrance,company,729.424850252167,406.6843378518681,37.49522941823122,127.02913698209235,,,,timeout
dyn_pax_520,978.0,2026-09-07 09:16:18,521766180#1,company|restaurant|bus_stop,company,466.73410130235357,1169.2838037446552,37.502049542882666,127.02598608796039,1473.0,495.0,taxi_11,picked
dyn_pax_521,981.0,2026-09-07 09:16:21,-129731717#1,residential|company|restaurant,,188.433090102474,1374.3511058470413,37.503844200149025,127.0227905913032,,,,timeout
dyn_pax_522,984.0,2026-09-07 09:16:24,494824662#3,restaurant|subway_entrance,company,729.424850252167,406.6843378518681,37.49522941823122,127.02913698209235,,,,timeout
dyn_pax_523,985.0,2026-09-07 09:16:25,1376141182#0,bus_stop,company,385.7154046370183,1301.0311255965628,37.50322104370192,127.02503873135461,,,,timeout
dyn_pax_524,987.0,2026-09-07 09:16:27,521770119#0,restaurant|bus_stop,company,548.9831206778387,935.1148840516827,37.4999556205417,127.02697161236954,,,,timeout
dyn_pax_525,988.0,2026-09-07 09:16:28,521770119#0,restaurant|bus_stop,company,548.9831206778387,935.1148840516827,37.4999556205417,127.02697161236954,,,,timeout
dyn_pax_526,988.0,2026-09-07 09:16:28,-379463124,restaurant,,592.9390816363945,1268.4136255899298,37.5029663815994,127.02738959394404,,,,timeout
dyn_pax_527,990.0,2026-09-07 09:16:30,494824662#3,restaurant|subway_entrance,company,729.424850252167,406.6843378518681,37.49522941823122,127.02913698209235,,,,timeout
dyn_pax_528,991.0,2026-09-07 09:16:31,1117538957#3,restaurant|subway_entrance|bus_stop,company,465.5082521847807,644.8780924026132,37.49732530507706,127.02609663221197,1460.0,469.0,taxi_respawn_7,picked
dyn_pax_529,993.0,2026-09-07 09:16:33,-417933646#4,company|restaurant,,761.9867537178288,747.7080569325292,37.49830761500862,127.02942437673002,1486.0,493.0,taxi_respawn_20,picked
dyn_pax_530,994.0,2026-09-07 09:16:34,1376141182#0,bus_stop,company,385.7154046370183,1301.0311255965628,37.50322104370192,127.02503873135461,,,,timeout
dyn_pax_531,995.0,2026-09-07 09:16:35,1229817205#1,residential|bus_stop,company,631.6400080768872,572.7061575261558,37.49670653972221,127.02799208080955,1473.0,478.0,taxi_33,picked
dyn_pax_532,997.0,2026-09-07 09:16:37,178441450#1,residential|company|restaurant|bus_stop,company,282.90243066757296,609.4157395563556,37.496971320837204,127.02404044855805,,,,timeout
dyn_pax_533,1000.0,2026-09-07 09:16:40,1376141184#0,bus_stop,company,643.3432253030496,578.0866055082481,37.49675721809014,127.02812312566316,,,,timeout
dyn_pax_534,1001.0,2026-09-07 09:16:41,-542367267#1,bus_stop,company,247.51018316686128,1414.7184918773391,37.504219024473855,127.02344900430944,,,,timeout
dyn_pax_535,1002.0,2026-09-07 09:16:42,521766180#3,company|subway_entrance,company,386.1025100472621,1391.5483758557143,37.504036522784034,127.0250216210457,,,,timeout
dyn_pax_536,1003.0,2026-09-07 09:16:43,305539406,company|restaurant|subway_entrance,,566.389495917364,736.5285064605782,37.49816998085155,127.02721550408178,,,,timeout
dyn_pax_537,1004.0,2026-09-07 09:16:44,218873820#0,restaurant|subway_entrance|bus_stop,company,628.9829311132032,562.4061665928522,37.49661325243901,127.02796447999128,,,,timeout
dyn_pax_538,1005.0,2026-09-07 09:16:45,520307304#0,school|subway_entrance|bus_stop,company,602.6035134310263,763.145495629718,37.498416594724866,127.02761864854104,1501.0,496.0,taxi_respawn_6,picked
dyn_pax_539,1007.0,2026-09-07 09:16:47,521766180#3,company|subway_entrance,company,386.1025100472621,1391.5483758557143,37.504036522784034,127.0250216210457,,,,timeout
dyn_pax_540,1008.0,2026-09-07 09:16:48,1376141182#0,bus_stop,company,385.7154046370183,1301.0311255965628,37.50322104370192,127.02503873135461,,,,timeout
dyn_pax_541,1009.0,2026-09-07 09:16:49,375049565#6,restaurant|subway_entrance|bus_stop,company,789.5153251748014,798.8522330112556,37.49877353199428,127.02972351946808,1482.0,473.0,taxi_respawn_47,picked
dyn_pax_542,1012.0,2026-09-07 09:16:52,480850873,company|restaurant|bus_stop,company,548.1935052770749,708.5896639848544,37.49791486187584,127.0270163956136,,,,timeout
dyn_pax_543,1012.0,2026-09-07 09:16:52,-913950883#1,residential|company|restaurant,,391.36286393582424,840.6655979518604,37.49907500229157,127.0252118555046,,,,timeout
dyn_pax_544,1014.0,2026-09-07 09:16:54,541692164#1,subway_entrance,company,271.6277521231475,1406.6420105391767,37.5041508337347,127.02372362926798,,,,timeout
dyn_pax_545,1015.0,2026-09-07 09:16:55,521770116#2,company|restaurant|bus_stop,company,432.3182248087171,1108.514093563608,37.50149560521279,127.02561136613096,,,,timeout
dyn_pax_546,1016.0,2026-09-07 09:16:56,178441450#1,residential|company|restaurant|bus_stop,,282.90243066757296,609.4157395563556,37.496971320837204,127.02404044855805,,,,timeout
dyn_pax_547,1019.0,2026-09-07 09:16:59,305539406,company|restaurant|subway_entrance,company,566.389495917364,736.5285064605782,37.49816998085155,127.02721550408178,1514.0,495.0,taxi_respawn_15,picked
dyn_pax_548,1020.0,2026-09-07 09:17:00,-379463124,restaurant,,592.9390816363945,1268.4136255899298,37.5029663815994,127.02738959394404,,,,timeout
dyn_pax_549,1021.0,2026-09-07 09:17:01,1229817205#0,company|subway_entrance|bus_stop,company,599.2457558679199,652.2907550986157,37.497417346160496,127.02760695963683,,,,timeout
dyn_pax_550,1022.0,2026-09-07 09:17:02,-504509918#2,company|restaurant|bus_stop,company,398.9694242295193,827.4758220967593,37.49895762305832,127.02530099003066,,,,timeout
dyn_pax_551,1024.0,2026-09-07 09:17:04,-506191135#2,residential|bus_stop,,236.19733776439384,769.6838415951818,37.49840622577806,127.02347432089968,,,,timeout
dyn_pax_552,1026.0,2026-09-07 09:17:06,375049565#6,restaurant|subway_entrance|bus_stop,company,789.5153251748014,798.8522330112556,37.49877353199428,127.02972351946808,,,,timeout
dyn_pax_553,1031.0,2026-09-07 09:17:11,-541692164#2,subway_entrance,company,317.7122087179151,1441.0296574375257,37.504469327730426,127.0242365566347,,,,timeout
dyn_pax_554,1031.0,2026-09-07 09:17:11,-376649996#1,company,,349.947152138941,1.6182517984103069,37.49150877654974,127.02494272030683,,,,timeout
dyn_pax_555,1033.0,2026-09-07 09:17:13,-506191135#2,residential|bus_stop,,236.19733776439384,769.6838415951818,37.49840622577806,127.02347432089968,,,,timeout
dyn_pax_556,1035.0,2026-09-07 09:17:15,521766175#3,company|restaurant|subway_entrance|bus_stop,,373.6701172395771,1298.610217621072,37.50319695740621,127.02490310718325,,,,timeout
dyn_pax_557,1036.0,2026-09-07 09:17:16,506191135#3,residential|company|restaurant|bus_stop,company,238.79972345576414,789.4714057742513,37.49858497042428,127.023499044737,,,,timeout
dyn_pax_558,1039.0,2026-09-07 09:17:19,218864491#0,restaurant|bus_stop,company,769.9803916976219,760.1217113917903,37.49842094941813,127.02951181742357,1518.0,479.0,taxi_respawn_38,picked
dyn_pax_559,1039.0,2026-09-07 09:17:19,1376141184#0,bus_stop,,643.3432253030496,578.0866055082481,37.49675721809014,127.02812312566316,,,,timeout
dyn_pax_560,1042.0,2026-09-07 09:17:22,1376141182#0,bus_stop,company,385.7154046370183,1301.0311255965628,37.50322104370192,127.02503873135461,,,,timeout
dyn_pax_561,1042.0,2026-09-07 09:17:22,1376141184#0,bus_stop,,643.3432253030496,578.0866055082481,37.49675721809014,127.02812312566316,,,,timeout
dyn_pax_562,1043.0,2026-09-07 09:17:23,1376141182#0,bus_stop,company,385.7154046370183,1301.0311255965628,37.50322104370192,127.02503873135461,,,,timeout
dyn_pax_563,1043.0,2026-09-07 09:17:23,129731859#1,restaurant,,770.318180095484,905.1374216517651,37.499727361620906,127.02948129560598,1519.0,476.0,taxi_respawn_16,picked
dyn_pax_564,1049.0,2026-09-07 09:17:29,-504509918#2,company|restaurant|bus_stop,company,398.9694242295193,827.4758220967593,37.49895762305832,127.02530099003066,,,,timeout
dyn_pax_565,1053.0,2026-09-07 09:17:33,1117538957#3,restaurant|subway_entrance|bus_stop,company,465.5082521847807,644.8780924026132,37.49732530507706,127.02609663221197,,,,timeout
dyn_pax_566,1055.0,2026-09-07 09:17:35,1117538958#3,bus_stop,company,160.18899290588462,540.6019911995099,37.49632820280781,127.02266936696756,,,,timeout
dyn_pax_567,1059.0,2026-09-07 09:17:39,521766175#3,company|restaurant|subway_entrance|bus_stop,company,373.6701172395771,1298.610217621072,37.50319695740621,127.02490310718325,,,,timeout
dyn_pax_568,1060.0,2026-09-07 09:17:40,521770116#2,company|restaurant|bus_stop,company,432.3182248087171,1108.514093563608,37.50149560521279,127.02561136613096,,,,timeout
dyn_pax_569,1062.0,2026-09-07 09:17:42,218873820#0,restaurant|subway_entrance|bus_stop,company,628.9829311132032,562.4061665928522,37.49661325243901,127.02796447999128,,,,timeout
dyn_pax_570,1063.0,2026-09-07 09:17:43,1229817205#0,company|subway_entrance|bus_stop,,599.2457558679199,652.2907550986157,37.497417346160496,127.02760695963683,,,,timeout
dyn_pax_571,1070.0,2026-09-07 09:17:50,521766175#3,company|restaurant|subway_entrance|bus_stop,company,373.6701172395771,1298.610217621072,37.50319695740621,127.02490310718325,,,,timeout
dyn_pax_572,1072.0,2026-09-07 09:17:52,1376141184#0,bus_stop,company,643.3432253030496,578.0866055082481,37.49675721809014,127.02812312566316,,,,timeout
dyn_pax_573,1076.0,2026-09-07 09:17:56,1229817205#1,residential|bus_stop,company,631.6400080768872,572.7061575261558,37.49670653972221,127.02799208080955,,,,timeout
dyn_pax_574,1077.0,2026-09-07 09:17:57,494824662#3,restaurant|subway_entrance,company,729.424850252167,406.6843378518681,37.49522941823122,127.02913698209235,,,,timeout
dyn_pax_575,1077.0,2026-09-07 09:17:57,417750337#2,restaurant,,602.0112566641748,1239.22102407953,37.50270511928559,127.02749909599581,,,,timeout
dyn_pax_576,1080.0,2026-09-07 09:18:00,520307304#0,school|subway_entrance|bus_stop,company,602.6035134310263,763.145495629718,37.498416594724866,127.02761864854104,,,,timeout
dyn_pax_577,1081.0,2026-09-07 09:18:01,218864491#0,restaurant|bus_stop,company,769.9803916976219,760.1217113917903,37.49842094941813,127.02951181742357,,,,timeout
dyn_pax_578,1084.0,2026-09-07 09:18:04,218857636#1,residential|company|restaurant|bus_stop,company,297.92905089287035,623.2061345250047,37.49709839153085,127.02420706961871,1569.0,485.0,taxi_respawn_36,picked
dyn_pax_579,1086.0,2026-09-07 09:18:06,1376141184#0,bus_stop,company,643.3432253030496,578.0866055082481,37.49675721809014,127.02812312566316,,,,timeout
dyn_pax_580,1089.0,2026-09-07 09:18:09,521766180#1,company|restaurant|bus_stop,company,466.73410130235357,1169.2838037446552,37.502049542882666,127.02598608796039,,,,timeout
dyn_pax_581,1091.0,2026-09-07 09:18:11,1117538957#3,restaurant|subway_entrance|bus_stop,company,465.5082521847807,644.8780924026132,37.49732530507706,127.02609663221197,1568.0,477.0,taxi_43,picked
dyn_pax_582,1093.0,2026-09-07 09:18:13,239954074#0,company|restaurant,,429.7181373520864,1403.414988136971,37.50415166837821,127.02551198233628,,,,timeout
dyn_pax_583,1096.0,2026-09-07 09:18:16,239962780#1,company|restaurant,,78.091042197054,1418.7355011637856,37.504223128704645,127.02153236485597,,,,timeout
dyn_pax_584,1097.0,2026-09-07 09:18:17,-542367267#1,bus_stop,company,247.51018316686128,1414.7184918773391,37.504219024473855,127.02344900430944,,,,timeout
dyn_pax_585,1098.0,2026-09-07 09:18:18,975332778#1,bus_stop,company,681.6099970732737,721.9380561808346,37.49806030190971,127.02852170075586,,,,timeout
dyn_pax_586,1100.0,2026-09-07 09:18:20,541692164#1,subway_entrance,company,271.6277521231475,1406.6420105391767,37.5041508337347,127.02372362926798,,,,timeout
dyn_pax_587,1101.0,2026-09-07 09:18:21,520307304#0,school|subway_entrance|bus_stop,company,602.6035134310263,763.145495629718,37.498416594724866,127.02761864854104,1578.0,477.0,taxi_39,picked
dyn_pax_588,1102.0,2026-09-07 09:18:22,-913950883#1,residential|company|restaurant,,391.36286393582424,840.6655979518604,37.49907500229157,127.0252118555046,1583.0,481.0,taxi_5,picked
dyn_pax_589,1104.0,2026-09-07 09:18:24,-417933645#2,company|restaurant|subway_entrance,company,701.1658676593129,719.5455833044954,37.49804244093877,127.02874337560036,,,,timeout
dyn_pax_590,1105.0,2026-09-07 09:18:25,218877837#2,company|restaurant|bus_stop,company,479.4555212141038,978.0213907550284,37.500328997763305,127.02617530290202,1571.0,466.0,taxi_23,picked
dyn_pax_591,1107.0,2026-09-07 09:18:27,-506191135#2,residential|bus_stop,company,236.19733776439384,769.6838415951818,37.49840622577806,127.02347432089968,,,,timeout
dyn_pax_592,1109.0,2026-09-07 09:18:29,-913950883#1,residential|company|restaurant,,391.36286393582424,840.6655979518604,37.49907500229157,127.0252118555046,1588.0,479.0,taxi_respawn_32,picked
dyn_pax_593,1110.0,2026-09-07 09:18:30,-417750354#0,residential,,923.3498430372201,1041.2071047119894,37.5009819832587,127.03117938951307,1600.0,490.0,taxi_respawn_46,picked
dyn_pax_594,1115.0,2026-09-07 09:18:35,178441450#1,residential|company|restaurant|bus_stop,company,282.90243066757296,609.4157395563556,37.496971320837204,127.02404044855805,1584.0,469.0,taxi_6,picked
dyn_pax_595,1115.0,2026-09-07 09:18:35,129731720#0,residential|company|restaurant,,292.10678712231254,1113.150773394943,37.50151085547559,127.02402489828896,,,,timeout
dyn_pax_596,1120.0,2026-09-07 09:18:40,1376141184#0,bus_stop,company,643.3432253030496,578.0866055082481,37.49675721809014,127.02812312566316,,,,timeout
dyn_pax_597,1121.0,2026-09-07 09:18:41,218864491#0,restaurant|bus_stop,company,769.9803916976219,760.1217113917903,37.49842094941813,127.02951181742357,1583.0,462.0,taxi_1,picked
dyn_pax_598,1122.0,2026-09-07 09:18:42,218873820#0,restaurant|subway_entrance|bus_stop,company,628.9829311132032,562.4061665928522,37.49661325243901,127.02796447999128,,,,timeout
dyn_pax_599,1124.0,2026-09-07 09:18:44,1376141183#0,bus_stop,company,548.2528111146681,901.2117688498424,37.49965007283687,127.02697139402301,,,,timeout
dyn_pax_600,1125.0,2026-09-07 09:18:45,521766175#3,company|restaurant|subway_entrance|bus_stop,company,373.6701172395771,1298.610217621072,37.50319695740621,127.02490310718325,,,,timeout
dyn_pax_601,1127.0,2026-09-07 09:18:47,1376141182#0,bus_stop,company,385.7154046370183,1301.0311255965628,37.50322104370192,127.02503873135461,,,,timeout
dyn_pax_602,1131.0,2026-09-07 09:18:51,375049565#6,restaurant|subway_entrance|bus_stop,company,789.5153251748014,798.8522330112556,37.49877353199428,127.02972351946808,1577.0,446.0,taxi_37,picked
dyn_pax_603,1136.0,2026-09-07 09:18:56,-129731834#1,residential,,78.2122165689223,720.9585140244731,37.49793738265588,127.02169964763026,,,,timeout
dyn_pax_604,1137.0,2026-09-07 09:18:57,-542367267#1,bus_stop,company,247.51018316686128,1414.7184918773391,37.504219024473855,127.02344900430944,,,,timeout
dyn_pax_605,1137.0,2026-09-07 09:18:57,521766175#3,company|restaurant|subway_entrance|bus_stop,,373.6701172395771,1298.610217621072,37.50319695740621,127.02490310718325,,,,timeout
dyn_pax_606,1138.0,2026-09-07 09:18:58,521766175#1,company|restaurant|subway_entrance,company,332.9365590021661,1411.5585828157227,37.504206724109,127.02441570308932,,,,timeout
dyn_pax_607,1139.0,2026-09-07 09:18:59,521766182#1,company|restaurant|subway_entrance,company,681.695169875507,539.6867345716422,37.496418539503196,127.02856584056028,,,,timeout
dyn_pax_608,1141.0,2026-09-07 09:19:01,521770116#2,company|restaurant|bus_stop,company,432.3182248087171,1108.514093563608,37.50149560521279,127.02561136613096,,,,timeout
dyn_pax_609,1142.0,2026-09-07 09:19:02,-506191135#22,residential|company|restaurant|bus_stop,company,38.693950105848444,1321.9513167019495,37.50334380565249,127.02110990869835,,,,timeout
dyn_pax_610,1142.0,2026-09-07 09:19:02,375049565#6,restaurant|subway_entrance|bus_stop,,789.5153251748014,798.8522330112556,37.49877353199428,127.02972351946808,,,,timeout
dyn_pax_611,1145.0,2026-09-07 09:19:05,521766175#3,company|restaurant|subway_entrance|bus_stop,company,373.6701172395771,1298.610217621072,37.50319695740621,127.02490310718325,,,,timeout
dyn_pax_612,1147.0,2026-09-07 09:19:07,521766175#3,company|restaurant|subway_entrance|bus_stop,,373.6701172395771,1298.610217621072,37.50319695740621,127.02490310718325,,,,timeout
dyn_pax_613,1148.0,2026-09-07 09:19:08,-541692164#2,subway_entrance,company,317.7122087179151,1441.0296574375257,37.504469327730426,127.0242365566347,,,,timeout
dyn_pax_614,1149.0,2026-09-07 09:19:09,521770119#0,restaurant|bus_stop,company,548.9831206778387,935.1148840516827,37.4999556205417,127.02697161236954,,,,timeout
dyn_pax_615,1151.0,2026-09-07 09:19:11,521770116#2,company|restaurant|bus_stop,company,432.3182248087171,1108.514093563608,37.50149560521279,127.02561136613096,,,,timeout
dyn_pax_616,1152.0,2026-09-07 09:19:12,178441450#1,residential|company|restaurant|bus_stop,company,282.90243066757296,609.4157395563556,37.496971320837204,127.02404044855805,1650.0,498.0,taxi_25,picked
dyn_pax_617,1153.0,2026-09-07 09:19:13,-542367267#1,bus_stop,company,247.51018316686128,1414.7184918773391,37.504219024473855,127.02344900430944,1633.0,480.0,taxi_respawn_21,picked
dyn_pax_618,1154.0,2026-09-07 09:19:14,1376141184#0,bus_stop,,643.3432253030496,578.0866055082481,37.49675721809014,127.02812312566316,,,,timeout
dyn_pax_619,1155.0,2026-09-07 09:19:15,375049565#6,restaurant|subway_entrance|bus_stop,company,789.5153251748014,798.8522330112556,37.49877353199428,127.02972351946808,1637.0,482.0,taxi_respawn_14,picked
dyn_pax_620,1156.0,2026-09-07 09:19:16,-541692164#2,subway_entrance,company,317.7122087179151,1441.0296574375257,37.504469327730426,127.0242365566347,1645.0,489.0,taxi_respawn_51,picked
dyn_pax_621,1158.0,2026-09-07 09:19:18,1229817205#0,company|subway_entrance|bus_stop,company,599.2457558679199,652.2907550986157,37.497417346160496,127.02760695963683,1641.0,483.0,taxi_13,picked
dyn_pax_622,1159.0,2026-09-07 09:19:19,975332778#1,bus_stop,company,681.6099970732737,721.9380561808346,37.49806030190971,127.02852170075586,,,,timeout
dyn_pax_623,1159.0,2026-09-07 09:19:19,239954074#0,company|restaurant,,429.7181373520864,1403.414988136971,37.50415166837821,127.02551198233628,,,,timeout
dyn_pax_624,1162.0,2026-09-07 09:19:22,1229817205#0,company|subway_entrance|bus_stop,company,599.2457558679199,652.2907550986157,37.497417346160496,127.02760695963683,1633.0,471.0,taxi_respawn_28,picked
dyn_pax_625,1165.0,2026-09-07 09:19:25,975332778#1,bus_stop,company,681.6099970732737,721.9380561808346,37.49806030190971,127.02852170075586,1636.0,471.0,taxi_respawn_20,picked
dyn_pax_626,1167.0,2026-09-07 09:19:27,239962780#1,company|restaurant,,78.091042197054,1418.7355011637856,37.504223128704645,127.02153236485597,1634.0,467.0,taxi_47,picked
dyn_pax_627,1168.0,2026-09-07 09:19:28,1376141183#0,bus_stop,company,548.2528111146681,901.2117688498424,37.49965007283687,127.02697139402301,,,,timeout
dyn_pax_628,1169.0,2026-09-07 09:19:29,379463134#0,company,,445.604196565268,1237.9330600893716,37.50266396162017,127.02573088108544,1641.0,472.0,taxi_respawn_4,picked
dyn_pax_629,1170.0,2026-09-07 09:19:30,521766180#2,company|restaurant|subway_entrance,company,439.1682246573338,1248.125402422748,37.50275456053775,127.0256556898917,,,,timeout
dyn_pax_630,1173.0,2026-09-07 09:19:33,1117538957#3,restaurant|subway_entrance|bus_stop,company,465.5082521847807,644.8780924026132,37.49732530507706,127.02609663221197,,,,timeout
dyn_pax_631,1175.0,2026-09-07 09:19:35,975332778#1,bus_stop,company,681.6099970732737,721.9380561808346,37.49806030190971,127.02852170075586,1642.0,467.0,taxi_respawn_23,picked
dyn_pax_632,1176.0,2026-09-07 09:19:36,521766180#1,company|restaurant|bus_stop,company,466.73410130235357,1169.2838037446552,37.502049542882666,127.02598608796039,1637.0,461.0,taxi_48,picked
dyn_pax_633,1179.0,2026-09-07 09:19:39,417933642#0,restaurant|bus_stop,company,1041.0954363710525,463.30841921497654,37.49579826441859,127.03264736696761,1653.0,474.0,taxi_14,picked
dyn_pax_634,1179.0,2026-09-07 09:19:39,379463134#2,restaurant,,492.9894267673794,1254.822149661426,37.50282506050825,127.0262626667944,1627.0,448.0,taxi_9,picked
dyn_pax_635,1183.0,2026-09-07 09:19:43,480850873,company|restaurant|bus_stop,company,548.1935052770749,708.5896639848544,37.49791486187584,127.0270163956136,,,,timeout
dyn_pax_636,1185.0,2026-09-07 09:19:45,-506191135#22,residential|company|restaurant|bus_stop,company,38.693950105848444,1321.9513167019495,37.50334380565249,127.02110990869835,1656.0,471.0,taxi_respawn_49,picked
dyn_pax_637,1186.0,2026-09-07 09:19:46,521766182#1,company|restaurant|subway_entrance,company,681.695169875507,539.6867345716422,37.496418539503196,127.02856584056028,1634.0,448.0,taxi_respawn_31,picked
dyn_pax_638,1187.0,2026-09-07 09:19:47,1376141184#0,bus_stop,company,643.3432253030496,578.0866055082481,37.49675721809014,127.02812312566316,,,,timeout
dyn_pax_639,1192.0,2026-09-07 09:19:52,521766175#3,company|restaurant|subway_entrance|bus_stop,company,373.6701172395771,1298.610217621072,37.50319695740621,127.02490310718325,1661.0,469.0,taxi_respawn_11,picked
dyn_pax_640,1193.0,2026-09-07 09:19:53,521770119#1,restaurant|bus_stop,company,527.3115514435282,995.8620162900467,37.50049875494786,127.02671217090477,1673.0,480.0,taxi_27,picked
dyn_pax_641,1197.0,2026-09-07 09:19:57,1376141184#0,bus_stop,company,643.3432253030496,578.0866055082481,37.49675721809014,127.02812312566316,,,,timeout
dyn_pax_642,1200.0,2026-09-07 09:20:00,521766175#3,company|restaurant|subway_entrance|bus_stop,company,373.6701172395771,1298.610217621072,37.50319695740621,127.02490310718325,,,,timeout
dyn_pax_643,1201.0,2026-09-07 09:20:01,1376141183#0,bus_stop,company,548.2528111146681,901.2117688498424,37.49965007283687,127.02697139402301,1700.0,499.0,taxi_28,picked
dyn_pax_644,1203.0,2026-09-07 09:20:03,1117538957#3,restaurant|subway_entrance|bus_stop,company,465.5082521847807,644.8780924026132,37.49732530507706,127.02609663221197,,,,timeout
dyn_pax_645,1204.0,2026-09-07 09:20:04,218873820#0,restaurant|subway_entrance|bus_stop,company,628.9829311132032,562.4061665928522,37.49661325243901,127.02796447999128,,,,timeout
dyn_pax_646,1205.0,2026-09-07 09:20:05,117823785#0,company|restaurant,,1360.8740206736493,851.0492627492013,37.499351351792384,127.0361713398344,,,,timeout
dyn_pax_647,1206.0,2026-09-07 09:20:06,1117538957#3,restaurant|subway_entrance|bus_stop,company,465.5082521847807,644.8780924026132,37.49732530507706,127.02609663221197,,,,timeout
dyn_pax_648,1207.0,2026-09-07 09:20:07,417933642#0,restaurant|bus_stop,company,1041.0954363710525,463.30841921497654,37.49579826441859,127.03264736696761,,,,timeout
dyn_pax_649,1209.0,2026-09-07 09:20:09,178441450#1,residential|company|restaurant|bus_stop,company,282.90243066757296,609.4157395563556,37.496971320837204,127.02404044855805,,,,timeout
dyn_pax_650,1211.0,2026-09-07 09:20:11,375049565#6,restaurant|subway_entrance|bus_stop,company,789.5153251748014,798.8522330112556,37.49877353199428,127.02972351946808,1699.0,488.0,taxi_respawn_45,picked
dyn_pax_651,1213.0,2026-09-07 09:20:13,-541692164#2,subway_entrance,company,317.7122087179151,1441.0296574375257,37.504469327730426,127.0242365566347,,,,timeout
dyn_pax_652,1214.0,2026-09-07 09:20:14,218864491#0,restaurant|bus_stop,company,769.9803916976219,760.1217113917903,37.49842094941813,127.02951181742357,,,,timeout
dyn_pax_653,1214.0,2026-09-07 09:20:14,-117790045#0,restaurant,,544.8147652988505,1238.053441474183,37.50268379633789,127.0268526423962,1707.0,493.0,taxi_respawn_37,picked
dyn_pax_654,1216.0,2026-09-07 09:20:16,375049565#6,restaurant|subway_entrance|bus_stop,company,789.5153251748014,798.8522330112556,37.49877353199428,127.02972351946808,,,,timeout
dyn_pax_655,1216.0,2026-09-07 09:20:16,239962780#1,company|restaurant,,78.091042197054,1418.7355011637856,37.504223128704645,127.02153236485597,,,,timeout
dyn_pax_656,1217.0,2026-09-07 09:20:17,541692164#1,subway_entrance,company,271.6277521231475,1406.6420105391767,37.5041508337347,127.02372362926798,,,,timeout
dyn_pax_657,1218.0,2026-09-07 09:20:18,521770116#2,company|restaurant|bus_stop,company,432.3182248087171,1108.514093563608,37.50149560521279,127.02561136613096,,,,timeout
dyn_pax_658,1220.0,2026-09-07 09:20:20,521766180#3,company|subway_entrance,company,386.1025100472621,1391.5483758557143,37.504036522784034,127.0250216210457,,,,timeout
dyn_pax_659,1221.0,2026-09-07 09:20:21,521766175#3,company|restaurant|subway_entrance|bus_stop,company,373.6701172395771,1298.610217621072,37.50319695740621,127.02490310718325,,,,timeout
dyn_pax_660,1224.0,2026-09-07 09:20:24,521766180#1,company|restaurant|bus_stop,company,466.73410130235357,1169.2838037446552,37.502049542882666,127.02598608796039,,,,timeout
dyn_pax_661,1225.0,2026-09-07 09:20:25,523141074#0,company|restaurant|subway_entrance,company,524.0338794858329,871.4890157117229,37.4993777454413,127.02670460634431,,,,timeout
dyn_pax_662,1225.0,2026-09-07 09:20:25,504227069,residential|restaurant,,587.1158993285404,291.7776336445087,37.4941674385472,127.02755526357365,,,,timeout
dyn_pax_663,1228.0,2026-09-07 09:20:28,305539406,company|restaurant|subway_entrance,company,566.389495917364,736.5285064605782,37.49816998085155,127.02721550408178,,,,timeout
dyn_pax_664,1230.0,2026-09-07 09:20:30,521770116#2,company|restaurant|bus_stop,company,432.3182248087171,1108.514093563608,37.50149560521279,127.02561136613096,,,,timeout
dyn_pax_665,1231.0,2026-09-07 09:20:31,521770119#0,restaurant|bus_stop,company,548.9831206778387,935.1148840516827,37.4999556205417,127.02697161236954,,,,timeout
dyn_pax_666,1234.0,2026-09-07 09:20:34,1229817205#0,company|subway_entrance|bus_stop,company,599.2457558679199,652.2907550986157,37.497417346160496,127.02760695963683,1694.0,460.0,taxi_38,picked
dyn_pax_667,1238.0,2026-09-07 09:20:38,521766180#3,company|subway_entrance,company,386.1025100472621,1391.5483758557143,37.504036522784034,127.0250216210457,,,,timeout
dyn_pax_668,1238.0,2026-09-07 09:20:38,379463134#0,company,,445.604196565268,1237.9330600893716,37.50266396162017,127.02573088108544,,,,timeout
dyn_pax_669,1240.0,2026-09-07 09:20:40,-417933645#2,company|restaurant|subway_entrance,company,701.1658676593129,719.5455833044954,37.49804244093877,127.02874337560036,,,,timeout
dyn_pax_670,1241.0,2026-09-07 09:20:41,521766175#3,company|restaurant|subway_entrance|bus_stop,company,373.6701172395771,1298.610217621072,37.50319695740621,127.02490310718325,,,,timeout
dyn_pax_671,1242.0,2026-09-07 09:20:42,-541692164#2,subway_entrance,company,317.7122087179151,1441.0296574375257,37.504469327730426,127.0242365566347,,,,timeout
dyn_pax_672,1244.0,2026-09-07 09:20:44,1229817205#1,residential|bus_stop,company,631.6400080768872,572.7061575261558,37.49670653972221,127.02799208080955,,,,timeout
dyn_pax_673,1245.0,2026-09-07 09:20:45,-504509918#2,company|restaurant|bus_stop,company,398.9694242295193,827.4758220967593,37.49895762305832,127.02530099003066,,,,timeout
dyn_pax_674,1247.0,2026-09-07 09:20:47,218857636#1,residential|company|restaurant|bus_stop,company,297.92905089287035,623.2061345250047,37.49709839153085,127.02420706961871,,,,timeout
dyn_pax_675,1248.0,2026-09-07 09:20:48,521766175#3,company|restaurant|subway_entrance|bus_stop,company,373.6701172395771,1298.610217621072,37.50319695740621,127.02490310718325,,,,timeout
dyn_pax_676,1249.0,2026-09-07 09:20:49,305539406,company|restaurant|subway_entrance,company,566.389495917364,736.5285064605782,37.49816998085155,127.02721550408178,,,,timeout
dyn_pax_677,1251.0,2026-09-07 09:20:51,-417933645#2,company|restaurant|subway_entrance,company,701.1658676593129,719.5455833044954,37.49804244093877,127.02874337560036,,,,timeout
dyn_pax_678,1251.0,2026-09-07 09:20:51,541692164#1,subway_entrance,,271.6277521231475,1406.6420105391767,37.5041508337347,127.02372362926798,,,,timeout
dyn_pax_679,1252.0,2026-09-07 09:20:52,521770119#0,restaurant|bus_stop,company,548.9831206778387,935.1148840516827,37.4999556205417,127.02697161236954,1748.0,496.0,taxi_respawn_42,picked
dyn_pax_680,1254.0,2026-09-07 09:20:54,1376141182#0,bus_stop,company,385.7154046370183,1301.0311255965628,37.50322104370192,127.02503873135461,,,,timeout
dyn_pax_681,1255.0,2026-09-07 09:20:55,375049565#6,restaurant|subway_entrance|bus_stop,company,789.5153251748014,798.8522330112556,37.49877353199428,127.02972351946808,,,,timeout
dyn_pax_682,1257.0,2026-09-07 09:20:57,521766175#3,company|restaurant|subway_entrance|bus_stop,company,373.6701172395771,1298.610217621072,37.50319695740621,127.02490310718325,,,,timeout
dyn_pax_683,1261.0,2026-09-07 09:21:01,975332778#1,bus_stop,company,681.6099970732737,721.9380561808346,37.49806030190971,127.02852170075586,,,,timeout
dyn_pax_684,1262.0,2026-09-07 09:21:02,521770116#2,company|restaurant|bus_stop,company,432.3182248087171,1108.514093563608,37.50149560521279,127.02561136613096,,,,timeout
dyn_pax_685,1264.0,2026-09-07 09:21:04,218857636#1,residential|company|restaurant|bus_stop,company,297.92905089287035,623.2061345250047,37.49709839153085,127.02420706961871,,,,timeout
dyn_pax_686,1265.0,2026-09-07 09:21:05,375049565#6,restaurant|subway_entrance|bus_stop,company,789.5153251748014,798.8522330112556,37.49877353199428,127.02972351946808,,,,timeout
dyn_pax_687,1266.0,2026-09-07 09:21:06,521766180#1,company|restaurant|bus_stop,company,466.73410130235357,1169.2838037446552,37.502049542882666,127.02598608796039,,,,timeout
dyn_pax_688,1268.0,2026-09-07 09:21:08,521766180#2,company|restaurant|subway_entrance,company,439.1682246573338,1248.125402422748,37.50275456053775,127.0256556898917,,,,timeout
dyn_pax_689,1269.0,2026-09-07 09:21:09,520307304#0,school|subway_entrance|bus_stop,company,602.6035134310263,763.145495629718,37.498416594724866,127.02761864854104,1769.0,500.0,taxi_respawn_50,picked
dyn_pax_690,1271.0,2026-09-07 09:21:11,1117538957#3,restaurant|subway_entrance|bus_stop,company,465.5082521847807,644.8780924026132,37.49732530507706,127.02609663221197,,,,timeout
dyn_pax_691,1274.0,2026-09-07 09:21:14,1117538958#3,bus_stop,,160.18899290588462,540.6019911995099,37.49632820280781,127.02266936696756,,,,timeout
dyn_pax_692,1275.0,2026-09-07 09:21:15,218873820#0,restaurant|subway_entrance|bus_stop,company,628.9829311132032,562.4061665928522,37.49661325243901,127.02796447999128,1754.0,479.0,taxi_36,picked
dyn_pax_693,1276.0,2026-09-07 09:21:16,494824662#3,restaurant|subway_entrance,company,729.424850252167,406.6843378518681,37.49522941823122,127.02913698209235,,,,timeout
dyn_pax_694,1278.0,2026-09-07 09:21:18,975332778#1,bus_stop,company,681.6099970732737,721.9380561808346,37.49806030190971,127.02852170075586,,,,timeout
dyn_pax_695,1279.0,2026-09-07 09:21:19,521770116#2,company|restaurant|bus_stop,company,432.3182248087171,1108.514093563608,37.50149560521279,127.02561136613096,,,,timeout
dyn_pax_696,1282.0,2026-09-07 09:21:22,521766175#3,company|restaurant|subway_entrance|bus_stop,company,373.6701172395771,1298.610217621072,37.50319695740621,127.02490310718325,,,,timeout
dyn_pax_697,1283.0,2026-09-07 09:21:23,521766175#3,company|restaurant|subway_entrance|bus_stop,company,373.6701172395771,1298.610217621072,37.50319695740621,127.02490310718325,,,,timeout
dyn_pax_698,1285.0,2026-09-07 09:21:25,305539406,company|restaurant|subway_entrance,company,566.389495917364,736.5285064605782,37.49816998085155,127.02721550408178,,,,timeout
dyn_pax_699,1289.0,2026-09-07 09:21:29,375049565#6,restaurant|subway_entrance|bus_stop,company,789.5153251748014,798.8522330112556,37.49877353199428,127.02972351946808,1782.0,493.0,taxi_4,picked
dyn_pax_700,1293.0,2026-09-07 09:21:33,521770116#2,company|restaurant|bus_stop,,432.3182248087171,1108.514093563608,37.50149560521279,127.02561136613096,,,,timeout
dyn_pax_701,1295.0,2026-09-07 09:21:35,375049565#6,restaurant|subway_entrance|bus_stop,company,789.5153251748014,798.8522330112556,37.49877353199428,127.02972351946808,,,,timeout
dyn_pax_702,1296.0,2026-09-07 09:21:36,218873820#0,restaurant|subway_entrance|bus_stop,company,628.9829311132032,562.4061665928522,37.49661325243901,127.02796447999128,,,,timeout
dyn_pax_703,1297.0,2026-09-07 09:21:37,-506191135#2,residential|bus_stop,company,236.19733776439384,769.6838415951818,37.49840622577806,127.02347432089968,,,,timeout
dyn_pax_704,1299.0,2026-09-07 09:21:39,-506191135#22,residential|company|restaurant|bus_stop,company,38.693950105848444,1321.9513167019495,37.50334380565249,127.02110990869835,,,,timeout
dyn_pax_705,1300.0,2026-09-07 09:21:40,520307304#0,school|subway_entrance|bus_stop,company,602.6035134310263,763.145495629718,37.498416594724866,127.02761864854104,,,,timeout
dyn_pax_706,1302.0,2026-09-07 09:21:42,129731859#7,restaurant,,1027.2096381836107,997.5648919281483,37.50060841330955,127.03236404697942,,,,timeout
dyn_pax_707,1305.0,2026-09-07 09:21:45,521766180#1,company|restaurant|bus_stop,company,466.73410130235357,1169.2838037446552,37.502049542882666,127.02598608796039,,,,timeout
dyn_pax_708,1306.0,2026-09-07 09:21:46,-541692164#2,subway_entrance,company,317.7122087179151,1441.0296574375257,37.504469327730426,127.0242365566347,,,,timeout
dyn_pax_709,1307.0,2026-09-07 09:21:47,541692164#1,subway_entrance,company,271.6277521231475,1406.6420105391767,37.5041508337347,127.02372362926798,,,,timeout
dyn_pax_710,1309.0,2026-09-07 09:21:49,521770119#1,restaurant|bus_stop,company,527.3115514435282,995.8620162900467,37.50049875494786,127.02671217090477,,,,timeout
dyn_pax_711,1310.0,2026-09-07 09:21:50,521766175#3,company|restaurant|subway_entrance|bus_stop,company,373.6701172395771,1298.610217621072,37.50319695740621,127.02490310718325,,,,timeout
dyn_pax_712,1310.0,2026-09-07 09:21:50,218873820#0,restaurant|subway_entrance|bus_stop,,628.9829311132032,562.4061665928522,37.49661325243901,127.02796447999128,1810.0,500.0,taxi_respawn_47,picked
dyn_pax_713,1312.0,2026-09-07 09:21:52,521770116#2,company|restaurant|bus_stop,company,432.3182248087171,1108.514093563608,37.50149560521279,127.02561136613096,,,,timeout
dyn_pax_714,1314.0,2026-09-07 09:21:54,1117538957#3,restaurant|subway_entrance|bus_stop,company,465.5082521847807,644.8780924026132,37.49732530507706,127.02609663221197,1808.0,494.0,taxi_11,picked
dyn_pax_715,1317.0,2026-09-07 09:21:57,523141074#0,company|restaurant|subway_entrance,company,524.0338794858329,871.4890157117229,37.4993777454413,127.02670460634431,1807.0,490.0,taxi_33,picked
dyn_pax_716,1319.0,2026-09-07 09:21:59,218877837#2,company|restaurant|bus_stop,company,479.4555212141038,978.0213907550284,37.500328997763305,127.02617530290202,,,,timeout
dyn_pax_717,1321.0,2026-09-07 09:22:01,218873820#0,restaurant|subway_entrance|bus_stop,company,628.9829311132032,562.4061665928522,37.49661325243901,127.02796447999128,,,,timeout
dyn_pax_718,1324.0,2026-09-07 09:22:04,506191135#3,residential|company|restaurant|bus_stop,company,238.79972345576414,789.4714057742513,37.49858497042428,127.023499044737,,,,timeout
dyn_pax_719,1326.0,2026-09-07 09:22:06,494824662#3,restaurant|subway_entrance,company,729.424850252167,406.6843378518681,37.49522941823122,127.02913698209235,,,,timeout
dyn_pax_720,1327.0,2026-09-07 09:22:07,494824662#3,restaurant|subway_entrance,company,729.424850252167,406.6843378518681,37.49522941823122,127.02913698209235,,,,timeout
dyn_pax_721,1329.0,2026-09-07 09:22:09,178441450#1,residential|company|restaurant|bus_stop,company,282.90243066757296,609.4157395563556,37.496971320837204,127.02404044855805,,,,timeout
dyn_pax_722,1331.0,2026-09-07 09:22:11,218877837#2,company|restaurant|bus_stop,company,479.4555212141038,978.0213907550284,37.500328997763305,127.02617530290202,,,,timeout
dyn_pax_723,1333.0,2026-09-07 09:22:13,1376141182#0,bus_stop,company,385.7154046370183,1301.0311255965628,37.50322104370192,127.02503873135461,,,,timeout
dyn_pax_724,1336.0,2026-09-07 09:22:16,494824662#3,restaurant|subway_entrance,company,729.424850252167,406.6843378518681,37.49522941823122,127.02913698209235,,,,timeout
dyn_pax_725,1337.0,2026-09-07 09:22:17,417933642#0,restaurant|bus_stop,company,1041.0954363710525,463.30841921497654,37.49579826441859,127.03264736696761,,,,timeout
dyn_pax_726,1338.0,2026-09-07 09:22:18,521766175#3,company|restaurant|subway_entrance|bus_stop,company,373.6701172395771,1298.610217621072,37.50319695740621,127.02490310718325,,,,timeout
dyn_pax_727,1340.0,2026-09-07 09:22:20,521766180#1,company|restaurant|bus_stop,company,466.73410130235357,1169.2838037446552,37.502049542882666,127.02598608796039,1815.0,475.0,taxi_respawn_3,picked
dyn_pax_728,1341.0,2026-09-07 09:22:21,375049565#6,restaurant|subway_entrance|bus_stop,company,789.5153251748014,798.8522330112556,37.49877353199428,127.02972351946808,1812.0,471.0,taxi_14,picked
dyn_pax_729,1343.0,2026-09-07 09:22:23,-506191135#22,residential|company|restaurant|bus_stop,company,38.693950105848444,1321.9513167019495,37.50334380565249,127.02110990869835,1807.0,464.0,taxi_6,picked
dyn_pax_730,1344.0,2026-09-07 09:22:24,494824662#3,restaurant|subway_entrance,company,729.424850252167,406.6843378518681,37.49522941823122,127.02913698209235,,,,timeout
dyn_pax_731,1345.0,2026-09-07 09:22:25,218873820#0,restaurant|subway_entrance|bus_stop,company,628.9829311132032,562.4061665928522,37.49661325243901,127.02796447999128,1825.0,480.0,taxi_respawn_49,picked
dyn_pax_732,1347.0,2026-09-07 09:22:27,-541692164#2,subway_entrance,company,317.7122087179151,1441.0296574375257,37.504469327730426,127.0242365566347,,,,timeout
dyn_pax_733,1348.0,2026-09-07 09:22:28,521766180#1,company|restaurant|bus_stop,company,466.73410130235357,1169.2838037446552,37.502049542882666,127.02598608796039,1824.0,476.0,taxi_12,picked
dyn_pax_734,1350.0,2026-09-07 09:22:30,375049565#6,restaurant|subway_entrance|bus_stop,company,789.5153251748014,798.8522330112556,37.49877353199428,127.02972351946808,1834.0,484.0,taxi_9,picked
dyn_pax_735,1351.0,2026-09-07 09:22:31,521766180#2,company|restaurant|subway_entrance,company,439.1682246573338,1248.125402422748,37.50275456053775,127.0256556898917,,,,timeout
dyn_pax_736,1353.0,2026-09-07 09:22:33,218873820#0,restaurant|subway_entrance|bus_stop,company,628.9829311132032,562.4061665928522,37.49661325243901,127.02796447999128,1819.0,466.0,taxi_respawn_30,picked
dyn_pax_737,1357.0,2026-09-07 09:22:37,521770116#2,company|restaurant|bus_stop,company,432.3182248087171,1108.514093563608,37.50149560521279,127.02561136613096,,,,timeout
dyn_pax_738,1358.0,2026-09-07 09:22:38,1376141184#0,bus_stop,company,643.3432253030496,578.0866055082481,37.49675721809014,127.02812312566316,,,,timeout
dyn_pax_739,1360.0,2026-09-07 09:22:40,521766175#1,company|restaurant|subway_entrance,company,332.9365590021661,1411.5585828157227,37.504206724109,127.02441570308932,,,,timeout
dyn_pax_740,1361.0,2026-09-07 09:22:41,521770116#2,company|restaurant|bus_stop,company,432.3182248087171,1108.514093563608,37.50149560521279,127.02561136613096,,,,timeout
dyn_pax_741,1364.0,2026-09-07 09:22:44,1117538957#3,restaurant|subway_entrance|bus_stop,company,465.5082521847807,644.8780924026132,37.49732530507706,127.02609663221197,,,,timeout
dyn_pax_742,1365.0,2026-09-07 09:22:45,521766175#3,company|restaurant|subway_entrance|bus_stop,company,373.6701172395771,1298.610217621072,37.50319695740621,127.02490310718325,,,,timeout
dyn_pax_743,1367.0,2026-09-07 09:22:47,-542367267#1,bus_stop,company,247.51018316686128,1414.7184918773391,37.504219024473855,127.02344900430944,,,,timeout
dyn_pax_744,1368.0,2026-09-07 09:22:48,-542367267#1,bus_stop,company,247.51018316686128,1414.7184918773391,37.504219024473855,127.02344900430944,,,,timeout
dyn_pax_745,1369.0,2026-09-07 09:22:49,520307304#0,school|subway_entrance|bus_stop,company,602.6035134310263,763.145495629718,37.498416594724866,127.02761864854104,1811.0,442.0,taxi_44,picked
dyn_pax_746,1371.0,2026-09-07 09:22:51,1117538957#3,restaurant|subway_entrance|bus_stop,company,465.5082521847807,644.8780924026132,37.49732530507706,127.02609663221197,,,,timeout
dyn_pax_747,1372.0,2026-09-07 09:22:52,1229817205#0,company|subway_entrance|bus_stop,company,599.2457558679199,652.2907550986157,37.497417346160496,127.02760695963683,,,,timeout
dyn_pax_748,1374.0,2026-09-07 09:22:54,375049565#6,restaurant|subway_entrance|bus_stop,company,789.5153251748014,798.8522330112556,37.49877353199428,127.02972351946808,,,,timeout
dyn_pax_749,1375.0,2026-09-07 09:22:55,305539406,company|restaurant|subway_entrance,company,566.389495917364,736.5285064605782,37.49816998085155,127.02721550408178,,,,timeout
dyn_pax_750,1377.0,2026-09-07 09:22:57,-506191135#22,residential|company|restaurant|bus_stop,company,38.693950105848444,1321.9513167019495,37.50334380565249,127.02110990869835,,,,timeout
dyn_pax_751,1377.0,2026-09-07 09:22:57,-129731857#2,restaurant,,875.7452923990509,884.8037873845144,37.499564075208866,127.03067814538078,,,,timeout
dyn_pax_752,1379.0,2026-09-07 09:22:59,1117538957#3,restaurant|subway_entrance|bus_stop,company,465.5082521847807,644.8780924026132,37.49732530507706,127.02609663221197,,,,timeout
dyn_pax_753,1380.0,2026-09-07 09:23:00,-129731858#1,restaurant,,779.3164249772793,838.8541978668718,37.49913195860003,127.0295987323456,,,,timeout
dyn_pax_754,1381.0,2026-09-07 09:23:01,521770116#2,company|restaurant|bus_stop,company,432.3182248087171,1108.514093563608,37.50149560521279,127.02561136613096,,,,timeout
dyn_pax_755,1382.0,2026-09-07 09:23:02,521770119#1,restaurant|bus_stop,company,527.3115514435282,995.8620162900467,37.50049875494786,127.02671217090477,,,,timeout
dyn_pax_756,1382.0,2026-09-07 09:23:02,417750337#3,restaurant,,561.9223834850405,1183.7905002369655,37.50219821136863,127.02705894855978,,,,timeout
dyn_pax_757,1383.0,2026-09-07 09:23:03,1229817205#0,company|subway_entrance|bus_stop,,599.2457558679199,652.2907550986157,37.497417346160496,127.02760695963683,,,,timeout
dyn_pax_758,1384.0,2026-09-07 09:23:04,218873820#1,restaurant|bus_stop,company,647.4058653861567,510.6179408698636,37.49615020572141,127.02818504540632,,,,timeout
dyn_pax_759,1386.0,2026-09-07 09:23:06,1229817205#1,residential|bus_stop,company,631.6400080768872,572.7061575261558,37.49670653972221,127.02799208080955,,,,timeout
dyn_pax_760,1388.0,2026-09-07 09:23:08,-417933645#2,company|restaurant|subway_entrance,company,701.1658676593129,719.5455833044954,37.49804244093877,127.02874337560036,,,,timeout
dyn_pax_761,1389.0,2026-09-07 09:23:09,1229817205#1,residential|bus_stop,company,631.6400080768872,572.7061575261558,37.49670653972221,127.02799208080955,,,,timeout
dyn_pax_762,1391.0,2026-09-07 09:23:11,218857636#1,residential|company|restaurant|bus_stop,company,297.92905089287035,623.2061345250047,37.49709839153085,127.02420706961871,,,,timeout
dyn_pax_763,1391.0,2026-09-07 09:23:11,-379463134#6,restaurant,,651.5506250710082,1319.679135788758,37.50343926652266,127.02804017641046,,,,timeout
dyn_pax_764,1392.0,2026-09-07 09:23:12,1376141182#0,bus_stop,company,385.7154046370183,1301.0311255965628,37.50322104370192,127.02503873135461,,,,timeout
dyn_pax_765,1392.0,2026-09-07 09:23:12,417933645#2,residential|company|restaurant,,757.7944798520502,568.4010952306102,37.496691568512986,127.02941943794849,1889.0,497.0,taxi_49,picked
dyn_pax_766,1393.0,2026-09-07 09:23:13,218864491#0,restaurant|bus_stop,company,769.9803916976219,760.1217113917903,37.49842094941813,127.02951181742357,1880.0,487.0,taxi_respawn_27,picked
dyn_pax_767,1393.0,2026-09-07 09:23:13,-129731857#2,restaurant,,875.7452923990509,884.8037873845144,37.499564075208866,127.03067814538078,1875.0,482.0,taxi_48,picked
dyn_pax_768,1393.0,2026-09-07 09:23:13,305539406,company|restaurant|subway_entrance,,566.389495917364,736.5285064605782,37.49816998085155,127.02721550408178,1884.0,491.0,taxi_respawn_12,picked
dyn_pax_769,1395.0,2026-09-07 09:23:15,218873820#0,restaurant|subway_entrance|bus_stop,company,628.9829311132032,562.4061665928522,37.49661325243901,127.02796447999128,,,,timeout
dyn_pax_770,1395.0,2026-09-07 09:23:15,521766175#1,company|restaurant|subway_entrance,,332.9365590021661,1411.5585828157227,37.504206724109,127.02441570308932,,,,timeout
dyn_pax_771,1396.0,2026-09-07 09:23:16,1117538957#3,restaurant|subway_entrance|bus_stop,company,465.5082521847807,644.8780924026132,37.49732530507706,127.02609663221197,,,,timeout
dyn_pax_772,1396.0,2026-09-07 09:23:16,542367267#1,company|restaurant,,199.26981683313872,1381.121508122661,37.50390724154084,127.02291151664822,,,,timeout
dyn_pax_773,1398.0,2026-09-07 09:23:18,-506191135#22,residential|company|restaurant|bus_stop,company,38.693950105848444,1321.9513167019495,37.50334380565249,127.02110990869835,,,,timeout
dyn_pax_774,1399.0,2026-09-07 09:23:19,1376141183#0,bus_stop,company,548.2528111146681,901.2117688498424,37.49965007283687,127.02697139402301,1881.0,482.0,taxi_respawn_38,picked
dyn_pax_775,1401.0,2026-09-07 09:23:21,1229817205#0,company|subway_entrance|bus_stop,company,599.2457558679199,652.2907550986157,37.497417346160496,127.02760695963683,1872.0,471.0,taxi_5,picked
dyn_pax_776,1402.0,2026-09-07 09:23:22,521766175#3,company|restaurant|subway_entrance|bus_stop,company,373.6701172395771,1298.610217621072,37.50319695740621,127.02490310718325,,,,timeout
dyn_pax_777,1403.0,2026-09-07 09:23:23,1117538958#3,bus_stop,company,160.18899290588462,540.6019911995099,37.49632820280781,127.02266936696756,,,,timeout
dyn_pax_778,1403.0,2026-09-07 09:23:23,504512001,restaurant,,488.2111633916996,684.0143948730154,37.497682147346794,127.02634403725544,,,,timeout
dyn_pax_779,1405.0,2026-09-07 09:23:25,178441450#1,residential|company|restaurant|bus_stop,company,282.90243066757296,609.4157395563556,37.496971320837204,127.02404044855805,,,,timeout
dyn_pax_780,1406.0,2026-09-07 09:23:26,129731859#6,restaurant,,984.8051641629477,982.1134039896856,37.50046123095764,127.0318882391282,1906.0,500.0,taxi_respawn_15,picked
dyn_pax_781,1408.0,2026-09-07 09:23:28,1229817205#0,company|subway_entrance|bus_stop,company,599.2457558679199,652.2907550986157,37.497417346160496,127.02760695963683,,,,timeout
dyn_pax_782,1410.0,2026-09-07 09:23:30,521770119#0,restaurant|bus_stop,company,548.9831206778387,935.1148840516827,37.4999556205417,127.02697161236954,,,,timeout
dyn_pax_783,1411.0,2026-09-07 09:23:31,520307304#0,school|subway_entrance|bus_stop,,602.6035134310263,763.145495629718,37.498416594724866,127.02761864854104,,,,timeout
dyn_pax_784,1412.0,2026-09-07 09:23:32,521766175#3,company|restaurant|subway_entrance|bus_stop,company,373.6701172395771,1298.610217621072,37.50319695740621,127.02490310718325,,,,timeout
dyn_pax_785,1412.0,2026-09-07 09:23:32,129731859#1,restaurant,,770.318180095484,905.1374216517651,37.499727361620906,127.02948129560598,,,,timeout
dyn_pax_786,1413.0,2026-09-07 09:23:33,506191135#3,residential|company|restaurant|bus_stop,company,238.79972345576414,789.4714057742513,37.49858497042428,127.023499044737,,,,timeout
dyn_pax_787,1415.0,2026-09-07 09:23:35,1376141183#0,bus_stop,company,548.2528111146681,901.2117688498424,37.49965007283687,127.02697139402301,,,,timeout
dyn_pax_788,1416.0,2026-09-07 09:23:36,375049565#6,restaurant|subway_entrance|bus_stop,company,789.5153251748014,798.8522330112556,37.49877353199428,127.02972351946808,,,,timeout
dyn_pax_789,1417.0,2026-09-07 09:23:37,218877837#2,company|restaurant|bus_stop,company,479.4555212141038,978.0213907550284,37.500328997763305,127.02617530290202,,,,timeout
dyn_pax_790,1418.0,2026-09-07 09:23:38,218877837#2,company|restaurant|bus_stop,,479.4555212141038,978.0213907550284,37.500328997763305,127.02617530290202,,,,timeout
dyn_pax_791,1422.0,2026-09-07 09:23:42,375049565#6,restaurant|subway_entrance|bus_stop,company,789.5153251748014,798.8522330112556,37.49877353199428,127.02972351946808,,,,timeout
dyn_pax_792,1423.0,2026-09-07 09:23:43,-504509918#2,company|restaurant|bus_stop,company,398.9694242295193,827.4758220967593,37.49895762305832,127.02530099003066,,,,timeout
dyn_pax_793,1424.0,2026-09-07 09:23:44,218877837#2,company|restaurant|bus_stop,,479.4555212141038,978.0213907550284,37.500328997763305,127.02617530290202,,,,timeout
dyn_pax_794,1425.0,2026-09-07 09:23:45,521770119#0,restaurant|bus_stop,company,548.9831206778387,935.1148840516827,37.4999556205417,127.02697161236954,,,,timeout
dyn_pax_795,1427.0,2026-09-07 09:23:47,521766175#1,company|restaurant|subway_entrance,company,332.9365590021661,1411.5585828157227,37.504206724109,127.02441570308932,,,,timeout
dyn_pax_796,1433.0,2026-09-07 09:23:53,218873820#0,restaurant|subway_entrance|bus_stop,company,628.9829311132032,562.4061665928522,37.49661325243901,127.02796447999128,,,,timeout
dyn_pax_797,1434.0,2026-09-07 09:23:54,541692164#1,subway_entrance,company,271.6277521231475,1406.6420105391767,37.5041508337347,127.02372362926798,,,,timeout
dyn_pax_798,1436.0,2026-09-07 09:23:56,375049565#6,restaurant|subway_entrance|bus_stop,company,789.5153251748014,798.8522330112556,37.49877353199428,127.02972351946808,1930.0,494.0,taxi_respawn_46,picked
dyn_pax_799,1437.0,2026-09-07 09:23:57,520307304#0,school|subway_entrance|bus_stop,company,602.6035134310263,763.145495629718,37.498416594724866,127.02761864854104,,,,timeout
dyn_pax_800,1439.0,2026-09-07 09:23:59,494824662#3,restaurant|subway_entrance,company,729.424850252167,406.6843378518681,37.49522941823122,127.02913698209235,,,,timeout
dyn_pax_801,1440.0,2026-09-07 09:24:00,520307304#0,school|subway_entrance|bus_stop,company,602.6035134310263,763.145495629718,37.498416594724866,127.02761864854104,,,,timeout
dyn_pax_802,1441.0,2026-09-07 09:24:01,218857636#1,residential|company|restaurant|bus_stop,company,297.92905089287035,623.2061345250047,37.49709839153085,127.02420706961871,1927.0,486.0,taxi_14,picked
dyn_pax_803,1443.0,2026-09-07 09:24:03,218873820#1,restaurant|bus_stop,company,647.4058653861567,510.6179408698636,37.49615020572141,127.02818504540632,,,,timeout
dyn_pax_804,1443.0,2026-09-07 09:24:03,379463130#0,restaurant,,544.1425087303844,1128.5419490598922,37.501697156429024,127.02687101205116,1932.0,489.0,taxi_1,picked
dyn_pax_805,1444.0,2026-09-07 09:24:04,521766175#3,company|restaurant|subway_entrance|bus_stop,company,373.6701172395771,1298.610217621072,37.50319695740621,127.02490310718325,1944.0,500.0,taxi_respawn_23,picked
dyn_pax_806,1444.0,2026-09-07 09:24:04,628232693#0,company|restaurant,,644.2623295929467,660.168099777976,37.49749680792099,127.0281140674837,1944.0,500.0,taxi_respawn_21,picked
dyn_pax_807,1446.0,2026-09-07 09:24:06,975332778#1,bus_stop,company,681.6099970732737,721.9380561808346,37.49806030190971,127.02852170075586,,,,timeout
dyn_pax_808,1447.0,2026-09-07 09:24:07,521766175#1,company|restaurant|subway_entrance,company,332.9365590021661,1411.5585828157227,37.504206724109,127.02441570308932,1947.0,500.0,taxi_39,picked
dyn_pax_809,1449.0,2026-09-07 09:24:09,521766175#1,company|restaurant|subway_entrance,company,332.9365590021661,1411.5585828157227,37.504206724109,127.02441570308932,1943.0,494.0,taxi_17,picked
dyn_pax_810,1450.0,2026-09-07 09:24:10,218873820#1,restaurant|bus_stop,company,647.4058653861567,510.6179408698636,37.49615020572141,127.02818504540632,,,,timeout
dyn_pax_811,1453.0,2026-09-07 09:24:13,178441450#1,residential|company|restaurant|bus_stop,company,282.90243066757296,609.4157395563556,37.496971320837204,127.02404044855805,1942.0,489.0,taxi_respawn_57,picked
dyn_pax_812,1454.0,2026-09-07 09:24:14,523141074#0,company|restaurant|subway_entrance,company,524.0338794858329,871.4890157117229,37.4993777454413,127.02670460634431,,,,timeout
dyn_pax_813,1456.0,2026-09-07 09:24:16,218873820#1,restaurant|bus_stop,company,647.4058653861567,510.6179408698636,37.49615020572141,127.02818504540632,,,,timeout
dyn_pax_814,1460.0,2026-09-07 09:24:20,975332778#1,bus_stop,company,681.6099970732737,721.9380561808346,37.49806030190971,127.02852170075586,,,,timeout
dyn_pax_815,1461.0,2026-09-07 09:24:21,1117538958#3,bus_stop,company,160.18899290588462,540.6019911995099,37.49632820280781,127.02266936696756,1927.0,466.0,taxi_respawn_48,picked
dyn_pax_816,1463.0,2026-09-07 09:24:23,1117538957#3,restaurant|subway_entrance|bus_stop,company,465.5082521847807,644.8780924026132,37.49732530507706,127.02609663221197,,,,timeout
dyn_pax_817,1464.0,2026-09-07 09:24:24,521766175#3,company|restaurant|subway_entrance|bus_stop,company,373.6701172395771,1298.610217621072,37.50319695740621,127.02490310718325,,,,timeout
dyn_pax_818,1464.0,2026-09-07 09:24:24,521766175#1,company|restaurant|subway_entrance,,332.9365590021661,1411.5585828157227,37.504206724109,127.02441570308932,,,,timeout
dyn_pax_819,1465.0,2026-09-07 09:24:25,-542367267#1,bus_stop,company,247.51018316686128,1414.7184918773391,37.504219024473855,127.02344900430944,,,,timeout
dyn_pax_820,1467.0,2026-09-07 09:24:27,178441450#1,residential|company|restaurant|bus_stop,company,282.90243066757296,609.4157395563556,37.496971320837204,127.02404044855805,1959.0,492.0,taxi_respawn_56,picked
dyn_pax_821,1468.0,2026-09-07 09:24:28,1229817205#0,company|subway_entrance|bus_stop,company,599.2457558679199,652.2907550986157,37.497417346160496,127.02760695963683,,,,timeout
dyn_pax_822,1470.0,2026-09-07 09:24:30,1376141183#0,bus_stop,company,548.2528111146681,901.2117688498424,37.49965007283687,127.02697139402301,1961.0,491.0,taxi_respawn_55,picked
dyn_pax_823,1473.0,2026-09-07 09:24:33,218873820#0,restaurant|subway_entrance|bus_stop,company,628.9829311132032,562.4061665928522,37.49661325243901,127.02796447999128,,,,timeout
dyn_pax_824,1475.0,2026-09-07 09:24:35,520307304#0,school|subway_entrance|bus_stop,company,602.6035134310263,763.145495629718,37.498416594724866,127.02761864854104,,,,timeout
dyn_pax_825,1478.0,2026-09-07 09:24:38,375049565#6,restaurant|subway_entrance|bus_stop,company,789.5153251748014,798.8522330112556,37.49877353199428,127.02972351946808,1960.0,482.0,taxi_38,picked
dyn_pax_826,1480.0,2026-09-07 09:24:40,218864491#0,restaurant|bus_stop,company,769.9803916976219,760.1217113917903,37.49842094941813,127.02951181742357,,,,timeout
dyn_pax_827,1480.0,2026-09-07 09:24:40,-129731834#1,residential,,78.2122165689223,720.9585140244731,37.49793738265588,127.02169964763026,1968.0,488.0,taxi_respawn_20,picked
dyn_pax_828,1482.0,2026-09-07 09:24:42,541692164#1,subway_entrance,company,271.6277521231475,1406.6420105391767,37.5041508337347,127.02372362926798,,,,timeout
dyn_pax_829,1484.0,2026-09-07 09:24:44,480850873,company|restaurant|bus_stop,company,548.1935052770749,708.5896639848544,37.49791486187584,127.0270163956136,,,,timeout
dyn_pax_830,1485.0,2026-09-07 09:24:45,417933642#0,restaurant|bus_stop,company,1041.0954363710525,463.30841921497654,37.49579826441859,127.03264736696761,1980.0,495.0,taxi_respawn_60,picked
dyn_pax_831,1487.0,2026-09-07 09:24:47,375049565#6,restaurant|subway_entrance|bus_stop,company,789.5153251748014,798.8522330112556,37.49877353199428,127.02972351946808,1971.0,484.0,taxi_25,picked
dyn_pax_832,1489.0,2026-09-07 09:24:49,-541692164#2,subway_entrance,company,317.7122087179151,1441.0296574375257,37.504469327730426,127.0242365566347,,,,timeout
dyn_pax_833,1490.0,2026-09-07 09:24:50,417750342#0,residential,,845.3624953099543,1340.16590884019,37.50366039527634,127.03022681464076,1962.0,472.0,taxi_42,picked
dyn_pax_834,1494.0,2026-09-07 09:24:54,494824662#3,restaurant|subway_entrance,company,729.424850252167,406.6843378518681,37.49522941823122,127.02913698209235,,,,timeout
dyn_pax_835,1495.0,2026-09-07 09:24:55,521766180#2,company|restaurant|subway_entrance,company,439.1682246573338,1248.125402422748,37.50275456053775,127.0256556898917,,,,timeout
dyn_pax_836,1496.0,2026-09-07 09:24:56,-417933646#1,residential|restaurant,,826.6019869456061,577.8075382253838,37.49678928421788,127.03019516859905,,,,timeout
dyn_pax_837,1497.0,2026-09-07 09:24:57,521766175#3,company|restaurant|subway_entrance|bus_stop,company,373.6701172395771,1298.610217621072,37.50319695740621,127.02490310718325,,,,timeout
dyn_pax_838,1498.0,2026-09-07 09:24:58,521766180#1,company|restaurant|bus_stop,company,466.73410130235357,1169.2838037446552,37.502049542882666,127.02598608796039,1950.0,452.0,taxi_respawn_16,picked
dyn_pax_839,1499.0,2026-09-07 09:24:59,521766175#3,company|restaurant|subway_entrance|bus_stop,company,373.6701172395771,1298.610217621072,37.50319695740621,127.02490310718325,,,,timeout
dyn_pax_840,1501.0,2026-09-07 09:25:01,375049565#6,restaurant|subway_entrance|bus_stop,company,789.5153251748014,798.8522330112556,37.49877353199428,127.02972351946808,1975.0,474.0,taxi_respawn_14,picked
dyn_pax_841,1501.0,2026-09-07 09:25:01,417750337#5,restaurant,,522.3387290339521,1126.7881672814829,37.50167723806998,127.02662489231146,1953.0,452.0,taxi_respawn_28,picked
dyn_pax_842,1502.0,2026-09-07 09:25:02,521766180#2,company|restaurant|subway_entrance,company,439.1682246573338,1248.125402422748,37.50275456053775,127.0256556898917,,,,timeout
dyn_pax_843,1504.0,2026-09-07 09:25:04,521766175#3,company|restaurant|subway_entrance|bus_stop,company,373.6701172395771,1298.610217621072,37.50319695740621,127.02490310718325,,,,timeout
dyn_pax_844,1508.0,2026-09-07 09:25:08,506191135#3,residential|company|restaurant|bus_stop,company,238.79972345576414,789.4714057742513,37.49858497042428,127.023499044737,,,,timeout
dyn_pax_845,1510.0,2026-09-07 09:25:10,117790041#0,restaurant,,413.90787044506357,1458.5096356977913,37.50464498763265,127.02532013264272,,,,timeout
dyn_pax_846,1511.0,2026-09-07 09:25:11,218873820#0,restaurant|subway_entrance|bus_stop,company,628.9829311132032,562.4061665928522,37.49661325243901,127.02796447999128,,,,timeout
dyn_pax_847,1512.0,2026-09-07 09:25:12,1376141182#0,bus_stop,company,385.7154046370183,1301.0311255965628,37.50322104370192,127.02503873135461,1998.0,486.0,taxi_19,picked
dyn_pax_848,1512.0,2026-09-07 09:25:12,-129731721#2,company|restaurant,,388.6558839574922,820.9778890483499,37.49889713764622,127.02518592115393,1992.0,480.0,taxi_respawn_4,picked
dyn_pax_849,1513.0,2026-09-07 09:25:13,521770119#0,restaurant|bus_stop,company,548.9831206778387,935.1148840516827,37.4999556205417,127.02697161236954,1990.0,477.0,taxi_13,picked
dyn_pax_850,1515.0,2026-09-07 09:25:15,218873820#0,restaurant|subway_entrance|bus_stop,company,628.9829311132032,562.4061665928522,37.49661325243901,127.02796447999128,1990.0,475.0,taxi_respawn_2,picked
dyn_pax_851,1515.0,2026-09-07 09:25:15,218877837#0,company,,455.71990885566936,1045.563527646426,37.50093295148158,127.02589090425857,2013.0,498.0,taxi_respawn_52,picked
dyn_pax_852,1518.0,2026-09-07 09:25:18,506191135#3,residential|company|restaurant|bus_stop,company,238.79972345576414,789.4714057742513,37.49858497042428,127.023499044737,2004.0,486.0,taxi_29,picked
dyn_pax_853,1519.0,2026-09-07 09:25:19,480850873,company|restaurant|bus_stop,company,548.1935052770749,708.5896639848544,37.49791486187584,127.0270163956136,,,,timeout
dyn_pax_854,1521.0,2026-09-07 09:25:21,417933642#0,restaurant|bus_stop,company,1041.0954363710525,463.30841921497654,37.49579826441859,127.03264736696761,,,,timeout
dyn_pax_855,1521.0,2026-09-07 09:25:21,-117790045#3,restaurant,,459.7597996777886,1476.3698694609513,37.50481454718326,127.02583436303603,,,,timeout
dyn_pax_856,1522.0,2026-09-07 09:25:22,-417933645#2,company|restaurant|subway_entrance,company,701.1658676593129,719.5455833044954,37.49804244093877,127.02874337560036,,,,timeout
dyn_pax_857,1525.0,2026-09-07 09:25:25,218877837#2,company|restaurant|bus_stop,company,479.4555212141038,978.0213907550284,37.500328997763305,127.02617530290202,,,,timeout
dyn_pax_858,1526.0,2026-09-07 09:25:26,305539406,company|restaurant|subway_entrance,company,566.389495917364,736.5285064605782,37.49816998085155,127.02721550408178,,,,timeout
dyn_pax_859,1528.0,2026-09-07 09:25:28,975332778#1,bus_stop,company,681.6099970732737,721.9380561808346,37.49806030190971,127.02852170075586,,,,timeout
dyn_pax_860,1529.0,2026-09-07 09:25:29,218864491#0,restaurant|bus_stop,company,769.9803916976219,760.1217113917903,37.49842094941813,127.02951181742357,2011.0,482.0,taxi_respawn_61,picked
dyn_pax_861,1530.0,2026-09-07 09:25:30,521770119#1,restaurant|bus_stop,company,527.3115514435282,995.8620162900467,37.50049875494786,127.02671217090477,,,,timeout
dyn_pax_862,1532.0,2026-09-07 09:25:32,375049565#6,restaurant|subway_entrance|bus_stop,company,789.5153251748014,798.8522330112556,37.49877353199428,127.02972351946808,,,,timeout
dyn_pax_863,1533.0,2026-09-07 09:25:33,494824662#3,restaurant|subway_entrance,,729.424850252167,406.6843378518681,37.49522941823122,127.02913698209235,,,,timeout
dyn_pax_864,1535.0,2026-09-07 09:25:35,521766182#1,company|restaurant|subway_entrance,company,681.695169875507,539.6867345716422,37.496418539503196,127.02856584056028,,,,timeout
dyn_pax_865,1536.0,2026-09-07 09:25:36,1376141183#0,bus_stop,company,548.2528111146681,901.2117688498424,37.49965007283687,127.02697139402301,,,,timeout
dyn_pax_866,1537.0,2026-09-07 09:25:37,521770119#0,restaurant|bus_stop,company,548.9831206778387,935.1148840516827,37.4999556205417,127.02697161236954,,,,timeout
dyn_pax_867,1537.0,2026-09-07 09:25:37,309155295#1,restaurant,,764.2225196982893,558.1760304781078,37.4966006705371,127.0294945363528,,,,timeout
dyn_pax_868,1538.0,2026-09-07 09:25:38,129731859#3,restaurant,,873.6090416568148,941.272009001338,37.50007235670303,127.03064062663523,,,,timeout
dyn_pax_869,1539.0,2026-09-07 09:25:39,523141074#0,company|restaurant|subway_entrance,company,524.0338794858329,871.4890157117229,37.4993777454413,127.02670460634431,,,,timeout
dyn_pax_870,1540.0,2026-09-07 09:25:40,520307304#0,school|subway_entrance|bus_stop,company,602.6035134310263,763.145495629718,37.498416594724866,127.02761864854104,,,,timeout
dyn_pax_871,1542.0,2026-09-07 09:25:42,129731857#2,company,,789.9847076009492,845.2662126154856,37.499191732762846,127.02971783662417,,,,timeout
dyn_pax_872,1543.0,2026-09-07 09:25:43,1117538957#3,restaurant|subway_entrance|bus_stop,company,465.5082521847807,644.8780924026132,37.49732530507706,127.02609663221197,,,,timeout
dyn_pax_873,1545.0,2026-09-07 09:25:45,218864491#0,restaurant|bus_stop,company,769.9803916976219,760.1217113917903,37.49842094941813,127.02951181742357,,,,timeout
dyn_pax_874,1546.0,2026-09-07 09:25:46,218877837#2,company|restaurant|bus_stop,company,479.4555212141038,978.0213907550284,37.500328997763305,127.02617530290202,,,,timeout
dyn_pax_875,1547.0,2026-09-07 09:25:47,-417933645#2,company|restaurant|subway_entrance,company,701.1658676593129,719.5455833044954,37.49804244093877,127.02874337560036,,,,timeout
dyn_pax_876,1547.0,2026-09-07 09:25:47,504227069,residential|restaurant,,587.1158993285404,291.7776336445087,37.4941674385472,127.02755526357365,,,,timeout
dyn_pax_877,1549.0,2026-09-07 09:25:49,305539406,company|restaurant|subway_entrance,company,566.389495917364,736.5285064605782,37.49816998085155,127.02721550408178,,,,timeout
dyn_pax_878,1550.0,2026-09-07 09:25:50,1117538957#3,restaurant|subway_entrance|bus_stop,company,465.5082521847807,644.8780924026132,37.49732530507706,127.02609663221197,,,,timeout
dyn_pax_879,1552.0,2026-09-07 09:25:52,-506191135#22,residential|company|restaurant|bus_stop,company,38.693950105848444,1321.9513167019495,37.50334380565249,127.02110990869835,,,,timeout
dyn_pax_880,1552.0,2026-09-07 09:25:52,542367267#1,company|restaurant,,199.26981683313872,1381.121508122661,37.50390724154084,127.02291151664822,,,,timeout
dyn_pax_881,1554.0,2026-09-07 09:25:54,305539406,company|restaurant|subway_entrance,company,566.389495917364,736.5285064605782,37.49816998085155,127.02721550408178,,,,timeout
dyn_pax_882,1556.0,2026-09-07 09:25:56,417933642#0,restaurant|bus_stop,company,1041.0954363710525,463.30841921497654,37.49579826441859,127.03264736696761,,,,timeout
dyn_pax_883,1556.0,2026-09-07 09:25:56,-417933645#2,company|restaurant|subway_entrance,,701.1658676593129,719.5455833044954,37.49804244093877,127.02874337560036,,,,timeout
dyn_pax_884,1557.0,2026-09-07 09:25:57,521770119#0,restaurant|bus_stop,company,548.9831206778387,935.1148840516827,37.4999556205417,127.02697161236954,,,,timeout
dyn_pax_885,1557.0,2026-09-07 09:25:57,129733424#1,restaurant,,625.7652907028337,1027.567371479777,37.50080296382065,127.02781785674841,,,,timeout
dyn_pax_886,1561.0,2026-09-07 09:26:01,521766175#3,company|restaurant|subway_entrance|bus_stop,company,373.6701172395771,1298.610217621072,37.50319695740621,127.02490310718325,,,,timeout
dyn_pax_887,1561.0,2026-09-07 09:26:01,-913950883#1,residential|company|restaurant,,391.36286393582424,840.6655979518604,37.49907500229157,127.0252118555046,,,,timeout
dyn_pax_888,1564.0,2026-09-07 09:26:04,520307304#0,school|subway_entrance|bus_stop,company,602.6035134310263,763.145495629718,37.498416594724866,127.02761864854104,,,,timeout
dyn_pax_889,1565.0,2026-09-07 09:26:05,-117790045#1,restaurant,,534.0975884889299,1266.9858058167179,37.50294240286528,127.02672459950128,2061.0,496.0,taxi_respawn_5,picked
dyn_pax_890,1565.0,2026-09-07 09:26:05,-1011529829#3,residential|restaurant,,246.84006179949273,776.1178104815556,37.49846619888778,127.02359312469504,2061.0,496.0,taxi_respawn_51,picked
dyn_pax_891,1566.0,2026-09-07 09:26:06,1229817205#1,residential|bus_stop,company,631.6400080768872,572.7061575261558,37.49670653972221,127.02799208080955,,,,timeout
dyn_pax_892,1567.0,2026-09-07 09:26:07,521766175#3,company|restaurant|subway_entrance|bus_stop,company,373.6701172395771,1298.610217621072,37.50319695740621,127.02490310718325,,,,timeout
dyn_pax_893,1568.0,2026-09-07 09:26:08,218873820#1,restaurant|bus_stop,,647.4058653861567,510.6179408698636,37.49615020572141,127.02818504540632,,,,timeout
dyn_pax_894,1570.0,2026-09-07 09:26:10,1229817205#1,residential|bus_stop,company,631.6400080768872,572.7061575261558,37.49670653972221,127.02799208080955,,,,timeout
dyn_pax_895,1570.0,2026-09-07 09:26:10,521766182#1,company|restaurant|subway_entrance,,681.695169875507,539.6867345716422,37.496418539503196,127.02856584056028,,,,timeout
dyn_pax_896,1573.0,2026-09-07 09:26:13,375049565#6,restaurant|subway_entrance|bus_stop,company,789.5153251748014,798.8522330112556,37.49877353199428,127.02972351946808,2058.0,485.0,taxi_respawn_19,picked
dyn_pax_897,1576.0,2026-09-07 09:26:16,541692164#1,subway_entrance,company,271.6277521231475,1406.6420105391767,37.5041508337347,127.02372362926798,,,,timeout
dyn_pax_898,1580.0,2026-09-07 09:26:20,521766180#1,company|restaurant|bus_stop,company,466.73410130235357,1169.2838037446552,37.502049542882666,127.02598608796039,,,,timeout
dyn_pax_899,1581.0,2026-09-07 09:26:21,218877837#2,company|restaurant|bus_stop,company,479.4555212141038,978.0213907550284,37.500328997763305,127.02617530290202,2056.0,475.0,taxi_respawn_32,picked
dyn_pax_900,1581.0,2026-09-07 09:26:21,129731857#1,residential|restaurant,,656.8212873140518,799.6615847813327,37.498755780674834,127.02822301071001,2074.0,493.0,taxi_31,picked
dyn_pax_901,1584.0,2026-09-07 09:26:24,218877837#2,company|restaurant|bus_stop,company,479.4555212141038,978.0213907550284,37.500328997763305,127.02617530290202,,,,timeout
dyn_pax_902,1585.0,2026-09-07 09:26:25,506191135#3,residential|company|restaurant|bus_stop,company,238.79972345576414,789.4714057742513,37.49858497042428,127.023499044737,,,,timeout
dyn_pax_903,1587.0,2026-09-07 09:26:27,521766175#3,company|restaurant|subway_entrance|bus_stop,company,373.6701172395771,1298.610217621072,37.50319695740621,127.02490310718325,,,,timeout
dyn_pax_904,1588.0,2026-09-07 09:26:28,1376141182#0,bus_stop,company,385.7154046370183,1301.0311255965628,37.50322104370192,127.02503873135461,,,,timeout
dyn_pax_905,1590.0,2026-09-07 09:26:30,521766180#2,company|restaurant|subway_entrance,company,439.1682246573338,1248.125402422748,37.50275456053775,127.0256556898917,,,,timeout
dyn_pax_906,1591.0,2026-09-07 09:26:31,305539406,company|restaurant|subway_entrance,company,566.389495917364,736.5285064605782,37.49816998085155,127.02721550408178,,,,timeout
dyn_pax_907,1594.0,2026-09-07 09:26:34,-504227067#3,restaurant,,527.7289520354611,471.5483450335965,37.495775653483,127.02684121970124,,,,timeout
dyn_pax_908,1595.0,2026-09-07 09:26:35,-542367267#1,bus_stop,company,247.51018316686128,1414.7184918773391,37.504219024473855,127.02344900430944,,,,timeout
dyn_pax_909,1597.0,2026-09-07 09:26:37,494824662#3,restaurant|subway_entrance,company,729.424850252167,406.6843378518681,37.49522941823122,127.02913698209235,2090.0,493.0,taxi_9,picked
dyn_pax_910,1601.0,2026-09-07 09:26:41,521766180#2,company|restaurant|subway_entrance,company,439.1682246573338,1248.125402422748,37.50275456053775,127.0256556898917,2076.0,475.0,taxi_respawn_63,picked
dyn_pax_911,1604.0,2026-09-07 09:26:44,1117538958#3,bus_stop,company,160.18899290588462,540.6019911995099,37.49632820280781,127.02266936696756,,,,timeout
dyn_pax_912,1607.0,2026-09-07 09:26:47,1117538957#3,restaurant|subway_entrance|bus_stop,company,465.5082521847807,644.8780924026132,37.49732530507706,127.02609663221197,,,,timeout
dyn_pax_913,1607.0,2026-09-07 09:26:47,117823785#0,company|restaurant,,1360.8740206736493,851.0492627492013,37.499351351792384,127.0361713398344,,,,timeout
dyn_pax_914,1609.0,2026-09-07 09:26:49,-506191135#22,residential|company|restaurant|bus_stop,company,38.693950105848444,1321.9513167019495,37.50334380565249,127.02110990869835,,,,timeout
dyn_pax_915,1612.0,2026-09-07 09:26:52,-506191135#22,residential|company|restaurant|bus_stop,company,38.693950105848444,1321.9513167019495,37.50334380565249,127.02110990869835,,,,timeout
dyn_pax_916,1612.0,2026-09-07 09:26:52,-379232133,restaurant,,887.8909311741835,528.8139035551092,37.496359489964284,127.03089971288236,,,,timeout
dyn_pax_917,1614.0,2026-09-07 09:26:54,-542367267#1,bus_stop,company,247.51018316686128,1414.7184918773391,37.504219024473855,127.02344900430944,2114.0,500.0,taxi_respawn_59,picked
dyn_pax_918,1617.0,2026-09-07 09:26:57,1376141183#0,bus_stop,company,548.2528111146681,901.2117688498424,37.49965007283687,127.02697139402301,,,,timeout
dyn_pax_919,1618.0,2026-09-07 09:26:58,1229817205#0,company|subway_entrance|bus_stop,company,599.2457558679199,652.2907550986157,37.497417346160496,127.02760695963683,,,,timeout
dyn_pax_920,1618.0,2026-09-07 09:26:58,-379463130#1,restaurant,,595.1104652489141,1131.7345077296688,37.50173554422087,127.02744655088388,2117.0,499.0,taxi_respawn_11,picked
dyn_pax_921,1619.0,2026-09-07 09:26:59,178441450#1,residential|company|restaurant|bus_stop,company,282.90243066757296,609.4157395563556,37.496971320837204,127.02404044855805,,,,timeout
dyn_pax_922,1626.0,2026-09-07 09:27:06,480850873,company|restaurant|bus_stop,company,548.1935052770749,708.5896639848544,37.49791486187584,127.0270163956136,,,,timeout
dyn_pax_923,1626.0,2026-09-07 09:27:06,-117790045#0,restaurant,,544.8147652988505,1238.053441474183,37.50268379633789,127.0268526423962,2123.0,497.0,taxi_15,picked
dyn_pax_924,1628.0,2026-09-07 09:27:08,-542367267#1,bus_stop,company,247.51018316686128,1414.7184918773391,37.504219024473855,127.02344900430944,,,,timeout
dyn_pax_925,1629.0,2026-09-07 09:27:09,-417750337#6,restaurant,,503.6615133291097,1089.1021319971503,37.50133422142063,127.0264226479345,,,,timeout
dyn_pax_926,1631.0,2026-09-07 09:27:11,506191135#3,residential|company|restaurant|bus_stop,company,238.79972345576414,789.4714057742513,37.49858497042428,127.023499044737,2130.0,499.0,taxi_respawn_35,picked
dyn_pax_927,1633.0,2026-09-07 09:27:13,218873820#0,restaurant|subway_entrance|bus_stop,company,628.9829311132032,562.4061665928522,37.49661325243901,127.02796447999128,,,,timeout
dyn_pax_928,1635.0,2026-09-07 09:27:15,-542367267#1,bus_stop,company,247.51018316686128,1414.7184918773391,37.504219024473855,127.02344900430944,,,,timeout
dyn_pax_929,1636.0,2026-09-07 09:27:16,178441450#1,residential|company|restaurant|bus_stop,company,282.90243066757296,609.4157395563556,37.496971320837204,127.02404044855805,2126.0,490.0,taxi_respawn_34,picked
dyn_pax_930,1638.0,2026-09-07 09:27:18,1117538957#3,restaurant|subway_entrance|bus_stop,company,465.5082521847807,644.8780924026132,37.49732530507706,127.02609663221197,2109.0,471.0,taxi_respawn_23,picked
dyn_pax_931,1639.0,2026-09-07 09:27:19,417731530,company|restaurant,,191.66975375905443,1429.5779711342507,37.5043423120142,127.02281406437154,2138.0,499.0,taxi_39,picked
dyn_pax_932,1641.0,2026-09-07 09:27:21,506191135#3,residential|company|restaurant|bus_stop,company,238.79972345576414,789.4714057742513,37.49858497042428,127.023499044737,2136.0,495.0,taxi_respawn_53,picked
dyn_pax_933,1642.0,2026-09-07 09:27:22,480850873,company|restaurant|bus_stop,company,548.1935052770749,708.5896639848544,37.49791486187584,127.0270163956136,,,,timeout
dyn_pax_934,1642.0,2026-09-07 09:27:22,520307304#0,school|subway_entrance|bus_stop,,602.6035134310263,763.145495629718,37.498416594724866,127.02761864854104,,,,timeout
dyn_pax_935,1643.0,2026-09-07 09:27:23,-504509918#2,company|restaurant|bus_stop,company,398.9694242295193,827.4758220967593,37.49895762305832,127.02530099003066,,,,timeout
dyn_pax_936,1645.0,2026-09-07 09:27:25,520307304#0,school|subway_entrance|bus_stop,company,602.6035134310263,763.145495629718,37.498416594724866,127.02761864854104,2127.0,482.0,taxi_0,picked
dyn_pax_937,1646.0,2026-09-07 09:27:26,521766180#2,company|restaurant|subway_entrance,company,439.1682246573338,1248.125402422748,37.50275456053775,127.0256556898917,,,,timeout
dyn_pax_938,1649.0,2026-09-07 09:27:29,-417933645#2,company|restaurant|subway_entrance,company,701.1658676593129,719.5455833044954,37.49804244093877,127.02874337560036,,,,timeout
dyn_pax_939,1650.0,2026-09-07 09:27:30,305539406,company|restaurant|subway_entrance,company,566.389495917364,736.5285064605782,37.49816998085155,127.02721550408178,2135.0,485.0,taxi_respawn_36,picked
dyn_pax_940,1651.0,2026-09-07 09:27:31,239954074#0,company|restaurant,,429.7181373520864,1403.414988136971,37.50415166837821,127.02551198233628,,,,timeout
dyn_pax_941,1653.0,2026-09-07 09:27:33,218873820#0,restaurant|subway_entrance|bus_stop,company,628.9829311132032,562.4061665928522,37.49661325243901,127.02796447999128,,,,timeout
dyn_pax_942,1653.0,2026-09-07 09:27:33,-506191135#22,residential|company|restaurant|bus_stop,,38.693950105848444,1321.9513167019495,37.50334380565249,127.02110990869835,,,,timeout
dyn_pax_943,1656.0,2026-09-07 09:27:36,521770119#0,restaurant|bus_stop,company,548.9831206778387,935.1148840516827,37.4999556205417,127.02697161236954,2138.0,482.0,taxi_respawn_44,picked
dyn_pax_944,1657.0,2026-09-07 09:27:37,521766180#2,company|restaurant|subway_entrance,company,439.1682246573338,1248.125402422748,37.50275456053775,127.0256556898917,,,,timeout
dyn_pax_945,1659.0,2026-09-07 09:27:39,375049565#6,restaurant|subway_entrance|bus_stop,company,789.5153251748014,798.8522330112556,37.49877353199428,127.02972351946808,2118.0,459.0,taxi_respawn_62,picked
dyn_pax_946,1661.0,2026-09-07 09:27:41,218857636#1,residential|company|restaurant|bus_stop,,297.92905089287035,623.2061345250047,37.49709839153085,127.02420706961871,,,,timeout
dyn_pax_947,1662.0,2026-09-07 09:27:42,521770119#1,restaurant|bus_stop,company,527.3115514435282,995.8620162900467,37.50049875494786,127.02671217090477,2122.0,460.0,taxi_5,picked
dyn_pax_948,1666.0,2026-09-07 09:27:46,521766180#1,company|restaurant|bus_stop,company,466.73410130235357,1169.2838037446552,37.502049542882666,127.02598608796039,2148.0,482.0,taxi_42,picked
dyn_pax_949,1667.0,2026-09-07 09:27:47,218857636#1,residential|company|restaurant|bus_stop,company,297.92905089287035,623.2061345250047,37.49709839153085,127.02420706961871,2125.0,458.0,taxi_respawn_41,picked
dyn_pax_950,1669.0,2026-09-07 09:27:49,520307304#0,school|subway_entrance|bus_stop,company,602.6035134310263,763.145495629718,37.498416594724866,127.02761864854104,,,,timeout
dyn_pax_951,1670.0,2026-09-07 09:27:50,1376141183#0,bus_stop,company,548.2528111146681,901.2117688498424,37.49965007283687,127.02697139402301,2153.0,483.0,taxi_respawn_27,picked
dyn_pax_952,1671.0,2026-09-07 09:27:51,239954074#0,company|restaurant,,429.7181373520864,1403.414988136971,37.50415166837821,127.02551198233628,,,,timeout
dyn_pax_953,1672.0,2026-09-07 09:27:52,1117538958#3,bus_stop,company,160.18899290588462,540.6019911995099,37.49632820280781,127.02266936696756,2134.0,462.0,taxi_respawn_65,picked
dyn_pax_954,1673.0,2026-09-07 09:27:53,417933642#0,restaurant|bus_stop,company,1041.0954363710525,463.30841921497654,37.49579826441859,127.03264736696761,,,,timeout
dyn_pax_955,1674.0,2026-09-07 09:27:54,375049565#6,restaurant|subway_entrance|bus_stop,company,789.5153251748014,798.8522330112556,37.49877353199428,127.02972351946808,,,,timeout
dyn_pax_956,1676.0,2026-09-07 09:27:56,521766182#1,company|restaurant|subway_entrance,company,681.695169875507,539.6867345716422,37.496418539503196,127.02856584056028,,,,timeout
dyn_pax_957,1677.0,2026-09-07 09:27:57,218873820#0,restaurant|subway_entrance|bus_stop,company,628.9829311132032,562.4061665928522,37.49661325243901,127.02796447999128,,,,timeout
dyn_pax_958,1678.0,2026-09-07 09:27:58,-417750337#4,restaurant,,542.6552277079157,1139.0745154802132,37.5017917560025,127.02685169754334,,,,timeout
dyn_pax_959,1679.0,2026-09-07 09:27:59,-504509918#2,company|restaurant|bus_stop,company,398.9694242295193,827.4758220967593,37.49895762305832,127.02530099003066,2170.0,491.0,taxi_46,picked
dyn_pax_960,1680.0,2026-09-07 09:28:00,-542367267#1,bus_stop,company,247.51018316686128,1414.7184918773391,37.504219024473855,127.02344900430944,,,,timeout
dyn_pax_961,1681.0,2026-09-07 09:28:01,218857636#1,residential|company|restaurant|bus_stop,company,297.92905089287035,623.2061345250047,37.49709839153085,127.02420706961871,,,,timeout
dyn_pax_962,1683.0,2026-09-07 09:28:03,-417933645#2,company|restaurant|subway_entrance,company,701.1658676593129,719.5455833044954,37.49804244093877,127.02874337560036,,,,timeout
dyn_pax_963,1684.0,2026-09-07 09:28:04,521766180#3,company|subway_entrance,company,386.1025100472621,1391.5483758557143,37.504036522784034,127.0250216210457,,,,timeout
dyn_pax_964,1686.0,2026-09-07 09:28:06,1229817205#0,company|subway_entrance|bus_stop,company,599.2457558679199,652.2907550986157,37.497417346160496,127.02760695963683,2178.0,492.0,taxi_respawn_15,picked
dyn_pax_965,1687.0,2026-09-07 09:28:07,1229817205#0,company|subway_entrance|bus_stop,company,599.2457558679199,652.2907550986157,37.497417346160496,127.02760695963683,,,,timeout
dyn_pax_966,1689.0,2026-09-07 09:28:09,1117538958#3,bus_stop,company,160.18899290588462,540.6019911995099,37.49632820280781,127.02266936696756,,,,timeout
dyn_pax_967,1690.0,2026-09-07 09:28:10,218857636#1,residential|company|restaurant|bus_stop,company,297.92905089287035,623.2061345250047,37.49709839153085,127.02420706961871,,,,timeout
dyn_pax_968,1693.0,2026-09-07 09:28:13,1117538957#3,restaurant|subway_entrance|bus_stop,company,465.5082521847807,644.8780924026132,37.49732530507706,127.02609663221197,2183.0,490.0,taxi_43,picked
dyn_pax_969,1694.0,2026-09-07 09:28:14,218873820#1,restaurant|bus_stop,company,647.4058653861567,510.6179408698636,37.49615020572141,127.02818504540632,,,,timeout
dyn_pax_970,1696.0,2026-09-07 09:28:16,218873820#0,restaurant|subway_entrance|bus_stop,company,628.9829311132032,562.4061665928522,37.49661325243901,127.02796447999128,2181.0,485.0,taxi_33,picked
dyn_pax_971,1697.0,2026-09-07 09:28:17,417933646#2,residential|restaurant,,830.3119525357222,594.5819430897021,37.496941093289735,127.0302331440542,2179.0,482.0,taxi_respawn_21,picked
dyn_pax_972,1698.0,2026-09-07 09:28:18,417933642#0,restaurant|bus_stop,company,1041.0954363710525,463.30841921497654,37.49579826441859,127.03264736696761,,,,timeout
dyn_pax_973,1699.0,2026-09-07 09:28:19,218857636#1,residential|company|restaurant|bus_stop,,297.92905089287035,623.2061345250047,37.49709839153085,127.02420706961871,,,,timeout
dyn_pax_974,1701.0,2026-09-07 09:28:21,1117538957#3,restaurant|subway_entrance|bus_stop,,465.5082521847807,644.8780924026132,37.49732530507706,127.02609663221197,,,,timeout
dyn_pax_975,1703.0,2026-09-07 09:28:23,-541692164#2,subway_entrance,company,317.7122087179151,1441.0296574375257,37.504469327730426,127.0242365566347,2178.0,475.0,taxi_respawn_49,picked
dyn_pax_976,1704.0,2026-09-07 09:28:24,1229817205#1,residential|bus_stop,company,631.6400080768872,572.7061575261558,37.49670653972221,127.02799208080955,,,,timeout
dyn_pax_977,1705.0,2026-09-07 09:28:25,-1056882877#5,company|restaurant,,302.41102899925136,583.0415396467946,37.496737424712585,127.0242672800979,,,,timeout
dyn_pax_978,1708.0,2026-09-07 09:28:28,218873820#0,restaurant|subway_entrance|bus_stop,company,628.9829311132032,562.4061665928522,37.49661325243901,127.02796447999128,,,,timeout
dyn_pax_979,1711.0,2026-09-07 09:28:31,506191135#3,residential|company|restaurant|bus_stop,company,238.79972345576414,789.4714057742513,37.49858497042428,127.023499044737,2206.0,495.0,taxi_14,picked
dyn_pax_980,1713.0,2026-09-07 09:28:33,1229817205#0,company|subway_entrance|bus_stop,company,599.2457558679199,652.2907550986157,37.497417346160496,127.02760695963683,2209.0,496.0,taxi_8,picked
dyn_pax_981,1714.0,2026-09-07 09:28:34,417933642#0,restaurant|bus_stop,company,1041.0954363710525,463.30841921497654,37.49579826441859,127.03264736696761,2210.0,496.0,taxi_respawn_58,picked
dyn_pax_982,1715.0,2026-09-07 09:28:35,521770119#0,restaurant|bus_stop,company,548.9831206778387,935.1148840516827,37.4999556205417,127.02697161236954,2198.0,483.0,taxi_47,picked
dyn_pax_983,1717.0,2026-09-07 09:28:37,521770119#0,restaurant|bus_stop,company,548.9831206778387,935.1148840516827,37.4999556205417,127.02697161236954,2216.0,499.0,taxi_respawn_30,picked
dyn_pax_984,1718.0,2026-09-07 09:28:38,-129731717#1,residential|company|restaurant,,188.433090102474,1374.3511058470413,37.503844200149025,127.0227905913032,2180.0,462.0,taxi_29,picked
dyn_pax_985,1722.0,2026-09-07 09:28:42,494824662#3,restaurant|subway_entrance,company,729.424850252167,406.6843378518681,37.49522941823122,127.02913698209235,,,,timeout
dyn_pax_986,1723.0,2026-09-07 09:28:43,-117790051#4,restaurant,,448.3479635094145,1379.7889979949318,37.50394236073408,127.02572824341395,2208.0,485.0,taxi_respawn_12,picked
dyn_pax_987,1724.0,2026-09-07 09:28:44,1229817205#1,residential|bus_stop,company,631.6400080768872,572.7061575261558,37.49670653972221,127.02799208080955,,,,timeout
dyn_pax_988,1725.0,2026-09-07 09:28:45,521770119#1,restaurant|bus_stop,company,527.3115514435282,995.8620162900467,37.50049875494786,127.02671217090477,2208.0,483.0,taxi_48,picked
dyn_pax_989,1725.0,2026-09-07 09:28:45,218864491#0,restaurant|bus_stop,,769.9803916976219,760.1217113917903,37.49842094941813,127.02951181742357,,,,timeout
dyn_pax_990,1727.0,2026-09-07 09:28:47,-506191135#22,residential|company|restaurant|bus_stop,company,38.693950105848444,1321.9513167019495,37.50334380565249,127.02110990869835,2184.0,457.0,taxi_respawn_68,picked
dyn_pax_991,1728.0,2026-09-07 09:28:48,521766175#1,company|restaurant|subway_entrance,company,332.9365590021661,1411.5585828157227,37.504206724109,127.02441570308932,2210.0,482.0,taxi_respawn_18,picked
dyn_pax_992,1731.0,2026-09-07 09:28:51,975332778#1,bus_stop,company,681.6099970732737,721.9380561808346,37.49806030190971,127.02852170075586,,,,timeout
dyn_pax_993,1732.0,2026-09-07 09:28:52,1229817205#0,company|subway_entrance|bus_stop,company,599.2457558679199,652.2907550986157,37.497417346160496,127.02760695963683,,,,timeout
dyn_pax_994,1734.0,2026-09-07 09:28:54,975332778#1,bus_stop,company,681.6099970732737,721.9380561808346,37.49806030190971,127.02852170075586,,,,timeout
dyn_pax_995,1735.0,2026-09-07 09:28:55,521766180#3,company|subway_entrance,company,386.1025100472621,1391.5483758557143,37.504036522784034,127.0250216210457,,,,timeout
dyn_pax_996,1737.0,2026-09-07 09:28:57,1229817205#0,company|subway_entrance|bus_stop,company,599.2457558679199,652.2907550986157,37.497417346160496,127.02760695963683,,,,timeout
dyn_pax_997,1738.0,2026-09-07 09:28:58,-129731858#3,restaurant,,760.2046779472714,898.6469063162286,37.49966698472747,127.02936848203807,,,,timeout
dyn_pax_998,1739.0,2026-09-07 09:28:59,521766175#3,company|restaurant|subway_entrance|bus_stop,company,373.6701172395771,1298.610217621072,37.50319695740621,127.02490310718325,,,,timeout
dyn_pax_999,1741.0,2026-09-07 09:29:01,218864491#0,restaurant|bus_stop,company,769.9803916976219,760.1217113917903,37.49842094941813,127.02951181742357,,,,timeout
dyn_pax_1000,1742.0,2026-09-07 09:29:02,375049565#6,restaurant|subway_entrance|bus_stop,company,789.5153251748014,798.8522330112556,37.49877353199428,127.02972351946808,2226.0,484.0,taxi_respawn_52,picked
dyn_pax_1001,1744.0,2026-09-07 09:29:04,1117538957#3,restaurant|subway_entrance|bus_stop,company,465.5082521847807,644.8780924026132,37.49732530507706,127.02609663221197,2234.0,490.0,taxi_respawn_66,picked
dyn_pax_1002,1745.0,2026-09-07 09:29:05,375049565#6,restaurant|subway_entrance|bus_stop,company,789.5153251748014,798.8522330112556,37.49877353199428,127.02972351946808,,,,timeout
dyn_pax_1003,1748.0,2026-09-07 09:29:08,521766180#2,company|restaurant|subway_entrance,company,439.1682246573338,1248.125402422748,37.50275456053775,127.0256556898917,,,,timeout
dyn_pax_1004,1749.0,2026-09-07 09:29:09,1229817205#0,company|subway_entrance|bus_stop,company,599.2457558679199,652.2907550986157,37.497417346160496,127.02760695963683,,,,timeout
dyn_pax_1005,1751.0,2026-09-07 09:29:11,305539406,company|restaurant|subway_entrance,company,566.389495917364,736.5285064605782,37.49816998085155,127.02721550408178,,,,timeout
dyn_pax_1006,1753.0,2026-09-07 09:29:13,494824662#3,restaurant|subway_entrance,company,729.424850252167,406.6843378518681,37.49522941823122,127.02913698209235,,,,timeout
dyn_pax_1007,1755.0,2026-09-07 09:29:15,-417933645#2,company|restaurant|subway_entrance,,701.1658676593129,719.5455833044954,37.49804244093877,127.02874337560036,,,,timeout
dyn_pax_1008,1756.0,2026-09-07 09:29:16,-506191135#2,residential|bus_stop,company,236.19733776439384,769.6838415951818,37.49840622577806,127.02347432089968,2246.0,490.0,taxi_respawn_46,picked
dyn_pax_1009,1756.0,2026-09-07 09:29:16,309155295#0,company|restaurant,,688.2712938579457,529.5739965525526,37.49632868191341,127.02864258735015,,,,timeout
dyn_pax_1010,1759.0,2026-09-07 09:29:19,1117538957#3,restaurant|subway_entrance|bus_stop,company,465.5082521847807,644.8780924026132,37.49732530507706,127.02609663221197,2240.0,481.0,taxi_respawn_67,picked
dyn_pax_1011,1761.0,2026-09-07 09:29:21,218877837#2,company|restaurant|bus_stop,company,479.4555212141038,978.0213907550284,37.500328997763305,127.02617530290202,2236.0,475.0,taxi_respawn_2,picked
dyn_pax_1012,1762.0,2026-09-07 09:29:22,1376141182#0,bus_stop,company,385.7154046370183,1301.0311255965628,37.50322104370192,127.02503873135461,,,,timeout
dyn_pax_1013,1765.0,2026-09-07 09:29:25,1376141183#0,bus_stop,company,548.2528111146681,901.2117688498424,37.49965007283687,127.02697139402301,2239.0,474.0,taxi_respawn_20,picked
dyn_pax_1014,1766.0,2026-09-07 09:29:26,520307304#0,school|subway_entrance|bus_stop,company,602.6035134310263,763.145495629718,37.498416594724866,127.02761864854104,,,,timeout
dyn_pax_1015,1769.0,2026-09-07 09:29:29,520307304#0,school|subway_entrance|bus_stop,company,602.6035134310263,763.145495629718,37.498416594724866,127.02761864854104,,,,timeout
dyn_pax_1016,1770.0,2026-09-07 09:29:30,480850873,company|restaurant|bus_stop,company,548.1935052770749,708.5896639848544,37.49791486187584,127.0270163956136,,,,timeout
dyn_pax_1017,1775.0,2026-09-07 09:29:35,521770116#2,company|restaurant|bus_stop,company,432.3182248087171,1108.514093563608,37.50149560521279,127.02561136613096,2229.0,454.0,taxi_38,picked
dyn_pax_1018,1775.0,2026-09-07 09:29:35,628232693#0,company|restaurant,,644.2623295929467,660.168099777976,37.49749680792099,127.0281140674837,,,,timeout
dyn_pax_1019,1776.0,2026-09-07 09:29:36,520307304#0,school|subway_entrance|bus_stop,company,602.6035134310263,763.145495629718,37.498416594724866,127.02761864854104,,,,timeout
dyn_pax_1020,1779.0,2026-09-07 09:29:39,521770119#0,restaurant|bus_stop,company,548.9831206778387,935.1148840516827,37.4999556205417,127.02697161236954,,,,timeout
dyn_pax_1021,1780.0,2026-09-07 09:29:40,506191135#3,residential|company|restaurant|bus_stop,company,238.79972345576414,789.4714057742513,37.49858497042428,127.023499044737,2226.0,446.0,taxi_respawn_19,picked
dyn_pax_1022,1782.0,2026-09-07 09:29:42,521766175#1,company|restaurant|subway_entrance,company,332.9365590021661,1411.5585828157227,37.504206724109,127.02441570308932,,,,timeout
dyn_pax_1023,1783.0,2026-09-07 09:29:43,-506191135#2,residential|bus_stop,company,236.19733776439384,769.6838415951818,37.49840622577806,127.02347432089968,,,,timeout
dyn_pax_1024,1785.0,2026-09-07 09:29:45,218857636#1,residential|company|restaurant|bus_stop,company,297.92905089287035,623.2061345250047,37.49709839153085,127.02420706961871,,,,timeout
dyn_pax_1025,1786.0,2026-09-07 09:29:46,520307304#0,school|subway_entrance|bus_stop,company,602.6035134310263,763.145495629718,37.498416594724866,127.02761864854104,,,,timeout
dyn_pax_1026,1789.0,2026-09-07 09:29:49,218873820#0,restaurant|subway_entrance|bus_stop,company,628.9829311132032,562.4061665928522,37.49661325243901,127.02796447999128,,,,timeout
dyn_pax_1027,1790.0,2026-09-07 09:29:50,-506191135#2,residential|bus_stop,company,236.19733776439384,769.6838415951818,37.49840622577806,127.02347432089968,,,,timeout
dyn_pax_1028,1792.0,2026-09-07 09:29:52,521770119#1,restaurant|bus_stop,company,527.3115514435282,995.8620162900467,37.50049875494786,127.02671217090477,2279.0,487.0,taxi_respawn_48,picked
dyn_pax_1029,1793.0,2026-09-07 09:29:53,521770119#1,restaurant|bus_stop,company,527.3115514435282,995.8620162900467,37.50049875494786,127.02671217090477,,,,timeout
dyn_pax_1030,1793.0,2026-09-07 09:29:53,218877837#2,company|restaurant|bus_stop,,479.4555212141038,978.0213907550284,37.500328997763305,127.02617530290202,2293.0,500.0,taxi_respawn_32,picked
dyn_pax_1031,1794.0,2026-09-07 09:29:54,523141074#0,company|restaurant|subway_entrance,company,524.0338794858329,871.4890157117229,37.4993777454413,127.02670460634431,,,,timeout
dyn_pax_1032,1796.0,2026-09-07 09:29:56,1376141183#0,bus_stop,company,548.2528111146681,901.2117688498424,37.49965007283687,127.02697139402301,,,,timeout
dyn_pax_1033,1797.0,2026-09-07 09:29:57,1229817205#0,company|subway_entrance|bus_stop,company,599.2457558679199,652.2907550986157,37.497417346160496,127.02760695963683,,,,timeout
dyn_pax_1034,1800.0,2026-09-07 09:30:00,-417933645#2,company|restaurant|subway_entrance,,701.1658676593129,719.5455833044954,37.49804244093877,127.02874337560036,,,,timeout
dyn_pax_1035,1801.0,2026-09-07 09:30:01,541692164#1,subway_entrance,company,271.6277521231475,1406.6420105391767,37.5041508337347,127.02372362926798,,,,timeout
dyn_pax_1036,1803.0,2026-09-07 09:30:03,521770119#0,restaurant|bus_stop,company,548.9831206778387,935.1148840516827,37.4999556205417,127.02697161236954,,,,timeout
dyn_pax_1037,1806.0,2026-09-07 09:30:06,480850873,company|restaurant|bus_stop,company,548.1935052770749,708.5896639848544,37.49791486187584,127.0270163956136,2305.0,499.0,taxi_respawn_14,picked
dyn_pax_1038,1807.0,2026-09-07 09:30:07,523141074#0,company|restaurant|subway_entrance,company,524.0338794858329,871.4890157117229,37.4993777454413,127.02670460634431,,,,timeout
dyn_pax_1039,1810.0,2026-09-07 09:30:10,521766175#1,company|restaurant|subway_entrance,company,332.9365590021661,1411.5585828157227,37.504206724109,127.02441570308932,,,,timeout
dyn_pax_1040,1813.0,2026-09-07 09:30:13,178441450#1,residential|company|restaurant|bus_stop,company,282.90243066757296,609.4157395563556,37.496971320837204,127.02404044855805,,,,timeout
dyn_pax_1041,1814.0,2026-09-07 09:30:14,521766175#3,company|restaurant|subway_entrance|bus_stop,company,373.6701172395771,1298.610217621072,37.50319695740621,127.02490310718325,,,,timeout
dyn_pax_1042,1817.0,2026-09-07 09:30:17,521770119#1,restaurant|bus_stop,company,527.3115514435282,995.8620162900467,37.50049875494786,127.02671217090477,2303.0,486.0,taxi_respawn_69,picked
dyn_pax_1043,1817.0,2026-09-07 09:30:17,1056882877#3,residential|company|restaurant,,365.79280968467333,433.0557487307964,37.495398294451746,127.02501948586043,,,,timeout
dyn_pax_1044,1820.0,2026-09-07 09:30:20,-542367267#1,bus_stop,company,247.51018316686128,1414.7184918773391,37.504219024473855,127.02344900430944,,,,timeout
dyn_pax_1045,1823.0,2026-09-07 09:30:23,494824662#3,restaurant|subway_entrance,company,729.424850252167,406.6843378518681,37.49522941823122,127.02913698209235,,,,timeout
dyn_pax_1046,1824.0,2026-09-07 09:30:24,417933642#0,restaurant|bus_stop,,1041.0954363710525,463.30841921497654,37.49579826441859,127.03264736696761,2295.0,471.0,taxi_respawn_55,picked
dyn_pax_1047,1825.0,2026-09-07 09:30:25,521766180#3,company|subway_entrance,company,386.1025100472621,1391.5483758557143,37.504036522784034,127.0250216210457,,,,timeout
dyn_pax_1048,1826.0,2026-09-07 09:30:26,521766182#1,company|restaurant|subway_entrance,,681.695169875507,539.6867345716422,37.496418539503196,127.02856584056028,,,,timeout
dyn_pax_1049,1830.0,2026-09-07 09:30:30,521766182#1,company|restaurant|subway_entrance,company,681.695169875507,539.6867345716422,37.496418539503196,127.02856584056028,,,,timeout
dyn_pax_1050,1831.0,2026-09-07 09:30:31,494824662#3,restaurant|subway_entrance,company,729.424850252167,406.6843378518681,37.49522941823122,127.02913698209235,,,,timeout
dyn_pax_1051,1833.0,2026-09-07 09:30:33,1376141183#0,bus_stop,company,548.2528111146681,901.2117688498424,37.49965007283687,127.02697139402301,2304.0,471.0,taxi_19,picked
dyn_pax_1052,1834.0,2026-09-07 09:30:34,521766180#3,company|subway_entrance,company,386.1025100472621,1391.5483758557143,37.504036522784034,127.0250216210457,,,,timeout
dyn_pax_1053,1837.0,2026-09-07 09:30:37,178441450#1,residential|company|restaurant|bus_stop,company,282.90243066757296,609.4157395563556,37.496971320837204,127.02404044855805,,,,timeout
dyn_pax_1054,1838.0,2026-09-07 09:30:38,521766180#3,company|subway_entrance,company,386.1025100472621,1391.5483758557143,37.504036522784034,127.0250216210457,,,,timeout
dyn_pax_1055,1840.0,2026-09-07 09:30:40,521770119#0,restaurant|bus_stop,company,548.9831206778387,935.1148840516827,37.4999556205417,127.02697161236954,2309.0,469.0,taxi_respawn_45,picked
dyn_pax_1056,1841.0,2026-09-07 09:30:41,218873820#0,restaurant|subway_entrance|bus_stop,company,628.9829311132032,562.4061665928522,37.49661325243901,127.02796447999128,2295.0,454.0,taxi_27,picked
dyn_pax_1057,1845.0,2026-09-07 09:30:45,305539406,company|restaurant|subway_entrance,company,566.389495917364,736.5285064605782,37.49816998085155,127.02721550408178,2328.0,483.0,taxi_respawn_53,picked
dyn_pax_1058,1847.0,2026-09-07 09:30:47,218873820#0,restaurant|subway_entrance|bus_stop,company,628.9829311132032,562.4061665928522,37.49661325243901,127.02796447999128,,,,timeout
dyn_pax_1059,1848.0,2026-09-07 09:30:48,-542367267#1,bus_stop,company,247.51018316686128,1414.7184918773391,37.504219024473855,127.02344900430944,,,,timeout
dyn_pax_1060,1848.0,2026-09-07 09:30:48,-506191135#2,residential|bus_stop,,236.19733776439384,769.6838415951818,37.49840622577806,127.02347432089968,,,,timeout
dyn_pax_1061,1849.0,2026-09-07 09:30:49,521766175#3,company|restaurant|subway_entrance|bus_stop,company,373.6701172395771,1298.610217621072,37.50319695740621,127.02490310718325,,,,timeout
dyn_pax_1062,1851.0,2026-09-07 09:30:51,-541692164#2,subway_entrance,company,317.7122087179151,1441.0296574375257,37.504469327730426,127.0242365566347,,,,timeout
dyn_pax_1063,1852.0,2026-09-07 09:30:52,975332778#1,bus_stop,company,681.6099970732737,721.9380561808346,37.49806030190971,127.02852170075586,,,,timeout
dyn_pax_1064,1854.0,2026-09-07 09:30:54,975332778#1,bus_stop,company,681.6099970732737,721.9380561808346,37.49806030190971,127.02852170075586,,,,timeout
dyn_pax_1065,1857.0,2026-09-07 09:30:57,1117538958#3,bus_stop,company,160.18899290588462,540.6019911995099,37.49632820280781,127.02266936696756,2349.0,492.0,taxi_9,picked
dyn_pax_1066,1858.0,2026-09-07 09:30:58,521770116#2,company|restaurant|bus_stop,company,432.3182248087171,1108.514093563608,37.50149560521279,127.02561136613096,,,,timeout
dyn_pax_1067,1859.0,2026-09-07 09:30:59,521766175#3,company|restaurant|subway_entrance|bus_stop,company,373.6701172395771,1298.610217621072,37.50319695740621,127.02490310718325,,,,timeout
dyn_pax_1068,1859.0,2026-09-07 09:30:59,-309155295#4,residential|restaurant,,966.4689567179357,639.4784987131154,37.49737120494098,127.0317619612052,,,,timeout
dyn_pax_1069,1861.0,2026-09-07 09:31:01,541692164#1,subway_entrance,company,271.6277521231475,1406.6420105391767,37.5041508337347,127.02372362926798,,,,timeout
dyn_pax_1070,1862.0,2026-09-07 09:31:02,417933642#0,restaurant|bus_stop,company,1041.0954363710525,463.30841921497654,37.49579826441859,127.03264736696761,,,,timeout
dyn_pax_1071,1864.0,2026-09-07 09:31:04,521766175#1,company|restaurant|subway_entrance,company,332.9365590021661,1411.5585828157227,37.504206724109,127.02441570308932,,,,timeout
dyn_pax_1072,1865.0,2026-09-07 09:31:05,305539406,company|restaurant|subway_entrance,company,566.389495917364,736.5285064605782,37.49816998085155,127.02721550408178,,,,timeout
dyn_pax_1073,1866.0,2026-09-07 09:31:06,-506191135#22,residential|company|restaurant|bus_stop,company,38.693950105848444,1321.9513167019495,37.50334380565249,127.02110990869835,,,,timeout
dyn_pax_1074,1866.0,2026-09-07 09:31:06,218864491#3,restaurant,,917.5525719196496,812.2933006495632,37.498918758940725,127.0311680055342,,,,timeout
dyn_pax_1075,1868.0,2026-09-07 09:31:08,-506191135#22,residential|company|restaurant|bus_stop,company,38.693950105848444,1321.9513167019495,37.50334380565249,127.02110990869835,,,,timeout
dyn_pax_1076,1871.0,2026-09-07 09:31:11,521766175#1,company|restaurant|subway_entrance,company,332.9365590021661,1411.5585828157227,37.504206724109,127.02441570308932,,,,timeout
dyn_pax_1077,1872.0,2026-09-07 09:31:12,218857636#1,residential|company|restaurant|bus_stop,company,297.92905089287035,623.2061345250047,37.49709839153085,127.02420706961871,2355.0,483.0,taxi_respawn_41,picked
dyn_pax_1078,1876.0,2026-09-07 09:31:16,-417933645#2,company|restaurant|subway_entrance,company,701.1658676593129,719.5455833044954,37.49804244093877,127.02874337560036,2370.0,494.0,taxi_46,picked
dyn_pax_1079,1879.0,2026-09-07 09:31:19,-506191135#22,residential|company|restaurant|bus_stop,company,38.693950105848444,1321.9513167019495,37.50334380565249,127.02110990869835,,,,timeout
dyn_pax_1080,1881.0,2026-09-07 09:31:21,218873820#0,restaurant|subway_entrance|bus_stop,company,628.9829311132032,562.4061665928522,37.49661325243901,127.02796447999128,2367.0,486.0,taxi_49,picked
dyn_pax_1081,1882.0,2026-09-07 09:31:22,218864491#0,restaurant|bus_stop,company,769.9803916976219,760.1217113917903,37.49842094941813,127.02951181742357,,,,timeout
dyn_pax_1082,1882.0,2026-09-07 09:31:22,417933645#2,residential|company|restaurant,,757.7944798520502,568.4010952306102,37.496691568512986,127.02941943794849,,,,timeout
dyn_pax_1083,1889.0,2026-09-07 09:31:29,520307304#0,school|subway_entrance|bus_stop,company,602.6035134310263,763.145495629718,37.498416594724866,127.02761864854104,,,,timeout
dyn_pax_1084,1890.0,2026-09-07 09:31:30,523141074#0,company|restaurant|subway_entrance,company,524.0338794858329,871.4890157117229,37.4993777454413,127.02670460634431,,,,timeout
dyn_pax_1085,1892.0,2026-09-07 09:31:32,480850873,company|restaurant|bus_stop,company,548.1935052770749,708.5896639848544,37.49791486187584,127.0270163956136,2374.0,482.0,taxi_respawn_34,picked
dyn_pax_1086,1893.0,2026-09-07 09:31:33,541692164#1,subway_entrance,company,271.6277521231475,1406.6420105391767,37.5041508337347,127.02372362926798,,,,timeout
dyn_pax_1087,1895.0,2026-09-07 09:31:35,520307304#0,school|subway_entrance|bus_stop,company,602.6035134310263,763.145495629718,37.498416594724866,127.02761864854104,2373.0,478.0,taxi_respawn_64,picked
dyn_pax_1088,1895.0,2026-09-07 09:31:35,-417750336#3,school|company,,868.1859178511071,948.5147012398835,37.50013657861005,127.03057759421064,2373.0,478.0,taxi_11,picked
dyn_pax_1089,1897.0,2026-09-07 09:31:37,218873820#1,restaurant|bus_stop,company,647.4058653861567,510.6179408698636,37.49615020572141,127.02818504540632,,,,timeout
dyn_pax_1090,1899.0,2026-09-07 09:31:39,521766180#3,company|subway_entrance,company,386.1025100472621,1391.5483758557143,37.504036522784034,127.0250216210457,,,,timeout
dyn_pax_1091,1902.0,2026-09-07 09:31:42,521766175#3,company|restaurant|subway_entrance|bus_stop,company,373.6701172395771,1298.610217621072,37.50319695740621,127.02490310718325,,,,timeout
dyn_pax_1092,1903.0,2026-09-07 09:31:43,1117538958#3,bus_stop,company,160.18899290588462,540.6019911995099,37.49632820280781,127.02266936696756,,,,timeout
dyn_pax_1093,1905.0,2026-09-07 09:31:45,521766180#3,company|subway_entrance,company,386.1025100472621,1391.5483758557143,37.504036522784034,127.0250216210457,,,,timeout
dyn_pax_1094,1906.0,2026-09-07 09:31:46,521770116#2,company|restaurant|bus_stop,company,432.3182248087171,1108.514093563608,37.50149560521279,127.02561136613096,,,,timeout
dyn_pax_1095,1907.0,2026-09-07 09:31:47,-504509918#2,company|restaurant|bus_stop,company,398.9694242295193,827.4758220967593,37.49895762305832,127.02530099003066,,,,timeout
dyn_pax_1096,1909.0,2026-09-07 09:31:49,417933642#0,restaurant|bus_stop,company,1041.0954363710525,463.30841921497654,37.49579826441859,127.03264736696761,,,,timeout
dyn_pax_1097,1910.0,2026-09-07 09:31:50,417750337#1,restaurant,,654.3039749436668,1311.1147669608317,37.50336263595113,127.02807333923603,2368.0,458.0,taxi_respawn_4,picked
dyn_pax_1098,1912.0,2026-09-07 09:31:52,521766175#3,company|restaurant|subway_entrance|bus_stop,company,373.6701172395771,1298.610217621072,37.50319695740621,127.02490310718325,,,,timeout
dyn_pax_1099,1913.0,2026-09-07 09:31:53,521766175#3,company|restaurant|subway_entrance|bus_stop,company,373.6701172395771,1298.610217621072,37.50319695740621,127.02490310718325,,,,timeout
dyn_pax_1100,1916.0,2026-09-07 09:31:56,521766180#2,company|restaurant|subway_entrance,company,439.1682246573338,1248.125402422748,37.50275456053775,127.0256556898917,,,,timeout
dyn_pax_1101,1920.0,2026-09-07 09:32:00,218873820#0,restaurant|subway_entrance|bus_stop,company,628.9829311132032,562.4061665928522,37.49661325243901,127.02796447999128,,,,timeout
dyn_pax_1102,1921.0,2026-09-07 09:32:01,417933642#0,restaurant|bus_stop,company,1041.0954363710525,463.30841921497654,37.49579826441859,127.03264736696761,,,,timeout
dyn_pax_1103,1923.0,2026-09-07 09:32:03,1376141184#0,bus_stop,company,643.3432253030496,578.0866055082481,37.49675721809014,127.02812312566316,,,,timeout
dyn_pax_1104,1923.0,2026-09-07 09:32:03,-542367267#1,bus_stop,,247.51018316686128,1414.7184918773391,37.504219024473855,127.02344900430944,,,,timeout
dyn_pax_1105,1924.0,2026-09-07 09:32:04,521770116#2,company|restaurant|bus_stop,company,432.3182248087171,1108.514093563608,37.50149560521279,127.02561136613096,2419.0,495.0,taxi_respawn_71,picked
dyn_pax_1106,1927.0,2026-09-07 09:32:07,521770119#1,restaurant|bus_stop,company,527.3115514435282,995.8620162900467,37.50049875494786,127.02671217090477,,,,timeout
dyn_pax_1107,1929.0,2026-09-07 09:32:09,975332778#1,bus_stop,company,681.6099970732737,721.9380561808346,37.49806030190971,127.02852170075586,,,,timeout
dyn_pax_1108,1930.0,2026-09-07 09:32:10,975332778#1,bus_stop,company,681.6099970732737,721.9380561808346,37.49806030190971,127.02852170075586,2425.0,495.0,taxi_respawn_62,picked
dyn_pax_1109,1931.0,2026-09-07 09:32:11,521770119#1,restaurant|bus_stop,company,527.3115514435282,995.8620162900467,37.50049875494786,127.02671217090477,2429.0,498.0,taxi_respawn_68,picked
dyn_pax_1110,1933.0,2026-09-07 09:32:13,494824662#3,restaurant|subway_entrance,company,729.424850252167,406.6843378518681,37.49522941823122,127.02913698209235,2420.0,487.0,taxi_respawn_38,picked
dyn_pax_1111,1934.0,2026-09-07 09:32:14,520307304#0,school|subway_entrance|bus_stop,company,602.6035134310263,763.145495629718,37.498416594724866,127.02761864854104,,,,timeout
dyn_pax_1112,1934.0,2026-09-07 09:32:14,417750337#3,restaurant,,561.9223834850405,1183.7905002369655,37.50219821136863,127.02705894855978,,,,timeout
dyn_pax_1113,1935.0,2026-09-07 09:32:15,521766180#1,company|restaurant|bus_stop,,466.73410130235357,1169.2838037446552,37.502049542882666,127.02598608796039,,,,timeout
dyn_pax_1114,1936.0,2026-09-07 09:32:16,521770119#1,restaurant|bus_stop,company,527.3115514435282,995.8620162900467,37.50049875494786,127.02671217090477,,,,timeout
dyn_pax_1115,1938.0,2026-09-07 09:32:18,375049565#6,restaurant|subway_entrance|bus_stop,company,789.5153251748014,798.8522330112556,37.49877353199428,127.02972351946808,,,,timeout
dyn_pax_1116,1938.0,2026-09-07 09:32:18,-504227067#3,restaurant,,527.7289520354611,471.5483450335965,37.495775653483,127.02684121970124,2437.0,499.0,taxi_5,picked
dyn_pax_1117,1940.0,2026-09-07 09:32:20,1117538958#3,bus_stop,company,160.18899290588462,540.6019911995099,37.49632820280781,127.02266936696756,2434.0,494.0,taxi_respawn_74,picked
dyn_pax_1118,1941.0,2026-09-07 09:32:21,521770119#1,restaurant|bus_stop,company,527.3115514435282,995.8620162900467,37.50049875494786,127.02671217090477,,,,timeout
dyn_pax_1119,1944.0,2026-09-07 09:32:24,1117538958#3,bus_stop,company,160.18899290588462,540.6019911995099,37.49632820280781,127.02266936696756,2441.0,497.0,taxi_respawn_8,picked
dyn_pax_1120,1945.0,2026-09-07 09:32:25,521766180#1,company|restaurant|bus_stop,company,466.73410130235357,1169.2838037446552,37.502049542882666,127.02598608796039,,,,timeout
dyn_pax_1121,1947.0,2026-09-07 09:32:27,521770119#1,restaurant|bus_stop,company,527.3115514435282,995.8620162900467,37.50049875494786,127.02671217090477,,,,timeout
dyn_pax_1122,1948.0,2026-09-07 09:32:28,218873820#0,restaurant|subway_entrance|bus_stop,company,628.9829311132032,562.4061665928522,37.49661325243901,127.02796447999128,,,,timeout
dyn_pax_1123,1948.0,2026-09-07 09:32:28,-523141073,residential|company,,283.47995026542384,1109.9635024546676,37.50148051131825,127.02392811188028,,,,timeout
dyn_pax_1124,1951.0,2026-09-07 09:32:31,521766175#3,company|restaurant|subway_entrance|bus_stop,company,373.6701172395771,1298.610217621072,37.50319695740621,127.02490310718325,2446.0,495.0,taxi_respawn_40,picked
dyn_pax_1125,1954.0,2026-09-07 09:32:34,494824662#3,restaurant|subway_entrance,company,729.424850252167,406.6843378518681,37.49522941823122,127.02913698209235,,,,timeout
dyn_pax_1126,1957.0,2026-09-07 09:32:37,-541692164#2,subway_entrance,company,317.7122087179151,1441.0296574375257,37.504469327730426,127.0242365566347,2454.0,497.0,taxi_respawn_72,picked
dyn_pax_1127,1958.0,2026-09-07 09:32:38,218873820#1,restaurant|bus_stop,company,647.4058653861567,510.6179408698636,37.49615020572141,127.02818504540632,,,,timeout
dyn_pax_1128,1958.0,2026-09-07 09:32:38,309155295#1,restaurant,,764.2225196982893,558.1760304781078,37.4966006705371,127.0294945363528,2445.0,487.0,taxi_respawn_49,picked
dyn_pax_1129,1960.0,2026-09-07 09:32:40,218873820#0,restaurant|subway_entrance|bus_stop,company,628.9829311132032,562.4061665928522,37.49661325243901,127.02796447999128,,,,timeout
dyn_pax_1130,1961.0,2026-09-07 09:32:41,521766182#1,company|restaurant|subway_entrance,company,681.695169875507,539.6867345716422,37.496418539503196,127.02856584056028,,,,timeout
dyn_pax_1131,1961.0,2026-09-07 09:32:41,-256787796#1,restaurant,,578.741609978934,1014.5790766049616,37.500677080058935,127.02728924469663,2444.0,483.0,taxi_respawn_58,picked
dyn_pax_1132,1965.0,2026-09-07 09:32:45,520307304#0,school|subway_entrance|bus_stop,company,602.6035134310263,763.145495629718,37.498416594724866,127.02761864854104,,,,timeout
dyn_pax_1133,1966.0,2026-09-07 09:32:46,-542367267#0,company,,179.75773525047865,1390.7576253945435,37.50399035207237,127.02268859703804,2434.0,468.0,taxi_respawn_75,picked
dyn_pax_1134,1967.0,2026-09-07 09:32:47,1229817205#0,company|subway_entrance|bus_stop,company,599.2457558679199,652.2907550986157,37.497417346160496,127.02760695963683,,,,timeout
dyn_pax_1135,1968.0,2026-09-07 09:32:48,178441450#1,residential|company|restaurant|bus_stop,company,282.90243066757296,609.4157395563556,37.496971320837204,127.02404044855805,,,,timeout
dyn_pax_1136,1969.0,2026-09-07 09:32:49,-506191135#22,residential|company|restaurant|bus_stop,company,38.693950105848444,1321.9513167019495,37.50334380565249,127.02110990869835,,,,timeout
dyn_pax_1137,1971.0,2026-09-07 09:32:51,523141074#0,company|restaurant|subway_entrance,company,524.0338794858329,871.4890157117229,37.4993777454413,127.02670460634431,,,,timeout
dyn_pax_1138,1972.0,2026-09-07 09:32:52,521770116#2,company|restaurant|bus_stop,company,432.3182248087171,1108.514093563608,37.50149560521279,127.02561136613096,2471.0,499.0,taxi_0,picked
dyn_pax_1139,1974.0,2026-09-07 09:32:54,521766180#3,company|subway_entrance,company,386.1025100472621,1391.5483758557143,37.504036522784034,127.0250216210457,,,,timeout
dyn_pax_1140,1975.0,2026-09-07 09:32:55,520307304#0,school|subway_entrance|bus_stop,company,602.6035134310263,763.145495629718,37.498416594724866,127.02761864854104,,,,timeout
dyn_pax_1141,1976.0,2026-09-07 09:32:56,-523141073,residential|company,,283.47995026542384,1109.9635024546676,37.50148051131825,127.02392811188028,,,,timeout
dyn_pax_1142,1977.0,2026-09-07 09:32:57,-504509918#2,company|restaurant|bus_stop,company,398.9694242295193,827.4758220967593,37.49895762305832,127.02530099003066,,,,timeout
dyn_pax_1143,1978.0,2026-09-07 09:32:58,-541692164#2,subway_entrance,company,317.7122087179151,1441.0296574375257,37.504469327730426,127.0242365566347,,,,timeout
dyn_pax_1144,1981.0,2026-09-07 09:33:01,521770119#1,restaurant|bus_stop,company,527.3115514435282,995.8620162900467,37.50049875494786,127.02671217090477,2481.0,500.0,taxi_31,picked
dyn_pax_1145,1981.0,2026-09-07 09:33:01,521766182#1,company|restaurant|subway_entrance,,681.695169875507,539.6867345716422,37.496418539503196,127.02856584056028,2472.0,491.0,taxi_respawn_6,picked
dyn_pax_1146,1982.0,2026-09-07 09:33:02,480850873,company|restaurant|bus_stop,company,548.1935052770749,708.5896639848544,37.49791486187584,127.0270163956136,,,,timeout
dyn_pax_1147,1985.0,2026-09-07 09:33:05,480850873,company|restaurant|bus_stop,company,548.1935052770749,708.5896639848544,37.49791486187584,127.0270163956136,,,,timeout
dyn_pax_1148,1986.0,2026-09-07 09:33:06,1117538957#3,restaurant|subway_entrance|bus_stop,company,465.5082521847807,644.8780924026132,37.49732530507706,127.02609663221197,,,,timeout
dyn_pax_1149,1989.0,2026-09-07 09:33:09,1229817205#1,residential|bus_stop,company,631.6400080768872,572.7061575261558,37.49670653972221,127.02799208080955,,,,timeout
dyn_pax_1150,1991.0,2026-09-07 09:33:11,521766175#3,company|restaurant|subway_entrance|bus_stop,company,373.6701172395771,1298.610217621072,37.50319695740621,127.02490310718325,2476.0,485.0,taxi_respawn_65,picked
dyn_pax_1151,1992.0,2026-09-07 09:33:12,1376141184#0,bus_stop,company,643.3432253030496,578.0866055082481,37.49675721809014,127.02812312566316,,,,timeout
dyn_pax_1152,1993.0,2026-09-07 09:33:13,1117538957#3,restaurant|subway_entrance|bus_stop,company,465.5082521847807,644.8780924026132,37.49732530507706,127.02609663221197,2493.0,500.0,taxi_respawn_50,picked
dyn_pax_1153,1995.0,2026-09-07 09:33:15,218877837#2,company|restaurant|bus_stop,company,479.4555212141038,978.0213907550284,37.500328997763305,127.02617530290202,2472.0,477.0,taxi_respawn_11,picked
dyn_pax_1154,1996.0,2026-09-07 09:33:16,541692164#1,subway_entrance,company,271.6277521231475,1406.6420105391767,37.5041508337347,127.02372362926798,,,,timeout
dyn_pax_1155,1999.0,2026-09-07 09:33:19,521766182#1,company|restaurant|subway_entrance,company,681.695169875507,539.6867345716422,37.496418539503196,127.02856584056028,2477.0,478.0,taxi_47,picked
dyn_pax_1156,2000.0,2026-09-07 09:33:20,480850873,company|restaurant|bus_stop,,548.1935052770749,708.5896639848544,37.49791486187584,127.0270163956136,,,,timeout
dyn_pax_1157,2001.0,2026-09-07 09:33:21,-506191135#22,residential|company|restaurant|bus_stop,company,38.693950105848444,1321.9513167019495,37.50334380565249,127.02110990869835,,,,timeout
dyn_pax_1158,2002.0,2026-09-07 09:33:22,-541692164#2,subway_entrance,company,317.7122087179151,1441.0296574375257,37.504469327730426,127.0242365566347,,,,timeout
dyn_pax_1159,2004.0,2026-09-07 09:33:24,-129731858#3,restaurant,,760.2046779472714,898.6469063162286,37.49966698472747,127.02936848203807,,,,timeout
dyn_pax_1160,2005.0,2026-09-07 09:33:25,-541692164#2,subway_entrance,company,317.7122087179151,1441.0296574375257,37.504469327730426,127.0242365566347,,,,timeout
dyn_pax_1161,2006.0,2026-09-07 09:33:26,-417933645#2,company|restaurant|subway_entrance,company,701.1658676593129,719.5455833044954,37.49804244093877,127.02874337560036,,,,timeout
dyn_pax_1162,2008.0,2026-09-07 09:33:28,480850873,company|restaurant|bus_stop,company,548.1935052770749,708.5896639848544,37.49791486187584,127.0270163956136,,,,timeout
dyn_pax_1163,2010.0,2026-09-07 09:33:30,-913950883#1,residential|company|restaurant,,391.36286393582424,840.6655979518604,37.49907500229157,127.0252118555046,,,,timeout
dyn_pax_1164,2012.0,2026-09-07 09:33:32,305539406,company|restaurant|subway_entrance,company,566.389495917364,736.5285064605782,37.49816998085155,127.02721550408178,,,,timeout
dyn_pax_1165,2013.0,2026-09-07 09:33:33,-504509918#2,company|restaurant|bus_stop,company,398.9694242295193,827.4758220967593,37.49895762305832,127.02530099003066,,,,timeout
dyn_pax_1166,2013.0,2026-09-07 09:33:33,-541692164#2,subway_entrance,,317.7122087179151,1441.0296574375257,37.504469327730426,127.0242365566347,,,,timeout
dyn_pax_1167,2015.0,2026-09-07 09:33:35,523141074#0,company|restaurant|subway_entrance,company,524.0338794858329,871.4890157117229,37.4993777454413,127.02670460634431,,,,timeout
dyn_pax_1168,2019.0,2026-09-07 09:33:39,521766175#1,company|restaurant|subway_entrance,company,332.9365590021661,1411.5585828157227,37.504206724109,127.02441570308932,,,,timeout
dyn_pax_1169,2020.0,2026-09-07 09:33:40,1376141184#0,bus_stop,company,643.3432253030496,578.0866055082481,37.49675721809014,127.02812312566316,,,,timeout
dyn_pax_1170,2022.0,2026-09-07 09:33:42,521766175#3,company|restaurant|subway_entrance|bus_stop,company,373.6701172395771,1298.610217621072,37.50319695740621,127.02490310718325,,,,timeout
dyn_pax_1171,2027.0,2026-09-07 09:33:47,-504509918#2,company|restaurant|bus_stop,company,398.9694242295193,827.4758220967593,37.49895762305832,127.02530099003066,,,,timeout
dyn_pax_1172,2029.0,2026-09-07 09:33:49,975332778#1,bus_stop,company,681.6099970732737,721.9380561808346,37.49806030190971,127.02852170075586,,,,timeout
dyn_pax_1173,2032.0,2026-09-07 09:33:52,520307304#0,school|subway_entrance|bus_stop,company,602.6035134310263,763.145495629718,37.498416594724866,127.02761864854104,,,,timeout
dyn_pax_1174,2032.0,2026-09-07 09:33:52,628232693#0,company|restaurant,,644.2623295929467,660.168099777976,37.49749680792099,127.0281140674837,,,,timeout
dyn_pax_1175,2033.0,2026-09-07 09:33:53,521766180#2,company|restaurant|subway_entrance,company,439.1682246573338,1248.125402422748,37.50275456053775,127.0256556898917,,,,timeout
dyn_pax_1176,2034.0,2026-09-07 09:33:54,-506191135#22,residential|company|restaurant|bus_stop,company,38.693950105848444,1321.9513167019495,37.50334380565249,127.02110990869835,,,,timeout
dyn_pax_1177,2036.0,2026-09-07 09:33:56,520307304#0,school|subway_entrance|bus_stop,company,602.6035134310263,763.145495629718,37.498416594724866,127.02761864854104,,,,timeout
dyn_pax_1178,2036.0,2026-09-07 09:33:56,521766175#1,company|restaurant|subway_entrance,,332.9365590021661,1411.5585828157227,37.504206724109,127.02441570308932,2528.0,492.0,taxi_48,picked
dyn_pax_1179,2039.0,2026-09-07 09:33:59,256787796#8,restaurant,,646.6563496183319,793.2391486514691,37.49869600620777,127.02810960194483,,,,timeout
dyn_pax_1180,2040.0,2026-09-07 09:34:00,521770119#1,restaurant|bus_stop,company,527.3115514435282,995.8620162900467,37.50049875494786,127.02671217090477,,,,timeout
dyn_pax_1181,2041.0,2026-09-07 09:34:01,521770116#2,company|restaurant|bus_stop,company,432.3182248087171,1108.514093563608,37.50149560521279,127.02561136613096,,,,timeout
dyn_pax_1182,2043.0,2026-09-07 09:34:03,218873820#1,restaurant|bus_stop,company,647.4058653861567,510.6179408698636,37.49615020572141,127.02818504540632,,,,timeout
dyn_pax_1183,2044.0,2026-09-07 09:34:04,-417933645#2,company|restaurant|subway_entrance,company,701.1658676593129,719.5455833044954,37.49804244093877,127.02874337560036,,,,timeout
dyn_pax_1184,2044.0,2026-09-07 09:34:04,506191135#3,residential|company|restaurant|bus_stop,,238.79972345576414,789.4714057742513,37.49858497042428,127.023499044737,2542.0,498.0,taxi_38,picked
dyn_pax_1185,2045.0,2026-09-07 09:34:05,1117538957#0,company|restaurant,,312.91680439510856,589.5311930299885,37.49679787270139,127.0243845203811,,,,timeout
dyn_pax_1186,2046.0,2026-09-07 09:34:06,1117538957#3,restaurant|subway_entrance|bus_stop,company,465.5082521847807,644.8780924026132,37.49732530507706,127.02609663221197,,,,timeout
dyn_pax_1187,2049.0,2026-09-07 09:34:09,541692164#1,subway_entrance,company,271.6277521231475,1406.6420105391767,37.5041508337347,127.02372362926798,,,,timeout
dyn_pax_1188,2050.0,2026-09-07 09:34:10,-506191135#2,residential|bus_stop,company,236.19733776439384,769.6838415951818,37.49840622577806,127.02347432089968,,,,timeout
dyn_pax_1189,2051.0,2026-09-07 09:34:11,521766180#1,company|restaurant|bus_stop,company,466.73410130235357,1169.2838037446552,37.502049542882666,127.02598608796039,2541.0,490.0,taxi_respawn_73,picked
dyn_pax_1190,2053.0,2026-09-07 09:34:13,521766180#3,company|subway_entrance,company,386.1025100472621,1391.5483758557143,37.504036522784034,127.0250216210457,,,,timeout
dyn_pax_1191,2053.0,2026-09-07 09:34:13,375049565#6,restaurant|subway_entrance|bus_stop,,789.5153251748014,798.8522330112556,37.49877353199428,127.02972351946808,2541.0,488.0,taxi_respawn_2,picked
dyn_pax_1192,2054.0,2026-09-07 09:34:14,305539406,company|restaurant|subway_entrance,company,566.389495917364,736.5285064605782,37.49816998085155,127.02721550408178,2545.0,491.0,taxi_respawn_57,picked
dyn_pax_1193,2057.0,2026-09-07 09:34:17,521766175#3,company|restaurant|subway_entrance|bus_stop,company,373.6701172395771,1298.610217621072,37.50319695740621,127.02490310718325,,,,timeout
dyn_pax_1194,2058.0,2026-09-07 09:34:18,375049565#6,restaurant|subway_entrance|bus_stop,company,789.5153251748014,798.8522330112556,37.49877353199428,127.02972351946808,2533.0,475.0,taxi_respawn_4,picked
dyn_pax_1195,2060.0,2026-09-07 09:34:20,-506191135#2,residential|bus_stop,company,236.19733776439384,769.6838415951818,37.49840622577806,127.02347432089968,2552.0,492.0,taxi_42,picked
dyn_pax_1196,2061.0,2026-09-07 09:34:21,521766180#1,company|restaurant|bus_stop,company,466.73410130235357,1169.2838037446552,37.502049542882666,127.02598608796039,,,,timeout
dyn_pax_1197,2065.0,2026-09-07 09:34:25,218873820#0,restaurant|subway_entrance|bus_stop,company,628.9829311132032,562.4061665928522,37.49661325243901,127.02796447999128,,,,timeout
dyn_pax_1198,2067.0,2026-09-07 09:34:27,523141074#0,company|restaurant|subway_entrance,company,524.0338794858329,871.4890157117229,37.4993777454413,127.02670460634431,2527.0,460.0,taxi_12,picked
dyn_pax_1199,2070.0,2026-09-07 09:34:30,218873820#1,restaurant|bus_stop,company,647.4058653861567,510.6179408698636,37.49615020572141,127.02818504540632,,,,timeout
dyn_pax_1200,2071.0,2026-09-07 09:34:31,-417933645#2,company|restaurant|subway_entrance,company,701.1658676593129,719.5455833044954,37.49804244093877,127.02874337560036,,,,timeout
dyn_pax_1201,2072.0,2026-09-07 09:34:32,-417750354#0,residential,,923.3498430372201,1041.2071047119894,37.5009819832587,127.03117938951307,2544.0,472.0,taxi_39,picked
dyn_pax_1202,2073.0,2026-09-07 09:34:33,521766175#3,company|restaurant|subway_entrance|bus_stop,company,373.6701172395771,1298.610217621072,37.50319695740621,127.02490310718325,2563.0,490.0,taxi_25,picked
dyn_pax_1203,2074.0,2026-09-07 09:34:34,521766182#1,company|restaurant|subway_entrance,company,681.695169875507,539.6867345716422,37.496418539503196,127.02856584056028,,,,timeout
dyn_pax_1204,2075.0,2026-09-07 09:34:35,417750337#3,restaurant,,561.9223834850405,1183.7905002369655,37.50219821136863,127.02705894855978,,,,timeout
dyn_pax_1205,2076.0,2026-09-07 09:34:36,218877837#2,company|restaurant|bus_stop,,479.4555212141038,978.0213907550284,37.500328997763305,127.02617530290202,,,,timeout
dyn_pax_1206,2077.0,2026-09-07 09:34:37,-506191135#2,residential|bus_stop,company,236.19733776439384,769.6838415951818,37.49840622577806,127.02347432089968,,,,timeout
dyn_pax_1207,2078.0,2026-09-07 09:34:38,178441450#1,residential|company|restaurant|bus_stop,company,282.90243066757296,609.4157395563556,37.496971320837204,127.02404044855805,2562.0,484.0,taxi_23,picked
dyn_pax_1208,2080.0,2026-09-07 09:34:40,-542367267#1,bus_stop,company,247.51018316686128,1414.7184918773391,37.504219024473855,127.02344900430944,,,,timeout
dyn_pax_1209,2080.0,2026-09-07 09:34:40,219837933#0,residential|company,,49.0199205680682,1328.1480294371383,37.503401583976704,127.02122519296726,,,,timeout
dyn_pax_1210,2081.0,2026-09-07 09:34:41,521770119#0,restaurant|bus_stop,company,548.9831206778387,935.1148840516827,37.4999556205417,127.02697161236954,,,,timeout
dyn_pax_1211,2082.0,2026-09-07 09:34:42,1229817205#1,residential|bus_stop,company,631.6400080768872,572.7061575261558,37.49670653972221,127.02799208080955,2559.0,477.0,taxi_respawn_3,picked
dyn_pax_1212,2085.0,2026-09-07 09:34:45,1117538957#3,restaurant|subway_entrance|bus_stop,company,465.5082521847807,644.8780924026132,37.49732530507706,127.02609663221197,2551.0,466.0,taxi_respawn_55,picked
dyn_pax_1213,2087.0,2026-09-07 09:34:47,521770119#1,restaurant|bus_stop,company,527.3115514435282,995.8620162900467,37.50049875494786,127.02671217090477,,,,timeout
dyn_pax_1214,2088.0,2026-09-07 09:34:48,521766175#3,company|restaurant|subway_entrance|bus_stop,company,373.6701172395771,1298.610217621072,37.50319695740621,127.02490310718325,,,,timeout
dyn_pax_1215,2089.0,2026-09-07 09:34:49,494824662#3,restaurant|subway_entrance,company,729.424850252167,406.6843378518681,37.49522941823122,127.02913698209235,2589.0,500.0,taxi_13,picked
dyn_pax_1216,2091.0,2026-09-07 09:34:51,1229817205#0,company|subway_entrance|bus_stop,company,599.2457558679199,652.2907550986157,37.497417346160496,127.02760695963683,,,,timeout
dyn_pax_1217,2092.0,2026-09-07 09:34:52,305539406,company|restaurant|subway_entrance,company,566.389495917364,736.5285064605782,37.49816998085155,127.02721550408178,2591.0,499.0,taxi_respawn_40,picked
dyn_pax_1218,2094.0,2026-09-07 09:34:54,1229817205#0,company|subway_entrance|bus_stop,company,599.2457558679199,652.2907550986157,37.497417346160496,127.02760695963683,,,,timeout
dyn_pax_1219,2095.0,2026-09-07 09:34:55,-506191135#2,residential|bus_stop,company,236.19733776439384,769.6838415951818,37.49840622577806,127.02347432089968,2595.0,500.0,taxi_respawn_78,picked
dyn_pax_1220,2097.0,2026-09-07 09:34:57,523141074#0,company|restaurant|subway_entrance,company,524.0338794858329,871.4890157117229,37.4993777454413,127.02670460634431,2595.0,498.0,taxi_respawn_44,picked
dyn_pax_1221,2099.0,2026-09-07 09:34:59,494824662#3,restaurant|subway_entrance,company,729.424850252167,406.6843378518681,37.49522941823122,127.02913698209235,,,,timeout
dyn_pax_1222,2101.0,2026-09-07 09:35:01,-129731858#3,restaurant,,760.2046779472714,898.6469063162286,37.49966698472747,127.02936848203807,2595.0,494.0,taxi_respawn_70,picked
dyn_pax_1223,2102.0,2026-09-07 09:35:02,521766175#1,company|restaurant|subway_entrance,company,332.9365590021661,1411.5585828157227,37.504206724109,127.02441570308932,,,,timeout
dyn_pax_1224,2102.0,2026-09-07 09:35:02,-557469300#1,restaurant,,739.5265057687212,1049.0561556697721,37.5010180173999,127.02909905278416,,,,timeout
dyn_pax_1225,2104.0,2026-09-07 09:35:04,-541692164#2,subway_entrance,company,317.7122087179151,1441.0296574375257,37.504469327730426,127.0242365566347,,,,timeout
dyn_pax_1226,2105.0,2026-09-07 09:35:05,523141074#0,company|restaurant|subway_entrance,company,524.0338794858329,871.4890157117229,37.4993777454413,127.02670460634431,2591.0,486.0,taxi_respawn_23,picked
dyn_pax_1227,2106.0,2026-09-07 09:35:06,1376141182#0,bus_stop,company,385.7154046370183,1301.0311255965628,37.50322104370192,127.02503873135461,,,,timeout
dyn_pax_1228,2108.0,2026-09-07 09:35:08,521766175#3,company|restaurant|subway_entrance|bus_stop,company,373.6701172395771,1298.610217621072,37.50319695740621,127.02490310718325,,,,timeout
dyn_pax_1229,2109.0,2026-09-07 09:35:09,218877837#2,company|restaurant|bus_stop,company,479.4555212141038,978.0213907550284,37.500328997763305,127.02617530290202,,,,timeout
dyn_pax_1230,2111.0,2026-09-07 09:35:11,417933642#0,restaurant|bus_stop,company,1041.0954363710525,463.30841921497654,37.49579826441859,127.03264736696761,,,,timeout
dyn_pax_1231,2113.0,2026-09-07 09:35:13,-506191135#2,residential|bus_stop,company,236.19733776439384,769.6838415951818,37.49840622577806,127.02347432089968,2600.0,487.0,taxi_respawn_72,picked
dyn_pax_1232,2115.0,2026-09-07 09:35:15,541692164#1,subway_entrance,company,271.6277521231475,1406.6420105391767,37.5041508337347,127.02372362926798,,,,timeout
dyn_pax_1233,2116.0,2026-09-07 09:35:16,375049565#6,restaurant|subway_entrance|bus_stop,company,789.5153251748014,798.8522330112556,37.49877353199428,127.02972351946808,,,,timeout
dyn_pax_1234,2121.0,2026-09-07 09:35:21,520307304#0,school|subway_entrance|bus_stop,company,602.6035134310263,763.145495629718,37.498416594724866,127.02761864854104,2586.0,465.0,taxi_respawn_21,picked
dyn_pax_1235,2122.0,2026-09-07 09:35:22,521766180#3,company|subway_entrance,company,386.1025100472621,1391.5483758557143,37.504036522784034,127.0250216210457,,,,timeout
dyn_pax_1236,2123.0,2026-09-07 09:35:23,480850873,company|restaurant|bus_stop,company,548.1935052770749,708.5896639848544,37.49791486187584,127.0270163956136,2623.0,500.0,taxi_respawn_76,picked
dyn_pax_1237,2125.0,2026-09-07 09:35:25,521770119#1,restaurant|bus_stop,company,527.3115514435282,995.8620162900467,37.50049875494786,127.02671217090477,,,,timeout
dyn_pax_1238,2126.0,2026-09-07 09:35:26,-506191135#2,residential|bus_stop,company,236.19733776439384,769.6838415951818,37.49840622577806,127.02347432089968,2606.0,480.0,taxi_respawn_30,picked
dyn_pax_1239,2128.0,2026-09-07 09:35:28,178441450#1,residential|company|restaurant|bus_stop,company,282.90243066757296,609.4157395563556,37.496971320837204,127.02404044855805,2623.0,495.0,taxi_respawn_53,picked
dyn_pax_1240,2129.0,2026-09-07 09:35:29,520307304#0,school|subway_entrance|bus_stop,company,602.6035134310263,763.145495629718,37.498416594724866,127.02761864854104,,,,timeout
dyn_pax_1241,2130.0,2026-09-07 09:35:30,521766180#2,company|restaurant|subway_entrance,company,439.1682246573338,1248.125402422748,37.50275456053775,127.0256556898917,,,,timeout
dyn_pax_1242,2132.0,2026-09-07 09:35:32,521770116#2,company|restaurant|bus_stop,company,432.3182248087171,1108.514093563608,37.50149560521279,127.02561136613096,,,,timeout
dyn_pax_1243,2135.0,2026-09-07 09:35:35,1117538957#3,restaurant|subway_entrance|bus_stop,company,465.5082521847807,644.8780924026132,37.49732530507706,127.02609663221197,,,,timeout
dyn_pax_1244,2135.0,2026-09-07 09:35:35,-26163000#1,restaurant,,613.3034084576574,1234.0026207389662,37.50266024308643,127.02762801542576,2597.0,462.0,taxi_33,picked
dyn_pax_1245,2136.0,2026-09-07 09:35:36,-417933645#2,company|restaurant|subway_entrance,company,701.1658676593129,719.5455833044954,37.49804244093877,127.02874337560036,2614.0,478.0,taxi_respawn_34,picked
dyn_pax_1246,2137.0,2026-09-07 09:35:37,1117538957#3,restaurant|subway_entrance|bus_stop,company,465.5082521847807,644.8780924026132,37.49732530507706,127.02609663221197,,,,timeout
dyn_pax_1247,2140.0,2026-09-07 09:35:40,1117538957#3,restaurant|subway_entrance|bus_stop,company,465.5082521847807,644.8780924026132,37.49732530507706,127.02609663221197,,,,timeout
dyn_pax_1248,2141.0,2026-09-07 09:35:41,506191135#3,residential|company|restaurant|bus_stop,,238.79972345576414,789.4714057742513,37.49858497042428,127.023499044737,,,,timeout
dyn_pax_1249,2142.0,2026-09-07 09:35:42,1376141184#0,bus_stop,company,643.3432253030496,578.0866055082481,37.49675721809014,127.02812312566316,,,,timeout
dyn_pax_1250,2143.0,2026-09-07 09:35:43,218857636#1,residential|company|restaurant|bus_stop,company,297.92905089287035,623.2061345250047,37.49709839153085,127.02420706961871,,,,timeout
dyn_pax_1251,2145.0,2026-09-07 09:35:45,375049565#6,restaurant|subway_entrance|bus_stop,company,789.5153251748014,798.8522330112556,37.49877353199428,127.02972351946808,2642.0,497.0,taxi_respawn_18,picked
dyn_pax_1252,2145.0,2026-09-07 09:35:45,26163000#0,restaurant,,655.1679463942612,1215.3400880972458,37.50250003106797,127.02810580802628,2607.0,462.0,taxi_respawn_36,picked
dyn_pax_1253,2147.0,2026-09-07 09:35:47,417933642#0,restaurant|bus_stop,company,1041.0954363710525,463.30841921497654,37.49579826441859,127.03264736696761,,,,timeout
dyn_pax_1254,2147.0,2026-09-07 09:35:47,218877837#0,company,,455.71990885566936,1045.563527646426,37.50093295148158,127.02589090425857,,,,timeout
dyn_pax_1255,2149.0,2026-09-07 09:35:49,218873820#0,restaurant|subway_entrance|bus_stop,company,628.9829311132032,562.4061665928522,37.49661325243901,127.02796447999128,,,,timeout
dyn_pax_1256,2149.0,2026-09-07 09:35:49,-417750337#0,restaurant,,672.8749254632385,1321.3640627464144,37.50345847130562,127.02828089713113,2615.0,466.0,taxi_8,picked
dyn_pax_1257,2150.0,2026-09-07 09:35:50,521766175#3,company|restaurant|subway_entrance|bus_stop,company,373.6701172395771,1298.610217621072,37.50319695740621,127.02490310718325,,,,timeout
dyn_pax_1258,2152.0,2026-09-07 09:35:52,975332778#1,bus_stop,company,681.6099970732737,721.9380561808346,37.49806030190971,127.02852170075586,,,,timeout
dyn_pax_1259,2153.0,2026-09-07 09:35:53,521766180#3,company|subway_entrance,company,386.1025100472621,1391.5483758557143,37.504036522784034,127.0250216210457,,,,timeout
dyn_pax_1260,2154.0,2026-09-07 09:35:54,521766180#2,company|restaurant|subway_entrance,company,439.1682246573338,1248.125402422748,37.50275456053775,127.0256556898917,,,,timeout
dyn_pax_1261,2154.0,2026-09-07 09:35:54,417933642#2,residential|restaurant,,976.5976168723116,645.9370182109647,37.49743129415275,127.0318749523804,,,,timeout
dyn_pax_1262,2156.0,2026-09-07 09:35:56,521766182#1,company|restaurant|subway_entrance,company,681.695169875507,539.6867345716422,37.496418539503196,127.02856584056028,,,,timeout
dyn_pax_1263,2159.0,2026-09-07 09:35:59,1117538957#3,restaurant|subway_entrance|bus_stop,company,465.5082521847807,644.8780924026132,37.49732530507706,127.02609663221197,,,,timeout
dyn_pax_1264,2160.0,2026-09-07 09:36:00,-542367267#1,bus_stop,company,247.51018316686128,1414.7184918773391,37.504219024473855,127.02344900430944,2649.0,489.0,taxi_respawn_15,picked
dyn_pax_1265,2161.0,2026-09-07 09:36:01,218873820#0,restaurant|subway_entrance|bus_stop,company,628.9829311132032,562.4061665928522,37.49661325243901,127.02796447999128,2654.0,493.0,taxi_43,picked
dyn_pax_1266,2162.0,2026-09-07 09:36:02,1117538957#0,company|restaurant,,312.91680439510856,589.5311930299885,37.49679787270139,127.0243845203811,,,,timeout
dyn_pax_1267,2163.0,2026-09-07 09:36:03,218873820#0,restaurant|subway_entrance|bus_stop,company,628.9829311132032,562.4061665928522,37.49661325243901,127.02796447999128,,,,timeout
dyn_pax_1268,2166.0,2026-09-07 09:36:06,218873820#0,restaurant|subway_entrance|bus_stop,company,628.9829311132032,562.4061665928522,37.49661325243901,127.02796447999128,,,,timeout
dyn_pax_1269,2167.0,2026-09-07 09:36:07,1229817205#1,residential|bus_stop,company,631.6400080768872,572.7061575261558,37.49670653972221,127.02799208080955,,,,timeout
dyn_pax_1270,2169.0,2026-09-07 09:36:09,1117538958#3,bus_stop,company,160.18899290588462,540.6019911995099,37.49632820280781,127.02266936696756,,,,timeout
dyn_pax_1271,2170.0,2026-09-07 09:36:10,-541692164#2,subway_entrance,company,317.7122087179151,1441.0296574375257,37.504469327730426,127.0242365566347,2646.0,476.0,taxi_respawn_16,picked
dyn_pax_1272,2171.0,2026-09-07 09:36:11,129731834#0,school,,229.35227593843302,780.2499709424674,37.498500113124294,127.02339441737757,2662.0,491.0,taxi_49,picked
dyn_pax_1273,2173.0,2026-09-07 09:36:13,375049565#6,restaurant|subway_entrance|bus_stop,company,789.5153251748014,798.8522330112556,37.49877353199428,127.02972351946808,,,,timeout
dyn_pax_1274,2174.0,2026-09-07 09:36:14,521766175#3,company|restaurant|subway_entrance|bus_stop,company,373.6701172395771,1298.610217621072,37.50319695740621,127.02490310718325,,,,timeout
dyn_pax_1275,2176.0,2026-09-07 09:36:16,1117538957#3,restaurant|subway_entrance|bus_stop,company,465.5082521847807,644.8780924026132,37.49732530507706,127.02609663221197,,,,timeout
dyn_pax_1276,2177.0,2026-09-07 09:36:17,218857636#1,residential|company|restaurant|bus_stop,company,297.92905089287035,623.2061345250047,37.49709839153085,127.02420706961871,,,,timeout
dyn_pax_1277,2177.0,2026-09-07 09:36:17,129731859#4,restaurant,,948.3176585840322,968.5888771831698,37.50033252074231,127.03147887955224,2673.0,496.0,taxi_respawn_84,picked
dyn_pax_1278,2178.0,2026-09-07 09:36:18,1117538957#3,restaurant|subway_entrance|bus_stop,company,465.5082521847807,644.8780924026132,37.49732530507706,127.02609663221197,,,,timeout
dyn_pax_1279,2183.0,2026-09-07 09:36:23,-542367267#1,bus_stop,company,247.51018316686128,1414.7184918773391,37.504219024473855,127.02344900430944,2659.0,476.0,taxi_respawn_83,picked
dyn_pax_1280,2184.0,2026-09-07 09:36:24,520307304#0,school|subway_entrance|bus_stop,company,602.6035134310263,763.145495629718,37.498416594724866,127.02761864854104,2680.0,496.0,taxi_respawn_35,picked
dyn_pax_1281,2187.0,2026-09-07 09:36:27,218864491#0,restaurant|bus_stop,company,769.9803916976219,760.1217113917903,37.49842094941813,127.02951181742357,,,,timeout
dyn_pax_1282,2188.0,2026-09-07 09:36:28,506191135#3,residential|company|restaurant|bus_stop,company,238.79972345576414,789.4714057742513,37.49858497042428,127.023499044737,2682.0,494.0,taxi_respawn_45,picked
dyn_pax_1283,2190.0,2026-09-07 09:36:30,417933642#0,restaurant|bus_stop,company,1041.0954363710525,463.30841921497654,37.49579826441859,127.03264736696761,,,,timeout
dyn_pax_1284,2191.0,2026-09-07 09:36:31,521766180#1,company|restaurant|bus_stop,company,466.73410130235357,1169.2838037446552,37.502049542882666,127.02598608796039,2678.0,487.0,taxi_respawn_73,picked
dyn_pax_1285,2193.0,2026-09-07 09:36:33,417933642#0,restaurant|bus_stop,company,1041.0954363710525,463.30841921497654,37.49579826441859,127.03264736696761,,,,timeout
dyn_pax_1286,2194.0,2026-09-07 09:36:34,521770119#0,restaurant|bus_stop,company,548.9831206778387,935.1148840516827,37.4999556205417,127.02697161236954,,,,timeout
dyn_pax_1287,2197.0,2026-09-07 09:36:37,520307304#0,school|subway_entrance|bus_stop,company,602.6035134310263,763.145495629718,37.498416594724866,127.02761864854104,,,,timeout
dyn_pax_1288,2197.0,2026-09-07 09:36:37,-504227066#3,restaurant,,449.3214735737982,636.1754008755333,37.497243849267164,127.02591568328045,,,,timeout
dyn_pax_1289,2198.0,2026-09-07 09:36:38,1117538958#3,bus_stop,company,160.18899290588462,540.6019911995099,37.49632820280781,127.02266936696756,,,,timeout
dyn_pax_1290,2200.0,2026-09-07 09:36:40,521770119#1,restaurant|bus_stop,company,527.3115514435282,995.8620162900467,37.50049875494786,127.02671217090477,,,,timeout
dyn_pax_1291,2201.0,2026-09-07 09:36:41,521766175#3,company|restaurant|subway_entrance|bus_stop,company,373.6701172395771,1298.610217621072,37.50319695740621,127.02490310718325,,,,timeout
dyn_pax_1292,2201.0,2026-09-07 09:36:41,129731858#2,restaurant,,783.9672744139122,855.548332172334,37.49928322221005,127.02964736483162,,,,timeout
dyn_pax_1293,2202.0,2026-09-07 09:36:42,523141074#0,company|restaurant|subway_entrance,company,524.0338794858329,871.4890157117229,37.4993777454413,127.02670460634431,,,,timeout
dyn_pax_1294,2203.0,2026-09-07 09:36:43,520307304#0,school|subway_entrance|bus_stop,,602.6035134310263,763.145495629718,37.498416594724866,127.02761864854104,,,,timeout
dyn_pax_1295,2204.0,2026-09-07 09:36:44,1229817205#1,residential|bus_stop,company,631.6400080768872,572.7061575261558,37.49670653972221,127.02799208080955,,,,timeout
dyn_pax_1296,2205.0,2026-09-07 09:36:45,305539406,company|restaurant|subway_entrance,company,566.389495917364,736.5285064605782,37.49816998085155,127.02721550408178,,,,timeout
dyn_pax_1297,2207.0,2026-09-07 09:36:47,520307304#0,school|subway_entrance|bus_stop,company,602.6035134310263,763.145495629718,37.498416594724866,127.02761864854104,,,,timeout
dyn_pax_1298,2209.0,2026-09-07 09:36:49,541692164#1,subway_entrance,company,271.6277521231475,1406.6420105391767,37.5041508337347,127.02372362926798,,,,timeout
dyn_pax_1299,2210.0,2026-09-07 09:36:50,-506191135#2,residential|bus_stop,,236.19733776439384,769.6838415951818,37.49840622577806,127.02347432089968,,,,timeout
dyn_pax_1300,2211.0,2026-09-07 09:36:51,494824662#3,restaurant|subway_entrance,company,729.424850252167,406.6843378518681,37.49522941823122,127.02913698209235,,,,timeout
dyn_pax_1301,2212.0,2026-09-07 09:36:52,218877837#2,company|restaurant|bus_stop,company,479.4555212141038,978.0213907550284,37.500328997763305,127.02617530290202,,,,timeout
dyn_pax_1302,2215.0,2026-09-07 09:36:55,-506191135#2,residential|bus_stop,company,236.19733776439384,769.6838415951818,37.49840622577806,127.02347432089968,,,,timeout
dyn_pax_1303,2217.0,2026-09-07 09:36:57,480850873,company|restaurant|bus_stop,company,548.1935052770749,708.5896639848544,37.49791486187584,127.0270163956136,,,,timeout
dyn_pax_1304,2218.0,2026-09-07 09:36:58,494824662#3,restaurant|subway_entrance,company,729.424850252167,406.6843378518681,37.49522941823122,127.02913698209235,,,,timeout
dyn_pax_1305,2219.0,2026-09-07 09:36:59,218864491#0,restaurant|bus_stop,company,769.9803916976219,760.1217113917903,37.49842094941813,127.02951181742357,2713.0,494.0,taxi_12,picked
dyn_pax_1306,2220.0,2026-09-07 09:37:00,480850873,company|restaurant|bus_stop,,548.1935052770749,708.5896639848544,37.49791486187584,127.0270163956136,,,,timeout
dyn_pax_1307,2221.0,2026-09-07 09:37:01,521766180#2,company|restaurant|subway_entrance,company,439.1682246573338,1248.125402422748,37.50275456053775,127.0256556898917,,,,timeout
dyn_pax_1308,2224.0,2026-09-07 09:37:04,-417933645#2,company|restaurant|subway_entrance,company,701.1658676593129,719.5455833044954,37.49804244093877,127.02874337560036,,,,timeout
dyn_pax_1309,2225.0,2026-09-07 09:37:05,521770119#0,restaurant|bus_stop,company,548.9831206778387,935.1148840516827,37.4999556205417,127.02697161236954,,,,timeout
dyn_pax_1310,2226.0,2026-09-07 09:37:06,521766180#3,company|subway_entrance,company,386.1025100472621,1391.5483758557143,37.504036522784034,127.0250216210457,,,,timeout
dyn_pax_1311,2228.0,2026-09-07 09:37:08,506191135#3,residential|company|restaurant|bus_stop,company,238.79972345576414,789.4714057742513,37.49858497042428,127.023499044737,,,,timeout
dyn_pax_1312,2229.0,2026-09-07 09:37:09,-417933645#2,company|restaurant|subway_entrance,company,701.1658676593129,719.5455833044954,37.49804244093877,127.02874337560036,,,,timeout
dyn_pax_1313,2231.0,2026-09-07 09:37:11,1376141183#0,bus_stop,company,548.2528111146681,901.2117688498424,37.49965007283687,127.02697139402301,,,,timeout
dyn_pax_1314,2232.0,2026-09-07 09:37:12,218877837#2,company|restaurant|bus_stop,company,479.4555212141038,978.0213907550284,37.500328997763305,127.02617530290202,,,,timeout
dyn_pax_1315,2232.0,2026-09-07 09:37:12,504509918#0,residential|restaurant,,511.83203920742636,882.9034728009249,37.499478264867115,127.02656393710718,2712.0,480.0,taxi_respawn_67,picked
dyn_pax_1316,2233.0,2026-09-07 09:37:13,521766180#1,company|restaurant|bus_stop,company,466.73410130235357,1169.2838037446552,37.502049542882666,127.02598608796039,2720.0,487.0,taxi_respawn_77,picked
dyn_pax_1317,2233.0,2026-09-07 09:37:13,-417750337#4,restaurant,,542.6552277079157,1139.0745154802132,37.5017917560025,127.02685169754334,,,,timeout
dyn_pax_1318,2235.0,2026-09-07 09:37:15,-542367267#1,bus_stop,company,247.51018316686128,1414.7184918773391,37.504219024473855,127.02344900430944,,,,timeout
dyn_pax_1319,2236.0,2026-09-07 09:37:16,523141074#0,company|restaurant|subway_entrance,company,524.0338794858329,871.4890157117229,37.4993777454413,127.02670460634431,,,,timeout
dyn_pax_1320,2238.0,2026-09-07 09:37:18,1376141184#0,bus_stop,company,643.3432253030496,578.0866055082481,37.49675721809014,127.02812312566316,,,,timeout
dyn_pax_1321,2239.0,2026-09-07 09:37:19,218864491#0,restaurant|bus_stop,company,769.9803916976219,760.1217113917903,37.49842094941813,127.02951181742357,2723.0,484.0,taxi_respawn_74,picked
dyn_pax_1322,2239.0,2026-09-07 09:37:19,504512001,restaurant,,488.2111633916996,684.0143948730154,37.497682147346794,127.02634403725544,,,,timeout
dyn_pax_1323,2241.0,2026-09-07 09:37:21,-506191135#2,residential|bus_stop,company,236.19733776439384,769.6838415951818,37.49840622577806,127.02347432089968,2724.0,483.0,taxi_respawn_81,picked
dyn_pax_1324,2241.0,2026-09-07 09:37:21,218864491#4,company|restaurant,,930.6531925400286,817.0922374517883,37.49896445889845,127.03131499400716,,,,timeout
dyn_pax_1325,2242.0,2026-09-07 09:37:22,1117538958#3,bus_stop,company,160.18899290588462,540.6019911995099,37.49632820280781,127.02266936696756,,,,timeout
dyn_pax_1326,2243.0,2026-09-07 09:37:23,1376141183#0,bus_stop,company,548.2528111146681,901.2117688498424,37.49965007283687,127.02697139402301,,,,timeout
dyn_pax_1327,2245.0,2026-09-07 09:37:25,521766175#3,company|restaurant|subway_entrance|bus_stop,company,373.6701172395771,1298.610217621072,37.50319695740621,127.02490310718325,,,,timeout
dyn_pax_1328,2246.0,2026-09-07 09:37:26,-542367267#1,bus_stop,company,247.51018316686128,1414.7184918773391,37.504219024473855,127.02344900430944,,,,timeout
dyn_pax_1329,2247.0,2026-09-07 09:37:27,129731834#0,school,,229.35227593843302,780.2499709424674,37.498500113124294,127.02339441737757,,,,timeout
dyn_pax_1330,2249.0,2026-09-07 09:37:29,219837933#0,residential|company,,49.0199205680682,1328.1480294371383,37.503401583976704,127.02122519296726,,,,timeout
dyn_pax_1331,2250.0,2026-09-07 09:37:30,521766180#3,company|subway_entrance,company,386.1025100472621,1391.5483758557143,37.504036522784034,127.0250216210457,,,,timeout
dyn_pax_1332,2252.0,2026-09-07 09:37:32,1376141182#0,bus_stop,company,385.7154046370183,1301.0311255965628,37.50322104370192,127.02503873135461,,,,timeout
dyn_pax_1333,2255.0,2026-09-07 09:37:35,-504509918#2,company|restaurant|bus_stop,company,398.9694242295193,827.4758220967593,37.49895762305832,127.02530099003066,,,,timeout
dyn_pax_1334,2255.0,2026-09-07 09:37:35,-26163000#3,restaurant,,588.7487146070255,1286.0705793093782,37.50312464930957,127.02733802606956,,,,timeout
dyn_pax_1335,2256.0,2026-09-07 09:37:36,-506191135#2,residential|bus_stop,company,236.19733776439384,769.6838415951818,37.49840622577806,127.02347432089968,,,,timeout
dyn_pax_1336,2257.0,2026-09-07 09:37:37,1229817205#0,company|subway_entrance|bus_stop,company,599.2457558679199,652.2907550986157,37.497417346160496,127.02760695963683,,,,timeout
dyn_pax_1337,2259.0,2026-09-07 09:37:39,1229817205#0,company|subway_entrance|bus_stop,company,599.2457558679199,652.2907550986157,37.497417346160496,127.02760695963683,,,,timeout
dyn_pax_1338,2260.0,2026-09-07 09:37:40,521770119#1,restaurant|bus_stop,company,527.3115514435282,995.8620162900467,37.50049875494786,127.02671217090477,,,,timeout
dyn_pax_1339,2262.0,2026-09-07 09:37:42,218864491#0,restaurant|bus_stop,company,769.9803916976219,760.1217113917903,37.49842094941813,127.02951181742357,,,,timeout
dyn_pax_1340,2262.0,2026-09-07 09:37:42,417933645#2,residential|company|restaurant,,757.7944798520502,568.4010952306102,37.496691568512986,127.02941943794849,,,,timeout
dyn_pax_1341,2265.0,2026-09-07 09:37:45,521766180#2,company|restaurant|subway_entrance,company,439.1682246573338,1248.125402422748,37.50275456053775,127.0256556898917,,,,timeout
dyn_pax_1342,2266.0,2026-09-07 09:37:46,-504509918#2,company|restaurant|bus_stop,company,398.9694242295193,827.4758220967593,37.49895762305832,127.02530099003066,,,,timeout
dyn_pax_1343,2267.0,2026-09-07 09:37:47,218873820#0,restaurant|subway_entrance|bus_stop,company,628.9829311132032,562.4061665928522,37.49661325243901,127.02796447999128,,,,timeout
dyn_pax_1344,2269.0,2026-09-07 09:37:49,1229817205#0,company|subway_entrance|bus_stop,company,599.2457558679199,652.2907550986157,37.497417346160496,127.02760695963683,,,,timeout
dyn_pax_1345,2270.0,2026-09-07 09:37:50,521766175#3,company|restaurant|subway_entrance|bus_stop,company,373.6701172395771,1298.610217621072,37.50319695740621,127.02490310718325,2770.0,500.0,taxi_respawn_11,picked
dyn_pax_1346,2272.0,2026-09-07 09:37:52,-542367267#1,bus_stop,company,247.51018316686128,1414.7184918773391,37.504219024473855,127.02344900430944,,,,timeout
dyn_pax_1347,2276.0,2026-09-07 09:37:56,506191135#3,residential|company|restaurant|bus_stop,company,238.79972345576414,789.4714057742513,37.49858497042428,127.023499044737,,,,timeout
dyn_pax_1348,2277.0,2026-09-07 09:37:57,494824662#3,restaurant|subway_entrance,company,729.424850252167,406.6843378518681,37.49522941823122,127.02913698209235,,,,timeout
dyn_pax_1349,2280.0,2026-09-07 09:38:00,1376141182#0,bus_stop,company,385.7154046370183,1301.0311255965628,37.50322104370192,127.02503873135461,,,,timeout
dyn_pax_1350,2281.0,2026-09-07 09:38:01,1117538957#3,restaurant|subway_entrance|bus_stop,company,465.5082521847807,644.8780924026132,37.49732530507706,127.02609663221197,2768.0,487.0,taxi_respawn_27,picked
dyn_pax_1351,2281.0,2026-09-07 09:38:01,557469234,restaurant,,982.7249512156621,987.801549540822,37.50051207965727,127.03186337298402,,,,timeout
dyn_pax_1352,2283.0,2026-09-07 09:38:03,218857636#1,residential|company|restaurant|bus_stop,company,297.92905089287035,623.2061345250047,37.49709839153085,127.02420706961871,,,,timeout
dyn_pax_1353,2284.0,2026-09-07 09:38:04,521766175#3,company|restaurant|subway_entrance|bus_stop,company,373.6701172395771,1298.610217621072,37.50319695740621,127.02490310718325,,,,timeout
dyn_pax_1354,2286.0,2026-09-07 09:38:06,521766182#1,company|restaurant|subway_entrance,company,681.695169875507,539.6867345716422,37.496418539503196,127.02856584056028,2767.0,481.0,taxi_29,picked
dyn_pax_1355,2287.0,2026-09-07 09:38:07,218873820#0,restaurant|subway_entrance|bus_stop,company,628.9829311132032,562.4061665928522,37.49661325243901,127.02796447999128,,,,timeout
dyn_pax_1356,2287.0,2026-09-07 09:38:07,-541692164#2,subway_entrance,,317.7122087179151,1441.0296574375257,37.504469327730426,127.0242365566347,,,,timeout
dyn_pax_1357,2290.0,2026-09-07 09:38:10,1376141183#0,bus_stop,company,548.2528111146681,901.2117688498424,37.49965007283687,127.02697139402301,2770.0,480.0,taxi_respawn_46,picked
dyn_pax_1358,2291.0,2026-09-07 09:38:11,521766175#1,company|restaurant|subway_entrance,company,332.9365590021661,1411.5585828157227,37.504206724109,127.02441570308932,,,,timeout
dyn_pax_1359,2293.0,2026-09-07 09:38:13,1229817205#1,residential|bus_stop,company,631.6400080768872,572.7061575261558,37.49670653972221,127.02799208080955,2777.0,484.0,taxi_38,picked
dyn_pax_1360,2295.0,2026-09-07 09:38:15,379463134#4,restaurant,,574.4815382344308,1284.0756787717605,37.50310398350559,127.02717717678497,2776.0,481.0,taxi_25,picked
dyn_pax_1361,2297.0,2026-09-07 09:38:17,417933642#0,restaurant|bus_stop,company,1041.0954363710525,463.30841921497654,37.49579826441859,127.03264736696761,,,,timeout
dyn_pax_1362,2298.0,2026-09-07 09:38:18,1229817205#0,company|subway_entrance|bus_stop,company,599.2457558679199,652.2907550986157,37.497417346160496,127.02760695963683,,,,timeout
dyn_pax_1363,2300.0,2026-09-07 09:38:20,305539406,company|restaurant|subway_entrance,company,566.389495917364,736.5285064605782,37.49816998085155,127.02721550408178,2771.0,471.0,taxi_respawn_38,picked
dyn_pax_1364,2300.0,2026-09-07 09:38:20,-417933645#2,company|restaurant|subway_entrance,,701.1658676593129,719.5455833044954,37.49804244093877,127.02874337560036,,,,timeout
dyn_pax_1365,2301.0,2026-09-07 09:38:21,-417933645#2,company|restaurant|subway_entrance,company,701.1658676593129,719.5455833044954,37.49804244093877,127.02874337560036,,,,timeout
dyn_pax_1366,2302.0,2026-09-07 09:38:22,1376141184#0,bus_stop,,643.3432253030496,578.0866055082481,37.49675721809014,127.02812312566316,,,,timeout
dyn_pax_1367,2303.0,2026-09-07 09:38:23,-541692164#2,subway_entrance,company,317.7122087179151,1441.0296574375257,37.504469327730426,127.0242365566347,,,,timeout
dyn_pax_1368,2304.0,2026-09-07 09:38:24,521766175#3,company|restaurant|subway_entrance|bus_stop,company,373.6701172395771,1298.610217621072,37.50319695740621,127.02490310718325,,,,timeout
dyn_pax_1369,2305.0,2026-09-07 09:38:25,975332778#1,bus_stop,company,681.6099970732737,721.9380561808346,37.49806030190971,127.02852170075586,,,,timeout
dyn_pax_1370,2308.0,2026-09-07 09:38:28,520307304#0,school|subway_entrance|bus_stop,company,602.6035134310263,763.145495629718,37.498416594724866,127.02761864854104,,,,timeout
dyn_pax_1371,2310.0,2026-09-07 09:38:30,218873820#1,restaurant|bus_stop,company,647.4058653861567,510.6179408698636,37.49615020572141,127.02818504540632,,,,timeout
dyn_pax_1372,2311.0,2026-09-07 09:38:31,521766175#3,company|restaurant|subway_entrance|bus_stop,company,373.6701172395771,1298.610217621072,37.50319695740621,127.02490310718325,,,,timeout
dyn_pax_1373,2312.0,2026-09-07 09:38:32,256787796#2,restaurant,,573.8171824012851,1000.9225059734806,37.50055312725627,127.02723680274495,,,,timeout
dyn_pax_1374,2313.0,2026-09-07 09:38:33,521766182#1,company|restaurant|subway_entrance,company,681.695169875507,539.6867345716422,37.496418539503196,127.02856584056028,,,,timeout
dyn_pax_1375,2314.0,2026-09-07 09:38:34,1117538957#3,restaurant|subway_entrance|bus_stop,company,465.5082521847807,644.8780924026132,37.49732530507706,127.02609663221197,,,,timeout
dyn_pax_1376,2315.0,2026-09-07 09:38:35,218864491#0,restaurant|bus_stop,company,769.9803916976219,760.1217113917903,37.49842094941813,127.02951181742357,,,,timeout
dyn_pax_1377,2317.0,2026-09-07 09:38:37,520307304#0,school|subway_entrance|bus_stop,company,602.6035134310263,763.145495629718,37.498416594724866,127.02761864854104,2797.0,480.0,taxi_13,picked
dyn_pax_1378,2318.0,2026-09-07 09:38:38,375049565#6,restaurant|subway_entrance|bus_stop,company,789.5153251748014,798.8522330112556,37.49877353199428,127.02972351946808,2795.0,477.0,taxi_39,picked
dyn_pax_1379,2320.0,2026-09-07 09:38:40,218873820#1,restaurant|bus_stop,company,647.4058653861567,510.6179408698636,37.49615020572141,127.02818504540632,,,,timeout
dyn_pax_1380,2322.0,2026-09-07 09:38:42,1376141183#0,bus_stop,company,548.2528111146681,901.2117688498424,37.49965007283687,127.02697139402301,,,,timeout
dyn_pax_1381,2322.0,2026-09-07 09:38:42,480850873,company|restaurant|bus_stop,,548.1935052770749,708.5896639848544,37.49791486187584,127.0270163956136,,,,timeout
dyn_pax_1382,2325.0,2026-09-07 09:38:45,1376141182#0,bus_stop,company,385.7154046370183,1301.0311255965628,37.50322104370192,127.02503873135461,,,,timeout
dyn_pax_1383,2327.0,2026-09-07 09:38:47,1376141184#0,bus_stop,company,643.3432253030496,578.0866055082481,37.49675721809014,127.02812312566316,,,,timeout
dyn_pax_1384,2328.0,2026-09-07 09:38:48,1376141184#0,bus_stop,company,643.3432253030496,578.0866055082481,37.49675721809014,127.02812312566316,,,,timeout
dyn_pax_1385,2329.0,2026-09-07 09:38:49,520307304#0,school|subway_entrance|bus_stop,company,602.6035134310263,763.145495629718,37.498416594724866,127.02761864854104,2813.0,484.0,taxi_respawn_58,picked
dyn_pax_1386,2331.0,2026-09-07 09:38:51,-504509918#2,company|restaurant|bus_stop,company,398.9694242295193,827.4758220967593,37.49895762305832,127.02530099003066,,,,timeout
dyn_pax_1387,2334.0,2026-09-07 09:38:54,521766182#1,company|restaurant|subway_entrance,company,681.695169875507,539.6867345716422,37.496418539503196,127.02856584056028,,,,timeout
dyn_pax_1388,2335.0,2026-09-07 09:38:55,-542367267#1,bus_stop,company,247.51018316686128,1414.7184918773391,37.504219024473855,127.02344900430944,,,,timeout
dyn_pax_1389,2335.0,2026-09-07 09:38:55,506191135#3,residential|company|restaurant|bus_stop,,238.79972345576414,789.4714057742513,37.49858497042428,127.023499044737,,,,timeout
dyn_pax_1390,2337.0,2026-09-07 09:38:57,975332778#1,bus_stop,company,681.6099970732737,721.9380561808346,37.49806030190971,127.02852170075586,,,,timeout
dyn_pax_1391,2338.0,2026-09-07 09:38:58,218873820#1,restaurant|bus_stop,company,647.4058653861567,510.6179408698636,37.49615020572141,127.02818504540632,,,,timeout
dyn_pax_1392,2339.0,2026-09-07 09:38:59,1229817205#0,company|subway_entrance|bus_stop,company,599.2457558679199,652.2907550986157,37.497417346160496,127.02760695963683,,,,timeout
dyn_pax_1393,2341.0,2026-09-07 09:39:01,218857636#1,residential|company|restaurant|bus_stop,company,297.92905089287035,623.2061345250047,37.49709839153085,127.02420706961871,,,,timeout
dyn_pax_1394,2342.0,2026-09-07 09:39:02,520307304#0,school|subway_entrance|bus_stop,company,602.6035134310263,763.145495629718,37.498416594724866,127.02761864854104,2827.0,485.0,taxi_respawn_49,picked
dyn_pax_1395,2344.0,2026-09-07 09:39:04,521766182#1,company|restaurant|subway_entrance,company,681.695169875507,539.6867345716422,37.496418539503196,127.02856584056028,2834.0,490.0,taxi_respawn_52,picked
dyn_pax_1396,2345.0,2026-09-07 09:39:05,-417933645#2,company|restaurant|subway_entrance,company,701.1658676593129,719.5455833044954,37.49804244093877,127.02874337560036,,,,timeout
dyn_pax_1397,2346.0,2026-09-07 09:39:06,506191135#3,residential|company|restaurant|bus_stop,company,238.79972345576414,789.4714057742513,37.49858497042428,127.023499044737,,,,timeout
dyn_pax_1398,2348.0,2026-09-07 09:39:08,1376141182#0,bus_stop,company,385.7154046370183,1301.0311255965628,37.50322104370192,127.02503873135461,2839.0,491.0,taxi_0,picked
dyn_pax_1399,2351.0,2026-09-07 09:39:11,521766180#3,company|subway_entrance,company,386.1025100472621,1391.5483758557143,37.504036522784034,127.0250216210457,,,,timeout
dyn_pax_1400,2353.0,2026-09-07 09:39:13,521766180#1,company|restaurant|bus_stop,company,466.73410130235357,1169.2838037446552,37.502049542882666,127.02598608796039,,,,timeout
dyn_pax_1401,2355.0,2026-09-07 09:39:15,-504509918#2,company|restaurant|bus_stop,company,398.9694242295193,827.4758220967593,37.49895762305832,127.02530099003066,2844.0,489.0,taxi_respawn_85,picked
dyn_pax_1402,2356.0,2026-09-07 09:39:16,521770119#3,restaurant,,495.372237145516,1095.557338436544,37.501390805360316,127.0263273901891,,,,timeout
dyn_pax_1403,2358.0,2026-09-07 09:39:18,218877837#2,company|restaurant|bus_stop,company,479.4555212141038,978.0213907550284,37.500328997763305,127.02617530290202,2828.0,470.0,taxi_respawn_89,picked
dyn_pax_1404,2359.0,2026-09-07 09:39:19,506191135#3,residential|company|restaurant|bus_stop,company,238.79972345576414,789.4714057742513,37.49858497042428,127.023499044737,2841.0,482.0,taxi_respawn_86,picked
dyn_pax_1405,2361.0,2026-09-07 09:39:21,1376141182#0,bus_stop,company,385.7154046370183,1301.0311255965628,37.50322104370192,127.02503873135461,2860.0,499.0,taxi_respawn_45,picked
dyn_pax_1406,2362.0,2026-09-07 09:39:22,521770116#2,company|restaurant|bus_stop,company,432.3182248087171,1108.514093563608,37.50149560521279,127.02561136613096,2850.0,488.0,taxi_respawn_20,picked
dyn_pax_1407,2363.0,2026-09-07 09:39:23,218877837#2,company|restaurant|bus_stop,company,479.4555212141038,978.0213907550284,37.500328997763305,127.02617530290202,2837.0,474.0,taxi_23,picked
dyn_pax_1408,2365.0,2026-09-07 09:39:25,218873820#0,restaurant|subway_entrance|bus_stop,company,628.9829311132032,562.4061665928522,37.49661325243901,127.02796447999128,2853.0,488.0,taxi_11,picked
dyn_pax_1409,2366.0,2026-09-07 09:39:26,521770119#0,restaurant|bus_stop,company,548.9831206778387,935.1148840516827,37.4999556205417,127.02697161236954,2858.0,492.0,taxi_respawn_44,picked
dyn_pax_1410,2368.0,2026-09-07 09:39:28,506191135#3,residential|company|restaurant|bus_stop,company,238.79972345576414,789.4714057742513,37.49858497042428,127.023499044737,,,,timeout
dyn_pax_1411,2370.0,2026-09-07 09:39:30,521766182#1,company|restaurant|subway_entrance,company,681.695169875507,539.6867345716422,37.496418539503196,127.02856584056028,2864.0,494.0,taxi_respawn_82,picked
dyn_pax_1412,2372.0,2026-09-07 09:39:32,-506191135#22,residential|company|restaurant|bus_stop,company,38.693950105848444,1321.9513167019495,37.50334380565249,127.02110990869835,2872.0,500.0,taxi_respawn_90,picked
dyn_pax_1413,2373.0,2026-09-07 09:39:33,218857636#1,residential|company|restaurant|bus_stop,company,297.92905089287035,623.2061345250047,37.49709839153085,127.02420706961871,,,,timeout
dyn_pax_1414,2375.0,2026-09-07 09:39:35,417933642#0,restaurant|bus_stop,company,1041.0954363710525,463.30841921497654,37.49579826441859,127.03264736696761,2831.0,456.0,taxi_respawn_2,picked
dyn_pax_1415,2376.0,2026-09-07 09:39:36,1117538957#3,restaurant|subway_entrance|bus_stop,company,465.5082521847807,644.8780924026132,37.49732530507706,127.02609663221197,2830.0,454.0,taxi_respawn_8,picked
dyn_pax_1416,2376.0,2026-09-07 09:39:36,178441450#1,residential|company|restaurant|bus_stop,,282.90243066757296,609.4157395563556,37.496971320837204,127.02404044855805,2843.0,467.0,taxi_42,picked
dyn_pax_1417,2377.0,2026-09-07 09:39:37,1376141184#0,bus_stop,company,643.3432253030496,578.0866055082481,37.49675721809014,127.02812312566316,,,,timeout
dyn_pax_1418,2378.0,2026-09-07 09:39:38,-504227066#3,restaurant,,449.3214735737982,636.1754008755333,37.497243849267164,127.02591568328045,2848.0,470.0,taxi_43,picked
dyn_pax_1419,2379.0,2026-09-07 09:39:39,521766175#3,company|restaurant|subway_entrance|bus_stop,company,373.6701172395771,1298.610217621072,37.50319695740621,127.02490310718325,,,,timeout
dyn_pax_1420,2380.0,2026-09-07 09:39:40,506191135#3,residential|company|restaurant|bus_stop,company,238.79972345576414,789.4714057742513,37.49858497042428,127.023499044737,,,,timeout
dyn_pax_1421,2382.0,2026-09-07 09:39:42,1376141184#0,bus_stop,company,643.3432253030496,578.0866055082481,37.49675721809014,127.02812312566316,,,,timeout
dyn_pax_1422,2383.0,2026-09-07 09:39:43,218877837#2,company|restaurant|bus_stop,company,479.4555212141038,978.0213907550284,37.500328997763305,127.02617530290202,,,,timeout
dyn_pax_1423,2384.0,2026-09-07 09:39:44,504227067#4,residential|restaurant,,502.84500120553366,479.2066548114549,37.49583994070096,127.02655806263846,2838.0,454.0,taxi_respawn_64,picked
dyn_pax_1424,2385.0,2026-09-07 09:39:45,541692164#1,subway_entrance,company,271.6277521231475,1406.6420105391767,37.5041508337347,127.02372362926798,,,,timeout
dyn_pax_1425,2386.0,2026-09-07 09:39:46,-542367267#1,bus_stop,company,247.51018316686128,1414.7184918773391,37.504219024473855,127.02344900430944,,,,timeout
dyn_pax_1426,2387.0,2026-09-07 09:39:47,521770116#2,company|restaurant|bus_stop,company,432.3182248087171,1108.514093563608,37.50149560521279,127.02561136613096,,,,timeout
dyn_pax_1427,2388.0,2026-09-07 09:39:48,-129731852,restaurant,,721.4959946165901,929.589824990092,37.499938423771525,127.02892348366522,2857.0,469.0,taxi_5,picked
dyn_pax_1428,2390.0,2026-09-07 09:39:50,218857636#1,residential|company|restaurant|bus_stop,,297.92905089287035,623.2061345250047,37.49709839153085,127.02420706961871,,,,timeout
dyn_pax_1429,2392.0,2026-09-07 09:39:52,-417933645#2,company|restaurant|subway_entrance,company,701.1658676593129,719.5455833044954,37.49804244093877,127.02874337560036,,,,timeout
dyn_pax_1430,2393.0,2026-09-07 09:39:53,975332778#1,bus_stop,company,681.6099970732737,721.9380561808346,37.49806030190971,127.02852170075586,,,,timeout
dyn_pax_1431,2394.0,2026-09-07 09:39:54,521766175#1,company|restaurant|subway_entrance,company,332.9365590021661,1411.5585828157227,37.504206724109,127.02441570308932,,,,timeout
dyn_pax_1432,2396.0,2026-09-07 09:39:56,-506191135#22,residential|company|restaurant|bus_stop,company,38.693950105848444,1321.9513167019495,37.50334380565249,127.02110990869835,,,,timeout
dyn_pax_1433,2397.0,2026-09-07 09:39:57,-542367267#1,bus_stop,company,247.51018316686128,1414.7184918773391,37.504219024473855,127.02344900430944,,,,timeout
dyn_pax_1434,2399.0,2026-09-07 09:39:59,218873820#0,restaurant|subway_entrance|bus_stop,company,628.9829311132032,562.4061665928522,37.49661325243901,127.02796447999128,,,,timeout
dyn_pax_1435,2400.0,2026-09-07 09:40:00,218873820#0,restaurant|subway_entrance|bus_stop,company,628.9829311132032,562.4061665928522,37.49661325243901,127.02796447999128,,,,timeout
dyn_pax_1436,2401.0,2026-09-07 09:40:01,521766175#3,company|restaurant|subway_entrance|bus_stop,company,373.6701172395771,1298.610217621072,37.50319695740621,127.02490310718325,,,,timeout
dyn_pax_1437,2401.0,2026-09-07 09:40:01,521766175#1,company|restaurant|subway_entrance,,332.9365590021661,1411.5585828157227,37.504206724109,127.02441570308932,,,,timeout
dyn_pax_1438,2401.0,2026-09-07 09:40:01,521766180#1,company|restaurant|bus_stop,,466.73410130235357,1169.2838037446552,37.502049542882666,127.02598608796039,2897.0,496.0,taxi_respawn_3,picked
dyn_pax_1439,2403.0,2026-09-07 09:40:03,1117538958#3,bus_stop,company,160.18899290588462,540.6019911995099,37.49632820280781,127.02266936696756,,,,timeout
dyn_pax_1440,2404.0,2026-09-07 09:40:04,975332778#1,bus_stop,company,681.6099970732737,721.9380561808346,37.49806030190971,127.02852170075586,,,,timeout
dyn_pax_1441,2407.0,2026-09-07 09:40:07,-506191135#2,residential|bus_stop,company,236.19733776439384,769.6838415951818,37.49840622577806,127.02347432089968,,,,timeout
dyn_pax_1442,2411.0,2026-09-07 09:40:11,-417933645#2,company|restaurant|subway_entrance,company,701.1658676593129,719.5455833044954,37.49804244093877,127.02874337560036,,,,timeout
dyn_pax_1443,2412.0,2026-09-07 09:40:12,504227069,residential|restaurant,,587.1158993285404,291.7776336445087,37.4941674385472,127.02755526357365,,,,timeout
dyn_pax_1444,2413.0,2026-09-07 09:40:13,375049565#6,restaurant|subway_entrance|bus_stop,company,789.5153251748014,798.8522330112556,37.49877353199428,127.02972351946808,2897.0,484.0,taxi_respawn_34,picked
dyn_pax_1445,2414.0,2026-09-07 09:40:14,1376141183#0,bus_stop,company,548.2528111146681,901.2117688498424,37.49965007283687,127.02697139402301,,,,timeout
dyn_pax_1446,2416.0,2026-09-07 09:40:16,521766180#3,company|subway_entrance,company,386.1025100472621,1391.5483758557143,37.504036522784034,127.0250216210457,,,,timeout
dyn_pax_1447,2417.0,2026-09-07 09:40:17,521766175#3,company|restaurant|subway_entrance|bus_stop,company,373.6701172395771,1298.610217621072,37.50319695740621,127.02490310718325,,,,timeout
dyn_pax_1448,2418.0,2026-09-07 09:40:18,417933642#0,restaurant|bus_stop,company,1041.0954363710525,463.30841921497654,37.49579826441859,127.03264736696761,,,,timeout
dyn_pax_1449,2420.0,2026-09-07 09:40:20,375049565#6,restaurant|subway_entrance|bus_stop,company,789.5153251748014,798.8522330112556,37.49877353199428,127.02972351946808,2907.0,487.0,taxi_respawn_65,picked
dyn_pax_1450,2424.0,2026-09-07 09:40:24,1117538957#3,restaurant|subway_entrance|bus_stop,company,465.5082521847807,644.8780924026132,37.49732530507706,127.02609663221197,2887.0,463.0,taxi_respawn_40,picked
dyn_pax_1451,2425.0,2026-09-07 09:40:25,1229817205#0,company|subway_entrance|bus_stop,company,599.2457558679199,652.2907550986157,37.497417346160496,127.02760695963683,2891.0,466.0,taxi_respawn_70,picked
dyn_pax_1452,2427.0,2026-09-07 09:40:27,521766182#1,company|restaurant|subway_entrance,company,681.695169875507,539.6867345716422,37.496418539503196,127.02856584056028,,,,timeout
dyn_pax_1453,2428.0,2026-09-07 09:40:28,1229817205#0,company|subway_entrance|bus_stop,company,599.2457558679199,652.2907550986157,37.497417346160496,127.02760695963683,,,,timeout
dyn_pax_1454,2430.0,2026-09-07 09:40:30,-506191135#22,residential|company|restaurant|bus_stop,company,38.693950105848444,1321.9513167019495,37.50334380565249,127.02110990869835,,,,timeout
dyn_pax_1455,2431.0,2026-09-07 09:40:31,218857636#1,residential|company|restaurant|bus_stop,company,297.92905089287035,623.2061345250047,37.49709839153085,127.02420706961871,2887.0,456.0,taxi_respawn_36,picked
dyn_pax_1456,2432.0,2026-09-07 09:40:32,521766175#3,company|restaurant|subway_entrance|bus_stop,,373.6701172395771,1298.610217621072,37.50319695740621,127.02490310718325,,,,timeout
dyn_pax_1457,2433.0,2026-09-07 09:40:33,521770116#2,company|restaurant|bus_stop,company,432.3182248087171,1108.514093563608,37.50149560521279,127.02561136613096,,,,timeout
dyn_pax_1458,2433.0,2026-09-07 09:40:33,239962780#1,company|restaurant,,78.091042197054,1418.7355011637856,37.504223128704645,127.02153236485597,,,,timeout
dyn_pax_1459,2434.0,2026-09-07 09:40:34,375049565#6,restaurant|subway_entrance|bus_stop,company,789.5153251748014,798.8522330112556,37.49877353199428,127.02972351946808,,,,timeout
dyn_pax_1460,2435.0,2026-09-07 09:40:35,523141074#0,company|restaurant|subway_entrance,company,524.0338794858329,871.4890157117229,37.4993777454413,127.02670460634431,,,,timeout
dyn_pax_1461,2437.0,2026-09-07 09:40:37,521770119#0,restaurant|bus_stop,company,548.9831206778387,935.1148840516827,37.4999556205417,127.02697161236954,,,,timeout
dyn_pax_1462,2438.0,2026-09-07 09:40:38,178441450#1,residential|company|restaurant|bus_stop,company,282.90243066757296,609.4157395563556,37.496971320837204,127.02404044855805,,,,timeout
dyn_pax_1463,2440.0,2026-09-07 09:40:40,506191135#3,residential|company|restaurant|bus_stop,company,238.79972345576414,789.4714057742513,37.49858497042428,127.023499044737,,,,timeout
dyn_pax_1464,2441.0,2026-09-07 09:40:41,218873820#0,restaurant|subway_entrance|bus_stop,company,628.9829311132032,562.4061665928522,37.49661325243901,127.02796447999128,,,,timeout
dyn_pax_1465,2442.0,2026-09-07 09:40:42,521766175#3,company|restaurant|subway_entrance|bus_stop,company,373.6701172395771,1298.610217621072,37.50319695740621,127.02490310718325,,,,timeout
dyn_pax_1466,2444.0,2026-09-07 09:40:44,218873820#0,restaurant|subway_entrance|bus_stop,company,628.9829311132032,562.4061665928522,37.49661325243901,127.02796447999128,,,,timeout
dyn_pax_1467,2445.0,2026-09-07 09:40:45,521766182#1,company|restaurant|subway_entrance,company,681.695169875507,539.6867345716422,37.496418539503196,127.02856584056028,,,,timeout
dyn_pax_1468,2445.0,2026-09-07 09:40:45,-129731721#2,company|restaurant,,388.6558839574922,820.9778890483499,37.49889713764622,127.02518592115393,,,,timeout
dyn_pax_1469,2447.0,2026-09-07 09:40:47,417933642#0,restaurant|bus_stop,company,1041.0954363710525,463.30841921497654,37.49579826441859,127.03264736696761,,,,timeout
dyn_pax_1470,2447.0,2026-09-07 09:40:47,504512001,restaurant,,488.2111633916996,684.0143948730154,37.497682147346794,127.02634403725544,,,,timeout
dyn_pax_1471,2449.0,2026-09-07 09:40:49,521766175#1,company|restaurant|subway_entrance,company,332.9365590021661,1411.5585828157227,37.504206724109,127.02441570308932,,,,timeout
dyn_pax_1472,2450.0,2026-09-07 09:40:50,-379463134#1,restaurant,,479.36604535588674,1259.6870258351425,37.50286630987452,127.02610747054479,,,,timeout
dyn_pax_1473,2451.0,2026-09-07 09:40:51,218873820#1,restaurant|bus_stop,company,647.4058653861567,510.6179408698636,37.49615020572141,127.02818504540632,,,,timeout
dyn_pax_1474,2454.0,2026-09-07 09:40:54,218877837#2,company|restaurant|bus_stop,company,479.4555212141038,978.0213907550284,37.500328997763305,127.02617530290202,,,,timeout
dyn_pax_1475,2455.0,2026-09-07 09:40:55,-506191135#22,residential|company|restaurant|bus_stop,company,38.693950105848444,1321.9513167019495,37.50334380565249,127.02110990869835,,,,timeout
dyn_pax_1476,2457.0,2026-09-07 09:40:57,-506191135#22,residential|company|restaurant|bus_stop,company,38.693950105848444,1321.9513167019495,37.50334380565249,127.02110990869835,,,,timeout
dyn_pax_1477,2458.0,2026-09-07 09:40:58,-542367267#1,bus_stop,company,247.51018316686128,1414.7184918773391,37.504219024473855,127.02344900430944,,,,timeout
dyn_pax_1478,2459.0,2026-09-07 09:40:59,375049565#6,restaurant|subway_entrance|bus_stop,company,789.5153251748014,798.8522330112556,37.49877353199428,127.02972351946808,2956.0,497.0,taxi_respawn_84,picked
dyn_pax_1479,2461.0,2026-09-07 09:41:01,218873820#0,restaurant|subway_entrance|bus_stop,company,628.9829311132032,562.4061665928522,37.49661325243901,127.02796447999128,,,,timeout
dyn_pax_1480,2462.0,2026-09-07 09:41:02,541692164#1,subway_entrance,company,271.6277521231475,1406.6420105391767,37.5041508337347,127.02372362926798,,,,timeout
dyn_pax_1481,2464.0,2026-09-07 09:41:04,-541692164#2,subway_entrance,company,317.7122087179151,1441.0296574375257,37.504469327730426,127.0242365566347,,,,timeout
dyn_pax_1482,2465.0,2026-09-07 09:41:05,305539406,company|restaurant|subway_entrance,company,566.389495917364,736.5285064605782,37.49816998085155,127.02721550408178,,,,timeout
dyn_pax_1483,2466.0,2026-09-07 09:41:06,521766175#1,company|restaurant|subway_entrance,company,332.9365590021661,1411.5585828157227,37.504206724109,127.02441570308932,,,,timeout
dyn_pax_1484,2468.0,2026-09-07 09:41:08,494824662#3,restaurant|subway_entrance,company,729.424850252167,406.6843378518681,37.49522941823122,127.02913698209235,,,,timeout
dyn_pax_1485,2469.0,2026-09-07 09:41:09,521766182#1,company|restaurant|subway_entrance,company,681.695169875507,539.6867345716422,37.496418539503196,127.02856584056028,,,,timeout
dyn_pax_1486,2471.0,2026-09-07 09:41:11,218857636#1,residential|company|restaurant|bus_stop,company,297.92905089287035,623.2061345250047,37.49709839153085,127.02420706961871,2955.0,484.0,taxi_respawn_57,picked
dyn_pax_1487,2471.0,2026-09-07 09:41:11,521770119#3,restaurant,,495.372237145516,1095.557338436544,37.501390805360316,127.0263273901891,,,,timeout
dyn_pax_1488,2472.0,2026-09-07 09:41:12,521766175#1,company|restaurant|subway_entrance,company,332.9365590021661,1411.5585828157227,37.504206724109,127.02441570308932,,,,timeout
dyn_pax_1489,2473.0,2026-09-07 09:41:13,-506191135#22,residential|company|restaurant|bus_stop,company,38.693950105848444,1321.9513167019495,37.50334380565249,127.02110990869835,,,,timeout
dyn_pax_1490,2475.0,2026-09-07 09:41:15,541692164#1,subway_entrance,company,271.6277521231475,1406.6420105391767,37.5041508337347,127.02372362926798,,,,timeout
dyn_pax_1491,2475.0,2026-09-07 09:41:15,805827756#0,restaurant,,725.8600087193602,932.9429066344904,37.49996945301828,127.02897203227693,2965.0,490.0,taxi_33,picked
dyn_pax_1492,2476.0,2026-09-07 09:41:16,521766180#1,company|restaurant|bus_stop,company,466.73410130235357,1169.2838037446552,37.502049542882666,127.02598608796039,,,,timeout
dyn_pax_1493,2478.0,2026-09-07 09:41:18,521766175#1,company|restaurant|subway_entrance,company,332.9365590021661,1411.5585828157227,37.504206724109,127.02441570308932,,,,timeout
dyn_pax_1494,2478.0,2026-09-07 09:41:18,129733424#1,restaurant,,625.7652907028337,1027.567371479777,37.50080296382065,127.02781785674841,2978.0,500.0,taxi_respawn_80,picked
dyn_pax_1495,2479.0,2026-09-07 09:41:19,1229817205#0,company|subway_entrance|bus_stop,company,599.2457558679199,652.2907550986157,37.497417346160496,127.02760695963683,,,,timeout
dyn_pax_1496,2481.0,2026-09-07 09:41:21,1229817205#0,company|subway_entrance|bus_stop,company,599.2457558679199,652.2907550986157,37.497417346160496,127.02760695963683,,,,timeout
dyn_pax_1497,2482.0,2026-09-07 09:41:22,1117538957#3,restaurant|subway_entrance|bus_stop,company,465.5082521847807,644.8780924026132,37.49732530507706,127.02609663221197,2954.0,472.0,taxi_respawn_93,picked
dyn_pax_1498,2483.0,2026-09-07 09:41:23,-504509918#2,company|restaurant|bus_stop,company,398.9694242295193,827.4758220967593,37.49895762305832,127.02530099003066,2948.0,465.0,taxi_respawn_18,picked
dyn_pax_1499,2485.0,2026-09-07 09:41:25,521766180#3,company|subway_entrance,company,386.1025100472621,1391.5483758557143,37.504036522784034,127.0250216210457,,,,timeout
dyn_pax_1500,2486.0,2026-09-07 09:41:26,520307304#0,school|subway_entrance|bus_stop,company,602.6035134310263,763.145495629718,37.498416594724866,127.02761864854104,2951.0,465.0,taxi_1,picked
dyn_pax_1501,2488.0,2026-09-07 09:41:28,1117538957#3,restaurant|subway_entrance|bus_stop,company,465.5082521847807,644.8780924026132,37.49732530507706,127.02609663221197,,,,timeout
dyn_pax_1502,2489.0,2026-09-07 09:41:29,521766180#3,company|subway_entrance,company,386.1025100472621,1391.5483758557143,37.504036522784034,127.0250216210457,,,,timeout
dyn_pax_1503,2489.0,2026-09-07 09:41:29,1117538958#2,company,,104.12900552775619,520.131995808405,37.496133188537314,127.02204040818502,,,,timeout
dyn_pax_1504,2490.0,2026-09-07 09:41:30,-506191135#2,residential|bus_stop,company,236.19733776439384,769.6838415951818,37.49840622577806,127.02347432089968,,,,timeout
dyn_pax_1505,2492.0,2026-09-07 09:41:32,1376141182#0,bus_stop,company,385.7154046370183,1301.0311255965628,37.50322104370192,127.02503873135461,,,,timeout
dyn_pax_1506,2492.0,2026-09-07 09:41:32,117790036#1,company,,849.7103307162836,1232.6514730855474,37.50269269072902,127.03030143103514,2957.0,465.0,taxi_respawn_46,picked
dyn_pax_1507,2493.0,2026-09-07 09:41:33,305539406,company|restaurant|subway_entrance,company,566.389495917364,736.5285064605782,37.49816998085155,127.02721550408178,,,,timeout
dyn_pax_1508,2495.0,2026-09-07 09:41:35,1376141184#0,bus_stop,company,643.3432253030496,578.0866055082481,37.49675721809014,127.02812312566316,,,,timeout
dyn_pax_1509,2496.0,2026-09-07 09:41:36,-417933645#2,company|restaurant|subway_entrance,company,701.1658676593129,719.5455833044954,37.49804244093877,127.02874337560036,,,,timeout
dyn_pax_1510,2497.0,2026-09-07 09:41:37,-506191135#2,residential|bus_stop,company,236.19733776439384,769.6838415951818,37.49840622577806,127.02347432089968,,,,timeout
dyn_pax_1511,2499.0,2026-09-07 09:41:39,494824662#3,restaurant|subway_entrance,company,729.424850252167,406.6843378518681,37.49522941823122,127.02913698209235,,,,timeout
dyn_pax_1512,2500.0,2026-09-07 09:41:40,417933642#0,restaurant|bus_stop,company,1041.0954363710525,463.30841921497654,37.49579826441859,127.03264736696761,,,,timeout
dyn_pax_1513,2501.0,2026-09-07 09:41:41,-379463134#2,restaurant,,527.5499142349145,1277.2476095039178,37.50303360705943,127.02664812966836,,,,timeout
dyn_pax_1514,2502.0,2026-09-07 09:41:42,1117538957#3,restaurant|subway_entrance|bus_stop,company,465.5082521847807,644.8780924026132,37.49732530507706,127.02609663221197,,,,timeout
dyn_pax_1515,2503.0,2026-09-07 09:41:43,480850873,company|restaurant|bus_stop,company,548.1935052770749,708.5896639848544,37.49791486187584,127.0270163956136,,,,timeout
dyn_pax_1516,2505.0,2026-09-07 09:41:45,375049565#6,restaurant|subway_entrance|bus_stop,company,789.5153251748014,798.8522330112556,37.49877353199428,127.02972351946808,,,,timeout
dyn_pax_1517,2506.0,2026-09-07 09:41:46,1376141184#0,bus_stop,company,643.3432253030496,578.0866055082481,37.49675721809014,127.02812312566316,,,,timeout
dyn_pax_1518,2507.0,2026-09-07 09:41:47,521766182#1,company|restaurant|subway_entrance,company,681.695169875507,539.6867345716422,37.496418539503196,127.02856584056028,,,,timeout
dyn_pax_1519,2509.0,2026-09-07 09:41:49,521766180#2,company|restaurant|subway_entrance,company,439.1682246573338,1248.125402422748,37.50275456053775,127.0256556898917,,,,timeout
dyn_pax_1520,2510.0,2026-09-07 09:41:50,521770119#0,restaurant|bus_stop,company,548.9831206778387,935.1148840516827,37.4999556205417,127.02697161236954,,,,timeout
dyn_pax_1521,2512.0,2026-09-07 09:41:52,-541692164#2,subway_entrance,company,317.7122087179151,1441.0296574375257,37.504469327730426,127.0242365566347,3011.0,499.0,taxi_respawn_73,picked
dyn_pax_1522,2513.0,2026-09-07 09:41:53,218864491#0,restaurant|bus_stop,company,769.9803916976219,760.1217113917903,37.49842094941813,127.02951181742357,3010.0,497.0,taxi_respawn_62,picked
dyn_pax_1523,2516.0,2026-09-07 09:41:56,506191135#3,residential|company|restaurant|bus_stop,company,238.79972345576414,789.4714057742513,37.49858497042428,127.023499044737,,,,timeout
dyn_pax_1524,2517.0,2026-09-07 09:41:57,521766175#1,company|restaurant|subway_entrance,company,332.9365590021661,1411.5585828157227,37.504206724109,127.02441570308932,3005.0,488.0,taxi_respawn_14,picked
dyn_pax_1525,2520.0,2026-09-07 09:42:00,218873820#1,restaurant|bus_stop,company,647.4058653861567,510.6179408698636,37.49615020572141,127.02818504540632,,,,timeout
dyn_pax_1526,2521.0,2026-09-07 09:42:01,1117538957#3,restaurant|subway_entrance|bus_stop,company,465.5082521847807,644.8780924026132,37.49732530507706,127.02609663221197,,,,timeout
dyn_pax_1527,2521.0,2026-09-07 09:42:01,805827757#0,restaurant,,762.3138727549854,912.1862152730512,37.49978934916138,127.02938912364917,,,,timeout
dyn_pax_1528,2523.0,2026-09-07 09:42:03,1376141184#0,bus_stop,company,643.3432253030496,578.0866055082481,37.49675721809014,127.02812312566316,,,,timeout
dyn_pax_1529,2524.0,2026-09-07 09:42:04,521770119#1,restaurant|bus_stop,company,527.3115514435282,995.8620162900467,37.50049875494786,127.02671217090477,3014.0,490.0,taxi_respawn_75,picked
dyn_pax_1530,2526.0,2026-09-07 09:42:06,218864491#0,restaurant|bus_stop,company,769.9803916976219,760.1217113917903,37.49842094941813,127.02951181742357,,,,timeout
dyn_pax_1531,2527.0,2026-09-07 09:42:07,218873820#0,restaurant|subway_entrance|bus_stop,company,628.9829311132032,562.4061665928522,37.49661325243901,127.02796447999128,,,,timeout
dyn_pax_1532,2530.0,2026-09-07 09:42:10,521770116#2,company|restaurant|bus_stop,company,432.3182248087171,1108.514093563608,37.50149560521279,127.02561136613096,3010.0,480.0,taxi_respawn_72,picked
dyn_pax_1533,2531.0,2026-09-07 09:42:11,521766182#1,company|restaurant|subway_entrance,company,681.695169875507,539.6867345716422,37.496418539503196,127.02856584056028,3006.0,475.0,taxi_respawn_79,picked
dyn_pax_1534,2533.0,2026-09-07 09:42:13,506191135#3,residential|company|restaurant|bus_stop,company,238.79972345576414,789.4714057742513,37.49858497042428,127.023499044737,3024.0,491.0,taxi_respawn_67,picked
dyn_pax_1535,2534.0,2026-09-07 09:42:14,1229817205#1,residential|bus_stop,company,631.6400080768872,572.7061575261558,37.49670653972221,127.02799208080955,3032.0,498.0,taxi_respawn_30,picked
dyn_pax_1536,2537.0,2026-09-07 09:42:17,521766182#1,company|restaurant|subway_entrance,company,681.695169875507,539.6867345716422,37.496418539503196,127.02856584056028,3016.0,479.0,taxi_respawn_82,picked
dyn_pax_1537,2537.0,2026-09-07 09:42:17,129731859#7,restaurant,,1027.2096381836107,997.5648919281483,37.50060841330955,127.03236404697942,,,,timeout
dyn_pax_1538,2538.0,2026-09-07 09:42:18,480850873,company|restaurant|bus_stop,company,548.1935052770749,708.5896639848544,37.49791486187584,127.0270163956136,3037.0,499.0,taxi_47,picked
dyn_pax_1539,2540.0,2026-09-07 09:42:20,1117538957#3,restaurant|subway_entrance|bus_stop,company,465.5082521847807,644.8780924026132,37.49732530507706,127.02609663221197,3038.0,498.0,taxi_respawn_94,picked
dyn_pax_1540,2541.0,2026-09-07 09:42:21,521766180#1,company|restaurant|bus_stop,company,466.73410130235357,1169.2838037446552,37.502049542882666,127.02598608796039,3040.0,499.0,taxi_respawn_2,picked
dyn_pax_1541,2543.0,2026-09-07 09:42:23,521770119#0,restaurant|bus_stop,company,548.9831206778387,935.1148840516827,37.4999556205417,127.02697161236954,,,,timeout
dyn_pax_1542,2544.0,2026-09-07 09:42:24,521766180#1,company|restaurant|bus_stop,company,466.73410130235357,1169.2838037446552,37.502049542882666,127.02598608796039,,,,timeout
dyn_pax_1543,2545.0,2026-09-07 09:42:25,1376141184#0,bus_stop,company,643.3432253030496,578.0866055082481,37.49675721809014,127.02812312566316,,,,timeout
dyn_pax_1544,2547.0,2026-09-07 09:42:27,521770116#2,company|restaurant|bus_stop,company,432.3182248087171,1108.514093563608,37.50149560521279,127.02561136613096,3014.0,467.0,taxi_respawn_78,picked
dyn_pax_1545,2548.0,2026-09-07 09:42:28,521766180#2,company|restaurant|subway_entrance,company,439.1682246573338,1248.125402422748,37.50275456053775,127.0256556898917,,,,timeout
dyn_pax_1546,2550.0,2026-09-07 09:42:30,218873820#0,restaurant|subway_entrance|bus_stop,company,628.9829311132032,562.4061665928522,37.49661325243901,127.02796447999128,3047.0,497.0,taxi_respawn_23,picked
dyn_pax_1547,2551.0,2026-09-07 09:42:31,-506191135#2,residential|bus_stop,company,236.19733776439384,769.6838415951818,37.49840622577806,127.02347432089968,3035.0,484.0,taxi_25,picked
dyn_pax_1548,2553.0,2026-09-07 09:42:33,218864491#0,restaurant|bus_stop,company,769.9803916976219,760.1217113917903,37.49842094941813,127.02951181742357,,,,timeout
dyn_pax_1549,2554.0,2026-09-07 09:42:34,1229817205#1,residential|bus_stop,company,631.6400080768872,572.7061575261558,37.49670653972221,127.02799208080955,,,,timeout
dyn_pax_1550,2555.0,2026-09-07 09:42:35,218873820#0,restaurant|subway_entrance|bus_stop,company,628.9829311132032,562.4061665928522,37.49661325243901,127.02796447999128,,,,timeout
dyn_pax_1551,2557.0,2026-09-07 09:42:37,521766180#3,company|subway_entrance,company,386.1025100472621,1391.5483758557143,37.504036522784034,127.0250216210457,,,,timeout
dyn_pax_1552,2558.0,2026-09-07 09:42:38,521770116#2,company|restaurant|bus_stop,company,432.3182248087171,1108.514093563608,37.50149560521279,127.02561136613096,3020.0,462.0,taxi_respawn_92,picked
dyn_pax_1553,2561.0,2026-09-07 09:42:41,521766182#1,company|restaurant|subway_entrance,company,681.695169875507,539.6867345716422,37.496418539503196,127.02856584056028,3048.0,487.0,taxi_respawn_83,picked
dyn_pax_1554,2562.0,2026-09-07 09:42:42,506191135#3,residential|company|restaurant|bus_stop,company,238.79972345576414,789.4714057742513,37.49858497042428,127.023499044737,3060.0,498.0,taxi_respawn_16,picked
dyn_pax_1555,2564.0,2026-09-07 09:42:44,975332778#1,bus_stop,company,681.6099970732737,721.9380561808346,37.49806030190971,127.02852170075586,,,,timeout
dyn_pax_1556,2565.0,2026-09-07 09:42:45,521766180#3,company|subway_entrance,company,386.1025100472621,1391.5483758557143,37.504036522784034,127.0250216210457,,,,timeout
dyn_pax_1557,2567.0,2026-09-07 09:42:47,520307304#0,school|subway_entrance|bus_stop,company,602.6035134310263,763.145495629718,37.498416594724866,127.02761864854104,3061.0,494.0,taxi_respawn_87,picked
dyn_pax_1558,2568.0,2026-09-07 09:42:48,520307304#0,school|subway_entrance|bus_stop,company,602.6035134310263,763.145495629718,37.498416594724866,127.02761864854104,,,,timeout
dyn_pax_1559,2571.0,2026-09-07 09:42:51,218873820#0,restaurant|subway_entrance|bus_stop,company,628.9829311132032,562.4061665928522,37.49661325243901,127.02796447999128,,,,timeout
dyn_pax_1560,2572.0,2026-09-07 09:42:52,1229817205#1,residential|bus_stop,company,631.6400080768872,572.7061575261558,37.49670653972221,127.02799208080955,,,,timeout
dyn_pax_1561,2575.0,2026-09-07 09:42:55,521766180#1,company|restaurant|bus_stop,company,466.73410130235357,1169.2838037446552,37.502049542882666,127.02598608796039,3036.0,461.0,taxi_respawn_35,picked
dyn_pax_1562,2577.0,2026-09-07 09:42:57,218857636#1,residential|company|restaurant|bus_stop,company,297.92905089287035,623.2061345250047,37.49709839153085,127.02420706961871,,,,timeout
dyn_pax_1563,2578.0,2026-09-07 09:42:58,218873820#0,restaurant|subway_entrance|bus_stop,company,628.9829311132032,562.4061665928522,37.49661325243901,127.02796447999128,,,,timeout
dyn_pax_1564,2578.0,2026-09-07 09:42:58,1537068130#0,residential,,915.247444986279,1279.656751811989,37.50312848832193,127.03103134780491,3030.0,452.0,taxi_respawn_38,picked
dyn_pax_1565,2579.0,2026-09-07 09:42:59,-417933645#2,company|restaurant|subway_entrance,company,701.1658676593129,719.5455833044954,37.49804244093877,127.02874337560036,3070.0,491.0,taxi_19,picked
dyn_pax_1566,2581.0,2026-09-07 09:43:01,480850873,company|restaurant|bus_stop,company,548.1935052770749,708.5896639848544,37.49791486187584,127.0270163956136,,,,timeout
dyn_pax_1567,2582.0,2026-09-07 09:43:02,-542367267#1,bus_stop,company,247.51018316686128,1414.7184918773391,37.504219024473855,127.02344900430944,3046.0,464.0,taxi_respawn_97,picked
dyn_pax_1568,2583.0,2026-09-07 09:43:03,-417750337#0,restaurant,,672.8749254632385,1321.3640627464144,37.50345847130562,127.02828089713113,3024.0,441.0,taxi_respawn_6,picked
dyn_pax_1569,2583.0,2026-09-07 09:43:03,521766180#2,company|restaurant|subway_entrance,,439.1682246573338,1248.125402422748,37.50275456053775,127.0256556898917,,,,timeout
dyn_pax_1570,2584.0,2026-09-07 09:43:04,494824662#3,restaurant|subway_entrance,company,729.424850252167,406.6843378518681,37.49522941823122,127.02913698209235,,,,timeout
dyn_pax_1571,2585.0,2026-09-07 09:43:05,1117538957#3,restaurant|subway_entrance|bus_stop,company,465.5082521847807,644.8780924026132,37.49732530507706,127.02609663221197,,,,timeout
dyn_pax_1572,2585.0,2026-09-07 09:43:05,-129731717#1,residential|company|restaurant,,188.433090102474,1374.3511058470413,37.503844200149025,127.0227905913032,,,,timeout
dyn_pax_1573,2586.0,2026-09-07 09:43:06,494824662#3,restaurant|subway_entrance,company,729.424850252167,406.6843378518681,37.49522941823122,127.02913698209235,,,,timeout
dyn_pax_1574,2588.0,2026-09-07 09:43:08,218857636#1,residential|company|restaurant|bus_stop,company,297.92905089287035,623.2061345250047,37.49709839153085,127.02420706961871,3070.0,482.0,taxi_respawn_68,picked
dyn_pax_1575,2589.0,2026-09-07 09:43:09,305539406,company|restaurant|subway_entrance,company,566.389495917364,736.5285064605782,37.49816998085155,127.02721550408178,3079.0,490.0,taxi_12,picked
dyn_pax_1576,2591.0,2026-09-07 09:43:11,305539406,company|restaurant|subway_entrance,company,566.389495917364,736.5285064605782,37.49816998085155,127.02721550408178,,,,timeout
dyn_pax_1577,2592.0,2026-09-07 09:43:12,-542367267#1,bus_stop,company,247.51018316686128,1414.7184918773391,37.504219024473855,127.02344900430944,3072.0,480.0,taxi_29,picked
dyn_pax_1578,2592.0,2026-09-07 09:43:12,218873820#1,restaurant|bus_stop,,647.4058653861567,510.6179408698636,37.49615020572141,127.02818504540632,,,,timeout
dyn_pax_1579,2593.0,2026-09-07 09:43:13,218873820#1,restaurant|bus_stop,company,647.4058653861567,510.6179408698636,37.49615020572141,127.02818504540632,,,,timeout
dyn_pax_1580,2595.0,2026-09-07 09:43:15,305539406,company|restaurant|subway_entrance,company,566.389495917364,736.5285064605782,37.49816998085155,127.02721550408178,,,,timeout
dyn_pax_1581,2596.0,2026-09-07 09:43:16,1117538957#3,restaurant|subway_entrance|bus_stop,company,465.5082521847807,644.8780924026132,37.49732530507706,127.02609663221197,3080.0,484.0,taxi_respawn_86,picked
dyn_pax_1582,2598.0,2026-09-07 09:43:18,480850873,company|restaurant|bus_stop,company,548.1935052770749,708.5896639848544,37.49791486187584,127.0270163956136,,,,timeout
dyn_pax_1583,2599.0,2026-09-07 09:43:19,-506191135#22,residential|company|restaurant|bus_stop,company,38.693950105848444,1321.9513167019495,37.50334380565249,127.02110990869835,,,,timeout
dyn_pax_1584,2601.0,2026-09-07 09:43:21,506191135#3,residential|company|restaurant|bus_stop,company,238.79972345576414,789.4714057742513,37.49858497042428,127.023499044737,,,,timeout
dyn_pax_1585,2602.0,2026-09-07 09:43:22,218864491#0,restaurant|bus_stop,company,769.9803916976219,760.1217113917903,37.49842094941813,127.02951181742357,3080.0,478.0,taxi_4,picked
dyn_pax_1586,2604.0,2026-09-07 09:43:24,375049565#6,restaurant|subway_entrance|bus_stop,,789.5153251748014,798.8522330112556,37.49877353199428,127.02972351946808,3086.0,482.0,taxi_48,picked
dyn_pax_1587,2605.0,2026-09-07 09:43:25,-541692164#2,subway_entrance,company,317.7122087179151,1441.0296574375257,37.504469327730426,127.0242365566347,,,,timeout
dyn_pax_1588,2606.0,2026-09-07 09:43:26,541692164#1,subway_entrance,company,271.6277521231475,1406.6420105391767,37.5041508337347,127.02372362926798,,,,timeout
dyn_pax_1589,2608.0,2026-09-07 09:43:28,1229817205#0,company|subway_entrance|bus_stop,company,599.2457558679199,652.2907550986157,37.497417346160496,127.02760695963683,3090.0,482.0,taxi_38,picked
dyn_pax_1590,2609.0,2026-09-07 09:43:29,1376141183#0,bus_stop,company,548.2528111146681,901.2117688498424,37.49965007283687,127.02697139402301,3096.0,487.0,taxi_respawn_15,picked
dyn_pax_1591,2609.0,2026-09-07 09:43:29,309155295#0,company|restaurant,,688.2712938579457,529.5739965525526,37.49632868191341,127.02864258735015,,,,timeout
dyn_pax_1592,2613.0,2026-09-07 09:43:33,1117538957#3,restaurant|subway_entrance|bus_stop,company,465.5082521847807,644.8780924026132,37.49732530507706,127.02609663221197,,,,timeout
dyn_pax_1593,2615.0,2026-09-07 09:43:35,1376141182#0,bus_stop,company,385.7154046370183,1301.0311255965628,37.50322104370192,127.02503873135461,,,,timeout
dyn_pax_1594,2616.0,2026-09-07 09:43:36,1229817205#0,company|subway_entrance|bus_stop,company,599.2457558679199,652.2907550986157,37.497417346160496,127.02760695963683,,,,timeout
dyn_pax_1595,2617.0,2026-09-07 09:43:37,506191135#3,residential|company|restaurant|bus_stop,company,238.79972345576414,789.4714057742513,37.49858497042428,127.023499044737,,,,timeout
dyn_pax_1596,2620.0,2026-09-07 09:43:40,521766175#3,company|restaurant|subway_entrance|bus_stop,,373.6701172395771,1298.610217621072,37.50319695740621,127.02490310718325,,,,timeout
dyn_pax_1597,2622.0,2026-09-07 09:43:42,523141074#0,company|restaurant|subway_entrance,company,524.0338794858329,871.4890157117229,37.4993777454413,127.02670460634431,,,,timeout
dyn_pax_1598,2623.0,2026-09-07 09:43:43,417933642#0,restaurant|bus_stop,company,1041.0954363710525,463.30841921497654,37.49579826441859,127.03264736696761,,,,timeout
dyn_pax_1599,2625.0,2026-09-07 09:43:45,178441450#1,residential|company|restaurant|bus_stop,company,282.90243066757296,609.4157395563556,37.496971320837204,127.02404044855805,,,,timeout
dyn_pax_1600,2626.0,2026-09-07 09:43:46,-504509918#2,company|restaurant|bus_stop,company,398.9694242295193,827.4758220967593,37.49895762305832,127.02530099003066,,,,timeout
dyn_pax_1601,2627.0,2026-09-07 09:43:47,218864491#0,restaurant|bus_stop,company,769.9803916976219,760.1217113917903,37.49842094941813,127.02951181742357,,,,timeout
dyn_pax_1602,2629.0,2026-09-07 09:43:49,-541692164#2,subway_entrance,company,317.7122087179151,1441.0296574375257,37.504469327730426,127.0242365566347,,,,timeout
dyn_pax_1603,2630.0,2026-09-07 09:43:50,1229817205#0,company|subway_entrance|bus_stop,company,599.2457558679199,652.2907550986157,37.497417346160496,127.02760695963683,,,,timeout
dyn_pax_1604,2632.0,2026-09-07 09:43:52,506191135#3,residential|company|restaurant|bus_stop,company,238.79972345576414,789.4714057742513,37.49858497042428,127.023499044737,,,,timeout
dyn_pax_1605,2633.0,2026-09-07 09:43:53,521770116#2,company|restaurant|bus_stop,company,432.3182248087171,1108.514093563608,37.50149560521279,127.02561136613096,,,,timeout
dyn_pax_1606,2636.0,2026-09-07 09:43:56,1376141182#0,bus_stop,company,385.7154046370183,1301.0311255965628,37.50322104370192,127.02503873135461,,,,timeout
dyn_pax_1607,2637.0,2026-09-07 09:43:57,-506191135#22,residential|company|restaurant|bus_stop,company,38.693950105848444,1321.9513167019495,37.50334380565249,127.02110990869835,,,,timeout
dyn_pax_1608,2639.0,2026-09-07 09:43:59,1117538958#3,bus_stop,company,160.18899290588462,540.6019911995099,37.49632820280781,127.02266936696756,,,,timeout
dyn_pax_1609,2641.0,2026-09-07 09:44:01,521766175#3,company|restaurant|subway_entrance|bus_stop,company,373.6701172395771,1298.610217621072,37.50319695740621,127.02490310718325,,,,timeout
dyn_pax_1610,2643.0,2026-09-07 09:44:03,1117538958#3,bus_stop,company,160.18899290588462,540.6019911995099,37.49632820280781,127.02266936696756,,,,timeout
dyn_pax_1611,2644.0,2026-09-07 09:44:04,1117538958#3,bus_stop,company,160.18899290588462,540.6019911995099,37.49632820280781,127.02266936696756,,,,timeout
dyn_pax_1612,2646.0,2026-09-07 09:44:06,1229817205#1,residential|bus_stop,company,631.6400080768872,572.7061575261558,37.49670653972221,127.02799208080955,,,,timeout
dyn_pax_1613,2647.0,2026-09-07 09:44:07,494824662#3,restaurant|subway_entrance,company,729.424850252167,406.6843378518681,37.49522941823122,127.02913698209235,,,,timeout
dyn_pax_1614,2649.0,2026-09-07 09:44:09,521770116#2,company|restaurant|bus_stop,company,432.3182248087171,1108.514093563608,37.50149560521279,127.02561136613096,,,,timeout
dyn_pax_1615,2650.0,2026-09-07 09:44:10,1376141183#0,bus_stop,company,548.2528111146681,901.2117688498424,37.49965007283687,127.02697139402301,3145.0,495.0,taxi_respawn_21,picked
dyn_pax_1616,2651.0,2026-09-07 09:44:11,521770116#2,company|restaurant|bus_stop,company,432.3182248087171,1108.514093563608,37.50149560521279,127.02561136613096,,,,timeout
dyn_pax_1617,2653.0,2026-09-07 09:44:13,218873820#0,restaurant|subway_entrance|bus_stop,company,628.9829311132032,562.4061665928522,37.49661325243901,127.02796447999128,,,,timeout
dyn_pax_1618,2653.0,2026-09-07 09:44:13,504227067#4,residential|restaurant,,502.84500120553366,479.2066548114549,37.49583994070096,127.02655806263846,,,,timeout
dyn_pax_1619,2654.0,2026-09-07 09:44:14,1229817205#0,company|subway_entrance|bus_stop,company,599.2457558679199,652.2907550986157,37.497417346160496,127.02760695963683,,,,timeout
dyn_pax_1620,2655.0,2026-09-07 09:44:15,379463134#0,company,,445.604196565268,1237.9330600893716,37.50266396162017,127.02573088108544,,,,timeout
dyn_pax_1621,2656.0,2026-09-07 09:44:16,494824662#3,restaurant|subway_entrance,company,729.424850252167,406.6843378518681,37.49522941823122,127.02913698209235,,,,timeout
dyn_pax_1622,2658.0,2026-09-07 09:44:18,218864491#0,restaurant|bus_stop,company,769.9803916976219,760.1217113917903,37.49842094941813,127.02951181742357,3133.0,475.0,taxi_respawn_27,picked
dyn_pax_1623,2658.0,2026-09-07 09:44:18,541692164#1,subway_entrance,,271.6277521231475,1406.6420105391767,37.5041508337347,127.02372362926798,,,,timeout
dyn_pax_1624,2660.0,2026-09-07 09:44:20,523141074#0,company|restaurant|subway_entrance,company,524.0338794858329,871.4890157117229,37.4993777454413,127.02670460634431,,,,timeout
dyn_pax_1625,2661.0,2026-09-07 09:44:21,-542367267#1,bus_stop,company,247.51018316686128,1414.7184918773391,37.504219024473855,127.02344900430944,,,,timeout
dyn_pax_1626,2663.0,2026-09-07 09:44:23,-504509918#2,company|restaurant|bus_stop,company,398.9694242295193,827.4758220967593,37.49895762305832,127.02530099003066,,,,timeout
dyn_pax_1627,2664.0,2026-09-07 09:44:24,504227069,residential|restaurant,,587.1158993285404,291.7776336445087,37.4941674385472,127.02755526357365,,,,timeout
dyn_pax_1628,2665.0,2026-09-07 09:44:25,521766175#1,company|restaurant|subway_entrance,company,332.9365590021661,1411.5585828157227,37.504206724109,127.02441570308932,,,,timeout
dyn_pax_1629,2667.0,2026-09-07 09:44:27,1376141182#0,bus_stop,company,385.7154046370183,1301.0311255965628,37.50322104370192,127.02503873135461,,,,timeout
dyn_pax_1630,2670.0,2026-09-07 09:44:30,218857636#1,residential|company|restaurant|bus_stop,company,297.92905089287035,623.2061345250047,37.49709839153085,127.02420706961871,,,,timeout
dyn_pax_1631,2671.0,2026-09-07 09:44:31,178441450#1,residential|company|restaurant|bus_stop,company,282.90243066757296,609.4157395563556,37.496971320837204,127.02404044855805,,,,timeout
dyn_pax_1632,2671.0,2026-09-07 09:44:31,-913950883#1,residential|company|restaurant,,391.36286393582424,840.6655979518604,37.49907500229157,127.0252118555046,,,,timeout
dyn_pax_1633,2673.0,2026-09-07 09:44:33,1376141182#0,bus_stop,company,385.7154046370183,1301.0311255965628,37.50322104370192,127.02503873135461,,,,timeout
dyn_pax_1634,2674.0,2026-09-07 09:44:34,218857636#1,residential|company|restaurant|bus_stop,company,297.92905089287035,623.2061345250047,37.49709839153085,127.02420706961871,,,,timeout
dyn_pax_1635,2675.0,2026-09-07 09:44:35,520307304#0,school|subway_entrance|bus_stop,company,602.6035134310263,763.145495629718,37.498416594724866,127.02761864854104,,,,timeout
dyn_pax_1636,2677.0,2026-09-07 09:44:37,-506191135#2,residential|bus_stop,company,236.19733776439384,769.6838415951818,37.49840622577806,127.02347432089968,,,,timeout
dyn_pax_1637,2678.0,2026-09-07 09:44:38,-417933645#2,company|restaurant|subway_entrance,company,701.1658676593129,719.5455833044954,37.49804244093877,127.02874337560036,,,,timeout
dyn_pax_1638,2680.0,2026-09-07 09:44:40,541692164#1,subway_entrance,company,271.6277521231475,1406.6420105391767,37.5041508337347,127.02372362926798,,,,timeout
dyn_pax_1639,2681.0,2026-09-07 09:44:41,375049565#6,restaurant|subway_entrance|bus_stop,company,789.5153251748014,798.8522330112556,37.49877353199428,127.02972351946808,,,,timeout
dyn_pax_1640,2682.0,2026-09-07 09:44:42,480850873,company|restaurant|bus_stop,company,548.1935052770749,708.5896639848544,37.49791486187584,127.0270163956136,,,,timeout
dyn_pax_1641,2682.0,2026-09-07 09:44:42,129731720#0,residential|company|restaurant,,292.10678712231254,1113.150773394943,37.50151085547559,127.02402489828896,,,,timeout
dyn_pax_1642,2684.0,2026-09-07 09:44:44,178441450#1,residential|company|restaurant|bus_stop,company,282.90243066757296,609.4157395563556,37.496971320837204,127.02404044855805,,,,timeout
dyn_pax_1643,2685.0,2026-09-07 09:44:45,1117538958#3,bus_stop,company,160.18899290588462,540.6019911995099,37.49632820280781,127.02266936696756,,,,timeout
dyn_pax_1644,2687.0,2026-09-07 09:44:47,494824662#3,restaurant|subway_entrance,company,729.424850252167,406.6843378518681,37.49522941823122,127.02913698209235,,,,timeout
dyn_pax_1645,2688.0,2026-09-07 09:44:48,521766180#1,company|restaurant|bus_stop,company,466.73410130235357,1169.2838037446552,37.502049542882666,127.02598608796039,,,,timeout
dyn_pax_1646,2689.0,2026-09-07 09:44:49,521766180#1,company|restaurant|bus_stop,company,466.73410130235357,1169.2838037446552,37.502049542882666,127.02598608796039,,,,timeout
dyn_pax_1647,2691.0,2026-09-07 09:44:51,218857636#1,residential|company|restaurant|bus_stop,company,297.92905089287035,623.2061345250047,37.49709839153085,127.02420706961871,,,,timeout
dyn_pax_1648,2692.0,2026-09-07 09:44:52,975332778#1,bus_stop,company,681.6099970732737,721.9380561808346,37.49806030190971,127.02852170075586,,,,timeout
dyn_pax_1649,2694.0,2026-09-07 09:44:54,521770116#2,company|restaurant|bus_stop,company,432.3182248087171,1108.514093563608,37.50149560521279,127.02561136613096,,,,timeout
dyn_pax_1650,2694.0,2026-09-07 09:44:54,-506191135#22,residential|company|restaurant|bus_stop,,38.693950105848444,1321.9513167019495,37.50334380565249,127.02110990869835,,,,timeout
dyn_pax_1651,2695.0,2026-09-07 09:44:55,375049565#6,restaurant|subway_entrance|bus_stop,company,789.5153251748014,798.8522330112556,37.49877353199428,127.02972351946808,,,,timeout
dyn_pax_1652,2697.0,2026-09-07 09:44:57,1117538957#3,restaurant|subway_entrance|bus_stop,company,465.5082521847807,644.8780924026132,37.49732530507706,127.02609663221197,3188.0,491.0,taxi_respawn_100,picked
dyn_pax_1653,2698.0,2026-09-07 09:44:58,521770119#1,restaurant|bus_stop,company,527.3115514435282,995.8620162900467,37.50049875494786,127.02671217090477,,,,timeout
dyn_pax_1654,2698.0,2026-09-07 09:44:58,506191135#3,residential|company|restaurant|bus_stop,,238.79972345576414,789.4714057742513,37.49858497042428,127.023499044737,,,,timeout
dyn_pax_1655,2699.0,2026-09-07 09:44:59,1229817205#1,residential|bus_stop,company,631.6400080768872,572.7061575261558,37.49670653972221,127.02799208080955,,,,timeout
dyn_pax_1656,2699.0,2026-09-07 09:44:59,417750354#1,restaurant,,919.2899707887079,1024.6134421491665,37.5008317366974,127.03113741131199,,,,timeout
dyn_pax_1657,2701.0,2026-09-07 09:45:01,1229817205#0,company|subway_entrance|bus_stop,company,599.2457558679199,652.2907550986157,37.497417346160496,127.02760695963683,,,,timeout
dyn_pax_1658,2704.0,2026-09-07 09:45:04,375049565#6,restaurant|subway_entrance|bus_stop,company,789.5153251748014,798.8522330112556,37.49877353199428,127.02972351946808,,,,timeout
dyn_pax_1659,2704.0,2026-09-07 09:45:04,1056882877#3,residential|company|restaurant,,365.79280968467333,433.0557487307964,37.495398294451746,127.02501948586043,3189.0,485.0,taxi_respawn_62,picked
dyn_pax_1660,2705.0,2026-09-07 09:45:05,521766180#2,company|restaurant|subway_entrance,company,439.1682246573338,1248.125402422748,37.50275456053775,127.0256556898917,,,,timeout
dyn_pax_1661,2706.0,2026-09-07 09:45:06,521766180#2,company|restaurant|subway_entrance,company,439.1682246573338,1248.125402422748,37.50275456053775,127.0256556898917,,,,timeout
dyn_pax_1662,2708.0,2026-09-07 09:45:08,1229817205#0,company|subway_entrance|bus_stop,company,599.2457558679199,652.2907550986157,37.497417346160496,127.02760695963683,,,,timeout
dyn_pax_1663,2709.0,2026-09-07 09:45:09,1117538958#3,bus_stop,company,160.18899290588462,540.6019911995099,37.49632820280781,127.02266936696756,3191.0,482.0,taxi_respawn_103,picked
dyn_pax_1664,2711.0,2026-09-07 09:45:11,-542367267#1,bus_stop,company,247.51018316686128,1414.7184918773391,37.504219024473855,127.02344900430944,,,,timeout
dyn_pax_1665,2712.0,2026-09-07 09:45:12,521766175#1,company|restaurant|subway_entrance,company,332.9365590021661,1411.5585828157227,37.504206724109,127.02441570308932,,,,timeout
dyn_pax_1666,2713.0,2026-09-07 09:45:13,-542367267#1,bus_stop,company,247.51018316686128,1414.7184918773391,37.504219024473855,127.02344900430944,,,,timeout
dyn_pax_1667,2715.0,2026-09-07 09:45:15,375049565#6,restaurant|subway_entrance|bus_stop,company,789.5153251748014,798.8522330112556,37.49877353199428,127.02972351946808,,,,timeout
dyn_pax_1668,2716.0,2026-09-07 09:45:16,1376141183#0,bus_stop,company,548.2528111146681,901.2117688498424,37.49965007283687,127.02697139402301,,,,timeout
dyn_pax_1669,2716.0,2026-09-07 09:45:16,1117538958#2,company,,104.12900552775619,520.131995808405,37.496133188537314,127.02204040818502,,,,timeout
dyn_pax_1670,2717.0,2026-09-07 09:45:17,417750342#0,residential,,845.3624953099543,1340.16590884019,37.50366039527634,127.03022681464076,3211.0,494.0,taxi_respawn_98,picked
dyn_pax_1671,2718.0,2026-09-07 09:45:18,218864491#0,restaurant|bus_stop,company,769.9803916976219,760.1217113917903,37.49842094941813,127.02951181742357,3196.0,478.0,taxi_0,picked
dyn_pax_1672,2719.0,2026-09-07 09:45:19,-541692164#2,subway_entrance,company,317.7122087179151,1441.0296574375257,37.504469327730426,127.0242365566347,,,,timeout
dyn_pax_1673,2721.0,2026-09-07 09:45:21,1376141183#0,bus_stop,company,548.2528111146681,901.2117688498424,37.49965007283687,127.02697139402301,3218.0,497.0,taxi_respawn_58,picked
dyn_pax_1674,2722.0,2026-09-07 09:45:22,521770119#1,restaurant|bus_stop,company,527.3115514435282,995.8620162900467,37.50049875494786,127.02671217090477,,,,timeout
dyn_pax_1675,2723.0,2026-09-07 09:45:23,506191135#3,residential|company|restaurant|bus_stop,company,238.79972345576414,789.4714057742513,37.49858497042428,127.023499044737,3207.0,484.0,taxi_respawn_107,picked
dyn_pax_1676,2726.0,2026-09-07 09:45:26,218877837#2,company|restaurant|bus_stop,company,479.4555212141038,978.0213907550284,37.500328997763305,127.02617530290202,3192.0,466.0,taxi_respawn_65,picked
dyn_pax_1677,2727.0,2026-09-07 09:45:27,375049565#2,restaurant,,1048.966709229659,894.5327467658005,37.49968436369115,127.03263441305876,3227.0,500.0,taxi_13,picked
dyn_pax_1678,2729.0,2026-09-07 09:45:29,417933642#0,restaurant|bus_stop,company,1041.0954363710525,463.30841921497654,37.49579826441859,127.03264736696761,,,,timeout
dyn_pax_1679,2730.0,2026-09-07 09:45:30,520307304#0,school|subway_entrance|bus_stop,company,602.6035134310263,763.145495629718,37.498416594724866,127.02761864854104,,,,timeout
dyn_pax_1680,2731.0,2026-09-07 09:45:31,117823785#0,company|restaurant,,1360.8740206736493,851.0492627492013,37.499351351792384,127.0361713398344,,,,timeout
dyn_pax_1681,2732.0,2026-09-07 09:45:32,1229817205#0,company|subway_entrance|bus_stop,company,599.2457558679199,652.2907550986157,37.497417346160496,127.02760695963683,,,,timeout
dyn_pax_1682,2732.0,2026-09-07 09:45:32,-117790062#4,company,,666.6267400273903,1210.7400577041187,37.50246075614395,127.02823646445898,3210.0,478.0,taxi_5,picked
dyn_pax_1683,2733.0,2026-09-07 09:45:33,521770116#2,company|restaurant|bus_stop,company,432.3182248087171,1108.514093563608,37.50149560521279,127.02561136613096,,,,timeout
dyn_pax_1684,2733.0,2026-09-07 09:45:33,26163000#0,restaurant,,655.1679463942612,1215.3400880972458,37.50250003106797,127.02810580802628,,,,timeout
dyn_pax_1685,2735.0,2026-09-07 09:45:35,1117538957#3,restaurant|subway_entrance|bus_stop,company,465.5082521847807,644.8780924026132,37.49732530507706,127.02609663221197,,,,timeout
dyn_pax_1686,2736.0,2026-09-07 09:45:36,1229817205#0,company|subway_entrance|bus_stop,company,599.2457558679199,652.2907550986157,37.497417346160496,127.02760695963683,,,,timeout
dyn_pax_1687,2737.0,2026-09-07 09:45:37,521766175#3,company|restaurant|subway_entrance|bus_stop,company,373.6701172395771,1298.610217621072,37.50319695740621,127.02490310718325,,,,timeout
dyn_pax_1688,2738.0,2026-09-07 09:45:38,504227067#4,residential|restaurant,,502.84500120553366,479.2066548114549,37.49583994070096,127.02655806263846,,,,timeout
dyn_pax_1689,2739.0,2026-09-07 09:45:39,521770116#2,company|restaurant|bus_stop,company,432.3182248087171,1108.514093563608,37.50149560521279,127.02561136613096,,,,timeout
dyn_pax_1690,2740.0,2026-09-07 09:45:40,506191135#3,residential|company|restaurant|bus_stop,company,238.79972345576414,789.4714057742513,37.49858497042428,127.023499044737,,,,timeout
dyn_pax_1691,2740.0,2026-09-07 09:45:40,-1011529829#3,residential|restaurant,,246.84006179949273,776.1178104815556,37.49846619888778,127.02359312469504,,,,timeout
dyn_pax_1692,2742.0,2026-09-07 09:45:42,-506191135#2,residential|bus_stop,company,236.19733776439384,769.6838415951818,37.49840622577806,127.02347432089968,,,,timeout
dyn_pax_1693,2743.0,2026-09-07 09:45:43,506191135#3,residential|company|restaurant|bus_stop,company,238.79972345576414,789.4714057742513,37.49858497042428,127.023499044737,,,,timeout
dyn_pax_1694,2745.0,2026-09-07 09:45:45,521770119#1,restaurant|bus_stop,company,527.3115514435282,995.8620162900467,37.50049875494786,127.02671217090477,,,,timeout
dyn_pax_1695,2745.0,2026-09-07 09:45:45,975332778#1,bus_stop,,681.6099970732737,721.9380561808346,37.49806030190971,127.02852170075586,,,,timeout
dyn_pax_1696,2746.0,2026-09-07 09:45:46,506191135#3,residential|company|restaurant|bus_stop,company,238.79972345576414,789.4714057742513,37.49858497042428,127.023499044737,,,,timeout
dyn_pax_1697,2747.0,2026-09-07 09:45:47,218873820#1,restaurant|bus_stop,company,647.4058653861567,510.6179408698636,37.49615020572141,127.02818504540632,,,,timeout
dyn_pax_1698,2749.0,2026-09-07 09:45:49,-506191135#22,residential|company|restaurant|bus_stop,company,38.693950105848444,1321.9513167019495,37.50334380565249,127.02110990869835,,,,timeout
dyn_pax_1699,2750.0,2026-09-07 09:45:50,-504509918#2,company|restaurant|bus_stop,company,398.9694242295193,827.4758220967593,37.49895762305832,127.02530099003066,,,,timeout
dyn_pax_1700,2752.0,2026-09-07 09:45:52,-417933645#2,company|restaurant|subway_entrance,company,701.1658676593129,719.5455833044954,37.49804244093877,127.02874337560036,,,,timeout
dyn_pax_1701,2754.0,2026-09-07 09:45:54,375049565#6,restaurant|subway_entrance|bus_stop,company,789.5153251748014,798.8522330112556,37.49877353199428,127.02972351946808,,,,timeout
dyn_pax_1702,2756.0,2026-09-07 09:45:56,1229817205#0,company|subway_entrance|bus_stop,company,599.2457558679199,652.2907550986157,37.497417346160496,127.02760695963683,,,,timeout
dyn_pax_1703,2757.0,2026-09-07 09:45:57,218877837#2,company|restaurant|bus_stop,company,479.4555212141038,978.0213907550284,37.500328997763305,127.02617530290202,,,,timeout
dyn_pax_1704,2759.0,2026-09-07 09:45:59,541692164#1,subway_entrance,company,271.6277521231475,1406.6420105391767,37.5041508337347,127.02372362926798,3248.0,489.0,taxi_respawn_59,picked
dyn_pax_1705,2760.0,2026-09-07 09:46:00,521770116#2,company|restaurant|bus_stop,company,432.3182248087171,1108.514093563608,37.50149560521279,127.02561136613096,,,,timeout
dyn_pax_1706,2761.0,2026-09-07 09:46:01,1229817205#0,company|subway_entrance|bus_stop,company,599.2457558679199,652.2907550986157,37.497417346160496,127.02760695963683,,,,timeout
dyn_pax_1707,2763.0,2026-09-07 09:46:03,1117538958#3,bus_stop,company,160.18899290588462,540.6019911995099,37.49632820280781,127.02266936696756,,,,timeout
dyn_pax_1708,2764.0,2026-09-07 09:46:04,-417933645#2,company|restaurant|subway_entrance,company,701.1658676593129,719.5455833044954,37.49804244093877,127.02874337560036,,,,timeout
dyn_pax_1709,2766.0,2026-09-07 09:46:06,218864491#0,restaurant|bus_stop,company,769.9803916976219,760.1217113917903,37.49842094941813,127.02951181742357,3261.0,495.0,taxi_respawn_101,picked
dyn_pax_1710,2766.0,2026-09-07 09:46:06,129733424#3,restaurant,,568.5053070143441,1008.1195751958668,37.500616957275064,127.02717503574868,,,,timeout
dyn_pax_1711,2767.0,2026-09-07 09:46:07,178441450#1,residential|company|restaurant|bus_stop,company,282.90243066757296,609.4157395563556,37.496971320837204,127.02404044855805,,,,timeout
dyn_pax_1712,2769.0,2026-09-07 09:46:09,521770119#1,restaurant|bus_stop,company,527.3115514435282,995.8620162900467,37.50049875494786,127.02671217090477,,,,timeout
dyn_pax_1713,2770.0,2026-09-07 09:46:10,417933642#0,restaurant|bus_stop,company,1041.0954363710525,463.30841921497654,37.49579826441859,127.03264736696761,,,,timeout
dyn_pax_1714,2771.0,2026-09-07 09:46:11,521766180#3,company|subway_entrance,company,386.1025100472621,1391.5483758557143,37.504036522784034,127.0250216210457,,,,timeout
dyn_pax_1715,2771.0,2026-09-07 09:46:11,542367267#1,company|restaurant,,199.26981683313872,1381.121508122661,37.50390724154084,127.02291151664822,3249.0,478.0,taxi_respawn_3,picked
dyn_pax_1716,2774.0,2026-09-07 09:46:14,218864491#0,restaurant|bus_stop,company,769.9803916976219,760.1217113917903,37.49842094941813,127.02951181742357,,,,timeout
dyn_pax_1717,2776.0,2026-09-07 09:46:16,-417750337#0,restaurant,,672.8749254632385,1321.3640627464144,37.50345847130562,127.02828089713113,,,,timeout
dyn_pax_1718,2777.0,2026-09-07 09:46:17,-504509918#2,company|restaurant|bus_stop,company,398.9694242295193,827.4758220967593,37.49895762305832,127.02530099003066,3265.0,488.0,taxi_respawn_67,picked
dyn_pax_1719,2778.0,2026-09-07 09:46:18,375049565#6,restaurant|subway_entrance|bus_stop,company,789.5153251748014,798.8522330112556,37.49877353199428,127.02972351946808,,,,timeout
dyn_pax_1720,2780.0,2026-09-07 09:46:20,-542367267#1,bus_stop,company,247.51018316686128,1414.7184918773391,37.504219024473855,127.02344900430944,3254.0,474.0,taxi_respawn_36,picked
dyn_pax_1721,2780.0,2026-09-07 09:46:20,1376141182#0,bus_stop,,385.7154046370183,1301.0311255965628,37.50322104370192,127.02503873135461,3280.0,500.0,taxi_respawn_81,picked
dyn_pax_1722,2781.0,2026-09-07 09:46:21,-541692164#2,subway_entrance,company,317.7122087179151,1441.0296574375257,37.504469327730426,127.0242365566347,,,,timeout
dyn_pax_1723,2783.0,2026-09-07 09:46:23,-506191135#2,residential|bus_stop,company,236.19733776439384,769.6838415951818,37.49840622577806,127.02347432089968,3262.0,479.0,taxi_47,picked
dyn_pax_1724,2784.0,2026-09-07 09:46:24,417933642#0,restaurant|bus_stop,company,1041.0954363710525,463.30841921497654,37.49579826441859,127.03264736696761,,,,timeout
dyn_pax_1725,2785.0,2026-09-07 09:46:25,218864491#0,restaurant|bus_stop,company,769.9803916976219,760.1217113917903,37.49842094941813,127.02951181742357,3273.0,488.0,taxi_respawn_78,picked
dyn_pax_1726,2787.0,2026-09-07 09:46:27,521766175#1,company|restaurant|subway_entrance,company,332.9365590021661,1411.5585828157227,37.504206724109,127.02441570308932,3275.0,488.0,taxi_39,picked
dyn_pax_1727,2787.0,2026-09-07 09:46:27,-417933646#4,company|restaurant,,761.9867537178288,747.7080569325292,37.49830761500862,127.02942437673002,3274.0,487.0,taxi_respawn_105,picked
dyn_pax_1728,2788.0,2026-09-07 09:46:28,521766180#3,company|subway_entrance,company,386.1025100472621,1391.5483758557143,37.504036522784034,127.0250216210457,,,,timeout
dyn_pax_1729,2791.0,2026-09-07 09:46:31,480850873,company|restaurant|bus_stop,company,548.1935052770749,708.5896639848544,37.49791486187584,127.0270163956136,,,,timeout
dyn_pax_1730,2792.0,2026-09-07 09:46:32,379463134#2,restaurant,,492.9894267673794,1254.822149661426,37.50282506050825,127.0262626667944,3279.0,487.0,taxi_respawn_46,picked
dyn_pax_1731,2793.0,2026-09-07 09:46:33,520307304#0,school|subway_entrance|bus_stop,company,602.6035134310263,763.145495629718,37.498416594724866,127.02761864854104,,,,timeout
dyn_pax_1732,2794.0,2026-09-07 09:46:34,305539406,company|restaurant|subway_entrance,company,566.389495917364,736.5285064605782,37.49816998085155,127.02721550408178,3260.0,466.0,taxi_respawn_44,picked
dyn_pax_1733,2795.0,2026-09-07 09:46:35,520307304#0,school|subway_entrance|bus_stop,company,602.6035134310263,763.145495629718,37.498416594724866,127.02761864854104,,,,timeout
dyn_pax_1734,2797.0,2026-09-07 09:46:37,1229817205#1,residential|bus_stop,company,631.6400080768872,572.7061575261558,37.49670653972221,127.02799208080955,3293.0,496.0,taxi_1,picked
dyn_pax_1735,2797.0,2026-09-07 09:46:37,-417750354#0,residential,,923.3498430372201,1041.2071047119894,37.5009819832587,127.03117938951307,,,,timeout
dyn_pax_1736,2798.0,2026-09-07 09:46:38,520307304#0,school|subway_entrance|bus_stop,company,602.6035134310263,763.145495629718,37.498416594724866,127.02761864854104,,,,timeout
dyn_pax_1737,2800.0,2026-09-07 09:46:40,218873820#0,restaurant|subway_entrance|bus_stop,company,628.9829311132032,562.4061665928522,37.49661325243901,127.02796447999128,3291.0,491.0,taxi_33,picked
dyn_pax_1738,2801.0,2026-09-07 09:46:41,375049565#6,restaurant|subway_entrance|bus_stop,company,789.5153251748014,798.8522330112556,37.49877353199428,127.02972351946808,3288.0,487.0,taxi_respawn_102,picked
dyn_pax_1739,2801.0,2026-09-07 09:46:41,129731859#0,restaurant,,636.6446621144157,858.1896913104493,37.49927921090336,127.0279810114602,,,,timeout
dyn_pax_1740,2802.0,2026-09-07 09:46:42,521766175#1,company|restaurant|subway_entrance,company,332.9365590021661,1411.5585828157227,37.504206724109,127.02441570308932,,,,timeout
dyn_pax_1741,2805.0,2026-09-07 09:46:45,494824662#3,restaurant|subway_entrance,company,729.424850252167,406.6843378518681,37.49522941823122,127.02913698209235,,,,timeout
dyn_pax_1742,2807.0,2026-09-07 09:46:47,-417933645#2,company|restaurant|subway_entrance,company,701.1658676593129,719.5455833044954,37.49804244093877,127.02874337560036,,,,timeout
dyn_pax_1743,2809.0,2026-09-07 09:46:49,218873820#0,restaurant|subway_entrance|bus_stop,company,628.9829311132032,562.4061665928522,37.49661325243901,127.02796447999128,,,,timeout
dyn_pax_1744,2811.0,2026-09-07 09:46:51,541692164#1,subway_entrance,company,271.6277521231475,1406.6420105391767,37.5041508337347,127.02372362926798,3310.0,499.0,taxi_respawn_113,picked
dyn_pax_1745,2812.0,2026-09-07 09:46:52,218873820#0,restaurant|subway_entrance|bus_stop,company,628.9829311132032,562.4061665928522,37.49661325243901,127.02796447999128,,,,timeout
dyn_pax_1746,2814.0,2026-09-07 09:46:54,218857636#1,residential|company|restaurant|bus_stop,company,297.92905089287035,623.2061345250047,37.49709839153085,127.02420706961871,,,,timeout
dyn_pax_1747,2815.0,2026-09-07 09:46:55,218857636#1,residential|company|restaurant|bus_stop,company,297.92905089287035,623.2061345250047,37.49709839153085,127.02420706961871,,,,timeout
dyn_pax_1748,2816.0,2026-09-07 09:46:56,379463130#0,restaurant,,544.1425087303844,1128.5419490598922,37.501697156429024,127.02687101205116,,,,timeout
dyn_pax_1749,2817.0,2026-09-07 09:46:57,218873820#0,restaurant|subway_entrance|bus_stop,company,628.9829311132032,562.4061665928522,37.49661325243901,127.02796447999128,,,,timeout
dyn_pax_1750,2818.0,2026-09-07 09:46:58,521770116#2,company|restaurant|bus_stop,company,432.3182248087171,1108.514093563608,37.50149560521279,127.02561136613096,,,,timeout
dyn_pax_1751,2819.0,2026-09-07 09:46:59,178441450#1,residential|company|restaurant|bus_stop,company,282.90243066757296,609.4157395563556,37.496971320837204,127.02404044855805,,,,timeout
dyn_pax_1752,2821.0,2026-09-07 09:47:01,218873820#0,restaurant|subway_entrance|bus_stop,company,628.9829311132032,562.4061665928522,37.49661325243901,127.02796447999128,,,,timeout
dyn_pax_1753,2822.0,2026-09-07 09:47:02,-417933645#2,company|restaurant|subway_entrance,company,701.1658676593129,719.5455833044954,37.49804244093877,127.02874337560036,,,,timeout
dyn_pax_1754,2824.0,2026-09-07 09:47:04,521770119#1,restaurant|bus_stop,company,527.3115514435282,995.8620162900467,37.50049875494786,127.02671217090477,3317.0,493.0,taxi_respawn_73,picked
dyn_pax_1755,2825.0,2026-09-07 09:47:05,521766180#3,company|subway_entrance,company,386.1025100472621,1391.5483758557143,37.504036522784034,127.0250216210457,,,,timeout
dyn_pax_1756,2826.0,2026-09-07 09:47:06,521770119#0,restaurant|bus_stop,company,548.9831206778387,935.1148840516827,37.4999556205417,127.02697161236954,3320.0,494.0,taxi_48,picked
dyn_pax_1757,2828.0,2026-09-07 09:47:08,1376141183#0,bus_stop,company,548.2528111146681,901.2117688498424,37.49965007283687,127.02697139402301,,,,timeout
dyn_pax_1758,2830.0,2026-09-07 09:47:10,521770119#1,restaurant|bus_stop,,527.3115514435282,995.8620162900467,37.50049875494786,127.02671217090477,,,,timeout
dyn_pax_1759,2833.0,2026-09-07 09:47:13,480850873,company|restaurant|bus_stop,company,548.1935052770749,708.5896639848544,37.49791486187584,127.0270163956136,,,,timeout
dyn_pax_1760,2835.0,2026-09-07 09:47:15,305539406,company|restaurant|subway_entrance,company,566.389495917364,736.5285064605782,37.49816998085155,127.02721550408178,,,,timeout
dyn_pax_1761,2836.0,2026-09-07 09:47:16,494824662#3,restaurant|subway_entrance,company,729.424850252167,406.6843378518681,37.49522941823122,127.02913698209235,,,,timeout
dyn_pax_1762,2838.0,2026-09-07 09:47:18,305539406,company|restaurant|subway_entrance,company,566.389495917364,736.5285064605782,37.49816998085155,127.02721550408178,,,,timeout
dyn_pax_1763,2839.0,2026-09-07 09:47:19,178441450#1,residential|company|restaurant|bus_stop,company,282.90243066757296,609.4157395563556,37.496971320837204,127.02404044855805,,,,timeout
dyn_pax_1764,2839.0,2026-09-07 09:47:19,504227067#0,restaurant,,638.7551174354396,526.833121212444,37.49629464408366,127.02808339614947,,,,timeout
dyn_pax_1765,2841.0,2026-09-07 09:47:21,178441450#1,residential|company|restaurant|bus_stop,company,282.90243066757296,609.4157395563556,37.496971320837204,127.02404044855805,,,,timeout
dyn_pax_1766,2842.0,2026-09-07 09:47:22,218873820#0,restaurant|subway_entrance|bus_stop,company,628.9829311132032,562.4061665928522,37.49661325243901,127.02796447999128,,,,timeout
dyn_pax_1767,2842.0,2026-09-07 09:47:22,1376141183#0,bus_stop,,548.2528111146681,901.2117688498424,37.49965007283687,127.02697139402301,,,,timeout
dyn_pax_1768,2843.0,2026-09-07 09:47:23,541692164#1,subway_entrance,company,271.6277521231475,1406.6420105391767,37.5041508337347,127.02372362926798,3340.0,497.0,taxi_respawn_92,picked
dyn_pax_1769,2845.0,2026-09-07 09:47:25,521766175#3,company|restaurant|subway_entrance|bus_stop,company,373.6701172395771,1298.610217621072,37.50319695740621,127.02490310718325,,,,timeout
dyn_pax_1770,2846.0,2026-09-07 09:47:26,305539406,company|restaurant|subway_entrance,company,566.389495917364,736.5285064605782,37.49816998085155,127.02721550408178,,,,timeout
dyn_pax_1771,2849.0,2026-09-07 09:47:29,-541692164#2,subway_entrance,company,317.7122087179151,1441.0296574375257,37.504469327730426,127.0242365566347,,,,timeout
dyn_pax_1772,2850.0,2026-09-07 09:47:30,521766180#2,company|restaurant|subway_entrance,company,439.1682246573338,1248.125402422748,37.50275456053775,127.0256556898917,,,,timeout
dyn_pax_1773,2852.0,2026-09-07 09:47:32,506191135#3,residential|company|restaurant|bus_stop,company,238.79972345576414,789.4714057742513,37.49858497042428,127.023499044737,,,,timeout
dyn_pax_1774,2853.0,2026-09-07 09:47:33,521766175#3,company|restaurant|subway_entrance|bus_stop,company,373.6701172395771,1298.610217621072,37.50319695740621,127.02490310718325,,,,timeout
dyn_pax_1775,2855.0,2026-09-07 09:47:35,494824662#3,restaurant|subway_entrance,company,729.424850252167,406.6843378518681,37.49522941823122,127.02913698209235,,,,timeout
dyn_pax_1776,2856.0,2026-09-07 09:47:36,1376141182#0,bus_stop,company,385.7154046370183,1301.0311255965628,37.50322104370192,127.02503873135461,,,,timeout
dyn_pax_1777,2857.0,2026-09-07 09:47:37,521766182#1,company|restaurant|subway_entrance,company,681.695169875507,539.6867345716422,37.496418539503196,127.02856584056028,,,,timeout
dyn_pax_1778,2859.0,2026-09-07 09:47:39,1117538957#3,restaurant|subway_entrance|bus_stop,company,465.5082521847807,644.8780924026132,37.49732530507706,127.02609663221197,,,,timeout
dyn_pax_1779,2859.0,2026-09-07 09:47:39,1117538957#3,restaurant|subway_entrance|bus_stop,,465.5082521847807,644.8780924026132,37.49732530507706,127.02609663221197,,,,timeout
dyn_pax_1780,2860.0,2026-09-07 09:47:40,521766180#1,company|restaurant|bus_stop,company,466.73410130235357,1169.2838037446552,37.502049542882666,127.02598608796039,,,,timeout
dyn_pax_1781,2862.0,2026-09-07 09:47:42,-506191135#2,residential|bus_stop,company,236.19733776439384,769.6838415951818,37.49840622577806,127.02347432089968,,,,timeout
dyn_pax_1782,2865.0,2026-09-07 09:47:45,375049565#6,restaurant|subway_entrance|bus_stop,company,789.5153251748014,798.8522330112556,37.49877353199428,127.02972351946808,,,,timeout
dyn_pax_1783,2866.0,2026-09-07 09:47:46,218877837#2,company|restaurant|bus_stop,company,479.4555212141038,978.0213907550284,37.500328997763305,127.02617530290202,,,,timeout
dyn_pax_1784,2867.0,2026-09-07 09:47:47,521770119#0,restaurant|bus_stop,company,548.9831206778387,935.1148840516827,37.4999556205417,127.02697161236954,,,,timeout
dyn_pax_1785,2867.0,2026-09-07 09:47:47,521766175#3,company|restaurant|subway_entrance|bus_stop,,373.6701172395771,1298.610217621072,37.50319695740621,127.02490310718325,,,,timeout
dyn_pax_1786,2869.0,2026-09-07 09:47:49,1117538958#3,bus_stop,company,160.18899290588462,540.6019911995099,37.49632820280781,127.02266936696756,3369.0,500.0,taxi_respawn_16,picked
dyn_pax_1787,2869.0,2026-09-07 09:47:49,1376141183#0,bus_stop,,548.2528111146681,901.2117688498424,37.49965007283687,127.02697139402301,,,,timeout
dyn_pax_1788,2870.0,2026-09-07 09:47:50,480850873,company|restaurant|bus_stop,company,548.1935052770749,708.5896639848544,37.49791486187584,127.0270163956136,,,,timeout
dyn_pax_1789,2871.0,2026-09-07 09:47:51,117790039#3,restaurant,,1021.8645860465238,1004.4924062015546,37.500669811640854,127.03230197280303,,,,timeout
dyn_pax_1790,2872.0,2026-09-07 09:47:52,521766175#3,company|restaurant|subway_entrance|bus_stop,company,373.6701172395771,1298.610217621072,37.50319695740621,127.02490310718325,,,,timeout
dyn_pax_1791,2873.0,2026-09-07 09:47:53,480850873,company|restaurant|bus_stop,company,548.1935052770749,708.5896639848544,37.49791486187584,127.0270163956136,,,,timeout
dyn_pax_1792,2874.0,2026-09-07 09:47:54,-541692164#2,subway_entrance,company,317.7122087179151,1441.0296574375257,37.504469327730426,127.0242365566347,,,,timeout
dyn_pax_1793,2876.0,2026-09-07 09:47:56,-417933645#2,company|restaurant|subway_entrance,company,701.1658676593129,719.5455833044954,37.49804244093877,127.02874337560036,,,,timeout
dyn_pax_1794,2876.0,2026-09-07 09:47:56,417731530,company|restaurant,,191.66975375905443,1429.5779711342507,37.5043423120142,127.02281406437154,,,,timeout
dyn_pax_1795,2877.0,2026-09-07 09:47:57,305539406,company|restaurant|subway_entrance,company,566.389495917364,736.5285064605782,37.49816998085155,127.02721550408178,,,,timeout
dyn_pax_1796,2880.0,2026-09-07 09:48:00,521770119#1,restaurant|bus_stop,company,527.3115514435282,995.8620162900467,37.50049875494786,127.02671217090477,3377.0,497.0,taxi_respawn_65,picked
dyn_pax_1797,2881.0,2026-09-07 09:48:01,178441450#1,residential|company|restaurant|bus_stop,company,282.90243066757296,609.4157395563556,37.496971320837204,127.02404044855805,3371.0,490.0,taxi_respawn_64,picked
dyn_pax_1798,2883.0,2026-09-07 09:48:03,521770119#1,restaurant|bus_stop,company,527.3115514435282,995.8620162900467,37.50049875494786,127.02671217090477,,,,timeout
dyn_pax_1799,2884.0,2026-09-07 09:48:04,521766175#3,company|restaurant|subway_entrance|bus_stop,company,373.6701172395771,1298.610217621072,37.50319695740621,127.02490310718325,,,,timeout
dyn_pax_1800,2884.0,2026-09-07 09:48:04,239962780#1,company|restaurant,,78.091042197054,1418.7355011637856,37.504223128704645,127.02153236485597,,,,timeout
dyn_pax_1801,2886.0,2026-09-07 09:48:06,1376141182#0,bus_stop,company,385.7154046370183,1301.0311255965628,37.50322104370192,127.02503873135461,,,,timeout
dyn_pax_1802,2887.0,2026-09-07 09:48:07,506191135#3,residential|company|restaurant|bus_stop,company,238.79972345576414,789.4714057742513,37.49858497042428,127.023499044737,,,,timeout
dyn_pax_1803,2887.0,2026-09-07 09:48:07,-1056882877#5,company|restaurant,,302.41102899925136,583.0415396467946,37.496737424712585,127.0242672800979,,,,timeout
dyn_pax_1804,2890.0,2026-09-07 09:48:10,417933642#0,restaurant|bus_stop,company,1041.0954363710525,463.30841921497654,37.49579826441859,127.03264736696761,3379.0,489.0,taxi_respawn_18,picked
dyn_pax_1805,2891.0,2026-09-07 09:48:11,1117538957#3,restaurant|subway_entrance|bus_stop,company,465.5082521847807,644.8780924026132,37.49732530507706,127.02609663221197,3372.0,481.0,taxi_respawn_44,picked
dyn_pax_1806,2893.0,2026-09-07 09:48:13,1117538957#3,restaurant|subway_entrance|bus_stop,company,465.5082521847807,644.8780924026132,37.49732530507706,127.02609663221197,3385.0,492.0,taxi_19,picked
dyn_pax_1807,2894.0,2026-09-07 09:48:14,417933642#0,restaurant|bus_stop,company,1041.0954363710525,463.30841921497654,37.49579826441859,127.03264736696761,3392.0,498.0,taxi_respawn_106,picked
dyn_pax_1808,2896.0,2026-09-07 09:48:16,521766180#3,company|subway_entrance,company,386.1025100472621,1391.5483758557143,37.504036522784034,127.0250216210457,,,,timeout
dyn_pax_1809,2897.0,2026-09-07 09:48:17,521770116#2,company|restaurant|bus_stop,company,432.3182248087171,1108.514093563608,37.50149560521279,127.02561136613096,,,,timeout
dyn_pax_1810,2897.0,2026-09-07 09:48:17,375049565#2,restaurant,,1048.966709229659,894.5327467658005,37.49968436369115,127.03263441305876,3397.0,500.0,taxi_respawn_45,picked
dyn_pax_1811,2898.0,2026-09-07 09:48:18,218864491#0,restaurant|bus_stop,company,769.9803916976219,760.1217113917903,37.49842094941813,127.02951181742357,,,,timeout
dyn_pax_1812,2900.0,2026-09-07 09:48:20,218873820#1,restaurant|bus_stop,company,647.4058653861567,510.6179408698636,37.49615020572141,127.02818504540632,,,,timeout
dyn_pax_1813,2901.0,2026-09-07 09:48:21,521766180#1,company|restaurant|bus_stop,company,466.73410130235357,1169.2838037446552,37.502049542882666,127.02598608796039,3370.0,469.0,taxi_respawn_49,picked
dyn_pax_1814,2903.0,2026-09-07 09:48:23,523141074#0,company|restaurant|subway_entrance,company,524.0338794858329,871.4890157117229,37.4993777454413,127.02670460634431,3383.0,480.0,taxi_respawn_59,picked
dyn_pax_1815,2905.0,2026-09-07 09:48:25,1117538957#3,restaurant|subway_entrance|bus_stop,company,465.5082521847807,644.8780924026132,37.49732530507706,127.02609663221197,3379.0,474.0,taxi_11,picked
dyn_pax_1816,2907.0,2026-09-07 09:48:27,521770119#1,restaurant|bus_stop,company,527.3115514435282,995.8620162900467,37.50049875494786,127.02671217090477,,,,timeout
dyn_pax_1817,2908.0,2026-09-07 09:48:28,521766175#3,company|restaurant|subway_entrance|bus_stop,company,373.6701172395771,1298.610217621072,37.50319695740621,127.02490310718325,,,,timeout
dyn_pax_1818,2910.0,2026-09-07 09:48:30,521766175#3,company|restaurant|subway_entrance|bus_stop,company,373.6701172395771,1298.610217621072,37.50319695740621,127.02490310718325,,,,timeout
dyn_pax_1819,2911.0,2026-09-07 09:48:31,218873820#0,restaurant|subway_entrance|bus_stop,company,628.9829311132032,562.4061665928522,37.49661325243901,127.02796447999128,,,,timeout
dyn_pax_1820,2913.0,2026-09-07 09:48:33,521766180#2,company|restaurant|subway_entrance,company,439.1682246573338,1248.125402422748,37.50275456053775,127.0256556898917,,,,timeout
dyn_pax_1821,2914.0,2026-09-07 09:48:34,-506191135#2,residential|bus_stop,company,236.19733776439384,769.6838415951818,37.49840622577806,127.02347432089968,,,,timeout
dyn_pax_1822,2915.0,2026-09-07 09:48:35,1117538958#3,bus_stop,company,160.18899290588462,540.6019911995099,37.49632820280781,127.02266936696756,,,,timeout
dyn_pax_1823,2915.0,2026-09-07 09:48:35,504512001,restaurant,,488.2111633916996,684.0143948730154,37.497682147346794,127.02634403725544,,,,timeout
dyn_pax_1824,2920.0,2026-09-07 09:48:40,521766175#3,company|restaurant|subway_entrance|bus_stop,company,373.6701172395771,1298.610217621072,37.50319695740621,127.02490310718325,,,,timeout
dyn_pax_1825,2921.0,2026-09-07 09:48:41,218857636#1,residential|company|restaurant|bus_stop,company,297.92905089287035,623.2061345250047,37.49709839153085,127.02420706961871,,,,timeout
dyn_pax_1826,2922.0,2026-09-07 09:48:42,218877837#2,company|restaurant|bus_stop,company,479.4555212141038,978.0213907550284,37.500328997763305,127.02617530290202,,,,timeout
dyn_pax_1827,2924.0,2026-09-07 09:48:44,375049565#6,restaurant|subway_entrance|bus_stop,company,789.5153251748014,798.8522330112556,37.49877353199428,127.02972351946808,3401.0,477.0,taxi_respawn_95,picked
dyn_pax_1828,2925.0,2026-09-07 09:48:45,218873820#1,restaurant|bus_stop,company,647.4058653861567,510.6179408698636,37.49615020572141,127.02818504540632,,,,timeout
dyn_pax_1829,2927.0,2026-09-07 09:48:47,218857636#1,residential|company|restaurant|bus_stop,company,297.92905089287035,623.2061345250047,37.49709839153085,127.02420706961871,,,,timeout
dyn_pax_1830,2928.0,2026-09-07 09:48:48,521766180#2,company|restaurant|subway_entrance,company,439.1682246573338,1248.125402422748,37.50275456053775,127.0256556898917,,,,timeout
dyn_pax_1831,2929.0,2026-09-07 09:48:49,305539406,company|restaurant|subway_entrance,company,566.389495917364,736.5285064605782,37.49816998085155,127.02721550408178,,,,timeout
dyn_pax_1832,2930.0,2026-09-07 09:48:50,239962780#1,company|restaurant,,78.091042197054,1418.7355011637856,37.504223128704645,127.02153236485597,,,,timeout
dyn_pax_1833,2930.0,2026-09-07 09:48:50,494824662#3,restaurant|subway_entrance,,729.424850252167,406.6843378518681,37.49522941823122,127.02913698209235,,,,timeout
dyn_pax_1834,2931.0,2026-09-07 09:48:51,521766175#1,company|restaurant|subway_entrance,company,332.9365590021661,1411.5585828157227,37.504206724109,127.02441570308932,,,,timeout
dyn_pax_1835,2932.0,2026-09-07 09:48:52,975332778#1,bus_stop,company,681.6099970732737,721.9380561808346,37.49806030190971,127.02852170075586,,,,timeout
dyn_pax_1836,2934.0,2026-09-07 09:48:54,218877837#2,company|restaurant|bus_stop,company,479.4555212141038,978.0213907550284,37.500328997763305,127.02617530290202,,,,timeout
dyn_pax_1837,2937.0,2026-09-07 09:48:57,1117538957#3,restaurant|subway_entrance|bus_stop,company,465.5082521847807,644.8780924026132,37.49732530507706,127.02609663221197,,,,timeout
dyn_pax_1838,2938.0,2026-09-07 09:48:58,218873820#0,restaurant|subway_entrance|bus_stop,company,628.9829311132032,562.4061665928522,37.49661325243901,127.02796447999128,,,,timeout
dyn_pax_1839,2939.0,2026-09-07 09:48:59,218877837#2,company|restaurant|bus_stop,company,479.4555212141038,978.0213907550284,37.500328997763305,127.02617530290202,,,,timeout
dyn_pax_1840,2940.0,2026-09-07 09:49:00,309155295#0,company|restaurant,,688.2712938579457,529.5739965525526,37.49632868191341,127.02864258735015,,,,timeout
dyn_pax_1841,2941.0,2026-09-07 09:49:01,-506191135#2,residential|bus_stop,company,236.19733776439384,769.6838415951818,37.49840622577806,127.02347432089968,3429.0,488.0,taxi_respawn_118,picked
dyn_pax_1842,2942.0,2026-09-07 09:49:02,1229817205#1,residential|bus_stop,company,631.6400080768872,572.7061575261558,37.49670653972221,127.02799208080955,,,,timeout
dyn_pax_1843,2944.0,2026-09-07 09:49:04,218873820#1,restaurant|bus_stop,company,647.4058653861567,510.6179408698636,37.49615020572141,127.02818504540632,,,,timeout
dyn_pax_1844,2945.0,2026-09-07 09:49:05,521766180#3,company|subway_entrance,company,386.1025100472621,1391.5483758557143,37.504036522784034,127.0250216210457,,,,timeout
dyn_pax_1845,2946.0,2026-09-07 09:49:06,480850873,company|restaurant|bus_stop,company,548.1935052770749,708.5896639848544,37.49791486187584,127.0270163956136,,,,timeout
dyn_pax_1846,2948.0,2026-09-07 09:49:08,1376141182#0,bus_stop,company,385.7154046370183,1301.0311255965628,37.50322104370192,127.02503873135461,3448.0,500.0,taxi_respawn_40,picked
dyn_pax_1847,2949.0,2026-09-07 09:49:09,975332778#1,bus_stop,company,681.6099970732737,721.9380561808346,37.49806030190971,127.02852170075586,3436.0,487.0,taxi_respawn_8,picked
dyn_pax_1848,2950.0,2026-09-07 09:49:10,-256787796#1,restaurant,,578.741609978934,1014.5790766049616,37.500677080058935,127.02728924469663,,,,timeout
dyn_pax_1849,2951.0,2026-09-07 09:49:11,521766175#1,company|restaurant|subway_entrance,company,332.9365590021661,1411.5585828157227,37.504206724109,127.02441570308932,3443.0,492.0,taxi_respawn_93,picked
dyn_pax_1850,2952.0,2026-09-07 09:49:12,520307304#0,school|subway_entrance|bus_stop,company,602.6035134310263,763.145495629718,37.498416594724866,127.02761864854104,3427.0,475.0,taxi_respawn_71,picked
dyn_pax_1851,2953.0,2026-09-07 09:49:13,975332778#1,bus_stop,company,681.6099970732737,721.9380561808346,37.49806030190971,127.02852170075586,,,,timeout
dyn_pax_1852,2955.0,2026-09-07 09:49:15,521766180#1,company|restaurant|bus_stop,company,466.73410130235357,1169.2838037446552,37.502049542882666,127.02598608796039,3438.0,483.0,taxi_4,picked
dyn_pax_1853,2955.0,2026-09-07 09:49:15,-417750336#3,school|company,,868.1859178511071,948.5147012398835,37.50013657861005,127.03057759421064,3446.0,491.0,taxi_respawn_97,picked
dyn_pax_1854,2956.0,2026-09-07 09:49:16,521770119#1,restaurant|bus_stop,company,527.3115514435282,995.8620162900467,37.50049875494786,127.02671217090477,,,,timeout
dyn_pax_1855,2958.0,2026-09-07 09:49:18,521766175#3,company|restaurant|subway_entrance|bus_stop,company,373.6701172395771,1298.610217621072,37.50319695740621,127.02490310718325,3457.0,499.0,taxi_respawn_120,picked
dyn_pax_1856,2958.0,2026-09-07 09:49:18,129731859#7,restaurant,,1027.2096381836107,997.5648919281483,37.50060841330955,127.03236404697942,,,,timeout
dyn_pax_1857,2959.0,2026-09-07 09:49:19,218864491#0,restaurant|bus_stop,company,769.9803916976219,760.1217113917903,37.49842094941813,127.02951181742357,3428.0,469.0,taxi_respawn_82,picked
dyn_pax_1858,2960.0,2026-09-07 09:49:20,417750354#1,restaurant,,919.2899707887079,1024.6134421491665,37.5008317366974,127.03113741131199,3455.0,495.0,taxi_respawn_112,picked
dyn_pax_1859,2961.0,2026-09-07 09:49:21,1229817205#1,residential|bus_stop,company,631.6400080768872,572.7061575261558,37.49670653972221,127.02799208080955,,,,timeout
dyn_pax_1860,2962.0,2026-09-07 09:49:22,218877837#2,company|restaurant|bus_stop,company,479.4555212141038,978.0213907550284,37.500328997763305,127.02617530290202,,,,timeout
dyn_pax_1861,2963.0,2026-09-07 09:49:23,541692164#1,subway_entrance,company,271.6277521231475,1406.6420105391767,37.5041508337347,127.02372362926798,,,,timeout
dyn_pax_1862,2964.0,2026-09-07 09:49:24,-117823785#1,restaurant,,983.1954817367493,635.6880668681273,37.49734021138362,127.03195197441553,,,,timeout
dyn_pax_1863,2965.0,2026-09-07 09:49:25,218864491#0,restaurant|bus_stop,company,769.9803916976219,760.1217113917903,37.49842094941813,127.02951181742357,,,,timeout
dyn_pax_1864,2966.0,2026-09-07 09:49:26,218857636#1,residential|company|restaurant|bus_stop,company,297.92905089287035,623.2061345250047,37.49709839153085,127.02420706961871,3452.0,486.0,taxi_respawn_35,picked
dyn_pax_1865,2968.0,2026-09-07 09:49:28,-504509918#2,company|restaurant|bus_stop,company,398.9694242295193,827.4758220967593,37.49895762305832,127.02530099003066,,,,timeout
dyn_pax_1866,2969.0,2026-09-07 09:49:29,521766175#1,company|restaurant|subway_entrance,company,332.9365590021661,1411.5585828157227,37.504206724109,127.02441570308932,,,,timeout
dyn_pax_1867,2970.0,2026-09-07 09:49:30,521766175#3,company|restaurant|subway_entrance|bus_stop,company,373.6701172395771,1298.610217621072,37.50319695740621,127.02490310718325,,,,timeout
dyn_pax_1868,2972.0,2026-09-07 09:49:32,523141074#0,company|restaurant|subway_entrance,company,524.0338794858329,871.4890157117229,37.4993777454413,127.02670460634431,,,,timeout
dyn_pax_1869,2973.0,2026-09-07 09:49:33,375049565#6,restaurant|subway_entrance|bus_stop,company,789.5153251748014,798.8522330112556,37.49877353199428,127.02972351946808,,,,timeout
dyn_pax_1870,2974.0,2026-09-07 09:49:34,309155295#0,company|restaurant,,688.2712938579457,529.5739965525526,37.49632868191341,127.02864258735015,,,,timeout
dyn_pax_1871,2975.0,2026-09-07 09:49:35,521770116#2,company|restaurant|bus_stop,company,432.3182248087171,1108.514093563608,37.50149560521279,127.02561136613096,,,,timeout
dyn_pax_1872,2976.0,2026-09-07 09:49:36,1229817205#1,residential|bus_stop,company,631.6400080768872,572.7061575261558,37.49670653972221,127.02799208080955,,,,timeout
dyn_pax_1873,2977.0,2026-09-07 09:49:37,305539406,company|restaurant|subway_entrance,company,566.389495917364,736.5285064605782,37.49816998085155,127.02721550408178,,,,timeout
dyn_pax_1874,2979.0,2026-09-07 09:49:39,-542367267#1,bus_stop,company,247.51018316686128,1414.7184918773391,37.504219024473855,127.02344900430944,,,,timeout
dyn_pax_1875,2979.0,2026-09-07 09:49:39,-26163000#3,restaurant,,588.7487146070255,1286.0705793093782,37.50312464930957,127.02733802606956,,,,timeout
dyn_pax_1876,2980.0,2026-09-07 09:49:40,375049565#6,restaurant|subway_entrance|bus_stop,company,789.5153251748014,798.8522330112556,37.49877353199428,127.02972351946808,,,,timeout
dyn_pax_1877,2982.0,2026-09-07 09:49:42,375049565#6,restaurant|subway_entrance|bus_stop,company,789.5153251748014,798.8522330112556,37.49877353199428,127.02972351946808,,,,timeout
dyn_pax_1878,2985.0,2026-09-07 09:49:45,218877837#2,company|restaurant|bus_stop,company,479.4555212141038,978.0213907550284,37.500328997763305,127.02617530290202,,,,timeout
dyn_pax_1879,2986.0,2026-09-07 09:49:46,520307304#0,school|subway_entrance|bus_stop,company,602.6035134310263,763.145495629718,37.498416594724866,127.02761864854104,,,,timeout
dyn_pax_1880,2987.0,2026-09-07 09:49:47,521766175#3,company|restaurant|subway_entrance|bus_stop,company,373.6701172395771,1298.610217621072,37.50319695740621,127.02490310718325,,,,timeout
dyn_pax_1881,2989.0,2026-09-07 09:49:49,506191135#3,residential|company|restaurant|bus_stop,company,238.79972345576414,789.4714057742513,37.49858497042428,127.023499044737,,,,timeout
dyn_pax_1882,2990.0,2026-09-07 09:49:50,521770116#2,company|restaurant|bus_stop,company,432.3182248087171,1108.514093563608,37.50149560521279,127.02561136613096,,,,timeout
dyn_pax_1883,2990.0,2026-09-07 09:49:50,-1011529829#3,residential|restaurant,,246.84006179949273,776.1178104815556,37.49846619888778,127.02359312469504,,,,timeout
dyn_pax_1884,2992.0,2026-09-07 09:49:52,375049565#6,restaurant|subway_entrance|bus_stop,company,789.5153251748014,798.8522330112556,37.49877353199428,127.02972351946808,,,,timeout
dyn_pax_1885,2993.0,2026-09-07 09:49:53,218877837#2,company|restaurant|bus_stop,company,479.4555212141038,978.0213907550284,37.500328997763305,127.02617530290202,,,,timeout
dyn_pax_1886,2993.0,2026-09-07 09:49:53,-379463134#2,restaurant,,527.5499142349145,1277.2476095039178,37.50303360705943,127.02664812966836,,,,timeout
dyn_pax_1887,2994.0,2026-09-07 09:49:54,1376141183#0,bus_stop,company,548.2528111146681,901.2117688498424,37.49965007283687,127.02697139402301,,,,timeout
dyn_pax_1888,2996.0,2026-09-07 09:49:56,-541692164#2,subway_entrance,company,317.7122087179151,1441.0296574375257,37.504469327730426,127.0242365566347,,,,timeout
dyn_pax_1889,2997.0,2026-09-07 09:49:57,-542367267#1,bus_stop,company,247.51018316686128,1414.7184918773391,37.504219024473855,127.02344900430944,,,,timeout
dyn_pax_1890,2997.0,2026-09-07 09:49:57,1376141183#0,bus_stop,,548.2528111146681,901.2117688498424,37.49965007283687,127.02697139402301,,,,timeout
dyn_pax_1891,2999.0,2026-09-07 09:49:59,1117538957#3,restaurant|subway_entrance|bus_stop,company,465.5082521847807,644.8780924026132,37.49732530507706,127.02609663221197,3490.0,491.0,taxi_respawn_114,picked
dyn_pax_1892,2999.0,2026-09-07 09:49:59,-309155295#0,restaurant,,747.4684617800942,561.8059110120743,37.49663020867341,127.0293042509181,3486.0,487.0,taxi_respawn_109,picked
dyn_pax_1893,3000.0,2026-09-07 09:50:00,521770119#0,restaurant|bus_stop,company,548.9831206778387,935.1148840516827,37.4999556205417,127.02697161236954,,,,timeout
dyn_pax_1894,3000.0,2026-09-07 09:50:00,218873820#0,restaurant|subway_entrance|bus_stop,,628.9829311132032,562.4061665928522,37.49661325243901,127.02796447999128,3493.0,493.0,taxi_respawn_86,picked
dyn_pax_1895,3001.0,2026-09-07 09:50:01,521766175#3,company|restaurant|subway_entrance|bus_stop,company,373.6701172395771,1298.610217621072,37.50319695740621,127.02490310718325,,,,timeout
dyn_pax_1896,3003.0,2026-09-07 09:50:03,975332778#1,bus_stop,company,681.6099970732737,721.9380561808346,37.49806030190971,127.02852170075586,,,,timeout
dyn_pax_1897,3004.0,2026-09-07 09:50:04,1229817205#0,company|subway_entrance|bus_stop,company,599.2457558679199,652.2907550986157,37.497417346160496,127.02760695963683,,,,timeout
dyn_pax_1898,3004.0,2026-09-07 09:50:04,-117790039#2,company|restaurant,,1017.0012393074795,990.846024966068,37.5005459641277,127.03225021068775,,,,timeout
dyn_pax_1899,3006.0,2026-09-07 09:50:06,521766175#3,company|restaurant|subway_entrance|bus_stop,company,373.6701172395771,1298.610217621072,37.50319695740621,127.02490310718325,,,,timeout
dyn_pax_1900,3007.0,2026-09-07 09:50:07,506191135#3,residential|company|restaurant|bus_stop,company,238.79972345576414,789.4714057742513,37.49858497042428,127.023499044737,,,,timeout
dyn_pax_1901,3009.0,2026-09-07 09:50:09,-417933645#2,company|restaurant|subway_entrance,company,701.1658676593129,719.5455833044954,37.49804244093877,127.02874337560036,,,,timeout
dyn_pax_1902,3010.0,2026-09-07 09:50:10,520307304#0,school|subway_entrance|bus_stop,company,602.6035134310263,763.145495629718,37.498416594724866,127.02761864854104,,,,timeout
dyn_pax_1903,3010.0,2026-09-07 09:50:10,494824662#2,company,,746.7452257347845,358.17900919099446,37.494795734299316,127.02934429302684,,,,timeout
dyn_pax_1904,3011.0,2026-09-07 09:50:11,218864491#0,restaurant|bus_stop,company,769.9803916976219,760.1217113917903,37.49842094941813,127.02951181742357,3499.0,488.0,taxi_respawn_2,picked
dyn_pax_1905,3013.0,2026-09-07 09:50:13,1229817205#1,residential|bus_stop,company,631.6400080768872,572.7061575261558,37.49670653972221,127.02799208080955,,,,timeout
dyn_pax_1906,3014.0,2026-09-07 09:50:14,-506191135#22,residential|company|restaurant|bus_stop,company,38.693950105848444,1321.9513167019495,37.50334380565249,127.02110990869835,,,,timeout
dyn_pax_1907,3015.0,2026-09-07 09:50:15,-117790045#0,restaurant,,544.8147652988505,1238.053441474183,37.50268379633789,127.0268526423962,,,,timeout
dyn_pax_1908,3016.0,2026-09-07 09:50:16,521766180#1,company|restaurant|bus_stop,company,466.73410130235357,1169.2838037446552,37.502049542882666,127.02598608796039,,,,timeout
dyn_pax_1909,3017.0,2026-09-07 09:50:17,417933642#0,restaurant|bus_stop,company,1041.0954363710525,463.30841921497654,37.49579826441859,127.03264736696761,,,,timeout
dyn_pax_1910,3020.0,2026-09-07 09:50:20,521766175#3,company|restaurant|subway_entrance|bus_stop,company,373.6701172395771,1298.610217621072,37.50319695740621,127.02490310718325,,,,timeout
dyn_pax_1911,3023.0,2026-09-07 09:50:23,523141074#0,company|restaurant|subway_entrance,company,524.0338794858329,871.4890157117229,37.4993777454413,127.02670460634431,,,,timeout
dyn_pax_1912,3024.0,2026-09-07 09:50:24,1229817205#1,residential|bus_stop,company,631.6400080768872,572.7061575261558,37.49670653972221,127.02799208080955,,,,timeout
dyn_pax_1913,3025.0,2026-09-07 09:50:25,521770116#2,company|restaurant|bus_stop,company,432.3182248087171,1108.514093563608,37.50149560521279,127.02561136613096,,,,timeout
dyn_pax_1914,3026.0,2026-09-07 09:50:26,-309155295#4,residential|restaurant,,966.4689567179357,639.4784987131154,37.49737120494098,127.0317619612052,,,,timeout
dyn_pax_1915,3027.0,2026-09-07 09:50:27,1376141183#0,bus_stop,company,548.2528111146681,901.2117688498424,37.49965007283687,127.02697139402301,,,,timeout
dyn_pax_1916,3028.0,2026-09-07 09:50:28,417933642#0,restaurant|bus_stop,company,1041.0954363710525,463.30841921497654,37.49579826441859,127.03264736696761,,,,timeout
dyn_pax_1917,3030.0,2026-09-07 09:50:30,375049565#6,restaurant|subway_entrance|bus_stop,company,789.5153251748014,798.8522330112556,37.49877353199428,127.02972351946808,,,,timeout
dyn_pax_1918,3031.0,2026-09-07 09:50:31,521766180#2,company|restaurant|subway_entrance,company,439.1682246573338,1248.125402422748,37.50275456053775,127.0256556898917,,,,timeout
dyn_pax_1919,3034.0,2026-09-07 09:50:34,1229817205#0,company|subway_entrance|bus_stop,company,599.2457558679199,652.2907550986157,37.497417346160496,127.02760695963683,,,,timeout
dyn_pax_1920,3035.0,2026-09-07 09:50:35,1117538957#3,restaurant|subway_entrance|bus_stop,company,465.5082521847807,644.8780924026132,37.49732530507706,127.02609663221197,,,,timeout
dyn_pax_1921,3037.0,2026-09-07 09:50:37,541692164#1,subway_entrance,company,271.6277521231475,1406.6420105391767,37.5041508337347,127.02372362926798,,,,timeout
dyn_pax_1922,3040.0,2026-09-07 09:50:40,521770119#1,restaurant|bus_stop,company,527.3115514435282,995.8620162900467,37.50049875494786,127.02671217090477,,,,timeout
dyn_pax_1923,3041.0,2026-09-07 09:50:41,521770119#0,restaurant|bus_stop,company,548.9831206778387,935.1148840516827,37.4999556205417,127.02697161236954,,,,timeout
dyn_pax_1924,3042.0,2026-09-07 09:50:42,541692164#1,subway_entrance,company,271.6277521231475,1406.6420105391767,37.5041508337347,127.02372362926798,,,,timeout
dyn_pax_1925,3044.0,2026-09-07 09:50:44,375049565#6,restaurant|subway_entrance|bus_stop,company,789.5153251748014,798.8522330112556,37.49877353199428,127.02972351946808,,,,timeout
dyn_pax_1926,3045.0,2026-09-07 09:50:45,218864491#0,restaurant|bus_stop,company,769.9803916976219,760.1217113917903,37.49842094941813,127.02951181742357,,,,timeout
dyn_pax_1927,3047.0,2026-09-07 09:50:47,520307304#0,school|subway_entrance|bus_stop,company,602.6035134310263,763.145495629718,37.498416594724866,127.02761864854104,3547.0,500.0,taxi_respawn_99,picked
dyn_pax_1928,3048.0,2026-09-07 09:50:48,-506191135#22,residential|company|restaurant|bus_stop,company,38.693950105848444,1321.9513167019495,37.50334380565249,127.02110990869835,,,,timeout
dyn_pax_1929,3049.0,2026-09-07 09:50:49,-504509918#2,company|restaurant|bus_stop,company,398.9694242295193,827.4758220967593,37.49895762305832,127.02530099003066,,,,timeout
dyn_pax_1930,3050.0,2026-09-07 09:50:50,-417933642#4,restaurant,,907.3718228697127,805.8014682006251,37.49885835910486,127.03105443169989,,,,timeout
dyn_pax_1931,3051.0,2026-09-07 09:50:51,1229817205#1,residential|bus_stop,company,631.6400080768872,572.7061575261558,37.49670653972221,127.02799208080955,,,,timeout
dyn_pax_1932,3051.0,2026-09-07 09:50:51,-117790031#1,restaurant,,730.7814463439225,1053.3410552584976,37.501054966737435,127.02899915797848,,,,timeout
dyn_pax_1933,3054.0,2026-09-07 09:50:54,521770119#1,restaurant|bus_stop,company,527.3115514435282,995.8620162900467,37.50049875494786,127.02671217090477,,,,timeout
dyn_pax_1934,3055.0,2026-09-07 09:50:55,1117538957#3,restaurant|subway_entrance|bus_stop,company,465.5082521847807,644.8780924026132,37.49732530507706,127.02609663221197,3554.0,499.0,taxi_respawn_87,picked
dyn_pax_1935,3057.0,2026-09-07 09:50:57,521766180#2,company|restaurant|subway_entrance,company,439.1682246573338,1248.125402422748,37.50275456053775,127.0256556898917,,,,timeout
dyn_pax_1936,3058.0,2026-09-07 09:50:58,218873820#0,restaurant|subway_entrance|bus_stop,company,628.9829311132032,562.4061665928522,37.49661325243901,127.02796447999128,,,,timeout
dyn_pax_1937,3059.0,2026-09-07 09:50:59,218873820#0,restaurant|subway_entrance|bus_stop,company,628.9829311132032,562.4061665928522,37.49661325243901,127.02796447999128,,,,timeout
dyn_pax_1938,3061.0,2026-09-07 09:51:01,541692164#1,subway_entrance,company,271.6277521231475,1406.6420105391767,37.5041508337347,127.02372362926798,3546.0,485.0,taxi_respawn_101,picked
dyn_pax_1939,3062.0,2026-09-07 09:51:02,1229817205#0,company|subway_entrance|bus_stop,company,599.2457558679199,652.2907550986157,37.497417346160496,127.02760695963683,,,,timeout
dyn_pax_1940,3064.0,2026-09-07 09:51:04,520307304#0,school|subway_entrance|bus_stop,company,602.6035134310263,763.145495629718,37.498416594724866,127.02761864854104,,,,timeout
dyn_pax_1941,3065.0,2026-09-07 09:51:05,521766180#2,company|restaurant|subway_entrance,company,439.1682246573338,1248.125402422748,37.50275456053775,127.0256556898917,,,,timeout
dyn_pax_1942,3066.0,2026-09-07 09:51:06,521766175#3,company|restaurant|subway_entrance|bus_stop,company,373.6701172395771,1298.610217621072,37.50319695740621,127.02490310718325,3556.0,490.0,taxi_respawn_111,picked
dyn_pax_1943,3068.0,2026-09-07 09:51:08,1376141183#0,bus_stop,company,548.2528111146681,901.2117688498424,37.49965007283687,127.02697139402301,,,,timeout
dyn_pax_1944,3069.0,2026-09-07 09:51:09,375049565#6,restaurant|subway_entrance|bus_stop,company,789.5153251748014,798.8522330112556,37.49877353199428,127.02972351946808,,,,timeout
dyn_pax_1945,3071.0,2026-09-07 09:51:11,521766175#3,company|restaurant|subway_entrance|bus_stop,company,373.6701172395771,1298.610217621072,37.50319695740621,127.02490310718325,3561.0,490.0,taxi_respawn_121,picked
dyn_pax_1946,3072.0,2026-09-07 09:51:12,178441450#1,residential|company|restaurant|bus_stop,company,282.90243066757296,609.4157395563556,37.496971320837204,127.02404044855805,3563.0,491.0,taxi_respawn_107,picked
dyn_pax_1947,3073.0,2026-09-07 09:51:13,541692164#1,subway_entrance,company,271.6277521231475,1406.6420105391767,37.5041508337347,127.02372362926798,,,,timeout
dyn_pax_1948,3074.0,2026-09-07 09:51:14,990628460#0,restaurant,,624.9193131653682,704.9656163236222,37.49789670602668,127.02788475117727,3571.0,497.0,taxi_respawn_38,picked
dyn_pax_1949,3075.0,2026-09-07 09:51:15,375049565#6,restaurant|subway_entrance|bus_stop,company,789.5153251748014,798.8522330112556,37.49877353199428,127.02972351946808,3575.0,500.0,taxi_respawn_15,picked
dyn_pax_1950,3076.0,2026-09-07 09:51:16,218873820#1,restaurant|bus_stop,company,647.4058653861567,510.6179408698636,37.49615020572141,127.02818504540632,,,,timeout
dyn_pax_1951,3078.0,2026-09-07 09:51:18,218864491#0,restaurant|bus_stop,company,769.9803916976219,760.1217113917903,37.49842094941813,127.02951181742357,3568.0,490.0,taxi_respawn_106,picked
dyn_pax_1952,3079.0,2026-09-07 09:51:19,521770119#0,restaurant|bus_stop,company,548.9831206778387,935.1148840516827,37.4999556205417,127.02697161236954,3575.0,496.0,taxi_respawn_59,picked
dyn_pax_1953,3081.0,2026-09-07 09:51:21,523141074#0,company|restaurant|subway_entrance,company,524.0338794858329,871.4890157117229,37.4993777454413,127.02670460634431,3563.0,482.0,taxi_respawn_102,picked
dyn_pax_1954,3082.0,2026-09-07 09:51:22,305539406,company|restaurant|subway_entrance,company,566.389495917364,736.5285064605782,37.49816998085155,127.02721550408178,3572.0,490.0,taxi_1,picked
dyn_pax_1955,3083.0,2026-09-07 09:51:23,-417933645#2,company|restaurant|subway_entrance,company,701.1658676593129,719.5455833044954,37.49804244093877,127.02874337560036,3582.0,499.0,taxi_respawn_62,picked
dyn_pax_1956,3085.0,2026-09-07 09:51:25,541692164#1,subway_entrance,company,271.6277521231475,1406.6420105391767,37.5041508337347,127.02372362926798,,,,timeout
dyn_pax_1957,3085.0,2026-09-07 09:51:25,417933646#2,residential|restaurant,,830.3119525357222,594.5819430897021,37.496941093289735,127.0302331440542,3569.0,484.0,taxi_respawn_91,picked
dyn_pax_1958,3088.0,2026-09-07 09:51:28,1117538958#3,bus_stop,company,160.18899290588462,540.6019911995099,37.49632820280781,127.02266936696756,3559.0,471.0,taxi_respawn_125,picked
dyn_pax_1959,3089.0,2026-09-07 09:51:29,218864491#0,restaurant|bus_stop,company,769.9803916976219,760.1217113917903,37.49842094941813,127.02951181742357,,,,timeout
dyn_pax_1960,3090.0,2026-09-07 09:51:30,521770119#0,restaurant|bus_stop,company,548.9831206778387,935.1148840516827,37.4999556205417,127.02697161236954,,,,timeout
dyn_pax_1961,3093.0,2026-09-07 09:51:33,1376141183#0,bus_stop,company,548.2528111146681,901.2117688498424,37.49965007283687,127.02697139402301,,,,timeout
dyn_pax_1962,3095.0,2026-09-07 09:51:35,375049565#6,restaurant|subway_entrance|bus_stop,company,789.5153251748014,798.8522330112556,37.49877353199428,127.02972351946808,3586.0,491.0,taxi_39,picked
dyn_pax_1963,3096.0,2026-09-07 09:51:36,1376141184#0,bus_stop,company,643.3432253030496,578.0866055082481,37.49675721809014,127.02812312566316,,,,timeout
dyn_pax_1964,3097.0,2026-09-07 09:51:37,1376141182#0,bus_stop,company,385.7154046370183,1301.0311255965628,37.50322104370192,127.02503873135461,,,,timeout
dyn_pax_1965,3098.0,2026-09-07 09:51:38,129731720#0,residential|company|restaurant,,292.10678712231254,1113.150773394943,37.50151085547559,127.02402489828896,,,,timeout
dyn_pax_1966,3099.0,2026-09-07 09:51:39,494824662#3,restaurant|subway_entrance,company,729.424850252167,406.6843378518681,37.49522941823122,127.02913698209235,,,,timeout
dyn_pax_1967,3100.0,2026-09-07 09:51:40,520307304#0,school|subway_entrance|bus_stop,company,602.6035134310263,763.145495629718,37.498416594724866,127.02761864854104,,,,timeout
dyn_pax_1968,3102.0,2026-09-07 09:51:42,218864491#0,restaurant|bus_stop,company,769.9803916976219,760.1217113917903,37.49842094941813,127.02951181742357,,,,timeout
dyn_pax_1969,3103.0,2026-09-07 09:51:43,521766182#1,company|restaurant|subway_entrance,company,681.695169875507,539.6867345716422,37.496418539503196,127.02856584056028,,,,timeout
dyn_pax_1970,3103.0,2026-09-07 09:51:43,520307304#0,school|subway_entrance|bus_stop,,602.6035134310263,763.145495629718,37.498416594724866,127.02761864854104,,,,timeout
dyn_pax_1971,3105.0,2026-09-07 09:51:45,-117790045#3,restaurant,,459.7597996777886,1476.3698694609513,37.50481454718326,127.02583436303603,3586.0,481.0,taxi_respawn_30,picked
dyn_pax_1972,3106.0,2026-09-07 09:51:46,480850873,company|restaurant|bus_stop,company,548.1935052770749,708.5896639848544,37.49791486187584,127.0270163956136,,,,timeout
dyn_pax_1973,3107.0,2026-09-07 09:51:47,1117538957#3,restaurant|subway_entrance|bus_stop,company,465.5082521847807,644.8780924026132,37.49732530507706,127.02609663221197,,,,timeout
dyn_pax_1974,3109.0,2026-09-07 09:51:49,218877837#2,company|restaurant|bus_stop,company,479.4555212141038,978.0213907550284,37.500328997763305,127.02617530290202,,,,timeout
dyn_pax_1975,3110.0,2026-09-07 09:51:50,521766180#3,company|subway_entrance,company,386.1025100472621,1391.5483758557143,37.504036522784034,127.0250216210457,,,,timeout
dyn_pax_1976,3112.0,2026-09-07 09:51:52,1117538957#3,restaurant|subway_entrance|bus_stop,company,465.5082521847807,644.8780924026132,37.49732530507706,127.02609663221197,,,,timeout
dyn_pax_1977,3113.0,2026-09-07 09:51:53,417933642#0,restaurant|bus_stop,company,1041.0954363710525,463.30841921497654,37.49579826441859,127.03264736696761,,,,timeout
dyn_pax_1978,3113.0,2026-09-07 09:51:53,-1537068129#0,restaurant,,962.1540281232122,1146.7630824504436,37.50194018104768,127.03159317410272,,,,timeout
dyn_pax_1979,3114.0,2026-09-07 09:51:54,-504509918#2,company|restaurant|bus_stop,company,398.9694242295193,827.4758220967593,37.49895762305832,127.02530099003066,,,,timeout
dyn_pax_1980,3115.0,2026-09-07 09:51:55,521766182#1,company|restaurant|subway_entrance,,681.695169875507,539.6867345716422,37.496418539503196,127.02856584056028,,,,timeout
dyn_pax_1981,3116.0,2026-09-07 09:51:56,178441450#1,residential|company|restaurant|bus_stop,company,282.90243066757296,609.4157395563556,37.496971320837204,127.02404044855805,,,,timeout
dyn_pax_1982,3117.0,2026-09-07 09:51:57,521766175#1,company|restaurant|subway_entrance,company,332.9365590021661,1411.5585828157227,37.504206724109,127.02441570308932,,,,timeout
dyn_pax_1983,3119.0,2026-09-07 09:51:59,521766180#2,company|restaurant|subway_entrance,company,439.1682246573338,1248.125402422748,37.50275456053775,127.0256556898917,,,,timeout
dyn_pax_1984,3120.0,2026-09-07 09:52:00,-417933645#2,company|restaurant|subway_entrance,company,701.1658676593129,719.5455833044954,37.49804244093877,127.02874337560036,,,,timeout
dyn_pax_1985,3121.0,2026-09-07 09:52:01,521766180#3,company|subway_entrance,company,386.1025100472621,1391.5483758557143,37.504036522784034,127.0250216210457,,,,timeout
dyn_pax_1986,3123.0,2026-09-07 09:52:03,521766175#1,company|restaurant|subway_entrance,company,332.9365590021661,1411.5585828157227,37.504206724109,127.02441570308932,3610.0,487.0,taxi_respawn_124,picked
dyn_pax_1987,3124.0,2026-09-07 09:52:04,521770119#0,restaurant|bus_stop,company,548.9831206778387,935.1148840516827,37.4999556205417,127.02697161236954,3605.0,481.0,taxi_5,picked
dyn_pax_1988,3126.0,2026-09-07 09:52:06,375049565#6,restaurant|subway_entrance|bus_stop,company,789.5153251748014,798.8522330112556,37.49877353199428,127.02972351946808,3617.0,491.0,taxi_respawn_64,picked
dyn_pax_1989,3129.0,2026-09-07 09:52:09,521766175#3,company|restaurant|subway_entrance|bus_stop,company,373.6701172395771,1298.610217621072,37.50319695740621,127.02490310718325,3625.0,496.0,taxi_respawn_46,picked
dyn_pax_1990,3130.0,2026-09-07 09:52:10,521766180#1,company|restaurant|bus_stop,company,466.73410130235357,1169.2838037446552,37.502049542882666,127.02598608796039,3621.0,491.0,taxi_respawn_34,picked
dyn_pax_1991,3131.0,2026-09-07 09:52:11,1229817205#1,residential|bus_stop,company,631.6400080768872,572.7061575261558,37.49670653972221,127.02799208080955,3619.0,488.0,taxi_respawn_20,picked
dyn_pax_1992,3133.0,2026-09-07 09:52:13,-504509918#2,company|restaurant|bus_stop,company,398.9694242295193,827.4758220967593,37.49895762305832,127.02530099003066,3606.0,473.0,taxi_0,picked
dyn_pax_1993,3134.0,2026-09-07 09:52:14,521766180#3,company|subway_entrance,company,386.1025100472621,1391.5483758557143,37.504036522784034,127.0250216210457,,,,timeout
dyn_pax_1994,3136.0,2026-09-07 09:52:16,521770119#1,restaurant|bus_stop,company,527.3115514435282,995.8620162900467,37.50049875494786,127.02671217090477,,,,timeout
dyn_pax_1995,3137.0,2026-09-07 09:52:17,178441450#1,residential|company|restaurant|bus_stop,company,282.90243066757296,609.4157395563556,37.496971320837204,127.02404044855805,,,,timeout
dyn_pax_1996,3137.0,2026-09-07 09:52:17,379232155,restaurant,,946.0567570824509,480.05346239194995,37.49593120335224,127.03156888346594,,,,timeout
dyn_pax_1997,3138.0,2026-09-07 09:52:18,521766175#3,company|restaurant|subway_entrance|bus_stop,company,373.6701172395771,1298.610217621072,37.50319695740621,127.02490310718325,3630.0,492.0,taxi_respawn_94,picked
dyn_pax_1998,3138.0,2026-09-07 09:52:18,129731859#1,restaurant,,770.318180095484,905.1374216517651,37.499727361620906,127.02948129560598,3629.0,491.0,taxi_respawn_68,picked
dyn_pax_1999,3140.0,2026-09-07 09:52:20,218873820#0,restaurant|subway_entrance|bus_stop,company,628.9829311132032,562.4061665928522,37.49661325243901,127.02796447999128,3628.0,488.0,taxi_respawn_116,picked
dyn_pax_2000,3141.0,2026-09-07 09:52:21,218857636#1,residential|company|restaurant|bus_stop,company,297.92905089287035,623.2061345250047,37.49709839153085,127.02420706961871,,,,timeout
dyn_pax_2001,3143.0,2026-09-07 09:52:23,218864491#0,restaurant|bus_stop,company,769.9803916976219,760.1217113917903,37.49842094941813,127.02951181742357,3623.0,480.0,taxi_respawn_40,picked
dyn_pax_2002,3144.0,2026-09-07 09:52:24,521766175#1,company|restaurant|subway_entrance,company,332.9365590021661,1411.5585828157227,37.504206724109,127.02441570308932,3627.0,483.0,taxi_respawn_123,picked
dyn_pax_2003,3145.0,2026-09-07 09:52:25,-417933645#2,company|restaurant|subway_entrance,company,701.1658676593129,719.5455833044954,37.49804244093877,127.02874337560036,,,,timeout
dyn_pax_2004,3147.0,2026-09-07 09:52:27,1376141182#0,bus_stop,company,385.7154046370183,1301.0311255965628,37.50322104370192,127.02503873135461,3647.0,500.0,taxi_respawn_130,picked
dyn_pax_2005,3148.0,2026-09-07 09:52:28,-541692164#2,subway_entrance,company,317.7122087179151,1441.0296574375257,37.504469327730426,127.0242365566347,,,,timeout
dyn_pax_2006,3150.0,2026-09-07 09:52:30,1117538957#3,restaurant|subway_entrance|bus_stop,company,465.5082521847807,644.8780924026132,37.49732530507706,127.02609663221197,3622.0,472.0,taxi_respawn_128,picked
dyn_pax_2007,3151.0,2026-09-07 09:52:31,521770119#1,restaurant|bus_stop,company,527.3115514435282,995.8620162900467,37.50049875494786,127.02671217090477,,,,timeout
dyn_pax_2008,3153.0,2026-09-07 09:52:33,494824662#3,restaurant|subway_entrance,company,729.424850252167,406.6843378518681,37.49522941823122,127.02913698209235,,,,timeout
dyn_pax_2009,3154.0,2026-09-07 09:52:34,1117538957#3,restaurant|subway_entrance|bus_stop,company,465.5082521847807,644.8780924026132,37.49732530507706,127.02609663221197,3627.0,473.0,taxi_respawn_44,picked
dyn_pax_2010,3155.0,2026-09-07 09:52:35,-506191135#22,residential|company|restaurant|bus_stop,company,38.693950105848444,1321.9513167019495,37.50334380565249,127.02110990869835,,,,timeout
dyn_pax_2011,3157.0,2026-09-07 09:52:37,1117538957#3,restaurant|subway_entrance|bus_stop,company,465.5082521847807,644.8780924026132,37.49732530507706,127.02609663221197,,,,timeout
dyn_pax_2012,3158.0,2026-09-07 09:52:38,521766175#3,company|restaurant|subway_entrance|bus_stop,company,373.6701172395771,1298.610217621072,37.50319695740621,127.02490310718325,,,,timeout
dyn_pax_2013,3160.0,2026-09-07 09:52:40,521766182#1,company|restaurant|subway_entrance,company,681.695169875507,539.6867345716422,37.496418539503196,127.02856584056028,,,,timeout
dyn_pax_2014,3162.0,2026-09-07 09:52:42,-504509918#2,company|restaurant|bus_stop,company,398.9694242295193,827.4758220967593,37.49895762305832,127.02530099003066,,,,timeout
dyn_pax_2015,3164.0,2026-09-07 09:52:44,494824662#3,restaurant|subway_entrance,company,729.424850252167,406.6843378518681,37.49522941823122,127.02913698209235,,,,timeout
dyn_pax_2016,3164.0,2026-09-07 09:52:44,1011529829#0,school,,381.1393135972994,834.2751815073392,37.49901550234899,127.0250977784903,,,,timeout
dyn_pax_2017,3165.0,2026-09-07 09:52:45,520307304#0,school|subway_entrance|bus_stop,company,602.6035134310263,763.145495629718,37.498416594724866,127.02761864854104,,,,timeout
dyn_pax_2018,3167.0,2026-09-07 09:52:47,218857636#1,residential|company|restaurant|bus_stop,company,297.92905089287035,623.2061345250047,37.49709839153085,127.02420706961871,,,,timeout
dyn_pax_2019,3168.0,2026-09-07 09:52:48,-542367267#1,bus_stop,company,247.51018316686128,1414.7184918773391,37.504219024473855,127.02344900430944,,,,timeout
dyn_pax_2020,3169.0,2026-09-07 09:52:49,480850873,company|restaurant|bus_stop,company,548.1935052770749,708.5896639848544,37.49791486187584,127.0270163956136,,,,timeout
dyn_pax_2021,3171.0,2026-09-07 09:52:51,305539406,company|restaurant|subway_entrance,company,566.389495917364,736.5285064605782,37.49816998085155,127.02721550408178,,,,timeout
dyn_pax_2022,3174.0,2026-09-07 09:52:54,521766182#1,company|restaurant|subway_entrance,company,681.695169875507,539.6867345716422,37.496418539503196,127.02856584056028,,,,timeout
dyn_pax_2023,3175.0,2026-09-07 09:52:55,541692164#1,subway_entrance,company,271.6277521231475,1406.6420105391767,37.5041508337347,127.02372362926798,,,,timeout
dyn_pax_2024,3175.0,2026-09-07 09:52:55,417750354#1,restaurant,,919.2899707887079,1024.6134421491665,37.5008317366974,127.03113741131199,,,,timeout
dyn_pax_2025,3177.0,2026-09-07 09:52:57,521766180#2,company|restaurant|subway_entrance,company,439.1682246573338,1248.125402422748,37.50275456053775,127.0256556898917,,,,timeout
dyn_pax_2026,3178.0,2026-09-07 09:52:58,218873820#1,restaurant|bus_stop,company,647.4058653861567,510.6179408698636,37.49615020572141,127.02818504540632,,,,timeout
dyn_pax_2027,3179.0,2026-09-07 09:52:59,218864491#0,restaurant|bus_stop,company,769.9803916976219,760.1217113917903,37.49842094941813,127.02951181742357,,,,timeout
dyn_pax_2028,3181.0,2026-09-07 09:53:01,-506191135#22,residential|company|restaurant|bus_stop,company,38.693950105848444,1321.9513167019495,37.50334380565249,127.02110990869835,,,,timeout
dyn_pax_2029,3182.0,2026-09-07 09:53:02,521766180#1,company|restaurant|bus_stop,company,466.73410130235357,1169.2838037446552,37.502049542882666,127.02598608796039,,,,timeout
dyn_pax_2030,3184.0,2026-09-07 09:53:04,-417933645#2,company|restaurant|subway_entrance,company,701.1658676593129,719.5455833044954,37.49804244093877,127.02874337560036,,,,timeout
dyn_pax_2031,3185.0,2026-09-07 09:53:05,521766175#3,company|restaurant|subway_entrance|bus_stop,company,373.6701172395771,1298.610217621072,37.50319695740621,127.02490310718325,,,,timeout
dyn_pax_2032,3185.0,2026-09-07 09:53:05,975332778#1,bus_stop,,681.6099970732737,721.9380561808346,37.49806030190971,127.02852170075586,3675.0,490.0,taxi_respawn_122,picked
dyn_pax_2033,3186.0,2026-09-07 09:53:06,417933642#0,restaurant|bus_stop,company,1041.0954363710525,463.30841921497654,37.49579826441859,127.03264736696761,3685.0,499.0,taxi_respawn_78,picked
dyn_pax_2034,3186.0,2026-09-07 09:53:06,-117790045#2,restaurant,,502.6238788004042,1360.6315306450858,37.50378004402999,127.0263465049606,,,,timeout
dyn_pax_2035,3188.0,2026-09-07 09:53:08,-542367267#1,bus_stop,company,247.51018316686128,1414.7184918773391,37.504219024473855,127.02344900430944,,,,timeout
dyn_pax_2036,3189.0,2026-09-07 09:53:09,480850873,company|restaurant|bus_stop,company,548.1935052770749,708.5896639848544,37.49791486187584,127.0270163956136,3676.0,487.0,taxi_respawn_18,picked
dyn_pax_2037,3191.0,2026-09-07 09:53:11,520307304#0,school|subway_entrance|bus_stop,company,602.6035134310263,763.145495629718,37.498416594724866,127.02761864854104,,,,timeout
dyn_pax_2038,3192.0,2026-09-07 09:53:12,218864491#0,restaurant|bus_stop,company,769.9803916976219,760.1217113917903,37.49842094941813,127.02951181742357,,,,timeout
dyn_pax_2039,3193.0,2026-09-07 09:53:13,-506191135#22,residential|company|restaurant|bus_stop,company,38.693950105848444,1321.9513167019495,37.50334380565249,127.02110990869835,3671.0,478.0,taxi_respawn_131,picked
dyn_pax_2040,3195.0,2026-09-07 09:53:15,-504509918#2,company|restaurant|bus_stop,company,398.9694242295193,827.4758220967593,37.49895762305832,127.02530099003066,,,,timeout
dyn_pax_2041,3196.0,2026-09-07 09:53:16,218864491#0,restaurant|bus_stop,company,769.9803916976219,760.1217113917903,37.49842094941813,127.02951181742357,,,,timeout
dyn_pax_2042,3198.0,2026-09-07 09:53:18,521766182#1,company|restaurant|subway_entrance,company,681.695169875507,539.6867345716422,37.496418539503196,127.02856584056028,,,,timeout
dyn_pax_2043,3201.0,2026-09-07 09:53:21,541692164#1,subway_entrance,company,271.6277521231475,1406.6420105391767,37.5041508337347,127.02372362926798,,,,timeout
dyn_pax_2044,3202.0,2026-09-07 09:53:22,1376141183#0,bus_stop,company,548.2528111146681,901.2117688498424,37.49965007283687,127.02697139402301,3671.0,469.0,taxi_respawn_98,picked
dyn_pax_2045,3203.0,2026-09-07 09:53:23,521770119#0,restaurant|bus_stop,company,548.9831206778387,935.1148840516827,37.4999556205417,127.02697161236954,3674.0,471.0,taxi_respawn_2,picked
dyn_pax_2046,3205.0,2026-09-07 09:53:25,1376141183#0,bus_stop,company,548.2528111146681,901.2117688498424,37.49965007283687,127.02697139402301,3667.0,462.0,taxi_33,picked
dyn_pax_2047,3206.0,2026-09-07 09:53:26,494824662#3,restaurant|subway_entrance,company,729.424850252167,406.6843378518681,37.49522941823122,127.02913698209235,,,,timeout
dyn_pax_2048,3208.0,2026-09-07 09:53:28,218873820#0,restaurant|subway_entrance|bus_stop,company,628.9829311132032,562.4061665928522,37.49661325243901,127.02796447999128,3708.0,500.0,taxi_respawn_45,picked
dyn_pax_2049,3209.0,2026-09-07 09:53:29,375049565#6,restaurant|subway_entrance|bus_stop,company,789.5153251748014,798.8522330112556,37.49877353199428,127.02972351946808,3675.0,466.0,taxi_respawn_71,picked
dyn_pax_2050,3209.0,2026-09-07 09:53:29,117790051#2,restaurant,,558.5532373104973,1361.778638311631,37.503800946163,127.02697864469606,3699.0,490.0,taxi_4,picked
dyn_pax_2051,3210.0,2026-09-07 09:53:30,521766180#1,company|restaurant|bus_stop,company,466.73410130235357,1169.2838037446552,37.502049542882666,127.02598608796039,,,,timeout
dyn_pax_2052,3210.0,2026-09-07 09:53:30,-256787796#5,restaurant,,631.1882908445458,865.4152262944223,37.499343270516576,127.02791760566556,3690.0,480.0,taxi_respawn_81,picked
dyn_pax_2053,3212.0,2026-09-07 09:53:32,520307304#0,school|subway_entrance|bus_stop,company,602.6035134310263,763.145495629718,37.498416594724866,127.02761864854104,3681.0,469.0,taxi_respawn_49,picked
dyn_pax_2054,3213.0,2026-09-07 09:53:33,218864491#0,restaurant|bus_stop,company,769.9803916976219,760.1217113917903,37.49842094941813,127.02951181742357,,,,timeout
dyn_pax_2055,3214.0,2026-09-07 09:53:34,417933642#0,restaurant|bus_stop,,1041.0954363710525,463.30841921497654,37.49579826441859,127.03264736696761,,,,timeout
dyn_pax_2056,3215.0,2026-09-07 09:53:35,521770116#2,company|restaurant|bus_stop,company,432.3182248087171,1108.514093563608,37.50149560521279,127.02561136613096,,,,timeout
dyn_pax_2057,3216.0,2026-09-07 09:53:36,1229817205#0,company|subway_entrance|bus_stop,company,599.2457558679199,652.2907550986157,37.497417346160496,127.02760695963683,,,,timeout
dyn_pax_2058,3217.0,2026-09-07 09:53:37,521766175#1,company|restaurant|subway_entrance,company,332.9365590021661,1411.5585828157227,37.504206724109,127.02441570308932,,,,timeout
dyn_pax_2059,3219.0,2026-09-07 09:53:39,1117538957#3,restaurant|subway_entrance|bus_stop,company,465.5082521847807,644.8780924026132,37.49732530507706,127.02609663221197,,,,timeout
dyn_pax_2060,3222.0,2026-09-07 09:53:42,1117538957#3,restaurant|subway_entrance|bus_stop,company,465.5082521847807,644.8780924026132,37.49732530507706,127.02609663221197,,,,timeout
dyn_pax_2061,3223.0,2026-09-07 09:53:43,218873820#0,restaurant|subway_entrance|bus_stop,company,628.9829311132032,562.4061665928522,37.49661325243901,127.02796447999128,,,,timeout
dyn_pax_2062,3225.0,2026-09-07 09:53:45,218864491#0,restaurant|bus_stop,company,769.9803916976219,760.1217113917903,37.49842094941813,127.02951181742357,,,,timeout
dyn_pax_2063,3226.0,2026-09-07 09:53:46,417933642#0,restaurant|bus_stop,company,1041.0954363710525,463.30841921497654,37.49579826441859,127.03264736696761,,,,timeout
dyn_pax_2064,3227.0,2026-09-07 09:53:47,218873820#0,restaurant|subway_entrance|bus_stop,company,628.9829311132032,562.4061665928522,37.49661325243901,127.02796447999128,,,,timeout
dyn_pax_2065,3229.0,2026-09-07 09:53:49,520307304#0,school|subway_entrance|bus_stop,company,602.6035134310263,763.145495629718,37.498416594724866,127.02761864854104,,,,timeout
dyn_pax_2066,3230.0,2026-09-07 09:53:50,521766175#3,company|restaurant|subway_entrance|bus_stop,company,373.6701172395771,1298.610217621072,37.50319695740621,127.02490310718325,,,,timeout
dyn_pax_2067,3232.0,2026-09-07 09:53:52,-506191135#2,residential|bus_stop,company,236.19733776439384,769.6838415951818,37.49840622577806,127.02347432089968,,,,timeout
dyn_pax_2068,3233.0,2026-09-07 09:53:53,506191135#3,residential|company|restaurant|bus_stop,company,238.79972345576414,789.4714057742513,37.49858497042428,127.023499044737,,,,timeout
dyn_pax_2069,3234.0,2026-09-07 09:53:54,-542367267#1,bus_stop,company,247.51018316686128,1414.7184918773391,37.504219024473855,127.02344900430944,,,,timeout
dyn_pax_2070,3235.0,2026-09-07 09:53:55,628232693#0,company|restaurant,,644.2623295929467,660.168099777976,37.49749680792099,127.0281140674837,,,,timeout
dyn_pax_2071,3236.0,2026-09-07 09:53:56,1117538957#3,restaurant|subway_entrance|bus_stop,company,465.5082521847807,644.8780924026132,37.49732530507706,127.02609663221197,,,,timeout
dyn_pax_2072,3237.0,2026-09-07 09:53:57,218864491#0,restaurant|bus_stop,company,769.9803916976219,760.1217113917903,37.49842094941813,127.02951181742357,,,,timeout
dyn_pax_2073,3239.0,2026-09-07 09:53:59,417933642#0,restaurant|bus_stop,company,1041.0954363710525,463.30841921497654,37.49579826441859,127.03264736696761,,,,timeout
dyn_pax_2074,3240.0,2026-09-07 09:54:00,-506191135#22,residential|company|restaurant|bus_stop,company,38.693950105848444,1321.9513167019495,37.50334380565249,127.02110990869835,,,,timeout
dyn_pax_2075,3240.0,2026-09-07 09:54:00,1229817205#0,company|subway_entrance|bus_stop,,599.2457558679199,652.2907550986157,37.497417346160496,127.02760695963683,,,,timeout
dyn_pax_2076,3241.0,2026-09-07 09:54:01,218877837#2,company|restaurant|bus_stop,company,479.4555212141038,978.0213907550284,37.500328997763305,127.02617530290202,3736.0,495.0,taxi_respawn_65,picked
dyn_pax_2077,3243.0,2026-09-07 09:54:03,375049565#6,restaurant|subway_entrance|bus_stop,company,789.5153251748014,798.8522330112556,37.49877353199428,127.02972351946808,3730.0,487.0,taxi_respawn_135,picked
dyn_pax_2078,3244.0,2026-09-07 09:54:04,480850873,company|restaurant|bus_stop,company,548.1935052770749,708.5896639848544,37.49791486187584,127.0270163956136,,,,timeout
dyn_pax_2079,3246.0,2026-09-07 09:54:06,521770119#1,restaurant|bus_stop,company,527.3115514435282,995.8620162900467,37.50049875494786,127.02671217090477,,,,timeout
dyn_pax_2080,3247.0,2026-09-07 09:54:07,1117538957#3,restaurant|subway_entrance|bus_stop,company,465.5082521847807,644.8780924026132,37.49732530507706,127.02609663221197,,,,timeout
dyn_pax_2081,3249.0,2026-09-07 09:54:09,375049565#6,restaurant|subway_entrance|bus_stop,company,789.5153251748014,798.8522330112556,37.49877353199428,127.02972351946808,,,,timeout
dyn_pax_2082,3250.0,2026-09-07 09:54:10,218873820#0,restaurant|subway_entrance|bus_stop,company,628.9829311132032,562.4061665928522,37.49661325243901,127.02796447999128,,,,timeout
dyn_pax_2083,3252.0,2026-09-07 09:54:12,520307304#0,school|subway_entrance|bus_stop,,602.6035134310263,763.145495629718,37.498416594724866,127.02761864854104,3751.0,499.0,taxi_respawn_68,picked
dyn_pax_2084,3253.0,2026-09-07 09:54:13,521770116#2,company|restaurant|bus_stop,company,432.3182248087171,1108.514093563608,37.50149560521279,127.02561136613096,3731.0,478.0,taxi_respawn_36,picked
dyn_pax_2085,3254.0,2026-09-07 09:54:14,1376141184#0,bus_stop,company,643.3432253030496,578.0866055082481,37.49675721809014,127.02812312566316,,,,timeout
dyn_pax_2086,3256.0,2026-09-07 09:54:16,-542367267#1,bus_stop,company,247.51018316686128,1414.7184918773391,37.504219024473855,127.02344900430944,3749.0,493.0,taxi_respawn_136,picked
dyn_pax_2087,3257.0,2026-09-07 09:54:17,305539406,company|restaurant|subway_entrance,company,566.389495917364,736.5285064605782,37.49816998085155,127.02721550408178,,,,timeout
dyn_pax_2088,3258.0,2026-09-07 09:54:18,521766180#2,company|restaurant|subway_entrance,company,439.1682246573338,1248.125402422748,37.50275456053775,127.0256556898917,,,,timeout
dyn_pax_2089,3260.0,2026-09-07 09:54:20,521766182#1,company|restaurant|subway_entrance,company,681.695169875507,539.6867345716422,37.496418539503196,127.02856584056028,3755.0,495.0,taxi_respawn_92,picked
dyn_pax_2090,3261.0,2026-09-07 09:54:21,-541692164#2,subway_entrance,company,317.7122087179151,1441.0296574375257,37.504469327730426,127.0242365566347,,,,timeout
dyn_pax_2091,3261.0,2026-09-07 09:54:21,1229817205#0,company|subway_entrance|bus_stop,,599.2457558679199,652.2907550986157,37.497417346160496,127.02760695963683,,,,timeout
dyn_pax_2092,3263.0,2026-09-07 09:54:23,1229817205#0,company|subway_entrance|bus_stop,company,599.2457558679199,652.2907550986157,37.497417346160496,127.02760695963683,,,,timeout
dyn_pax_2093,3264.0,2026-09-07 09:54:24,521766182#1,company|restaurant|subway_entrance,company,681.695169875507,539.6867345716422,37.496418539503196,127.02856584056028,,,,timeout
dyn_pax_2094,3265.0,2026-09-07 09:54:25,218864491#0,restaurant|bus_stop,company,769.9803916976219,760.1217113917903,37.49842094941813,127.02951181742357,,,,timeout
dyn_pax_2095,3267.0,2026-09-07 09:54:27,521766180#3,company|subway_entrance,company,386.1025100472621,1391.5483758557143,37.504036522784034,127.0250216210457,,,,timeout
dyn_pax_2096,3268.0,2026-09-07 09:54:28,506191135#3,residential|company|restaurant|bus_stop,company,238.79972345576414,789.4714057742513,37.49858497042428,127.023499044737,,,,timeout
dyn_pax_2097,3269.0,2026-09-07 09:54:29,417750337#5,restaurant,,522.3387290339521,1126.7881672814829,37.50167723806998,127.02662489231146,3758.0,489.0,taxi_respawn_120,picked
dyn_pax_2098,3270.0,2026-09-07 09:54:30,-417933645#2,company|restaurant|subway_entrance,company,701.1658676593129,719.5455833044954,37.49804244093877,127.02874337560036,,,,timeout
dyn_pax_2099,3271.0,2026-09-07 09:54:31,521766175#1,company|restaurant|subway_entrance,company,332.9365590021661,1411.5585828157227,37.504206724109,127.02441570308932,,,,timeout
dyn_pax_2100,3273.0,2026-09-07 09:54:33,-506191135#22,residential|company|restaurant|bus_stop,company,38.693950105848444,1321.9513167019495,37.50334380565249,127.02110990869835,,,,timeout
dyn_pax_2101,3274.0,2026-09-07 09:54:34,218857636#1,residential|company|restaurant|bus_stop,company,297.92905089287035,623.2061345250047,37.49709839153085,127.02420706961871,,,,timeout
dyn_pax_2102,3275.0,2026-09-07 09:54:35,218864491#0,restaurant|bus_stop,company,769.9803916976219,760.1217113917903,37.49842094941813,127.02951181742357,,,,timeout
dyn_pax_2103,3278.0,2026-09-07 09:54:38,520307304#0,school|subway_entrance|bus_stop,company,602.6035134310263,763.145495629718,37.498416594724866,127.02761864854104,,,,timeout
dyn_pax_2104,3280.0,2026-09-07 09:54:40,521766180#1,company|restaurant|bus_stop,company,466.73410130235357,1169.2838037446552,37.502049542882666,127.02598608796039,,,,timeout
dyn_pax_2105,3281.0,2026-09-07 09:54:41,520307304#0,school|subway_entrance|bus_stop,company,602.6035134310263,763.145495629718,37.498416594724866,127.02761864854104,,,,timeout
dyn_pax_2106,3282.0,2026-09-07 09:54:42,521766180#2,company|restaurant|subway_entrance,company,439.1682246573338,1248.125402422748,37.50275456053775,127.0256556898917,,,,timeout
dyn_pax_2107,3284.0,2026-09-07 09:54:44,-504509918#2,company|restaurant|bus_stop,company,398.9694242295193,827.4758220967593,37.49895762305832,127.02530099003066,,,,timeout
dyn_pax_2108,3284.0,2026-09-07 09:54:44,239962780#1,company|restaurant,,78.091042197054,1418.7355011637856,37.504223128704645,127.02153236485597,,,,timeout
dyn_pax_2109,3285.0,2026-09-07 09:54:45,-506191135#2,residential|bus_stop,company,236.19733776439384,769.6838415951818,37.49840622577806,127.02347432089968,,,,timeout
dyn_pax_2110,3285.0,2026-09-07 09:54:45,-542367267#1,bus_stop,,247.51018316686128,1414.7184918773391,37.504219024473855,127.02344900430944,,,,timeout
dyn_pax_2111,3287.0,2026-09-07 09:54:47,521766180#3,company|subway_entrance,company,386.1025100472621,1391.5483758557143,37.504036522784034,127.0250216210457,,,,timeout
dyn_pax_2112,3288.0,2026-09-07 09:54:48,1117538958#3,bus_stop,company,160.18899290588462,540.6019911995099,37.49632820280781,127.02266936696756,,,,timeout
dyn_pax_2113,3289.0,2026-09-07 09:54:49,521766180#2,company|restaurant|subway_entrance,company,439.1682246573338,1248.125402422748,37.50275456053775,127.0256556898917,,,,timeout
dyn_pax_2114,3291.0,2026-09-07 09:54:51,218873820#0,restaurant|subway_entrance|bus_stop,company,628.9829311132032,562.4061665928522,37.49661325243901,127.02796447999128,,,,timeout
dyn_pax_2115,3292.0,2026-09-07 09:54:52,1229817205#1,residential|bus_stop,company,631.6400080768872,572.7061575261558,37.49670653972221,127.02799208080955,,,,timeout
dyn_pax_2116,3294.0,2026-09-07 09:54:54,521766175#3,company|restaurant|subway_entrance|bus_stop,company,373.6701172395771,1298.610217621072,37.50319695740621,127.02490310718325,,,,timeout
dyn_pax_2117,3295.0,2026-09-07 09:54:55,1229817205#0,company|subway_entrance|bus_stop,company,599.2457558679199,652.2907550986157,37.497417346160496,127.02760695963683,,,,timeout
dyn_pax_2118,3297.0,2026-09-07 09:54:57,521770119#0,restaurant|bus_stop,company,548.9831206778387,935.1148840516827,37.4999556205417,127.02697161236954,,,,timeout
dyn_pax_2119,3298.0,2026-09-07 09:54:58,417933642#0,restaurant|bus_stop,company,1041.0954363710525,463.30841921497654,37.49579826441859,127.03264736696761,,,,timeout
dyn_pax_2120,3299.0,2026-09-07 09:54:59,218864491#0,restaurant|bus_stop,company,769.9803916976219,760.1217113917903,37.49842094941813,127.02951181742357,3787.0,488.0,taxi_respawn_117,picked
dyn_pax_2121,3299.0,2026-09-07 09:54:59,-913950883#1,residential|company|restaurant,,391.36286393582424,840.6655979518604,37.49907500229157,127.0252118555046,,,,timeout
dyn_pax_2122,3300.0,2026-09-07 09:55:00,521766180#1,company|restaurant|bus_stop,,466.73410130235357,1169.2838037446552,37.502049542882666,127.02598608796039,3797.0,497.0,taxi_respawn_113,picked
dyn_pax_2123,3301.0,2026-09-07 09:55:01,521766182#1,company|restaurant|subway_entrance,company,681.695169875507,539.6867345716422,37.496418539503196,127.02856584056028,,,,timeout
dyn_pax_2124,3302.0,2026-09-07 09:55:02,-504509918#2,company|restaurant|bus_stop,company,398.9694242295193,827.4758220967593,37.49895762305832,127.02530099003066,,,,timeout
dyn_pax_2125,3304.0,2026-09-07 09:55:04,975332778#1,bus_stop,company,681.6099970732737,721.9380561808346,37.49806030190971,127.02852170075586,,,,timeout
dyn_pax_2126,3305.0,2026-09-07 09:55:05,480850873,company|restaurant|bus_stop,company,548.1935052770749,708.5896639848544,37.49791486187584,127.0270163956136,3789.0,484.0,taxi_respawn_38,picked
dyn_pax_2127,3306.0,2026-09-07 09:55:06,-417933645#2,company|restaurant|subway_entrance,company,701.1658676593129,719.5455833044954,37.49804244093877,127.02874337560036,,,,timeout
dyn_pax_2128,3308.0,2026-09-07 09:55:08,506191135#3,residential|company|restaurant|bus_stop,company,238.79972345576414,789.4714057742513,37.49858497042428,127.023499044737,,,,timeout
dyn_pax_2129,3309.0,2026-09-07 09:55:09,520307304#0,school|subway_entrance|bus_stop,company,602.6035134310263,763.145495629718,37.498416594724866,127.02761864854104,,,,timeout
dyn_pax_2130,3311.0,2026-09-07 09:55:11,521766175#1,company|restaurant|subway_entrance,company,332.9365590021661,1411.5585828157227,37.504206724109,127.02441570308932,,,,timeout
dyn_pax_2131,3312.0,2026-09-07 09:55:12,521766180#2,company|restaurant|subway_entrance,company,439.1682246573338,1248.125402422748,37.50275456053775,127.0256556898917,,,,timeout
dyn_pax_2132,3312.0,2026-09-07 09:55:12,1117538958#3,bus_stop,,160.18899290588462,540.6019911995099,37.49632820280781,127.02266936696756,,,,timeout
dyn_pax_2133,3313.0,2026-09-07 09:55:13,218857636#1,residential|company|restaurant|bus_stop,company,297.92905089287035,623.2061345250047,37.49709839153085,127.02420706961871,,,,timeout
dyn_pax_2134,3315.0,2026-09-07 09:55:15,506191135#3,residential|company|restaurant|bus_stop,company,238.79972345576414,789.4714057742513,37.49858497042428,127.023499044737,3808.0,493.0,taxi_respawn_125,picked
dyn_pax_2135,3316.0,2026-09-07 09:55:16,305539406,company|restaurant|subway_entrance,company,566.389495917364,736.5285064605782,37.49816998085155,127.02721550408178,,,,timeout
dyn_pax_2136,3318.0,2026-09-07 09:55:18,521766175#1,company|restaurant|subway_entrance,company,332.9365590021661,1411.5585828157227,37.504206724109,127.02441570308932,,,,timeout
dyn_pax_2137,3319.0,2026-09-07 09:55:19,480850873,company|restaurant|bus_stop,company,548.1935052770749,708.5896639848544,37.49791486187584,127.0270163956136,3814.0,495.0,taxi_respawn_27,picked
dyn_pax_2138,3321.0,2026-09-07 09:55:21,1117538957#3,restaurant|subway_entrance|bus_stop,company,465.5082521847807,644.8780924026132,37.49732530507706,127.02609663221197,3799.0,478.0,taxi_respawn_73,picked
dyn_pax_2139,3322.0,2026-09-07 09:55:22,178441450#1,residential|company|restaurant|bus_stop,company,282.90243066757296,609.4157395563556,37.496971320837204,127.02404044855805,,,,timeout
dyn_pax_2140,3323.0,2026-09-07 09:55:23,1229817205#0,company|subway_entrance|bus_stop,company,599.2457558679199,652.2907550986157,37.497417346160496,127.02760695963683,,,,timeout
dyn_pax_2141,3325.0,2026-09-07 09:55:25,541692164#1,subway_entrance,company,271.6277521231475,1406.6420105391767,37.5041508337347,127.02372362926798,,,,timeout
dyn_pax_2142,3327.0,2026-09-07 09:55:27,-504509918#2,company|restaurant|bus_stop,,398.9694242295193,827.4758220967593,37.49895762305832,127.02530099003066,,,,timeout
dyn_pax_2143,3328.0,2026-09-07 09:55:28,521766175#3,company|restaurant|subway_entrance|bus_stop,company,373.6701172395771,1298.610217621072,37.50319695740621,127.02490310718325,,,,timeout
dyn_pax_2144,3329.0,2026-09-07 09:55:29,521766182#1,company|restaurant|subway_entrance,company,681.695169875507,539.6867345716422,37.496418539503196,127.02856584056028,,,,timeout
dyn_pax_2145,3330.0,2026-09-07 09:55:30,521766180#3,company|subway_entrance,company,386.1025100472621,1391.5483758557143,37.504036522784034,127.0250216210457,,,,timeout
dyn_pax_2146,3332.0,2026-09-07 09:55:32,521766175#3,company|restaurant|subway_entrance|bus_stop,company,373.6701172395771,1298.610217621072,37.50319695740621,127.02490310718325,,,,timeout
dyn_pax_2147,3333.0,2026-09-07 09:55:33,521766175#1,company|restaurant|subway_entrance,company,332.9365590021661,1411.5585828157227,37.504206724109,127.02441570308932,,,,timeout
dyn_pax_2148,3333.0,2026-09-07 09:55:33,-542367267#0,company,,179.75773525047865,1390.7576253945435,37.50399035207237,127.02268859703804,,,,timeout
dyn_pax_2149,3335.0,2026-09-07 09:55:35,480850873,company|restaurant|bus_stop,company,548.1935052770749,708.5896639848544,37.49791486187584,127.0270163956136,,,,timeout
dyn_pax_2150,3336.0,2026-09-07 09:55:36,1229817205#1,residential|bus_stop,company,631.6400080768872,572.7061575261558,37.49670653972221,127.02799208080955,,,,timeout
dyn_pax_2151,3337.0,2026-09-07 09:55:37,218877837#2,company|restaurant|bus_stop,company,479.4555212141038,978.0213907550284,37.500328997763305,127.02617530290202,,,,timeout
dyn_pax_2152,3339.0,2026-09-07 09:55:39,-541692164#2,subway_entrance,company,317.7122087179151,1441.0296574375257,37.504469327730426,127.0242365566347,,,,timeout
dyn_pax_2153,3340.0,2026-09-07 09:55:40,523141074#0,company|restaurant|subway_entrance,company,524.0338794858329,871.4890157117229,37.4993777454413,127.02670460634431,,,,timeout
dyn_pax_2154,3342.0,2026-09-07 09:55:42,1229817205#0,company|subway_entrance|bus_stop,company,599.2457558679199,652.2907550986157,37.497417346160496,127.02760695963683,,,,timeout
dyn_pax_2155,3342.0,2026-09-07 09:55:42,218857636#1,residential|company|restaurant|bus_stop,,297.92905089287035,623.2061345250047,37.49709839153085,127.02420706961871,,,,timeout
dyn_pax_2156,3343.0,2026-09-07 09:55:43,1376141183#0,bus_stop,company,548.2528111146681,901.2117688498424,37.49965007283687,127.02697139402301,,,,timeout
dyn_pax_2157,3345.0,2026-09-07 09:55:45,218877837#2,company|restaurant|bus_stop,company,479.4555212141038,978.0213907550284,37.500328997763305,127.02617530290202,,,,timeout
dyn_pax_2158,3346.0,2026-09-07 09:55:46,218864491#0,restaurant|bus_stop,company,769.9803916976219,760.1217113917903,37.49842094941813,127.02951181742357,,,,timeout
dyn_pax_2159,3347.0,2026-09-07 09:55:47,523141074#0,company|restaurant|subway_entrance,company,524.0338794858329,871.4890157117229,37.4993777454413,127.02670460634431,,,,timeout
dyn_pax_2160,3347.0,2026-09-07 09:55:47,218873820#0,restaurant|subway_entrance|bus_stop,,628.9829311132032,562.4061665928522,37.49661325243901,127.02796447999128,,,,timeout
dyn_pax_2161,3348.0,2026-09-07 09:55:48,-523141073,residential|company,,283.47995026542384,1109.9635024546676,37.50148051131825,127.02392811188028,,,,timeout
dyn_pax_2162,3349.0,2026-09-07 09:55:49,1376141184#0,bus_stop,company,643.3432253030496,578.0866055082481,37.49675721809014,127.02812312566316,,,,timeout
dyn_pax_2163,3350.0,2026-09-07 09:55:50,1229817205#1,residential|bus_stop,company,631.6400080768872,572.7061575261558,37.49670653972221,127.02799208080955,,,,timeout
dyn_pax_2164,3352.0,2026-09-07 09:55:52,-417933645#2,company|restaurant|subway_entrance,company,701.1658676593129,719.5455833044954,37.49804244093877,127.02874337560036,,,,timeout
dyn_pax_2165,3353.0,2026-09-07 09:55:53,1117538957#3,restaurant|subway_entrance|bus_stop,company,465.5082521847807,644.8780924026132,37.49732530507706,127.02609663221197,,,,timeout
dyn_pax_2166,3354.0,2026-09-07 09:55:54,521766175#3,company|restaurant|subway_entrance|bus_stop,company,373.6701172395771,1298.610217621072,37.50319695740621,127.02490310718325,,,,timeout
dyn_pax_2167,3356.0,2026-09-07 09:55:56,520307304#0,school|subway_entrance|bus_stop,company,602.6035134310263,763.145495629718,37.498416594724866,127.02761864854104,,,,timeout
dyn_pax_2168,3357.0,2026-09-07 09:55:57,305539406,company|restaurant|subway_entrance,company,566.389495917364,736.5285064605782,37.49816998085155,127.02721550408178,,,,timeout
dyn_pax_2169,3359.0,2026-09-07 09:55:59,1376141183#0,bus_stop,company,548.2528111146681,901.2117688498424,37.49965007283687,127.02697139402301,,,,timeout
dyn_pax_2170,3360.0,2026-09-07 09:56:00,521770119#1,restaurant|bus_stop,company,527.3115514435282,995.8620162900467,37.50049875494786,127.02671217090477,,,,timeout
dyn_pax_2171,3360.0,2026-09-07 09:56:00,-129731834#1,residential,,78.2122165689223,720.9585140244731,37.49793738265588,127.02169964763026,,,,timeout
dyn_pax_2172,3361.0,2026-09-07 09:56:01,521766180#1,company|restaurant|bus_stop,company,466.73410130235357,1169.2838037446552,37.502049542882666,127.02598608796039,,,,timeout
dyn_pax_2173,3363.0,2026-09-07 09:56:03,218873820#1,restaurant|bus_stop,company,647.4058653861567,510.6179408698636,37.49615020572141,127.02818504540632,,,,timeout
dyn_pax_2174,3364.0,2026-09-07 09:56:04,178441450#1,residential|company|restaurant|bus_stop,company,282.90243066757296,609.4157395563556,37.496971320837204,127.02404044855805,3848.0,484.0,taxi_39,picked
dyn_pax_2175,3364.0,2026-09-07 09:56:04,-504509918#2,company|restaurant|bus_stop,,398.9694242295193,827.4758220967593,37.49895762305832,127.02530099003066,,,,timeout
dyn_pax_2176,3366.0,2026-09-07 09:56:06,1229817205#0,company|subway_entrance|bus_stop,company,599.2457558679199,652.2907550986157,37.497417346160496,127.02760695963683,,,,timeout
dyn_pax_2177,3367.0,2026-09-07 09:56:07,218877837#2,company|restaurant|bus_stop,company,479.4555212141038,978.0213907550284,37.500328997763305,127.02617530290202,,,,timeout
dyn_pax_2178,3369.0,2026-09-07 09:56:09,521766175#3,company|restaurant|subway_entrance|bus_stop,company,373.6701172395771,1298.610217621072,37.50319695740621,127.02490310718325,,,,timeout
dyn_pax_2179,3370.0,2026-09-07 09:56:10,520307304#0,school|subway_entrance|bus_stop,company,602.6035134310263,763.145495629718,37.498416594724866,127.02761864854104,3866.0,496.0,taxi_respawn_59,picked
dyn_pax_2180,3371.0,2026-09-07 09:56:11,375049565#6,restaurant|subway_entrance|bus_stop,company,789.5153251748014,798.8522330112556,37.49877353199428,127.02972351946808,3860.0,489.0,taxi_respawn_144,picked
dyn_pax_2181,3373.0,2026-09-07 09:56:13,1376141184#0,bus_stop,company,643.3432253030496,578.0866055082481,37.49675721809014,127.02812312566316,,,,timeout
dyn_pax_2182,3374.0,2026-09-07 09:56:14,523141074#0,company|restaurant|subway_entrance,company,524.0338794858329,871.4890157117229,37.4993777454413,127.02670460634431,,,,timeout
dyn_pax_2183,3376.0,2026-09-07 09:56:16,494824662#3,restaurant|subway_entrance,company,729.424850252167,406.6843378518681,37.49522941823122,127.02913698209235,,,,timeout
dyn_pax_2184,3377.0,2026-09-07 09:56:17,375049565#6,restaurant|subway_entrance|bus_stop,company,789.5153251748014,798.8522330112556,37.49877353199428,127.02972351946808,,,,timeout
dyn_pax_2185,3377.0,2026-09-07 09:56:17,117790051#2,restaurant,,558.5532373104973,1361.778638311631,37.503800946163,127.02697864469606,,,,timeout
dyn_pax_2186,3378.0,2026-09-07 09:56:18,521766175#1,company|restaurant|subway_entrance,company,332.9365590021661,1411.5585828157227,37.504206724109,127.02441570308932,,,,timeout
dyn_pax_2187,3379.0,2026-09-07 09:56:19,417750337#2,restaurant,,602.0112566641748,1239.22102407953,37.50270511928559,127.02749909599581,,,,timeout
dyn_pax_2188,3380.0,2026-09-07 09:56:20,521766175#3,company|restaurant|subway_entrance|bus_stop,company,373.6701172395771,1298.610217621072,37.50319695740621,127.02490310718325,,,,timeout
dyn_pax_2189,3381.0,2026-09-07 09:56:21,506191135#3,residential|company|restaurant|bus_stop,company,238.79972345576414,789.4714057742513,37.49858497042428,127.023499044737,3880.0,499.0,taxi_respawn_147,picked
dyn_pax_2190,3382.0,2026-09-07 09:56:22,218864491#4,company|restaurant,,930.6531925400286,817.0922374517883,37.49896445889845,127.03131499400716,,,,timeout
dyn_pax_2191,3383.0,2026-09-07 09:56:23,-506191135#2,residential|bus_stop,company,236.19733776439384,769.6838415951818,37.49840622577806,127.02347432089968,,,,timeout
dyn_pax_2192,3383.0,2026-09-07 09:56:23,379232155,restaurant,,946.0567570824509,480.05346239194995,37.49593120335224,127.03156888346594,,,,timeout
dyn_pax_2193,3384.0,2026-09-07 09:56:24,218877837#2,company|restaurant|bus_stop,company,479.4555212141038,978.0213907550284,37.500328997763305,127.02617530290202,,,,timeout
dyn_pax_2194,3384.0,2026-09-07 09:56:24,-913950883#1,residential|company|restaurant,,391.36286393582424,840.6655979518604,37.49907500229157,127.0252118555046,,,,timeout
dyn_pax_2195,3385.0,2026-09-07 09:56:25,1229817205#0,company|subway_entrance|bus_stop,company,599.2457558679199,652.2907550986157,37.497417346160496,127.02760695963683,3881.0,496.0,taxi_respawn_97,picked
dyn_pax_2196,3387.0,2026-09-07 09:56:27,523141074#0,company|restaurant|subway_entrance,company,524.0338794858329,871.4890157117229,37.4993777454413,127.02670460634431,,,,timeout
dyn_pax_2197,3388.0,2026-09-07 09:56:28,520307304#0,school|subway_entrance|bus_stop,company,602.6035134310263,763.145495629718,37.498416594724866,127.02761864854104,,,,timeout
dyn_pax_2198,3390.0,2026-09-07 09:56:30,218873820#0,restaurant|subway_entrance|bus_stop,company,628.9829311132032,562.4061665928522,37.49661325243901,127.02796447999128,,,,timeout
dyn_pax_2199,3391.0,2026-09-07 09:56:31,178441450#1,residential|company|restaurant|bus_stop,company,282.90243066757296,609.4157395563556,37.496971320837204,127.02404044855805,,,,timeout
dyn_pax_2200,3391.0,2026-09-07 09:56:31,218864491#4,company|restaurant,,930.6531925400286,817.0922374517883,37.49896445889845,127.03131499400716,,,,timeout
dyn_pax_2201,3393.0,2026-09-07 09:56:33,1376141184#0,bus_stop,company,643.3432253030496,578.0866055082481,37.49675721809014,127.02812312566316,,,,timeout
dyn_pax_2202,3394.0,2026-09-07 09:56:34,521766180#3,company|subway_entrance,company,386.1025100472621,1391.5483758557143,37.504036522784034,127.0250216210457,,,,timeout
dyn_pax_2203,3395.0,2026-09-07 09:56:35,-506191135#2,residential|bus_stop,company,236.19733776439384,769.6838415951818,37.49840622577806,127.02347432089968,,,,timeout
dyn_pax_2204,3396.0,2026-09-07 09:56:36,-117790039#2,company|restaurant,,1017.0012393074795,990.846024966068,37.5005459641277,127.03225021068775,3876.0,480.0,taxi_respawn_124,picked
dyn_pax_2205,3397.0,2026-09-07 09:56:37,494824662#3,restaurant|subway_entrance,company,729.424850252167,406.6843378518681,37.49522941823122,127.02913698209235,,,,timeout
dyn_pax_2206,3398.0,2026-09-07 09:56:38,305539406,company|restaurant|subway_entrance,company,566.389495917364,736.5285064605782,37.49816998085155,127.02721550408178,,,,timeout
dyn_pax_2207,3400.0,2026-09-07 09:56:40,521766175#1,company|restaurant|subway_entrance,company,332.9365590021661,1411.5585828157227,37.504206724109,127.02441570308932,,,,timeout
dyn_pax_2208,3401.0,2026-09-07 09:56:41,480850873,company|restaurant|bus_stop,company,548.1935052770749,708.5896639848544,37.49791486187584,127.0270163956136,,,,timeout
dyn_pax_2209,3401.0,2026-09-07 09:56:41,129731859#0,restaurant,,636.6446621144157,858.1896913104493,37.49927921090336,127.0279810114602,,,,timeout
dyn_pax_2210,3401.0,2026-09-07 09:56:41,-309155295#4,residential|restaurant,,966.4689567179357,639.4784987131154,37.49737120494098,127.0317619612052,,,,timeout
dyn_pax_2211,3402.0,2026-09-07 09:56:42,521766175#1,company|restaurant|subway_entrance,company,332.9365590021661,1411.5585828157227,37.504206724109,127.02441570308932,,,,timeout
dyn_pax_2212,3404.0,2026-09-07 09:56:44,1117538957#3,restaurant|subway_entrance|bus_stop,company,465.5082521847807,644.8780924026132,37.49732530507706,127.02609663221197,,,,timeout
dyn_pax_2213,3405.0,2026-09-07 09:56:45,520307304#0,school|subway_entrance|bus_stop,company,602.6035134310263,763.145495629718,37.498416594724866,127.02761864854104,,,,timeout
dyn_pax_2214,3407.0,2026-09-07 09:56:47,-417933645#2,company|restaurant|subway_entrance,company,701.1658676593129,719.5455833044954,37.49804244093877,127.02874337560036,,,,timeout
dyn_pax_2215,3408.0,2026-09-07 09:56:48,375049565#6,restaurant|subway_entrance|bus_stop,company,789.5153251748014,798.8522330112556,37.49877353199428,127.02972351946808,,,,timeout
dyn_pax_2216,3409.0,2026-09-07 09:56:49,-506191135#2,residential|bus_stop,company,236.19733776439384,769.6838415951818,37.49840622577806,127.02347432089968,,,,timeout
dyn_pax_2217,3411.0,2026-09-07 09:56:51,218873820#0,restaurant|subway_entrance|bus_stop,company,628.9829311132032,562.4061665928522,37.49661325243901,127.02796447999128,,,,timeout
dyn_pax_2218,3411.0,2026-09-07 09:56:51,417933645#0,residential|restaurant,,823.1026288816429,385.61625104994533,37.49505730126708,127.03020109557775,,,,timeout
dyn_pax_2219,3414.0,2026-09-07 09:56:54,521766180#1,company|restaurant|bus_stop,company,466.73410130235357,1169.2838037446552,37.502049542882666,127.02598608796039,,,,timeout
dyn_pax_2220,3414.0,2026-09-07 09:56:54,129733424#3,restaurant,,568.5053070143441,1008.1195751958668,37.500616957275064,127.02717503574868,,,,timeout
dyn_pax_2221,3415.0,2026-09-07 09:56:55,1117538958#3,bus_stop,company,160.18899290588462,540.6019911995099,37.49632820280781,127.02266936696756,3910.0,495.0,taxi_respawn_135,picked
dyn_pax_2222,3415.0,2026-09-07 09:56:55,218864491#3,restaurant,,917.5525719196496,812.2933006495632,37.498918758940725,127.0311680055342,,,,timeout
dyn_pax_2223,3417.0,2026-09-07 09:56:57,521766175#1,company|restaurant|subway_entrance,company,332.9365590021661,1411.5585828157227,37.504206724109,127.02441570308932,3910.0,493.0,taxi_respawn_140,picked
dyn_pax_2224,3418.0,2026-09-07 09:56:58,1376141182#0,bus_stop,company,385.7154046370183,1301.0311255965628,37.50322104370192,127.02503873135461,,,,timeout
dyn_pax_2225,3419.0,2026-09-07 09:56:59,1376141184#0,bus_stop,company,643.3432253030496,578.0866055082481,37.49675721809014,127.02812312566316,,,,timeout
dyn_pax_2226,3421.0,2026-09-07 09:57:01,521770119#1,restaurant|bus_stop,company,527.3115514435282,995.8620162900467,37.50049875494786,127.02671217090477,3921.0,500.0,taxi_respawn_18,picked
dyn_pax_2227,3422.0,2026-09-07 09:57:02,305539406,company|restaurant|subway_entrance,company,566.389495917364,736.5285064605782,37.49816998085155,127.02721550408178,3914.0,492.0,taxi_respawn_67,picked
dyn_pax_2228,3423.0,2026-09-07 09:57:03,117790039#0,restaurant,,1059.1652257347846,901.0190091909938,37.49974471524068,127.0327481916661,,,,timeout
dyn_pax_2229,3426.0,2026-09-07 09:57:06,218873820#1,restaurant|bus_stop,company,647.4058653861567,510.6179408698636,37.49615020572141,127.02818504540632,,,,timeout
dyn_pax_2230,3428.0,2026-09-07 09:57:08,1376141182#0,bus_stop,company,385.7154046370183,1301.0311255965628,37.50322104370192,127.02503873135461,,,,timeout
dyn_pax_2231,3429.0,2026-09-07 09:57:09,521766180#3,company|subway_entrance,company,386.1025100472621,1391.5483758557143,37.504036522784034,127.0250216210457,,,,timeout
dyn_pax_2232,3431.0,2026-09-07 09:57:11,1229817205#1,residential|bus_stop,company,631.6400080768872,572.7061575261558,37.49670653972221,127.02799208080955,,,,timeout
dyn_pax_2233,3431.0,2026-09-07 09:57:11,-117790031#1,restaurant,,730.7814463439225,1053.3410552584976,37.501054966737435,127.02899915797848,,,,timeout
dyn_pax_2234,3432.0,2026-09-07 09:57:12,-541692164#2,subway_entrance,company,317.7122087179151,1441.0296574375257,37.504469327730426,127.0242365566347,,,,timeout
dyn_pax_2235,3433.0,2026-09-07 09:57:13,-506191135#2,residential|bus_stop,company,236.19733776439384,769.6838415951818,37.49840622577806,127.02347432089968,,,,timeout
dyn_pax_2236,3435.0,2026-09-07 09:57:15,975332778#1,bus_stop,company,681.6099970732737,721.9380561808346,37.49806030190971,127.02852170075586,3914.0,479.0,taxi_respawn_87,picked
dyn_pax_2237,3436.0,2026-09-07 09:57:16,218877837#2,company|restaurant|bus_stop,company,479.4555212141038,978.0213907550284,37.500328997763305,127.02617530290202,3908.0,472.0,taxi_respawn_46,picked
dyn_pax_2238,3438.0,2026-09-07 09:57:18,1376141182#0,bus_stop,company,385.7154046370183,1301.0311255965628,37.50322104370192,127.02503873135461,,,,timeout
dyn_pax_2239,3439.0,2026-09-07 09:57:19,521766180#1,company|restaurant|bus_stop,company,466.73410130235357,1169.2838037446552,37.502049542882666,127.02598608796039,3930.0,491.0,taxi_43,picked
dyn_pax_2240,3441.0,2026-09-07 09:57:21,520307304#0,school|subway_entrance|bus_stop,company,602.6035134310263,763.145495629718,37.498416594724866,127.02761864854104,,,,timeout
dyn_pax_2241,3442.0,2026-09-07 09:57:22,218877837#2,company|restaurant|bus_stop,company,479.4555212141038,978.0213907550284,37.500328997763305,127.02617530290202,,,,timeout
dyn_pax_2242,3443.0,2026-09-07 09:57:23,520307304#0,school|subway_entrance|bus_stop,company,602.6035134310263,763.145495629718,37.498416594724866,127.02761864854104,3915.0,472.0,taxi_respawn_65,picked
dyn_pax_2243,3445.0,2026-09-07 09:57:25,520307304#0,school|subway_entrance|bus_stop,company,602.6035134310263,763.145495629718,37.498416594724866,127.02761864854104,,,,timeout
dyn_pax_2244,3446.0,2026-09-07 09:57:26,1229817205#0,company|subway_entrance|bus_stop,company,599.2457558679199,652.2907550986157,37.497417346160496,127.02760695963683,3946.0,500.0,taxi_respawn_15,picked
dyn_pax_2245,3447.0,2026-09-07 09:57:27,-256787796#1,restaurant,,578.741609978934,1014.5790766049616,37.500677080058935,127.02728924469663,,,,timeout
dyn_pax_2246,3448.0,2026-09-07 09:57:28,521766180#3,company|subway_entrance,company,386.1025100472621,1391.5483758557143,37.504036522784034,127.0250216210457,,,,timeout
dyn_pax_2247,3449.0,2026-09-07 09:57:29,1229817205#0,company|subway_entrance|bus_stop,company,599.2457558679199,652.2907550986157,37.497417346160496,127.02760695963683,3931.0,482.0,taxi_respawn_64,picked
dyn_pax_2248,3450.0,2026-09-07 09:57:30,305539406,company|restaurant|subway_entrance,company,566.389495917364,736.5285064605782,37.49816998085155,127.02721550408178,3938.0,488.0,taxi_respawn_131,picked
dyn_pax_2249,3452.0,2026-09-07 09:57:32,521770116#2,company|restaurant|bus_stop,company,432.3182248087171,1108.514093563608,37.50149560521279,127.02561136613096,3914.0,462.0,taxi_respawn_112,picked
dyn_pax_2250,3453.0,2026-09-07 09:57:33,1229817205#0,company|subway_entrance|bus_stop,company,599.2457558679199,652.2907550986157,37.497417346160496,127.02760695963683,3939.0,486.0,taxi_48,picked
dyn_pax_2251,3455.0,2026-09-07 09:57:35,521770119#0,restaurant|bus_stop,company,548.9831206778387,935.1148840516827,37.4999556205417,127.02697161236954,,,,timeout
dyn_pax_2252,3456.0,2026-09-07 09:57:36,521770116#2,company|restaurant|bus_stop,company,432.3182248087171,1108.514093563608,37.50149560521279,127.02561136613096,,,,timeout
dyn_pax_2253,3457.0,2026-09-07 09:57:37,178441450#1,residential|company|restaurant|bus_stop,company,282.90243066757296,609.4157395563556,37.496971320837204,127.02404044855805,3936.0,479.0,taxi_respawn_21,picked
dyn_pax_2254,3459.0,2026-09-07 09:57:39,1117538957#3,restaurant|subway_entrance|bus_stop,company,465.5082521847807,644.8780924026132,37.49732530507706,127.02609663221197,3920.0,461.0,taxi_respawn_141,picked
dyn_pax_2255,3460.0,2026-09-07 09:57:40,521770119#1,restaurant|bus_stop,company,527.3115514435282,995.8620162900467,37.50049875494786,127.02671217090477,,,,timeout
dyn_pax_2256,3462.0,2026-09-07 09:57:42,375049565#6,restaurant|subway_entrance|bus_stop,company,789.5153251748014,798.8522330112556,37.49877353199428,127.02972351946808,3935.0,473.0,taxi_respawn_143,picked
dyn_pax_2257,3463.0,2026-09-07 09:57:43,-542367267#1,bus_stop,company,247.51018316686128,1414.7184918773391,37.504219024473855,127.02344900430944,,,,timeout
dyn_pax_2258,3465.0,2026-09-07 09:57:45,-506191135#2,residential|bus_stop,company,236.19733776439384,769.6838415951818,37.49840622577806,127.02347432089968,3928.0,463.0,taxi_respawn_149,picked
dyn_pax_2259,3467.0,2026-09-07 09:57:47,506191135#3,residential|company|restaurant|bus_stop,company,238.79972345576414,789.4714057742513,37.49858497042428,127.023499044737,3943.0,476.0,taxi_respawn_106,picked
dyn_pax_2260,3469.0,2026-09-07 09:57:49,520307304#0,school|subway_entrance|bus_stop,company,602.6035134310263,763.145495629718,37.498416594724866,127.02761864854104,3945.0,476.0,taxi_respawn_99,picked
dyn_pax_2261,3470.0,2026-09-07 09:57:50,521766180#2,company|restaurant|subway_entrance,company,439.1682246573338,1248.125402422748,37.50275456053775,127.0256556898917,,,,timeout
dyn_pax_2262,3472.0,2026-09-07 09:57:52,521766182#1,company|restaurant|subway_entrance,company,681.695169875507,539.6867345716422,37.496418539503196,127.02856584056028,3940.0,468.0,taxi_respawn_139,picked
dyn_pax_2263,3473.0,2026-09-07 09:57:53,1229817205#0,company|subway_entrance|bus_stop,company,599.2457558679199,652.2907550986157,37.497417346160496,127.02760695963683,,,,timeout
dyn_pax_2264,3474.0,2026-09-07 09:57:54,1229817205#1,residential|bus_stop,company,631.6400080768872,572.7061575261558,37.49670653972221,127.02799208080955,3972.0,498.0,taxi_respawn_49,picked
dyn_pax_2265,3476.0,2026-09-07 09:57:56,1376141183#0,bus_stop,company,548.2528111146681,901.2117688498424,37.49965007283687,127.02697139402301,,,,timeout
dyn_pax_2266,3476.0,2026-09-07 09:57:56,417750337#5,restaurant,,522.3387290339521,1126.7881672814829,37.50167723806998,127.02662489231146,3950.0,474.0,taxi_respawn_44,picked
dyn_pax_2267,3477.0,2026-09-07 09:57:57,521766180#1,company|restaurant|bus_stop,company,466.73410130235357,1169.2838037446552,37.502049542882666,127.02598608796039,3977.0,500.0,taxi_respawn_132,picked
dyn_pax_2268,3479.0,2026-09-07 09:57:59,1229817205#1,residential|bus_stop,company,631.6400080768872,572.7061575261558,37.49670653972221,127.02799208080955,,,,timeout
dyn_pax_2269,3480.0,2026-09-07 09:58:00,494824662#3,restaurant|subway_entrance,company,729.424850252167,406.6843378518681,37.49522941823122,127.02913698209235,3968.0,488.0,taxi_respawn_142,picked
dyn_pax_2270,3481.0,2026-09-07 09:58:01,521766175#3,company|restaurant|subway_entrance|bus_stop,company,373.6701172395771,1298.610217621072,37.50319695740621,127.02490310718325,,,,timeout
dyn_pax_2271,3483.0,2026-09-07 09:58:03,521766180#2,company|restaurant|subway_entrance,company,439.1682246573338,1248.125402422748,37.50275456053775,127.0256556898917,,,,timeout
dyn_pax_2272,3484.0,2026-09-07 09:58:04,-417933645#2,company|restaurant|subway_entrance,company,701.1658676593129,719.5455833044954,37.49804244093877,127.02874337560036,,,,timeout
dyn_pax_2273,3486.0,2026-09-07 09:58:06,1229817205#1,residential|bus_stop,company,631.6400080768872,572.7061575261558,37.49670653972221,127.02799208080955,3986.0,500.0,taxi_respawn_78,picked
dyn_pax_2274,3486.0,2026-09-07 09:58:06,379463134#4,restaurant,,574.4815382344308,1284.0756787717605,37.50310398350559,127.02717717678497,3975.0,489.0,taxi_respawn_136,picked
dyn_pax_2275,3487.0,2026-09-07 09:58:07,521770119#0,restaurant|bus_stop,company,548.9831206778387,935.1148840516827,37.4999556205417,127.02697161236954,3965.0,478.0,taxi_respawn_137,picked
dyn_pax_2276,3489.0,2026-09-07 09:58:09,480850873,company|restaurant|bus_stop,company,548.1935052770749,708.5896639848544,37.49791486187584,127.0270163956136,,,,timeout
dyn_pax_2277,3490.0,2026-09-07 09:58:10,218873820#0,restaurant|subway_entrance|bus_stop,company,628.9829311132032,562.4061665928522,37.49661325243901,127.02796447999128,,,,timeout
dyn_pax_2278,3491.0,2026-09-07 09:58:11,521766175#3,company|restaurant|subway_entrance|bus_stop,company,373.6701172395771,1298.610217621072,37.50319695740621,127.02490310718325,3985.0,494.0,taxi_respawn_146,picked
dyn_pax_2279,3493.0,2026-09-07 09:58:13,218873820#0,restaurant|subway_entrance|bus_stop,company,628.9829311132032,562.4061665928522,37.49661325243901,127.02796447999128,,,,timeout
dyn_pax_2280,3494.0,2026-09-07 09:58:14,521770119#0,restaurant|bus_stop,company,548.9831206778387,935.1148840516827,37.4999556205417,127.02697161236954,,,,timeout
dyn_pax_2281,3494.0,2026-09-07 09:58:14,-506191135#22,residential|company|restaurant|bus_stop,,38.693950105848444,1321.9513167019495,37.50334380565249,127.02110990869835,3981.0,487.0,taxi_respawn_92,picked
dyn_pax_2282,3496.0,2026-09-07 09:58:16,520307304#0,school|subway_entrance|bus_stop,company,602.6035134310263,763.145495629718,37.498416594724866,127.02761864854104,,,,timeout
dyn_pax_2283,3497.0,2026-09-07 09:58:17,541692164#1,subway_entrance,company,271.6277521231475,1406.6420105391767,37.5041508337347,127.02372362926798,3977.0,480.0,taxi_respawn_82,picked
dyn_pax_2284,3498.0,2026-09-07 09:58:18,1376141184#0,bus_stop,company,643.3432253030496,578.0866055082481,37.49675721809014,127.02812312566316,,,,timeout
dyn_pax_2285,3500.0,2026-09-07 09:58:20,521766180#1,company|restaurant|bus_stop,company,466.73410130235357,1169.2838037446552,37.502049542882666,127.02598608796039,,,,timeout
dyn_pax_2286,3501.0,2026-09-07 09:58:21,218873820#0,restaurant|subway_entrance|bus_stop,company,628.9829311132032,562.4061665928522,37.49661325243901,127.02796447999128,,,,timeout
dyn_pax_2287,3501.0,2026-09-07 09:58:21,-504227066#3,restaurant,,449.3214735737982,636.1754008755333,37.497243849267164,127.02591568328045,3981.0,480.0,taxi_respawn_150,picked
dyn_pax_2288,3503.0,2026-09-07 09:58:23,-541692164#2,subway_entrance,company,317.7122087179151,1441.0296574375257,37.504469327730426,127.0242365566347,3979.0,476.0,taxi_respawn_107,picked
dyn_pax_2289,3504.0,2026-09-07 09:58:24,1376141184#0,bus_stop,company,643.3432253030496,578.0866055082481,37.49675721809014,127.02812312566316,,,,timeout
dyn_pax_2290,3505.0,2026-09-07 09:58:25,1376141183#0,bus_stop,company,548.2528111146681,901.2117688498424,37.49965007283687,127.02697139402301,,,,timeout
dyn_pax_2291,3507.0,2026-09-07 09:58:27,975332778#1,bus_stop,company,681.6099970732737,721.9380561808346,37.49806030190971,127.02852170075586,3974.0,467.0,taxi_respawn_116,picked
dyn_pax_2292,3507.0,2026-09-07 09:58:27,117823785#0,company|restaurant,,1360.8740206736493,851.0492627492013,37.499351351792384,127.0361713398344,3991.0,484.0,taxi_respawn_151,picked
dyn_pax_2293,3508.0,2026-09-07 09:58:28,523141074#0,company|restaurant|subway_entrance,company,524.0338794858329,871.4890157117229,37.4993777454413,127.02670460634431,3969.0,461.0,taxi_respawn_34,picked
dyn_pax_2294,3509.0,2026-09-07 09:58:29,417933642#0,restaurant|bus_stop,,1041.0954363710525,463.30841921497654,37.49579826441859,127.03264736696761,,,,timeout
dyn_pax_2295,3510.0,2026-09-07 09:58:30,417933642#0,restaurant|bus_stop,,1041.0954363710525,463.30841921497654,37.49579826441859,127.03264736696761,,,,timeout
dyn_pax_2296,3511.0,2026-09-07 09:58:31,521766175#3,company|restaurant|subway_entrance|bus_stop,company,373.6701172395771,1298.610217621072,37.50319695740621,127.02490310718325,4006.0,495.0,taxi_respawn_118,picked
dyn_pax_2297,3513.0,2026-09-07 09:58:33,1229817205#0,company|subway_entrance|bus_stop,company,599.2457558679199,652.2907550986157,37.497417346160496,127.02760695963683,,,,timeout
dyn_pax_2298,3514.0,2026-09-07 09:58:34,218873820#1,restaurant|bus_stop,company,647.4058653861567,510.6179408698636,37.49615020572141,127.02818504540632,,,,timeout
dyn_pax_2299,3515.0,2026-09-07 09:58:35,521766182#1,company|restaurant|subway_entrance,company,681.695169875507,539.6867345716422,37.496418539503196,127.02856584056028,,,,timeout
dyn_pax_2300,3517.0,2026-09-07 09:58:37,521770119#1,restaurant|bus_stop,company,527.3115514435282,995.8620162900467,37.50049875494786,127.02671217090477,3987.0,470.0,taxi_respawn_40,picked
dyn_pax_2301,3518.0,2026-09-07 09:58:38,521766182#1,company|restaurant|subway_entrance,company,681.695169875507,539.6867345716422,37.496418539503196,127.02856584056028,,,,timeout
dyn_pax_2302,3520.0,2026-09-07 09:58:40,521766175#3,company|restaurant|subway_entrance|bus_stop,company,373.6701172395771,1298.610217621072,37.50319695740621,127.02490310718325,,,,timeout
dyn_pax_2303,3520.0,2026-09-07 09:58:40,523141074#0,company|restaurant|subway_entrance,,524.0338794858329,871.4890157117229,37.4993777454413,127.02670460634431,,,,timeout
dyn_pax_2304,3521.0,2026-09-07 09:58:41,494824662#3,restaurant|subway_entrance,company,729.424850252167,406.6843378518681,37.49522941823122,127.02913698209235,,,,timeout
dyn_pax_2305,3522.0,2026-09-07 09:58:42,218857636#1,residential|company|restaurant|bus_stop,company,297.92905089287035,623.2061345250047,37.49709839153085,127.02420706961871,,,,timeout
dyn_pax_2306,3524.0,2026-09-07 09:58:44,523141074#0,company|restaurant|subway_entrance,company,524.0338794858329,871.4890157117229,37.4993777454413,127.02670460634431,,,,timeout
dyn_pax_2307,3525.0,2026-09-07 09:58:45,975332778#1,bus_stop,company,681.6099970732737,721.9380561808346,37.49806030190971,127.02852170075586,,,,timeout
dyn_pax_2308,3527.0,2026-09-07 09:58:47,1117538958#3,bus_stop,company,160.18899290588462,540.6019911995099,37.49632820280781,127.02266936696756,,,,timeout
dyn_pax_2309,3528.0,2026-09-07 09:58:48,-417933645#2,company|restaurant|subway_entrance,company,701.1658676593129,719.5455833044954,37.49804244093877,127.02874337560036,,,,timeout
dyn_pax_2310,3528.0,2026-09-07 09:58:48,557469234,restaurant,,982.7249512156621,987.801549540822,37.50051207965727,127.03186337298402,,,,timeout
dyn_pax_2311,3531.0,2026-09-07 09:58:51,480850873,company|restaurant|bus_stop,company,548.1935052770749,708.5896639848544,37.49791486187584,127.0270163956136,4027.0,496.0,taxi_respawn_128,picked
dyn_pax_2312,3531.0,2026-09-07 09:58:51,521766175#3,company|restaurant|subway_entrance|bus_stop,,373.6701172395771,1298.610217621072,37.50319695740621,127.02490310718325,,,,timeout
dyn_pax_2313,3532.0,2026-09-07 09:58:52,375049565#6,restaurant|subway_entrance|bus_stop,company,789.5153251748014,798.8522330112556,37.49877353199428,127.02972351946808,4030.0,498.0,taxi_respawn_89,picked
dyn_pax_2314,3534.0,2026-09-07 09:58:54,1117538957#3,restaurant|subway_entrance|bus_stop,company,465.5082521847807,644.8780924026132,37.49732530507706,127.02609663221197,,,,timeout
dyn_pax_2315,3535.0,2026-09-07 09:58:55,1117538958#3,bus_stop,company,160.18899290588462,540.6019911995099,37.49632820280781,127.02266936696756,,,,timeout
dyn_pax_2316,3537.0,2026-09-07 09:58:57,1376141183#0,bus_stop,company,548.2528111146681,901.2117688498424,37.49965007283687,127.02697139402301,,,,timeout
dyn_pax_2317,3538.0,2026-09-07 09:58:58,375049565#6,restaurant|subway_entrance|bus_stop,company,789.5153251748014,798.8522330112556,37.49877353199428,127.02972351946808,,,,timeout
dyn_pax_2318,3539.0,2026-09-07 09:58:59,480850873,company|restaurant|bus_stop,company,548.1935052770749,708.5896639848544,37.49791486187584,127.0270163956136,,,,timeout
dyn_pax_2319,3541.0,2026-09-07 09:59:01,1229817205#0,company|subway_entrance|bus_stop,company,599.2457558679199,652.2907550986157,37.497417346160496,127.02760695963683,,,,timeout
dyn_pax_2320,3542.0,2026-09-07 09:59:02,521766180#1,company|restaurant|bus_stop,company,466.73410130235357,1169.2838037446552,37.502049542882666,127.02598608796039,4028.0,486.0,taxi_respawn_95,picked
dyn_pax_2321,3544.0,2026-09-07 09:59:04,218873820#0,restaurant|subway_entrance|bus_stop,company,628.9829311132032,562.4061665928522,37.49661325243901,127.02796447999128,,,,timeout
dyn_pax_2322,3545.0,2026-09-07 09:59:05,218873820#0,restaurant|subway_entrance|bus_stop,company,628.9829311132032,562.4061665928522,37.49661325243901,127.02796447999128,,,,timeout
dyn_pax_2323,3546.0,2026-09-07 09:59:06,178441450#1,residential|company|restaurant|bus_stop,company,282.90243066757296,609.4157395563556,37.496971320837204,127.02404044855805,,,,timeout
dyn_pax_2324,3548.0,2026-09-07 09:59:08,218857636#1,residential|company|restaurant|bus_stop,company,297.92905089287035,623.2061345250047,37.49709839153085,127.02420706961871,,,,timeout
dyn_pax_2325,3549.0,2026-09-07 09:59:09,-541692164#2,subway_entrance,company,317.7122087179151,1441.0296574375257,37.504469327730426,127.0242365566347,4040.0,491.0,taxi_39,picked
dyn_pax_2326,3551.0,2026-09-07 09:59:11,1376141182#0,bus_stop,company,385.7154046370183,1301.0311255965628,37.50322104370192,127.02503873135461,,,,timeout
dyn_pax_2327,3552.0,2026-09-07 09:59:12,1229817205#0,company|subway_entrance|bus_stop,company,599.2457558679199,652.2907550986157,37.497417346160496,127.02760695963683,,,,timeout
dyn_pax_2328,3553.0,2026-09-07 09:59:13,1376141182#0,bus_stop,company,385.7154046370183,1301.0311255965628,37.50322104370192,127.02503873135461,,,,timeout
dyn_pax_2329,3555.0,2026-09-07 09:59:15,521766180#2,company|restaurant|subway_entrance,company,439.1682246573338,1248.125402422748,37.50275456053775,127.0256556898917,,,,timeout
dyn_pax_2330,3556.0,2026-09-07 09:59:16,178441450#1,residential|company|restaurant|bus_stop,company,282.90243066757296,609.4157395563556,37.496971320837204,127.02404044855805,,,,timeout
dyn_pax_2331,3558.0,2026-09-07 09:59:18,1229817205#0,company|subway_entrance|bus_stop,company,599.2457558679199,652.2907550986157,37.497417346160496,127.02760695963683,,,,timeout
dyn_pax_2332,3559.0,2026-09-07 09:59:19,480850873,company|restaurant|bus_stop,company,548.1935052770749,708.5896639848544,37.49791486187584,127.0270163956136,,,,timeout
dyn_pax_2333,3561.0,2026-09-07 09:59:21,480850873,company|restaurant|bus_stop,company,548.1935052770749,708.5896639848544,37.49791486187584,127.0270163956136,,,,timeout
dyn_pax_2334,3562.0,2026-09-07 09:59:22,520307304#0,school|subway_entrance|bus_stop,company,602.6035134310263,763.145495629718,37.498416594724866,127.02761864854104,,,,timeout
dyn_pax_2335,3563.0,2026-09-07 09:59:23,521766180#1,company|restaurant|bus_stop,company,466.73410130235357,1169.2838037446552,37.502049542882666,127.02598608796039,4057.0,494.0,taxi_11,picked
dyn_pax_2336,3565.0,2026-09-07 09:59:25,218873820#1,restaurant|bus_stop,company,647.4058653861567,510.6179408698636,37.49615020572141,127.02818504540632,,,,timeout
dyn_pax_2337,3566.0,2026-09-07 09:59:26,375049565#6,restaurant|subway_entrance|bus_stop,company,789.5153251748014,798.8522330112556,37.49877353199428,127.02972351946808,,,,timeout
dyn_pax_2338,3568.0,2026-09-07 09:59:28,1376141184#0,bus_stop,company,643.3432253030496,578.0866055082481,37.49675721809014,127.02812312566316,,,,timeout
dyn_pax_2339,3569.0,2026-09-07 09:59:29,218873820#1,restaurant|bus_stop,company,647.4058653861567,510.6179408698636,37.49615020572141,127.02818504540632,,,,timeout
dyn_pax_2340,3570.0,2026-09-07 09:59:30,541692164#1,subway_entrance,company,271.6277521231475,1406.6420105391767,37.5041508337347,127.02372362926798,,,,timeout
dyn_pax_2341,3571.0,2026-09-07 09:59:31,506191135#3,residential|company|restaurant|bus_stop,,238.79972345576414,789.4714057742513,37.49858497042428,127.023499044737,,,,timeout
dyn_pax_2342,3572.0,2026-09-07 09:59:32,975332778#1,bus_stop,company,681.6099970732737,721.9380561808346,37.49806030190971,127.02852170075586,,,,timeout
dyn_pax_2343,3573.0,2026-09-07 09:59:33,218857636#1,residential|company|restaurant|bus_stop,company,297.92905089287035,623.2061345250047,37.49709839153085,127.02420706961871,,,,timeout
dyn_pax_2344,3575.0,2026-09-07 09:59:35,375049565#6,restaurant|subway_entrance|bus_stop,company,789.5153251748014,798.8522330112556,37.49877353199428,127.02972351946808,,,,timeout
dyn_pax_2345,3576.0,2026-09-07 09:59:36,521766175#1,company|restaurant|subway_entrance,company,332.9365590021661,1411.5585828157227,37.504206724109,127.02441570308932,,,,timeout
dyn_pax_2346,3577.0,2026-09-07 09:59:37,-506191135#2,residential|bus_stop,company,236.19733776439384,769.6838415951818,37.49840622577806,127.02347432089968,,,,timeout
dyn_pax_2347,3579.0,2026-09-07 09:59:39,1376141182#0,bus_stop,company,385.7154046370183,1301.0311255965628,37.50322104370192,127.02503873135461,,,,timeout
dyn_pax_2348,3580.0,2026-09-07 09:59:40,520307304#0,school|subway_entrance|bus_stop,company,602.6035134310263,763.145495629718,37.498416594724866,127.02761864854104,,,,timeout
dyn_pax_2349,3582.0,2026-09-07 09:59:42,1229817205#0,company|subway_entrance|bus_stop,company,599.2457558679199,652.2907550986157,37.497417346160496,127.02760695963683,,,,timeout
dyn_pax_2350,3582.0,2026-09-07 09:59:42,379463134#0,company,,445.604196565268,1237.9330600893716,37.50266396162017,127.02573088108544,,,,timeout
dyn_pax_2351,3583.0,2026-09-07 09:59:43,506191135#3,residential|company|restaurant|bus_stop,company,238.79972345576414,789.4714057742513,37.49858497042428,127.023499044737,,,,timeout
dyn_pax_2352,3585.0,2026-09-07 09:59:45,1229817205#0,company|subway_entrance|bus_stop,company,599.2457558679199,652.2907550986157,37.497417346160496,127.02760695963683,,,,timeout
dyn_pax_2353,3586.0,2026-09-07 09:59:46,-541692164#2,subway_entrance,company,317.7122087179151,1441.0296574375257,37.504469327730426,127.0242365566347,,,,timeout
dyn_pax_2354,3586.0,2026-09-07 09:59:46,521766180#1,company|restaurant|bus_stop,,466.73410130235357,1169.2838037446552,37.502049542882666,127.02598608796039,,,,timeout
dyn_pax_2355,3587.0,2026-09-07 09:59:47,218877837#2,company|restaurant|bus_stop,company,479.4555212141038,978.0213907550284,37.500328997763305,127.02617530290202,,,,timeout
dyn_pax_2356,3587.0,2026-09-07 09:59:47,-379232161#3,restaurant,,957.578372934647,431.27964063812743,37.495494003443426,127.03171068469486,,,,timeout
dyn_pax_2357,3589.0,2026-09-07 09:59:49,1117538957#3,restaurant|subway_entrance|bus_stop,company,465.5082521847807,644.8780924026132,37.49732530507706,127.02609663221197,,,,timeout
dyn_pax_2358,3590.0,2026-09-07 09:59:50,521766175#3,company|restaurant|subway_entrance|bus_stop,company,373.6701172395771,1298.610217621072,37.50319695740621,127.02490310718325,,,,timeout
dyn_pax_2359,3592.0,2026-09-07 09:59:52,521770119#1,restaurant|bus_stop,company,527.3115514435282,995.8620162900467,37.50049875494786,127.02671217090477,,,,timeout
dyn_pax_2360,3593.0,2026-09-07 09:59:53,1376141182#0,bus_stop,company,385.7154046370183,1301.0311255965628,37.50322104370192,127.02503873135461,,,,timeout
dyn_pax_2361,3594.0,2026-09-07 09:59:54,494824662#3,restaurant|subway_entrance,company,729.424850252167,406.6843378518681,37.49522941823122,127.02913698209235,,,,timeout
dyn_pax_2362,3596.0,2026-09-07 09:59:56,521770116#2,company|restaurant|bus_stop,company,432.3182248087171,1108.514093563608,37.50149560521279,127.02561136613096,,,,timeout
dyn_pax_2363,3596.0,2026-09-07 09:59:56,375049565#6,restaurant|subway_entrance|bus_stop,,789.5153251748014,798.8522330112556,37.49877353199428,127.02972351946808,,,,timeout
dyn_pax_2364,3597.0,2026-09-07 09:59:57,-506191135#22,residential|company|restaurant|bus_stop,company,38.693950105848444,1321.9513167019495,37.50334380565249,127.02110990869835,4095.0,498.0,taxi_respawn_71,picked
dyn_pax_2365,3599.0,2026-09-07 09:59:59,1229817205#0,company|subway_entrance|bus_stop,company,599.2457558679199,652.2907550986157,37.497417346160496,127.02760695963683,,,,timeout
dyn_pax_2366,3599.0,2026-09-07 09:59:59,1056882877#3,residential|company|restaurant,,365.79280968467333,433.0557487307964,37.495398294451746,127.02501948586043,,,,timeout
dyn_pax_2367,3600.0,2026-09-07 10:00:00,-417933645#2,company|restaurant|subway_entrance,company,701.1658676593129,719.5455833044954,37.49804244093877,127.02874337560036,,,,timeout
dyn_pax_2368,3604.0,2026-09-07 10:00:04,-417750337#6,restaurant,,503.6615133291097,1089.1021319971503,37.50133422142063,127.0264226479345,,,,timeout
dyn_pax_2369,3610.0,2026-09-07 10:00:10,417933642#0,restaurant|bus_stop,,1041.0954363710525,463.30841921497654,37.49579826441859,127.03264736696761,,,,timeout
dyn_pax_2370,3617.0,2026-09-07 10:00:17,521766180#3,company|subway_entrance,,386.1025100472621,1391.5483758557143,37.504036522784034,127.0250216210457,,,,timeout
dyn_pax_2371,3625.0,2026-09-07 10:00:25,-256787796#4,restaurant,,620.2926176327408,895.5374521094307,37.49961256354246,127.02778727239327,4107.0,482.0,taxi_respawn_101,picked
dyn_pax_2372,3631.0,2026-09-07 10:00:31,178441450#1,residential|company|restaurant|bus_stop,,282.90243066757296,609.4157395563556,37.496971320837204,127.02404044855805,4096.0,465.0,taxi_respawn_157,picked
dyn_pax_2373,3632.0,2026-09-07 10:00:32,239962780#1,company|restaurant,,78.091042197054,1418.7355011637856,37.504223128704645,127.02153236485597,,,,timeout
dyn_pax_2374,3633.0,2026-09-07 10:00:33,-117790031#1,restaurant,,730.7814463439225,1053.3410552584976,37.501054966737435,127.02899915797848,4107.0,474.0,taxi_respawn_125,picked
dyn_pax_2375,3634.0,2026-09-07 10:00:34,129731721#0,company|restaurant,,451.4485582282947,673.334514427724,37.497578992002325,127.0259309178301,,,,timeout
dyn_pax_2376,3635.0,2026-09-07 10:00:35,-506191135#2,residential|bus_stop,,236.19733776439384,769.6838415951818,37.49840622577806,127.02347432089968,,,,timeout
dyn_pax_2377,3657.0,2026-09-07 10:00:57,521770116#2,company|restaurant|bus_stop,,432.3182248087171,1108.514093563608,37.50149560521279,127.02561136613096,,,,timeout
dyn_pax_2378,3661.0,2026-09-07 10:01:01,1229817205#1,residential|bus_stop,,631.6400080768872,572.7061575261558,37.49670653972221,127.02799208080955,4157.0,496.0,taxi_respawn_73,picked
dyn_pax_2379,3662.0,2026-09-07 10:01:02,417750337#3,restaurant,,561.9223834850405,1183.7905002369655,37.50219821136863,127.02705894855978,4115.0,453.0,taxi_respawn_44,picked
dyn_pax_2380,3671.0,2026-09-07 10:01:11,-417933642#4,restaurant,,907.3718228697127,805.8014682006251,37.49885835910486,127.03105443169989,4115.0,444.0,taxi_43,picked
dyn_pax_2381,3680.0,2026-09-07 10:01:20,218857636#1,residential|company|restaurant|bus_stop,,297.92905089287035,623.2061345250047,37.49709839153085,127.02420706961871,,,,timeout
dyn_pax_2382,3682.0,2026-09-07 10:01:22,506191135#3,residential|company|restaurant|bus_stop,,238.79972345576414,789.4714057742513,37.49858497042428,127.023499044737,,,,timeout
dyn_pax_2383,3694.0,2026-09-07 10:01:34,-504509918#2,company|restaurant|bus_stop,,398.9694242295193,827.4758220967593,37.49895762305832,127.02530099003066,,,,timeout
dyn_pax_2384,3706.0,2026-09-07 10:01:46,417933645#2,residential|company|restaurant,,757.7944798520502,568.4010952306102,37.496691568512986,127.02941943794849,4159.0,453.0,taxi_respawn_149,picked
dyn_pax_2385,3720.0,2026-09-07 10:02:00,256787796#0,restaurant,,530.944358998998,1120.7521543106918,37.50162448989409,127.02672362781294,4155.0,435.0,taxi_respawn_148,picked
dyn_pax_2386,3756.0,2026-09-07 10:02:36,219837933#0,residential|company,,49.0199205680682,1328.1480294371383,37.503401583976704,127.02122519296726,4191.0,435.0,taxi_respawn_59,picked
dyn_pax_2387,3757.0,2026-09-07 10:02:37,129731721#0,company|restaurant,,451.4485582282947,673.334514427724,37.497578992002325,127.0259309178301,4147.0,390.0,taxi_respawn_23,picked
dyn_pax_2388,3779.0,2026-09-07 10:02:59,218877837#2,company|restaurant|bus_stop,,479.4555212141038,978.0213907550284,37.500328997763305,127.02617530290202,4162.0,383.0,taxi_respawn_139,picked
dyn_pax_2389,3784.0,2026-09-07 10:03:04,117790039#0,restaurant,,1059.1652257347846,901.0190091909938,37.49974471524068,127.0327481916661,4198.0,414.0,taxi_respawn_94,picked
dyn_pax_2390,3786.0,2026-09-07 10:03:06,521766175#3,company|restaurant|subway_entrance|bus_stop,,373.6701172395771,1298.610217621072,37.50319695740621,127.02490310718325,4184.0,398.0,taxi_39,picked
dyn_pax_2391,3789.0,2026-09-07 10:03:09,-26163000#3,restaurant,,588.7487146070255,1286.0705793093782,37.50312464930957,127.02733802606956,4153.0,364.0,taxi_respawn_142,picked
dyn_pax_2392,3792.0,2026-09-07 10:03:12,-504227066#3,restaurant,,449.3214735737982,636.1754008755333,37.497243849267164,127.02591568328045,4161.0,369.0,taxi_respawn_147,picked
dyn_pax_2393,3794.0,2026-09-07 10:03:14,239954074#0,company|restaurant,,429.7181373520864,1403.414988136971,37.50415166837821,127.02551198233628,,,,timeout
dyn_pax_2394,3801.0,2026-09-07 10:03:21,-117790045#0,restaurant,,544.8147652988505,1238.053441474183,37.50268379633789,127.0268526423962,4157.0,356.0,taxi_respawn_62,picked
dyn_pax_2395,3803.0,2026-09-07 10:03:23,309155295#2,restaurant,,836.915506927576,584.1196133409687,37.496848090516615,127.03031028233906,4189.0,386.0,taxi_respawn_117,picked
dyn_pax_2396,3804.0,2026-09-07 10:03:24,-542367267#0,company,,179.75773525047865,1390.7576253945435,37.50399035207237,127.02268859703804,4198.0,394.0,taxi_respawn_158,picked
dyn_pax_2397,3805.0,2026-09-07 10:03:25,-417933645#2,company|restaurant|subway_entrance,,701.1658676593129,719.5455833044954,37.49804244093877,127.02874337560036,4248.0,443.0,taxi_respawn_67,picked
dyn_pax_2398,3815.0,2026-09-07 10:03:35,239962780#1,company|restaurant,,78.091042197054,1418.7355011637856,37.504223128704645,127.02153236485597,4186.0,371.0,taxi_respawn_143,picked
dyn_pax_2399,3817.0,2026-09-07 10:03:37,504227067#4,residential|restaurant,,502.84500120553366,479.2066548114549,37.49583994070096,127.02655806263846,4242.0,425.0,taxi_respawn_155,picked
dyn_pax_2400,3859.0,2026-09-07 10:04:19,523141074#0,company|restaurant|subway_entrance,,524.0338794858329,871.4890157117229,37.4993777454413,127.02670460634431,4151.0,292.0,taxi_respawn_144,picked
dyn_pax_2401,3868.0,2026-09-07 10:04:28,521766175#3,company|restaurant|subway_entrance|bus_stop,,373.6701172395771,1298.610217621072,37.50319695740621,127.02490310718325,4178.0,310.0,taxi_respawn_34,picked
dyn_pax_2402,3869.0,2026-09-07 10:04:29,990628460#0,restaurant,,624.9193131653682,704.9656163236222,37.49789670602668,127.02788475117727,4151.0,282.0,taxi_5,picked
dyn_pax_2403,3870.0,2026-09-07 10:04:30,129731720#0,residential|company|restaurant,,292.10678712231254,1113.150773394943,37.50151085547559,127.02402489828896,4215.0,345.0,taxi_respawn_131,picked
dyn_pax_2404,3872.0,2026-09-07 10:04:32,-417933646#1,residential|restaurant,,826.6019869456061,577.8075382253838,37.49678928421788,127.03019516859905,4174.0,302.0,taxi_respawn_140,picked
dyn_pax_2405,3879.0,2026-09-07 10:04:39,-417933645#2,company|restaurant|subway_entrance,,701.1658676593129,719.5455833044954,37.49804244093877,127.02874337560036,4207.0,328.0,taxi_respawn_97,picked
dyn_pax_2406,3881.0,2026-09-07 10:04:41,417933645#2,residential|company|restaurant,,757.7944798520502,568.4010952306102,37.496691568512986,127.02941943794849,4235.0,354.0,taxi_respawn_145,picked
dyn_pax_2407,3885.0,2026-09-07 10:04:45,-417750337#0,restaurant,,672.8749254632385,1321.3640627464144,37.50345847130562,127.02828089713113,4178.0,293.0,taxi_respawn_130,picked
dyn_pax_2408,3889.0,2026-09-07 10:04:49,218857636#1,residential|company|restaurant|bus_stop,,297.92905089287035,623.2061345250047,37.49709839153085,127.02420706961871,4160.0,271.0,taxi_respawn_123,picked
dyn_pax_2409,3890.0,2026-09-07 10:04:50,-417750337#4,restaurant,,542.6552277079157,1139.0745154802132,37.5017917560025,127.02685169754334,4245.0,355.0,taxi_respawn_136,picked
dyn_pax_2410,3893.0,2026-09-07 10:04:53,375049565#6,restaurant|subway_entrance|bus_stop,,789.5153251748014,798.8522330112556,37.49877353199428,127.02972351946808,4206.0,313.0,taxi_respawn_36,picked
dyn_pax_2411,3897.0,2026-09-07 10:04:57,-523141073,residential|company,,283.47995026542384,1109.9635024546676,37.50148051131825,127.02392811188028,4200.0,303.0,taxi_respawn_112,picked
dyn_pax_2412,3902.0,2026-09-07 10:05:02,1117538958#3,bus_stop,,160.18899290588462,540.6019911995099,37.49632820280781,127.02266936696756,4216.0,314.0,taxi_respawn_82,picked
dyn_pax_2413,3903.0,2026-09-07 10:05:03,-129731717#1,residential|company|restaurant,,188.433090102474,1374.3511058470413,37.503844200149025,127.0227905913032,4252.0,349.0,taxi_respawn_114,picked
dyn_pax_2414,3917.0,2026-09-07 10:05:17,379463130#0,restaurant,,544.1425087303844,1128.5419490598922,37.501697156429024,127.02687101205116,4164.0,247.0,taxi_respawn_120,picked
dyn_pax_2415,3921.0,2026-09-07 10:05:21,521770119#1,restaurant|bus_stop,,527.3115514435282,995.8620162900467,37.50049875494786,127.02671217090477,4216.0,295.0,taxi_4,picked
dyn_pax_2416,3923.0,2026-09-07 10:05:23,218864491#3,restaurant,,917.5525719196496,812.2933006495632,37.498918758940725,127.0311680055342,,,,timeout
dyn_pax_2417,3926.0,2026-09-07 10:05:26,417750337#5,restaurant,,522.3387290339521,1126.7881672814829,37.50167723806998,127.02662489231146,4186.0,260.0,taxi_respawn_141,picked
dyn_pax_2418,3933.0,2026-09-07 10:05:33,379463134#0,company,,445.604196565268,1237.9330600893716,37.50266396162017,127.02573088108544,4205.0,272.0,taxi_respawn_46,picked
dyn_pax_2419,3936.0,2026-09-07 10:05:36,417933645#2,residential|company|restaurant,,757.7944798520502,568.4010952306102,37.496691568512986,127.02941943794849,4210.0,274.0,taxi_respawn_146,picked
dyn_pax_2420,3946.0,2026-09-07 10:05:46,-557469234,restaurant,,929.7298817515857,1030.9986809445256,37.50089122514563,127.03125394368278,4181.0,235.0,taxi_respawn_2,picked
dyn_pax_2421,3946.0,2026-09-07 10:05:46,1229817205#0,company|subway_entrance|bus_stop,,599.2457558679199,652.2907550986157,37.497417346160496,127.02760695963683,4242.0,296.0,taxi_respawn_153,picked
dyn_pax_2422,3947.0,2026-09-07 10:05:47,417933645#2,residential|company|restaurant,,757.7944798520502,568.4010952306102,37.496691568512986,127.02941943794849,4218.0,271.0,taxi_respawn_124,picked
dyn_pax_2423,3950.0,2026-09-07 10:05:50,521766182#1,company|restaurant|subway_entrance,,681.695169875507,539.6867345716422,37.496418539503196,127.02856584056028,4289.0,339.0,taxi_respawn_27,picked
dyn_pax_2424,3951.0,2026-09-07 10:05:51,-379232133,restaurant,,887.8909311741835,528.8139035551092,37.496359489964284,127.03089971288236,4336.0,385.0,taxi_respawn_113,picked
dyn_pax_2425,3952.0,2026-09-07 10:05:52,-913950883#1,residential|company|restaurant,,391.36286393582424,840.6655979518604,37.49907500229157,127.0252118555046,4286.0,334.0,taxi_respawn_159,picked
dyn_pax_2426,3956.0,2026-09-07 10:05:56,-417750336#3,school|company,,868.1859178511071,948.5147012398835,37.50013657861005,127.03057759421064,4248.0,292.0,taxi_respawn_92,picked
dyn_pax_2427,3962.0,2026-09-07 10:06:02,521766175#1,company|restaurant|subway_entrance,,332.9365590021661,1411.5585828157227,37.504206724109,127.02441570308932,4248.0,286.0,taxi_48,picked
dyn_pax_2428,3972.0,2026-09-07 10:06:12,117790062#7,restaurant,,610.3314045210797,1078.999817662281,37.50126336859983,127.02763115548898,4217.0,245.0,taxi_respawn_151,picked
dyn_pax_2429,3974.0,2026-09-07 10:06:14,129731834#0,school,,229.35227593843302,780.2499709424674,37.498500113124294,127.02339441737757,4256.0,282.0,taxi_respawn_49,picked
dyn_pax_2430,3977.0,2026-09-07 10:06:17,309155295#1,restaurant,,764.2225196982893,558.1760304781078,37.4966006705371,127.0294945363528,4240.0,263.0,taxi_respawn_15,picked
dyn_pax_2431,3980.0,2026-09-07 10:06:20,521766180#3,company|subway_entrance,,386.1025100472621,1391.5483758557143,37.504036522784034,127.0250216210457,,,,timeout
dyn_pax_2432,3998.0,2026-09-07 10:06:38,178441450#1,residential|company|restaurant|bus_stop,,282.90243066757296,609.4157395563556,37.496971320837204,127.02404044855805,4215.0,217.0,taxi_respawn_122,picked
dyn_pax_2433,4000.0,2026-09-07 10:06:40,-129731721#2,company|restaurant,,388.6558839574922,820.9778890483499,37.49889713764622,127.02518592115393,4238.0,238.0,taxi_respawn_87,picked
dyn_pax_2434,4005.0,2026-09-07 10:06:45,129731857#2,company,,789.9847076009492,845.2662126154856,37.499191732762846,127.02971783662417,4215.0,210.0,taxi_respawn_156,picked
dyn_pax_2435,4015.0,2026-09-07 10:06:55,256787796#0,restaurant,,530.944358998998,1120.7521543106918,37.50162448989409,127.02672362781294,4214.0,199.0,taxi_respawn_78,picked
dyn_pax_2436,4016.0,2026-09-07 10:06:56,218864491#0,restaurant|bus_stop,,769.9803916976219,760.1217113917903,37.49842094941813,127.02951181742357,4248.0,232.0,taxi_respawn_116,picked
dyn_pax_2437,4017.0,2026-09-07 10:06:57,117790045#2,restaurant,,537.9561568342307,1283.7183624175188,37.50309386389003,127.02676426064505,4223.0,206.0,taxi_respawn_150,picked
dyn_pax_2438,4018.0,2026-09-07 10:06:58,239962780#1,company|restaurant,,78.091042197054,1418.7355011637856,37.504223128704645,127.02153236485597,4278.0,260.0,taxi_respawn_128,picked
dyn_pax_2439,4031.0,2026-09-07 10:07:11,117790041#0,restaurant,,413.90787044506357,1458.5096356977913,37.50464498763265,127.02532013264272,,,,timeout
dyn_pax_2440,4032.0,2026-09-07 10:07:12,1117538957#3,restaurant|subway_entrance|bus_stop,,465.5082521847807,644.8780924026132,37.49732530507706,127.02609663221197,4207.0,175.0,taxi_respawn_65,picked
dyn_pax_2441,4053.0,2026-09-07 10:07:33,504509918#0,residential|restaurant,,511.83203920742636,882.9034728009249,37.499478264867115,127.02656393710718,4281.0,228.0,taxi_respawn_64,picked
dyn_pax_2442,4061.0,2026-09-07 10:07:41,541692164#1,subway_entrance,,271.6277521231475,1406.6420105391767,37.5041508337347,127.02372362926798,4241.0,180.0,taxi_respawn_154,picked
dyn_pax_2443,4062.0,2026-09-07 10:07:42,-117790051#4,restaurant,,448.3479635094145,1379.7889979949318,37.50394236073408,127.02572824341395,4264.0,202.0,taxi_respawn_21,picked
dyn_pax_2444,4063.0,2026-09-07 10:07:43,129731721#0,company|restaurant,,451.4485582282947,673.334514427724,37.497578992002325,127.0259309178301,4222.0,159.0,taxi_respawn_68,picked
dyn_pax_2445,4065.0,2026-09-07 10:07:45,-117790062#4,company,,666.6267400273903,1210.7400577041187,37.50246075614395,127.02823646445898,4362.0,297.0,taxi_respawn_152,picked
dyn_pax_2446,4069.0,2026-09-07 10:07:49,1376141184#0,bus_stop,,643.3432253030496,578.0866055082481,37.49675721809014,127.02812312566316,,,,timeout
dyn_pax_2447,4072.0,2026-09-07 10:07:52,129731859#0,restaurant,,636.6446621144157,858.1896913104493,37.49927921090336,127.0279810114602,4278.0,206.0,taxi_respawn_135,picked
dyn_pax_2448,4076.0,2026-09-07 10:07:56,521770119#0,restaurant|bus_stop,,548.9831206778387,935.1148840516827,37.4999556205417,127.02697161236954,4378.0,302.0,taxi_respawn_106,picked
dyn_pax_2449,4077.0,2026-09-07 10:07:57,1117538957#3,restaurant|subway_entrance|bus_stop,,465.5082521847807,644.8780924026132,37.49732530507706,127.02609663221197,4281.0,204.0,taxi_respawn_71,picked
dyn_pax_2450,4082.0,2026-09-07 10:08:02,218864491#0,restaurant|bus_stop,,769.9803916976219,760.1217113917903,37.49842094941813,127.02951181742357,4338.0,256.0,taxi_respawn_18,picked
dyn_pax_2451,4084.0,2026-09-07 10:08:04,504227066#0,restaurant,,519.2210823013057,487.78345043316773,37.49592029712161,127.02674117912406,4296.0,212.0,taxi_respawn_157,picked
dyn_pax_2452,4086.0,2026-09-07 10:08:06,117823785#0,company|restaurant,,1360.8740206736493,851.0492627492013,37.499351351792384,127.0361713398344,4329.0,243.0,taxi_respawn_99,picked
dyn_pax_2453,4089.0,2026-09-07 10:08:09,-417750336#3,school|company,,868.1859178511071,948.5147012398835,37.50013657861005,127.03057759421064,4342.0,253.0,taxi_respawn_118,picked
dyn_pax_2454,4090.0,2026-09-07 10:08:10,-541692164#2,subway_entrance,,317.7122087179151,1441.0296574375257,37.504469327730426,127.0242365566347,4290.0,200.0,taxi_respawn_89,picked
dyn_pax_2455,4110.0,2026-09-07 10:08:30,-506191135#22,residential|company|restaurant|bus_stop,,38.693950105848444,1321.9513167019495,37.50334380565249,127.02110990869835,4516.0,406.0,taxi_respawn_125,picked
dyn_pax_2456,4111.0,2026-09-07 10:08:31,375049565#2,restaurant,,1048.966709229659,894.5327467658005,37.49968436369115,127.03263441305876,4332.0,221.0,taxi_respawn_44,picked
dyn_pax_2457,4134.0,2026-09-07 10:08:54,-129731717#1,residential|company|restaurant,,188.433090102474,1374.3511058470413,37.503844200149025,127.0227905913032,4508.0,374.0,taxi_respawn_101,picked
dyn_pax_2458,4179.0,2026-09-07 10:09:39,-379232155,restaurant,,999.2800162208075,449.1965960198298,37.495663263085994,127.03217793178025,4463.0,284.0,taxi_respawn_137,picked
dyn_pax_2459,4181.0,2026-09-07 10:09:41,-309155295#2,restaurant,,851.6644930724242,598.8503866590313,37.496983571544654,127.03047355257749,4359.0,178.0,taxi_5,picked
dyn_pax_2460,4200.0,2026-09-07 10:10:00,129731859#4,restaurant,,948.3176585840322,968.5888771831698,37.50033252074231,127.03147887955224,4361.0,161.0,taxi_respawn_149,picked
dyn_pax_2461,4208.0,2026-09-07 10:10:08,-256787796#4,restaurant,,620.2926176327408,895.5374521094307,37.49961256354246,127.02778727239327,4346.0,138.0,taxi_respawn_142,picked
dyn_pax_2462,4214.0,2026-09-07 10:10:14,506191135#3,residential|company|restaurant|bus_stop,,238.79972345576414,789.4714057742513,37.49858497042428,127.023499044737,4358.0,144.0,taxi_respawn_112,picked
dyn_pax_2463,4220.0,2026-09-07 10:10:20,-309155295#4,residential|restaurant,,966.4689567179357,639.4784987131154,37.49737120494098,127.0317619612052,4407.0,187.0,taxi_respawn_130,picked
dyn_pax_2464,4225.0,2026-09-07 10:10:25,218873820#1,restaurant|bus_stop,,647.4058653861567,510.6179408698636,37.49615020572141,127.02818504540632,,,,timeout
dyn_pax_2465,4228.0,2026-09-07 10:10:28,480850873,company|restaurant|bus_stop,,548.1935052770749,708.5896639848544,37.49791486187584,127.0270163956136,,,,timeout
dyn_pax_2466,4232.0,2026-09-07 10:10:32,309155295#3,restaurant,,868.2249250208004,595.011595969151,37.496952113096654,127.03066169877924,4378.0,146.0,taxi_respawn_95,picked
dyn_pax_2467,4236.0,2026-09-07 10:10:36,239954074#0,company|restaurant,,429.7181373520864,1403.414988136971,37.50415166837821,127.02551198233628,,,,timeout
dyn_pax_2468,4239.0,2026-09-07 10:10:39,-417750337#6,restaurant,,503.6615133291097,1089.1021319971503,37.50133422142063,127.0264226479345,4600.0,361.0,taxi_respawn_139,picked
dyn_pax_2469,4255.0,2026-09-07 10:10:55,-417933646#1,residential|restaurant,,826.6019869456061,577.8075382253838,37.49678928421788,127.03019516859905,4447.0,192.0,taxi_respawn_147,picked
dyn_pax_2470,4268.0,2026-09-07 10:11:08,26163000#0,restaurant,,655.1679463942612,1215.3400880972458,37.50250003106797,127.02810580802628,4452.0,184.0,taxi_respawn_40,picked
dyn_pax_2471,4275.0,2026-09-07 10:11:15,417933642#2,residential|restaurant,,976.5976168723116,645.9370182109647,37.49743129415275,127.0318749523804,4435.0,160.0,taxi_respawn_2,picked
dyn_pax_2472,4278.0,2026-09-07 10:11:18,417750337#1,restaurant,,654.3039749436668,1311.1147669608317,37.50336263595113,127.02807333923603,4417.0,139.0,taxi_respawn_78,picked
dyn_pax_2473,4279.0,2026-09-07 10:11:19,417933645#2,residential|company|restaurant,,757.7944798520502,568.4010952306102,37.496691568512986,127.02941943794849,4406.0,127.0,taxi_respawn_144,picked
dyn_pax_2474,4296.0,2026-09-07 10:11:36,975332778#1,bus_stop,,681.6099970732737,721.9380561808346,37.49806030190971,127.02852170075586,4427.0,131.0,taxi_respawn_132,picked
dyn_pax_2475,4324.0,2026-09-07 10:12:04,-379463134#6,restaurant,,651.5506250710082,1319.679135788758,37.50343926652266,127.02804017641046,4448.0,124.0,taxi_respawn_15,picked
dyn_pax_2476,4331.0,2026-09-07 10:12:11,-26163000#3,restaurant,,588.7487146070255,1286.0705793093782,37.50312464930957,127.02733802606956,4448.0,117.0,taxi_respawn_27,picked
dyn_pax_2477,4348.0,2026-09-07 10:12:28,480850873,company|restaurant|bus_stop,,548.1935052770749,708.5896639848544,37.49791486187584,127.0270163956136,4633.0,285.0,taxi_respawn_143,picked
dyn_pax_2478,4355.0,2026-09-07 10:12:35,309155295#0,company|restaurant,,688.2712938579457,529.5739965525526,37.49632868191341,127.02864258735015,4428.0,73.0,taxi_respawn_73,picked
dyn_pax_2479,4358.0,2026-09-07 10:12:38,-506191135#22,residential|company|restaurant|bus_stop,,38.693950105848444,1321.9513167019495,37.50334380565249,127.02110990869835,4520.0,162.0,taxi_respawn_94,picked
dyn_pax_2480,4371.0,2026-09-07 10:12:51,1117538958#3,bus_stop,,160.18899290588462,540.6019911995099,37.49632820280781,127.02266936696756,4474.0,103.0,taxi_respawn_151,picked
dyn_pax_2481,4391.0,2026-09-07 10:13:11,521770119#0,restaurant|bus_stop,,548.9831206778387,935.1148840516827,37.4999556205417,127.02697161236954,4450.0,59.0,taxi_respawn_131,picked
dyn_pax_2482,4396.0,2026-09-07 10:13:16,239954074#0,company|restaurant,,429.7181373520864,1403.414988136971,37.50415166837821,127.02551198233628,,,,timeout
dyn_pax_2483,4409.0,2026-09-07 10:13:29,-117790039#2,company|restaurant,,1017.0012393074795,990.846024966068,37.5005459641277,127.03225021068775,4495.0,86.0,taxi_respawn_46,picked
dyn_pax_2484,4414.0,2026-09-07 10:13:34,218857636#1,residential|company|restaurant|bus_stop,,297.92905089287035,623.2061345250047,37.49709839153085,127.02420706961871,4508.0,94.0,taxi_respawn_122,picked
dyn_pax_2485,4421.0,2026-09-07 10:13:41,-523141073,residential|company,,283.47995026542384,1109.9635024546676,37.50148051131825,127.02392811188028,4550.0,129.0,taxi_respawn_89,picked
dyn_pax_2486,4437.0,2026-09-07 10:13:57,256787796#6,restaurant,,626.4884087870183,851.7135990963859,37.499218954480725,127.02786771303293,4451.0,14.0,taxi_respawn_36,picked
dyn_pax_2487,4438.0,2026-09-07 10:13:58,-504227066#3,restaurant,,449.3214735737982,636.1754008755333,37.497243849267164,127.02591568328045,4531.0,93.0,taxi_respawn_120,picked
dyn_pax_2488,4440.0,2026-09-07 10:14:00,129731859#7,restaurant,,1027.2096381836107,997.5648919281483,37.50060841330955,127.03236404697942,,,,timeout
dyn_pax_2489,4441.0,2026-09-07 10:14:01,-1056882877#5,company|restaurant,,302.41102899925136,583.0415396467946,37.496737424712585,127.0242672800979,4518.0,77.0,taxi_respawn_59,picked
dyn_pax_2490,4447.0,2026-09-07 10:14:07,129731720#0,residential|company|restaurant,,292.10678712231254,1113.150773394943,37.50151085547559,127.02402489828896,4549.0,102.0,taxi_respawn_82,picked
dyn_pax_2491,4453.0,2026-09-07 10:14:13,218873820#1,restaurant|bus_stop,,647.4058653861567,510.6179408698636,37.49615020572141,127.02818504540632,,,,timeout
dyn_pax_2492,4473.0,2026-09-07 10:14:33,129731858#2,restaurant,,783.9672744139122,855.548332172334,37.49928322221005,127.02964736483162,4520.0,47.0,taxi_respawn_154,picked
dyn_pax_2493,4474.0,2026-09-07 10:14:34,504227067#4,residential|restaurant,,502.84500120553366,479.2066548114549,37.49583994070096,127.02655806263846,4539.0,65.0,taxi_respawn_116,picked
dyn_pax_2494,4486.0,2026-09-07 10:14:46,379463134#2,restaurant,,492.9894267673794,1254.822149661426,37.50282506050825,127.0262626667944,4529.0,43.0,taxi_respawn_92,picked
dyn_pax_2495,4504.0,2026-09-07 10:15:04,1537068130#0,residential,,915.247444986279,1279.656751811989,37.50312848832193,127.03103134780491,4584.0,80.0,taxi_39,picked
dyn_pax_2496,4505.0,2026-09-07 10:15:05,309155295#0,company|restaurant,,688.2712938579457,529.5739965525526,37.49632868191341,127.02864258735015,4580.0,75.0,taxi_respawn_118,picked
dyn_pax_2497,4507.0,2026-09-07 10:15:07,218864491#3,restaurant,,917.5525719196496,812.2933006495632,37.498918758940725,127.0311680055342,,,,timeout
dyn_pax_2498,4520.0,2026-09-07 10:15:20,-417933645#2,company|restaurant|subway_entrance,,701.1658676593129,719.5455833044954,37.49804244093877,127.02874337560036,4595.0,75.0,taxi_respawn_123,picked
dyn_pax_2499,4533.0,2026-09-07 10:15:33,521770119#1,restaurant|bus_stop,,527.3115514435282,995.8620162900467,37.50049875494786,127.02671217090477,4570.0,37.0,taxi_respawn_68,picked
dyn_pax_2500,4535.0,2026-09-07 10:15:35,417750354#1,restaurant,,919.2899707887079,1024.6134421491665,37.5008317366974,127.03113741131199,4588.0,53.0,taxi_respawn_128,picked
dyn_pax_2501,4536.0,2026-09-07 10:15:36,-376649996#1,company,,349.947152138941,1.6182517984103069,37.49150877654974,127.02494272030683,4669.0,133.0,taxi_respawn_112,picked
dyn_pax_2502,4537.0,2026-09-07 10:15:37,-26163000#1,restaurant,,613.3034084576574,1234.0026207389662,37.50266024308643,127.02762801542576,4579.0,42.0,taxi_respawn_153,picked
dyn_pax_2503,4540.0,2026-09-07 10:15:40,26163000#3,restaurant,,602.970622715944,1275.0711016561868,37.50302824900089,127.02750144434575,4580.0,40.0,taxi_respawn_155,picked
dyn_pax_2504,4543.0,2026-09-07 10:15:43,-379232133,restaurant,,887.8909311741835,528.8139035551092,37.496359489964284,127.03089971288236,4613.0,70.0,taxi_5,picked
dyn_pax_2505,4549.0,2026-09-07 10:15:49,417933642#0,restaurant|bus_stop,,1041.0954363710525,463.30841921497654,37.49579826441859,127.03264736696761,4588.0,39.0,taxi_11,picked
dyn_pax_2506,4550.0,2026-09-07 10:15:50,417933646#0,restaurant,,894.2617302193242,410.3206078764906,37.49529326349135,127.03099977850056,4653.0,103.0,taxi_4,picked
dyn_pax_2507,4568.0,2026-09-07 10:16:08,-117790045#0,restaurant,,544.8147652988505,1238.053441474183,37.50268379633789,127.0268526423962,4627.0,59.0,taxi_respawn_144,picked
dyn_pax_2508,4569.0,2026-09-07 10:16:09,-506191135#22,residential|company|restaurant|bus_stop,,38.693950105848444,1321.9513167019495,37.50334380565249,127.02110990869835,4657.0,88.0,taxi_respawn_156,picked
dyn_pax_2509,4575.0,2026-09-07 10:16:15,521770119#0,restaurant|bus_stop,,548.9831206778387,935.1148840516827,37.4999556205417,127.02697161236954,4625.0,50.0,taxi_respawn_160,picked
dyn_pax_2510,4577.0,2026-09-07 10:16:17,628232693#0,company|restaurant,,644.2623295929467,660.168099777976,37.49749680792099,127.0281140674837,4706.0,129.0,taxi_respawn_114,picked
dyn_pax_2511,4591.0,2026-09-07 10:16:31,218864491#0,restaurant|bus_stop,,769.9803916976219,760.1217113917903,37.49842094941813,127.02951181742357,4699.0,108.0,taxi_respawn_99,picked
dyn_pax_2512,4598.0,2026-09-07 10:16:38,218864491#3,restaurant,,917.5525719196496,812.2933006495632,37.498918758940725,127.0311680055342,,,,timeout
dyn_pax_2513,4599.0,2026-09-07 10:16:39,218877837#0,company,,455.71990885566936,1045.563527646426,37.50093295148158,127.02589090425857,4629.0,30.0,taxi_respawn_18,picked
dyn_pax_2514,4602.0,2026-09-07 10:16:42,417933645#2,residential|company|restaurant,,757.7944798520502,568.4010952306102,37.496691568512986,127.02941943794849,4688.0,86.0,taxi_respawn_44,picked
dyn_pax_2515,4612.0,2026-09-07 10:16:52,521770119#1,restaurant|bus_stop,,527.3115514435282,995.8620162900467,37.50049875494786,127.02671217090477,4642.0,30.0,taxi_respawn_135,picked
dyn_pax_2516,4612.0,2026-09-07 10:16:52,-542367267#0,company,,179.75773525047865,1390.7576253945435,37.50399035207237,127.02268859703804,4678.0,66.0,taxi_respawn_161,picked
dyn_pax_2517,4613.0,2026-09-07 10:16:53,-1537068129#0,restaurant,,962.1540281232122,1146.7630824504436,37.50194018104768,127.03159317410272,4658.0,45.0,taxi_48,picked
dyn_pax_2518,4614.0,2026-09-07 10:16:54,-542367267#1,bus_stop,,247.51018316686128,1414.7184918773391,37.504219024473855,127.02344900430944,4686.0,72.0,taxi_respawn_141,picked
dyn_pax_2519,4622.0,2026-09-07 10:17:02,-504227067#3,restaurant,,527.7289520354611,471.5483450335965,37.495775653483,127.02684121970124,4692.0,70.0,taxi_respawn_148,picked
dyn_pax_2520,4622.0,2026-09-07 10:17:02,1117538958#3,bus_stop,,160.18899290588462,540.6019911995099,37.49632820280781,127.02266936696756,4738.0,116.0,taxi_respawn_23,picked
dyn_pax_2521,4623.0,2026-09-07 10:17:03,-417933646#1,residential|restaurant,,826.6019869456061,577.8075382253838,37.49678928421788,127.03019516859905,4705.0,82.0,taxi_respawn_159,picked
dyn_pax_2522,4635.0,2026-09-07 10:17:15,-129731852,restaurant,,721.4959946165901,929.589824990092,37.499938423771525,127.02892348366522,4702.0,67.0,taxi_respawn_137,picked
dyn_pax_2523,4643.0,2026-09-07 10:17:23,309155295#1,restaurant,,764.2225196982893,558.1760304781078,37.4966006705371,127.0294945363528,4720.0,77.0,taxi_43,picked
dyn_pax_2524,4647.0,2026-09-07 10:17:27,256787796#5,restaurant,,616.3422671393917,878.7532899245961,37.49946062055924,127.02774658517313,4707.0,60.0,taxi_respawn_130,picked
dyn_pax_2525,4651.0,2026-09-07 10:17:31,379463134#3,restaurant,,544.2510512741843,1273.4484249309019,37.50300253858632,127.0268378740983,4697.0,46.0,taxi_respawn_136,picked
dyn_pax_2526,4653.0,2026-09-07 10:17:33,-379463134#2,restaurant,,527.5499142349145,1277.2476095039178,37.50303360705943,127.02664812966836,4705.0,52.0,taxi_respawn_117,picked
dyn_pax_2527,4658.0,2026-09-07 10:17:38,-256787796#4,restaurant,,620.2926176327408,895.5374521094307,37.49961256354246,127.02778727239327,4716.0,58.0,taxi_respawn_154,picked
dyn_pax_2528,4669.0,2026-09-07 10:17:49,-379463134#2,restaurant,,527.5499142349145,1277.2476095039178,37.50303360705943,127.02664812966836,4726.0,57.0,taxi_respawn_46,picked
dyn_pax_2529,4673.0,2026-09-07 10:17:53,375049565#2,restaurant,,1048.966709229659,894.5327467658005,37.49968436369115,127.03263441305876,4692.0,19.0,taxi_respawn_124,picked
dyn_pax_2530,4683.0,2026-09-07 10:18:03,417731530,company|restaurant,,191.66975375905443,1429.5779711342507,37.5043423120142,127.02281406437154,4791.0,108.0,taxi_respawn_64,picked
dyn_pax_2531,4694.0,2026-09-07 10:18:14,494824662#3,restaurant|subway_entrance,,729.424850252167,406.6843378518681,37.49522941823122,127.02913698209235,4801.0,107.0,taxi_respawn_62,picked
dyn_pax_2532,4694.0,2026-09-07 10:18:14,417750342#0,residential,,845.3624953099543,1340.16590884019,37.50366039527634,127.03022681464076,4777.0,83.0,taxi_respawn_149,picked
dyn_pax_2533,4699.0,2026-09-07 10:18:19,494824662#3,restaurant|subway_entrance,,729.424850252167,406.6843378518681,37.49522941823122,127.02913698209235,4843.0,144.0,taxi_respawn_162,picked
dyn_pax_2534,4700.0,2026-09-07 10:18:20,1229817205#0,company|subway_entrance|bus_stop,,599.2457558679199,652.2907550986157,37.497417346160496,127.02760695963683,4781.0,81.0,taxi_respawn_152,picked
dyn_pax_2535,4723.0,2026-09-07 10:18:43,1117538957#3,restaurant|subway_entrance|bus_stop,,465.5082521847807,644.8780924026132,37.49732530507706,127.02609663221197,4792.0,69.0,taxi_respawn_147,picked
dyn_pax_2536,4723.0,2026-09-07 10:18:43,504512001,restaurant,,488.2111633916996,684.0143948730154,37.497682147346794,127.02634403725544,4791.0,68.0,taxi_respawn_150,picked
dyn_pax_2537,4727.0,2026-09-07 10:18:47,-117790045#0,restaurant,,544.8147652988505,1238.053441474183,37.50268379633789,127.0268526423962,4806.0,79.0,taxi_respawn_101,picked
dyn_pax_2538,4759.0,2026-09-07 10:19:19,-541692164#2,subway_entrance,,317.7122087179151,1441.0296574375257,37.504469327730426,127.0242365566347,4876.0,117.0,taxi_respawn_163,picked
dyn_pax_2539,4760.0,2026-09-07 10:19:20,-913950883#1,residential|company|restaurant,,391.36286393582424,840.6655979518604,37.49907500229157,127.0252118555046,4866.0,106.0,taxi_respawn_157,picked
dyn_pax_2540,4765.0,2026-09-07 10:19:25,-417933646#4,company|restaurant,,761.9867537178288,747.7080569325292,37.49830761500862,127.02942437673002,4827.0,62.0,taxi_respawn_145,picked
dyn_pax_2541,4766.0,2026-09-07 10:19:26,-129731721#2,company|restaurant,,388.6558839574922,820.9778890483499,37.49889713764622,127.02518592115393,4866.0,100.0,taxi_respawn_15,picked
dyn_pax_2542,4774.0,2026-09-07 10:19:34,-309155295#2,restaurant,,851.6644930724242,598.8503866590313,37.496983571544654,127.03047355257749,4816.0,42.0,taxi_respawn_118,picked
dyn_pax_2543,4787.0,2026-09-07 10:19:47,417933645#0,residential|restaurant,,823.1026288816429,385.61625104994533,37.49505730126708,127.03020109557775,4924.0,137.0,taxi_respawn_78,picked
dyn_pax_2544,4820.0,2026-09-07 10:20:20,521766182#1,company|restaurant|subway_entrance,,681.695169875507,539.6867345716422,37.496418539503196,127.02856584056028,4902.0,82.0,taxi_respawn_82,picked
dyn_pax_2545,4826.0,2026-09-07 10:20:26,-129731857#2,restaurant,,875.7452923990509,884.8037873845144,37.499564075208866,127.03067814538078,4879.0,53.0,taxi_respawn_65,picked
dyn_pax_2546,4829.0,2026-09-07 10:20:29,-256787796#4,restaurant,,620.2926176327408,895.5374521094307,37.49961256354246,127.02778727239327,4889.0,60.0,taxi_respawn_131,picked
dyn_pax_2547,4831.0,2026-09-07 10:20:31,129731859#4,restaurant,,948.3176585840322,968.5888771831698,37.50033252074231,127.03147887955224,4887.0,56.0,taxi_respawn_49,picked
dyn_pax_2548,4832.0,2026-09-07 10:20:32,-129731858#1,restaurant,,779.3164249772793,838.8541978668718,37.49913195860003,127.0295987323456,4885.0,53.0,taxi_respawn_146,picked
dyn_pax_2549,4847.0,2026-09-07 10:20:47,305539406,company|restaurant|subway_entrance,,566.389495917364,736.5285064605782,37.49816998085155,127.02721550408178,4927.0,80.0,taxi_respawn_123,picked
dyn_pax_2550,4854.0,2026-09-07 10:20:54,520307304#0,school|subway_entrance|bus_stop,,602.6035134310263,763.145495629718,37.498416594724866,127.02761864854104,4905.0,51.0,taxi_respawn_95,picked
dyn_pax_2551,4860.0,2026-09-07 10:21:00,305539406,company|restaurant|subway_entrance,,566.389495917364,736.5285064605782,37.49816998085155,127.02721550408178,4932.0,72.0,taxi_respawn_139,picked
dyn_pax_2552,4888.0,2026-09-07 10:21:28,521766180#2,company|restaurant|subway_entrance,,439.1682246573338,1248.125402422748,37.50275456053775,127.0256556898917,,,,timeout
dyn_pax_2553,4900.0,2026-09-07 10:21:40,520307304#0,school|subway_entrance|bus_stop,,602.6035134310263,763.145495629718,37.498416594724866,127.02761864854104,4963.0,63.0,taxi_respawn_99,picked
dyn_pax_2554,4910.0,2026-09-07 10:21:50,129731834#0,school,,229.35227593843302,780.2499709424674,37.498500113124294,127.02339441737757,4973.0,63.0,taxi_39,picked
dyn_pax_2555,4918.0,2026-09-07 10:21:58,506191135#3,residential|company|restaurant|bus_stop,,238.79972345576414,789.4714057742513,37.49858497042428,127.023499044737,4926.0,8.0,taxi_11,picked
dyn_pax_2556,4922.0,2026-09-07 10:22:02,-417750337#6,restaurant,,503.6615133291097,1089.1021319971503,37.50133422142063,127.0264226479345,5003.0,81.0,taxi_respawn_89,picked
dyn_pax_2557,4931.0,2026-09-07 10:22:11,-541692164#2,subway_entrance,,317.7122087179151,1441.0296574375257,37.504469327730426,127.0242365566347,5001.0,70.0,taxi_respawn_159,picked
dyn_pax_2558,4940.0,2026-09-07 10:22:20,1376141183#0,bus_stop,,548.2528111146681,901.2117688498424,37.49965007283687,127.02697139402301,5014.0,74.0,taxi_respawn_112,picked
dyn_pax_2559,4969.0,2026-09-07 10:22:49,379463134#2,restaurant,,492.9894267673794,1254.822149661426,37.50282506050825,127.0262626667944,4986.0,17.0,taxi_respawn_68,picked
dyn_pax_2560,4993.0,2026-09-07 10:23:13,309155295#1,restaurant,,764.2225196982893,558.1760304781078,37.4966006705371,127.0294945363528,5089.0,96.0,taxi_respawn_62,picked
dyn_pax_2561,5012.0,2026-09-07 10:23:32,523141074#0,company|restaurant|subway_entrance,,524.0338794858329,871.4890157117229,37.4993777454413,127.02670460634431,5094.0,82.0,taxi_respawn_155,picked
dyn_pax_2562,5029.0,2026-09-07 10:23:49,-1011529829#3,residential|restaurant,,246.84006179949273,776.1178104815556,37.49846619888778,127.02359312469504,5077.0,48.0,taxi_respawn_125,picked
dyn_pax_2563,5041.0,2026-09-07 10:24:01,521766180#1,company|restaurant|bus_stop,,466.73410130235357,1169.2838037446552,37.502049542882666,127.02598608796039,5060.0,19.0,taxi_respawn_118,picked
dyn_pax_2564,5042.0,2026-09-07 10:24:02,239962780#1,company|restaurant,,78.091042197054,1418.7355011637856,37.504223128704645,127.02153236485597,5118.0,76.0,taxi_11,picked
dyn_pax_2565,5047.0,2026-09-07 10:24:07,379463134#3,restaurant,,544.2510512741843,1273.4484249309019,37.50300253858632,127.0268378740983,5119.0,72.0,taxi_respawn_71,picked
dyn_pax_2566,5072.0,2026-09-07 10:24:32,-1011529829#3,residential|restaurant,,246.84006179949273,776.1178104815556,37.49846619888778,127.02359312469504,5149.0,77.0,taxi_respawn_46,picked
dyn_pax_2567,5099.0,2026-09-07 10:24:59,1117538957#0,company|restaurant,,312.91680439510856,589.5311930299885,37.49679787270139,127.0243845203811,5160.0,61.0,taxi_respawn_130,picked
dyn_pax_2568,5100.0,2026-09-07 10:25:00,-523141073,residential|company,,283.47995026542384,1109.9635024546676,37.50148051131825,127.02392811188028,5164.0,64.0,taxi_43,picked
dyn_pax_2569,5101.0,2026-09-07 10:25:01,309155295#0,company|restaurant,,688.2712938579457,529.5739965525526,37.49632868191341,127.02864258735015,5145.0,44.0,taxi_respawn_146,picked
dyn_pax_2570,5104.0,2026-09-07 10:25:04,504227067#4,residential|restaurant,,502.84500120553366,479.2066548114549,37.49583994070096,127.02655806263846,5179.0,75.0,taxi_respawn_149,picked
dyn_pax_2571,5105.0,2026-09-07 10:25:05,-417750337#0,restaurant,,672.8749254632385,1321.3640627464144,37.50345847130562,127.02828089713113,5177.0,72.0,taxi_respawn_122,picked
dyn_pax_2572,5119.0,2026-09-07 10:25:19,1117538958#3,bus_stop,,160.18899290588462,540.6019911995099,37.49632820280781,127.02266936696756,5189.0,70.0,taxi_respawn_116,picked
dyn_pax_2573,5123.0,2026-09-07 10:25:23,417933645#2,residential|company|restaurant,,757.7944798520502,568.4010952306102,37.496691568512986,127.02941943794849,5218.0,95.0,taxi_respawn_65,picked
dyn_pax_2574,5127.0,2026-09-07 10:25:27,-417750354#0,residential,,923.3498430372201,1041.2071047119894,37.5009819832587,127.03117938951307,5168.0,41.0,taxi_respawn_68,picked
dyn_pax_2575,5131.0,2026-09-07 10:25:31,1229817205#0,company|subway_entrance|bus_stop,,599.2457558679199,652.2907550986157,37.497417346160496,127.02760695963683,5232.0,101.0,taxi_respawn_148,picked
dyn_pax_2576,5134.0,2026-09-07 10:25:34,521766180#1,company|restaurant|bus_stop,,466.73410130235357,1169.2838037446552,37.502049542882666,127.02598608796039,5235.0,101.0,taxi_respawn_73,picked
dyn_pax_2577,5134.0,2026-09-07 10:25:34,504227069,residential|restaurant,,587.1158993285404,291.7776336445087,37.4941674385472,127.02755526357365,5284.0,150.0,taxi_respawn_128,picked
dyn_pax_2578,5137.0,2026-09-07 10:25:37,1011529829#0,school,,381.1393135972994,834.2751815073392,37.49901550234899,127.0250977784903,5186.0,49.0,taxi_respawn_136,picked
dyn_pax_2579,5141.0,2026-09-07 10:25:41,-557469300#1,restaurant,,739.5265057687212,1049.0561556697721,37.5010180173999,127.02909905278416,5180.0,39.0,taxi_respawn_157,picked
dyn_pax_2580,5142.0,2026-09-07 10:25:42,504227065,company,,441.32681628575455,666.8408278135128,37.497518581743364,127.0258180180219,5245.0,103.0,taxi_respawn_113,picked
dyn_pax_2581,5149.0,2026-09-07 10:25:49,117790062#7,restaurant,,610.3314045210797,1078.999817662281,37.50126336859983,127.02763115548898,5200.0,51.0,taxi_respawn_21,picked
dyn_pax_2582,5150.0,2026-09-07 10:25:50,218873820#0,restaurant|subway_entrance|bus_stop,,628.9829311132032,562.4061665928522,37.49661325243901,127.02796447999128,5251.0,101.0,taxi_respawn_124,picked
dyn_pax_2583,5150.0,2026-09-07 10:25:50,-506191135#2,residential|bus_stop,,236.19733776439384,769.6838415951818,37.49840622577806,127.02347432089968,5213.0,63.0,taxi_respawn_167,picked
dyn_pax_2584,5156.0,2026-09-07 10:25:56,117790041#3,restaurant,,485.8172797724441,1249.4366376844557,37.50277519064896,127.0261828476699,,,,timeout
dyn_pax_2585,5168.0,2026-09-07 10:26:08,129731834#0,school,,229.35227593843302,780.2499709424674,37.498500113124294,127.02339441737757,5251.0,83.0,taxi_respawn_168,picked
dyn_pax_2586,5175.0,2026-09-07 10:26:15,218864491#4,company|restaurant,,930.6531925400286,817.0922374517883,37.49896445889845,127.03131499400716,,,,timeout
dyn_pax_2587,5178.0,2026-09-07 10:26:18,-309155295#1,residential|restaurant,,820.2174803017108,588.0239695218922,37.496880113093034,127.03012056506905,5239.0,61.0,taxi_respawn_140,picked
dyn_pax_2588,5180.0,2026-09-07 10:26:20,305539406,company|restaurant|subway_entrance,,566.389495917364,736.5285064605782,37.49816998085155,127.02721550408178,5285.0,105.0,taxi_respawn_166,picked
dyn_pax_2589,5182.0,2026-09-07 10:26:22,-417750337#6,restaurant,,503.6615133291097,1089.1021319971503,37.50133422142063,127.0264226479345,5231.0,49.0,taxi_respawn_92,picked
dyn_pax_2590,5190.0,2026-09-07 10:26:30,521770119#1,restaurant|bus_stop,,527.3115514435282,995.8620162900467,37.50049875494786,127.02671217090477,5226.0,36.0,taxi_respawn_135,picked
dyn_pax_2591,5202.0,2026-09-07 10:26:42,-379232155,restaurant,,999.2800162208075,449.1965960198298,37.495663263085994,127.03217793178025,5236.0,34.0,taxi_respawn_131,picked
dyn_pax_2592,5234.0,2026-09-07 10:27:14,521766175#1,company|restaurant|subway_entrance,,332.9365590021661,1411.5585828157227,37.504206724109,127.02441570308932,5328.0,94.0,taxi_respawn_153,picked
dyn_pax_2593,5237.0,2026-09-07 10:27:17,504227067#0,restaurant,,638.7551174354396,526.833121212444,37.49629464408366,127.02808339614947,5337.0,100.0,taxi_respawn_78,picked
dyn_pax_2594,5246.0,2026-09-07 10:27:26,-129731858#1,restaurant,,779.3164249772793,838.8541978668718,37.49913195860003,127.0295987323456,5292.0,46.0,taxi_respawn_132,picked
dyn_pax_2595,5255.0,2026-09-07 10:27:35,117790051#2,restaurant,,558.5532373104973,1361.778638311631,37.503800946163,127.02697864469606,5307.0,52.0,taxi_respawn_154,picked
dyn_pax_2596,5264.0,2026-09-07 10:27:44,-557469234,restaurant,,929.7298817515857,1030.9986809445256,37.50089122514563,127.03125394368278,5302.0,38.0,taxi_respawn_89,picked
dyn_pax_2597,5281.0,2026-09-07 10:28:01,178441450#1,residential|company|restaurant|bus_stop,,282.90243066757296,609.4157395563556,37.496971320837204,127.02404044855805,5338.0,57.0,taxi_respawn_23,picked
dyn_pax_2598,5291.0,2026-09-07 10:28:11,309155295#0,company|restaurant,,688.2712938579457,529.5739965525526,37.49632868191341,127.02864258735015,5455.0,164.0,taxi_respawn_130,picked
dyn_pax_2599,5310.0,2026-09-07 10:28:30,521766180#2,company|restaurant|subway_entrance,,439.1682246573338,1248.125402422748,37.50275456053775,127.0256556898917,,,,timeout
dyn_pax_2600,5314.0,2026-09-07 10:28:34,1117538957#3,restaurant|subway_entrance|bus_stop,,465.5082521847807,644.8780924026132,37.49732530507706,127.02609663221197,5351.0,37.0,taxi_respawn_123,picked
dyn_pax_2601,5318.0,2026-09-07 10:28:38,256787796#8,restaurant,,646.6563496183319,793.2391486514691,37.49869600620777,127.02810960194483,5363.0,45.0,taxi_48,picked
dyn_pax_2602,5340.0,2026-09-07 10:29:00,-117790051#4,restaurant,,448.3479635094145,1379.7889979949318,37.50394236073408,127.02572824341395,5370.0,30.0,taxi_respawn_71,picked
dyn_pax_2603,5350.0,2026-09-07 10:29:10,1117538958#3,bus_stop,,160.18899290588462,540.6019911995099,37.49632820280781,127.02266936696756,5477.0,127.0,taxi_respawn_147,picked
dyn_pax_2604,5368.0,2026-09-07 10:29:28,480850873,company|restaurant|bus_stop,,548.1935052770749,708.5896639848544,37.49791486187584,127.0270163956136,5411.0,43.0,taxi_respawn_122,picked
dyn_pax_2605,5372.0,2026-09-07 10:29:32,-913950883#1,residential|company|restaurant,,391.36286393582424,840.6655979518604,37.49907500229157,127.0252118555046,5454.0,82.0,taxi_respawn_136,picked
dyn_pax_2606,5376.0,2026-09-07 10:29:36,-129731858#3,restaurant,,760.2046779472714,898.6469063162286,37.49966698472747,127.02936848203807,5431.0,55.0,taxi_respawn_34,picked
dyn_pax_2607,5378.0,2026-09-07 10:29:38,504227067#0,restaurant,,638.7551174354396,526.833121212444,37.49629464408366,127.02808339614947,5468.0,90.0,taxi_respawn_170,picked
dyn_pax_2608,5380.0,2026-09-07 10:29:40,129731859#0,restaurant,,636.6446621144157,858.1896913104493,37.49927921090336,127.0279810114602,5449.0,69.0,taxi_respawn_169,picked
dyn_pax_2609,5386.0,2026-09-07 10:29:46,-417933645#2,company|restaurant|subway_entrance,,701.1658676593129,719.5455833044954,37.49804244093877,127.02874337560036,5475.0,89.0,taxi_respawn_120,picked
dyn_pax_2610,5389.0,2026-09-07 10:29:49,417933645#2,residential|company|restaurant,,757.7944798520502,568.4010952306102,37.496691568512986,127.02941943794849,5449.0,60.0,taxi_respawn_99,picked
dyn_pax_2611,5391.0,2026-09-07 10:29:51,1011529829#0,school,,381.1393135972994,834.2751815073392,37.49901550234899,127.0250977784903,5456.0,65.0,taxi_respawn_118,picked
dyn_pax_2612,5396.0,2026-09-07 10:29:56,129731857#1,residential|restaurant,,656.8212873140518,799.6615847813327,37.498755780674834,127.02822301071001,5455.0,59.0,taxi_respawn_59,picked
dyn_pax_2613,5408.0,2026-09-07 10:30:08,-129731857#1,restaurant,,773.0987126859483,849.1784152186673,37.499223789418295,127.02952598601298,5481.0,73.0,taxi_respawn_68,picked
dyn_pax_2614,5413.0,2026-09-07 10:30:13,379463134#3,restaurant,,544.2510512741843,1273.4484249309019,37.50300253858632,127.0268378740983,5485.0,72.0,taxi_respawn_116,picked
dyn_pax_2615,5414.0,2026-09-07 10:30:14,504227067#4,residential|restaurant,,502.84500120553366,479.2066548114549,37.49583994070096,127.02655806263846,5538.0,124.0,taxi_respawn_135,picked
dyn_pax_2616,5415.0,2026-09-07 10:30:15,506191135#3,residential|company|restaurant|bus_stop,,238.79972345576414,789.4714057742513,37.49858497042428,127.023499044737,5514.0,99.0,taxi_respawn_177,picked
dyn_pax_2617,5439.0,2026-09-07 10:30:39,-1056882877#5,company|restaurant,,302.41102899925136,583.0415396467946,37.496737424712585,127.0242672800979,5473.0,34.0,taxi_respawn_49,picked
dyn_pax_2618,5440.0,2026-09-07 10:30:40,129731720#0,residential|company|restaurant,,292.10678712231254,1113.150773394943,37.50151085547559,127.02402489828896,5520.0,80.0,taxi_respawn_167,picked
dyn_pax_2619,5443.0,2026-09-07 10:30:43,117790041#0,restaurant,,413.90787044506357,1458.5096356977913,37.50464498763265,127.02532013264272,,,,timeout
dyn_pax_2620,5446.0,2026-09-07 10:30:46,-129731721#2,company|restaurant,,388.6558839574922,820.9778890483499,37.49889713764622,127.02518592115393,5498.0,52.0,taxi_respawn_175,picked
dyn_pax_2621,5450.0,2026-09-07 10:30:50,-417933646#4,company|restaurant,,761.9867537178288,747.7080569325292,37.49830761500862,127.02942437673002,5515.0,65.0,taxi_respawn_124,picked
dyn_pax_2622,5451.0,2026-09-07 10:30:51,506191135#3,residential|company|restaurant|bus_stop,,238.79972345576414,789.4714057742513,37.49858497042428,127.023499044737,5509.0,58.0,taxi_respawn_160,picked
dyn_pax_2623,5453.0,2026-09-07 10:30:53,-417750337#2,restaurant,,578.5487433358253,1191.18897592047,37.50226799999912,127.02724519016736,5475.0,22.0,taxi_respawn_62,picked
dyn_pax_2624,5458.0,2026-09-07 10:30:58,-523141073,residential|company,,283.47995026542384,1109.9635024546676,37.50148051131825,127.02392811188028,5519.0,61.0,taxi_respawn_101,picked
dyn_pax_2625,5474.0,2026-09-07 10:31:14,218864491#0,restaurant|bus_stop,,769.9803916976219,760.1217113917903,37.49842094941813,127.02951181742357,5558.0,84.0,taxi_respawn_73,picked
dyn_pax_2626,5475.0,2026-09-07 10:31:15,-417750337#2,restaurant,,578.5487433358253,1191.18897592047,37.50226799999912,127.02724519016736,5599.0,124.0,taxi_respawn_65,picked
dyn_pax_2627,5478.0,2026-09-07 10:31:18,218877837#2,company|restaurant|bus_stop,,479.4555212141038,978.0213907550284,37.500328997763305,127.02617530290202,5625.0,147.0,taxi_respawn_153,picked
dyn_pax_2628,5481.0,2026-09-07 10:31:21,-129731721#2,company|restaurant,,388.6558839574922,820.9778890483499,37.49889713764622,127.02518592115393,5588.0,107.0,taxi_respawn_166,picked
dyn_pax_2629,5485.0,2026-09-07 10:31:25,-417750354#1,restaurant,,946.150029211292,974.2465578508335,37.500383078435064,127.03145303198383,5525.0,40.0,taxi_4,picked
dyn_pax_2630,5505.0,2026-09-07 10:31:45,-256787796#5,restaurant,,631.1882908445458,865.4152262944223,37.499343270516576,127.02791760566556,5561.0,56.0,taxi_respawn_176,picked
dyn_pax_2631,5515.0,2026-09-07 10:31:55,521766180#2,company|restaurant|subway_entrance,,439.1682246573338,1248.125402422748,37.50275456053775,127.0256556898917,,,,timeout
dyn_pax_2632,5517.0,2026-09-07 10:31:57,218877837#2,company|restaurant|bus_stop,,479.4555212141038,978.0213907550284,37.500328997763305,127.02617530290202,5631.0,114.0,taxi_respawn_154,picked
dyn_pax_2633,5533.0,2026-09-07 10:32:13,129731859#3,restaurant,,873.6090416568148,941.272009001338,37.50007235670303,127.03064062663523,5605.0,72.0,taxi_respawn_128,picked
dyn_pax_2634,5534.0,2026-09-07 10:32:14,-309155295#1,residential|restaurant,,820.2174803017108,588.0239695218922,37.496880113093034,127.03012056506905,5598.0,64.0,taxi_respawn_158,picked
dyn_pax_2635,5563.0,2026-09-07 10:32:43,-117790039#2,company|restaurant,,1017.0012393074795,990.846024966068,37.5005459641277,127.03225021068775,5600.0,37.0,taxi_respawn_149,picked
dyn_pax_2636,5568.0,2026-09-07 10:32:48,1011529829#0,school,,381.1393135972994,834.2751815073392,37.49901550234899,127.0250977784903,5637.0,69.0,taxi_48,picked
dyn_pax_2637,5578.0,2026-09-07 10:32:58,129733424#3,restaurant,,568.5053070143441,1008.1195751958668,37.500616957275064,127.02717503574868,5605.0,27.0,taxi_respawn_15,picked
dyn_pax_2638,5580.0,2026-09-07 10:33:00,-1056882877#5,company|restaurant,,302.41102899925136,583.0415396467946,37.496737424712585,127.0242672800979,5596.0,16.0,taxi_respawn_118,picked
dyn_pax_2639,5582.0,2026-09-07 10:33:02,1117538957#0,company|restaurant,,312.91680439510856,589.5311930299885,37.49679787270139,127.0243845203811,5769.0,187.0,taxi_respawn_92,picked
dyn_pax_2640,5589.0,2026-09-07 10:33:09,521770119#3,restaurant,,495.372237145516,1095.557338436544,37.501390805360316,127.0263273901891,5681.0,92.0,taxi_respawn_159,picked
dyn_pax_2641,5600.0,2026-09-07 10:33:20,218877837#2,company|restaurant|bus_stop,,479.4555212141038,978.0213907550284,37.500328997763305,127.02617530290202,5712.0,112.0,taxi_respawn_94,picked
dyn_pax_2642,5605.0,2026-09-07 10:33:25,-417750337#4,restaurant,,542.6552277079157,1139.0745154802132,37.5017917560025,127.02685169754334,5687.0,82.0,taxi_respawn_46,picked
dyn_pax_2643,5615.0,2026-09-07 10:33:35,802110008,restaurant,,567.9368588148042,1294.4290295528247,37.503196013251454,127.02710071947062,5662.0,47.0,taxi_respawn_114,picked
dyn_pax_2644,5620.0,2026-09-07 10:33:40,129733424#1,restaurant,,625.7652907028337,1027.567371479777,37.50080296382065,127.02781785674841,5646.0,26.0,taxi_respawn_146,picked
dyn_pax_2645,5639.0,2026-09-07 10:33:59,-309155295#2,restaurant,,851.6644930724242,598.8503866590313,37.496983571544654,127.03047355257749,5663.0,24.0,taxi_respawn_156,picked
dyn_pax_2646,5648.0,2026-09-07 10:34:08,521766182#1,company|restaurant|subway_entrance,,681.695169875507,539.6867345716422,37.496418539503196,127.02856584056028,5766.0,118.0,taxi_respawn_168,picked
dyn_pax_2647,5650.0,2026-09-07 10:34:10,523141074#0,company|restaurant|subway_entrance,,524.0338794858329,871.4890157117229,37.4993777454413,127.02670460634431,5724.0,74.0,taxi_respawn_82,picked
dyn_pax_2648,5651.0,2026-09-07 10:34:11,521766180#2,company|restaurant|subway_entrance,,439.1682246573338,1248.125402422748,37.50275456053775,127.0256556898917,,,,timeout
dyn_pax_2649,5652.0,2026-09-07 10:34:12,-117790051#4,restaurant,,448.3479635094145,1379.7889979949318,37.50394236073408,127.02572824341395,5729.0,77.0,taxi_respawn_137,picked
dyn_pax_2650,5657.0,2026-09-07 10:34:17,1376141184#0,bus_stop,,643.3432253030496,578.0866055082481,37.49675721809014,127.02812312566316,,,,timeout
dyn_pax_2651,5673.0,2026-09-07 10:34:33,504227069,residential|restaurant,,587.1158993285404,291.7776336445087,37.4941674385472,127.02755526357365,5812.0,139.0,taxi_respawn_131,picked
dyn_pax_2652,5694.0,2026-09-07 10:34:54,1117538957#3,restaurant|subway_entrance|bus_stop,,465.5082521847807,644.8780924026132,37.49732530507706,127.02609663221197,5708.0,14.0,taxi_respawn_62,picked
dyn_pax_2653,5705.0,2026-09-07 10:35:05,-417750336#3,school|company,,868.1859178511071,948.5147012398835,37.50013657861005,127.03057759421064,5774.0,69.0,taxi_respawn_176,picked
dyn_pax_2654,5709.0,2026-09-07 10:35:09,1117538958#2,company,,104.12900552775619,520.131995808405,37.496133188537314,127.02204040818502,5785.0,76.0,taxi_respawn_183,picked
dyn_pax_2655,5710.0,2026-09-07 10:35:10,305539406,company|restaurant|subway_entrance,,566.389495917364,736.5285064605782,37.49816998085155,127.02721550408178,5779.0,69.0,taxi_respawn_125,picked
dyn_pax_2656,5713.0,2026-09-07 10:35:13,-379463124,restaurant,,592.9390816363945,1268.4136255899298,37.5029663815994,127.02738959394404,5772.0,59.0,taxi_respawn_157,picked
dyn_pax_2657,5723.0,2026-09-07 10:35:23,-379232155,restaurant,,999.2800162208075,449.1965960198298,37.495663263085994,127.03217793178025,5811.0,88.0,taxi_respawn_135,picked
dyn_pax_2658,5735.0,2026-09-07 10:35:35,309155295#3,restaurant,,868.2249250208004,595.011595969151,37.496952113096654,127.03066169877924,5848.0,113.0,taxi_respawn_179,picked
dyn_pax_2659,5736.0,2026-09-07 10:35:36,-417933646#4,company|restaurant,,761.9867537178288,747.7080569325292,37.49830761500862,127.02942437673002,5784.0,48.0,taxi_respawn_21,picked
dyn_pax_2660,5736.0,2026-09-07 10:35:36,117790039#3,restaurant,,1021.8645860465238,1004.4924062015546,37.500669811640854,127.03230197280303,5795.0,59.0,taxi_respawn_73,picked
dyn_pax_2661,5745.0,2026-09-07 10:35:45,305539406,company|restaurant|subway_entrance,,566.389495917364,736.5285064605782,37.49816998085155,127.02721550408178,5823.0,78.0,taxi_respawn_136,picked
dyn_pax_2662,5762.0,2026-09-07 10:36:02,521766175#1,company|restaurant|subway_entrance,,332.9365590021661,1411.5585828157227,37.504206724109,127.02441570308932,5866.0,104.0,taxi_11,picked
dyn_pax_2663,5764.0,2026-09-07 10:36:04,218857636#1,residential|company|restaurant|bus_stop,,297.92905089287035,623.2061345250047,37.49709839153085,127.02420706961871,5835.0,71.0,taxi_respawn_44,picked
dyn_pax_2664,5764.0,2026-09-07 10:36:04,523141074#0,company|restaurant|subway_entrance,,524.0338794858329,871.4890157117229,37.4993777454413,127.02670460634431,5857.0,93.0,taxi_respawn_140,picked
dyn_pax_2665,5772.0,2026-09-07 10:36:12,1229817205#0,company|subway_entrance|bus_stop,,599.2457558679199,652.2907550986157,37.497417346160496,127.02760695963683,5871.0,99.0,taxi_respawn_180,picked
dyn_pax_2666,5780.0,2026-09-07 10:36:20,218873820#1,restaurant|bus_stop,,647.4058653861567,510.6179408698636,37.49615020572141,127.02818504540632,,,,timeout
dyn_pax_2667,5790.0,2026-09-07 10:36:30,-117823785#1,restaurant,,983.1954817367493,635.6880668681273,37.49734021138362,127.03195197441553,5836.0,46.0,taxi_respawn_160,picked
dyn_pax_2668,5800.0,2026-09-07 10:36:40,417750337#1,restaurant,,654.3039749436668,1311.1147669608317,37.50336263595113,127.02807333923603,5843.0,43.0,taxi_respawn_158,picked
dyn_pax_2669,5804.0,2026-09-07 10:36:44,309155295#0,company|restaurant,,688.2712938579457,529.5739965525526,37.49632868191341,127.02864258735015,5855.0,51.0,taxi_respawn_166,picked
dyn_pax_2670,5807.0,2026-09-07 10:36:47,417933642#2,residential|restaurant,,976.5976168723116,645.9370182109647,37.49743129415275,127.0318749523804,5852.0,45.0,taxi_respawn_174,picked
dyn_pax_2671,5809.0,2026-09-07 10:36:49,218857636#1,residential|company|restaurant|bus_stop,,297.92905089287035,623.2061345250047,37.49709839153085,127.02420706961871,5880.0,71.0,taxi_respawn_173,picked
dyn_pax_2672,5812.0,2026-09-07 10:36:52,309155295#0,company|restaurant,,688.2712938579457,529.5739965525526,37.49632868191341,127.02864258735015,5866.0,54.0,taxi_respawn_167,picked
dyn_pax_2673,5818.0,2026-09-07 10:36:58,-417933646#4,company|restaurant,,761.9867537178288,747.7080569325292,37.49830761500862,127.02942437673002,5837.0,19.0,taxi_respawn_118,picked
dyn_pax_2674,5818.0,2026-09-07 10:36:58,-417933645#2,company|restaurant|subway_entrance,,701.1658676593129,719.5455833044954,37.49804244093877,127.02874337560036,5866.0,48.0,taxi_respawn_148,picked
dyn_pax_2675,5830.0,2026-09-07 10:37:10,256787796#2,restaurant,,573.8171824012851,1000.9225059734806,37.50055312725627,127.02723680274495,5887.0,57.0,taxi_respawn_162,picked
dyn_pax_2676,5831.0,2026-09-07 10:37:11,178441450#1,residential|company|restaurant|bus_stop,,282.90243066757296,609.4157395563556,37.496971320837204,127.02404044855805,5904.0,73.0,taxi_respawn_99,picked
dyn_pax_2677,5836.0,2026-09-07 10:37:16,-417933646#1,residential|restaurant,,826.6019869456061,577.8075382253838,37.49678928421788,127.03019516859905,5893.0,57.0,taxi_respawn_149,picked
dyn_pax_2678,5853.0,2026-09-07 10:37:33,-417933646#4,company|restaurant,,761.9867537178288,747.7080569325292,37.49830761500862,127.02942437673002,5961.0,108.0,taxi_respawn_143,picked
dyn_pax_2679,5855.0,2026-09-07 10:37:35,628232693#0,company|restaurant,,644.2623295929467,660.168099777976,37.49749680792099,127.0281140674837,5924.0,69.0,taxi_respawn_94,picked
dyn_pax_2680,5857.0,2026-09-07 10:37:37,218877837#2,company|restaurant|bus_stop,,479.4555212141038,978.0213907550284,37.500328997763305,127.02617530290202,5982.0,125.0,taxi_respawn_64,picked
dyn_pax_2681,5859.0,2026-09-07 10:37:39,-1011529829#3,residential|restaurant,,246.84006179949273,776.1178104815556,37.49846619888778,127.02359312469504,5898.0,39.0,taxi_respawn_171,picked
dyn_pax_2682,5869.0,2026-09-07 10:37:49,417933645#0,residential|restaurant,,823.1026288816429,385.61625104994533,37.49505730126708,127.03020109557775,5936.0,67.0,taxi_respawn_114,picked
dyn_pax_2683,5870.0,2026-09-07 10:37:50,417933645#0,residential|restaurant,,823.1026288816429,385.61625104994533,37.49505730126708,127.03020109557775,5965.0,95.0,taxi_respawn_71,picked
dyn_pax_2684,5884.0,2026-09-07 10:38:04,117790039#3,restaurant,,1021.8645860465238,1004.4924062015546,37.500669811640854,127.03230197280303,5950.0,66.0,taxi_respawn_49,picked
dyn_pax_2685,5885.0,2026-09-07 10:38:05,379463124,restaurant,,554.9909183636056,1244.5663744100702,37.50274438945946,127.02696616135114,5961.0,76.0,taxi_respawn_172,picked
dyn_pax_2686,5886.0,2026-09-07 10:38:06,218873820#0,restaurant|subway_entrance|bus_stop,,628.9829311132032,562.4061665928522,37.49661325243901,127.02796447999128,5963.0,77.0,taxi_respawn_186,picked
dyn_pax_2687,5898.0,2026-09-07 10:38:18,379463134#4,restaurant,,574.4815382344308,1284.0756787717605,37.50310398350559,127.02717717678497,5972.0,74.0,taxi_respawn_78,picked
dyn_pax_2688,5899.0,2026-09-07 10:38:19,521766180#1,company|restaurant|bus_stop,,466.73410130235357,1169.2838037446552,37.502049542882666,127.02598608796039,5960.0,61.0,taxi_respawn_159,picked
dyn_pax_2689,5900.0,2026-09-07 10:38:20,-523141073,residential|company,,283.47995026542384,1109.9635024546676,37.50148051131825,127.02392811188028,6009.0,109.0,taxi_respawn_89,picked
dyn_pax_2690,5901.0,2026-09-07 10:38:21,-541692164#2,subway_entrance,,317.7122087179151,1441.0296574375257,37.504469327730426,127.0242365566347,6001.0,100.0,taxi_respawn_191,picked
dyn_pax_2691,5905.0,2026-09-07 10:38:25,521766182#1,company|restaurant|subway_entrance,,681.695169875507,539.6867345716422,37.496418539503196,127.02856584056028,5983.0,78.0,taxi_respawn_131,picked
dyn_pax_2692,5914.0,2026-09-07 10:38:34,521766180#2,company|restaurant|subway_entrance,,439.1682246573338,1248.125402422748,37.50275456053775,127.0256556898917,,,,timeout
dyn_pax_2693,5916.0,2026-09-07 10:38:36,-256787796#8,restaurant,,666.7735412908731,765.3811461974922,37.49844885044044,127.02834365925706,5955.0,39.0,taxi_respawn_153,picked
dyn_pax_2694,5929.0,2026-09-07 10:38:49,178441450#1,residential|company|restaurant|bus_stop,,282.90243066757296,609.4157395563556,37.496971320837204,127.02404044855805,5971.0,42.0,taxi_respawn_189,picked
dyn_pax_2695,5929.0,2026-09-07 10:38:49,-379463134#1,restaurant,,479.36604535588674,1259.6870258351425,37.50286630987452,127.02610747054479,5981.0,52.0,taxi_respawn_21,picked
dyn_pax_2696,5947.0,2026-09-07 10:39:07,504227069,residential|restaurant,,587.1158993285404,291.7776336445087,37.4941674385472,127.02755526357365,6346.0,399.0,taxi_respawn_65,picked
dyn_pax_2697,5961.0,2026-09-07 10:39:21,129731721#0,company|restaurant,,451.4485582282947,673.334514427724,37.497578992002325,127.0259309178301,6315.0,354.0,taxi_respawn_190,picked
dyn_pax_2698,5969.0,2026-09-07 10:39:29,521766182#1,company|restaurant|subway_entrance,,681.695169875507,539.6867345716422,37.496418539503196,127.02856584056028,6016.0,47.0,taxi_respawn_185,picked
dyn_pax_2699,5971.0,2026-09-07 10:39:31,-523141073,residential|company,,283.47995026542384,1109.9635024546676,37.50148051131825,127.02392811188028,6072.0,101.0,taxi_5,picked
dyn_pax_2700,5981.0,2026-09-07 10:39:41,309155295#2,restaurant,,836.915506927576,584.1196133409687,37.496848090516615,127.03031028233906,6025.0,44.0,taxi_respawn_128,picked
dyn_pax_2701,6006.0,2026-09-07 10:40:06,-506191135#22,residential|company|restaurant|bus_stop,,38.693950105848444,1321.9513167019495,37.50334380565249,127.02110990869835,6110.0,104.0,taxi_respawn_158,picked
dyn_pax_2702,6013.0,2026-09-07 10:40:13,-379463134#1,restaurant,,479.36604535588674,1259.6870258351425,37.50286630987452,127.02610747054479,6066.0,53.0,taxi_respawn_163,picked
dyn_pax_2703,6022.0,2026-09-07 10:40:22,-417750337#4,restaurant,,542.6552277079157,1139.0745154802132,37.5017917560025,127.02685169754334,6076.0,54.0,taxi_respawn_59,picked
dyn_pax_2704,6028.0,2026-09-07 10:40:28,521766182#1,company|restaurant|subway_entrance,,681.695169875507,539.6867345716422,37.496418539503196,127.02856584056028,6106.0,78.0,taxi_respawn_82,picked
dyn_pax_2705,6029.0,2026-09-07 10:40:29,117790051#2,restaurant,,558.5532373104973,1361.778638311631,37.503800946163,127.02697864469606,6077.0,48.0,taxi_respawn_23,picked
dyn_pax_2706,6056.0,2026-09-07 10:40:56,129731857#2,company,,789.9847076009492,845.2662126154856,37.499191732762846,127.02971783662417,6099.0,43.0,taxi_respawn_46,picked
dyn_pax_2707,6060.0,2026-09-07 10:41:00,417933646#2,residential|restaurant,,830.3119525357222,594.5819430897021,37.496941093289735,127.0302331440542,6118.0,58.0,taxi_respawn_137,picked
dyn_pax_2708,6064.0,2026-09-07 10:41:04,990628460#0,restaurant,,624.9193131653682,704.9656163236222,37.49789670602668,127.02788475117727,6130.0,66.0,taxi_respawn_73,picked
dyn_pax_2709,6065.0,2026-09-07 10:41:05,1056882877#3,residential|company|restaurant,,365.79280968467333,433.0557487307964,37.495398294451746,127.02501948586043,6183.0,118.0,taxi_respawn_149,picked
dyn_pax_2710,6073.0,2026-09-07 10:41:13,1117538957#0,company|restaurant,,312.91680439510856,589.5311930299885,37.49679787270139,127.0243845203811,6150.0,77.0,taxi_respawn_140,picked
dyn_pax_2711,6075.0,2026-09-07 10:41:15,-506191135#2,residential|bus_stop,,236.19733776439384,769.6838415951818,37.49840622577806,127.02347432089968,6172.0,97.0,taxi_respawn_194,picked
dyn_pax_2712,6076.0,2026-09-07 10:41:16,-256787796#7,restaurant,,650.4923169509016,809.9698095387197,37.49884744554127,127.02814900895488,6205.0,129.0,taxi_respawn_135,picked
dyn_pax_2713,6079.0,2026-09-07 10:41:19,-417750354#0,residential,,923.3498430372201,1041.2071047119894,37.5009819832587,127.03117938951307,6143.0,64.0,taxi_respawn_145,picked
dyn_pax_2714,6080.0,2026-09-07 10:41:20,504227065,company,,441.32681628575455,666.8408278135128,37.497518581743364,127.0258180180219,6261.0,181.0,taxi_respawn_193,picked
dyn_pax_2715,6080.0,2026-09-07 10:41:20,504227066#0,restaurant,,519.2210823013057,487.78345043316773,37.49592029712161,127.02674117912406,6127.0,47.0,taxi_respawn_188,picked
dyn_pax_2716,6085.0,2026-09-07 10:41:25,504227067#4,residential|restaurant,,502.84500120553366,479.2066548114549,37.49583994070096,127.02655806263846,6343.0,258.0,taxi_4,picked
dyn_pax_2717,6096.0,2026-09-07 10:41:36,-379232155,restaurant,,999.2800162208075,449.1965960198298,37.495663263085994,127.03217793178025,6145.0,49.0,taxi_respawn_64,picked
dyn_pax_2718,6097.0,2026-09-07 10:41:37,-379463130#1,restaurant,,595.1104652489141,1131.7345077296688,37.50173554422087,127.02744655088388,6142.0,45.0,taxi_43,picked
dyn_pax_2719,6127.0,2026-09-07 10:42:07,129731859#3,restaurant,,873.6090416568148,941.272009001338,37.50007235670303,127.03064062663523,6189.0,62.0,taxi_respawn_136,picked
dyn_pax_2720,6128.0,2026-09-07 10:42:08,-417933642#4,restaurant,,907.3718228697127,805.8014682006251,37.49885835910486,127.03105443169989,6221.0,93.0,taxi_48,picked
dyn_pax_2721,6132.0,2026-09-07 10:42:12,-417750337#1,restaurant,,620.0756768942672,1248.4347545200121,37.5027915312318,127.02770116938098,6202.0,70.0,taxi_respawn_62,picked
dyn_pax_2722,6134.0,2026-09-07 10:42:14,379463130#0,restaurant,,544.1425087303844,1128.5419490598922,37.501697156429024,127.02687101205116,6224.0,90.0,taxi_respawn_160,picked
dyn_pax_2723,6139.0,2026-09-07 10:42:19,129731859#6,restaurant,,984.8051641629477,982.1134039896856,37.50046123095764,127.0318882391282,,,,timeout
dyn_pax_2724,6153.0,2026-09-07 10:42:33,480850873,company|restaurant|bus_stop,,548.1935052770749,708.5896639848544,37.49791486187584,127.0270163956136,6187.0,34.0,taxi_respawn_167,picked
dyn_pax_2725,6173.0,2026-09-07 10:42:53,129731859#7,restaurant,,1027.2096381836107,997.5648919281483,37.50060841330955,127.03236404697942,,,,timeout
dyn_pax_2726,6188.0,2026-09-07 10:43:08,218857636#1,residential|company|restaurant|bus_stop,,297.92905089287035,623.2061345250047,37.49709839153085,127.02420706961871,6250.0,62.0,taxi_respawn_171,picked
dyn_pax_2727,6209.0,2026-09-07 10:43:29,521766175#3,company|restaurant|subway_entrance|bus_stop,,373.6701172395771,1298.610217621072,37.50319695740621,127.02490310718325,6329.0,120.0,taxi_respawn_112,picked
dyn_pax_2728,6217.0,2026-09-07 10:43:37,375049565#2,restaurant,,1048.966709229659,894.5327467658005,37.49968436369115,127.03263441305876,6249.0,32.0,taxi_respawn_177,picked
dyn_pax_2729,6225.0,2026-09-07 10:43:45,417933642#2,residential|restaurant,,976.5976168723116,645.9370182109647,37.49743129415275,127.0318749523804,6282.0,57.0,taxi_respawn_15,picked
dyn_pax_2730,6227.0,2026-09-07 10:43:47,129731721#0,company|restaurant,,451.4485582282947,673.334514427724,37.497578992002325,127.0259309178301,6275.0,48.0,taxi_11,picked
dyn_pax_2731,6232.0,2026-09-07 10:43:52,-256787796#1,restaurant,,578.741609978934,1014.5790766049616,37.500677080058935,127.02728924469663,6264.0,32.0,taxi_respawn_132,picked
dyn_pax_2732,6235.0,2026-09-07 10:43:55,-417750336#3,school|company,,868.1859178511071,948.5147012398835,37.50013657861005,127.03057759421064,6249.0,14.0,taxi_respawn_99,picked
dyn_pax_2733,6242.0,2026-09-07 10:44:02,117790041#0,restaurant,,413.90787044506357,1458.5096356977913,37.50464498763265,127.02532013264272,,,,timeout
dyn_pax_2734,6256.0,2026-09-07 10:44:16,1117538957#3,restaurant|subway_entrance|bus_stop,,465.5082521847807,644.8780924026132,37.49732530507706,127.02609663221197,6327.0,71.0,taxi_respawn_21,picked
dyn_pax_2735,6263.0,2026-09-07 10:44:23,-417933646#4,company|restaurant,,761.9867537178288,747.7080569325292,37.49830761500862,127.02942437673002,6372.0,109.0,taxi_respawn_114,picked
dyn_pax_2736,6270.0,2026-09-07 10:44:30,218873820#0,restaurant|subway_entrance|bus_stop,,628.9829311132032,562.4061665928522,37.49661325243901,127.02796447999128,6332.0,62.0,taxi_respawn_186,picked
dyn_pax_2737,6279.0,2026-09-07 10:44:39,129731859#4,restaurant,,948.3176585840322,968.5888771831698,37.50033252074231,127.03147887955224,6329.0,50.0,taxi_respawn_166,picked
dyn_pax_2738,6284.0,2026-09-07 10:44:44,129731857#1,residential|restaurant,,656.8212873140518,799.6615847813327,37.498755780674834,127.02822301071001,6332.0,48.0,taxi_respawn_71,picked
dyn_pax_2739,6285.0,2026-09-07 10:44:45,-379463134#6,restaurant,,651.5506250710082,1319.679135788758,37.50343926652266,127.02804017641046,6310.0,25.0,taxi_respawn_131,picked
dyn_pax_2740,6286.0,2026-09-07 10:44:46,379463124,restaurant,,554.9909183636056,1244.5663744100702,37.50274438945946,127.02696616135114,6327.0,41.0,taxi_respawn_125,picked
dyn_pax_2741,6286.0,2026-09-07 10:44:46,129731859#1,restaurant,,770.318180095484,905.1374216517651,37.499727361620906,127.02948129560598,6374.0,88.0,taxi_respawn_118,picked
dyn_pax_2742,6290.0,2026-09-07 10:44:50,-504509918#2,company|restaurant|bus_stop,,398.9694242295193,827.4758220967593,37.49895762305832,127.02530099003066,6354.0,64.0,taxi_respawn_157,picked
dyn_pax_2743,6294.0,2026-09-07 10:44:54,1117538957#0,company|restaurant,,312.91680439510856,589.5311930299885,37.49679787270139,127.0243845203811,6329.0,35.0,taxi_respawn_94,picked
dyn_pax_2744,6310.0,2026-09-07 10:45:10,-129731717#1,residential|company|restaurant,,188.433090102474,1374.3511058470413,37.503844200149025,127.0227905913032,6406.0,96.0,taxi_respawn_158,picked
dyn_pax_2745,6312.0,2026-09-07 10:45:12,520307304#0,school|subway_entrance|bus_stop,,602.6035134310263,763.145495629718,37.498416594724866,127.02761864854104,6374.0,62.0,taxi_respawn_183,picked
dyn_pax_2746,6324.0,2026-09-07 10:45:24,379463134#2,restaurant,,492.9894267673794,1254.822149661426,37.50282506050825,127.0262626667944,6384.0,60.0,taxi_respawn_175,picked
dyn_pax_2747,6325.0,2026-09-07 10:45:25,-417750354#1,restaurant,,946.150029211292,974.2465578508335,37.500383078435064,127.03145303198383,6379.0,54.0,taxi_respawn_95,picked
dyn_pax_2748,6335.0,2026-09-07 10:45:35,521766180#1,company|restaurant|bus_stop,,466.73410130235357,1169.2838037446552,37.502049542882666,127.02598608796039,6405.0,70.0,taxi_respawn_92,picked
dyn_pax_2749,6338.0,2026-09-07 10:45:38,1229817205#0,company|subway_entrance|bus_stop,,599.2457558679199,652.2907550986157,37.497417346160496,127.02760695963683,6401.0,63.0,taxi_respawn_195,picked
dyn_pax_2750,6346.0,2026-09-07 10:45:46,26163000#3,restaurant,,602.970622715944,1275.0711016561868,37.50302824900089,127.02750144434575,6387.0,41.0,taxi_respawn_135,picked
dyn_pax_2751,6358.0,2026-09-07 10:45:58,-417933646#1,residential|restaurant,,826.6019869456061,577.8075382253838,37.49678928421788,127.03019516859905,6386.0,28.0,taxi_respawn_136,picked
dyn_pax_2752,6361.0,2026-09-07 10:46:01,-129731852,restaurant,,721.4959946165901,929.589824990092,37.499938423771525,127.02892348366522,6386.0,25.0,taxi_respawn_168,picked
dyn_pax_2753,6365.0,2026-09-07 10:46:05,379463124,restaurant,,554.9909183636056,1244.5663744100702,37.50274438945946,127.02696616135114,6440.0,75.0,taxi_5,picked
dyn_pax_2754,6366.0,2026-09-07 10:46:06,-523141073,residential|company,,283.47995026542384,1109.9635024546676,37.50148051131825,127.02392811188028,6468.0,102.0,taxi_respawn_34,picked
dyn_pax_2755,6371.0,2026-09-07 10:46:11,417933646#2,residential|restaurant,,830.3119525357222,594.5819430897021,37.496941093289735,127.0302331440542,6444.0,73.0,taxi_respawn_89,picked
dyn_pax_2756,6391.0,2026-09-07 10:46:31,-129731717#1,residential|company|restaurant,,188.433090102474,1374.3511058470413,37.503844200149025,127.0227905913032,6451.0,60.0,taxi_respawn_199,picked
dyn_pax_2757,6397.0,2026-09-07 10:46:37,379232155,restaurant,,946.0567570824509,480.05346239194995,37.49593120335224,127.03156888346594,6495.0,98.0,taxi_respawn_181,picked
dyn_pax_2758,6399.0,2026-09-07 10:46:39,129731859#0,restaurant,,636.6446621144157,858.1896913104493,37.49927921090336,127.0279810114602,6433.0,34.0,taxi_respawn_143,picked
dyn_pax_2759,6402.0,2026-09-07 10:46:42,-129731857#1,restaurant,,773.0987126859483,849.1784152186673,37.499223789418295,127.02952598601298,6439.0,37.0,taxi_respawn_122,picked
dyn_pax_2760,6410.0,2026-09-07 10:46:50,1229817205#0,company|subway_entrance|bus_stop,,599.2457558679199,652.2907550986157,37.497417346160496,127.02760695963683,6436.0,26.0,taxi_respawn_185,picked
dyn_pax_2761,6412.0,2026-09-07 10:46:52,417933646#2,residential|restaurant,,830.3119525357222,594.5819430897021,37.496941093289735,127.0302331440542,6467.0,55.0,taxi_43,picked
dyn_pax_2762,6417.0,2026-09-07 10:46:57,541692164#1,subway_entrance,,271.6277521231475,1406.6420105391767,37.5041508337347,127.02372362926798,6490.0,73.0,taxi_respawn_128,picked
dyn_pax_2763,6426.0,2026-09-07 10:47:06,129731721#0,company|restaurant,,451.4485582282947,673.334514427724,37.497578992002325,127.0259309178301,6504.0,78.0,taxi_respawn_149,picked
dyn_pax_2764,6433.0,2026-09-07 10:47:13,129731720#0,residential|company|restaurant,,292.10678712231254,1113.150773394943,37.50151085547559,127.02402489828896,6570.0,137.0,taxi_11,picked
dyn_pax_2765,6434.0,2026-09-07 10:47:14,494824662#2,company,,746.7452257347845,358.17900919099446,37.494795734299316,127.02934429302684,6549.0,115.0,taxi_respawn_82,picked
dyn_pax_2766,6436.0,2026-09-07 10:47:16,-417933646#4,company|restaurant,,761.9867537178288,747.7080569325292,37.49830761500862,127.02942437673002,6546.0,110.0,taxi_respawn_171,picked
dyn_pax_2767,6438.0,2026-09-07 10:47:18,-542367267#1,bus_stop,,247.51018316686128,1414.7184918773391,37.504219024473855,127.02344900430944,6533.0,95.0,taxi_respawn_198,picked
dyn_pax_2768,6442.0,2026-09-07 10:47:22,-26163000#1,restaurant,,613.3034084576574,1234.0026207389662,37.50266024308643,127.02762801542576,6495.0,53.0,taxi_respawn_49,picked
dyn_pax_2769,6447.0,2026-09-07 10:47:27,-379463134#6,restaurant,,651.5506250710082,1319.679135788758,37.50343926652266,127.02804017641046,6505.0,58.0,taxi_48,picked
dyn_pax_2770,6466.0,2026-09-07 10:47:46,379232155,restaurant,,946.0567570824509,480.05346239194995,37.49593120335224,127.03156888346594,6581.0,115.0,taxi_respawn_125,picked
dyn_pax_2771,6476.0,2026-09-07 10:47:56,-117790045#0,restaurant,,544.8147652988505,1238.053441474183,37.50268379633789,127.0268526423962,6507.0,31.0,taxi_respawn_179,picked
dyn_pax_2772,6484.0,2026-09-07 10:48:04,1117538958#3,bus_stop,,160.18899290588462,540.6019911995099,37.49632820280781,127.02266936696756,6780.0,296.0,taxi_4,picked
dyn_pax_2773,6486.0,2026-09-07 10:48:06,628232693#0,company|restaurant,,644.2623295929467,660.168099777976,37.49749680792099,127.0281140674837,6592.0,106.0,taxi_respawn_180,picked
dyn_pax_2774,6487.0,2026-09-07 10:48:07,-379232161#3,restaurant,,957.578372934647,431.27964063812743,37.495494003443426,127.03171068469486,6616.0,129.0,taxi_respawn_65,picked
dyn_pax_2775,6492.0,2026-09-07 10:48:12,506191135#3,residential|company|restaurant|bus_stop,,238.79972345576414,789.4714057742513,37.49858497042428,127.023499044737,6607.0,115.0,taxi_respawn_148,picked
dyn_pax_2776,6511.0,2026-09-07 10:48:31,417933642#0,restaurant|bus_stop,,1041.0954363710525,463.30841921497654,37.49579826441859,127.03264736696761,6614.0,103.0,taxi_respawn_189,picked
dyn_pax_2777,6520.0,2026-09-07 10:48:40,417933646#2,residential|restaurant,,830.3119525357222,594.5819430897021,37.496941093289735,127.0302331440542,6614.0,94.0,taxi_respawn_23,picked
dyn_pax_2778,6525.0,2026-09-07 10:48:45,480850873,company|restaurant|bus_stop,,548.1935052770749,708.5896639848544,37.49791486187584,127.0270163956136,6618.0,93.0,taxi_respawn_197,picked
dyn_pax_2779,6551.0,2026-09-07 10:49:11,117790045#2,restaurant,,537.9561568342307,1283.7183624175188,37.50309386389003,127.02676426064505,6613.0,62.0,taxi_respawn_200,picked
dyn_pax_2780,6557.0,2026-09-07 10:49:17,309155295#0,company|restaurant,,688.2712938579457,529.5739965525526,37.49632868191341,127.02864258735015,6713.0,156.0,taxi_respawn_157,picked
dyn_pax_2781,6574.0,2026-09-07 10:49:34,-506191135#22,residential|company|restaurant|bus_stop,,38.693950105848444,1321.9513167019495,37.50334380565249,127.02110990869835,6690.0,116.0,taxi_respawn_191,picked
dyn_pax_2782,6592.0,2026-09-07 10:49:52,-417750354#0,residential,,923.3498430372201,1041.2071047119894,37.5009819832587,127.03117938951307,6625.0,33.0,taxi_respawn_46,picked
dyn_pax_2783,6600.0,2026-09-07 10:50:00,-506191135#22,residential|company|restaurant|bus_stop,,38.693950105848444,1321.9513167019495,37.50334380565249,127.02110990869835,6698.0,98.0,taxi_respawn_136,picked
dyn_pax_2784,6606.0,2026-09-07 10:50:06,523141074#0,company|restaurant|subway_entrance,,524.0338794858329,871.4890157117229,37.4993777454413,127.02670460634431,,,,timeout
dyn_pax_2785,6614.0,2026-09-07 10:50:14,1376141183#0,bus_stop,,548.2528111146681,901.2117688498424,37.49965007283687,127.02697139402301,6728.0,114.0,taxi_respawn_122,picked
dyn_pax_2786,6618.0,2026-09-07 10:50:18,-129731857#1,restaurant,,773.0987126859483,849.1784152186673,37.499223789418295,127.02952598601298,6680.0,62.0,taxi_respawn_94,picked
dyn_pax_2787,6620.0,2026-09-07 10:50:20,-417933646#1,residential|restaurant,,826.6019869456061,577.8075382253838,37.49678928421788,127.03019516859905,6691.0,71.0,taxi_respawn_158,picked
dyn_pax_2788,6622.0,2026-09-07 10:50:22,417933642#2,residential|restaurant,,976.5976168723116,645.9370182109647,37.49743129415275,127.0318749523804,6732.0,110.0,taxi_respawn_187,picked
dyn_pax_2789,6623.0,2026-09-07 10:50:23,-129731717#1,residential|company|restaurant,,188.433090102474,1374.3511058470413,37.503844200149025,127.0227905913032,6679.0,56.0,taxi_respawn_78,picked
dyn_pax_2790,6629.0,2026-09-07 10:50:29,521766175#3,company|restaurant|subway_entrance|bus_stop,,373.6701172395771,1298.610217621072,37.50319695740621,127.02490310718325,6778.0,149.0,taxi_43,picked
dyn_pax_2791,6632.0,2026-09-07 10:50:32,129731859#1,restaurant,,770.318180095484,905.1374216517651,37.499727361620906,127.02948129560598,6691.0,59.0,taxi_respawn_147,picked
dyn_pax_2792,6641.0,2026-09-07 10:50:41,417933645#0,residential|restaurant,,823.1026288816429,385.61625104994533,37.49505730126708,127.03020109557775,6725.0,84.0,taxi_respawn_128,picked
dyn_pax_2793,6641.0,2026-09-07 10:50:41,-417750336#3,school|company,,868.1859178511071,948.5147012398835,37.50013657861005,127.03057759421064,6669.0,28.0,taxi_respawn_140,picked
dyn_pax_2794,6642.0,2026-09-07 10:50:42,521766180#1,company|restaurant|bus_stop,,466.73410130235357,1169.2838037446552,37.502049542882666,127.02598608796039,6680.0,38.0,taxi_respawn_89,picked
dyn_pax_2795,6644.0,2026-09-07 10:50:44,-913950883#1,residential|company|restaurant,,391.36286393582424,840.6655979518604,37.49907500229157,127.0252118555046,6714.0,70.0,taxi_respawn_172,picked
dyn_pax_2796,6651.0,2026-09-07 10:50:51,-239954462#0,company,,177.59108854633376,1424.6091910087337,37.50429488616932,127.02265605240045,6739.0,88.0,taxi_respawn_163,picked
dyn_pax_2797,6656.0,2026-09-07 10:50:56,239962780#1,company|restaurant,,78.091042197054,1418.7355011637856,37.504223128704645,127.02153236485597,6793.0,137.0,taxi_respawn_64,picked
dyn_pax_2798,6673.0,2026-09-07 10:51:13,-256787796#8,restaurant,,666.7735412908731,765.3811461974922,37.49844885044044,127.02834365925706,6735.0,62.0,taxi_respawn_184,picked
dyn_pax_2799,6677.0,2026-09-07 10:51:17,117790036#1,company,,849.7103307162836,1232.6514730855474,37.50269269072902,127.03030143103514,6734.0,57.0,taxi_respawn_21,picked
dyn_pax_2800,6687.0,2026-09-07 10:51:27,-417933646#1,residential|restaurant,,826.6019869456061,577.8075382253838,37.49678928421788,127.03019516859905,6748.0,61.0,taxi_respawn_167,picked
dyn_pax_2801,6692.0,2026-09-07 10:51:32,521770119#0,restaurant|bus_stop,,548.9831206778387,935.1148840516827,37.4999556205417,127.02697161236954,6732.0,40.0,taxi_respawn_59,picked
dyn_pax_2802,6705.0,2026-09-07 10:51:45,521766180#3,company|subway_entrance,,386.1025100472621,1391.5483758557143,37.504036522784034,127.0250216210457,,,,unpicked
dyn_pax_2803,6710.0,2026-09-07 10:51:50,26163000#0,restaurant,,655.1679463942612,1215.3400880972458,37.50250003106797,127.02810580802628,6742.0,32.0,taxi_respawn_196,picked
dyn_pax_2804,6710.0,2026-09-07 10:51:50,990628460#0,restaurant,,624.9193131653682,704.9656163236222,37.49789670602668,127.02788475117727,6763.0,53.0,taxi_respawn_159,picked
dyn_pax_2805,6714.0,2026-09-07 10:51:54,417731530,company|restaurant,,191.66975375905443,1429.5779711342507,37.5043423120142,127.02281406437154,6818.0,104.0,taxi_respawn_190,picked
dyn_pax_2806,6722.0,2026-09-07 10:52:02,805827756#0,restaurant,,725.8600087193602,932.9429066344904,37.49996945301828,127.02897203227693,6796.0,74.0,taxi_respawn_195,picked
dyn_pax_2807,6723.0,2026-09-07 10:52:03,417933645#0,residential|restaurant,,823.1026288816429,385.61625104994533,37.49505730126708,127.03020109557775,6829.0,106.0,taxi_respawn_203,picked
dyn_pax_2808,6732.0,2026-09-07 10:52:12,521766180#1,company|restaurant|bus_stop,,466.73410130235357,1169.2838037446552,37.502049542882666,127.02598608796039,6808.0,76.0,taxi_respawn_193,picked
dyn_pax_2809,6734.0,2026-09-07 10:52:14,417933646#2,residential|restaurant,,830.3119525357222,594.5819430897021,37.496941093289735,127.0302331440542,6809.0,75.0,taxi_respawn_175,picked
dyn_pax_2810,6734.0,2026-09-07 10:52:14,504509918#0,residential|restaurant,,511.83203920742636,882.9034728009249,37.499478264867115,127.02656393710718,6800.0,66.0,taxi_respawn_183,picked
dyn_pax_2811,6736.0,2026-09-07 10:52:16,129731852,restaurant,,626.5739131314494,885.3301415107766,37.499521799012015,127.0278607124155,6795.0,59.0,taxi_5,picked
dyn_pax_2812,6752.0,2026-09-07 10:52:32,521766180#2,company|restaurant|subway_entrance,,439.1682246573338,1248.125402422748,37.50275456053775,127.0256556898917,,,,unpicked
dyn_pax_2813,6753.0,2026-09-07 10:52:33,-504509918#2,company|restaurant|bus_stop,,398.9694242295193,827.4758220967593,37.49895762305832,127.02530099003066,6848.0,95.0,taxi_respawn_181,picked
dyn_pax_2814,6762.0,2026-09-07 10:52:42,379463124,restaurant,,554.9909183636056,1244.5663744100702,37.50274438945946,127.02696616135114,6794.0,32.0,taxi_respawn_135,picked
dyn_pax_2815,6767.0,2026-09-07 10:52:47,-506191135#22,residential|company|restaurant|bus_stop,,38.693950105848444,1321.9513167019495,37.50334380565249,127.02110990869835,6834.0,67.0,taxi_respawn_204,picked
dyn_pax_2816,6767.0,2026-09-07 10:52:47,504227069,residential|restaurant,,587.1158993285404,291.7776336445087,37.4941674385472,127.02755526357365,6902.0,135.0,taxi_respawn_179,picked
dyn_pax_2817,6769.0,2026-09-07 10:52:49,-417750337#4,restaurant,,542.6552277079157,1139.0745154802132,37.5017917560025,127.02685169754334,6796.0,27.0,taxi_respawn_114,picked
dyn_pax_2818,6784.0,2026-09-07 10:53:04,218857636#1,residential|company|restaurant|bus_stop,,297.92905089287035,623.2061345250047,37.49709839153085,127.02420706961871,6891.0,107.0,taxi_respawn_205,picked
dyn_pax_2819,6802.0,2026-09-07 10:53:22,557469234,restaurant,,982.7249512156621,987.801549540822,37.50051207965727,127.03186337298402,6873.0,71.0,taxi_respawn_174,picked
dyn_pax_2820,6810.0,2026-09-07 10:53:30,-129731857#1,restaurant,,773.0987126859483,849.1784152186673,37.499223789418295,127.02952598601298,6867.0,57.0,taxi_respawn_170,picked
dyn_pax_2821,6812.0,2026-09-07 10:53:32,-417933646#4,company|restaurant,,761.9867537178288,747.7080569325292,37.49830761500862,127.02942437673002,6864.0,52.0,taxi_respawn_171,picked
dyn_pax_2822,6813.0,2026-09-07 10:53:33,178441450#1,residential|company|restaurant|bus_stop,,282.90243066757296,609.4157395563556,37.496971320837204,127.02404044855805,6895.0,82.0,taxi_48,picked
dyn_pax_2823,6826.0,2026-09-07 10:53:46,-1537068129#0,restaurant,,962.1540281232122,1146.7630824504436,37.50194018104768,127.03159317410272,6860.0,34.0,taxi_respawn_92,picked
dyn_pax_2824,6830.0,2026-09-07 10:53:50,305539406,company|restaurant|subway_entrance,,566.389495917364,736.5285064605782,37.49816998085155,127.02721550408178,6949.0,119.0,taxi_respawn_99,picked
dyn_pax_2825,6831.0,2026-09-07 10:53:51,117790041#2,restaurant,,441.66460303662666,1376.669936706078,37.50391299976682,127.0256534125234,6872.0,41.0,taxi_respawn_201,picked
dyn_pax_2826,6835.0,2026-09-07 10:53:55,417731530,company|restaurant,,191.66975375905443,1429.5779711342507,37.5043423120142,127.02281406437154,6928.0,93.0,taxi_respawn_117,picked
dyn_pax_2827,6837.0,2026-09-07 10:53:57,129731859#3,restaurant,,873.6090416568148,941.272009001338,37.50007235670303,127.03064062663523,6895.0,58.0,taxi_respawn_149,picked
dyn_pax_2828,6840.0,2026-09-07 10:54:00,129731857#1,residential|restaurant,,656.8212873140518,799.6615847813327,37.498755780674834,127.02822301071001,6929.0,89.0,taxi_respawn_182,picked
dyn_pax_2829,6842.0,2026-09-07 10:54:02,-117790039#2,company|restaurant,,1017.0012393074795,990.846024966068,37.5005459641277,127.03225021068775,6909.0,67.0,taxi_respawn_198,picked
dyn_pax_2830,6849.0,2026-09-07 10:54:09,-417933646#1,residential|restaurant,,826.6019869456061,577.8075382253838,37.49678928421788,127.03019516859905,6967.0,118.0,taxi_respawn_197,picked
dyn_pax_2831,6851.0,2026-09-07 10:54:11,256787796#2,restaurant,,573.8171824012851,1000.9225059734806,37.50055312725627,127.02723680274495,6964.0,113.0,taxi_respawn_185,picked
dyn_pax_2832,6878.0,2026-09-07 10:54:38,417731530,company|restaurant,,191.66975375905443,1429.5779711342507,37.5043423120142,127.02281406437154,7018.0,140.0,taxi_respawn_34,picked
dyn_pax_2833,6880.0,2026-09-07 10:54:40,117790045#3,restaurant,,504.6202003222114,1382.6101305390487,37.50397841113055,127.02636386411817,6911.0,31.0,taxi_respawn_186,picked
dyn_pax_2834,6890.0,2026-09-07 10:54:50,990628460#0,restaurant,,624.9193131653682,704.9656163236222,37.49789670602668,127.02788475117727,6909.0,19.0,taxi_respawn_180,picked
dyn_pax_2835,6893.0,2026-09-07 10:54:53,-239954462#0,company,,177.59108854633376,1424.6091910087337,37.50429488616932,127.02265605240045,7003.0,110.0,taxi_respawn_136,picked
dyn_pax_2836,6894.0,2026-09-07 10:54:54,129731859#1,restaurant,,770.318180095484,905.1374216517651,37.499727361620906,127.02948129560598,6939.0,45.0,taxi_respawn_140,picked
dyn_pax_2837,6897.0,2026-09-07 10:54:57,129731852,restaurant,,626.5739131314494,885.3301415107766,37.499521799012015,127.0278607124155,6959.0,62.0,taxi_respawn_112,picked
dyn_pax_2838,6906.0,2026-09-07 10:55:06,521766175#3,company|restaurant|subway_entrance|bus_stop,,373.6701172395771,1298.610217621072,37.50319695740621,127.02490310718325,6992.0,86.0,taxi_43,picked
dyn_pax_2839,6908.0,2026-09-07 10:55:08,-541692164#2,subway_entrance,,317.7122087179151,1441.0296574375257,37.504469327730426,127.0242365566347,7035.0,127.0,taxi_respawn_206,picked
dyn_pax_2840,6929.0,2026-09-07 10:55:29,504227066#0,restaurant,,519.2210823013057,487.78345043316773,37.49592029712161,127.02674117912406,7028.0,99.0,taxi_respawn_21,picked
dyn_pax_2841,6940.0,2026-09-07 10:55:40,-1056882877#5,company|restaurant,,302.41102899925136,583.0415396467946,37.496737424712585,127.0242672800979,6974.0,34.0,taxi_respawn_183,picked
dyn_pax_2842,6953.0,2026-09-07 10:55:53,219837933#0,residential|company,,49.0199205680682,1328.1480294371383,37.503401583976704,127.02122519296726,7070.0,117.0,taxi_respawn_143,picked
dyn_pax_2843,6956.0,2026-09-07 10:55:56,-26163000#1,restaurant,,613.3034084576574,1234.0026207389662,37.50266024308643,127.02762801542576,6989.0,33.0,taxi_respawn_158,picked
dyn_pax_2844,6996.0,2026-09-07 10:56:36,-506191135#2,residential|bus_stop,,236.19733776439384,769.6838415951818,37.49840622577806,127.02347432089968,7089.0,93.0,taxi_respawn_184,picked
dyn_pax_2845,6996.0,2026-09-07 10:56:36,305539406,company|restaurant|subway_entrance,,566.389495917364,736.5285064605782,37.49816998085155,127.02721550408178,7087.0,91.0,taxi_respawn_159,picked
dyn_pax_2846,7003.0,2026-09-07 10:56:43,523141074#0,company|restaurant|subway_entrance,,524.0338794858329,871.4890157117229,37.4993777454413,127.02670460634431,7119.0,116.0,taxi_respawn_59,picked
dyn_pax_2847,7017.0,2026-09-07 10:56:57,256787796#6,restaurant,,626.4884087870183,851.7135990963859,37.499218954480725,127.02786771303293,7053.0,36.0,taxi_respawn_188,picked
dyn_pax_2848,7024.0,2026-09-07 10:57:04,-506191135#22,residential|company|restaurant|bus_stop,,38.693950105848444,1321.9513167019495,37.50334380565249,127.02110990869835,7132.0,108.0,taxi_respawn_207,picked
dyn_pax_2849,7026.0,2026-09-07 10:57:06,-26163000#1,restaurant,,613.3034084576574,1234.0026207389662,37.50266024308643,127.02762801542576,7098.0,72.0,taxi_respawn_15,picked
dyn_pax_2850,7047.0,2026-09-07 10:57:27,-129731857#1,restaurant,,773.0987126859483,849.1784152186673,37.499223789418295,127.02952598601298,7091.0,44.0,taxi_respawn_171,picked
dyn_pax_2851,7048.0,2026-09-07 10:57:28,-256787796#1,restaurant,,578.741609978934,1014.5790766049616,37.500677080058935,127.02728924469663,7090.0,42.0,taxi_respawn_114,picked
dyn_pax_2852,7062.0,2026-09-07 10:57:42,309155295#2,restaurant,,836.915506927576,584.1196133409687,37.496848090516615,127.03031028233906,7147.0,85.0,taxi_respawn_187,picked
dyn_pax_2853,7064.0,2026-09-07 10:57:44,1229817205#1,residential|bus_stop,,631.6400080768872,572.7061575261558,37.49670653972221,127.02799208080955,7127.0,63.0,taxi_4,picked
dyn_pax_2854,7065.0,2026-09-07 10:57:45,1056882877#3,residential|company|restaurant,,365.79280968467333,433.0557487307964,37.495398294451746,127.02501948586043,7137.0,72.0,taxi_respawn_82,picked
dyn_pax_2855,7065.0,2026-09-07 10:57:45,417933645#2,residential|company|restaurant,,757.7944798520502,568.4010952306102,37.496691568512986,127.02941943794849,7130.0,65.0,taxi_respawn_122,picked
dyn_pax_2856,7076.0,2026-09-07 10:57:56,521766180#2,company|restaurant|subway_entrance,,439.1682246573338,1248.125402422748,37.50275456053775,127.0256556898917,,,,unpicked
dyn_pax_2857,7093.0,2026-09-07 10:58:13,521766175#1,company|restaurant|subway_entrance,,332.9365590021661,1411.5585828157227,37.504206724109,127.02441570308932,7160.0,67.0,taxi_respawn_179,picked
dyn_pax_2858,7101.0,2026-09-07 10:58:21,521770119#0,restaurant|bus_stop,,548.9831206778387,935.1148840516827,37.4999556205417,127.02697161236954,,,,unpicked
dyn_pax_2859,7138.0,2026-09-07 10:58:58,975332778#0,restaurant,,667.9217791522676,716.9366930139246,37.49801266412058,127.02836812020041,7169.0,31.0,taxi_respawn_92,picked
dyn_pax_2860,7148.0,2026-09-07 10:59:08,-504509918#2,company|restaurant|bus_stop,,398.9694242295193,827.4758220967593,37.49895762305832,127.02530099003066,,,,unpicked
dyn_pax_2861,7150.0,2026-09-07 10:59:10,-417750337#1,restaurant,,620.0756768942672,1248.4347545200121,37.5027915312318,127.02770116938098,,,,unpicked
dyn_pax_2862,7158.0,2026-09-07 10:59:18,506191135#3,residential|company|restaurant|bus_stop,,238.79972345576414,789.4714057742513,37.49858497042428,127.023499044737,,,,unpicked
dyn_pax_2863,7160.0,2026-09-07 10:59:20,-504227066#3,restaurant,,449.3214735737982,636.1754008755333,37.497243849267164,127.02591568328045,,,,unpicked
dyn_pax_2864,7162.0,2026-09-07 10:59:22,-417933646#1,residential|restaurant,,826.6019869456061,577.8075382253838,37.49678928421788,127.03019516859905,,,,unpicked
dyn_pax_2865,7167.0,2026-09-07 10:59:27,494824662#3,restaurant|subway_entrance,,729.424850252167,406.6843378518681,37.49522941823122,127.02913698209235,,,,unpicked
dyn_pax_2866,7180.0,2026-09-07 10:59:40,309155295#3,restaurant,,868.2249250208004,595.011595969151,37.496952113096654,127.03066169877924,,,,unpicked
dyn_pax_2867,7181.0,2026-09-07 10:59:41,-417750354#0,residential,,923.3498430372201,1041.2071047119894,37.5009819832587,127.03117938951307,,,,unpicked
dyn_pax_2868,7191.0,2026-09-07 10:59:51,-417933646#4,company|restaurant,,761.9867537178288,747.7080569325292,37.49830761500862,127.02942437673002,,,,unpicked
dyn_pax_2869,7191.0,2026-09-07 10:59:51,1229817205#0,company|subway_entrance|bus_stop,,599.2457558679199,652.2907550986157,37.497417346160496,127.02760695963683,,,,unpicked
dyn_pax_2870,7199.0,2026-09-07 10:59:59,417750342#0,residential,,845.3624953099543,1340.16590884019,37.50366039527634,127.03022681464076,,,,unpicked
