person_id,request_sec,pickup_datetime,edge_id,origin_zone,dest_category,x,y,latitude,longitude,pickup_sec,wait_sec,taxi_id,status
dyn_pax_1,5.0,2026-09-07 09:00:05,-309155295#1,residential|restaurant,,820.2174803017108,588.0239695218922,37.496880113093034,127.03012056506905,104.0,99.0,taxi_respawn_16,picked
dyn_pax_2,7.0,2026-09-07 09:00:07,1117538957#3,restaurant|subway_entrance|bus_stop,,465.5082521847807,644.8780924026132,37.49732530507706,127.02609663221197,20.0,13.0,taxi_39,picked
dyn_pax_3,8.0,2026-09-07 09:00:08,-542367267#1,bus_stop,,247.51018316686128,1414.7184918773391,37.504219024473855,127.02344900430944,110.0,102.0,taxi_respawn_12,picked
dyn_pax_4,8.0,2026-09-07 09:00:08,-913950883#1,residential|company|restaurant,,391.36286393582424,840.6655979518604,37.49907500229157,127.0252118555046,190.0,182.0,taxi_respawn_30,picked
dyn_pax_5,9.0,2026-09-07 09:00:09,-557469300#1,restaurant,,739.5265057687212,1049.0561556697721,37.5010180173999,127.02909905278416,135.0,126.0,taxi_respawn_29,picked
dyn_pax_6,10.0,2026-09-07 09:00:10,-379232161#3,restaurant,,957.578372934647,431.27964063812743,37.495494003443426,127.03171068469486,118.0,108.0,taxi_respawn_34,picked
dyn_pax_7,11.0,2026-09-07 09:00:11,-379463124,restaurant,,592.9390816363945,1268.4136255899298,37.5029663815994,127.02738959394404,43.0,32.0,taxi_4,picked
dyn_pax_8,12.0,2026-09-07 09:00:12,520307304#0,school|subway_entrance|bus_stop,,602.6035134310263,763.145495629718,37.498416594724866,127.02761864854104,407.0,395.0,taxi_8,picked
dyn_pax_9,13.0,2026-09-07 09:00:13,218873820#0,restaurant|subway_entrance|bus_stop,,628.9829311132032,562.4061665928522,37.49661325243901,127.02796447999128,107.0,94.0,taxi_16,picked
dyn_pax_10,14.0,2026-09-07 09:00:14,305539406,company|restaurant|subway_entrance,,566.389495917364,736.5285064605782,37.49816998085155,127.02721550408178,56.0,42.0,taxi_5,picked
dyn_pax_11,15.0,2026-09-07 09:00:15,375049565#6,restaurant|subway_entrance|bus_stop,,789.5153251748014,798.8522330112556,37.49877353199428,127.02972351946808,158.0,143.0,taxi_respawn_6,picked
dyn_pax_12,18.0,2026-09-07 09:00:18,1376141182#0,bus_stop,,385.7154046370183,1301.0311255965628,37.50322104370192,127.02503873135461,70.0,52.0,taxi_18,picked
dyn_pax_13,20.0,2026-09-07 09:00:20,-504509918#2,company|restaurant|bus_stop,,398.9694242295193,827.4758220967593,37.49895762305832,127.02530099003066,106.0,86.0,taxi_15,picked
dyn_pax_14,21.0,2026-09-07 09:00:21,-504509918#2,company|restaurant|bus_stop,,398.9694242295193,827.4758220967593,37.49895762305832,127.02530099003066,111.0,90.0,taxi_40,picked
dyn_pax_15,22.0,2026-09-07 09:00:22,-1537068129#0,restaurant,,962.1540281232122,1146.7630824504436,37.50194018104768,127.03159317410272,44.0,22.0,taxi_6,picked
dyn_pax_16,26.0,2026-09-07 09:00:26,178441450#1,residential|company|restaurant|bus_stop,,282.90243066757296,609.4157395563556,37.496971320837204,127.02404044855805,148.0,122.0,taxi_respawn_37,picked
dyn_pax_17,26.0,2026-09-07 09:00:26,117790041#2,restaurant,,441.66460303662666,1376.669936706078,37.50391299976682,127.0256534125234,144.0,118.0,taxi_23,picked
dyn_pax_18,26.0,2026-09-07 09:00:26,417933645#2,residential|company|restaurant,,757.7944798520502,568.4010952306102,37.496691568512986,127.02941943794849,133.0,107.0,taxi_respawn_5,picked
dyn_pax_19,29.0,2026-09-07 09:00:29,1117538958#3,bus_stop,,160.18899290588462,540.6019911995099,37.49632820280781,127.02266936696756,66.0,37.0,taxi_respawn_24,picked
dyn_pax_20,34.0,2026-09-07 09:00:34,521766175#3,company|restaurant|subway_entrance|bus_stop,,373.6701172395771,1298.610217621072,37.50319695740621,127.02490310718325,50.0,16.0,taxi_0,picked
dyn_pax_21,38.0,2026-09-07 09:00:38,521766180#1,company|restaurant|bus_stop,,466.73410130235357,1169.2838037446552,37.502049542882666,127.02598608796039,677.0,639.0,taxi_10,picked
dyn_pax_22,43.0,2026-09-07 09:00:43,309155295#1,restaurant,,764.2225196982893,558.1760304781078,37.4966006705371,127.0294945363528,104.0,61.0,taxi_respawn_35,picked
dyn_pax_23,52.0,2026-09-07 09:00:52,218873820#0,restaurant|subway_entrance|bus_stop,,628.9829311132032,562.4061665928522,37.49661325243901,127.02796447999128,110.0,58.0,taxi_respawn_18,picked
dyn_pax_24,58.0,2026-09-07 09:00:58,218873820#0,restaurant|subway_entrance|bus_stop,,628.9829311132032,562.4061665928522,37.49661325243901,127.02796447999128,115.0,57.0,taxi_1,picked
dyn_pax_25,60.0,2026-09-07 09:01:00,218857636#1,residential|company|restaurant|bus_stop,,297.92905089287035,623.2061345250047,37.49709839153085,127.02420706961871,188.0,128.0,taxi_11,picked
dyn_pax_26,61.0,2026-09-07 09:01:01,521766175#1,company|restaurant|subway_entrance,,332.9365590021661,1411.5585828157227,37.504206724109,127.02441570308932,66.0,5.0,taxi_respawn_8,picked
dyn_pax_27,62.0,2026-09-07 09:01:02,-117823785#1,restaurant,,983.1954817367493,635.6880668681273,37.49734021138362,127.03195197441553,82.0,20.0,taxi_43,picked
dyn_pax_28,63.0,2026-09-07 09:01:03,1229817205#0,company|subway_entrance|bus_stop,,599.2457558679199,652.2907550986157,37.497417346160496,127.02760695963683,137.0,74.0,taxi_12,picked
dyn_pax_29,64.0,2026-09-07 09:01:04,975332778#1,bus_stop,,681.6099970732737,721.9380561808346,37.49806030190971,127.02852170075586,139.0,75.0,taxi_25,picked
dyn_pax_30,65.0,2026-09-07 09:01:05,129731858#2,restaurant,,783.9672744139122,855.548332172334,37.49928322221005,127.02964736483162,118.0,53.0,taxi_29,picked
dyn_pax_31,67.0,2026-09-07 09:01:07,521766175#3,company|restaurant|subway_entrance|bus_stop,,373.6701172395771,1298.610217621072,37.50319695740621,127.02490310718325,78.0,11.0,taxi_38,picked
dyn_pax_32,70.0,2026-09-07 09:01:10,-506191135#2,residential|bus_stop,,236.19733776439384,769.6838415951818,37.49840622577806,127.02347432089968,75.0,5.0,taxi_respawn_28,picked
dyn_pax_33,73.0,2026-09-07 09:01:13,-541692164#2,subway_entrance,,317.7122087179151,1441.0296574375257,37.504469327730426,127.0242365566347,104.0,31.0,taxi_respawn_32,picked
dyn_pax_34,73.0,2026-09-07 09:01:13,-379463134#2,restaurant,,527.5499142349145,1277.2476095039178,37.503033607059436,127.02664812966836,87.0,14.0,taxi_respawn_17,picked
dyn_pax_35,75.0,2026-09-07 09:01:15,523141074#0,company|restaurant|subway_entrance,,524.0338794858329,871.4890157117229,37.4993777454413,127.02670460634431,189.0,114.0,taxi_32,picked
dyn_pax_36,77.0,2026-09-07 09:01:17,218857636#1,residential|company|restaurant|bus_stop,,297.92905089287035,623.2061345250047,37.49709839153085,127.02420706961871,85.0,8.0,taxi_respawn_26,picked
dyn_pax_37,78.0,2026-09-07 09:01:18,506191135#3,residential|company|restaurant|bus_stop,,238.79972345576414,789.4714057742513,37.49858497042428,127.023499044737,87.0,9.0,taxi_respawn_13,picked
dyn_pax_38,79.0,2026-09-07 09:01:19,1229817205#0,company|subway_entrance|bus_stop,,599.2457558679199,652.2907550986157,37.497417346160496,127.02760695963683,112.0,33.0,taxi_respawn_9,picked
dyn_pax_39,81.0,2026-09-07 09:01:21,1229817205#0,company|subway_entrance|bus_stop,,599.2457558679199,652.2907550986157,37.497417346160496,127.02760695963683,148.0,67.0,taxi_31,picked
dyn_pax_40,86.0,2026-09-07 09:01:26,805827757#0,restaurant,,762.3138727549854,912.1862152730512,37.49978934916138,127.02938912364917,120.0,34.0,taxi_42,picked
dyn_pax_41,89.0,2026-09-07 09:01:29,218873820#0,restaurant|subway_entrance|bus_stop,,628.9829311132032,562.4061665928522,37.49661325243901,127.02796447999128,129.0,40.0,taxi_respawn_23,picked
dyn_pax_42,90.0,2026-09-07 09:01:30,521766175#1,company|restaurant|subway_entrance,,332.9365590021661,1411.5585828157227,37.504206724109,127.02441570308932,107.0,17.0,taxi_47,picked
dyn_pax_43,90.0,2026-09-07 09:01:30,129731720#0,residential|company|restaurant,,292.10678712231254,1113.150773394943,37.50151085547559,127.02402489828896,221.0,131.0,taxi_35,picked
dyn_pax_44,93.0,2026-09-07 09:01:33,975332778#1,bus_stop,,681.6099970732737,721.9380561808346,37.49806030190971,127.02852170075586,151.0,58.0,taxi_36,picked
dyn_pax_45,93.0,2026-09-07 09:01:33,417750354#1,restaurant,,919.2899707887079,1024.6134421491665,37.5008317366974,127.03113741131199,130.0,37.0,taxi_respawn_10,picked
dyn_pax_46,93.0,2026-09-07 09:01:33,1117538958#3,bus_stop,,160.18899290588462,540.6019911995099,37.49632820280781,127.02266936696756,99.0,6.0,taxi_13,picked
dyn_pax_47,104.0,2026-09-07 09:01:44,178441450#1,residential|company|restaurant|bus_stop,,282.90243066757296,609.4157395563556,37.496971320837204,127.02404044855805,154.0,50.0,taxi_27,picked
dyn_pax_48,104.0,2026-09-07 09:01:44,129731720#0,residential|company|restaurant,,292.10678712231254,1113.150773394943,37.50151085547559,127.02402489828896,302.0,198.0,taxi_19,picked
dyn_pax_49,105.0,2026-09-07 09:01:45,975332778#0,restaurant,,667.9217791522676,716.9366930139246,37.49801266412058,127.02836812020041,155.0,50.0,taxi_respawn_21,picked
dyn_pax_50,107.0,2026-09-07 09:01:47,520307304#0,school|subway_entrance|bus_stop,,602.6035134310263,763.145495629718,37.498416594724866,127.02761864854104,139.0,32.0,taxi_41,picked
dyn_pax_51,107.0,2026-09-07 09:01:47,521766175#3,company|restaurant|subway_entrance|bus_stop,,373.6701172395771,1298.610217621072,37.50319695740621,127.02490310718325,137.0,30.0,taxi_46,picked
dyn_pax_52,109.0,2026-09-07 09:01:49,417750337#1,restaurant,,654.3039749436668,1311.1147669608317,37.50336263595113,127.02807333923603,119.0,10.0,taxi_26,picked
dyn_pax_53,110.0,2026-09-07 09:01:50,-417933645#1,restaurant,,753.9829961438405,551.6859834676363,37.49654027420169,127.02938030242663,152.0,42.0,taxi_3,picked
dyn_pax_54,112.0,2026-09-07 09:01:52,523141074#0,company|restaurant|subway_entrance,,524.0338794858329,871.4890157117229,37.4993777454413,127.02670460634431,290.0,178.0,taxi_respawn_25,picked
dyn_pax_55,113.0,2026-09-07 09:01:53,117790051#2,restaurant,,558.5532373104973,1361.778638311631,37.503800946163,127.02697864469606,154.0,41.0,taxi_22,picked
dyn_pax_56,115.0,2026-09-07 09:01:55,117790062#7,restaurant,,610.3314045210797,1078.999817662281,37.50126336859982,127.02763115548898,208.0,93.0,taxi_20,picked
dyn_pax_57,116.0,2026-09-07 09:01:56,521766180#1,company|restaurant|bus_stop,,466.73410130235357,1169.2838037446552,37.502049542882666,127.02598608796039,195.0,79.0,taxi_9,picked
dyn_pax_58,118.0,2026-09-07 09:01:58,1376141183#0,bus_stop,,548.2528111146681,901.2117688498424,37.49965007283687,127.02697139402301,223.0,105.0,taxi_respawn_31,picked
dyn_pax_59,119.0,2026-09-07 09:01:59,-506191135#22,residential|company|restaurant|bus_stop,,38.693950105848444,1321.9513167019495,37.50334380565249,127.02110990869835,200.0,81.0,taxi_respawn_36,picked
dyn_pax_60,121.0,2026-09-07 09:02:01,218873820#0,restaurant|subway_entrance|bus_stop,,628.9829311132032,562.4061665928522,37.49661325243901,127.02796447999128,197.0,76.0,taxi_17,picked
dyn_pax_61,124.0,2026-09-07 09:02:04,520307304#0,school|subway_entrance|bus_stop,,602.6035134310263,763.145495629718,37.498416594724866,127.02761864854104,233.0,109.0,taxi_24,picked
dyn_pax_62,124.0,2026-09-07 09:02:04,218877837#0,company,,455.71990885566936,1045.563527646426,37.50093295148158,127.02589090425857,142.0,18.0,taxi_30,picked
dyn_pax_63,127.0,2026-09-07 09:02:07,417933642#2,residential|restaurant,,976.5976168723116,645.9370182109647,37.49743129415275,127.0318749523804,139.0,12.0,taxi_28,picked
dyn_pax_64,129.0,2026-09-07 09:02:09,417933642#0,restaurant|bus_stop,,1041.0954363710525,463.30841921497654,37.49579826441859,127.03264736696761,182.0,53.0,taxi_respawn_4,picked
dyn_pax_65,130.0,2026-09-07 09:02:10,520307304#0,school|subway_entrance|bus_stop,,602.6035134310263,763.145495629718,37.498416594724866,127.02761864854104,315.0,185.0,taxi_44,picked
dyn_pax_66,135.0,2026-09-07 09:02:15,178441450#1,residential|company|restaurant|bus_stop,,282.90243066757296,609.4157395563556,37.496971320837204,127.02404044855805,368.0,233.0,taxi_respawn_22,picked
dyn_pax_67,139.0,2026-09-07 09:02:19,521770119#1,restaurant|bus_stop,,527.3115514435282,995.8620162900467,37.50049875494786,127.02671217090477,232.0,93.0,taxi_48,picked
dyn_pax_68,140.0,2026-09-07 09:02:20,417933646#2,residential|restaurant,,830.3119525357222,594.5819430897021,37.496941093289735,127.0302331440542,164.0,24.0,taxi_respawn_7,picked
dyn_pax_69,141.0,2026-09-07 09:02:21,541692164#1,subway_entrance,,271.6277521231475,1406.6420105391767,37.5041508337347,127.02372362926798,193.0,52.0,taxi_7,picked
dyn_pax_70,144.0,2026-09-07 09:02:24,1376141183#0,bus_stop,,548.2528111146681,901.2117688498424,37.49965007283687,127.02697139402301,173.0,29.0,taxi_respawn_3,picked
dyn_pax_71,145.0,2026-09-07 09:02:25,178441450#1,residential|company|restaurant|bus_stop,,282.90243066757296,609.4157395563556,37.496971320837204,127.02404044855805,180.0,35.0,taxi_33,picked
dyn_pax_72,145.0,2026-09-07 09:02:25,-504509918#2,company|restaurant|bus_stop,,398.9694242295193,827.4758220967593,37.49895762305832,127.02530099003066,187.0,42.0,taxi_49,picked
dyn_pax_73,147.0,2026-09-07 09:02:27,520307304#0,school|subway_entrance|bus_stop,,602.6035134310263,763.145495629718,37.498416594724866,127.02761864854104,208.0,61.0,taxi_respawn_19,picked
dyn_pax_74,149.0,2026-09-07 09:02:29,975332778#1,bus_stop,,681.6099970732737,721.9380561808346,37.49806030190971,127.02852170075586,255.0,106.0,taxi_39,picked
dyn_pax_75,150.0,2026-09-07 09:02:30,520307304#0,school|subway_entrance|bus_stop,,602.6035134310263,763.145495629718,37.498416594724866,127.02761864854104,257.0,107.0,taxi_respawn_1,picked
dyn_pax_76,152.0,2026-09-07 09:02:32,520307304#0,school|subway_entrance|bus_stop,,602.6035134310263,763.145495629718,37.498416594724866,127.02761864854104,253.0,101.0,taxi_2,picked
dyn_pax_77,157.0,2026-09-07 09:02:37,218857636#1,residential|company|restaurant|bus_stop,,297.92905089287035,623.2061345250047,37.49709839153085,127.02420706961871,248.0,91.0,taxi_37,picked
dyn_pax_78,157.0,2026-09-07 09:02:37,-557469234,restaurant,,929.7298817515857,1030.9986809445256,37.50089122514563,127.03125394368278,308.0,151.0,taxi_respawn_27,picked
dyn_pax_79,159.0,2026-09-07 09:02:39,417933642#0,restaurant|bus_stop,,1041.0954363710525,463.30841921497654,37.49579826441859,127.03264736696761,310.0,151.0,taxi_respawn_14,picked
dyn_pax_80,161.0,2026-09-07 09:02:41,1117538957#3,restaurant|subway_entrance|bus_stop,,465.5082521847807,644.8780924026132,37.49732530507706,127.02609663221197,290.0,129.0,taxi_respawn_11,picked
dyn_pax_81,161.0,2026-09-07 09:02:41,239962780#1,company|restaurant,,78.091042197054,1418.7355011637856,37.504223128704645,127.02153236485597,214.0,53.0,taxi_respawn_2,picked
dyn_pax_82,162.0,2026-09-07 09:02:42,375049565#6,restaurant|subway_entrance|bus_stop,,789.5153251748014,798.8522330112556,37.49877353199428,127.02972351946808,289.0,127.0,taxi_respawn_20,picked
dyn_pax_83,164.0,2026-09-07 09:02:44,521766175#3,company|restaurant|subway_entrance|bus_stop,,373.6701172395771,1298.610217621072,37.50319695740621,127.02490310718325,198.0,34.0,taxi_respawn_33,picked
dyn_pax_84,164.0,2026-09-07 09:02:44,521766175#3,company|restaurant|subway_entrance|bus_stop,,373.6701172395771,1298.610217621072,37.50319695740621,127.02490310718325,226.0,62.0,taxi_45,picked
dyn_pax_85,164.0,2026-09-07 09:02:44,521766175#3,company|restaurant|subway_entrance|bus_stop,,373.6701172395771,1298.610217621072,37.50319695740621,127.02490310718325,215.0,51.0,taxi_respawn_38,picked
dyn_pax_86,167.0,2026-09-07 09:02:47,521766175#3,company|restaurant|subway_entrance|bus_stop,,373.6701172395771,1298.610217621072,37.50319695740621,127.02490310718325,220.0,53.0,taxi_14,picked
dyn_pax_87,168.0,2026-09-07 09:02:48,375049565#6,restaurant|subway_entrance|bus_stop,,789.5153251748014,798.8522330112556,37.49877353199428,127.02972351946808,294.0,126.0,taxi_21,picked
dyn_pax_88,170.0,2026-09-07 09:02:50,-506191135#2,residential|bus_stop,,236.19733776439384,769.6838415951818,37.49840622577806,127.02347432089968,240.0,70.0,taxi_respawn_15,picked
dyn_pax_89,170.0,2026-09-07 09:02:50,-309155295#2,restaurant,,851.6644930724242,598.8503866590313,37.496983571544654,127.03047355257749,297.0,127.0,taxi_34,picked
dyn_pax_90,172.0,2026-09-07 09:02:52,1376141183#0,bus_stop,,548.2528111146681,901.2117688498424,37.49965007283687,127.02697139402301,495.0,323.0,taxi_respawn_6,picked
dyn_pax_91,173.0,2026-09-07 09:02:53,305539406,company|restaurant|subway_entrance,,566.389495917364,736.5285064605782,37.49816998085155,127.02721550408178,323.0,150.0,taxi_7,picked
dyn_pax_92,175.0,2026-09-07 09:02:55,218857636#1,residential|company|restaurant|bus_stop,,297.92905089287035,623.2061345250047,37.49709839153085,127.02420706961871,325.0,150.0,taxi_46,picked
dyn_pax_93,181.0,2026-09-07 09:03:01,-504509918#2,company|restaurant|bus_stop,,398.9694242295193,827.4758220967593,37.49895762305832,127.02530099003066,,,,timeout
dyn_pax_94,182.0,2026-09-07 09:03:02,521770116#2,company|restaurant|bus_stop,,432.3182248087171,1108.514093563608,37.50149560521279,127.02561136613096,231.0,49.0,taxi_respawn_13,picked
dyn_pax_95,183.0,2026-09-07 09:03:03,-309155295#4,residential|restaurant,,966.4689567179357,639.4784987131154,37.49737120494098,127.0317619612052,245.0,62.0,taxi_respawn_16,picked
dyn_pax_96,187.0,2026-09-07 09:03:07,305539406,company|restaurant|subway_entrance,,566.389495917364,736.5285064605782,37.49816998085155,127.02721550408178,,,,timeout
dyn_pax_97,187.0,2026-09-07 09:03:07,521766175#1,company|restaurant|subway_entrance,,332.9365590021661,1411.5585828157227,37.504206724109,127.02441570308932,381.0,194.0,taxi_47,picked
dyn_pax_98,190.0,2026-09-07 09:03:10,1376141183#0,bus_stop,,548.2528111146681,901.2117688498424,37.49965007283687,127.02697139402301,,,,timeout
dyn_pax_99,191.0,2026-09-07 09:03:11,375049565#6,restaurant|subway_entrance|bus_stop,,789.5153251748014,798.8522330112556,37.49877353199428,127.02972351946808,,,,timeout
dyn_pax_100,193.0,2026-09-07 09:03:13,521766175#3,company|restaurant|subway_entrance|bus_stop,,373.6701172395771,1298.610217621072,37.50319695740621,127.02490310718325,,,,timeout
dyn_pax_101,194.0,2026-09-07 09:03:14,521766175#3,company|restaurant|subway_entrance|bus_stop,,373.6701172395771,1298.610217621072,37.50319695740621,127.02490310718325,243.0,49.0,taxi_respawn_24,picked
dyn_pax_102,194.0,2026-09-07 09:03:14,-805827765,restaurant,,955.7439147780814,1157.0835718820576,37.50203194319751,127.03151825266303,277.0,83.0,taxi_26,picked
dyn_pax_103,195.0,2026-09-07 09:03:15,375049565#6,restaurant|subway_entrance|bus_stop,,789.5153251748014,798.8522330112556,37.49877353199428,127.02972351946808,240.0,45.0,taxi_4,picked
dyn_pax_104,201.0,2026-09-07 09:03:21,1229817205#1,residential|bus_stop,,631.6400080768872,572.7061575261558,37.49670653972221,127.02799208080955,279.0,78.0,taxi_6,picked
dyn_pax_105,202.0,2026-09-07 09:03:22,417933642#0,restaurant|bus_stop,,1041.0954363710525,463.30841921497654,37.49579826441859,127.03264736696761,618.0,416.0,taxi_respawn_1,picked
dyn_pax_106,204.0,2026-09-07 09:03:24,506191135#3,residential|company|restaurant|bus_stop,,238.79972345576414,789.4714057742513,37.49858497042428,127.023499044737,420.0,216.0,taxi_33,picked
dyn_pax_107,206.0,2026-09-07 09:03:26,417750342#0,residential,,845.3624953099543,1340.16590884019,37.50366039527634,127.03022681464076,285.0,79.0,taxi_42,picked
dyn_pax_108,207.0,2026-09-07 09:03:27,-504509918#2,company|restaurant|bus_stop,,398.9694242295193,827.4758220967593,37.49895762305832,127.02530099003066,422.0,215.0,taxi_40,picked
dyn_pax_109,208.0,2026-09-07 09:03:28,506191135#3,residential|company|restaurant|bus_stop,,238.79972345576414,789.4714057742513,37.49858497042428,127.023499044737,430.0,222.0,taxi_respawn_18,picked
dyn_pax_110,209.0,2026-09-07 09:03:29,375049565#6,restaurant|subway_entrance|bus_stop,,789.5153251748014,798.8522330112556,37.49877353199428,127.02972351946808,300.0,91.0,taxi_5,picked
dyn_pax_111,209.0,2026-09-07 09:03:29,117790045#3,restaurant,,504.6202003222114,1382.6101305390487,37.50397841113055,127.02636386411817,347.0,138.0,taxi_respawn_21,picked
dyn_pax_112,210.0,2026-09-07 09:03:30,521766175#3,company|restaurant|subway_entrance|bus_stop,,373.6701172395771,1298.610217621072,37.50319695740621,127.02490310718325,551.0,341.0,taxi_23,picked
dyn_pax_113,210.0,2026-09-07 09:03:30,542367267#1,company|restaurant,,199.26981683313872,1381.121508122661,37.50390724154084,127.02291151664822,227.0,17.0,taxi_respawn_32,picked
dyn_pax_114,211.0,2026-09-07 09:03:31,375049565#6,restaurant|subway_entrance|bus_stop,,789.5153251748014,798.8522330112556,37.49877353199428,127.02972351946808,348.0,137.0,taxi_3,picked
dyn_pax_115,213.0,2026-09-07 09:03:33,1376141183#0,bus_stop,,548.2528111146681,901.2117688498424,37.49965007283687,127.02697139402301,431.0,218.0,taxi_28,picked
dyn_pax_116,220.0,2026-09-07 09:03:40,521766175#3,company|restaurant|subway_entrance|bus_stop,,373.6701172395771,1298.610217621072,37.50319695740621,127.02490310718325,633.0,413.0,taxi_respawn_28,picked
dyn_pax_117,221.0,2026-09-07 09:03:41,-379232155,restaurant,,999.2800162208075,449.1965960198298,37.495663263085994,127.03217793178025,243.0,22.0,taxi_respawn_34,picked
dyn_pax_118,224.0,2026-09-07 09:03:44,1229817205#0,company|subway_entrance|bus_stop,,599.2457558679199,652.2907550986157,37.497417346160496,127.02760695963683,450.0,226.0,taxi_respawn_26,picked
dyn_pax_119,225.0,2026-09-07 09:03:45,521766175#3,company|restaurant|subway_entrance|bus_stop,,373.6701172395771,1298.610217621072,37.50319695740621,127.02490310718325,,,,timeout
dyn_pax_120,225.0,2026-09-07 09:03:45,521766175#1,company|restaurant|subway_entrance,,332.9365590021661,1411.5585828157227,37.504206724109,127.02441570308932,738.0,513.0,taxi_13,picked
dyn_pax_121,227.0,2026-09-07 09:03:47,521770116#2,company|restaurant|bus_stop,,432.3182248087171,1108.514093563608,37.50149560521279,127.02561136613096,490.0,263.0,taxi_29,picked
dyn_pax_122,231.0,2026-09-07 09:03:51,-506191135#2,residential|bus_stop,,236.19733776439384,769.6838415951818,37.49840622577806,127.02347432089968,,,,timeout
dyn_pax_123,232.0,2026-09-07 09:03:52,-379232155,restaurant,,999.2800162208075,449.1965960198298,37.495663263085994,127.03217793178025,,,,timeout
dyn_pax_124,236.0,2026-09-07 09:03:56,1117538957#3,restaurant|subway_entrance|bus_stop,,465.5082521847807,644.8780924026132,37.49732530507706,127.02609663221197,393.0,157.0,taxi_45,picked
dyn_pax_125,236.0,2026-09-07 09:03:56,-417933645#2,company|restaurant|subway_entrance,,701.1658676593129,719.5455833044954,37.49804244093877,127.02874337560036,269.0,33.0,taxi_0,picked
dyn_pax_126,237.0,2026-09-07 09:03:57,506191135#3,residential|company|restaurant|bus_stop,,238.79972345576414,789.4714057742513,37.49858497042428,127.023499044737,684.0,447.0,taxi_respawn_27,picked
dyn_pax_127,239.0,2026-09-07 09:03:59,521770119#1,restaurant|bus_stop,,527.3115514435282,995.8620162900467,37.50049875494786,127.02671217090477,329.0,90.0,taxi_30,picked
dyn_pax_128,239.0,2026-09-07 09:03:59,-417750337#0,restaurant,,672.8749254632385,1321.3640627464144,37.50345847130562,127.02828089713113,387.0,148.0,taxi_respawn_10,picked
dyn_pax_129,240.0,2026-09-07 09:04:00,218873820#0,restaurant|subway_entrance|bus_stop,,628.9829311132032,562.4061665928522,37.49661325243901,127.02796447999128,556.0,316.0,taxi_respawn_16,picked
dyn_pax_130,242.0,2026-09-07 09:04:02,-542367267#1,bus_stop,,247.51018316686128,1414.7184918773391,37.504219024473855,127.02344900430944,592.0,350.0,taxi_respawn_18,picked
dyn_pax_131,245.0,2026-09-07 09:04:05,-417933645#2,company|restaurant|subway_entrance,,701.1658676593129,719.5455833044954,37.49804244093877,127.02874337560036,376.0,131.0,taxi_39,picked
dyn_pax_132,245.0,2026-09-07 09:04:05,1117538958#2,company,,104.12900552775619,520.131995808405,37.496133188537314,127.02204040818502,369.0,124.0,taxi_respawn_5,picked
dyn_pax_133,247.0,2026-09-07 09:04:07,1376141182#0,bus_stop,,385.7154046370183,1301.0311255965628,37.50322104370192,127.02503873135461,840.0,593.0,taxi_respawn_4,picked
dyn_pax_134,247.0,2026-09-07 09:04:07,521766182#1,company|restaurant|subway_entrance,,681.695169875507,539.6867345716422,37.496418539503196,127.02856584056028,315.0,68.0,taxi_respawn_37,picked
dyn_pax_135,250.0,2026-09-07 09:04:10,506191135#3,residential|company|restaurant|bus_stop,,238.79972345576414,789.4714057742513,37.49858497042428,127.023499044737,,,,timeout
dyn_pax_136,251.0,2026-09-07 09:04:11,975332778#1,bus_stop,,681.6099970732737,721.9380561808346,37.49806030190971,127.02852170075586,415.0,164.0,taxi_43,picked
dyn_pax_137,252.0,2026-09-07 09:04:12,239962780#1,company|restaurant,,78.091042197054,1418.7355011637856,37.504223128704645,127.02153236485597,301.0,49.0,taxi_respawn_8,picked
dyn_pax_138,253.0,2026-09-07 09:04:13,1229817205#1,residential|bus_stop,,631.6400080768872,572.7061575261558,37.49670653972221,127.02799208080955,544.0,291.0,taxi_respawn_29,picked
dyn_pax_139,254.0,2026-09-07 09:04:14,494824662#3,company|restaurant|subway_entrance,,729.424850252167,406.6843378518681,37.49522941823122,127.02913698209235,368.0,114.0,taxi_respawn_17,picked
dyn_pax_140,257.0,2026-09-07 09:04:17,521766180#1,company|restaurant|bus_stop,,466.73410130235357,1169.2838037446552,37.502049542882666,127.02598608796039,983.0,726.0,taxi_respawn_7,picked
dyn_pax_141,259.0,2026-09-07 09:04:19,-504509918#2,company|restaurant|bus_stop,,398.9694242295193,827.4758220967593,37.49895762305832,127.02530099003066,517.0,258.0,taxi_respawn_8,picked
dyn_pax_142,260.0,2026-09-07 09:04:20,218864491#0,restaurant|bus_stop,,769.9803916976219,760.1217113917903,37.49842094941813,127.02951181742357,513.0,253.0,taxi_respawn_36,picked
dyn_pax_143,262.0,2026-09-07 09:04:22,1117538957#3,restaurant|subway_entrance|bus_stop,,465.5082521847807,644.8780924026132,37.49732530507706,127.02609663221197,404.0,142.0,taxi_11,picked
dyn_pax_144,263.0,2026-09-07 09:04:23,480850873,company|restaurant|bus_stop,,548.1935052770749,708.5896639848544,37.49791486187585,127.0270163956136,855.0,592.0,taxi_respawn_25,picked
dyn_pax_145,270.0,2026-09-07 09:04:30,521766175#3,company|restaurant|subway_entrance|bus_stop,,373.6701172395771,1298.610217621072,37.50319695740621,127.02490310718325,,,,timeout
dyn_pax_146,270.0,2026-09-07 09:04:30,129731859#6,restaurant,,984.8051641629477,982.1134039896856,37.50046123095764,127.0318882391282,335.0,65.0,taxi_respawn_35,picked
dyn_pax_147,271.0,2026-09-07 09:04:31,-417750354#1,restaurant,,946.150029211292,974.2465578508335,37.500383078435064,127.03145303198383,324.0,53.0,taxi_respawn_28,picked
dyn_pax_148,273.0,2026-09-07 09:04:33,506191135#3,residential|company|restaurant|bus_stop,,238.79972345576414,789.4714057742513,37.49858497042428,127.023499044737,,,,timeout
dyn_pax_149,274.0,2026-09-07 09:04:34,480850873,company|restaurant|bus_stop,,548.1935052770749,708.5896639848544,37.49791486187585,127.0270163956136,1033.0,759.0,taxi_35,picked
dyn_pax_150,275.0,2026-09-07 09:04:35,-506191135#22,residential|company|restaurant|bus_stop,,38.693950105848444,1321.9513167019495,37.50334380565249,127.02110990869835,380.0,105.0,taxi_1,picked
dyn_pax_151,276.0,2026-09-07 09:04:36,218873820#0,restaurant|subway_entrance|bus_stop,,628.9829311132032,562.4061665928522,37.49661325243901,127.02796447999128,,,,timeout
dyn_pax_152,277.0,2026-09-07 09:04:37,-309155295#4,residential|restaurant,,966.4689567179357,639.4784987131154,37.49737120494098,127.0317619612052,352.0,75.0,taxi_15,picked
dyn_pax_153,278.0,2026-09-07 09:04:38,1376141183#0,bus_stop,,548.2528111146681,901.2117688498424,37.49965007283687,127.02697139402301,437.0,159.0,taxi_12,picked
dyn_pax_154,278.0,2026-09-07 09:04:38,-129731852,restaurant,,721.4959946165901,929.589824990092,37.499938423771525,127.02892348366522,,,,timeout
dyn_pax_155,280.0,2026-09-07 09:04:40,218864491#0,restaurant|bus_stop,,769.9803916976219,760.1217113917903,37.49842094941813,127.02951181742357,710.0,430.0,taxi_respawn_5,picked
dyn_pax_156,281.0,2026-09-07 09:04:41,541692164#1,subway_entrance,,271.6277521231475,1406.6420105391767,37.5041508337347,127.02372362926798,,,,timeout
dyn_pax_157,283.0,2026-09-07 09:04:43,521766175#3,company|restaurant|subway_entrance|bus_stop,,373.6701172395771,1298.610217621072,37.50319695740621,127.02490310718325,,,,timeout
dyn_pax_158,284.0,2026-09-07 09:04:44,521770119#3,restaurant,,495.372237145516,1095.557338436544,37.501390805360316,127.0263273901891,,,,timeout
dyn_pax_159,285.0,2026-09-07 09:04:45,218873820#0,restaurant|subway_entrance|bus_stop,,628.9829311132032,562.4061665928522,37.49661325243901,127.02796447999128,,,,timeout
dyn_pax_160,286.0,2026-09-07 09:04:46,-417933646#4,company|restaurant,,761.9867537178288,747.7080569325292,37.49830761500862,127.02942437673002,488.0,202.0,taxi_26,picked
dyn_pax_161,288.0,2026-09-07 09:04:48,305539406,company|restaurant|subway_entrance,,566.389495917364,736.5285064605782,37.49816998085155,127.02721550408178,315.0,27.0,taxi_respawn_33,picked
dyn_pax_162,291.0,2026-09-07 09:04:51,521770116#2,company|restaurant|bus_stop,,432.3182248087171,1108.514093563608,37.50149560521279,127.02561136613096,416.0,125.0,taxi_38,picked
dyn_pax_163,292.0,2026-09-07 09:04:52,-129731717#1,residential|company|restaurant,,188.433090102474,1374.3511058470413,37.503844200149025,127.0227905913032,551.0,259.0,taxi_respawn_14,picked
dyn_pax_164,294.0,2026-09-07 09:04:54,506191135#3,residential|company|restaurant|bus_stop,,238.79972345576414,789.4714057742513,37.49858497042428,127.023499044737,804.0,510.0,taxi_respawn_13,picked
dyn_pax_165,296.0,2026-09-07 09:04:56,218873820#0,restaurant|subway_entrance|bus_stop,,628.9829311132032,562.4061665928522,37.49661325243901,127.02796447999128,,,,timeout
dyn_pax_166,297.0,2026-09-07 09:04:57,521770116#2,company|restaurant|bus_stop,,432.3182248087171,1108.514093563608,37.50149560521279,127.02561136613096,474.0,177.0,taxi_22,picked
dyn_pax_167,299.0,2026-09-07 09:04:59,480850873,company|restaurant|bus_stop,,548.1935052770749,708.5896639848544,37.49791486187585,127.0270163956136,542.0,243.0,taxi_respawn_20,picked
dyn_pax_168,299.0,2026-09-07 09:04:59,-1537068129#0,restaurant,,962.1540281232122,1146.7630824504436,37.50194018104768,127.03159317410272,603.0,304.0,taxi_18,picked
dyn_pax_169,303.0,2026-09-07 09:05:03,218873820#0,restaurant|subway_entrance|bus_stop,,628.9829311132032,562.4061665928522,37.49661325243901,127.02796447999128,,,,timeout
dyn_pax_170,303.0,2026-09-07 09:05:03,542367267#1,company|restaurant,,199.26981683313872,1381.121508122661,37.50390724154084,127.02291151664822,544.0,241.0,taxi_respawn_3,picked
dyn_pax_171,306.0,2026-09-07 09:05:06,218877837#2,company|restaurant|bus_stop,,479.4555212141038,978.0213907550284,37.500328997763305,127.02617530290202,317.0,11.0,taxi_respawn_13,picked
dyn_pax_172,306.0,2026-09-07 09:05:06,-506191135#2,residential|bus_stop,,236.19733776439384,769.6838415951818,37.49840622577806,127.02347432089968,,,,timeout
dyn_pax_173,310.0,2026-09-07 09:05:10,521766182#1,company|restaurant|subway_entrance,,681.695169875507,539.6867345716422,37.496418539503196,127.02856584056028,372.0,62.0,taxi_respawn_6,picked
dyn_pax_174,311.0,2026-09-07 09:05:11,1229817205#1,residential|bus_stop,,631.6400080768872,572.7061575261558,37.49670653972221,127.02799208080955,349.0,38.0,taxi_16,picked
dyn_pax_175,311.0,2026-09-07 09:05:11,117790039#0,restaurant,,1059.1652257347846,901.0190091909938,37.49974471524068,127.0327481916661,665.0,354.0,taxi_41,picked
dyn_pax_176,312.0,2026-09-07 09:05:12,521766175#3,company|restaurant|subway_entrance|bus_stop,,373.6701172395771,1298.610217621072,37.50319695740621,127.02490310718325,,,,timeout
dyn_pax_177,318.0,2026-09-07 09:05:18,521766180#1,company|restaurant|bus_stop,,466.73410130235357,1169.2838037446552,37.502049542882666,127.02598608796039,1292.0,974.0,taxi_49,picked
dyn_pax_178,319.0,2026-09-07 09:05:19,521766175#1,company|restaurant|subway_entrance,,332.9365590021661,1411.5585828157227,37.504206724109,127.02441570308932,531.0,212.0,taxi_respawn_34,picked
dyn_pax_179,320.0,2026-09-07 09:05:20,375049565#6,restaurant|subway_entrance|bus_stop,,789.5153251748014,798.8522330112556,37.49877353199428,127.02972351946808,353.0,33.0,taxi_23,picked
dyn_pax_180,320.0,2026-09-07 09:05:20,494824662#3,company|restaurant|subway_entrance,,729.424850252167,406.6843378518681,37.49522941823122,127.02913698209235,578.0,258.0,taxi_respawn_33,picked
dyn_pax_181,321.0,2026-09-07 09:05:21,129731834#0,school,,229.35227593843302,780.2499709424674,37.498500113124294,127.02339441737757,423.0,102.0,taxi_respawn_24,picked
dyn_pax_182,322.0,2026-09-07 09:05:22,480850873,company|restaurant|bus_stop,,548.1935052770749,708.5896639848544,37.49791486187585,127.0270163956136,1350.0,1028.0,taxi_respawn_15,picked
dyn_pax_183,322.0,2026-09-07 09:05:22,990628460#0,restaurant,,624.9193131653682,704.9656163236222,37.49789670602668,127.02788475117727,594.0,272.0,taxi_30,picked
dyn_pax_184,323.0,2026-09-07 09:05:23,178441450#1,residential|company|restaurant|bus_stop,,282.90243066757296,609.4157395563556,37.496971320837204,127.02404044855805,506.0,183.0,taxi_respawn_13,picked
dyn_pax_185,324.0,2026-09-07 09:05:24,417731530,company|restaurant,,191.66975375905443,1429.5779711342507,37.5043423120142,127.02281406437154,632.0,308.0,taxi_2,picked
dyn_pax_186,325.0,2026-09-07 09:05:25,-417750354#1,restaurant,,946.150029211292,974.2465578508335,37.500383078435064,127.03145303198383,400.0,75.0,taxi_respawn_9,picked
dyn_pax_187,326.0,2026-09-07 09:05:26,218873820#0,restaurant|subway_entrance|bus_stop,,628.9829311132032,562.4061665928522,37.49661325243901,127.02796447999128,,,,timeout
dyn_pax_188,327.0,2026-09-07 09:05:27,-523141073,residential|company,,283.47995026542384,1109.9635024546676,37.50148051131825,127.02392811188028,542.0,215.0,taxi_9,picked
dyn_pax_189,328.0,2026-09-07 09:05:28,1117538958#3,bus_stop,,160.18899290588462,540.6019911995099,37.49632820280781,127.02266936696756,375.0,47.0,taxi_18,picked
dyn_pax_190,328.0,2026-09-07 09:05:28,117823785#0,company|restaurant,,1360.8740206736493,851.0492627492013,37.499351351792384,127.0361713398344,,,,timeout
dyn_pax_191,329.0,2026-09-07 09:05:29,521766182#1,company|restaurant|subway_entrance,,681.695169875507,539.6867345716422,37.496418539503196,127.02856584056028,390.0,61.0,taxi_34,picked
dyn_pax_192,329.0,2026-09-07 09:05:29,417750342#0,residential,,845.3624953099543,1340.16590884019,37.50366039527634,127.03022681464076,598.0,269.0,taxi_3,picked
dyn_pax_193,331.0,2026-09-07 09:05:31,521766175#3,company|restaurant|subway_entrance|bus_stop,,373.6701172395771,1298.610217621072,37.50319695740621,127.02490310718325,,,,timeout
dyn_pax_194,332.0,2026-09-07 09:05:32,417933642#0,restaurant|bus_stop,,1041.0954363710525,463.30841921497654,37.49579826441859,127.03264736696761,839.0,507.0,taxi_9,picked
dyn_pax_195,332.0,2026-09-07 09:05:32,375049565#2,restaurant,,1048.966709229659,894.5327467658005,37.49968436369115,127.03263441305876,475.0,143.0,taxi_21,picked
dyn_pax_196,334.0,2026-09-07 09:05:34,521766182#1,company|restaurant|subway_entrance,,681.695169875507,539.6867345716422,37.496418539503196,127.02856584056028,617.0,283.0,taxi_44,picked
dyn_pax_197,335.0,2026-09-07 09:05:35,1229817205#0,company|subway_entrance|bus_stop,,599.2457558679199,652.2907550986157,37.497417346160496,127.02760695963683,641.0,306.0,taxi_respawn_31,picked
dyn_pax_198,336.0,2026-09-07 09:05:36,417933645#2,residential|company|restaurant,,757.7944798520502,568.4010952306102,37.496691568512986,127.02941943794849,347.0,11.0,taxi_27,picked
dyn_pax_199,337.0,2026-09-07 09:05:37,480850873,company|restaurant|bus_stop,,548.1935052770749,708.5896639848544,37.49791486187585,127.0270163956136,,,,unpicked
dyn_pax_200,339.0,2026-09-07 09:05:39,975332778#1,bus_stop,,681.6099970732737,721.9380561808346,37.49806030190971,127.02852170075586,479.0,140.0,taxi_respawn_32,picked
dyn_pax_201,342.0,2026-09-07 09:05:42,1376141183#0,bus_stop,,548.2528111146681,901.2117688498424,37.49965007283687,127.02697139402301,444.0,102.0,taxi_14,picked
dyn_pax_202,343.0,2026-09-07 09:05:43,1117538957#3,restaurant|subway_entrance|bus_stop,,465.5082521847807,644.8780924026132,37.49732530507706,127.02609663221197,380.0,37.0,taxi_respawn_4,picked
dyn_pax_203,344.0,2026-09-07 09:05:44,417731530,company|restaurant,,191.66975375905443,1429.5779711342507,37.5043423120142,127.02281406437154,732.0,388.0,taxi_46,picked
dyn_pax_204,346.0,2026-09-07 09:05:46,305539406,company|restaurant|subway_entrance,,566.389495917364,736.5285064605782,37.49816998085155,127.02721550408178,570.0,224.0,taxi_respawn_24,picked
dyn_pax_205,347.0,2026-09-07 09:05:47,218857636#1,residential|company|restaurant|bus_stop,,297.92905089287035,623.2061345250047,37.49709839153085,127.02420706961871,,,,timeout
dyn_pax_206,352.0,2026-09-07 09:05:52,1376141183#0,bus_stop,,548.2528111146681,901.2117688498424,37.49965007283687,127.02697139402301,455.0,103.0,taxi_31,picked
dyn_pax_207,353.0,2026-09-07 09:05:53,975332778#0,restaurant,,667.9217791522676,716.9366930139246,37.49801266412058,127.02836812020041,756.0,403.0,taxi_29,picked
dyn_pax_208,354.0,2026-09-07 09:05:54,417933642#0,restaurant|bus_stop,,1041.0954363710525,463.30841921497654,37.49579826441859,127.03264736696761,853.0,499.0,taxi_12,picked
dyn_pax_209,355.0,2026-09-07 09:05:55,-129731717#1,residential|company|restaurant,,188.433090102474,1374.3511058470413,37.503844200149025,127.0227905913032,705.0,350.0,taxi_22,picked
dyn_pax_210,357.0,2026-09-07 09:05:57,521766175#3,company|restaurant|subway_entrance|bus_stop,,373.6701172395771,1298.610217621072,37.50319695740621,127.02490310718325,,,,timeout
dyn_pax_211,357.0,2026-09-07 09:05:57,218877837#2,company|restaurant|bus_stop,,479.4555212141038,978.0213907550284,37.500328997763305,127.02617530290202,419.0,62.0,taxi_respawn_23,picked
dyn_pax_212,358.0,2026-09-07 09:05:58,375049565#6,restaurant|subway_entrance|bus_stop,,789.5153251748014,798.8522330112556,37.49877353199428,127.02972351946808,471.0,113.0,taxi_respawn_30,picked
dyn_pax_213,358.0,2026-09-07 09:05:58,480850873,company|restaurant|bus_stop,,548.1935052770749,708.5896639848544,37.49791486187585,127.0270163956136,722.0,364.0,taxi_32,picked
dyn_pax_214,361.0,2026-09-07 09:06:01,-542367267#1,bus_stop,,247.51018316686128,1414.7184918773391,37.504219024473855,127.02344900430944,597.0,236.0,taxi_24,picked
dyn_pax_215,361.0,2026-09-07 09:06:01,129731834#0,school,,229.35227593843302,780.2499709424674,37.498500113124294,127.02339441737757,,,,timeout
dyn_pax_216,362.0,2026-09-07 09:06:02,-504509918#2,company|restaurant|bus_stop,,398.9694242295193,827.4758220967593,37.49895762305832,127.02530099003066,546.0,184.0,taxi_respawn_5,picked
dyn_pax_217,364.0,2026-09-07 09:06:04,417933642#2,residential|restaurant,,976.5976168723116,645.9370182109647,37.49743129415275,127.0318749523804,435.0,71.0,taxi_32,picked
dyn_pax_218,365.0,2026-09-07 09:06:05,-506191135#22,residential|company|restaurant|bus_stop,,38.693950105848444,1321.9513167019495,37.50334380565249,127.02110990869835,717.0,352.0,taxi_25,picked
dyn_pax_219,366.0,2026-09-07 09:06:06,-542367267#1,bus_stop,,247.51018316686128,1414.7184918773391,37.504219024473855,127.02344900430944,748.0,382.0,taxi_respawn_14,picked
dyn_pax_220,368.0,2026-09-07 09:06:08,218864491#0,restaurant|bus_stop,,769.9803916976219,760.1217113917903,37.49842094941813,127.02951181742357,811.0,443.0,taxi_14,picked
dyn_pax_221,368.0,2026-09-07 09:06:08,-1011529829#3,residential|restaurant,,246.84006179949273,776.1178104815556,37.49846619888778,127.02359312469504,413.0,45.0,taxi_35,picked
dyn_pax_222,368.0,2026-09-07 09:06:08,521766175#1,company|restaurant|subway_entrance,,332.9365590021661,1411.5585828157227,37.504206724109,127.02441570308932,,,,timeout
dyn_pax_223,369.0,2026-09-07 09:06:09,218857636#1,residential|company|restaurant|bus_stop,,297.92905089287035,623.2061345250047,37.49709839153085,127.02420706961871,,,,timeout
dyn_pax_224,371.0,2026-09-07 09:06:11,-504509918#2,company|restaurant|bus_stop,,398.9694242295193,827.4758220967593,37.49895762305832,127.02530099003066,691.0,320.0,taxi_0,picked
dyn_pax_225,378.0,2026-09-07 09:06:18,-117790045#0,restaurant,,544.8147652988505,1238.053441474183,37.50268379633789,127.0268526423962,507.0,129.0,taxi_respawn_35,picked
dyn_pax_226,381.0,2026-09-07 09:06:21,379463134#0,company,,445.604196565268,1237.9330600893716,37.50266396162017,127.02573088108544,515.0,134.0,taxi_respawn_37,picked
dyn_pax_227,383.0,2026-09-07 09:06:23,520307304#0,school|subway_entrance|bus_stop,,602.6035134310263,763.145495629718,37.498416594724866,127.02761864854104,,,,timeout
dyn_pax_228,383.0,2026-09-07 09:06:23,-417933645#2,company|restaurant|subway_entrance,,701.1658676593129,719.5455833044954,37.49804244093877,127.02874337560036,401.0,18.0,taxi_respawn_36,picked
dyn_pax_229,384.0,2026-09-07 09:06:24,305539406,company|restaurant|subway_entrance,,566.389495917364,736.5285064605782,37.49816998085155,127.02721550408178,630.0,246.0,taxi_17,picked
dyn_pax_230,386.0,2026-09-07 09:06:26,520307304#0,school|subway_entrance|bus_stop,,602.6035134310263,763.145495629718,37.498416594724866,127.02761864854104,,,,timeout
dyn_pax_231,390.0,2026-09-07 09:06:30,-26163000#3,restaurant,,588.7487146070255,1286.0705793093782,37.50312464930957,127.02733802606956,444.0,54.0,taxi_5,picked
dyn_pax_232,395.0,2026-09-07 09:06:35,375049565#6,restaurant|subway_entrance|bus_stop,,789.5153251748014,798.8522330112556,37.49877353199428,127.02972351946808,480.0,85.0,taxi_37,picked
dyn_pax_233,396.0,2026-09-07 09:06:36,379463134#4,restaurant,,574.4815382344308,1284.0756787717605,37.50310398350559,127.02717717678497,499.0,103.0,taxi_respawn_21,picked
dyn_pax_234,404.0,2026-09-07 09:06:44,-417933645#2,company|restaurant|subway_entrance,,701.1658676593129,719.5455833044954,37.49804244093877,127.02874337560036,498.0,94.0,taxi_42,picked
dyn_pax_235,407.0,2026-09-07 09:06:47,-417933645#2,company|restaurant|subway_entrance,,701.1658676593129,719.5455833044954,37.49804244093877,127.02874337560036,576.0,169.0,taxi_45,picked
dyn_pax_236,409.0,2026-09-07 09:06:49,305539406,company|restaurant|subway_entrance,,566.389495917364,736.5285064605782,37.49816998085155,127.02721550408178,912.0,503.0,taxi_respawn_8,picked
dyn_pax_237,410.0,2026-09-07 09:06:50,379463134#2,restaurant,,492.9894267673794,1254.822149661426,37.50282506050825,127.0262626667944,515.0,105.0,taxi_respawn_12,picked
dyn_pax_238,412.0,2026-09-07 09:06:52,521770119#0,restaurant|bus_stop,,548.9831206778387,935.1148840516827,37.499955620541705,127.02697161236954,719.0,307.0,taxi_respawn_9,picked
dyn_pax_239,414.0,2026-09-07 09:06:54,1376141182#0,bus_stop,,385.7154046370183,1301.0311255965628,37.50322104370192,127.02503873135461,836.0,422.0,taxi_21,picked
dyn_pax_240,417.0,2026-09-07 09:06:57,1117538958#3,bus_stop,,160.18899290588462,540.6019911995099,37.49632820280781,127.02266936696756,465.0,48.0,taxi_respawn_22,picked
dyn_pax_241,418.0,2026-09-07 09:06:58,129731857#1,residential|restaurant,,656.8212873140518,799.6615847813327,37.498755780674834,127.02822301071001,491.0,73.0,taxi_respawn_2,picked
dyn_pax_242,419.0,2026-09-07 09:06:59,521766182#1,company|restaurant|subway_entrance,,681.695169875507,539.6867345716422,37.496418539503196,127.02856584056028,658.0,239.0,taxi_38,picked
dyn_pax_243,420.0,2026-09-07 09:07:00,178441450#1,residential|company|restaurant|bus_stop,,282.90243066757296,609.4157395563556,37.496971320837204,127.02404044855805,548.0,128.0,taxi_respawn_19,picked
dyn_pax_244,421.0,2026-09-07 09:07:01,494824662#3,company|restaurant|subway_entrance,,729.424850252167,406.6843378518681,37.49522941823122,127.02913698209235,669.0,248.0,taxi_42,picked
dyn_pax_245,423.0,2026-09-07 09:07:03,541692164#1,subway_entrance,,271.6277521231475,1406.6420105391767,37.5041508337347,127.02372362926798,,,,timeout
dyn_pax_246,424.0,2026-09-07 09:07:04,375049565#6,restaurant|subway_entrance|bus_stop,,789.5153251748014,798.8522330112556,37.49877353199428,127.02972351946808,,,,timeout
dyn_pax_247,427.0,2026-09-07 09:07:07,-417933645#2,company|restaurant|subway_entrance,,701.1658676593129,719.5455833044954,37.49804244093877,127.02874337560036,,,,timeout
dyn_pax_248,427.0,2026-09-07 09:07:07,-117790039#2,company|restaurant,,1017.0012393074795,990.846024966068,37.5005459641277,127.03225021068775,860.0,433.0,taxi_respawn_28,picked
dyn_pax_249,428.0,2026-09-07 09:07:08,218877837#0,company,,455.71990885566936,1045.563527646426,37.50093295148158,127.02589090425857,474.0,46.0,taxi_20,picked
dyn_pax_250,429.0,2026-09-07 09:07:09,521770119#1,restaurant|bus_stop,,527.3115514435282,995.8620162900467,37.50049875494786,127.02671217090477,477.0,48.0,taxi_respawn_38,picked
dyn_pax_251,430.0,2026-09-07 09:07:10,218877837#2,company|restaurant|bus_stop,,479.4555212141038,978.0213907550284,37.500328997763305,127.02617530290202,471.0,41.0,taxi_25,picked
dyn_pax_252,432.0,2026-09-07 09:07:12,218877837#2,company|restaurant|bus_stop,,479.4555212141038,978.0213907550284,37.500328997763305,127.02617530290202,478.0,46.0,taxi_41,picked
dyn_pax_253,433.0,2026-09-07 09:07:13,1117538958#3,bus_stop,,160.18899290588462,540.6019911995099,37.49632820280781,127.02266936696756,469.0,36.0,taxi_36,picked
dyn_pax_254,433.0,2026-09-07 09:07:13,521766175#3,company|restaurant|subway_entrance|bus_stop,,373.6701172395771,1298.610217621072,37.50319695740621,127.02490310718325,902.0,469.0,taxi_respawn_32,picked
dyn_pax_255,435.0,2026-09-07 09:07:15,218877837#2,company|restaurant|bus_stop,,479.4555212141038,978.0213907550284,37.500328997763305,127.02617530290202,672.0,237.0,taxi_respawn_26,picked
dyn_pax_256,435.0,2026-09-07 09:07:15,494824662#3,company|restaurant|subway_entrance,,729.424850252167,406.6843378518681,37.49522941823122,127.02913698209235,,,,timeout
dyn_pax_257,436.0,2026-09-07 09:07:16,521766182#1,company|restaurant|subway_entrance,,681.695169875507,539.6867345716422,37.496418539503196,127.02856584056028,855.0,419.0,taxi_respawn_31,picked
dyn_pax_258,438.0,2026-09-07 09:07:18,218873820#0,restaurant|subway_entrance|bus_stop,,628.9829311132032,562.4061665928522,37.49661325243901,127.02796447999128,,,,timeout
dyn_pax_259,438.0,2026-09-07 09:07:18,-417750337#6,restaurant,,503.6615133291097,1089.1021319971503,37.50133422142063,127.0264226479345,737.0,299.0,taxi_5,picked
dyn_pax_260,441.0,2026-09-07 09:07:21,1117538957#3,restaurant|subway_entrance|bus_stop,,465.5082521847807,644.8780924026132,37.49732530507706,127.02609663221197,453.0,12.0,taxi_7,picked
dyn_pax_261,443.0,2026-09-07 09:07:23,117790051#2,restaurant,,558.5532373104973,1361.778638311631,37.503800946163,127.02697864469606,579.0,136.0,taxi_12,picked
dyn_pax_262,444.0,2026-09-07 09:07:24,1117538958#3,bus_stop,,160.18899290588462,540.6019911995099,37.49632820280781,127.02266936696756,481.0,37.0,taxi_48,picked
dyn_pax_263,446.0,2026-09-07 09:07:26,520307304#0,school|subway_entrance|bus_stop,,602.6035134310263,763.145495629718,37.498416594724866,127.02761864854104,,,,timeout
dyn_pax_264,446.0,2026-09-07 09:07:26,523141074#0,company|restaurant|subway_entrance,,524.0338794858329,871.4890157117229,37.4993777454413,127.02670460634431,503.0,57.0,taxi_4,picked
dyn_pax_265,447.0,2026-09-07 09:07:27,494824662#3,company|restaurant|subway_entrance,,729.424850252167,406.6843378518681,37.49522941823122,127.02913698209235,,,,timeout
dyn_pax_266,449.0,2026-09-07 09:07:29,-504509918#2,company|restaurant|bus_stop,,398.9694242295193,827.4758220967593,37.49895762305832,127.02530099003066,685.0,236.0,taxi_7,picked
dyn_pax_267,451.0,2026-09-07 09:07:31,417933642#0,restaurant|bus_stop,,1041.0954363710525,463.30841921497654,37.49579826441859,127.03264736696761,,,,timeout
dyn_pax_268,453.0,2026-09-07 09:07:33,1117538957#3,restaurant|subway_entrance|bus_stop,,465.5082521847807,644.8780924026132,37.49732530507706,127.02609663221197,491.0,38.0,taxi_16,picked
dyn_pax_269,458.0,2026-09-07 09:07:38,975332778#1,bus_stop,,681.6099970732737,721.9380561808346,37.49806030190971,127.02852170075586,745.0,287.0,taxi_respawn_3,picked
dyn_pax_270,461.0,2026-09-07 09:07:41,-542367267#1,bus_stop,,247.51018316686128,1414.7184918773391,37.504219024473855,127.02344900430944,818.0,357.0,taxi_respawn_17,picked
dyn_pax_271,466.0,2026-09-07 09:07:46,-542367267#1,bus_stop,,247.51018316686128,1414.7184918773391,37.504219024473855,127.02344900430944,830.0,364.0,taxi_24,picked
dyn_pax_272,466.0,2026-09-07 09:07:46,129731857#1,residential|restaurant,,656.8212873140518,799.6615847813327,37.498755780674834,127.02822301071001,828.0,362.0,taxi_10,picked
dyn_pax_273,467.0,2026-09-07 09:07:47,-542367267#1,bus_stop,,247.51018316686128,1414.7184918773391,37.504219024473855,127.02344900430944,836.0,369.0,taxi_16,picked
dyn_pax_274,467.0,2026-09-07 09:07:47,-557469234,restaurant,,929.7298817515857,1030.9986809445256,37.50089122514563,127.03125394368278,629.0,162.0,taxi_8,picked
dyn_pax_275,467.0,2026-09-07 09:07:47,178441450#1,residential|company|restaurant|bus_stop,,282.90243066757296,609.4157395563556,37.496971320837204,127.02404044855805,513.0,46.0,taxi_46,picked
dyn_pax_276,469.0,2026-09-07 09:07:49,521766182#1,company|restaurant|subway_entrance,,681.695169875507,539.6867345716422,37.496418539503196,127.02856584056028,893.0,424.0,taxi_29,picked
dyn_pax_277,470.0,2026-09-07 09:07:50,178441450#1,residential|company|restaurant|bus_stop,,282.90243066757296,609.4157395563556,37.496971320837204,127.02404044855805,732.0,262.0,taxi_36,picked
dyn_pax_278,472.0,2026-09-07 09:07:52,521766175#3,company|restaurant|subway_entrance|bus_stop,,373.6701172395771,1298.610217621072,37.50319695740621,127.02490310718325,,,,timeout
dyn_pax_279,473.0,2026-09-07 09:07:53,-506191135#22,residential|company|restaurant|bus_stop,,38.693950105848444,1321.9513167019495,37.50334380565249,127.02110990869835,722.0,249.0,taxi_respawn_8,picked
dyn_pax_280,474.0,2026-09-07 09:07:54,480850873,company|restaurant|bus_stop,,548.1935052770749,708.5896639848544,37.49791486187585,127.0270163956136,734.0,260.0,taxi_respawn_19,picked
dyn_pax_281,475.0,2026-09-07 09:07:55,218873820#0,restaurant|subway_entrance|bus_stop,,628.9829311132032,562.4061665928522,37.49661325243901,127.02796447999128,,,,timeout
dyn_pax_282,476.0,2026-09-07 09:07:56,494824662#3,company|restaurant|subway_entrance,,729.424850252167,406.6843378518681,37.49522941823122,127.02913698209235,,,,timeout
dyn_pax_283,477.0,2026-09-07 09:07:57,129731834#0,school,,229.35227593843302,780.2499709424674,37.498500113124294,127.02339441737757,,,,timeout
dyn_pax_284,478.0,2026-09-07 09:07:58,-417933645#2,company|restaurant|subway_entrance,,701.1658676593129,719.5455833044954,37.49804244093877,127.02874337560036,,,,timeout
dyn_pax_285,478.0,2026-09-07 09:07:58,218857636#1,residential|company|restaurant|bus_stop,,297.92905089287035,623.2061345250047,37.49709839153085,127.02420706961871,,,,timeout
dyn_pax_286,479.0,2026-09-07 09:07:59,-523141073,residential|company,,283.47995026542384,1109.9635024546676,37.50148051131825,127.02392811188028,771.0,292.0,taxi_37,picked
dyn_pax_287,484.0,2026-09-07 09:08:04,129731858#2,restaurant,,783.9672744139122,855.548332172334,37.49928322221005,127.02964736483162,905.0,421.0,taxi_respawn_12,picked
dyn_pax_288,486.0,2026-09-07 09:08:06,375049565#6,restaurant|subway_entrance|bus_stop,,789.5153251748014,798.8522330112556,37.49877353199428,127.02972351946808,,,,timeout
dyn_pax_289,486.0,2026-09-07 09:08:06,417933642#0,restaurant|bus_stop,,1041.0954363710525,463.30841921497654,37.49579826441859,127.03264736696761,,,,timeout
dyn_pax_290,487.0,2026-09-07 09:08:07,375049565#6,restaurant|subway_entrance|bus_stop,,789.5153251748014,798.8522330112556,37.49877353199428,127.02972351946808,,,,timeout
dyn_pax_291,490.0,2026-09-07 09:08:10,521766175#3,company|restaurant|subway_entrance|bus_stop,,373.6701172395771,1298.610217621072,37.50319695740621,127.02490310718325,,,,timeout
dyn_pax_292,492.0,2026-09-07 09:08:12,-506191135#2,residential|bus_stop,,236.19733776439384,769.6838415951818,37.49840622577806,127.02347432089968,,,,timeout
dyn_pax_293,495.0,2026-09-07 09:08:15,521766175#3,company|restaurant|subway_entrance|bus_stop,,373.6701172395771,1298.610217621072,37.50319695740621,127.02490310718325,1002.0,507.0,taxi_respawn_1,picked
dyn_pax_294,496.0,2026-09-07 09:08:16,218864491#0,restaurant|bus_stop,,769.9803916976219,760.1217113917903,37.49842094941813,127.02951181742357,,,,timeout
dyn_pax_295,496.0,2026-09-07 09:08:16,-504509918#2,company|restaurant|bus_stop,,398.9694242295193,827.4758220967593,37.49895762305832,127.02530099003066,699.0,203.0,taxi_respawn_22,picked
dyn_pax_296,498.0,2026-09-07 09:08:18,375049565#6,restaurant|subway_entrance|bus_stop,,789.5153251748014,798.8522330112556,37.49877353199428,127.02972351946808,,,,timeout
dyn_pax_297,498.0,2026-09-07 09:08:18,117790051#2,restaurant,,558.5532373104973,1361.778638311631,37.503800946163,127.02697864469606,641.0,143.0,taxi_27,picked
dyn_pax_298,499.0,2026-09-07 09:08:19,1376141183#0,bus_stop,,548.2528111146681,901.2117688498424,37.49965007283687,127.02697139402301,,,,timeout
dyn_pax_299,501.0,2026-09-07 09:08:21,541692164#1,subway_entrance,,271.6277521231475,1406.6420105391767,37.5041508337347,127.02372362926798,,,,timeout
dyn_pax_300,505.0,2026-09-07 09:08:25,375049565#6,restaurant|subway_entrance|bus_stop,,789.5153251748014,798.8522330112556,37.49877353199428,127.02972351946808,,,,timeout
dyn_pax_301,507.0,2026-09-07 09:08:27,-379232155,restaurant,,999.2800162208075,449.1965960198298,37.495663263085994,127.03217793178025,,,,timeout
dyn_pax_302,509.0,2026-09-07 09:08:29,521766175#3,company|restaurant|subway_entrance|bus_stop,,373.6701172395771,1298.610217621072,37.50319695740621,127.02490310718325,,,,timeout
dyn_pax_303,512.0,2026-09-07 09:08:32,218864491#0,restaurant|bus_stop,,769.9803916976219,760.1217113917903,37.49842094941813,127.02951181742357,,,,timeout
dyn_pax_304,516.0,2026-09-07 09:08:36,218864491#0,restaurant|bus_stop,,769.9803916976219,760.1217113917903,37.49842094941813,127.02951181742357,,,,timeout
dyn_pax_305,516.0,2026-09-07 09:08:36,-506191135#22,residential|company|restaurant|bus_stop,,38.693950105848444,1321.9513167019495,37.50334380565249,127.02110990869835,773.0,257.0,taxi_respawn_24,picked
dyn_pax_306,518.0,2026-09-07 09:08:38,-506191135#2,residential|bus_stop,,236.19733776439384,769.6838415951818,37.49840622577806,127.02347432089968,,,,timeout
dyn_pax_307,519.0,2026-09-07 09:08:39,218877837#2,company|restaurant|bus_stop,,479.4555212141038,978.0213907550284,37.500328997763305,127.02617530290202,,,,timeout
dyn_pax_308,521.0,2026-09-07 09:08:41,-506191135#22,residential|company|restaurant|bus_stop,,38.693950105848444,1321.9513167019495,37.50334380565249,127.02110990869835,804.0,283.0,taxi_respawn_6,picked
dyn_pax_309,521.0,2026-09-07 09:08:41,521766175#3,company|restaurant|subway_entrance|bus_stop,,373.6701172395771,1298.610217621072,37.50319695740621,127.02490310718325,,,,timeout
dyn_pax_310,522.0,2026-09-07 09:08:42,309155295#2,restaurant,,836.915506927576,584.1196133409687,37.49684809051661,127.03031028233906,561.0,39.0,taxi_47,picked
dyn_pax_311,524.0,2026-09-07 09:08:44,375049565#6,restaurant|subway_entrance|bus_stop,,789.5153251748014,798.8522330112556,37.49877353199428,127.02972351946808,,,,timeout
dyn_pax_312,525.0,2026-09-07 09:08:45,218864491#0,restaurant|bus_stop,,769.9803916976219,760.1217113917903,37.49842094941813,127.02951181742357,,,,timeout
dyn_pax_313,527.0,2026-09-07 09:08:47,1229817205#1,residential|bus_stop,,631.6400080768872,572.7061575261558,37.49670653972221,127.02799208080955,815.0,288.0,taxi_respawn_10,picked
dyn_pax_314,530.0,2026-09-07 09:08:50,-541692164#2,subway_entrance,,317.7122087179151,1441.0296574375257,37.504469327730426,127.0242365566347,,,,timeout
dyn_pax_315,532.0,2026-09-07 09:08:52,521770116#2,company|restaurant|bus_stop,,432.3182248087171,1108.514093563608,37.50149560521279,127.02561136613096,1115.0,583.0,taxi_40,picked
dyn_pax_316,533.0,2026-09-07 09:08:53,218857636#1,residential|company|restaurant|bus_stop,,297.92905089287035,623.2061345250047,37.49709839153085,127.02420706961871,,,,timeout
dyn_pax_317,533.0,2026-09-07 09:08:53,1056882877#3,residential|company|restaurant,,365.79280968467333,433.0557487307964,37.495398294451746,127.02501948586043,898.0,365.0,taxi_36,picked
dyn_pax_318,533.0,2026-09-07 09:08:53,417933645#0,residential|restaurant,,823.1026288816429,385.61625104994533,37.49505730126708,127.03020109557775,725.0,192.0,taxi_respawn_21,picked
dyn_pax_319,534.0,2026-09-07 09:08:54,-506191135#2,residential|bus_stop,,236.19733776439384,769.6838415951818,37.49840622577806,127.02347432089968,,,,timeout
dyn_pax_320,535.0,2026-09-07 09:08:55,-541692164#2,subway_entrance,,317.7122087179151,1441.0296574375257,37.504469327730426,127.0242365566347,,,,timeout
dyn_pax_321,539.0,2026-09-07 09:08:59,178441450#1,residential|company|restaurant|bus_stop,,282.90243066757296,609.4157395563556,37.496971320837204,127.02404044855805,955.0,416.0,taxi_respawn_22,picked
dyn_pax_322,542.0,2026-09-07 09:09:02,1117538958#3,bus_stop,,160.18899290588462,540.6019911995099,37.49632820280781,127.02266936696756,651.0,109.0,taxi_respawn_17,picked
dyn_pax_323,542.0,2026-09-07 09:09:02,523141074#0,company|restaurant|subway_entrance,,524.0338794858329,871.4890157117229,37.4993777454413,127.02670460634431,851.0,309.0,taxi_39,picked
dyn_pax_324,542.0,2026-09-07 09:09:02,417933646#0,restaurant,,894.2617302193242,410.3206078764906,37.49529326349135,127.03099977850056,719.0,177.0,taxi_respawn_34,picked
dyn_pax_325,545.0,2026-09-07 09:09:05,-506191135#22,residential|company|restaurant|bus_stop,,38.693950105848444,1321.9513167019495,37.50334380565249,127.02110990869835,896.0,351.0,taxi_41,picked
dyn_pax_326,548.0,2026-09-07 09:09:08,218877837#2,company|restaurant|bus_stop,,479.4555212141038,978.0213907550284,37.500328997763305,127.02617530290202,,,,timeout
dyn_pax_327,550.0,2026-09-07 09:09:10,375049565#6,restaurant|subway_entrance|bus_stop,,789.5153251748014,798.8522330112556,37.49877353199428,127.02972351946808,,,,timeout
dyn_pax_328,551.0,2026-09-07 09:09:11,218864491#0,restaurant|bus_stop,,769.9803916976219,760.1217113917903,37.49842094941813,127.02951181742357,,,,timeout
dyn_pax_329,553.0,2026-09-07 09:09:13,218877837#2,company|restaurant|bus_stop,,479.4555212141038,978.0213907550284,37.500328997763305,127.02617530290202,,,,timeout
dyn_pax_330,553.0,2026-09-07 09:09:13,219837933#0,residential|company,,49.0199205680682,1328.1480294371383,37.503401583976704,127.02122519296726,667.0,114.0,taxi_respawn_13,picked
dyn_pax_331,556.0,2026-09-07 09:09:16,480850873,company|restaurant|bus_stop,,548.1935052770749,708.5896639848544,37.49791486187585,127.0270163956136,811.0,255.0,taxi_34,picked
dyn_pax_332,556.0,2026-09-07 09:09:16,417750354#1,restaurant,,919.2899707887079,1024.6134421491665,37.5008317366974,127.03113741131199,686.0,130.0,taxi_40,picked
dyn_pax_333,557.0,2026-09-07 09:09:17,309155295#2,restaurant,,836.915506927576,584.1196133409687,37.49684809051661,127.03031028233906,582.0,25.0,taxi_19,picked
dyn_pax_334,558.0,2026-09-07 09:09:18,521766182#1,company|restaurant|subway_entrance,,681.695169875507,539.6867345716422,37.496418539503196,127.02856584056028,919.0,361.0,taxi_0,picked
dyn_pax_335,559.0,2026-09-07 09:09:19,-129731834#1,residential,,78.2122165689223,720.9585140244731,37.49793738265588,127.02169964763026,1049.0,490.0,taxi_45,picked
dyn_pax_336,560.0,2026-09-07 09:09:20,521766175#3,company|restaurant|subway_entrance|bus_stop,,373.6701172395771,1298.610217621072,37.50319695740621,127.02490310718325,,,,timeout
dyn_pax_337,562.0,2026-09-07 09:09:22,218877837#2,company|restaurant|bus_stop,,479.4555212141038,978.0213907550284,37.500328997763305,127.02617530290202,,,,timeout
dyn_pax_338,564.0,2026-09-07 09:09:24,218873820#0,restaurant|subway_entrance|bus_stop,,628.9829311132032,562.4061665928522,37.49661325243901,127.02796447999128,1097.0,533.0,taxi_respawn_16,picked
dyn_pax_339,564.0,2026-09-07 09:09:24,1229817205#1,residential|bus_stop,,631.6400080768872,572.7061575261558,37.49670653972221,127.02799208080955,841.0,277.0,taxi_respawn_5,picked
dyn_pax_340,565.0,2026-09-07 09:09:25,521766175#3,company|restaurant|subway_entrance|bus_stop,,373.6701172395771,1298.610217621072,37.50319695740621,127.02490310718325,,,,timeout
dyn_pax_341,567.0,2026-09-07 09:09:27,178441450#1,residential|company|restaurant|bus_stop,,282.90243066757296,609.4157395563556,37.496971320837204,127.02404044855805,1029.0,462.0,taxi_respawn_2,picked
dyn_pax_342,568.0,2026-09-07 09:09:28,-417933645#2,company|restaurant|subway_entrance,,701.1658676593129,719.5455833044954,37.49804244093877,127.02874337560036,1008.0,440.0,taxi_21,picked
dyn_pax_343,568.0,2026-09-07 09:09:28,-129731852,restaurant,,721.4959946165901,929.589824990092,37.499938423771525,127.02892348366522,,,,timeout
dyn_pax_344,569.0,2026-09-07 09:09:29,379463130#0,restaurant,,544.1425087303844,1128.5419490598922,37.501697156429024,127.02687101205116,709.0,140.0,taxi_respawn_35,picked
dyn_pax_345,570.0,2026-09-07 09:09:30,-506191135#22,residential|company|restaurant|bus_stop,,38.693950105848444,1321.9513167019495,37.50334380565249,127.02110990869835,935.0,365.0,taxi_respawn_13,picked
dyn_pax_346,571.0,2026-09-07 09:09:31,521770116#2,company|restaurant|bus_stop,,432.3182248087171,1108.514093563608,37.50149560521279,127.02561136613096,1203.0,632.0,taxi_32,picked
dyn_pax_347,571.0,2026-09-07 09:09:31,-256787796#4,restaurant,,620.2926176327408,895.5374521094307,37.49961256354246,127.02778727239327,,,,timeout
dyn_pax_348,572.0,2026-09-07 09:09:32,-129731857#1,restaurant,,773.0987126859483,849.1784152186673,37.4992237894183,127.02952598601298,859.0,287.0,taxi_respawn_2,picked
dyn_pax_349,573.0,2026-09-07 09:09:33,-417750354#1,restaurant,,946.150029211292,974.2465578508335,37.500383078435064,127.03145303198383,799.0,226.0,taxi_respawn_20,picked
dyn_pax_350,577.0,2026-09-07 09:09:37,375049565#6,restaurant|subway_entrance|bus_stop,,789.5153251748014,798.8522330112556,37.49877353199428,127.02972351946808,,,,timeout
dyn_pax_351,577.0,2026-09-07 09:09:37,218864491#0,restaurant|bus_stop,,769.9803916976219,760.1217113917903,37.49842094941813,127.02951181742357,,,,timeout
dyn_pax_352,578.0,2026-09-07 09:09:38,309155295#0,company|restaurant,,688.2712938579457,529.5739965525526,37.49632868191341,127.02864258735015,609.0,31.0,taxi_respawn_23,picked
dyn_pax_353,580.0,2026-09-07 09:09:40,-129731857#2,restaurant,,875.7452923990509,884.8037873845144,37.499564075208866,127.03067814538078,692.0,112.0,taxi_20,picked
dyn_pax_354,581.0,2026-09-07 09:09:41,218873820#0,restaurant|subway_entrance|bus_stop,,628.9829311132032,562.4061665928522,37.49661325243901,127.02796447999128,,,,timeout
dyn_pax_355,582.0,2026-09-07 09:09:42,-506191135#2,residential|bus_stop,,236.19733776439384,769.6838415951818,37.49840622577806,127.02347432089968,,,,timeout
dyn_pax_356,583.0,2026-09-07 09:09:43,504509918#0,residential|restaurant,,511.83203920742636,882.9034728009249,37.49947826486711,127.02656393710718,768.0,185.0,taxi_respawn_16,picked
dyn_pax_357,584.0,2026-09-07 09:09:44,-129731857#1,restaurant,,773.0987126859483,849.1784152186673,37.4992237894183,127.02952598601298,1004.0,420.0,taxi_respawn_36,picked
dyn_pax_358,585.0,2026-09-07 09:09:45,521770119#3,restaurant,,495.372237145516,1095.557338436544,37.501390805360316,127.0263273901891,1820.0,1235.0,taxi_23,picked
dyn_pax_359,587.0,2026-09-07 09:09:47,218873820#0,restaurant|subway_entrance|bus_stop,,628.9829311132032,562.4061665928522,37.49661325243901,127.02796447999128,,,,timeout
dyn_pax_360,587.0,2026-09-07 09:09:47,-129731721#2,company|restaurant,,388.6558839574922,820.9778890483499,37.49889713764622,127.02518592115393,,,,timeout
dyn_pax_361,588.0,2026-09-07 09:09:48,-417933645#2,company|restaurant|subway_entrance,,701.1658676593129,719.5455833044954,37.49804244093877,127.02874337560036,,,,timeout
dyn_pax_362,588.0,2026-09-07 09:09:48,-523141073,residential|company,,283.47995026542384,1109.9635024546676,37.50148051131825,127.02392811188028,1026.0,438.0,taxi_47,picked
dyn_pax_363,590.0,2026-09-07 09:09:50,417933642#0,restaurant|bus_stop,,1041.0954363710525,463.30841921497654,37.49579826441859,127.03264736696761,,,,timeout
dyn_pax_364,593.0,2026-09-07 09:09:53,521766175#1,company|restaurant|subway_entrance,,332.9365590021661,1411.5585828157227,37.504206724109,127.02441570308932,,,,timeout
dyn_pax_365,593.0,2026-09-07 09:09:53,-541692164#2,subway_entrance,,317.7122087179151,1441.0296574375257,37.504469327730426,127.0242365566347,,,,timeout
dyn_pax_366,597.0,2026-09-07 09:09:57,1376141182#0,bus_stop,,385.7154046370183,1301.0311255965628,37.50322104370192,127.02503873135461,,,,timeout
dyn_pax_367,598.0,2026-09-07 09:09:58,542367267#1,company|restaurant,,199.26981683313872,1381.121508122661,37.50390724154084,127.02291151664822,678.0,80.0,taxi_33,picked
dyn_pax_368,600.0,2026-09-07 09:10:00,417933642#0,restaurant|bus_stop,,1041.0954363710525,463.30841921497654,37.49579826441859,127.03264736696761,,,,timeout
dyn_pax_369,600.0,2026-09-07 09:10:00,-417750336#5,restaurant,,886.0343029737398,891.1232225857099,37.499622942823265,127.030792984823,737.0,137.0,taxi_23,picked
dyn_pax_370,602.0,2026-09-07 09:10:02,520307304#0,school|subway_entrance|bus_stop,,602.6035134310263,763.145495629718,37.498416594724866,127.02761864854104,,,,timeout
dyn_pax_371,603.0,2026-09-07 09:10:03,417933646#2,residential|restaurant,,830.3119525357222,594.5819430897021,37.496941093289735,127.0302331440542,657.0,54.0,taxi_respawn_2,picked
dyn_pax_372,604.0,2026-09-07 09:10:04,-417933645#2,company|restaurant|subway_entrance,,701.1658676593129,719.5455833044954,37.49804244093877,127.02874337560036,1095.0,491.0,taxi_respawn_20,picked
dyn_pax_373,605.0,2026-09-07 09:10:05,375049565#6,restaurant|subway_entrance|bus_stop,,789.5153251748014,798.8522330112556,37.49877353199428,127.02972351946808,,,,timeout
dyn_pax_374,608.0,2026-09-07 09:10:08,975332778#1,bus_stop,,681.6099970732737,721.9380561808346,37.49806030190971,127.02852170075586,883.0,275.0,taxi_38,picked
dyn_pax_375,609.0,2026-09-07 09:10:09,-129731852,restaurant,,721.4959946165901,929.589824990092,37.499938423771525,127.02892348366522,,,,timeout
dyn_pax_376,614.0,2026-09-07 09:10:14,520307304#0,school|subway_entrance|bus_stop,,602.6035134310263,763.145495629718,37.498416594724866,127.02761864854104,,,,timeout
dyn_pax_377,617.0,2026-09-07 09:10:17,1117538958#3,bus_stop,,160.18899290588462,540.6019911995099,37.49632820280781,127.02266936696756,662.0,45.0,taxi_respawn_32,picked
dyn_pax_378,619.0,2026-09-07 09:10:19,218873820#0,restaurant|subway_entrance|bus_stop,,628.9829311132032,562.4061665928522,37.49661325243901,127.02796447999128,1186.0,567.0,taxi_14,picked
dyn_pax_379,621.0,2026-09-07 09:10:21,504227069,residential|restaurant,,587.1158993285404,291.7776336445087,37.494167438547194,127.02755526357365,,,,timeout
dyn_pax_380,623.0,2026-09-07 09:10:23,520307304#0,school|subway_entrance|bus_stop,,602.6035134310263,763.145495629718,37.498416594724866,127.02761864854104,,,,timeout
dyn_pax_381,623.0,2026-09-07 09:10:23,-129731717#1,residential|company|restaurant,,188.433090102474,1374.3511058470413,37.503844200149025,127.0227905913032,714.0,91.0,taxi_4,picked
dyn_pax_382,625.0,2026-09-07 09:10:25,1376141183#0,bus_stop,,548.2528111146681,901.2117688498424,37.49965007283687,127.02697139402301,,,,timeout
dyn_pax_383,628.0,2026-09-07 09:10:28,520307304#0,school|subway_entrance|bus_stop,,602.6035134310263,763.145495629718,37.498416594724866,127.02761864854104,,,,timeout
dyn_pax_384,629.0,2026-09-07 09:10:29,117790041#2,restaurant,,441.66460303662666,1376.669936706078,37.50391299976682,127.0256534125234,,,,timeout
dyn_pax_385,630.0,2026-09-07 09:10:30,-506191135#2,residential|bus_stop,,236.19733776439384,769.6838415951818,37.49840622577806,127.02347432089968,,,,timeout
dyn_pax_386,630.0,2026-09-07 09:10:30,521766175#1,company|restaurant|subway_entrance,,332.9365590021661,1411.5585828157227,37.504206724109,127.02441570308932,,,,timeout
dyn_pax_387,631.0,2026-09-07 09:10:31,521766180#1,company|restaurant|bus_stop,,466.73410130235357,1169.2838037446552,37.502049542882666,127.02598608796039,,,,timeout
dyn_pax_388,633.0,2026-09-07 09:10:33,1376141183#0,bus_stop,,548.2528111146681,901.2117688498424,37.49965007283687,127.02697139402301,,,,timeout
dyn_pax_389,633.0,2026-09-07 09:10:33,379463134#0,company,,445.604196565268,1237.9330600893716,37.50266396162017,127.02573088108544,886.0,253.0,taxi_42,picked
dyn_pax_390,634.0,2026-09-07 09:10:34,520307304#0,school|subway_entrance|bus_stop,,602.6035134310263,763.145495629718,37.498416594724866,127.02761864854104,,,,timeout
dyn_pax_391,637.0,2026-09-07 09:10:37,523141074#0,company|restaurant|subway_entrance,,524.0338794858329,871.4890157117229,37.4993777454413,127.02670460634431,957.0,320.0,taxi_26,picked
dyn_pax_392,642.0,2026-09-07 09:10:42,-542367267#1,bus_stop,,247.51018316686128,1414.7184918773391,37.504219024473855,127.02344900430944,843.0,201.0,taxi_respawn_14,picked
dyn_pax_393,647.0,2026-09-07 09:10:47,309155295#0,company|restaurant,,688.2712938579457,529.5739965525526,37.49632868191341,127.02864258735015,746.0,99.0,taxi_respawn_29,picked
dyn_pax_394,648.0,2026-09-07 09:10:48,494824662#3,company|restaurant|subway_entrance,,729.424850252167,406.6843378518681,37.49522941823122,127.02913698209235,1067.0,419.0,taxi_31,picked
dyn_pax_395,648.0,2026-09-07 09:10:48,521766182#1,company|restaurant|subway_entrance,,681.695169875507,539.6867345716422,37.496418539503196,127.02856584056028,943.0,295.0,taxi_respawn_30,picked
dyn_pax_396,649.0,2026-09-07 09:10:49,520307304#0,school|subway_entrance|bus_stop,,602.6035134310263,763.145495629718,37.498416594724866,127.02761864854104,,,,timeout
dyn_pax_397,653.0,2026-09-07 09:10:53,521770119#1,restaurant|bus_stop,,527.3115514435282,995.8620162900467,37.50049875494786,127.02671217090477,1057.0,404.0,taxi_43,picked
dyn_pax_398,654.0,2026-09-07 09:10:54,1376141182#0,bus_stop,,385.7154046370183,1301.0311255965628,37.50322104370192,127.02503873135461,,,,timeout
dyn_pax_399,656.0,2026-09-07 09:10:56,521766175#1,company|restaurant|subway_entrance,,332.9365590021661,1411.5585828157227,37.504206724109,127.02441570308932,,,,timeout
dyn_pax_400,656.0,2026-09-07 09:10:56,218877837#0,company,,455.71990885566936,1045.563527646426,37.50093295148158,127.02589090425857,733.0,77.0,taxi_43,picked
dyn_pax_401,657.0,2026-09-07 09:10:57,521770116#2,company|restaurant|bus_stop,,432.3182248087171,1108.514093563608,37.50149560521279,127.02561136613096,,,,timeout
dyn_pax_402,659.0,2026-09-07 09:10:59,178441450#1,residential|company|restaurant|bus_stop,,282.90243066757296,609.4157395563556,37.496971320837204,127.02404044855805,1088.0,429.0,taxi_24,picked
dyn_pax_403,662.0,2026-09-07 09:11:02,1117538958#3,bus_stop,,160.18899290588462,540.6019911995099,37.49632820280781,127.02266936696756,755.0,93.0,taxi_respawn_38,picked
dyn_pax_404,664.0,2026-09-07 09:11:04,521766175#3,company|restaurant|subway_entrance|bus_stop,,373.6701172395771,1298.610217621072,37.50319695740621,127.02490310718325,,,,timeout
dyn_pax_405,665.0,2026-09-07 09:11:05,520307304#0,school|subway_entrance|bus_stop,,602.6035134310263,763.145495629718,37.498416594724866,127.02761864854104,,,,timeout
dyn_pax_406,666.0,2026-09-07 09:11:06,1376141183#0,bus_stop,,548.2528111146681,901.2117688498424,37.49965007283687,127.02697139402301,,,,timeout
dyn_pax_407,667.0,2026-09-07 09:11:07,-129731717#1,residential|company|restaurant,,188.433090102474,1374.3511058470413,37.503844200149025,127.0227905913032,728.0,61.0,taxi_respawn_36,picked
dyn_pax_408,668.0,2026-09-07 09:11:08,-417933645#2,company|restaurant|subway_entrance,,701.1658676593129,719.5455833044954,37.49804244093877,127.02874337560036,1104.0,436.0,taxi_26,picked
dyn_pax_409,669.0,2026-09-07 09:11:09,218857636#1,residential|company|restaurant|bus_stop,,297.92905089287035,623.2061345250047,37.49709839153085,127.02420706961871,,,,timeout
dyn_pax_410,669.0,2026-09-07 09:11:09,521770119#3,restaurant,,495.372237145516,1095.557338436544,37.501390805360316,127.0263273901891,1515.0,846.0,taxi_respawn_21,picked
dyn_pax_411,671.0,2026-09-07 09:11:11,521766175#3,company|restaurant|subway_entrance|bus_stop,,373.6701172395771,1298.610217621072,37.50319695740621,127.02490310718325,,,,timeout
dyn_pax_412,672.0,2026-09-07 09:11:12,-504509918#2,company|restaurant|bus_stop,,398.9694242295193,827.4758220967593,37.49895762305832,127.02530099003066,908.0,236.0,taxi_13,picked
dyn_pax_413,673.0,2026-09-07 09:11:13,309155295#1,restaurant,,764.2225196982893,558.1760304781078,37.4966006705371,127.0294945363528,716.0,43.0,taxi_14,picked
dyn_pax_414,674.0,2026-09-07 09:11:14,521770116#2,company|restaurant|bus_stop,,432.3182248087171,1108.514093563608,37.50149560521279,127.02561136613096,,,,timeout
dyn_pax_415,675.0,2026-09-07 09:11:15,129731720#0,residential|company|restaurant,,292.10678712231254,1113.150773394943,37.50151085547559,127.02402489828896,683.0,8.0,taxi_respawn_30,picked
dyn_pax_416,676.0,2026-09-07 09:11:16,541692164#1,subway_entrance,,271.6277521231475,1406.6420105391767,37.5041508337347,127.02372362926798,,,,timeout
dyn_pax_417,677.0,2026-09-07 09:11:17,506191135#3,residential|company|restaurant|bus_stop,,238.79972345576414,789.4714057742513,37.49858497042428,127.023499044737,889.0,212.0,taxi_respawn_11,picked
dyn_pax_418,680.0,2026-09-07 09:11:20,1117538958#3,bus_stop,,160.18899290588462,540.6019911995099,37.49632820280781,127.02266936696756,827.0,147.0,taxi_respawn_26,picked
dyn_pax_419,682.0,2026-09-07 09:11:22,-506191135#2,residential|bus_stop,,236.19733776439384,769.6838415951818,37.49840622577806,127.02347432089968,,,,timeout
dyn_pax_420,682.0,2026-09-07 09:11:22,-504509918#2,company|restaurant|bus_stop,,398.9694242295193,827.4758220967593,37.49895762305832,127.02530099003066,954.0,272.0,taxi_7,picked
dyn_pax_421,685.0,2026-09-07 09:11:25,117790041#2,restaurant,,441.66460303662666,1376.669936706078,37.50391299976682,127.0256534125234,,,,timeout
dyn_pax_422,686.0,2026-09-07 09:11:26,305539406,company|restaurant|subway_entrance,,566.389495917364,736.5285064605782,37.49816998085155,127.02721550408178,1173.0,487.0,taxi_44,picked
dyn_pax_423,688.0,2026-09-07 09:11:28,218873820#0,restaurant|subway_entrance|bus_stop,,628.9829311132032,562.4061665928522,37.49661325243901,127.02796447999128,,,,timeout
dyn_pax_424,688.0,2026-09-07 09:11:28,-506191135#22,residential|company|restaurant|bus_stop,,38.693950105848444,1321.9513167019495,37.50334380565249,127.02110990869835,1026.0,338.0,taxi_respawn_11,picked
dyn_pax_425,689.0,2026-09-07 09:11:29,521766175#1,company|restaurant|subway_entrance,,332.9365590021661,1411.5585828157227,37.504206724109,127.02441570308932,,,,timeout
dyn_pax_426,689.0,2026-09-07 09:11:29,-309155295#1,residential|restaurant,,820.2174803017108,588.0239695218922,37.496880113093034,127.03012056506905,737.0,48.0,taxi_respawn_12,picked
dyn_pax_427,691.0,2026-09-07 09:11:31,521766175#3,company|restaurant|subway_entrance|bus_stop,,373.6701172395771,1298.610217621072,37.50319695740621,127.02490310718325,,,,timeout
dyn_pax_428,692.0,2026-09-07 09:11:32,494824662#3,company|restaurant|subway_entrance,,729.424850252167,406.6843378518681,37.49522941823122,127.02913698209235,,,,timeout
dyn_pax_429,694.0,2026-09-07 09:11:34,520307304#0,school|subway_entrance|bus_stop,,602.6035134310263,763.145495629718,37.498416594724866,127.02761864854104,,,,timeout
dyn_pax_430,695.0,2026-09-07 09:11:35,1229817205#1,residential|bus_stop,,631.6400080768872,572.7061575261558,37.49670653972221,127.02799208080955,947.0,252.0,taxi_39,picked
dyn_pax_431,695.0,2026-09-07 09:11:35,375049565#6,restaurant|subway_entrance|bus_stop,,789.5153251748014,798.8522330112556,37.49877353199428,127.02972351946808,,,,timeout
dyn_pax_432,697.0,2026-09-07 09:11:37,521766175#3,company|restaurant|subway_entrance|bus_stop,,373.6701172395771,1298.610217621072,37.50319695740621,127.02490310718325,,,,timeout
dyn_pax_433,700.0,2026-09-07 09:11:40,1117538957#3,restaurant|subway_entrance|bus_stop,,465.5082521847807,644.8780924026132,37.49732530507706,127.02609663221197,748.0,48.0,taxi_respawn_37,picked
dyn_pax_434,702.0,2026-09-07 09:11:42,1117538957#3,restaurant|subway_entrance|bus_stop,,465.5082521847807,644.8780924026132,37.49732530507706,127.02609663221197,786.0,84.0,taxi_respawn_18,picked
dyn_pax_435,703.0,2026-09-07 09:11:43,-541692164#2,subway_entrance,,317.7122087179151,1441.0296574375257,37.504469327730426,127.0242365566347,,,,timeout
dyn_pax_436,705.0,2026-09-07 09:11:45,521770119#1,restaurant|bus_stop,,527.3115514435282,995.8620162900467,37.50049875494786,127.02671217090477,,,,timeout
dyn_pax_437,706.0,2026-09-07 09:11:46,1117538957#3,restaurant|subway_entrance|bus_stop,,465.5082521847807,644.8780924026132,37.49732530507706,127.02609663221197,927.0,221.0,taxi_respawn_35,picked
dyn_pax_438,709.0,2026-09-07 09:11:49,521770119#1,restaurant|bus_stop,,527.3115514435282,995.8620162900467,37.50049875494786,127.02671217090477,,,,timeout
dyn_pax_439,710.0,2026-09-07 09:11:50,494824662#3,company|restaurant|subway_entrance,,729.424850252167,406.6843378518681,37.49522941823122,127.02913698209235,,,,timeout
dyn_pax_440,710.0,2026-09-07 09:11:50,521770119#1,restaurant|bus_stop,,527.3115514435282,995.8620162900467,37.50049875494786,127.02671217090477,,,,timeout
dyn_pax_441,711.0,2026-09-07 09:11:51,218877837#2,company|restaurant|bus_stop,,479.4555212141038,978.0213907550284,37.500328997763305,127.02617530290202,,,,timeout
dyn_pax_442,711.0,2026-09-07 09:11:51,504227069,residential|restaurant,,587.1158993285404,291.7776336445087,37.494167438547194,127.02755526357365,,,,timeout
dyn_pax_443,714.0,2026-09-07 09:11:54,129731859#0,restaurant,,636.6446621144157,858.1896913104493,37.49927921090336,127.0279810114602,,,,timeout
dyn_pax_444,714.0,2026-09-07 09:11:54,521766180#1,company|restaurant|bus_stop,,466.73410130235357,1169.2838037446552,37.502049542882666,127.02598608796039,1838.0,1124.0,taxi_respawn_17,picked
dyn_pax_445,715.0,2026-09-07 09:11:55,521766175#1,company|restaurant|subway_entrance,,332.9365590021661,1411.5585828157227,37.504206724109,127.02441570308932,,,,timeout
dyn_pax_446,717.0,2026-09-07 09:11:57,218873820#0,restaurant|subway_entrance|bus_stop,,628.9829311132032,562.4061665928522,37.49661325243901,127.02796447999128,,,,timeout
dyn_pax_447,718.0,2026-09-07 09:11:58,-542367267#1,bus_stop,,247.51018316686128,1414.7184918773391,37.504219024473855,127.02344900430944,920.0,202.0,taxi_respawn_17,picked
dyn_pax_448,719.0,2026-09-07 09:11:59,523141074#0,company|restaurant|subway_entrance,,524.0338794858329,871.4890157117229,37.4993777454413,127.02670460634431,1043.0,324.0,taxi_respawn_38,picked
dyn_pax_449,720.0,2026-09-07 09:12:00,-417933645#2,company|restaurant|subway_entrance,,701.1658676593129,719.5455833044954,37.49804244093877,127.02874337560036,1226.0,506.0,taxi_respawn_2,picked
dyn_pax_450,720.0,2026-09-07 09:12:00,309155295#0,company|restaurant,,688.2712938579457,529.5739965525526,37.49632868191341,127.02864258735015,800.0,80.0,taxi_18,picked
dyn_pax_451,721.0,2026-09-07 09:12:01,494824662#3,company|restaurant|subway_entrance,,729.424850252167,406.6843378518681,37.49522941823122,127.02913698209235,,,,timeout
dyn_pax_452,725.0,2026-09-07 09:12:05,521770119#1,restaurant|bus_stop,,527.3115514435282,995.8620162900467,37.50049875494786,127.02671217090477,,,,timeout
dyn_pax_453,726.0,2026-09-07 09:12:06,520307304#0,school|subway_entrance|bus_stop,,602.6035134310263,763.145495629718,37.498416594724866,127.02761864854104,,,,timeout
dyn_pax_454,728.0,2026-09-07 09:12:08,305539406,company|restaurant|subway_entrance,,566.389495917364,736.5285064605782,37.49816998085155,127.02721550408178,,,,timeout
dyn_pax_455,729.0,2026-09-07 09:12:09,521766180#1,company|restaurant|bus_stop,,466.73410130235357,1169.2838037446552,37.502049542882666,127.02598608796039,1843.0,1114.0,taxi_respawn_6,picked
dyn_pax_456,730.0,2026-09-07 09:12:10,494824662#3,company|restaurant|subway_entrance,,729.424850252167,406.6843378518681,37.49522941823122,127.02913698209235,,,,timeout
dyn_pax_457,731.0,2026-09-07 09:12:11,1229817205#0,company|subway_entrance|bus_stop,,599.2457558679199,652.2907550986157,37.497417346160496,127.02760695963683,1171.0,440.0,taxi_respawn_26,picked
dyn_pax_458,732.0,2026-09-07 09:12:12,802110008,restaurant,,567.9368588148042,1294.4290295528247,37.503196013251454,127.02710071947062,759.0,27.0,taxi_27,picked
dyn_pax_459,734.0,2026-09-07 09:12:14,520307304#0,school|subway_entrance|bus_stop,,602.6035134310263,763.145495629718,37.498416594724866,127.02761864854104,,,,timeout
dyn_pax_460,735.0,2026-09-07 09:12:15,218873820#0,restaurant|subway_entrance|bus_stop,,628.9829311132032,562.4061665928522,37.49661325243901,127.02796447999128,,,,timeout
dyn_pax_461,737.0,2026-09-07 09:12:17,218873820#0,restaurant|subway_entrance|bus_stop,,628.9829311132032,562.4061665928522,37.49661325243901,127.02796447999128,,,,timeout
dyn_pax_462,740.0,2026-09-07 09:12:20,-506191135#22,residential|company|restaurant|bus_stop,,38.693950105848444,1321.9513167019495,37.50334380565249,127.02110990869835,,,,timeout
dyn_pax_463,740.0,2026-09-07 09:12:20,309155295#3,restaurant,,868.2249250208004,595.011595969151,37.496952113096654,127.03066169877924,755.0,15.0,taxi_respawn_1,picked
dyn_pax_464,741.0,2026-09-07 09:12:21,521770116#2,company|restaurant|bus_stop,,432.3182248087171,1108.514093563608,37.50149560521279,127.02561136613096,1186.0,445.0,taxi_respawn_22,picked
dyn_pax_465,743.0,2026-09-07 09:12:23,521766175#3,company|restaurant|subway_entrance|bus_stop,,373.6701172395771,1298.610217621072,37.50319695740621,127.02490310718325,,,,timeout
dyn_pax_466,744.0,2026-09-07 09:12:24,521766175#3,company|restaurant|subway_entrance|bus_stop,,373.6701172395771,1298.610217621072,37.50319695740621,127.02490310718325,,,,timeout
dyn_pax_467,747.0,2026-09-07 09:12:27,417933642#0,restaurant|bus_stop,,1041.0954363710525,463.30841921497654,37.49579826441859,127.03264736696761,,,,timeout
dyn_pax_468,748.0,2026-09-07 09:12:28,178441450#1,residential|company|restaurant|bus_stop,,282.90243066757296,609.4157395563556,37.496971320837204,127.02404044855805,,,,timeout
dyn_pax_469,750.0,2026-09-07 09:12:30,-417750336#5,restaurant,,886.0343029737398,891.1232225857099,37.499622942823265,127.030792984823,960.0,210.0,taxi_18,picked
dyn_pax_470,751.0,2026-09-07 09:12:31,-504509918#2,company|restaurant|bus_stop,,398.9694242295193,827.4758220967593,37.49895762305832,127.02530099003066,1185.0,434.0,taxi_45,picked
dyn_pax_471,751.0,2026-09-07 09:12:31,218857636#1,residential|company|restaurant|bus_stop,,297.92905089287035,623.2061345250047,37.49709839153085,127.02420706961871,,,,timeout
dyn_pax_472,752.0,2026-09-07 09:12:32,-379463134#2,restaurant,,527.5499142349145,1277.2476095039178,37.503033607059436,127.02664812966836,1233.0,481.0,taxi_17,picked
dyn_pax_473,753.0,2026-09-07 09:12:33,417933646#0,restaurant,,894.2617302193242,410.3206078764906,37.49529326349135,127.03099977850056,1042.0,289.0,taxi_respawn_5,picked
dyn_pax_474,754.0,2026-09-07 09:12:34,521770119#0,restaurant|bus_stop,,548.9831206778387,935.1148840516827,37.499955620541705,127.02697161236954,,,,timeout
dyn_pax_475,754.0,2026-09-07 09:12:34,523141074#0,company|restaurant|subway_entrance,,524.0338794858329,871.4890157117229,37.4993777454413,127.02670460634431,1049.0,295.0,taxi_respawn_6,picked
dyn_pax_476,755.0,2026-09-07 09:12:35,-541692164#2,subway_entrance,,317.7122087179151,1441.0296574375257,37.504469327730426,127.0242365566347,,,,timeout
dyn_pax_477,758.0,2026-09-07 09:12:38,480850873,company|restaurant|bus_stop,,548.1935052770749,708.5896639848544,37.49791486187585,127.0270163956136,,,,unpicked
dyn_pax_478,763.0,2026-09-07 09:12:43,521766175#1,company|restaurant|subway_entrance,,332.9365590021661,1411.5585828157227,37.504206724109,127.02441570308932,,,,timeout
dyn_pax_479,766.0,2026-09-07 09:12:46,1229817205#0,company|subway_entrance|bus_stop,,599.2457558679199,652.2907550986157,37.497417346160496,127.02760695963683,1264.0,498.0,taxi_respawn_8,picked
dyn_pax_480,767.0,2026-09-07 09:12:47,218873820#0,restaurant|subway_entrance|bus_stop,,628.9829311132032,562.4061665928522,37.49661325243901,127.02796447999128,,,,timeout
dyn_pax_481,767.0,2026-09-07 09:12:47,523141074#0,company|restaurant|subway_entrance,,524.0338794858329,871.4890157117229,37.4993777454413,127.02670460634431,1132.0,365.0,taxi_9,picked
dyn_pax_482,768.0,2026-09-07 09:12:48,805827756#0,restaurant,,725.8600087193602,932.9429066344904,37.49996945301828,127.02897203227693,941.0,173.0,taxi_27,picked
dyn_pax_483,768.0,2026-09-07 09:12:48,521766175#1,company|restaurant|subway_entrance,,332.9365590021661,1411.5585828157227,37.504206724109,127.02441570308932,,,,timeout
dyn_pax_484,771.0,2026-09-07 09:12:51,523141074#0,company|restaurant|subway_entrance,,524.0338794858329,871.4890157117229,37.4993777454413,127.02670460634431,1224.0,453.0,taxi_3,picked
dyn_pax_485,773.0,2026-09-07 09:12:53,417750337#2,restaurant,,602.0112566641748,1239.22102407953,37.50270511928559,127.02749909599581,808.0,35.0,taxi_8,picked
dyn_pax_486,774.0,2026-09-07 09:12:54,129731721#0,company|restaurant,,451.4485582282947,673.334514427724,37.497578992002325,127.0259309178301,846.0,72.0,taxi_6,picked
dyn_pax_487,774.0,2026-09-07 09:12:54,521766182#1,company|restaurant|subway_entrance,,681.695169875507,539.6867345716422,37.496418539503196,127.02856584056028,949.0,175.0,taxi_respawn_18,picked
dyn_pax_488,775.0,2026-09-07 09:12:55,256787796#5,restaurant,,616.3422671393917,878.7532899245961,37.49946062055924,127.02774658517313,,,,timeout
dyn_pax_489,776.0,2026-09-07 09:12:56,-506191135#2,residential|bus_stop,,236.19733776439384,769.6838415951818,37.49840622577806,127.02347432089968,,,,timeout
dyn_pax_490,777.0,2026-09-07 09:12:57,1376141182#0,bus_stop,,385.7154046370183,1301.0311255965628,37.50322104370192,127.02503873135461,,,,timeout
dyn_pax_491,778.0,2026-09-07 09:12:58,218864491#0,restaurant|bus_stop,,769.9803916976219,760.1217113917903,37.49842094941813,127.02951181742357,,,,timeout
dyn_pax_492,780.0,2026-09-07 09:13:00,523141074#0,company|restaurant|subway_entrance,,524.0338794858329,871.4890157117229,37.4993777454413,127.02670460634431,,,,timeout
dyn_pax_493,781.0,2026-09-07 09:13:01,-542367267#1,bus_stop,,247.51018316686128,1414.7184918773391,37.504219024473855,127.02344900430944,931.0,150.0,taxi_25,picked
dyn_pax_494,783.0,2026-09-07 09:13:03,520307304#0,school|subway_entrance|bus_stop,,602.6035134310263,763.145495629718,37.498416594724866,127.02761864854104,,,,timeout
dyn_pax_495,784.0,2026-09-07 09:13:04,1376141182#0,bus_stop,,385.7154046370183,1301.0311255965628,37.50322104370192,127.02503873135461,,,,timeout
dyn_pax_496,785.0,2026-09-07 09:13:05,805827756#0,restaurant,,725.8600087193602,932.9429066344904,37.49996945301828,127.02897203227693,1280.0,495.0,taxi_27,picked
dyn_pax_497,786.0,2026-09-07 09:13:06,-506191135#22,residential|company|restaurant|bus_stop,,38.693950105848444,1321.9513167019495,37.50334380565249,127.02110990869835,,,,timeout
dyn_pax_498,792.0,2026-09-07 09:13:12,417933642#0,restaurant|bus_stop,,1041.0954363710525,463.30841921497654,37.49579826441859,127.03264736696761,,,,timeout
dyn_pax_499,793.0,2026-09-07 09:13:13,521766175#3,company|restaurant|subway_entrance|bus_stop,,373.6701172395771,1298.610217621072,37.50319695740621,127.02490310718325,,,,timeout
dyn_pax_500,795.0,2026-09-07 09:13:15,521766180#1,company|restaurant|bus_stop,,466.73410130235357,1169.2838037446552,37.502049542882666,127.02598608796039,1286.0,491.0,taxi_1,picked
dyn_pax_501,797.0,2026-09-07 09:13:17,218864491#0,restaurant|bus_stop,,769.9803916976219,760.1217113917903,37.49842094941813,127.02951181742357,,,,timeout
dyn_pax_502,798.0,2026-09-07 09:13:18,375049565#6,restaurant|subway_entrance|bus_stop,,789.5153251748014,798.8522330112556,37.49877353199428,127.02972351946808,,,,timeout
dyn_pax_503,799.0,2026-09-07 09:13:19,-523141073,residential|company,,283.47995026542384,1109.9635024546676,37.50148051131825,127.02392811188028,,,,timeout
dyn_pax_504,800.0,2026-09-07 09:13:20,218864491#0,restaurant|bus_stop,,769.9803916976219,760.1217113917903,37.49842094941813,127.02951181742357,,,,timeout
dyn_pax_505,800.0,2026-09-07 09:13:20,-117790045#0,restaurant,,544.8147652988505,1238.053441474183,37.50268379633789,127.0268526423962,985.0,185.0,taxi_37,picked
dyn_pax_506,800.0,2026-09-07 09:13:20,521766175#1,company|restaurant|subway_entrance,,332.9365590021661,1411.5585828157227,37.504206724109,127.02441570308932,,,,timeout
dyn_pax_507,804.0,2026-09-07 09:13:24,521766175#3,company|restaurant|subway_entrance|bus_stop,,373.6701172395771,1298.610217621072,37.50319695740621,127.02490310718325,,,,timeout
dyn_pax_508,804.0,2026-09-07 09:13:24,239962780#1,company|restaurant,,78.091042197054,1418.7355011637856,37.504223128704645,127.02153236485597,1011.0,207.0,taxi_34,picked
dyn_pax_509,807.0,2026-09-07 09:13:27,218873820#0,restaurant|subway_entrance|bus_stop,,628.9829311132032,562.4061665928522,37.49661325243901,127.02796447999128,,,,timeout
dyn_pax_510,813.0,2026-09-07 09:13:33,521766180#1,company|restaurant|bus_stop,,466.73410130235357,1169.2838037446552,37.502049542882666,127.02598608796039,,,,timeout
dyn_pax_511,814.0,2026-09-07 09:13:34,-523141073,residential|company,,283.47995026542384,1109.9635024546676,37.50148051131825,127.02392811188028,,,,timeout
dyn_pax_512,815.0,2026-09-07 09:13:35,-506191135#22,residential|company|restaurant|bus_stop,,38.693950105848444,1321.9513167019495,37.50334380565249,127.02110990869835,,,,timeout
dyn_pax_513,815.0,2026-09-07 09:13:35,-1011529829#3,residential|restaurant,,246.84006179949273,776.1178104815556,37.49846619888778,127.02359312469504,1015.0,200.0,taxi_respawn_3,picked
dyn_pax_514,816.0,2026-09-07 09:13:36,494824662#3,company|restaurant|subway_entrance,,729.424850252167,406.6843378518681,37.49522941823122,127.02913698209235,,,,timeout
dyn_pax_515,816.0,2026-09-07 09:13:36,218877837#0,company,,455.71990885566936,1045.563527646426,37.50093295148158,127.02589090425857,824.0,8.0,taxi_31,picked
dyn_pax_516,820.0,2026-09-07 09:13:40,1229817205#1,residential|bus_stop,,631.6400080768872,572.7061575261558,37.49670653972221,127.02799208080955,971.0,151.0,taxi_respawn_33,picked
dyn_pax_517,821.0,2026-09-07 09:13:41,1229817205#1,residential|bus_stop,,631.6400080768872,572.7061575261558,37.49670653972221,127.02799208080955,1077.0,256.0,taxi_respawn_13,picked
dyn_pax_518,821.0,2026-09-07 09:13:41,-417933646#4,company|restaurant,,761.9867537178288,747.7080569325292,37.49830761500862,127.02942437673002,1050.0,229.0,taxi_2,picked
dyn_pax_519,822.0,2026-09-07 09:13:42,-506191135#22,residential|company|restaurant|bus_stop,,38.693950105848444,1321.9513167019495,37.50334380565249,127.02110990869835,,,,timeout
dyn_pax_520,823.0,2026-09-07 09:13:43,975332778#1,bus_stop,,681.6099970732737,721.9380561808346,37.49806030190971,127.02852170075586,1181.0,358.0,taxi_7,picked
dyn_pax_521,824.0,2026-09-07 09:13:44,1117538958#3,bus_stop,,160.18899290588462,540.6019911995099,37.49632820280781,127.02266936696756,845.0,21.0,taxi_28,picked
dyn_pax_522,830.0,2026-09-07 09:13:50,-542367267#1,bus_stop,,247.51018316686128,1414.7184918773391,37.504219024473855,127.02344900430944,939.0,109.0,taxi_respawn_14,picked
dyn_pax_523,832.0,2026-09-07 09:13:52,-506191135#22,residential|company|restaurant|bus_stop,,38.693950105848444,1321.9513167019495,37.50334380565249,127.02110990869835,,,,timeout
dyn_pax_524,833.0,2026-09-07 09:13:53,178441450#1,residential|company|restaurant|bus_stop,,282.90243066757296,609.4157395563556,37.496971320837204,127.02404044855805,,,,timeout
dyn_pax_525,835.0,2026-09-07 09:13:55,521766180#1,company|restaurant|bus_stop,,466.73410130235357,1169.2838037446552,37.502049542882666,127.02598608796039,,,,timeout
dyn_pax_526,835.0,2026-09-07 09:13:55,1117538958#3,bus_stop,,160.18899290588462,540.6019911995099,37.49632820280781,127.02266936696756,893.0,58.0,taxi_33,picked
dyn_pax_527,837.0,2026-09-07 09:13:57,521766182#1,company|restaurant|subway_entrance,,681.695169875507,539.6867345716422,37.496418539503196,127.02856584056028,1012.0,175.0,taxi_10,picked
dyn_pax_528,838.0,2026-09-07 09:13:58,480850873,company|restaurant|bus_stop,,548.1935052770749,708.5896639848544,37.49791486187585,127.0270163956136,,,,unpicked
dyn_pax_529,839.0,2026-09-07 09:13:59,521766175#3,company|restaurant|subway_entrance|bus_stop,,373.6701172395771,1298.610217621072,37.50319695740621,127.02490310718325,,,,timeout
dyn_pax_530,839.0,2026-09-07 09:13:59,-117790039#4,restaurant,,976.1736160857955,1107.3942396063046,37.50158817580974,127.03176100793065,988.0,149.0,taxi_8,picked
dyn_pax_531,841.0,2026-09-07 09:14:01,1229817205#1,residential|bus_stop,,631.6400080768872,572.7061575261558,37.49670653972221,127.02799208080955,1130.0,289.0,taxi_respawn_19,picked
dyn_pax_532,843.0,2026-09-07 09:14:03,1117538958#3,bus_stop,,160.18899290588462,540.6019911995099,37.49632820280781,127.02266936696756,955.0,112.0,taxi_3,picked
dyn_pax_533,844.0,2026-09-07 09:14:04,521766175#3,company|restaurant|subway_entrance|bus_stop,,373.6701172395771,1298.610217621072,37.50319695740621,127.02490310718325,,,,timeout
dyn_pax_534,844.0,2026-09-07 09:14:04,521770119#0,restaurant|bus_stop,,548.9831206778387,935.1148840516827,37.499955620541705,127.02697161236954,,,,timeout
dyn_pax_535,846.0,2026-09-07 09:14:06,-417750336#5,restaurant,,886.0343029737398,891.1232225857099,37.499622942823265,127.030792984823,1104.0,258.0,taxi_13,picked
dyn_pax_536,847.0,2026-09-07 09:14:07,521766175#3,company|restaurant|subway_entrance|bus_stop,,373.6701172395771,1298.610217621072,37.50319695740621,127.02490310718325,,,,timeout
dyn_pax_537,850.0,2026-09-07 09:14:10,520307304#0,school|subway_entrance|bus_stop,,602.6035134310263,763.145495629718,37.498416594724866,127.02761864854104,,,,timeout
dyn_pax_538,850.0,2026-09-07 09:14:10,-379463134#6,restaurant,,651.5506250710082,1319.679135788758,37.50343926652266,127.02804017641046,1117.0,267.0,taxi_27,picked
dyn_pax_539,852.0,2026-09-07 09:14:12,521766175#3,company|restaurant|subway_entrance|bus_stop,,373.6701172395771,1298.610217621072,37.50319695740621,127.02490310718325,,,,timeout
dyn_pax_540,853.0,2026-09-07 09:14:13,521766175#1,company|restaurant|subway_entrance,,332.9365590021661,1411.5585828157227,37.504206724109,127.02441570308932,,,,timeout
dyn_pax_541,855.0,2026-09-07 09:14:15,1229817205#0,company|subway_entrance|bus_stop,,599.2457558679199,652.2907550986157,37.497417346160496,127.02760695963683,1362.0,507.0,taxi_40,picked
dyn_pax_542,856.0,2026-09-07 09:14:16,178441450#1,residential|company|restaurant|bus_stop,,282.90243066757296,609.4157395563556,37.496971320837204,127.02404044855805,,,,timeout
dyn_pax_543,858.0,2026-09-07 09:14:18,-417933646#1,residential|restaurant,,826.6019869456061,577.8075382253838,37.49678928421788,127.03019516859905,873.0,15.0,taxi_20,picked
dyn_pax_544,859.0,2026-09-07 09:14:19,521770119#0,restaurant|bus_stop,,548.9831206778387,935.1148840516827,37.499955620541705,127.02697161236954,,,,timeout
dyn_pax_545,862.0,2026-09-07 09:14:22,1229817205#0,company|subway_entrance|bus_stop,,599.2457558679199,652.2907550986157,37.497417346160496,127.02760695963683,,,,timeout
dyn_pax_546,862.0,2026-09-07 09:14:22,309155295#3,restaurant,,868.2249250208004,595.011595969151,37.496952113096654,127.03066169877924,977.0,115.0,taxi_respawn_20,picked
dyn_pax_547,863.0,2026-09-07 09:14:23,-379232161#3,restaurant,,957.578372934647,431.27964063812743,37.495494003443426,127.03171068469486,,,,timeout
dyn_pax_548,864.0,2026-09-07 09:14:24,218873820#0,restaurant|subway_entrance|bus_stop,,628.9829311132032,562.4061665928522,37.49661325243901,127.02796447999128,1457.0,593.0,taxi_respawn_25,picked
dyn_pax_549,864.0,2026-09-07 09:14:24,506191135#3,residential|company|restaurant|bus_stop,,238.79972345576414,789.4714057742513,37.49858497042428,127.023499044737,938.0,74.0,taxi_respawn_19,picked
dyn_pax_550,865.0,2026-09-07 09:14:25,520307304#0,school|subway_entrance|bus_stop,,602.6035134310263,763.145495629718,37.498416594724866,127.02761864854104,,,,timeout
dyn_pax_551,867.0,2026-09-07 09:14:27,521766180#1,company|restaurant|bus_stop,,466.73410130235357,1169.2838037446552,37.502049542882666,127.02598608796039,1679.0,812.0,taxi_33,picked
dyn_pax_552,868.0,2026-09-07 09:14:28,520307304#0,school|subway_entrance|bus_stop,,602.6035134310263,763.145495629718,37.498416594724866,127.02761864854104,,,,timeout
dyn_pax_553,869.0,2026-09-07 09:14:29,541692164#1,subway_entrance,,271.6277521231475,1406.6420105391767,37.5041508337347,127.02372362926798,1365.0,496.0,taxi_respawn_1,picked
dyn_pax_554,870.0,2026-09-07 09:14:30,-309155295#2,restaurant,,851.6644930724242,598.8503866590313,37.496983571544654,127.03047355257749,934.0,64.0,taxi_43,picked
dyn_pax_555,871.0,2026-09-07 09:14:31,-557469300#1,restaurant,,739.5265057687212,1049.0561556697721,37.5010180173999,127.02909905278416,1062.0,191.0,taxi_respawn_28,picked
dyn_pax_556,872.0,2026-09-07 09:14:32,218873820#0,restaurant|subway_entrance|bus_stop,,628.9829311132032,562.4061665928522,37.49661325243901,127.02796447999128,,,,timeout
dyn_pax_557,873.0,2026-09-07 09:14:33,-506191135#22,residential|company|restaurant|bus_stop,,38.693950105848444,1321.9513167019495,37.50334380565249,127.02110990869835,,,,timeout
dyn_pax_558,874.0,2026-09-07 09:14:34,417933646#2,residential|restaurant,,830.3119525357222,594.5819430897021,37.496941093289735,127.0302331440542,900.0,26.0,taxi_respawn_27,picked
dyn_pax_559,875.0,2026-09-07 09:14:35,375049565#6,restaurant|subway_entrance|bus_stop,,789.5153251748014,798.8522330112556,37.49877353199428,127.02972351946808,1368.0,493.0,taxi_respawn_27,picked
dyn_pax_560,878.0,2026-09-07 09:14:38,628232693#0,company|restaurant,,644.2623295929467,660.168099777976,37.49749680792099,127.0281140674837,927.0,49.0,taxi_2,picked
dyn_pax_561,879.0,2026-09-07 09:14:39,-542367267#1,bus_stop,,247.51018316686128,1414.7184918773391,37.504219024473855,127.02344900430944,1001.0,122.0,taxi_11,picked
dyn_pax_562,881.0,2026-09-07 09:14:41,521770119#0,restaurant|bus_stop,,548.9831206778387,935.1148840516827,37.499955620541705,127.02697161236954,,,,timeout
dyn_pax_563,881.0,2026-09-07 09:14:41,542367267#1,company|restaurant,,199.26981683313872,1381.121508122661,37.50390724154084,127.02291151664822,900.0,19.0,taxi_32,picked
dyn_pax_564,882.0,2026-09-07 09:14:42,178441450#1,residential|company|restaurant|bus_stop,,282.90243066757296,609.4157395563556,37.496971320837204,127.02404044855805,1418.0,536.0,taxi_21,picked
dyn_pax_565,882.0,2026-09-07 09:14:42,802110008,restaurant,,567.9368588148042,1294.4290295528247,37.503196013251454,127.02710071947062,1229.0,347.0,taxi_respawn_28,picked
dyn_pax_566,884.0,2026-09-07 09:14:44,975332778#1,bus_stop,,681.6099970732737,721.9380561808346,37.49806030190971,127.02852170075586,,,,timeout
dyn_pax_567,885.0,2026-09-07 09:14:45,375049565#6,restaurant|subway_entrance|bus_stop,,789.5153251748014,798.8522330112556,37.49877353199428,127.02972351946808,1363.0,478.0,taxi_47,picked
dyn_pax_568,885.0,2026-09-07 09:14:45,417933645#0,residential|restaurant,,823.1026288816429,385.61625104994533,37.49505730126708,127.03020109557775,,,,timeout
dyn_pax_569,888.0,2026-09-07 09:14:48,218877837#2,company|restaurant|bus_stop,,479.4555212141038,978.0213907550284,37.500328997763305,127.02617530290202,1300.0,412.0,taxi_respawn_16,picked
dyn_pax_570,890.0,2026-09-07 09:14:50,975332778#1,bus_stop,,681.6099970732737,721.9380561808346,37.49806030190971,127.02852170075586,,,,timeout
dyn_pax_571,895.0,2026-09-07 09:14:55,506191135#3,residential|company|restaurant|bus_stop,,238.79972345576414,789.4714057742513,37.49858497042428,127.023499044737,962.0,67.0,taxi_4,picked
dyn_pax_572,895.0,2026-09-07 09:14:55,26163000#3,restaurant,,602.970622715944,1275.0711016561868,37.50302824900089,127.02750144434575,1012.0,117.0,taxi_46,picked
dyn_pax_573,896.0,2026-09-07 09:14:56,1117538957#3,restaurant|subway_entrance|bus_stop,,465.5082521847807,644.8780924026132,37.49732530507706,127.02609663221197,1047.0,151.0,taxi_respawn_37,picked
dyn_pax_574,898.0,2026-09-07 09:14:58,-506191135#22,residential|company|restaurant|bus_stop,,38.693950105848444,1321.9513167019495,37.50334380565249,127.02110990869835,,,,timeout
dyn_pax_575,898.0,2026-09-07 09:14:58,1376141182#0,bus_stop,,385.7154046370183,1301.0311255965628,37.50322104370192,127.02503873135461,,,,timeout
dyn_pax_576,899.0,2026-09-07 09:14:59,1229817205#0,company|subway_entrance|bus_stop,,599.2457558679199,652.2907550986157,37.497417346160496,127.02760695963683,,,,timeout
dyn_pax_577,901.0,2026-09-07 09:15:01,178441450#1,residential|company|restaurant|bus_stop,,282.90243066757296,609.4157395563556,37.496971320837204,127.02404044855805,,,,timeout
dyn_pax_578,901.0,2026-09-07 09:15:01,975332778#1,bus_stop,,681.6099970732737,721.9380561808346,37.49806030190971,127.02852170075586,,,,timeout
dyn_pax_579,902.0,2026-09-07 09:15:02,305539406,company|restaurant|subway_entrance,,566.389495917364,736.5285064605782,37.49816998085155,127.02721550408178,,,,timeout
dyn_pax_580,902.0,2026-09-07 09:15:02,521766182#1,company|restaurant|subway_entrance,,681.695169875507,539.6867345716422,37.496418539503196,127.02856584056028,1032.0,130.0,taxi_respawn_9,picked
dyn_pax_581,904.0,2026-09-07 09:15:04,417933642#0,restaurant|bus_stop,,1041.0954363710525,463.30841921497654,37.49579826441859,127.03264736696761,,,,timeout
dyn_pax_582,905.0,2026-09-07 09:15:05,-541692164#2,subway_entrance,,317.7122087179151,1441.0296574375257,37.504469327730426,127.0242365566347,,,,timeout
dyn_pax_583,907.0,2026-09-07 09:15:07,1056882877#3,residential|company|restaurant,,365.79280968467333,433.0557487307964,37.495398294451746,127.02501948586043,1002.0,95.0,taxi_12,picked
dyn_pax_584,908.0,2026-09-07 09:15:08,-541692164#2,subway_entrance,,317.7122087179151,1441.0296574375257,37.504469327730426,127.0242365566347,,,,timeout
dyn_pax_585,908.0,2026-09-07 09:15:08,117790051#2,restaurant,,558.5532373104973,1361.778638311631,37.503800946163,127.02697864469606,1099.0,191.0,taxi_6,picked
dyn_pax_586,911.0,2026-09-07 09:15:11,305539406,company|restaurant|subway_entrance,,566.389495917364,736.5285064605782,37.49816998085155,127.02721550408178,,,,timeout
dyn_pax_587,912.0,2026-09-07 09:15:12,256787796#6,restaurant,,626.4884087870183,851.7135990963859,37.499218954480725,127.02786771303293,1400.0,488.0,taxi_respawn_33,picked
dyn_pax_588,913.0,2026-09-07 09:15:13,26163000#3,restaurant,,602.970622715944,1275.0711016561868,37.50302824900089,127.02750144434575,1093.0,180.0,taxi_respawn_27,picked
dyn_pax_589,915.0,2026-09-07 09:15:15,494824662#3,company|restaurant|subway_entrance,,729.424850252167,406.6843378518681,37.49522941823122,127.02913698209235,,,,timeout
dyn_pax_590,915.0,2026-09-07 09:15:15,628232693#0,company|restaurant,,644.2623295929467,660.168099777976,37.49749680792099,127.0281140674837,953.0,38.0,taxi_14,picked
dyn_pax_591,916.0,2026-09-07 09:15:16,521770119#1,restaurant|bus_stop,,527.3115514435282,995.8620162900467,37.50049875494786,127.02671217090477,1240.0,324.0,taxi_13,picked
dyn_pax_592,916.0,2026-09-07 09:15:16,990628460#0,restaurant,,624.9193131653682,704.9656163236222,37.49789670602668,127.02788475117727,,,,timeout
dyn_pax_593,917.0,2026-09-07 09:15:17,805827757#0,restaurant,,762.3138727549854,912.1862152730512,37.49978934916138,127.02938912364917,,,,timeout
dyn_pax_594,917.0,2026-09-07 09:15:17,-117790045#3,restaurant,,459.7597996777886,1476.3698694609513,37.50481454718326,127.02583436303603,,,,timeout
dyn_pax_595,918.0,2026-09-07 09:15:18,-504509918#2,company|restaurant|bus_stop,,398.9694242295193,827.4758220967593,37.49895762305832,127.02530099003066,,,,timeout
dyn_pax_596,919.0,2026-09-07 09:15:19,521766175#3,company|restaurant|subway_entrance|bus_stop,,373.6701172395771,1298.610217621072,37.50319695740621,127.02490310718325,,,,timeout
dyn_pax_597,922.0,2026-09-07 09:15:22,504227065,company,,441.32681628575455,666.8408278135128,37.497518581743364,127.0258180180219,1167.0,245.0,taxi_11,picked
dyn_pax_598,929.0,2026-09-07 09:15:29,-417750336#3,school|company,,868.1859178511071,948.5147012398835,37.50013657861005,127.03057759421064,1101.0,172.0,taxi_33,picked
dyn_pax_599,930.0,2026-09-07 09:15:30,975332778#1,bus_stop,,681.6099970732737,721.9380561808346,37.49806030190971,127.02852170075586,,,,timeout
dyn_pax_600,931.0,2026-09-07 09:15:31,256787796#0,restaurant,,530.944358998998,1120.7521543106918,37.50162448989409,127.02672362781294,984.0,53.0,taxi_respawn_29,picked
dyn_pax_601,933.0,2026-09-07 09:15:33,521770119#0,restaurant|bus_stop,,548.9831206778387,935.1148840516827,37.499955620541705,127.02697161236954,,,,timeout
dyn_pax_602,934.0,2026-09-07 09:15:34,520307304#0,school|subway_entrance|bus_stop,,602.6035134310263,763.145495629718,37.498416594724866,127.02761864854104,,,,timeout
dyn_pax_603,935.0,2026-09-07 09:15:35,129733424#0,restaurant,,719.7944869540754,1033.9950883209078,37.500878618503414,127.0288795122034,1191.0,256.0,taxi_respawn_18,picked
dyn_pax_604,936.0,2026-09-07 09:15:36,494824662#3,company|restaurant|subway_entrance,,729.424850252167,406.6843378518681,37.49522941823122,127.02913698209235,,,,timeout
dyn_pax_605,936.0,2026-09-07 09:15:36,379232155,restaurant,,946.0567570824509,480.05346239194995,37.49593120335224,127.03156888346594,1408.0,472.0,taxi_16,picked
dyn_pax_606,939.0,2026-09-07 09:15:39,-557469234,restaurant,,929.7298817515857,1030.9986809445256,37.50089122514563,127.03125394368278,1056.0,117.0,taxi_20,picked
dyn_pax_607,940.0,2026-09-07 09:15:40,521770119#0,restaurant|bus_stop,,548.9831206778387,935.1148840516827,37.499955620541705,127.02697161236954,,,,timeout
dyn_pax_608,941.0,2026-09-07 09:15:41,1376141183#0,bus_stop,,548.2528111146681,901.2117688498424,37.49965007283687,127.02697139402301,,,,timeout
dyn_pax_609,942.0,2026-09-07 09:15:42,521770119#0,restaurant|bus_stop,,548.9831206778387,935.1148840516827,37.499955620541705,127.02697161236954,,,,timeout
dyn_pax_610,944.0,2026-09-07 09:15:44,521766175#1,company|restaurant|subway_entrance,,332.9365590021661,1411.5585828157227,37.504206724109,127.02441570308932,,,,timeout
dyn_pax_611,945.0,2026-09-07 09:15:45,1376141183#0,bus_stop,,548.2528111146681,901.2117688498424,37.49965007283687,127.02697139402301,,,,timeout
dyn_pax_612,947.0,2026-09-07 09:15:47,-417933645#2,company|restaurant|subway_entrance,,701.1658676593129,719.5455833044954,37.49804244093877,127.02874337560036,1253.0,306.0,taxi_respawn_4,picked
dyn_pax_613,948.0,2026-09-07 09:15:48,1117538957#3,restaurant|subway_entrance|bus_stop,,465.5082521847807,644.8780924026132,37.49732530507706,127.02609663221197,1100.0,152.0,taxi_48,picked
dyn_pax_614,949.0,2026-09-07 09:15:49,178441450#1,residential|company|restaurant|bus_stop,,282.90243066757296,609.4157395563556,37.496971320837204,127.02404044855805,,,,timeout
dyn_pax_615,950.0,2026-09-07 09:15:50,375049565#6,restaurant|subway_entrance|bus_stop,,789.5153251748014,798.8522330112556,37.49877353199428,127.02972351946808,,,,timeout
dyn_pax_616,951.0,2026-09-07 09:15:51,1229817205#0,company|subway_entrance|bus_stop,,599.2457558679199,652.2907550986157,37.497417346160496,127.02760695963683,,,,timeout
dyn_pax_617,953.0,2026-09-07 09:15:53,1117538957#3,restaurant|subway_entrance|bus_stop,,465.5082521847807,644.8780924026132,37.49732530507706,127.02609663221197,1040.0,87.0,taxi_41,picked
dyn_pax_618,954.0,2026-09-07 09:15:54,305539406,company|restaurant|subway_entrance,,566.389495917364,736.5285064605782,37.49816998085155,127.02721550408178,,,,timeout
dyn_pax_619,956.0,2026-09-07 09:15:56,521766180#1,company|restaurant|bus_stop,,466.73410130235357,1169.2838037446552,37.502049542882666,127.02598608796039,,,,timeout
dyn_pax_620,957.0,2026-09-07 09:15:57,1376141183#0,bus_stop,,548.2528111146681,901.2117688498424,37.49965007283687,127.02697139402301,,,,timeout
dyn_pax_621,957.0,2026-09-07 09:15:57,-379232161#3,restaurant,,957.578372934647,431.27964063812743,37.495494003443426,127.03171068469486,,,,timeout
dyn_pax_622,959.0,2026-09-07 09:15:59,218864491#0,restaurant|bus_stop,,769.9803916976219,760.1217113917903,37.49842094941813,127.02951181742357,1442.0,483.0,taxi_respawn_28,picked
dyn_pax_623,964.0,2026-09-07 09:16:04,-541692164#2,subway_entrance,,317.7122087179151,1441.0296574375257,37.504469327730426,127.0242365566347,,,,timeout
dyn_pax_624,965.0,2026-09-07 09:16:05,1376141182#0,bus_stop,,385.7154046370183,1301.0311255965628,37.50322104370192,127.02503873135461,,,,timeout
dyn_pax_625,966.0,2026-09-07 09:16:06,-256787796#8,restaurant,,666.7735412908731,765.3811461974922,37.49844885044044,127.02834365925706,1125.0,159.0,taxi_respawn_12,picked
dyn_pax_626,968.0,2026-09-07 09:16:08,523141074#0,company|restaurant|subway_entrance,,524.0338794858329,871.4890157117229,37.4993777454413,127.02670460634431,1356.0,388.0,taxi_respawn_26,picked
dyn_pax_627,971.0,2026-09-07 09:16:11,218857636#1,residential|company|restaurant|bus_stop,,297.92905089287035,623.2061345250047,37.49709839153085,127.02420706961871,1267.0,296.0,taxi_46,picked
dyn_pax_628,973.0,2026-09-07 09:16:13,-379463134#1,restaurant,,479.36604535588674,1259.6870258351425,37.50286630987452,127.02610747054479,1007.0,34.0,taxi_respawn_4,picked
dyn_pax_629,974.0,2026-09-07 09:16:14,521766180#1,company|restaurant|bus_stop,,466.73410130235357,1169.2838037446552,37.502049542882666,127.02598608796039,,,,timeout
dyn_pax_630,975.0,2026-09-07 09:16:15,-506191135#22,residential|company|restaurant|bus_stop,,38.693950105848444,1321.9513167019495,37.50334380565249,127.02110990869835,,,,timeout
dyn_pax_631,977.0,2026-09-07 09:16:17,521766175#1,company|restaurant|subway_entrance,,332.9365590021661,1411.5585828157227,37.504206724109,127.02441570308932,,,,timeout
dyn_pax_632,979.0,2026-09-07 09:16:19,-541692164#2,subway_entrance,,317.7122087179151,1441.0296574375257,37.504469327730426,127.0242365566347,,,,timeout
dyn_pax_633,980.0,2026-09-07 09:16:20,-417933645#2,company|restaurant|subway_entrance,,701.1658676593129,719.5455833044954,37.49804244093877,127.02874337560036,1388.0,408.0,taxi_14,picked
dyn_pax_634,982.0,2026-09-07 09:16:22,1117538957#3,restaurant|subway_entrance|bus_stop,,465.5082521847807,644.8780924026132,37.49732530507706,127.02609663221197,1105.0,123.0,taxi_42,picked
dyn_pax_635,983.0,2026-09-07 09:16:23,-129731721#2,company|restaurant,,388.6558839574922,820.9778890483499,37.49889713764622,127.02518592115393,,,,timeout
dyn_pax_636,983.0,2026-09-07 09:16:23,-256787796#7,restaurant,,650.4923169509016,809.9698095387197,37.49884744554127,127.02814900895488,,,,timeout
dyn_pax_637,988.0,2026-09-07 09:16:28,-541692164#2,subway_entrance,,317.7122087179151,1441.0296574375257,37.504469327730426,127.0242365566347,,,,timeout
dyn_pax_638,991.0,2026-09-07 09:16:31,541692164#1,subway_entrance,,271.6277521231475,1406.6420105391767,37.5041508337347,127.02372362926798,,,,timeout
dyn_pax_639,994.0,2026-09-07 09:16:34,417933642#0,restaurant|bus_stop,,1041.0954363710525,463.30841921497654,37.49579826441859,127.03264736696761,,,,timeout
dyn_pax_640,994.0,2026-09-07 09:16:34,-129731857#1,restaurant,,773.0987126859483,849.1784152186673,37.4992237894183,127.02952598601298,1050.0,56.0,taxi_respawn_24,picked
dyn_pax_641,996.0,2026-09-07 09:16:36,1376141182#0,bus_stop,,385.7154046370183,1301.0311255965628,37.50322104370192,127.02503873135461,,,,timeout
dyn_pax_642,997.0,2026-09-07 09:16:37,521770119#1,restaurant|bus_stop,,527.3115514435282,995.8620162900467,37.50049875494786,127.02671217090477,,,,timeout
dyn_pax_643,998.0,2026-09-07 09:16:38,480850873,company|restaurant|bus_stop,,548.1935052770749,708.5896639848544,37.49791486187585,127.0270163956136,2276.0,1278.0,taxi_19,picked
dyn_pax_644,1001.0,2026-09-07 09:16:41,480850873,company|restaurant|bus_stop,,548.1935052770749,708.5896639848544,37.49791486187585,127.0270163956136,,,,timeout
dyn_pax_645,1002.0,2026-09-07 09:16:42,-504509918#2,company|restaurant|bus_stop,,398.9694242295193,827.4758220967593,37.49895762305832,127.02530099003066,,,,timeout
dyn_pax_646,1005.0,2026-09-07 09:16:45,218857636#1,residential|company|restaurant|bus_stop,,297.92905089287035,623.2061345250047,37.49709839153085,127.02420706961871,,,,timeout
dyn_pax_647,1006.0,2026-09-07 09:16:46,1117538957#3,restaurant|subway_entrance|bus_stop,,465.5082521847807,644.8780924026132,37.49732530507706,127.02609663221197,1320.0,314.0,taxi_28,picked
dyn_pax_648,1006.0,2026-09-07 09:16:46,-309155295#4,residential|restaurant,,966.4689567179357,639.4784987131154,37.49737120494098,127.0317619612052,1194.0,188.0,taxi_39,picked
dyn_pax_649,1008.0,2026-09-07 09:16:48,375049565#6,restaurant|subway_entrance|bus_stop,,789.5153251748014,798.8522330112556,37.49877353199428,127.02972351946808,,,,timeout
dyn_pax_650,1008.0,2026-09-07 09:16:48,-117790045#1,restaurant,,534.0975884889299,1266.9858058167179,37.502942402865294,127.02672459950128,1178.0,170.0,taxi_respawn_31,picked
dyn_pax_651,1008.0,2026-09-07 09:16:48,-1011529829#3,residential|restaurant,,246.84006179949273,776.1178104815556,37.49846619888778,127.02359312469504,1475.0,467.0,taxi_respawn_24,picked
dyn_pax_652,1009.0,2026-09-07 09:16:49,218864491#0,restaurant|bus_stop,,769.9803916976219,760.1217113917903,37.49842094941813,127.02951181742357,,,,timeout
dyn_pax_653,1011.0,2026-09-07 09:16:51,375049565#6,restaurant|subway_entrance|bus_stop,,789.5153251748014,798.8522330112556,37.49877353199428,127.02972351946808,,,,timeout
dyn_pax_654,1013.0,2026-09-07 09:16:53,129731857#1,residential|restaurant,,656.8212873140518,799.6615847813327,37.498755780674834,127.02822301071001,1126.0,113.0,taxi_36,picked
dyn_pax_655,1016.0,2026-09-07 09:16:56,523141074#0,company|restaurant|subway_entrance,,524.0338794858329,871.4890157117229,37.4993777454413,127.02670460634431,1404.0,388.0,taxi_29,picked
dyn_pax_656,1017.0,2026-09-07 09:16:57,375049565#6,restaurant|subway_entrance|bus_stop,,789.5153251748014,798.8522330112556,37.49877353199428,127.02972351946808,,,,timeout
dyn_pax_657,1017.0,2026-09-07 09:16:57,129731720#0,residential|company|restaurant,,292.10678712231254,1113.150773394943,37.50151085547559,127.02402489828896,1269.0,252.0,taxi_34,picked
dyn_pax_658,1019.0,2026-09-07 09:16:59,521770119#0,restaurant|bus_stop,,548.9831206778387,935.1148840516827,37.499955620541705,127.02697161236954,,,,timeout
dyn_pax_659,1020.0,2026-09-07 09:17:00,218864491#0,restaurant|bus_stop,,769.9803916976219,760.1217113917903,37.49842094941813,127.02951181742357,1520.0,500.0,taxi_20,picked
dyn_pax_660,1021.0,2026-09-07 09:17:01,219837933#0,residential|company,,49.0199205680682,1328.1480294371383,37.503401583976704,127.02122519296726,1152.0,131.0,taxi_respawn_25,picked
dyn_pax_661,1024.0,2026-09-07 09:17:04,-1011529829#3,residential|restaurant,,246.84006179949273,776.1178104815556,37.49846619888778,127.02359312469504,,,,timeout
dyn_pax_662,1025.0,2026-09-07 09:17:05,218857636#1,residential|company|restaurant|bus_stop,,297.92905089287035,623.2061345250047,37.49709839153085,127.02420706961871,,,,timeout
dyn_pax_663,1026.0,2026-09-07 09:17:06,506191135#3,residential|company|restaurant|bus_stop,,238.79972345576414,789.4714057742513,37.49858497042428,127.023499044737,1351.0,325.0,taxi_11,picked
dyn_pax_664,1028.0,2026-09-07 09:17:08,178441450#1,residential|company|restaurant|bus_stop,,282.90243066757296,609.4157395563556,37.496971320837204,127.02404044855805,1498.0,470.0,taxi_respawn_15,picked
dyn_pax_665,1030.0,2026-09-07 09:17:10,-542367267#1,bus_stop,,247.51018316686128,1414.7184918773391,37.504219024473855,127.02344900430944,1134.0,104.0,taxi_4,picked
dyn_pax_666,1031.0,2026-09-07 09:17:11,178441450#1,residential|company|restaurant|bus_stop,,282.90243066757296,609.4157395563556,37.496971320837204,127.02404044855805,,,,timeout
dyn_pax_667,1036.0,2026-09-07 09:17:16,218873820#0,restaurant|subway_entrance|bus_stop,,628.9829311132032,562.4061665928522,37.49661325243901,127.02796447999128,1637.0,601.0,taxi_respawn_30,picked
dyn_pax_668,1037.0,2026-09-07 09:17:17,375049565#6,restaurant|subway_entrance|bus_stop,,789.5153251748014,798.8522330112556,37.49877353199428,127.02972351946808,,,,timeout
dyn_pax_669,1039.0,2026-09-07 09:17:19,375049565#6,restaurant|subway_entrance|bus_stop,,789.5153251748014,798.8522330112556,37.49877353199428,127.02972351946808,,,,timeout
dyn_pax_670,1040.0,2026-09-07 09:17:20,521770119#1,restaurant|bus_stop,,527.3115514435282,995.8620162900467,37.50049875494786,127.02671217090477,,,,timeout
dyn_pax_671,1040.0,2026-09-07 09:17:20,521766182#1,company|restaurant|subway_entrance,,681.695169875507,539.6867345716422,37.496418539503196,127.02856584056028,1403.0,363.0,taxi_37,picked
dyn_pax_672,1041.0,2026-09-07 09:17:21,-379463134#6,restaurant,,651.5506250710082,1319.679135788758,37.50343926652266,127.02804017641046,1142.0,101.0,taxi_18,picked
dyn_pax_673,1042.0,2026-09-07 09:17:22,-541692164#2,subway_entrance,,317.7122087179151,1441.0296574375257,37.504469327730426,127.0242365566347,,,,timeout
dyn_pax_674,1045.0,2026-09-07 09:17:25,480850873,company|restaurant|bus_stop,,548.1935052770749,708.5896639848544,37.49791486187585,127.0270163956136,,,,timeout
dyn_pax_675,1047.0,2026-09-07 09:17:27,1056882877#3,residential|company|restaurant,,365.79280968467333,433.0557487307964,37.495398294451746,127.02501948586043,1447.0,400.0,taxi_0,picked
dyn_pax_676,1048.0,2026-09-07 09:17:28,521766180#1,company|restaurant|bus_stop,,466.73410130235357,1169.2838037446552,37.502049542882666,127.02598608796039,,,,timeout
dyn_pax_677,1051.0,2026-09-07 09:17:31,417933642#0,restaurant|bus_stop,,1041.0954363710525,463.30841921497654,37.49579826441859,127.03264736696761,,,,timeout
dyn_pax_678,1052.0,2026-09-07 09:17:32,1117538957#3,restaurant|subway_entrance|bus_stop,,465.5082521847807,644.8780924026132,37.49732530507706,127.02609663221197,1471.0,419.0,taxi_25,picked
dyn_pax_679,1054.0,2026-09-07 09:17:34,521766182#1,company|restaurant|subway_entrance,,681.695169875507,539.6867345716422,37.496418539503196,127.02856584056028,1270.0,216.0,taxi_respawn_3,picked
dyn_pax_680,1055.0,2026-09-07 09:17:35,218877837#2,company|restaurant|bus_stop,,479.4555212141038,978.0213907550284,37.500328997763305,127.02617530290202,,,,timeout
dyn_pax_681,1056.0,2026-09-07 09:17:36,-309155295#1,residential|restaurant,,820.2174803017108,588.0239695218922,37.496880113093034,127.03012056506905,1319.0,263.0,taxi_30,picked
dyn_pax_682,1057.0,2026-09-07 09:17:37,506191135#3,residential|company|restaurant|bus_stop,,238.79972345576414,789.4714057742513,37.49858497042428,127.023499044737,,,,timeout
dyn_pax_683,1057.0,2026-09-07 09:17:37,219837933#0,residential|company,,49.0199205680682,1328.1480294371383,37.503401583976704,127.02122519296726,1228.0,171.0,taxi_24,picked
dyn_pax_684,1059.0,2026-09-07 09:17:39,218864491#0,restaurant|bus_stop,,769.9803916976219,760.1217113917903,37.49842094941813,127.02951181742357,,,,timeout
dyn_pax_685,1061.0,2026-09-07 09:17:41,-417750337#2,restaurant,,578.5487433358253,1191.18897592047,37.50226799999912,127.02724519016736,1073.0,12.0,taxi_respawn_31,picked
dyn_pax_686,1062.0,2026-09-07 09:17:42,218864491#0,restaurant|bus_stop,,769.9803916976219,760.1217113917903,37.49842094941813,127.02951181742357,,,,timeout
dyn_pax_687,1063.0,2026-09-07 09:17:43,1117538957#3,restaurant|subway_entrance|bus_stop,,465.5082521847807,644.8780924026132,37.49732530507706,127.02609663221197,1477.0,414.0,taxi_respawn_7,picked
dyn_pax_688,1063.0,2026-09-07 09:17:43,129731859#1,restaurant,,770.318180095484,905.1374216517651,37.499727361620906,127.02948129560598,1111.0,48.0,taxi_8,picked
dyn_pax_689,1064.0,2026-09-07 09:17:44,-129731717#1,residential|company|restaurant,,188.433090102474,1374.3511058470413,37.503844200149025,127.0227905913032,1077.0,13.0,taxi_38,picked
dyn_pax_690,1065.0,2026-09-07 09:17:45,523141074#0,company|restaurant|subway_entrance,,524.0338794858329,871.4890157117229,37.4993777454413,127.02670460634431,,,,timeout
dyn_pax_691,1066.0,2026-09-07 09:17:46,417933642#0,restaurant|bus_stop,,1041.0954363710525,463.30841921497654,37.49579826441859,127.03264736696761,,,,timeout
dyn_pax_692,1066.0,2026-09-07 09:17:46,178441450#1,residential|company|restaurant|bus_stop,,282.90243066757296,609.4157395563556,37.496971320837204,127.02404044855805,,,,timeout
dyn_pax_693,1069.0,2026-09-07 09:17:49,506191135#3,residential|company|restaurant|bus_stop,,238.79972345576414,789.4714057742513,37.49858497042428,127.023499044737,,,,timeout
dyn_pax_694,1069.0,2026-09-07 09:17:49,-26163000#1,restaurant,,613.3034084576574,1234.0026207389662,37.50266024308643,127.02762801542576,1146.0,77.0,taxi_5,picked
dyn_pax_695,1069.0,2026-09-07 09:17:49,129731720#0,residential|company|restaurant,,292.10678712231254,1113.150773394943,37.50151085547559,127.02402489828896,1445.0,376.0,taxi_24,picked
dyn_pax_696,1072.0,2026-09-07 09:17:52,-417933645#2,company|restaurant|subway_entrance,,701.1658676593129,719.5455833044954,37.49804244093877,127.02874337560036,1447.0,375.0,taxi_respawn_13,picked
dyn_pax_697,1073.0,2026-09-07 09:17:53,-504509918#2,company|restaurant|bus_stop,,398.9694242295193,827.4758220967593,37.49895762305832,127.02530099003066,,,,timeout
dyn_pax_698,1075.0,2026-09-07 09:17:55,523141074#0,company|restaurant|subway_entrance,,524.0338794858329,871.4890157117229,37.4993777454413,127.02670460634431,,,,timeout
dyn_pax_699,1077.0,2026-09-07 09:17:57,521766175#3,company|restaurant|subway_entrance|bus_stop,,373.6701172395771,1298.610217621072,37.50319695740621,127.02490310718325,1443.0,366.0,taxi_respawn_22,picked
dyn_pax_700,1080.0,2026-09-07 09:18:00,417933642#2,residential|restaurant,,976.5976168723116,645.9370182109647,37.49743129415275,127.0318749523804,1101.0,21.0,taxi_respawn_10,picked
dyn_pax_701,1083.0,2026-09-07 09:18:03,521766175#3,company|restaurant|subway_entrance|bus_stop,,373.6701172395771,1298.610217621072,37.50319695740621,127.02490310718325,,,,timeout
dyn_pax_702,1084.0,2026-09-07 09:18:04,504227069,residential|restaurant,,587.1158993285404,291.7776336445087,37.494167438547194,127.02755526357365,,,,timeout
dyn_pax_703,1085.0,2026-09-07 09:18:05,1011529829#0,school,,381.1393135972994,834.2751815073392,37.49901550234899,127.0250977784903,1584.0,499.0,taxi_35,picked
dyn_pax_704,1087.0,2026-09-07 09:18:07,219837933#0,residential|company,,49.0199205680682,1328.1480294371383,37.503401583976704,127.02122519296726,1477.0,390.0,taxi_respawn_38,picked
dyn_pax_705,1088.0,2026-09-07 09:18:08,178441450#1,residential|company|restaurant|bus_stop,,282.90243066757296,609.4157395563556,37.496971320837204,127.02404044855805,,,,timeout
dyn_pax_706,1089.0,2026-09-07 09:18:09,521766175#1,company|restaurant|subway_entrance,,332.9365590021661,1411.5585828157227,37.504206724109,127.02441570308932,,,,timeout
dyn_pax_707,1091.0,2026-09-07 09:18:11,-417933645#2,company|restaurant|subway_entrance,,701.1658676593129,719.5455833044954,37.49804244093877,127.02874337560036,1484.0,393.0,taxi_9,picked
dyn_pax_708,1091.0,2026-09-07 09:18:11,256787796#0,restaurant,,530.944358998998,1120.7521543106918,37.50162448989409,127.02672362781294,1115.0,24.0,taxi_30,picked
dyn_pax_709,1094.0,2026-09-07 09:18:14,541692164#1,subway_entrance,,271.6277521231475,1406.6420105391767,37.5041508337347,127.02372362926798,,,,timeout
dyn_pax_710,1095.0,2026-09-07 09:18:15,417933642#2,residential|restaurant,,976.5976168723116,645.9370182109647,37.49743129415275,127.0318749523804,1150.0,55.0,taxi_16,picked
dyn_pax_711,1097.0,2026-09-07 09:18:17,-541692164#2,subway_entrance,,317.7122087179151,1441.0296574375257,37.504469327730426,127.0242365566347,,,,timeout
dyn_pax_712,1100.0,2026-09-07 09:18:20,1117538958#3,bus_stop,,160.18899290588462,540.6019911995099,37.49632820280781,127.02266936696756,1584.0,484.0,taxi_11,picked
dyn_pax_713,1101.0,2026-09-07 09:18:21,521766175#3,company|restaurant|subway_entrance|bus_stop,,373.6701172395771,1298.610217621072,37.50319695740621,127.02490310718325,,,,timeout
dyn_pax_714,1103.0,2026-09-07 09:18:23,218877837#2,company|restaurant|bus_stop,,479.4555212141038,978.0213907550284,37.500328997763305,127.02617530290202,,,,timeout
dyn_pax_715,1104.0,2026-09-07 09:18:24,218873820#0,restaurant|subway_entrance|bus_stop,,628.9829311132032,562.4061665928522,37.49661325243901,127.02796447999128,,,,timeout
dyn_pax_716,1106.0,2026-09-07 09:18:26,-256787796#4,restaurant,,620.2926176327408,895.5374521094307,37.49961256354246,127.02778727239327,,,,timeout
dyn_pax_717,1109.0,2026-09-07 09:18:29,1117538957#0,company|restaurant,,312.91680439510856,589.5311930299885,37.49679787270139,127.0243845203811,1140.0,31.0,taxi_respawn_14,picked
dyn_pax_718,1111.0,2026-09-07 09:18:31,-309155295#1,residential|restaurant,,820.2174803017108,588.0239695218922,37.496880113093034,127.03012056506905,1325.0,214.0,taxi_45,picked
dyn_pax_719,1112.0,2026-09-07 09:18:32,218873820#0,restaurant|subway_entrance|bus_stop,,628.9829311132032,562.4061665928522,37.49661325243901,127.02796447999128,,,,timeout
dyn_pax_720,1113.0,2026-09-07 09:18:33,-417750336#3,school|company,,868.1859178511071,948.5147012398835,37.50013657861005,127.03057759421064,1188.0,75.0,taxi_respawn_30,picked
dyn_pax_721,1113.0,2026-09-07 09:18:33,-117790062#4,company,,666.6267400273903,1210.7400577041187,37.50246075614395,127.02823646445898,1250.0,137.0,taxi_respawn_33,picked
dyn_pax_722,1114.0,2026-09-07 09:18:34,541692164#1,subway_entrance,,271.6277521231475,1406.6420105391767,37.5041508337347,127.02372362926798,,,,timeout
dyn_pax_723,1117.0,2026-09-07 09:18:37,1117538958#3,bus_stop,,160.18899290588462,540.6019911995099,37.49632820280781,127.02266936696756,,,,timeout
dyn_pax_724,1117.0,2026-09-07 09:18:37,-256787796#8,restaurant,,666.7735412908731,765.3811461974922,37.49844885044044,127.02834365925706,1207.0,90.0,taxi_12,picked
dyn_pax_725,1118.0,2026-09-07 09:18:38,305539406,company|restaurant|subway_entrance,,566.389495917364,736.5285064605782,37.49816998085155,127.02721550408178,1527.0,409.0,taxi_respawn_18,picked
dyn_pax_726,1118.0,2026-09-07 09:18:38,256787796#8,restaurant,,646.6563496183319,793.2391486514691,37.49869600620777,127.02810960194483,,,,timeout
dyn_pax_727,1120.0,2026-09-07 09:18:40,305539406,company|restaurant|subway_entrance,,566.389495917364,736.5285064605782,37.49816998085155,127.02721550408178,,,,timeout
dyn_pax_728,1120.0,2026-09-07 09:18:40,-504509918#2,company|restaurant|bus_stop,,398.9694242295193,827.4758220967593,37.49895762305832,127.02530099003066,,,,timeout
dyn_pax_729,1121.0,2026-09-07 09:18:41,-542367267#1,bus_stop,,247.51018316686128,1414.7184918773391,37.504219024473855,127.02344900430944,1228.0,107.0,taxi_respawn_1,picked
dyn_pax_730,1123.0,2026-09-07 09:18:43,-506191135#2,residential|bus_stop,,236.19733776439384,769.6838415951818,37.49840622577806,127.02347432089968,,,,timeout
dyn_pax_731,1123.0,2026-09-07 09:18:43,504509918#0,residential|restaurant,,511.83203920742636,882.9034728009249,37.49947826486711,127.02656393710718,1179.0,56.0,taxi_47,picked
dyn_pax_732,1124.0,2026-09-07 09:18:44,480850873,company|restaurant|bus_stop,,548.1935052770749,708.5896639848544,37.49791486187585,127.0270163956136,,,,timeout
dyn_pax_733,1126.0,2026-09-07 09:18:46,-504509918#2,company|restaurant|bus_stop,,398.9694242295193,827.4758220967593,37.49895762305832,127.02530099003066,,,,timeout
dyn_pax_734,1127.0,2026-09-07 09:18:47,521770119#0,restaurant|bus_stop,,548.9831206778387,935.1148840516827,37.499955620541705,127.02697161236954,,,,timeout
dyn_pax_735,1128.0,2026-09-07 09:18:48,-117790045#2,restaurant,,502.6238788004042,1360.6315306450858,37.50378004402999,127.0263465049606,,,,timeout
dyn_pax_736,1129.0,2026-09-07 09:18:49,521770116#2,company|restaurant|bus_stop,,432.3182248087171,1108.514093563608,37.50149560521279,127.02561136613096,1396.0,267.0,taxi_respawn_34,picked
dyn_pax_737,1129.0,2026-09-07 09:18:49,-309155295#2,restaurant,,851.6644930724242,598.8503866590313,37.496983571544654,127.03047355257749,1154.0,25.0,taxi_respawn_29,picked
dyn_pax_738,1132.0,2026-09-07 09:18:52,520307304#0,school|subway_entrance|bus_stop,,602.6035134310263,763.145495629718,37.498416594724866,127.02761864854104,,,,timeout
dyn_pax_739,1134.0,2026-09-07 09:18:54,218877837#2,company|restaurant|bus_stop,,479.4555212141038,978.0213907550284,37.500328997763305,127.02617530290202,,,,timeout
dyn_pax_740,1135.0,2026-09-07 09:18:55,218873820#0,restaurant|subway_entrance|bus_stop,,628.9829311132032,562.4061665928522,37.49661325243901,127.02796447999128,,,,timeout
dyn_pax_741,1136.0,2026-09-07 09:18:56,117790045#3,restaurant,,504.6202003222114,1382.6101305390487,37.50397841113055,127.02636386411817,1257.0,121.0,taxi_20,picked
dyn_pax_742,1137.0,2026-09-07 09:18:57,218873820#0,restaurant|subway_entrance|bus_stop,,628.9829311132032,562.4061665928522,37.49661325243901,127.02796447999128,,,,timeout
dyn_pax_743,1138.0,2026-09-07 09:18:58,305539406,company|restaurant|subway_entrance,,566.389495917364,736.5285064605782,37.49816998085155,127.02721550408178,,,,timeout
dyn_pax_744,1140.0,2026-09-07 09:19:00,1229817205#0,company|subway_entrance|bus_stop,,599.2457558679199,652.2907550986157,37.497417346160496,127.02760695963683,,,,timeout
dyn_pax_745,1140.0,2026-09-07 09:19:00,1117538957#0,company|restaurant,,312.91680439510856,589.5311930299885,37.49679787270139,127.0243845203811,1401.0,261.0,taxi_36,picked
dyn_pax_746,1142.0,2026-09-07 09:19:02,129731859#6,restaurant,,984.8051641629477,982.1134039896856,37.50046123095764,127.0318882391282,1223.0,81.0,taxi_respawn_24,picked
dyn_pax_747,1143.0,2026-09-07 09:19:03,541692164#1,subway_entrance,,271.6277521231475,1406.6420105391767,37.5041508337347,127.02372362926798,,,,timeout
dyn_pax_748,1143.0,2026-09-07 09:19:03,117823785#0,company|restaurant,,1360.8740206736493,851.0492627492013,37.499351351792384,127.0361713398344,,,,timeout
dyn_pax_749,1144.0,2026-09-07 09:19:04,480850873,company|restaurant|bus_stop,,548.1935052770749,708.5896639848544,37.49791486187585,127.0270163956136,,,,timeout
dyn_pax_750,1144.0,2026-09-07 09:19:04,-117790045#3,restaurant,,459.7597996777886,1476.3698694609513,37.50481454718326,127.02583436303603,,,,timeout
dyn_pax_751,1145.0,2026-09-07 09:19:05,-379463134#6,restaurant,,651.5506250710082,1319.679135788758,37.50343926652266,127.02804017641046,,,,timeout
dyn_pax_752,1146.0,2026-09-07 09:19:06,521770119#0,restaurant|bus_stop,,548.9831206778387,935.1148840516827,37.499955620541705,127.02697161236954,,,,timeout
dyn_pax_753,1147.0,2026-09-07 09:19:07,375049565#6,restaurant|subway_entrance|bus_stop,,789.5153251748014,798.8522330112556,37.49877353199428,127.02972351946808,,,,timeout
dyn_pax_754,1149.0,2026-09-07 09:19:09,-523141073,residential|company,,283.47995026542384,1109.9635024546676,37.50148051131825,127.02392811188028,1563.0,414.0,taxi_7,picked
dyn_pax_755,1155.0,2026-09-07 09:19:15,305539406,company|restaurant|subway_entrance,,566.389495917364,736.5285064605782,37.49816998085155,127.02721550408178,,,,timeout
dyn_pax_756,1157.0,2026-09-07 09:19:17,1117538957#3,restaurant|subway_entrance|bus_stop,,465.5082521847807,644.8780924026132,37.49732530507706,127.02609663221197,1530.0,373.0,taxi_respawn_35,picked
dyn_pax_757,1158.0,2026-09-07 09:19:18,975332778#1,bus_stop,,681.6099970732737,721.9380561808346,37.49806030190971,127.02852170075586,,,,timeout
dyn_pax_758,1159.0,2026-09-07 09:19:19,375049565#6,restaurant|subway_entrance|bus_stop,,789.5153251748014,798.8522330112556,37.49877353199428,127.02972351946808,,,,timeout
dyn_pax_759,1160.0,2026-09-07 09:19:20,305539406,company|restaurant|subway_entrance,,566.389495917364,736.5285064605782,37.49816998085155,127.02721550408178,,,,timeout
dyn_pax_760,1161.0,2026-09-07 09:19:21,506191135#3,residential|company|restaurant|bus_stop,,238.79972345576414,789.4714057742513,37.49858497042428,127.023499044737,,,,timeout
dyn_pax_761,1164.0,2026-09-07 09:19:24,1229817205#0,company|subway_entrance|bus_stop,,599.2457558679199,652.2907550986157,37.497417346160496,127.02760695963683,,,,timeout
dyn_pax_762,1166.0,2026-09-07 09:19:26,520307304#0,school|subway_entrance|bus_stop,,602.6035134310263,763.145495629718,37.498416594724866,127.02761864854104,,,,timeout
dyn_pax_763,1167.0,2026-09-07 09:19:27,506191135#3,residential|company|restaurant|bus_stop,,238.79972345576414,789.4714057742513,37.49858497042428,127.023499044737,,,,timeout
dyn_pax_764,1168.0,2026-09-07 09:19:28,-26163000#1,restaurant,,613.3034084576574,1234.0026207389662,37.50266024308643,127.02762801542576,1306.0,138.0,taxi_respawn_12,picked
dyn_pax_765,1170.0,2026-09-07 09:19:30,-506191135#2,residential|bus_stop,,236.19733776439384,769.6838415951818,37.49840622577806,127.02347432089968,,,,timeout
dyn_pax_766,1172.0,2026-09-07 09:19:32,218873820#0,restaurant|subway_entrance|bus_stop,,628.9829311132032,562.4061665928522,37.49661325243901,127.02796447999128,,,,timeout
dyn_pax_767,1173.0,2026-09-07 09:19:33,541692164#1,subway_entrance,,271.6277521231475,1406.6420105391767,37.5041508337347,127.02372362926798,,,,timeout
dyn_pax_768,1176.0,2026-09-07 09:19:36,521766175#1,company|restaurant|subway_entrance,,332.9365590021661,1411.5585828157227,37.504206724109,127.02441570308932,,,,timeout
dyn_pax_769,1178.0,2026-09-07 09:19:38,417933645#0,residential|restaurant,,823.1026288816429,385.61625104994533,37.49505730126708,127.03020109557775,1486.0,308.0,taxi_46,picked
dyn_pax_770,1180.0,2026-09-07 09:19:40,521770119#0,restaurant|bus_stop,,548.9831206778387,935.1148840516827,37.499955620541705,127.02697161236954,,,,timeout
dyn_pax_771,1180.0,2026-09-07 09:19:40,-129731857#2,restaurant,,875.7452923990509,884.8037873845144,37.499564075208866,127.03067814538078,1290.0,110.0,taxi_respawn_13,picked
dyn_pax_772,1181.0,2026-09-07 09:19:41,494824662#3,company|restaurant|subway_entrance,,729.424850252167,406.6843378518681,37.49522941823122,127.02913698209235,1594.0,413.0,taxi_49,picked
dyn_pax_773,1184.0,2026-09-07 09:19:44,218873820#0,restaurant|subway_entrance|bus_stop,,628.9829311132032,562.4061665928522,37.49661325243901,127.02796447999128,,,,timeout
dyn_pax_774,1187.0,2026-09-07 09:19:47,520307304#0,school|subway_entrance|bus_stop,,602.6035134310263,763.145495629718,37.498416594724866,127.02761864854104,,,,timeout
dyn_pax_775,1190.0,2026-09-07 09:19:50,-504509918#2,company|restaurant|bus_stop,,398.9694242295193,827.4758220967593,37.49895762305832,127.02530099003066,,,,timeout
dyn_pax_776,1192.0,2026-09-07 09:19:52,375049565#6,restaurant|subway_entrance|bus_stop,,789.5153251748014,798.8522330112556,37.49877353199428,127.02972351946808,,,,timeout
dyn_pax_777,1193.0,2026-09-07 09:19:53,521770119#1,restaurant|bus_stop,,527.3115514435282,995.8620162900467,37.50049875494786,127.02671217090477,,,,timeout
dyn_pax_778,1195.0,2026-09-07 09:19:55,1376141182#0,bus_stop,,385.7154046370183,1301.0311255965628,37.50322104370192,127.02503873135461,,,,timeout
dyn_pax_779,1195.0,2026-09-07 09:19:55,-239954462#0,company,,177.59108854633376,1424.6091910087337,37.50429488616932,127.02265605240045,1268.0,73.0,taxi_respawn_23,picked
dyn_pax_780,1196.0,2026-09-07 09:19:56,218877837#2,company|restaurant|bus_stop,,479.4555212141038,978.0213907550284,37.500328997763305,127.02617530290202,,,,timeout
dyn_pax_781,1197.0,2026-09-07 09:19:57,-541692164#2,subway_entrance,,317.7122087179151,1441.0296574375257,37.504469327730426,127.0242365566347,,,,timeout
dyn_pax_782,1199.0,2026-09-07 09:19:59,239962780#1,company|restaurant,,78.091042197054,1418.7355011637856,37.504223128704645,127.02153236485597,1591.0,392.0,taxi_40,picked
dyn_pax_783,1201.0,2026-09-07 09:20:01,541692164#1,subway_entrance,,271.6277521231475,1406.6420105391767,37.5041508337347,127.02372362926798,,,,timeout
dyn_pax_784,1206.0,2026-09-07 09:20:06,523141074#0,company|restaurant|subway_entrance,,524.0338794858329,871.4890157117229,37.4993777454413,127.02670460634431,,,,timeout
dyn_pax_785,1206.0,2026-09-07 09:20:06,417750337#2,restaurant,,602.0112566641748,1239.22102407953,37.50270511928559,127.02749909599581,1282.0,76.0,taxi_respawn_10,picked
dyn_pax_786,1207.0,2026-09-07 09:20:07,1376141182#0,bus_stop,,385.7154046370183,1301.0311255965628,37.50322104370192,127.02503873135461,,,,timeout
dyn_pax_787,1209.0,2026-09-07 09:20:09,521766175#1,company|restaurant|subway_entrance,,332.9365590021661,1411.5585828157227,37.504206724109,127.02441570308932,,,,timeout
dyn_pax_788,1210.0,2026-09-07 09:20:10,521770119#1,restaurant|bus_stop,,527.3115514435282,995.8620162900467,37.50049875494786,127.02671217090477,,,,timeout
dyn_pax_789,1210.0,2026-09-07 09:20:10,379463124,restaurant,,554.9909183636056,1244.5663744100702,37.50274438945946,127.02696616135114,,,,timeout
dyn_pax_790,1212.0,2026-09-07 09:20:12,-417933645#2,company|restaurant|subway_entrance,,701.1658676593129,719.5455833044954,37.49804244093877,127.02874337560036,,,,timeout
dyn_pax_791,1213.0,2026-09-07 09:20:13,541692164#1,subway_entrance,,271.6277521231475,1406.6420105391767,37.5041508337347,127.02372362926798,,,,timeout
dyn_pax_792,1213.0,2026-09-07 09:20:13,1537068130#0,residential,,915.247444986279,1279.656751811989,37.50312848832193,127.03103134780491,,,,timeout
dyn_pax_793,1215.0,2026-09-07 09:20:15,975332778#1,bus_stop,,681.6099970732737,721.9380561808346,37.49806030190971,127.02852170075586,,,,timeout
dyn_pax_794,1216.0,2026-09-07 09:20:16,1117538957#3,restaurant|subway_entrance|bus_stop,,465.5082521847807,644.8780924026132,37.49732530507706,127.02609663221197,,,,timeout
dyn_pax_795,1216.0,2026-09-07 09:20:16,-417933645#2,company|restaurant|subway_entrance,,701.1658676593129,719.5455833044954,37.49804244093877,127.02874337560036,,,,timeout
dyn_pax_796,1221.0,2026-09-07 09:20:21,218857636#1,residential|company|restaurant|bus_stop,,297.92905089287035,623.2061345250047,37.49709839153085,127.02420706961871,1547.0,326.0,taxi_47,picked
dyn_pax_797,1222.0,2026-09-07 09:20:22,521766175#3,company|restaurant|subway_entrance|bus_stop,,373.6701172395771,1298.610217621072,37.50319695740621,127.02490310718325,,,,timeout
dyn_pax_798,1224.0,2026-09-07 09:20:24,-417933642#4,restaurant,,907.3718228697127,805.8014682006251,37.49885835910486,127.03105443169989,1362.0,138.0,taxi_9,picked
dyn_pax_799,1226.0,2026-09-07 09:20:26,504227066#0,restaurant,,519.2210823013057,487.78345043316773,37.49592029712161,127.02674117912406,1357.0,131.0,taxi_8,picked
dyn_pax_800,1227.0,2026-09-07 09:20:27,521766175#1,company|restaurant|subway_entrance,,332.9365590021661,1411.5585828157227,37.504206724109,127.02441570308932,,,,timeout
dyn_pax_801,1229.0,2026-09-07 09:20:29,218873820#0,restaurant|subway_entrance|bus_stop,,628.9829311132032,562.4061665928522,37.49661325243901,127.02796447999128,,,,timeout
dyn_pax_802,1231.0,2026-09-07 09:20:31,521766175#3,company|restaurant|subway_entrance|bus_stop,,373.6701172395771,1298.610217621072,37.50319695740621,127.02490310718325,,,,timeout
dyn_pax_803,1232.0,2026-09-07 09:20:32,521766175#3,company|restaurant|subway_entrance|bus_stop,,373.6701172395771,1298.610217621072,37.50319695740621,127.02490310718325,,,,timeout
dyn_pax_804,1233.0,2026-09-07 09:20:33,521770116#2,company|restaurant|bus_stop,,432.3182248087171,1108.514093563608,37.50149560521279,127.02561136613096,1564.0,331.0,taxi_12,picked
dyn_pax_805,1235.0,2026-09-07 09:20:35,521766175#1,company|restaurant|subway_entrance,,332.9365590021661,1411.5585828157227,37.504206724109,127.02441570308932,,,,timeout
dyn_pax_806,1236.0,2026-09-07 09:20:36,521766175#3,company|restaurant|subway_entrance|bus_stop,,373.6701172395771,1298.610217621072,37.50319695740621,127.02490310718325,,,,timeout
dyn_pax_807,1238.0,2026-09-07 09:20:38,218877837#2,company|restaurant|bus_stop,,479.4555212141038,978.0213907550284,37.500328997763305,127.02617530290202,,,,timeout
dyn_pax_808,1239.0,2026-09-07 09:20:39,975332778#1,bus_stop,,681.6099970732737,721.9380561808346,37.49806030190971,127.02852170075586,,,,timeout
dyn_pax_809,1242.0,2026-09-07 09:20:42,521766175#3,company|restaurant|subway_entrance|bus_stop,,373.6701172395771,1298.610217621072,37.50319695740621,127.02490310718325,,,,timeout
dyn_pax_810,1244.0,2026-09-07 09:20:44,521770116#2,company|restaurant|bus_stop,,432.3182248087171,1108.514093563608,37.50149560521279,127.02561136613096,1569.0,325.0,taxi_17,picked
dyn_pax_811,1246.0,2026-09-07 09:20:46,-417933646#4,company|restaurant,,761.9867537178288,747.7080569325292,37.49830761500862,127.02942437673002,1426.0,180.0,taxi_5,picked
dyn_pax_812,1247.0,2026-09-07 09:20:47,178441450#1,residential|company|restaurant|bus_stop,,282.90243066757296,609.4157395563556,37.496971320837204,127.02404044855805,,,,timeout
dyn_pax_813,1248.0,2026-09-07 09:20:48,178441450#1,residential|company|restaurant|bus_stop,,282.90243066757296,609.4157395563556,37.496971320837204,127.02404044855805,,,,timeout
dyn_pax_814,1253.0,2026-09-07 09:20:53,379463130#0,restaurant,,544.1425087303844,1128.5419490598922,37.501697156429024,127.02687101205116,,,,timeout
dyn_pax_815,1256.0,2026-09-07 09:20:56,-541692164#2,subway_entrance,,317.7122087179151,1441.0296574375257,37.504469327730426,127.0242365566347,,,,timeout
dyn_pax_816,1261.0,2026-09-07 09:21:01,521770116#2,company|restaurant|bus_stop,,432.3182248087171,1108.514093563608,37.50149560521279,127.02561136613096,1542.0,281.0,taxi_respawn_16,picked
dyn_pax_817,1262.0,2026-09-07 09:21:02,375049565#6,restaurant|subway_entrance|bus_stop,,789.5153251748014,798.8522330112556,37.49877353199428,127.02972351946808,,,,timeout
dyn_pax_818,1263.0,2026-09-07 09:21:03,521766175#1,company|restaurant|subway_entrance,,332.9365590021661,1411.5585828157227,37.504206724109,127.02441570308932,,,,timeout
dyn_pax_819,1265.0,2026-09-07 09:21:05,521770119#0,restaurant|bus_stop,,548.9831206778387,935.1148840516827,37.499955620541705,127.02697161236954,,,,timeout
dyn_pax_820,1267.0,2026-09-07 09:21:07,1117538958#3,bus_stop,,160.18899290588462,540.6019911995099,37.49632820280781,127.02266936696756,,,,timeout
dyn_pax_821,1268.0,2026-09-07 09:21:08,-129731717#1,residential|company|restaurant,,188.433090102474,1374.3511058470413,37.503844200149025,127.0227905913032,,,,timeout
dyn_pax_822,1270.0,2026-09-07 09:21:10,521766180#1,company|restaurant|bus_stop,,466.73410130235357,1169.2838037446552,37.502049542882666,127.02598608796039,,,,timeout
dyn_pax_823,1271.0,2026-09-07 09:21:11,218857636#1,residential|company|restaurant|bus_stop,,297.92905089287035,623.2061345250047,37.49709839153085,127.02420706961871,1554.0,283.0,taxi_respawn_27,picked
dyn_pax_824,1275.0,2026-09-07 09:21:15,541692164#1,subway_entrance,,271.6277521231475,1406.6420105391767,37.5041508337347,127.02372362926798,,,,timeout
dyn_pax_825,1276.0,2026-09-07 09:21:16,494824662#3,company|restaurant|subway_entrance,,729.424850252167,406.6843378518681,37.49522941823122,127.02913698209235,,,,timeout
dyn_pax_826,1276.0,2026-09-07 09:21:16,117790051#2,restaurant,,558.5532373104973,1361.778638311631,37.503800946163,127.02697864469606,1722.0,446.0,taxi_5,picked
dyn_pax_827,1278.0,2026-09-07 09:21:18,1117538957#3,restaurant|subway_entrance|bus_stop,,465.5082521847807,644.8780924026132,37.49732530507706,127.02609663221197,,,,timeout
dyn_pax_828,1278.0,2026-09-07 09:21:18,-913950883#1,residential|company|restaurant,,391.36286393582424,840.6655979518604,37.49907500229157,127.0252118555046,,,,timeout
dyn_pax_829,1279.0,2026-09-07 09:21:19,1117538957#3,restaurant|subway_entrance|bus_stop,,465.5082521847807,644.8780924026132,37.49732530507706,127.02609663221197,,,,timeout
dyn_pax_830,1281.0,2026-09-07 09:21:21,218857636#1,residential|company|restaurant|bus_stop,,297.92905089287035,623.2061345250047,37.49709839153085,127.02420706961871,,,,timeout
dyn_pax_831,1282.0,2026-09-07 09:21:22,523141074#0,company|restaurant|subway_entrance,,524.0338794858329,871.4890157117229,37.4993777454413,127.02670460634431,,,,timeout
dyn_pax_832,1284.0,2026-09-07 09:21:24,521766175#3,company|restaurant|subway_entrance|bus_stop,,373.6701172395771,1298.610217621072,37.50319695740621,127.02490310718325,,,,timeout
dyn_pax_833,1287.0,2026-09-07 09:21:27,178441450#1,residential|company|restaurant|bus_stop,,282.90243066757296,609.4157395563556,37.496971320837204,127.02404044855805,,,,timeout
dyn_pax_834,1287.0,2026-09-07 09:21:27,256787796#6,restaurant,,626.4884087870183,851.7135990963859,37.499218954480725,127.02786771303293,,,,timeout
dyn_pax_835,1288.0,2026-09-07 09:21:28,218877837#2,company|restaurant|bus_stop,,479.4555212141038,978.0213907550284,37.500328997763305,127.02617530290202,,,,timeout
dyn_pax_836,1290.0,2026-09-07 09:21:30,417933642#0,restaurant|bus_stop,,1041.0954363710525,463.30841921497654,37.49579826441859,127.03264736696761,,,,timeout
dyn_pax_837,1294.0,2026-09-07 09:21:34,1229817205#0,company|subway_entrance|bus_stop,,599.2457558679199,652.2907550986157,37.497417346160496,127.02760695963683,,,,timeout
dyn_pax_838,1296.0,2026-09-07 09:21:36,1229817205#1,residential|bus_stop,,631.6400080768872,572.7061575261558,37.49670653972221,127.02799208080955,1382.0,86.0,taxi_6,picked
dyn_pax_839,1296.0,2026-09-07 09:21:36,1229817205#0,company|subway_entrance|bus_stop,,599.2457558679199,652.2907550986157,37.497417346160496,127.02760695963683,,,,timeout
dyn_pax_840,1297.0,2026-09-07 09:21:37,1229817205#1,residential|bus_stop,,631.6400080768872,572.7061575261558,37.49670653972221,127.02799208080955,1556.0,259.0,taxi_18,picked
dyn_pax_841,1297.0,2026-09-07 09:21:37,1117538958#2,company,,104.12900552775619,520.131995808405,37.496133188537314,127.02204040818502,1553.0,256.0,taxi_respawn_10,picked
dyn_pax_842,1297.0,2026-09-07 09:21:37,129731859#0,restaurant,,636.6446621144157,858.1896913104493,37.49927921090336,127.0279810114602,,,,timeout
dyn_pax_843,1299.0,2026-09-07 09:21:39,521766175#3,company|restaurant|subway_entrance|bus_stop,,373.6701172395771,1298.610217621072,37.50319695740621,127.02490310718325,,,,timeout
dyn_pax_844,1300.0,2026-09-07 09:21:40,417933642#0,restaurant|bus_stop,,1041.0954363710525,463.30841921497654,37.49579826441859,127.03264736696761,,,,timeout
dyn_pax_845,1300.0,2026-09-07 09:21:40,417750337#5,restaurant,,522.3387290339521,1126.7881672814829,37.50167723806998,127.02662489231146,1529.0,229.0,taxi_30,picked
dyn_pax_846,1301.0,2026-09-07 09:21:41,520307304#0,school|subway_entrance|bus_stop,,602.6035134310263,763.145495629718,37.498416594724866,127.02761864854104,,,,timeout
dyn_pax_847,1301.0,2026-09-07 09:21:41,521770119#3,restaurant,,495.372237145516,1095.557338436544,37.501390805360316,127.0263273901891,,,,timeout
dyn_pax_848,1302.0,2026-09-07 09:21:42,-504509918#2,company|restaurant|bus_stop,,398.9694242295193,827.4758220967593,37.49895762305832,127.02530099003066,1769.0,467.0,taxi_44,picked
dyn_pax_849,1304.0,2026-09-07 09:21:44,417933642#0,restaurant|bus_stop,,1041.0954363710525,463.30841921497654,37.49579826441859,127.03264736696761,,,,timeout
dyn_pax_850,1305.0,2026-09-07 09:21:45,520307304#0,school|subway_entrance|bus_stop,,602.6035134310263,763.145495629718,37.498416594724866,127.02761864854104,,,,timeout
dyn_pax_851,1306.0,2026-09-07 09:21:46,494824662#3,company|restaurant|subway_entrance,,729.424850252167,406.6843378518681,37.49522941823122,127.02913698209235,,,,timeout
dyn_pax_852,1308.0,2026-09-07 09:21:48,417933642#0,restaurant|bus_stop,,1041.0954363710525,463.30841921497654,37.49579826441859,127.03264736696761,,,,timeout
dyn_pax_853,1310.0,2026-09-07 09:21:50,218873820#0,restaurant|subway_entrance|bus_stop,,628.9829311132032,562.4061665928522,37.49661325243901,127.02796447999128,,,,timeout
dyn_pax_854,1311.0,2026-09-07 09:21:51,521766175#1,company|restaurant|subway_entrance,,332.9365590021661,1411.5585828157227,37.504206724109,127.02441570308932,,,,timeout
dyn_pax_855,1313.0,2026-09-07 09:21:53,506191135#3,residential|company|restaurant|bus_stop,,238.79972345576414,789.4714057742513,37.49858497042428,127.023499044737,,,,timeout
dyn_pax_856,1316.0,2026-09-07 09:21:56,218877837#2,company|restaurant|bus_stop,,479.4555212141038,978.0213907550284,37.500328997763305,127.02617530290202,,,,timeout
dyn_pax_857,1316.0,2026-09-07 09:21:56,-504509918#2,company|restaurant|bus_stop,,398.9694242295193,827.4758220967593,37.49895762305832,127.02530099003066,,,,timeout
dyn_pax_858,1317.0,2026-09-07 09:21:57,1229817205#0,company|subway_entrance|bus_stop,,599.2457558679199,652.2907550986157,37.497417346160496,127.02760695963683,,,,timeout
dyn_pax_859,1319.0,2026-09-07 09:21:59,494824662#3,company|restaurant|subway_entrance,,729.424850252167,406.6843378518681,37.49522941823122,127.02913698209235,,,,timeout
dyn_pax_860,1320.0,2026-09-07 09:22:00,-417933645#2,company|restaurant|subway_entrance,,701.1658676593129,719.5455833044954,37.49804244093877,127.02874337560036,,,,timeout
dyn_pax_861,1320.0,2026-09-07 09:22:00,504227069,residential|restaurant,,587.1158993285404,291.7776336445087,37.494167438547194,127.02755526357365,,,,timeout
dyn_pax_862,1322.0,2026-09-07 09:22:02,521766175#3,company|restaurant|subway_entrance|bus_stop,,373.6701172395771,1298.610217621072,37.50319695740621,127.02490310718325,,,,timeout
dyn_pax_863,1327.0,2026-09-07 09:22:07,417750337#3,restaurant,,561.9223834850405,1183.7905002369655,37.50219821136863,127.02705894855978,,,,unpicked
dyn_pax_864,1328.0,2026-09-07 09:22:08,990628460#0,restaurant,,624.9193131653682,704.9656163236222,37.49789670602668,127.02788475117727,,,,timeout
dyn_pax_865,1330.0,2026-09-07 09:22:10,541692164#1,subway_entrance,,271.6277521231475,1406.6420105391767,37.5041508337347,127.02372362926798,,,,timeout
dyn_pax_866,1333.0,2026-09-07 09:22:13,1117538957#3,restaurant|subway_entrance|bus_stop,,465.5082521847807,644.8780924026132,37.49732530507706,127.02609663221197,,,,timeout
dyn_pax_867,1334.0,2026-09-07 09:22:14,218873820#0,restaurant|subway_entrance|bus_stop,,628.9829311132032,562.4061665928522,37.49661325243901,127.02796447999128,,,,timeout
dyn_pax_868,1336.0,2026-09-07 09:22:16,521766175#1,company|restaurant|subway_entrance,,332.9365590021661,1411.5585828157227,37.504206724109,127.02441570308932,,,,timeout
dyn_pax_869,1337.0,2026-09-07 09:22:17,-504509918#2,company|restaurant|bus_stop,,398.9694242295193,827.4758220967593,37.49895762305832,127.02530099003066,,,,timeout
dyn_pax_870,1337.0,2026-09-07 09:22:17,557469234,restaurant,,982.7249512156621,987.801549540822,37.50051207965727,127.03186337298402,1524.0,187.0,taxi_45,picked
dyn_pax_871,1338.0,2026-09-07 09:22:18,521766180#1,company|restaurant|bus_stop,,466.73410130235357,1169.2838037446552,37.502049542882666,127.02598608796039,,,,timeout
dyn_pax_872,1340.0,2026-09-07 09:22:20,218873820#0,restaurant|subway_entrance|bus_stop,,628.9829311132032,562.4061665928522,37.49661325243901,127.02796447999128,,,,timeout
dyn_pax_873,1340.0,2026-09-07 09:22:20,379463124,restaurant,,554.9909183636056,1244.5663744100702,37.50274438945946,127.02696616135114,,,,timeout
dyn_pax_874,1342.0,2026-09-07 09:22:22,494824662#3,company|restaurant|subway_entrance,,729.424850252167,406.6843378518681,37.49522941823122,127.02913698209235,,,,timeout
dyn_pax_875,1343.0,2026-09-07 09:22:23,521766180#1,company|restaurant|bus_stop,,466.73410130235357,1169.2838037446552,37.502049542882666,127.02598608796039,,,,timeout
dyn_pax_876,1345.0,2026-09-07 09:22:25,521766182#1,company|restaurant|subway_entrance,,681.695169875507,539.6867345716422,37.496418539503196,127.02856584056028,,,,timeout
dyn_pax_877,1345.0,2026-09-07 09:22:25,379463134#3,restaurant,,544.2510512741843,1273.4484249309019,37.503002538586315,127.0268378740983,,,,timeout
dyn_pax_878,1347.0,2026-09-07 09:22:27,494824662#3,company|restaurant|subway_entrance,,729.424850252167,406.6843378518681,37.49522941823122,127.02913698209235,,,,timeout
dyn_pax_879,1348.0,2026-09-07 09:22:28,375049565#2,restaurant,,1048.966709229659,894.5327467658005,37.49968436369115,127.03263441305876,1378.0,30.0,taxi_32,picked
dyn_pax_880,1350.0,2026-09-07 09:22:30,1117538957#3,restaurant|subway_entrance|bus_stop,,465.5082521847807,644.8780924026132,37.49732530507706,127.02609663221197,,,,timeout
dyn_pax_881,1351.0,2026-09-07 09:22:31,-504509918#2,company|restaurant|bus_stop,,398.9694242295193,827.4758220967593,37.49895762305832,127.02530099003066,,,,timeout
dyn_pax_882,1351.0,2026-09-07 09:22:31,975332778#0,restaurant,,667.9217791522676,716.9366930139246,37.49801266412058,127.02836812020041,1414.0,63.0,taxi_18,picked
dyn_pax_883,1354.0,2026-09-07 09:22:34,218877837#2,company|restaurant|bus_stop,,479.4555212141038,978.0213907550284,37.500328997763305,127.02617530290202,,,,timeout
dyn_pax_884,1354.0,2026-09-07 09:22:34,129731858#2,restaurant,,783.9672744139122,855.548332172334,37.49928322221005,127.02964736483162,,,,timeout
dyn_pax_885,1357.0,2026-09-07 09:22:37,218877837#0,company,,455.71990885566936,1045.563527646426,37.50093295148158,127.02589090425857,1374.0,17.0,taxi_respawn_19,picked
dyn_pax_886,1359.0,2026-09-07 09:22:39,-417933645#2,company|restaurant|subway_entrance,,701.1658676593129,719.5455833044954,37.49804244093877,127.02874337560036,,,,timeout
dyn_pax_887,1360.0,2026-09-07 09:22:40,-239954462#0,company,,177.59108854633376,1424.6091910087337,37.50429488616932,127.02265605240045,1621.0,261.0,taxi_10,picked
dyn_pax_888,1362.0,2026-09-07 09:22:42,417933642#0,restaurant|bus_stop,,1041.0954363710525,463.30841921497654,37.49579826441859,127.03264736696761,,,,timeout
dyn_pax_889,1365.0,2026-09-07 09:22:45,521770116#2,company|restaurant|bus_stop,,432.3182248087171,1108.514093563608,37.50149560521279,127.02561136613096,,,,timeout
dyn_pax_890,1366.0,2026-09-07 09:22:46,305539406,company|restaurant|subway_entrance,,566.389495917364,736.5285064605782,37.49816998085155,127.02721550408178,,,,timeout
dyn_pax_891,1368.0,2026-09-07 09:22:48,520307304#0,school|subway_entrance|bus_stop,,602.6035134310263,763.145495629718,37.498416594724866,127.02761864854104,,,,timeout
dyn_pax_892,1368.0,2026-09-07 09:22:48,-256787796#7,restaurant,,650.4923169509016,809.9698095387197,37.49884744554127,127.02814900895488,,,,timeout
dyn_pax_893,1369.0,2026-09-07 09:22:49,521766180#1,company|restaurant|bus_stop,,466.73410130235357,1169.2838037446552,37.502049542882666,127.02598608796039,,,,timeout
dyn_pax_894,1371.0,2026-09-07 09:22:51,218857636#1,residential|company|restaurant|bus_stop,,297.92905089287035,623.2061345250047,37.49709839153085,127.02420706961871,,,,timeout
dyn_pax_895,1372.0,2026-09-07 09:22:52,-256787796#4,restaurant,,620.2926176327408,895.5374521094307,37.49961256354246,127.02778727239327,1819.0,447.0,taxi_10,picked
dyn_pax_896,1373.0,2026-09-07 09:22:53,521766182#1,company|restaurant|subway_entrance,,681.695169875507,539.6867345716422,37.496418539503196,127.02856584056028,,,,timeout
dyn_pax_897,1374.0,2026-09-07 09:22:54,218877837#2,company|restaurant|bus_stop,,479.4555212141038,978.0213907550284,37.500328997763305,127.02617530290202,,,,timeout
dyn_pax_898,1377.0,2026-09-07 09:22:57,-417933645#2,company|restaurant|subway_entrance,,701.1658676593129,719.5455833044954,37.49804244093877,127.02874337560036,,,,timeout
dyn_pax_899,1377.0,2026-09-07 09:22:57,256787796#6,restaurant,,626.4884087870183,851.7135990963859,37.499218954480725,127.02786771303293,,,,timeout
dyn_pax_900,1379.0,2026-09-07 09:22:59,218877837#2,company|restaurant|bus_stop,,479.4555212141038,978.0213907550284,37.500328997763305,127.02617530290202,,,,timeout
dyn_pax_901,1380.0,2026-09-07 09:23:00,218857636#1,residential|company|restaurant|bus_stop,,297.92905089287035,623.2061345250047,37.49709839153085,127.02420706961871,,,,timeout
dyn_pax_902,1380.0,2026-09-07 09:23:00,-417750337#6,restaurant,,503.6615133291097,1089.1021319971503,37.50133422142063,127.0264226479345,1679.0,299.0,taxi_respawn_23,picked
dyn_pax_903,1382.0,2026-09-07 09:23:02,375049565#6,restaurant|subway_entrance|bus_stop,,789.5153251748014,798.8522330112556,37.49877353199428,127.02972351946808,,,,timeout
dyn_pax_904,1382.0,2026-09-07 09:23:02,218864491#0,restaurant|bus_stop,,769.9803916976219,760.1217113917903,37.49842094941813,127.02951181742357,,,,timeout
dyn_pax_905,1385.0,2026-09-07 09:23:05,218873820#0,restaurant|subway_entrance|bus_stop,,628.9829311132032,562.4061665928522,37.49661325243901,127.02796447999128,,,,timeout
dyn_pax_906,1386.0,2026-09-07 09:23:06,218864491#0,restaurant|bus_stop,,769.9803916976219,760.1217113917903,37.49842094941813,127.02951181742357,,,,timeout
dyn_pax_907,1386.0,2026-09-07 09:23:06,-913950883#1,residential|company|restaurant,,391.36286393582424,840.6655979518604,37.49907500229157,127.0252118555046,1851.0,465.0,taxi_28,picked
dyn_pax_908,1387.0,2026-09-07 09:23:07,802110008,restaurant,,567.9368588148042,1294.4290295528247,37.503196013251454,127.02710071947062,,,,timeout
dyn_pax_909,1388.0,2026-09-07 09:23:08,1376141182#0,bus_stop,,385.7154046370183,1301.0311255965628,37.50322104370192,127.02503873135461,,,,timeout
dyn_pax_910,1389.0,2026-09-07 09:23:09,218873820#0,restaurant|subway_entrance|bus_stop,,628.9829311132032,562.4061665928522,37.49661325243901,127.02796447999128,,,,timeout
dyn_pax_911,1392.0,2026-09-07 09:23:12,521766175#3,company|restaurant|subway_entrance|bus_stop,,373.6701172395771,1298.610217621072,37.50319695740621,127.02490310718325,,,,timeout
dyn_pax_912,1394.0,2026-09-07 09:23:14,506191135#3,residential|company|restaurant|bus_stop,,238.79972345576414,789.4714057742513,37.49858497042428,127.023499044737,,,,timeout
dyn_pax_913,1395.0,2026-09-07 09:23:15,-417933642#4,restaurant,,907.3718228697127,805.8014682006251,37.49885835910486,127.03105443169989,1492.0,97.0,taxi_4,picked
dyn_pax_914,1396.0,2026-09-07 09:23:16,1376141183#0,bus_stop,,548.2528111146681,901.2117688498424,37.49965007283687,127.02697139402301,,,,timeout
dyn_pax_915,1397.0,2026-09-07 09:23:17,218864491#0,restaurant|bus_stop,,769.9803916976219,760.1217113917903,37.49842094941813,127.02951181742357,,,,timeout
dyn_pax_916,1398.0,2026-09-07 09:23:18,417933645#2,residential|company|restaurant,,757.7944798520502,568.4010952306102,37.496691568512986,127.02941943794849,1735.0,337.0,taxi_21,picked
dyn_pax_917,1399.0,2026-09-07 09:23:19,1117538957#3,restaurant|subway_entrance|bus_stop,,465.5082521847807,644.8780924026132,37.49732530507706,127.02609663221197,,,,timeout
dyn_pax_918,1400.0,2026-09-07 09:23:20,218873820#0,restaurant|subway_entrance|bus_stop,,628.9829311132032,562.4061665928522,37.49661325243901,127.02796447999128,,,,timeout
dyn_pax_919,1402.0,2026-09-07 09:23:22,494824662#3,company|restaurant|subway_entrance,,729.424850252167,406.6843378518681,37.49522941823122,127.02913698209235,,,,timeout
dyn_pax_920,1402.0,2026-09-07 09:23:22,-129731717#1,residential|company|restaurant,,188.433090102474,1374.3511058470413,37.503844200149025,127.0227905913032,1780.0,378.0,taxi_34,picked
dyn_pax_921,1403.0,2026-09-07 09:23:23,218864491#0,restaurant|bus_stop,,769.9803916976219,760.1217113917903,37.49842094941813,127.02951181742357,,,,timeout
dyn_pax_922,1405.0,2026-09-07 09:23:25,1376141183#0,bus_stop,,548.2528111146681,901.2117688498424,37.49965007283687,127.02697139402301,,,,timeout
dyn_pax_923,1408.0,2026-09-07 09:23:28,541692164#1,subway_entrance,,271.6277521231475,1406.6420105391767,37.5041508337347,127.02372362926798,,,,timeout
dyn_pax_924,1409.0,2026-09-07 09:23:29,178441450#1,residential|company|restaurant|bus_stop,,282.90243066757296,609.4157395563556,37.496971320837204,127.02404044855805,,,,timeout
dyn_pax_925,1409.0,2026-09-07 09:23:29,309155295#1,restaurant,,764.2225196982893,558.1760304781078,37.4966006705371,127.0294945363528,1815.0,406.0,taxi_29,picked
dyn_pax_926,1411.0,2026-09-07 09:23:31,218877837#2,company|restaurant|bus_stop,,479.4555212141038,978.0213907550284,37.500328997763305,127.02617530290202,,,,timeout
dyn_pax_927,1411.0,2026-09-07 09:23:31,-26163000#3,restaurant,,588.7487146070255,1286.0705793093782,37.50312464930957,127.02733802606956,1521.0,110.0,taxi_respawn_26,picked
dyn_pax_928,1414.0,2026-09-07 09:23:34,520307304#0,school|subway_entrance|bus_stop,,602.6035134310263,763.145495629718,37.498416594724866,127.02761864854104,,,,timeout
dyn_pax_929,1415.0,2026-09-07 09:23:35,218873820#0,restaurant|subway_entrance|bus_stop,,628.9829311132032,562.4061665928522,37.49661325243901,127.02796447999128,,,,timeout
dyn_pax_930,1417.0,2026-09-07 09:23:37,-541692164#2,subway_entrance,,317.7122087179151,1441.0296574375257,37.504469327730426,127.0242365566347,,,,timeout
dyn_pax_931,1418.0,2026-09-07 09:23:38,-504509918#2,company|restaurant|bus_stop,,398.9694242295193,827.4758220967593,37.49895762305832,127.02530099003066,,,,timeout
dyn_pax_932,1420.0,2026-09-07 09:23:40,480850873,company|restaurant|bus_stop,,548.1935052770749,708.5896639848544,37.49791486187585,127.0270163956136,,,,timeout
dyn_pax_933,1422.0,2026-09-07 09:23:42,520307304#0,school|subway_entrance|bus_stop,,602.6035134310263,763.145495629718,37.498416594724866,127.02761864854104,,,,timeout
dyn_pax_934,1423.0,2026-09-07 09:23:43,178441450#1,residential|company|restaurant|bus_stop,,282.90243066757296,609.4157395563556,37.496971320837204,127.02404044855805,,,,timeout
dyn_pax_935,1424.0,2026-09-07 09:23:44,26163000#3,restaurant,,602.970622715944,1275.0711016561868,37.50302824900089,127.02750144434575,1806.0,382.0,taxi_respawn_11,picked
dyn_pax_936,1424.0,2026-09-07 09:23:44,129733424#3,restaurant,,568.5053070143441,1008.1195751958668,37.500616957275064,127.02717503574868,1914.0,490.0,taxi_respawn_32,picked
dyn_pax_937,1425.0,2026-09-07 09:23:45,523141074#0,company|restaurant|subway_entrance,,524.0338794858329,871.4890157117229,37.4993777454413,127.02670460634431,,,,timeout
dyn_pax_938,1425.0,2026-09-07 09:23:45,-379463134#1,restaurant,,479.36604535588674,1259.6870258351425,37.50286630987452,127.02610747054479,1584.0,159.0,taxi_respawn_33,picked
dyn_pax_939,1426.0,2026-09-07 09:23:46,1117538957#3,restaurant|subway_entrance|bus_stop,,465.5082521847807,644.8780924026132,37.49732530507706,127.02609663221197,,,,timeout
dyn_pax_940,1428.0,2026-09-07 09:23:48,-417933645#2,company|restaurant|subway_entrance,,701.1658676593129,719.5455833044954,37.49804244093877,127.02874337560036,,,,timeout
dyn_pax_941,1429.0,2026-09-07 09:23:49,-542367267#1,bus_stop,,247.51018316686128,1414.7184918773391,37.504219024473855,127.02344900430944,1453.0,24.0,taxi_respawn_8,picked
dyn_pax_942,1432.0,2026-09-07 09:23:52,-504509918#2,company|restaurant|bus_stop,,398.9694242295193,827.4758220967593,37.49895762305832,127.02530099003066,,,,timeout
dyn_pax_943,1433.0,2026-09-07 09:23:53,-542367267#0,company,,179.75773525047865,1390.7576253945435,37.50399035207237,127.02268859703804,1578.0,145.0,taxi_42,picked
dyn_pax_944,1434.0,2026-09-07 09:23:54,-239954462#0,company,,177.59108854633376,1424.6091910087337,37.50429488616932,127.02265605240045,1832.0,398.0,taxi_48,picked
dyn_pax_945,1435.0,2026-09-07 09:23:55,521766180#1,company|restaurant|bus_stop,,466.73410130235357,1169.2838037446552,37.502049542882666,127.02598608796039,,,,timeout
dyn_pax_946,1438.0,2026-09-07 09:23:58,1229817205#0,company|subway_entrance|bus_stop,,599.2457558679199,652.2907550986157,37.497417346160496,127.02760695963683,,,,timeout
dyn_pax_947,1438.0,2026-09-07 09:23:58,129731857#1,residential|restaurant,,656.8212873140518,799.6615847813327,37.498755780674834,127.02822301071001,,,,timeout
dyn_pax_948,1440.0,2026-09-07 09:24:00,218864491#0,restaurant|bus_stop,,769.9803916976219,760.1217113917903,37.49842094941813,127.02951181742357,,,,timeout
dyn_pax_949,1441.0,2026-09-07 09:24:01,417933642#0,restaurant|bus_stop,,1041.0954363710525,463.30841921497654,37.49579826441859,127.03264736696761,,,,timeout
dyn_pax_950,1442.0,2026-09-07 09:24:02,-117790045#3,restaurant,,459.7597996777886,1476.3698694609513,37.50481454718326,127.02583436303603,1830.0,388.0,taxi_respawn_4,picked
dyn_pax_951,1443.0,2026-09-07 09:24:03,1229817205#0,company|subway_entrance|bus_stop,,599.2457558679199,652.2907550986157,37.497417346160496,127.02760695963683,,,,timeout
dyn_pax_952,1445.0,2026-09-07 09:24:05,541692164#1,subway_entrance,,271.6277521231475,1406.6420105391767,37.5041508337347,127.02372362926798,,,,timeout
dyn_pax_953,1446.0,2026-09-07 09:24:06,1117538957#3,restaurant|subway_entrance|bus_stop,,465.5082521847807,644.8780924026132,37.49732530507706,127.02609663221197,,,,timeout
dyn_pax_954,1446.0,2026-09-07 09:24:06,26163000#3,restaurant,,602.970622715944,1275.0711016561868,37.50302824900089,127.02750144434575,,,,timeout
dyn_pax_955,1448.0,2026-09-07 09:24:08,-417933646#1,residential|restaurant,,826.6019869456061,577.8075382253838,37.49678928421788,127.03019516859905,1466.0,18.0,taxi_27,picked
dyn_pax_956,1449.0,2026-09-07 09:24:09,506191135#3,residential|company|restaurant|bus_stop,,238.79972345576414,789.4714057742513,37.49858497042428,127.023499044737,,,,timeout
dyn_pax_957,1451.0,2026-09-07 09:24:11,417750337#1,restaurant,,654.3039749436668,1311.1147669608317,37.50336263595113,127.02807333923603,,,,timeout
dyn_pax_958,1452.0,2026-09-07 09:24:12,975332778#1,bus_stop,,681.6099970732737,721.9380561808346,37.49806030190971,127.02852170075586,,,,timeout
dyn_pax_959,1454.0,2026-09-07 09:24:14,521770119#0,restaurant|bus_stop,,548.9831206778387,935.1148840516827,37.499955620541705,127.02697161236954,,,,timeout
dyn_pax_960,1455.0,2026-09-07 09:24:15,-504509918#2,company|restaurant|bus_stop,,398.9694242295193,827.4758220967593,37.49895762305832,127.02530099003066,,,,timeout
dyn_pax_961,1457.0,2026-09-07 09:24:17,521766182#1,company|restaurant|subway_entrance,,681.695169875507,539.6867345716422,37.496418539503196,127.02856584056028,,,,timeout
dyn_pax_962,1458.0,2026-09-07 09:24:18,975332778#1,bus_stop,,681.6099970732737,721.9380561808346,37.49806030190971,127.02852170075586,,,,timeout
dyn_pax_963,1459.0,2026-09-07 09:24:19,542367267#1,company|restaurant,,199.26981683313872,1381.121508122661,37.50390724154084,127.02291151664822,1665.0,206.0,taxi_respawn_22,picked
dyn_pax_964,1460.0,2026-09-07 09:24:20,521766182#1,company|restaurant|subway_entrance,,681.695169875507,539.6867345716422,37.496418539503196,127.02856584056028,,,,timeout
dyn_pax_965,1460.0,2026-09-07 09:24:20,417933642#2,residential|restaurant,,976.5976168723116,645.9370182109647,37.49743129415275,127.0318749523804,1530.0,70.0,taxi_34,picked
dyn_pax_966,1461.0,2026-09-07 09:24:21,417933642#0,restaurant|bus_stop,,1041.0954363710525,463.30841921497654,37.49579826441859,127.03264736696761,,,,timeout
dyn_pax_967,1462.0,2026-09-07 09:24:22,129731834#0,school,,229.35227593843302,780.2499709424674,37.498500113124294,127.02339441737757,,,,timeout
dyn_pax_968,1463.0,2026-09-07 09:24:23,521766175#1,company|restaurant|subway_entrance,,332.9365590021661,1411.5585828157227,37.504206724109,127.02441570308932,,,,timeout
dyn_pax_969,1464.0,2026-09-07 09:24:24,218877837#2,company|restaurant|bus_stop,,479.4555212141038,978.0213907550284,37.500328997763305,127.02617530290202,,,,timeout
dyn_pax_970,1466.0,2026-09-07 09:24:26,375049565#6,restaurant|subway_entrance|bus_stop,,789.5153251748014,798.8522330112556,37.49877353199428,127.02972351946808,,,,timeout
dyn_pax_971,1466.0,2026-09-07 09:24:26,218857636#1,residential|company|restaurant|bus_stop,,297.92905089287035,623.2061345250047,37.49709839153085,127.02420706961871,,,,timeout
dyn_pax_972,1468.0,2026-09-07 09:24:28,-506191135#22,residential|company|restaurant|bus_stop,,38.693950105848444,1321.9513167019495,37.50334380565249,127.02110990869835,,,,timeout
dyn_pax_973,1468.0,2026-09-07 09:24:28,309155295#0,company|restaurant,,688.2712938579457,529.5739965525526,37.49632868191341,127.02864258735015,,,,timeout
dyn_pax_974,1471.0,2026-09-07 09:24:31,521766182#1,company|restaurant|subway_entrance,,681.695169875507,539.6867345716422,37.496418539503196,127.02856584056028,,,,timeout
dyn_pax_975,1471.0,2026-09-07 09:24:31,-309155295#1,residential|restaurant,,820.2174803017108,588.0239695218922,37.496880113093034,127.03012056506905,1640.0,169.0,taxi_respawn_8,picked
dyn_pax_976,1472.0,2026-09-07 09:24:32,256787796#2,restaurant,,573.8171824012851,1000.9225059734806,37.50055312725627,127.02723680274495,,,,timeout
dyn_pax_977,1473.0,2026-09-07 09:24:33,219837933#0,residential|company,,49.0199205680682,1328.1480294371383,37.503401583976704,127.02122519296726,1560.0,87.0,taxi_29,picked
dyn_pax_978,1474.0,2026-09-07 09:24:34,218864491#0,restaurant|bus_stop,,769.9803916976219,760.1217113917903,37.49842094941813,127.02951181742357,,,,timeout
dyn_pax_979,1475.0,2026-09-07 09:24:35,218864491#0,restaurant|bus_stop,,769.9803916976219,760.1217113917903,37.49842094941813,127.02951181742357,,,,timeout
dyn_pax_980,1477.0,2026-09-07 09:24:37,1229817205#0,company|subway_entrance|bus_stop,,599.2457558679199,652.2907550986157,37.497417346160496,127.02760695963683,,,,timeout
dyn_pax_981,1478.0,2026-09-07 09:24:38,-541692164#2,subway_entrance,,317.7122087179151,1441.0296574375257,37.504469327730426,127.0242365566347,,,,timeout
dyn_pax_982,1480.0,2026-09-07 09:24:40,129731721#0,company|restaurant,,451.4485582282947,673.334514427724,37.497578992002325,127.0259309178301,2032.0,552.0,taxi_respawn_1,picked
dyn_pax_983,1481.0,2026-09-07 09:24:41,521766180#1,company|restaurant|bus_stop,,466.73410130235357,1169.2838037446552,37.502049542882666,127.02598608796039,,,,timeout
dyn_pax_984,1483.0,2026-09-07 09:24:43,375049565#6,restaurant|subway_entrance|bus_stop,,789.5153251748014,798.8522330112556,37.49877353199428,127.02972351946808,,,,timeout
dyn_pax_985,1484.0,2026-09-07 09:24:44,117790045#2,restaurant,,537.9561568342307,1283.7183624175188,37.50309386389003,127.02676426064505,,,,timeout
dyn_pax_986,1487.0,2026-09-07 09:24:47,218857636#1,residential|company|restaurant|bus_stop,,297.92905089287035,623.2061345250047,37.49709839153085,127.02420706961871,,,,timeout
dyn_pax_987,1488.0,2026-09-07 09:24:48,521766175#3,company|restaurant|subway_entrance|bus_stop,,373.6701172395771,1298.610217621072,37.50319695740621,127.02490310718325,,,,timeout
dyn_pax_988,1489.0,2026-09-07 09:24:49,521766175#3,company|restaurant|subway_entrance|bus_stop,,373.6701172395771,1298.610217621072,37.50319695740621,127.02490310718325,,,,timeout
dyn_pax_989,1490.0,2026-09-07 09:24:50,1376141182#0,bus_stop,,385.7154046370183,1301.0311255965628,37.50322104370192,127.02503873135461,,,,timeout
dyn_pax_990,1491.0,2026-09-07 09:24:51,-541692164#2,subway_entrance,,317.7122087179151,1441.0296574375257,37.504469327730426,127.0242365566347,,,,timeout
dyn_pax_991,1492.0,2026-09-07 09:24:52,1229817205#0,company|subway_entrance|bus_stop,,599.2457558679199,652.2907550986157,37.497417346160496,127.02760695963683,,,,timeout
dyn_pax_992,1494.0,2026-09-07 09:24:54,521766175#1,company|restaurant|subway_entrance,,332.9365590021661,1411.5585828157227,37.504206724109,127.02441570308932,,,,timeout
dyn_pax_993,1494.0,2026-09-07 09:24:54,-1011529829#3,residential|restaurant,,246.84006179949273,776.1178104815556,37.49846619888778,127.02359312469504,,,,timeout
dyn_pax_994,1495.0,2026-09-07 09:24:55,1117538957#3,restaurant|subway_entrance|bus_stop,,465.5082521847807,644.8780924026132,37.49732530507706,127.02609663221197,,,,timeout
dyn_pax_995,1496.0,2026-09-07 09:24:56,309155295#3,restaurant,,868.2249250208004,595.011595969151,37.496952113096654,127.03066169877924,1947.0,451.0,taxi_5,picked
dyn_pax_996,1497.0,2026-09-07 09:24:57,520307304#0,school|subway_entrance|bus_stop,,602.6035134310263,763.145495629718,37.498416594724866,127.02761864854104,,,,timeout
dyn_pax_997,1498.0,2026-09-07 09:24:58,417933642#0,restaurant|bus_stop,,1041.0954363710525,463.30841921497654,37.49579826441859,127.03264736696761,,,,timeout
dyn_pax_998,1499.0,2026-09-07 09:24:59,1117538957#3,restaurant|subway_entrance|bus_stop,,465.5082521847807,644.8780924026132,37.49732530507706,127.02609663221197,,,,timeout
dyn_pax_1000,1500.0,2026-09-07 09:25:00,494824662#3,company|restaurant|subway_entrance,,729.424850252167,406.6843378518681,37.49522941823122,127.02913698209235,,,,timeout
dyn_pax_999,1500.0,2026-09-07 09:25:00,520307304#0,school|subway_entrance|bus_stop,,602.6035134310263,763.145495629718,37.498416594724866,127.02761864854104,,,,timeout
dyn_pax_1001,1503.0,2026-09-07 09:25:03,975332778#1,bus_stop,,681.6099970732737,721.9380561808346,37.49806030190971,127.02852170075586,1943.0,440.0,taxi_respawn_26,picked
dyn_pax_1002,1504.0,2026-09-07 09:25:04,975332778#1,bus_stop,,681.6099970732737,721.9380561808346,37.49806030190971,127.02852170075586,,,,timeout
dyn_pax_1003,1506.0,2026-09-07 09:25:06,218873820#0,restaurant|subway_entrance|bus_stop,,628.9829311132032,562.4061665928522,37.49661325243901,127.02796447999128,1818.0,312.0,taxi_35,picked
dyn_pax_1004,1507.0,2026-09-07 09:25:07,521766180#1,company|restaurant|bus_stop,,466.73410130235357,1169.2838037446552,37.502049542882666,127.02598608796039,,,,timeout
dyn_pax_1005,1509.0,2026-09-07 09:25:09,417933642#0,restaurant|bus_stop,,1041.0954363710525,463.30841921497654,37.49579826441859,127.03264736696761,,,,timeout
dyn_pax_1006,1510.0,2026-09-07 09:25:10,521766175#1,company|restaurant|subway_entrance,,332.9365590021661,1411.5585828157227,37.504206724109,127.02441570308932,,,,timeout
dyn_pax_1007,1510.0,2026-09-07 09:25:10,805827757#0,restaurant,,762.3138727549854,912.1862152730512,37.49978934916138,127.02938912364917,1576.0,66.0,taxi_32,picked
dyn_pax_1008,1510.0,2026-09-07 09:25:10,506191135#3,residential|company|restaurant|bus_stop,,238.79972345576414,789.4714057742513,37.49858497042428,127.023499044737,1540.0,30.0,taxi_respawn_4,picked
dyn_pax_1009,1514.0,2026-09-07 09:25:14,379463134#4,restaurant,,574.4815382344308,1284.0756787717605,37.50310398350559,127.02717717678497,1968.0,454.0,taxi_respawn_21,picked
dyn_pax_1010,1515.0,2026-09-07 09:25:15,218873820#0,restaurant|subway_entrance|bus_stop,,628.9829311132032,562.4061665928522,37.49661325243901,127.02796447999128,,,,timeout
dyn_pax_1011,1517.0,2026-09-07 09:25:17,1376141182#0,bus_stop,,385.7154046370183,1301.0311255965628,37.50322104370192,127.02503873135461,,,,timeout
dyn_pax_1012,1519.0,2026-09-07 09:25:19,-1011529829#3,residential|restaurant,,246.84006179949273,776.1178104815556,37.49846619888778,127.02359312469504,1538.0,19.0,taxi_21,picked
dyn_pax_1013,1520.0,2026-09-07 09:25:20,521766175#3,company|restaurant|subway_entrance|bus_stop,,373.6701172395771,1298.610217621072,37.50319695740621,127.02490310718325,1805.0,285.0,taxi_31,picked
dyn_pax_1014,1521.0,2026-09-07 09:25:21,521766175#1,company|restaurant|subway_entrance,,332.9365590021661,1411.5585828157227,37.504206724109,127.02441570308932,,,,timeout
dyn_pax_1015,1523.0,2026-09-07 09:25:23,1229817205#0,company|subway_entrance|bus_stop,,599.2457558679199,652.2907550986157,37.497417346160496,127.02760695963683,1891.0,368.0,taxi_20,picked
dyn_pax_1016,1525.0,2026-09-07 09:25:25,975332778#0,restaurant,,667.9217791522676,716.9366930139246,37.49801266412058,127.02836812020041,1914.0,389.0,taxi_24,picked
dyn_pax_1017,1526.0,2026-09-07 09:25:26,520307304#0,school|subway_entrance|bus_stop,,602.6035134310263,763.145495629718,37.498416594724866,127.02761864854104,,,,timeout
dyn_pax_1018,1527.0,2026-09-07 09:25:27,-506191135#22,residential|company|restaurant|bus_stop,,38.693950105848444,1321.9513167019495,37.50334380565249,127.02110990869835,1673.0,146.0,taxi_48,picked
dyn_pax_1019,1529.0,2026-09-07 09:25:29,480850873,company|restaurant|bus_stop,,548.1935052770749,708.5896639848544,37.49791486187585,127.0270163956136,,,,unpicked
dyn_pax_1020,1530.0,2026-09-07 09:25:30,480850873,company|restaurant|bus_stop,,548.1935052770749,708.5896639848544,37.49791486187585,127.0270163956136,,,,timeout
dyn_pax_1021,1531.0,2026-09-07 09:25:31,-129731717#1,residential|company|restaurant,,188.433090102474,1374.3511058470413,37.503844200149025,127.0227905913032,1713.0,182.0,taxi_2,picked
dyn_pax_1022,1533.0,2026-09-07 09:25:33,-417933645#2,company|restaurant|subway_entrance,,701.1658676593129,719.5455833044954,37.49804244093877,127.02874337560036,1661.0,128.0,taxi_respawn_7,picked
dyn_pax_1023,1535.0,2026-09-07 09:25:35,218857636#1,residential|company|restaurant|bus_stop,,297.92905089287035,623.2061345250047,37.49709839153085,127.02420706961871,1927.0,392.0,taxi_8,picked
dyn_pax_1024,1538.0,2026-09-07 09:25:38,541692164#1,subway_entrance,,271.6277521231475,1406.6420105391767,37.5041508337347,127.02372362926798,,,,timeout
dyn_pax_1025,1540.0,2026-09-07 09:25:40,521770119#0,restaurant|bus_stop,,548.9831206778387,935.1148840516827,37.499955620541705,127.02697161236954,2045.0,505.0,taxi_48,picked
dyn_pax_1026,1541.0,2026-09-07 09:25:41,-506191135#2,residential|bus_stop,,236.19733776439384,769.6838415951818,37.49840622577806,127.02347432089968,,,,timeout
dyn_pax_1027,1543.0,2026-09-07 09:25:43,521766175#1,company|restaurant|subway_entrance,,332.9365590021661,1411.5585828157227,37.504206724109,127.02441570308932,,,,timeout
dyn_pax_1028,1546.0,2026-09-07 09:25:46,494824662#3,company|restaurant|subway_entrance,,729.424850252167,406.6843378518681,37.49522941823122,127.02913698209235,1626.0,80.0,taxi_respawn_13,picked
dyn_pax_1029,1547.0,2026-09-07 09:25:47,1376141183#0,bus_stop,,548.2528111146681,901.2117688498424,37.49965007283687,127.02697139402301,1668.0,121.0,taxi_27,picked
dyn_pax_1030,1552.0,2026-09-07 09:25:52,-506191135#22,residential|company|restaurant|bus_stop,,38.693950105848444,1321.9513167019495,37.50334380565249,127.02110990869835,1700.0,148.0,taxi_respawn_15,picked
dyn_pax_1031,1553.0,2026-09-07 09:25:53,-506191135#2,residential|bus_stop,,236.19733776439384,769.6838415951818,37.49840622577806,127.02347432089968,,,,timeout
dyn_pax_1032,1555.0,2026-09-07 09:25:55,1117538957#3,restaurant|subway_entrance|bus_stop,,465.5082521847807,644.8780924026132,37.49732530507706,127.02609663221197,1887.0,332.0,taxi_respawn_33,picked
dyn_pax_1033,1556.0,2026-09-07 09:25:56,305539406,company|restaurant|subway_entrance,,566.389495917364,736.5285064605782,37.49816998085155,127.02721550408178,2034.0,478.0,taxi_4,picked
dyn_pax_1034,1558.0,2026-09-07 09:25:58,218877837#2,company|restaurant|bus_stop,,479.4555212141038,978.0213907550284,37.500328997763305,127.02617530290202,1910.0,352.0,taxi_respawn_37,picked
dyn_pax_1035,1559.0,2026-09-07 09:25:59,521766182#1,company|restaurant|subway_entrance,,681.695169875507,539.6867345716422,37.496418539503196,127.02856584056028,1951.0,392.0,taxi_11,picked
dyn_pax_1036,1560.0,2026-09-07 09:26:00,1117538957#0,company|restaurant,,312.91680439510856,589.5311930299885,37.49679787270139,127.0243845203811,,,,timeout
dyn_pax_1037,1561.0,2026-09-07 09:26:01,218877837#2,company|restaurant|bus_stop,,479.4555212141038,978.0213907550284,37.500328997763305,127.02617530290202,1997.0,436.0,taxi_33,picked
dyn_pax_1038,1563.0,2026-09-07 09:26:03,480850873,company|restaurant|bus_stop,,548.1935052770749,708.5896639848544,37.49791486187585,127.0270163956136,2304.0,741.0,taxi_respawn_9,picked
dyn_pax_1039,1564.0,2026-09-07 09:26:04,-541692164#2,subway_entrance,,317.7122087179151,1441.0296574375257,37.504469327730426,127.0242365566347,,,,timeout
dyn_pax_1040,1566.0,2026-09-07 09:26:06,523141074#0,company|restaurant|subway_entrance,,524.0338794858329,871.4890157117229,37.4993777454413,127.02670460634431,1934.0,368.0,taxi_respawn_7,picked
dyn_pax_1041,1569.0,2026-09-07 09:26:09,-506191135#22,residential|company|restaurant|bus_stop,,38.693950105848444,1321.9513167019495,37.50334380565249,127.02110990869835,1866.0,297.0,taxi_respawn_15,picked
dyn_pax_1042,1571.0,2026-09-07 09:26:11,-417750354#0,residential,,923.3498430372201,1041.2071047119894,37.5009819832587,127.03117938951307,1746.0,175.0,taxi_6,picked
dyn_pax_1043,1572.0,2026-09-07 09:26:12,521766175#1,company|restaurant|subway_entrance,,332.9365590021661,1411.5585828157227,37.504206724109,127.02441570308932,,,,timeout
dyn_pax_1044,1573.0,2026-09-07 09:26:13,1376141183#0,bus_stop,,548.2528111146681,901.2117688498424,37.49965007283687,127.02697139402301,,,,timeout
dyn_pax_1045,1576.0,2026-09-07 09:26:16,178441450#1,residential|company|restaurant|bus_stop,,282.90243066757296,609.4157395563556,37.496971320837204,127.02404044855805,,,,timeout
dyn_pax_1046,1578.0,2026-09-07 09:26:18,1117538958#3,bus_stop,,160.18899290588462,540.6019911995099,37.49632820280781,127.02266936696756,1720.0,142.0,taxi_9,picked
dyn_pax_1047,1579.0,2026-09-07 09:26:19,521766175#3,company|restaurant|subway_entrance|bus_stop,,373.6701172395771,1298.610217621072,37.50319695740621,127.02490310718325,2074.0,495.0,taxi_respawn_35,picked
dyn_pax_1048,1581.0,2026-09-07 09:26:21,506191135#3,residential|company|restaurant|bus_stop,,238.79972345576414,789.4714057742513,37.49858497042428,127.023499044737,1736.0,155.0,taxi_respawn_28,picked
dyn_pax_1049,1581.0,2026-09-07 09:26:21,521770116#2,company|restaurant|bus_stop,,432.3182248087171,1108.514093563608,37.50149560521279,127.02561136613096,1900.0,319.0,taxi_respawn_34,picked
dyn_pax_1050,1581.0,2026-09-07 09:26:21,1056882877#3,residential|company|restaurant,,365.79280968467333,433.0557487307964,37.495398294451746,127.02501948586043,2069.0,488.0,taxi_10,picked
dyn_pax_1051,1584.0,2026-09-07 09:26:24,520307304#0,school|subway_entrance|bus_stop,,602.6035134310263,763.145495629718,37.498416594724866,127.02761864854104,,,,timeout
dyn_pax_1052,1585.0,2026-09-07 09:26:25,1117538958#3,bus_stop,,160.18899290588462,540.6019911995099,37.49632820280781,127.02266936696756,1725.0,140.0,taxi_respawn_34,picked
dyn_pax_1053,1587.0,2026-09-07 09:26:27,129731858#2,restaurant,,783.9672744139122,855.548332172334,37.49928322221005,127.02964736483162,1994.0,407.0,taxi_23,picked
dyn_pax_1054,1589.0,2026-09-07 09:26:29,521770119#1,restaurant|bus_stop,,527.3115514435282,995.8620162900467,37.50049875494786,127.02671217090477,2009.0,420.0,taxi_respawn_14,picked
dyn_pax_1055,1589.0,2026-09-07 09:26:29,375049565#6,restaurant|subway_entrance|bus_stop,,789.5153251748014,798.8522330112556,37.49877353199428,127.02972351946808,,,,timeout
dyn_pax_1056,1590.0,2026-09-07 09:26:30,523141074#0,company|restaurant|subway_entrance,,524.0338794858329,871.4890157117229,37.4993777454413,127.02670460634431,,,,timeout
dyn_pax_1057,1594.0,2026-09-07 09:26:34,305539406,company|restaurant|subway_entrance,,566.389495917364,736.5285064605782,37.49816998085155,127.02721550408178,2306.0,712.0,taxi_respawn_25,picked
dyn_pax_1058,1596.0,2026-09-07 09:26:36,1229817205#0,company|subway_entrance|bus_stop,,599.2457558679199,652.2907550986157,37.497417346160496,127.02760695963683,,,,timeout
dyn_pax_1059,1600.0,2026-09-07 09:26:40,521770116#2,company|restaurant|bus_stop,,432.3182248087171,1108.514093563608,37.50149560521279,127.02561136613096,,,,timeout
dyn_pax_1060,1601.0,2026-09-07 09:26:41,521766180#1,company|restaurant|bus_stop,,466.73410130235357,1169.2838037446552,37.502049542882666,127.02598608796039,2331.0,730.0,taxi_respawn_38,picked
dyn_pax_1061,1601.0,2026-09-07 09:26:41,129731720#0,residential|company|restaurant,,292.10678712231254,1113.150773394943,37.50151085547559,127.02402489828896,1869.0,268.0,taxi_25,picked
dyn_pax_1062,1602.0,2026-09-07 09:26:42,1229817205#0,company|subway_entrance|bus_stop,,599.2457558679199,652.2907550986157,37.497417346160496,127.02760695963683,,,,timeout
dyn_pax_1063,1602.0,2026-09-07 09:26:42,-417750336#5,restaurant,,886.0343029737398,891.1232225857099,37.499622942823265,127.030792984823,1658.0,56.0,taxi_respawn_25,picked
dyn_pax_1064,1605.0,2026-09-07 09:26:45,506191135#3,residential|company|restaurant|bus_stop,,238.79972345576414,789.4714057742513,37.49858497042428,127.023499044737,,,,timeout
dyn_pax_1065,1607.0,2026-09-07 09:26:47,-506191135#22,residential|company|restaurant|bus_stop,,38.693950105848444,1321.9513167019495,37.50334380565249,127.02110990869835,,,,timeout
dyn_pax_1066,1608.0,2026-09-07 09:26:48,-506191135#2,residential|bus_stop,,236.19733776439384,769.6838415951818,37.49840622577806,127.02347432089968,,,,timeout
dyn_pax_1067,1610.0,2026-09-07 09:26:50,506191135#3,residential|company|restaurant|bus_stop,,238.79972345576414,789.4714057742513,37.49858497042428,127.023499044737,,,,timeout
dyn_pax_1068,1612.0,2026-09-07 09:26:52,523141074#0,company|restaurant|subway_entrance,,524.0338794858329,871.4890157117229,37.4993777454413,127.02670460634431,2115.0,503.0,taxi_24,picked
dyn_pax_1069,1612.0,2026-09-07 09:26:52,379463134#0,company,,445.604196565268,1237.9330600893716,37.50266396162017,127.02573088108544,1929.0,317.0,taxi_respawn_27,picked
dyn_pax_1070,1613.0,2026-09-07 09:26:53,375049565#6,restaurant|subway_entrance|bus_stop,,789.5153251748014,798.8522330112556,37.49877353199428,127.02972351946808,,,,timeout
dyn_pax_1071,1615.0,2026-09-07 09:26:55,375049565#6,restaurant|subway_entrance|bus_stop,,789.5153251748014,798.8522330112556,37.49877353199428,127.02972351946808,,,,timeout
dyn_pax_1072,1615.0,2026-09-07 09:26:55,-379463134#6,restaurant,,651.5506250710082,1319.679135788758,37.50343926652266,127.02804017641046,,,,timeout
dyn_pax_1073,1617.0,2026-09-07 09:26:57,521770116#2,company|restaurant|bus_stop,,432.3182248087171,1108.514093563608,37.50149560521279,127.02561136613096,,,,timeout
dyn_pax_1074,1618.0,2026-09-07 09:26:58,218864491#0,restaurant|bus_stop,,769.9803916976219,760.1217113917903,37.49842094941813,127.02951181742357,,,,timeout
dyn_pax_1075,1621.0,2026-09-07 09:27:01,218857636#1,residential|company|restaurant|bus_stop,,297.92905089287035,623.2061345250047,37.49709839153085,127.02420706961871,,,,timeout
dyn_pax_1076,1622.0,2026-09-07 09:27:02,417933642#0,restaurant|bus_stop,,1041.0954363710525,463.30841921497654,37.49579826441859,127.03264736696761,,,,timeout
dyn_pax_1077,1624.0,2026-09-07 09:27:04,-417933645#2,company|restaurant|subway_entrance,,701.1658676593129,719.5455833044954,37.49804244093877,127.02874337560036,1813.0,189.0,taxi_40,picked
dyn_pax_1078,1625.0,2026-09-07 09:27:05,480850873,company|restaurant|bus_stop,,548.1935052770749,708.5896639848544,37.49791486187585,127.0270163956136,2292.0,667.0,taxi_41,picked
dyn_pax_1079,1625.0,2026-09-07 09:27:05,521766175#3,company|restaurant|subway_entrance|bus_stop,,373.6701172395771,1298.610217621072,37.50319695740621,127.02490310718325,,,,timeout
dyn_pax_1080,1627.0,2026-09-07 09:27:07,521770119#0,restaurant|bus_stop,,548.9831206778387,935.1148840516827,37.499955620541705,127.02697161236954,,,,timeout
dyn_pax_1081,1627.0,2026-09-07 09:27:07,1229817205#1,residential|bus_stop,,631.6400080768872,572.7061575261558,37.49670653972221,127.02799208080955,1674.0,47.0,taxi_respawn_16,picked
dyn_pax_1082,1630.0,2026-09-07 09:27:10,417933642#0,restaurant|bus_stop,,1041.0954363710525,463.30841921497654,37.49579826441859,127.03264736696761,,,,timeout
dyn_pax_1083,1631.0,2026-09-07 09:27:11,-417933645#2,company|restaurant|subway_entrance,,701.1658676593129,719.5455833044954,37.49804244093877,127.02874337560036,1989.0,358.0,taxi_31,picked
dyn_pax_1084,1633.0,2026-09-07 09:27:13,1376141182#0,bus_stop,,385.7154046370183,1301.0311255965628,37.50322104370192,127.02503873135461,,,,timeout
dyn_pax_1085,1636.0,2026-09-07 09:27:16,521766175#1,company|restaurant|subway_entrance,,332.9365590021661,1411.5585828157227,37.504206724109,127.02441570308932,,,,timeout
dyn_pax_1086,1637.0,2026-09-07 09:27:17,-913950883#1,residential|company|restaurant,,391.36286393582424,840.6655979518604,37.49907500229157,127.0252118555046,1672.0,35.0,taxi_1,picked
dyn_pax_1087,1638.0,2026-09-07 09:27:18,1376141182#0,bus_stop,,385.7154046370183,1301.0311255965628,37.50322104370192,127.02503873135461,,,,timeout
dyn_pax_1088,1638.0,2026-09-07 09:27:18,-541692164#2,subway_entrance,,317.7122087179151,1441.0296574375257,37.504469327730426,127.0242365566347,,,,timeout
dyn_pax_1089,1639.0,2026-09-07 09:27:19,521766175#1,company|restaurant|subway_entrance,,332.9365590021661,1411.5585828157227,37.504206724109,127.02441570308932,,,,timeout
dyn_pax_1090,1640.0,2026-09-07 09:27:20,805827757#0,restaurant,,762.3138727549854,912.1862152730512,37.49978934916138,127.02938912364917,1678.0,38.0,taxi_32,picked
dyn_pax_1091,1641.0,2026-09-07 09:27:21,975332778#1,bus_stop,,681.6099970732737,721.9380561808346,37.49806030190971,127.02852170075586,,,,timeout
dyn_pax_1092,1642.0,2026-09-07 09:27:22,521766182#1,company|restaurant|subway_entrance,,681.695169875507,539.6867345716422,37.496418539503196,127.02856584056028,,,,timeout
dyn_pax_1093,1642.0,2026-09-07 09:27:22,494824662#3,company|restaurant|subway_entrance,,729.424850252167,406.6843378518681,37.49522941823122,127.02913698209235,1966.0,324.0,taxi_respawn_22,picked
dyn_pax_1094,1643.0,2026-09-07 09:27:23,504227067#4,residential|restaurant,,502.84500120553366,479.2066548114549,37.49583994070096,127.02655806263846,1947.0,304.0,taxi_2,picked
dyn_pax_1095,1643.0,2026-09-07 09:27:23,129733424#1,restaurant,,625.7652907028337,1027.567371479777,37.50080296382065,127.02781785674841,1742.0,99.0,taxi_45,picked
dyn_pax_1096,1644.0,2026-09-07 09:27:24,218877837#2,company|restaurant|bus_stop,,479.4555212141038,978.0213907550284,37.500328997763305,127.02617530290202,,,,timeout
dyn_pax_1097,1645.0,2026-09-07 09:27:25,1376141183#0,bus_stop,,548.2528111146681,901.2117688498424,37.49965007283687,127.02697139402301,,,,timeout
dyn_pax_1098,1648.0,2026-09-07 09:27:28,375049565#6,restaurant|subway_entrance|bus_stop,,789.5153251748014,798.8522330112556,37.49877353199428,127.02972351946808,,,,timeout
dyn_pax_1099,1649.0,2026-09-07 09:27:29,129731859#0,restaurant,,636.6446621144157,858.1896913104493,37.49927921090336,127.0279810114602,,,,timeout
dyn_pax_1100,1650.0,2026-09-07 09:27:30,-541692164#2,subway_entrance,,317.7122087179151,1441.0296574375257,37.504469327730426,127.0242365566347,,,,timeout
dyn_pax_1101,1651.0,2026-09-07 09:27:31,218864491#0,restaurant|bus_stop,,769.9803916976219,760.1217113917903,37.49842094941813,127.02951181742357,,,,timeout
dyn_pax_1102,1652.0,2026-09-07 09:27:32,504227066#0,restaurant,,519.2210823013057,487.78345043316773,37.49592029712161,127.02674117912406,1896.0,244.0,taxi_47,picked
dyn_pax_1103,1653.0,2026-09-07 09:27:33,521766182#1,company|restaurant|subway_entrance,,681.695169875507,539.6867345716422,37.496418539503196,127.02856584056028,,,,timeout
dyn_pax_1104,1654.0,2026-09-07 09:27:34,178441450#1,residential|company|restaurant|bus_stop,,282.90243066757296,609.4157395563556,37.496971320837204,127.02404044855805,,,,timeout
dyn_pax_1105,1656.0,2026-09-07 09:27:36,520307304#0,school|subway_entrance|bus_stop,,602.6035134310263,763.145495629718,37.498416594724866,127.02761864854104,,,,timeout
dyn_pax_1106,1657.0,2026-09-07 09:27:37,521766182#1,company|restaurant|subway_entrance,,681.695169875507,539.6867345716422,37.496418539503196,127.02856584056028,,,,timeout
dyn_pax_1107,1658.0,2026-09-07 09:27:38,-1056882877#5,company|restaurant,,302.41102899925136,583.0415396467946,37.496737424712585,127.0242672800979,,,,timeout
dyn_pax_1108,1659.0,2026-09-07 09:27:39,-541692164#2,subway_entrance,,317.7122087179151,1441.0296574375257,37.504469327730426,127.0242365566347,,,,timeout
dyn_pax_1109,1660.0,2026-09-07 09:27:40,-309155295#1,residential|restaurant,,820.2174803017108,588.0239695218922,37.496880113093034,127.03012056506905,1738.0,78.0,taxi_respawn_26,picked
dyn_pax_1110,1661.0,2026-09-07 09:27:41,-541692164#2,subway_entrance,,317.7122087179151,1441.0296574375257,37.504469327730426,127.0242365566347,,,,timeout
dyn_pax_1111,1662.0,2026-09-07 09:27:42,-542367267#1,bus_stop,,247.51018316686128,1414.7184918773391,37.504219024473855,127.02344900430944,1721.0,59.0,taxi_respawn_5,picked
dyn_pax_1112,1662.0,2026-09-07 09:27:42,218877837#0,company,,455.71990885566936,1045.563527646426,37.50093295148158,127.02589090425857,1728.0,66.0,taxi_47,picked
dyn_pax_1113,1664.0,2026-09-07 09:27:44,218857636#1,residential|company|restaurant|bus_stop,,297.92905089287035,623.2061345250047,37.49709839153085,127.02420706961871,,,,timeout
dyn_pax_1114,1668.0,2026-09-07 09:27:48,1229817205#0,company|subway_entrance|bus_stop,,599.2457558679199,652.2907550986157,37.497417346160496,127.02760695963683,,,,timeout
dyn_pax_1115,1670.0,2026-09-07 09:27:50,-417933645#2,company|restaurant|subway_entrance,,701.1658676593129,719.5455833044954,37.49804244093877,127.02874337560036,,,,timeout
dyn_pax_1116,1670.0,2026-09-07 09:27:50,375049565#2,restaurant,,1048.966709229659,894.5327467658005,37.49968436369115,127.03263441305876,1841.0,171.0,taxi_respawn_30,picked
dyn_pax_1117,1671.0,2026-09-07 09:27:51,494824662#3,company|restaurant|subway_entrance,,729.424850252167,406.6843378518681,37.49522941823122,127.02913698209235,2134.0,463.0,taxi_13,picked
dyn_pax_1118,1674.0,2026-09-07 09:27:54,178441450#1,residential|company|restaurant|bus_stop,,282.90243066757296,609.4157395563556,37.496971320837204,127.02404044855805,,,,timeout
dyn_pax_1119,1676.0,2026-09-07 09:27:56,541692164#1,subway_entrance,,271.6277521231475,1406.6420105391767,37.5041508337347,127.02372362926798,,,,timeout
dyn_pax_1120,1676.0,2026-09-07 09:27:56,417933646#2,residential|restaurant,,830.3119525357222,594.5819430897021,37.496941093289735,127.0302331440542,1941.0,265.0,taxi_respawn_23,picked
dyn_pax_1121,1677.0,2026-09-07 09:27:57,1376141183#0,bus_stop,,548.2528111146681,901.2117688498424,37.49965007283687,127.02697139402301,,,,timeout
dyn_pax_1122,1678.0,2026-09-07 09:27:58,-117790039#2,company|restaurant,,1017.0012393074795,990.846024966068,37.5005459641277,127.03225021068775,1807.0,129.0,taxi_11,picked
dyn_pax_1123,1679.0,2026-09-07 09:27:59,218873820#0,restaurant|subway_entrance|bus_stop,,628.9829311132032,562.4061665928522,37.49661325243901,127.02796447999128,2175.0,496.0,taxi_12,picked
dyn_pax_1124,1681.0,2026-09-07 09:28:01,129731859#4,restaurant,,948.3176585840322,968.5888771831698,37.50033252074231,127.03147887955224,1716.0,35.0,taxi_24,picked
dyn_pax_1125,1684.0,2026-09-07 09:28:04,-417933645#2,company|restaurant|subway_entrance,,701.1658676593129,719.5455833044954,37.49804244093877,127.02874337560036,,,,timeout
dyn_pax_1126,1688.0,2026-09-07 09:28:08,520307304#0,school|subway_entrance|bus_stop,,602.6035134310263,763.145495629718,37.498416594724866,127.02761864854104,,,,timeout
dyn_pax_1127,1690.0,2026-09-07 09:28:10,-506191135#2,residential|bus_stop,,236.19733776439384,769.6838415951818,37.49840622577806,127.02347432089968,,,,timeout
dyn_pax_1128,1691.0,2026-09-07 09:28:11,-379463134#6,restaurant,,651.5506250710082,1319.679135788758,37.50343926652266,127.02804017641046,2187.0,496.0,taxi_27,picked
dyn_pax_1129,1693.0,2026-09-07 09:28:13,-506191135#2,residential|bus_stop,,236.19733776439384,769.6838415951818,37.49840622577806,127.02347432089968,,,,timeout
dyn_pax_1130,1694.0,2026-09-07 09:28:14,-417933645#2,company|restaurant|subway_entrance,,701.1658676593129,719.5455833044954,37.49804244093877,127.02874337560036,,,,timeout
dyn_pax_1131,1694.0,2026-09-07 09:28:14,-309155295#4,residential|restaurant,,966.4689567179357,639.4784987131154,37.49737120494098,127.0317619612052,1734.0,40.0,taxi_respawn_21,picked
dyn_pax_1132,1696.0,2026-09-07 09:28:16,494824662#3,company|restaurant|subway_entrance,,729.424850252167,406.6843378518681,37.49522941823122,127.02913698209235,2167.0,471.0,taxi_respawn_17,picked
dyn_pax_1133,1697.0,2026-09-07 09:28:17,-506191135#22,residential|company|restaurant|bus_stop,,38.693950105848444,1321.9513167019495,37.50334380565249,127.02110990869835,2217.0,520.0,taxi_37,picked
dyn_pax_1134,1699.0,2026-09-07 09:28:19,-542367267#1,bus_stop,,247.51018316686128,1414.7184918773391,37.504219024473855,127.02344900430944,1992.0,293.0,taxi_44,picked
dyn_pax_1135,1701.0,2026-09-07 09:28:21,628232693#0,company|restaurant,,644.2623295929467,660.168099777976,37.49749680792099,127.0281140674837,1727.0,26.0,taxi_12,picked
dyn_pax_1136,1702.0,2026-09-07 09:28:22,521766175#3,company|restaurant|subway_entrance|bus_stop,,373.6701172395771,1298.610217621072,37.50319695740621,127.02490310718325,,,,timeout
dyn_pax_1137,1703.0,2026-09-07 09:28:23,521770119#0,restaurant|bus_stop,,548.9831206778387,935.1148840516827,37.499955620541705,127.02697161236954,,,,timeout
dyn_pax_1138,1705.0,2026-09-07 09:28:25,521766175#3,company|restaurant|subway_entrance|bus_stop,,373.6701172395771,1298.610217621072,37.50319695740621,127.02490310718325,,,,timeout
dyn_pax_1139,1708.0,2026-09-07 09:28:28,1056882877#3,residential|company|restaurant,,365.79280968467333,433.0557487307964,37.495398294451746,127.02501948586043,2077.0,369.0,taxi_respawn_20,picked
dyn_pax_1140,1710.0,2026-09-07 09:28:30,521766182#1,company|restaurant|subway_entrance,,681.695169875507,539.6867345716422,37.496418539503196,127.02856584056028,,,,timeout
dyn_pax_1141,1713.0,2026-09-07 09:28:33,521766175#3,company|restaurant|subway_entrance|bus_stop,,373.6701172395771,1298.610217621072,37.50319695740621,127.02490310718325,,,,timeout
dyn_pax_1142,1714.0,2026-09-07 09:28:34,417933642#0,restaurant|bus_stop,,1041.0954363710525,463.30841921497654,37.49579826441859,127.03264736696761,,,,timeout
dyn_pax_1143,1714.0,2026-09-07 09:28:34,521766175#1,company|restaurant|subway_entrance,,332.9365590021661,1411.5585828157227,37.504206724109,127.02441570308932,,,,timeout
dyn_pax_1144,1715.0,2026-09-07 09:28:35,-1011529829#3,residential|restaurant,,246.84006179949273,776.1178104815556,37.49846619888778,127.02359312469504,,,,timeout
dyn_pax_1145,1716.0,2026-09-07 09:28:36,-417933645#2,company|restaurant|subway_entrance,,701.1658676593129,719.5455833044954,37.49804244093877,127.02874337560036,,,,timeout
dyn_pax_1146,1717.0,2026-09-07 09:28:37,417933642#0,restaurant|bus_stop,,1041.0954363710525,463.30841921497654,37.49579826441859,127.03264736696761,,,,timeout
dyn_pax_1147,1717.0,2026-09-07 09:28:37,218877837#2,company|restaurant|bus_stop,,479.4555212141038,978.0213907550284,37.500328997763305,127.02617530290202,,,,timeout
dyn_pax_1148,1719.0,2026-09-07 09:28:39,541692164#1,subway_entrance,,271.6277521231475,1406.6420105391767,37.5041508337347,127.02372362926798,,,,timeout
dyn_pax_1149,1722.0,2026-09-07 09:28:42,506191135#3,residential|company|restaurant|bus_stop,,238.79972345576414,789.4714057742513,37.49858497042428,127.023499044737,2211.0,489.0,taxi_33,picked
dyn_pax_1150,1725.0,2026-09-07 09:28:45,218864491#0,restaurant|bus_stop,,769.9803916976219,760.1217113917903,37.49842094941813,127.02951181742357,,,,timeout
dyn_pax_1151,1725.0,2026-09-07 09:28:45,-129731858#1,restaurant,,779.3164249772793,838.8541978668718,37.49913195860003,127.0295987323456,1815.0,90.0,taxi_30,picked
dyn_pax_1152,1726.0,2026-09-07 09:28:46,975332778#1,bus_stop,,681.6099970732737,721.9380561808346,37.49806030190971,127.02852170075586,2157.0,431.0,taxi_38,picked
dyn_pax_1153,1729.0,2026-09-07 09:28:49,521770119#0,restaurant|bus_stop,,548.9831206778387,935.1148840516827,37.499955620541705,127.02697161236954,,,,timeout
dyn_pax_1154,1731.0,2026-09-07 09:28:51,256787796#5,restaurant,,616.3422671393917,878.7532899245961,37.49946062055924,127.02774658517313,2223.0,492.0,taxi_28,picked
dyn_pax_1155,1733.0,2026-09-07 09:28:53,1117538957#3,restaurant|subway_entrance|bus_stop,,465.5082521847807,644.8780924026132,37.49732530507706,127.02609663221197,2180.0,447.0,taxi_respawn_23,picked
dyn_pax_1156,1734.0,2026-09-07 09:28:54,1229817205#0,company|subway_entrance|bus_stop,,599.2457558679199,652.2907550986157,37.497417346160496,127.02760695963683,,,,timeout
dyn_pax_1157,1735.0,2026-09-07 09:28:55,-417933645#2,company|restaurant|subway_entrance,,701.1658676593129,719.5455833044954,37.49804244093877,127.02874337560036,,,,timeout
dyn_pax_1158,1736.0,2026-09-07 09:28:56,-506191135#2,residential|bus_stop,,236.19733776439384,769.6838415951818,37.49840622577806,127.02347432089968,,,,timeout
dyn_pax_1159,1736.0,2026-09-07 09:28:56,506191135#3,residential|company|restaurant|bus_stop,,238.79972345576414,789.4714057742513,37.49858497042428,127.023499044737,,,,timeout
dyn_pax_1160,1738.0,2026-09-07 09:28:58,309155295#0,company|restaurant,,688.2712938579457,529.5739965525526,37.49632868191341,127.02864258735015,,,,timeout
dyn_pax_1161,1739.0,2026-09-07 09:28:59,520307304#0,school|subway_entrance|bus_stop,,602.6035134310263,763.145495629718,37.498416594724866,127.02761864854104,,,,timeout
dyn_pax_1162,1739.0,2026-09-07 09:28:59,129731720#0,residential|company|restaurant,,292.10678712231254,1113.150773394943,37.50151085547559,127.02402489828896,2119.0,380.0,taxi_respawn_2,picked
dyn_pax_1163,1741.0,2026-09-07 09:29:01,129733424#0,restaurant,,719.7944869540754,1033.9950883209078,37.500878618503414,127.0288795122034,1979.0,238.0,taxi_respawn_16,picked
dyn_pax_1164,1742.0,2026-09-07 09:29:02,1376141183#0,bus_stop,,548.2528111146681,901.2117688498424,37.49965007283687,127.02697139402301,,,,timeout
dyn_pax_1165,1742.0,2026-09-07 09:29:02,628232693#0,company|restaurant,,644.2623295929467,660.168099777976,37.49749680792099,127.0281140674837,1754.0,12.0,taxi_respawn_27,picked
dyn_pax_1166,1743.0,2026-09-07 09:29:03,521766182#1,company|restaurant|subway_entrance,,681.695169875507,539.6867345716422,37.496418539503196,127.02856584056028,,,,timeout
dyn_pax_1167,1745.0,2026-09-07 09:29:05,375049565#6,restaurant|subway_entrance|bus_stop,,789.5153251748014,798.8522330112556,37.49877353199428,127.02972351946808,,,,timeout
dyn_pax_1168,1745.0,2026-09-07 09:29:05,129733424#0,restaurant,,719.7944869540754,1033.9950883209078,37.500878618503414,127.0288795122034,,,,timeout
dyn_pax_1169,1746.0,2026-09-07 09:29:06,521766175#3,company|restaurant|subway_entrance|bus_stop,,373.6701172395771,1298.610217621072,37.50319695740621,127.02490310718325,,,,timeout
dyn_pax_1170,1748.0,2026-09-07 09:29:08,218873820#0,restaurant|subway_entrance|bus_stop,,628.9829311132032,562.4061665928522,37.49661325243901,127.02796447999128,,,,timeout
dyn_pax_1171,1748.0,2026-09-07 09:29:08,129733424#3,restaurant,,568.5053070143441,1008.1195751958668,37.500616957275064,127.02717503574868,1940.0,192.0,taxi_38,picked
dyn_pax_1172,1751.0,2026-09-07 09:29:11,26163000#0,restaurant,,655.1679463942612,1215.3400880972458,37.50250003106797,127.02810580802628,1807.0,56.0,taxi_respawn_13,picked
dyn_pax_1173,1752.0,2026-09-07 09:29:12,521770119#0,restaurant|bus_stop,,548.9831206778387,935.1148840516827,37.499955620541705,127.02697161236954,,,,timeout
dyn_pax_1174,1753.0,2026-09-07 09:29:13,504227069,residential|restaurant,,587.1158993285404,291.7776336445087,37.494167438547194,127.02755526357365,,,,timeout
dyn_pax_1175,1754.0,2026-09-07 09:29:14,480850873,company|restaurant|bus_stop,,548.1935052770749,708.5896639848544,37.49791486187585,127.0270163956136,2286.0,532.0,taxi_17,picked
dyn_pax_1176,1759.0,2026-09-07 09:29:19,1229817205#0,company|subway_entrance|bus_stop,,599.2457558679199,652.2907550986157,37.497417346160496,127.02760695963683,,,,timeout
dyn_pax_1177,1760.0,2026-09-07 09:29:20,521770116#2,company|restaurant|bus_stop,,432.3182248087171,1108.514093563608,37.50149560521279,127.02561136613096,2170.0,410.0,taxi_respawn_13,picked
dyn_pax_1178,1762.0,2026-09-07 09:29:22,129731720#0,residential|company|restaurant,,292.10678712231254,1113.150773394943,37.50151085547559,127.02402489828896,,,,timeout
dyn_pax_1179,1763.0,2026-09-07 09:29:23,521766182#1,company|restaurant|subway_entrance,,681.695169875507,539.6867345716422,37.496418539503196,127.02856584056028,,,,timeout
dyn_pax_1180,1765.0,2026-09-07 09:29:25,520307304#0,school|subway_entrance|bus_stop,,602.6035134310263,763.145495629718,37.498416594724866,127.02761864854104,,,,timeout
dyn_pax_1181,1767.0,2026-09-07 09:29:27,417750337#1,restaurant,,654.3039749436668,1311.1147669608317,37.50336263595113,127.02807333923603,2125.0,358.0,taxi_30,picked
dyn_pax_1182,1769.0,2026-09-07 09:29:29,504227065,company,,441.32681628575455,666.8408278135128,37.497518581743364,127.0258180180219,1801.0,32.0,taxi_18,picked
dyn_pax_1183,1771.0,2026-09-07 09:29:31,521766175#3,company|restaurant|subway_entrance|bus_stop,,373.6701172395771,1298.610217621072,37.50319695740621,127.02490310718325,2254.0,483.0,taxi_respawn_24,picked
dyn_pax_1184,1772.0,2026-09-07 09:29:32,375049565#6,restaurant|subway_entrance|bus_stop,,789.5153251748014,798.8522330112556,37.49877353199428,127.02972351946808,,,,timeout
dyn_pax_1185,1775.0,2026-09-07 09:29:35,-417933645#2,company|restaurant|subway_entrance,,701.1658676593129,719.5455833044954,37.49804244093877,127.02874337560036,,,,timeout
dyn_pax_1186,1779.0,2026-09-07 09:29:39,117790041#3,restaurant,,485.8172797724441,1249.4366376844557,37.50277519064896,127.0261828476699,1814.0,35.0,taxi_7,picked
dyn_pax_1187,1780.0,2026-09-07 09:29:40,-506191135#2,residential|bus_stop,,236.19733776439384,769.6838415951818,37.49840622577806,127.02347432089968,,,,timeout
dyn_pax_1188,1781.0,2026-09-07 09:29:41,521766182#1,company|restaurant|subway_entrance,,681.695169875507,539.6867345716422,37.496418539503196,127.02856584056028,,,,timeout
dyn_pax_1189,1782.0,2026-09-07 09:29:42,218877837#2,company|restaurant|bus_stop,,479.4555212141038,978.0213907550284,37.500328997763305,127.02617530290202,,,,timeout
dyn_pax_1190,1785.0,2026-09-07 09:29:45,494824662#3,company|restaurant|subway_entrance,,729.424850252167,406.6843378518681,37.49522941823122,127.02913698209235,,,,timeout
dyn_pax_1191,1786.0,2026-09-07 09:29:46,506191135#3,residential|company|restaurant|bus_stop,,238.79972345576414,789.4714057742513,37.49858497042428,127.023499044737,,,,timeout
dyn_pax_1192,1788.0,2026-09-07 09:29:48,-506191135#22,residential|company|restaurant|bus_stop,,38.693950105848444,1321.9513167019495,37.50334380565249,127.02110990869835,,,,timeout
dyn_pax_1193,1789.0,2026-09-07 09:29:49,218864491#0,restaurant|bus_stop,,769.9803916976219,760.1217113917903,37.49842094941813,127.02951181742357,,,,timeout
dyn_pax_1194,1789.0,2026-09-07 09:29:49,-805827765,restaurant,,955.7439147780814,1157.0835718820576,37.50203194319751,127.03151825266303,1943.0,154.0,taxi_1,picked
dyn_pax_1195,1789.0,2026-09-07 09:29:49,480850873,company|restaurant|bus_stop,,548.1935052770749,708.5896639848544,37.49791486187585,127.0270163956136,2298.0,509.0,taxi_respawn_5,picked
dyn_pax_1196,1790.0,2026-09-07 09:29:50,417933645#2,residential|company|restaurant,,757.7944798520502,568.4010952306102,37.496691568512986,127.02941943794849,2101.0,311.0,taxi_respawn_6,picked
dyn_pax_1197,1791.0,2026-09-07 09:29:51,-506191135#22,residential|company|restaurant|bus_stop,,38.693950105848444,1321.9513167019495,37.50334380565249,127.02110990869835,,,,timeout
dyn_pax_1198,1792.0,2026-09-07 09:29:52,-523141073,residential|company,,283.47995026542384,1109.9635024546676,37.50148051131825,127.02392811188028,,,,timeout
dyn_pax_1199,1792.0,2026-09-07 09:29:52,-117790039#2,company|restaurant,,1017.0012393074795,990.846024966068,37.5005459641277,127.03225021068775,1953.0,161.0,taxi_30,picked
dyn_pax_1200,1794.0,2026-09-07 09:29:54,521766182#1,company|restaurant|subway_entrance,,681.695169875507,539.6867345716422,37.496418539503196,127.02856584056028,,,,timeout
dyn_pax_1201,1795.0,2026-09-07 09:29:55,375049565#6,restaurant|subway_entrance|bus_stop,,789.5153251748014,798.8522330112556,37.49877353199428,127.02972351946808,,,,timeout
dyn_pax_1202,1797.0,2026-09-07 09:29:57,1117538958#3,bus_stop,,160.18899290588462,540.6019911995099,37.49632820280781,127.02266936696756,2290.0,493.0,taxi_respawn_14,picked
dyn_pax_1203,1798.0,2026-09-07 09:29:58,-542367267#1,bus_stop,,247.51018316686128,1414.7184918773391,37.504219024473855,127.02344900430944,2171.0,373.0,taxi_respawn_26,picked
dyn_pax_1204,1799.0,2026-09-07 09:29:59,975332778#1,bus_stop,,681.6099970732737,721.9380561808346,37.49806030190971,127.02852170075586,2247.0,448.0,taxi_0,picked
dyn_pax_1205,1800.0,2026-09-07 09:30:00,975332778#1,bus_stop,,681.6099970732737,721.9380561808346,37.49806030190971,127.02852170075586,,,,timeout
dyn_pax_1206,1801.0,2026-09-07 09:30:01,506191135#3,residential|company|restaurant|bus_stop,,238.79972345576414,789.4714057742513,37.49858497042428,127.023499044737,,,,timeout
dyn_pax_1207,1803.0,2026-09-07 09:30:03,480850873,company|restaurant|bus_stop,,548.1935052770749,708.5896639848544,37.49791486187585,127.0270163956136,2299.0,496.0,taxi_26,picked
dyn_pax_1208,1804.0,2026-09-07 09:30:04,129731721#0,company|restaurant,,451.4485582282947,673.334514427724,37.497578992002325,127.0259309178301,2393.0,589.0,taxi_35,picked
dyn_pax_1209,1805.0,2026-09-07 09:30:05,1229817205#0,company|subway_entrance|bus_stop,,599.2457558679199,652.2907550986157,37.497417346160496,127.02760695963683,2344.0,539.0,taxi_respawn_20,picked
dyn_pax_1210,1805.0,2026-09-07 09:30:05,417731530,company|restaurant,,191.66975375905443,1429.5779711342507,37.5043423120142,127.02281406437154,1902.0,97.0,taxi_26,picked
dyn_pax_1211,1808.0,2026-09-07 09:30:08,1229817205#0,company|subway_entrance|bus_stop,,599.2457558679199,652.2907550986157,37.497417346160496,127.02760695963683,,,,timeout
dyn_pax_1212,1809.0,2026-09-07 09:30:09,218873820#0,restaurant|subway_entrance|bus_stop,,628.9829311132032,562.4061665928522,37.49661325243901,127.02796447999128,,,,timeout
dyn_pax_1213,1812.0,2026-09-07 09:30:12,521770119#1,restaurant|bus_stop,,527.3115514435282,995.8620162900467,37.50049875494786,127.02671217090477,,,,timeout
dyn_pax_1214,1814.0,2026-09-07 09:30:14,1229817205#0,company|subway_entrance|bus_stop,,599.2457558679199,652.2907550986157,37.497417346160496,127.02760695963683,,,,timeout
dyn_pax_1215,1815.0,2026-09-07 09:30:15,218873820#0,restaurant|subway_entrance|bus_stop,,628.9829311132032,562.4061665928522,37.49661325243901,127.02796447999128,,,,timeout
dyn_pax_1216,1815.0,2026-09-07 09:30:15,219837933#0,residential|company,,49.0199205680682,1328.1480294371383,37.503401583976704,127.02122519296726,1829.0,14.0,taxi_respawn_20,picked
dyn_pax_1217,1815.0,2026-09-07 09:30:15,129731720#0,residential|company|restaurant,,292.10678712231254,1113.150773394943,37.50151085547559,127.02402489828896,2307.0,492.0,taxi_3,picked
dyn_pax_1218,1816.0,2026-09-07 09:30:16,-117790045#2,restaurant,,502.6238788004042,1360.6315306450858,37.50378004402999,127.0263465049606,1901.0,85.0,taxi_6,picked
dyn_pax_1219,1817.0,2026-09-07 09:30:17,520307304#0,school|subway_entrance|bus_stop,,602.6035134310263,763.145495629718,37.498416594724866,127.02761864854104,,,,timeout
dyn_pax_1220,1818.0,2026-09-07 09:30:18,1376141182#0,bus_stop,,385.7154046370183,1301.0311255965628,37.50322104370192,127.02503873135461,,,,timeout
dyn_pax_1221,1818.0,2026-09-07 09:30:18,-379463134#6,restaurant,,651.5506250710082,1319.679135788758,37.50343926652266,127.02804017641046,2191.0,373.0,taxi_31,picked
dyn_pax_1222,1818.0,2026-09-07 09:30:18,-309155295#2,restaurant,,851.6644930724242,598.8503866590313,37.496983571544654,127.03047355257749,2133.0,315.0,taxi_23,picked
dyn_pax_1223,1820.0,2026-09-07 09:30:20,178441450#1,residential|company|restaurant|bus_stop,,282.90243066757296,609.4157395563556,37.496971320837204,127.02404044855805,,,,timeout
dyn_pax_1224,1821.0,2026-09-07 09:30:21,1117538958#3,bus_stop,,160.18899290588462,540.6019911995099,37.49632820280781,127.02266936696756,2327.0,506.0,taxi_respawn_26,picked
dyn_pax_1225,1823.0,2026-09-07 09:30:23,521766175#1,company|restaurant|subway_entrance,,332.9365590021661,1411.5585828157227,37.504206724109,127.02441570308932,,,,timeout
dyn_pax_1226,1823.0,2026-09-07 09:30:23,-506191135#22,residential|company|restaurant|bus_stop,,38.693950105848444,1321.9513167019495,37.50334380565249,127.02110990869835,,,,timeout
dyn_pax_1227,1824.0,2026-09-07 09:30:24,417731530,company|restaurant,,191.66975375905443,1429.5779711342507,37.5043423120142,127.02281406437154,2164.0,340.0,taxi_respawn_3,picked
dyn_pax_1228,1826.0,2026-09-07 09:30:26,-542367267#1,bus_stop,,247.51018316686128,1414.7184918773391,37.504219024473855,127.02344900430944,2189.0,363.0,taxi_respawn_15,picked
dyn_pax_1229,1828.0,2026-09-07 09:30:28,1117538957#3,restaurant|subway_entrance|bus_stop,,465.5082521847807,644.8780924026132,37.49732530507706,127.02609663221197,2161.0,333.0,taxi_7,picked
dyn_pax_1230,1829.0,2026-09-07 09:30:29,-379463134#1,restaurant,,479.36604535588674,1259.6870258351425,37.50286630987452,127.02610747054479,2326.0,497.0,taxi_13,picked
dyn_pax_1231,1831.0,2026-09-07 09:30:31,975332778#1,bus_stop,,681.6099970732737,721.9380561808346,37.49806030190971,127.02852170075586,,,,timeout
dyn_pax_1232,1832.0,2026-09-07 09:30:32,-504509918#2,company|restaurant|bus_stop,,398.9694242295193,827.4758220967593,37.49895762305832,127.02530099003066,1983.0,151.0,taxi_39,picked
dyn_pax_1233,1835.0,2026-09-07 09:30:35,-541692164#2,subway_entrance,,317.7122087179151,1441.0296574375257,37.504469327730426,127.0242365566347,,,,timeout
dyn_pax_1234,1837.0,2026-09-07 09:30:37,218857636#1,residential|company|restaurant|bus_stop,,297.92905089287035,623.2061345250047,37.49709839153085,127.02420706961871,,,,timeout
dyn_pax_1235,1838.0,2026-09-07 09:30:38,218873820#0,restaurant|subway_entrance|bus_stop,,628.9829311132032,562.4061665928522,37.49661325243901,127.02796447999128,,,,timeout
dyn_pax_1236,1839.0,2026-09-07 09:30:39,117790045#2,restaurant,,537.9561568342307,1283.7183624175188,37.50309386389003,127.02676426064505,2156.0,317.0,taxi_11,picked
dyn_pax_1237,1840.0,2026-09-07 09:30:40,305539406,company|restaurant|subway_entrance,,566.389495917364,736.5285064605782,37.49816998085155,127.02721550408178,2315.0,475.0,taxi_respawn_11,picked
dyn_pax_1238,1841.0,2026-09-07 09:30:41,-541692164#2,subway_entrance,,317.7122087179151,1441.0296574375257,37.504469327730426,127.0242365566347,,,,timeout
dyn_pax_1239,1843.0,2026-09-07 09:30:43,1229817205#0,company|subway_entrance|bus_stop,,599.2457558679199,652.2907550986157,37.497417346160496,127.02760695963683,,,,timeout
dyn_pax_1240,1844.0,2026-09-07 09:30:44,1376141182#0,bus_stop,,385.7154046370183,1301.0311255965628,37.50322104370192,127.02503873135461,,,,timeout
dyn_pax_1241,1846.0,2026-09-07 09:30:46,-506191135#2,residential|bus_stop,,236.19733776439384,769.6838415951818,37.49840622577806,127.02347432089968,,,,timeout
dyn_pax_1242,1847.0,2026-09-07 09:30:47,520307304#0,school|subway_entrance|bus_stop,,602.6035134310263,763.145495629718,37.498416594724866,127.02761864854104,,,,timeout
dyn_pax_1243,1847.0,2026-09-07 09:30:47,1056882877#3,residential|company|restaurant,,365.79280968467333,433.0557487307964,37.495398294451746,127.02501948586043,2131.0,284.0,taxi_44,picked
dyn_pax_1244,1849.0,2026-09-07 09:30:49,1229817205#0,company|subway_entrance|bus_stop,,599.2457558679199,652.2907550986157,37.497417346160496,127.02760695963683,,,,timeout
dyn_pax_1245,1850.0,2026-09-07 09:30:50,494824662#3,company|restaurant|subway_entrance,,729.424850252167,406.6843378518681,37.49522941823122,127.02913698209235,,,,timeout
dyn_pax_1246,1851.0,2026-09-07 09:30:51,521770119#1,restaurant|bus_stop,,527.3115514435282,995.8620162900467,37.50049875494786,127.02671217090477,,,,timeout
dyn_pax_1247,1852.0,2026-09-07 09:30:52,-506191135#2,residential|bus_stop,,236.19733776439384,769.6838415951818,37.49840622577806,127.02347432089968,,,,timeout
dyn_pax_1248,1853.0,2026-09-07 09:30:53,218864491#0,restaurant|bus_stop,,769.9803916976219,760.1217113917903,37.49842094941813,127.02951181742357,,,,timeout
dyn_pax_1249,1854.0,2026-09-07 09:30:54,504227069,residential|restaurant,,587.1158993285404,291.7776336445087,37.494167438547194,127.02755526357365,,,,timeout
dyn_pax_1250,1855.0,2026-09-07 09:30:55,417933642#0,restaurant|bus_stop,,1041.0954363710525,463.30841921497654,37.49579826441859,127.03264736696761,2357.0,502.0,taxi_43,picked
dyn_pax_1251,1857.0,2026-09-07 09:30:57,1376141183#0,bus_stop,,548.2528111146681,901.2117688498424,37.49965007283687,127.02697139402301,,,,timeout
dyn_pax_1252,1857.0,2026-09-07 09:30:57,-309155295#4,residential|restaurant,,966.4689567179357,639.4784987131154,37.49737120494098,127.0317619612052,1922.0,65.0,taxi_32,picked
dyn_pax_1253,1858.0,2026-09-07 09:30:58,1229817205#0,company|subway_entrance|bus_stop,,599.2457558679199,652.2907550986157,37.497417346160496,127.02760695963683,,,,timeout
dyn_pax_1254,1860.0,2026-09-07 09:31:00,521766180#1,company|restaurant|bus_stop,,466.73410130235357,1169.2838037446552,37.502049542882666,127.02598608796039,,,,timeout
dyn_pax_1255,1863.0,2026-09-07 09:31:03,375049565#6,restaurant|subway_entrance|bus_stop,,789.5153251748014,798.8522330112556,37.49877353199428,127.02972351946808,,,,timeout
dyn_pax_1256,1864.0,2026-09-07 09:31:04,521766180#1,company|restaurant|bus_stop,,466.73410130235357,1169.2838037446552,37.502049542882666,127.02598608796039,,,,timeout
dyn_pax_1257,1865.0,2026-09-07 09:31:05,504227065,company,,441.32681628575455,666.8408278135128,37.497518581743364,127.0258180180219,1941.0,76.0,taxi_27,picked
dyn_pax_1258,1866.0,2026-09-07 09:31:06,1117538958#3,bus_stop,,160.18899290588462,540.6019911995099,37.49632820280781,127.02266936696756,2366.0,500.0,taxi_30,picked
dyn_pax_1259,1866.0,2026-09-07 09:31:06,417933646#2,residential|restaurant,,830.3119525357222,594.5819430897021,37.496941093289735,127.0302331440542,2118.0,252.0,taxi_respawn_4,picked
dyn_pax_1260,1869.0,2026-09-07 09:31:09,521770119#1,restaurant|bus_stop,,527.3115514435282,995.8620162900467,37.50049875494786,127.02671217090477,,,,timeout
dyn_pax_1261,1870.0,2026-09-07 09:31:10,1056882877#3,residential|company|restaurant,,365.79280968467333,433.0557487307964,37.495398294451746,127.02501948586043,,,,timeout
dyn_pax_1262,1871.0,2026-09-07 09:31:11,1229817205#1,residential|bus_stop,,631.6400080768872,572.7061575261558,37.49670653972221,127.02799208080955,2202.0,331.0,taxi_respawn_1,picked
dyn_pax_1263,1872.0,2026-09-07 09:31:12,-504509918#2,company|restaurant|bus_stop,,398.9694242295193,827.4758220967593,37.49895762305832,127.02530099003066,,,,timeout
dyn_pax_1264,1872.0,2026-09-07 09:31:12,-417933642#1,restaurant,,972.7851169931362,629.1778231901285,37.49727960321316,127.03183581048214,1929.0,57.0,taxi_21,picked
dyn_pax_1265,1873.0,2026-09-07 09:31:13,1229817205#0,company|subway_entrance|bus_stop,,599.2457558679199,652.2907550986157,37.497417346160496,127.02760695963683,,,,timeout
dyn_pax_1266,1875.0,2026-09-07 09:31:15,1376141182#0,bus_stop,,385.7154046370183,1301.0311255965628,37.50322104370192,127.02503873135461,,,,timeout
dyn_pax_1267,1877.0,2026-09-07 09:31:17,-541692164#2,subway_entrance,,317.7122087179151,1441.0296574375257,37.504469327730426,127.0242365566347,,,,timeout
dyn_pax_1268,1878.0,2026-09-07 09:31:18,218877837#0,company,,455.71990885566936,1045.563527646426,37.50093295148158,127.02589090425857,2117.0,239.0,taxi_respawn_31,picked
dyn_pax_1269,1881.0,2026-09-07 09:31:21,-506191135#2,residential|bus_stop,,236.19733776439384,769.6838415951818,37.49840622577806,127.02347432089968,,,,timeout
dyn_pax_1270,1883.0,2026-09-07 09:31:23,-417933645#2,company|restaurant|subway_entrance,,701.1658676593129,719.5455833044954,37.49804244093877,127.02874337560036,,,,timeout
dyn_pax_1271,1883.0,2026-09-07 09:31:23,494824662#3,company|restaurant|subway_entrance,,729.424850252167,406.6843378518681,37.49522941823122,127.02913698209235,2397.0,514.0,taxi_respawn_10,picked
dyn_pax_1272,1884.0,2026-09-07 09:31:24,-417933645#2,company|restaurant|subway_entrance,,701.1658676593129,719.5455833044954,37.49804244093877,127.02874337560036,,,,timeout
dyn_pax_1273,1884.0,2026-09-07 09:31:24,-129731721#2,company|restaurant,,388.6558839574922,820.9778890483499,37.49889713764622,127.02518592115393,,,,timeout
dyn_pax_1274,1884.0,2026-09-07 09:31:24,256787796#2,restaurant,,573.8171824012851,1000.9225059734806,37.50055312725627,127.02723680274495,1993.0,109.0,taxi_respawn_24,picked
dyn_pax_1275,1885.0,2026-09-07 09:31:25,-417750337#0,restaurant,,672.8749254632385,1321.3640627464144,37.50345847130562,127.02828089713113,2068.0,183.0,taxi_respawn_30,picked
dyn_pax_1276,1887.0,2026-09-07 09:31:27,-506191135#2,residential|bus_stop,,236.19733776439384,769.6838415951818,37.49840622577806,127.02347432089968,,,,timeout
dyn_pax_1277,1888.0,2026-09-07 09:31:28,379463134#0,company,,445.604196565268,1237.9330600893716,37.50266396162017,127.02573088108544,2144.0,256.0,taxi_respawn_10,picked
dyn_pax_1278,1888.0,2026-09-07 09:31:28,480850873,company|restaurant|bus_stop,,548.1935052770749,708.5896639848544,37.49791486187585,127.0270163956136,2386.0,498.0,taxi_16,picked
dyn_pax_1279,1889.0,2026-09-07 09:31:29,521766182#1,company|restaurant|subway_entrance,,681.695169875507,539.6867345716422,37.496418539503196,127.02856584056028,,,,timeout
dyn_pax_1280,1889.0,2026-09-07 09:31:29,1011529829#0,school,,381.1393135972994,834.2751815073392,37.49901550234899,127.0250977784903,,,,timeout
dyn_pax_1281,1889.0,2026-09-07 09:31:29,-417933645#2,company|restaurant|subway_entrance,,701.1658676593129,719.5455833044954,37.49804244093877,127.02874337560036,,,,timeout
dyn_pax_1282,1890.0,2026-09-07 09:31:30,521766180#1,company|restaurant|bus_stop,,466.73410130235357,1169.2838037446552,37.502049542882666,127.02598608796039,,,,timeout
dyn_pax_1283,1891.0,2026-09-07 09:31:31,542367267#1,company|restaurant,,199.26981683313872,1381.121508122661,37.50390724154084,127.02291151664822,1972.0,81.0,taxi_respawn_29,picked
dyn_pax_1284,1892.0,2026-09-07 09:31:32,-504509918#2,company|restaurant|bus_stop,,398.9694242295193,827.4758220967593,37.49895762305832,127.02530099003066,,,,timeout
dyn_pax_1285,1895.0,2026-09-07 09:31:35,218873820#0,restaurant|subway_entrance|bus_stop,,628.9829311132032,562.4061665928522,37.49661325243901,127.02796447999128,,,,timeout
dyn_pax_1286,1898.0,2026-09-07 09:31:38,521766175#3,company|restaurant|subway_entrance|bus_stop,,373.6701172395771,1298.610217621072,37.50319695740621,127.02490310718325,2262.0,364.0,taxi_6,picked
dyn_pax_1287,1899.0,2026-09-07 09:31:39,523141074#0,company|restaurant|subway_entrance,,524.0338794858329,871.4890157117229,37.4993777454413,127.02670460634431,2370.0,471.0,taxi_36,picked
dyn_pax_1288,1900.0,2026-09-07 09:31:40,520307304#0,school|subway_entrance|bus_stop,,602.6035134310263,763.145495629718,37.498416594724866,127.02761864854104,,,,timeout
dyn_pax_1289,1901.0,2026-09-07 09:31:41,523141074#0,company|restaurant|subway_entrance,,524.0338794858329,871.4890157117229,37.4993777454413,127.02670460634431,2357.0,456.0,taxi_5,picked
dyn_pax_1290,1903.0,2026-09-07 09:31:43,521766175#3,company|restaurant|subway_entrance|bus_stop,,373.6701172395771,1298.610217621072,37.50319695740621,127.02490310718325,,,,timeout
dyn_pax_1291,1906.0,2026-09-07 09:31:46,521766175#1,company|restaurant|subway_entrance,,332.9365590021661,1411.5585828157227,37.504206724109,127.02441570308932,,,,timeout
dyn_pax_1292,1907.0,2026-09-07 09:31:47,-417933646#4,company|restaurant,,761.9867537178288,747.7080569325292,37.49830761500862,127.02942437673002,,,,timeout
dyn_pax_1293,1909.0,2026-09-07 09:31:49,178441450#1,residential|company|restaurant|bus_stop,,282.90243066757296,609.4157395563556,37.496971320837204,127.02404044855805,,,,timeout
dyn_pax_1294,1909.0,2026-09-07 09:31:49,-417933646#1,residential|restaurant,,826.6019869456061,577.8075382253838,37.49678928421788,127.03019516859905,2056.0,147.0,taxi_34,picked
dyn_pax_1295,1910.0,2026-09-07 09:31:50,375049565#6,restaurant|subway_entrance|bus_stop,,789.5153251748014,798.8522330112556,37.49877353199428,127.02972351946808,2447.0,537.0,taxi_27,picked
dyn_pax_1296,1913.0,2026-09-07 09:31:53,218857636#1,residential|company|restaurant|bus_stop,,297.92905089287035,623.2061345250047,37.49709839153085,127.02420706961871,2393.0,480.0,taxi_1,picked
dyn_pax_1297,1915.0,2026-09-07 09:31:55,1376141183#0,bus_stop,,548.2528111146681,901.2117688498424,37.49965007283687,127.02697139402301,2380.0,465.0,taxi_2,picked
dyn_pax_1298,1915.0,2026-09-07 09:31:55,-417933646#1,residential|restaurant,,826.6019869456061,577.8075382253838,37.49678928421788,127.03019516859905,2300.0,385.0,taxi_respawn_17,picked
dyn_pax_1299,1915.0,2026-09-07 09:31:55,-417933645#1,restaurant,,753.9829961438405,551.6859834676363,37.49654027420169,127.02938030242663,1927.0,12.0,taxi_9,picked
dyn_pax_1300,1916.0,2026-09-07 09:31:56,-542367267#1,bus_stop,,247.51018316686128,1414.7184918773391,37.504219024473855,127.02344900430944,2273.0,357.0,taxi_14,picked
dyn_pax_1301,1917.0,2026-09-07 09:31:57,219837933#0,residential|company,,49.0199205680682,1328.1480294371383,37.503401583976704,127.02122519296726,2024.0,107.0,taxi_respawn_13,picked
dyn_pax_1302,1922.0,2026-09-07 09:32:02,417933645#2,residential|company|restaurant,,757.7944798520502,568.4010952306102,37.496691568512986,127.02941943794849,2094.0,172.0,taxi_respawn_34,picked
dyn_pax_1303,1923.0,2026-09-07 09:32:03,1229817205#0,company|subway_entrance|bus_stop,,599.2457558679199,652.2907550986157,37.497417346160496,127.02760695963683,,,,timeout
dyn_pax_1304,1924.0,2026-09-07 09:32:04,-541692164#2,subway_entrance,,317.7122087179151,1441.0296574375257,37.504469327730426,127.0242365566347,,,,timeout
dyn_pax_1305,1925.0,2026-09-07 09:32:05,-379232155,restaurant,,999.2800162208075,449.1965960198298,37.495663263085994,127.03217793178025,2158.0,233.0,taxi_respawn_32,picked
dyn_pax_1306,1926.0,2026-09-07 09:32:06,1376141182#0,bus_stop,,385.7154046370183,1301.0311255965628,37.50322104370192,127.02503873135461,,,,timeout
dyn_pax_1307,1927.0,2026-09-07 09:32:07,521770119#0,restaurant|bus_stop,,548.9831206778387,935.1148840516827,37.499955620541705,127.02697161236954,,,,timeout
dyn_pax_1308,1929.0,2026-09-07 09:32:09,506191135#3,residential|company|restaurant|bus_stop,,238.79972345576414,789.4714057742513,37.49858497042428,127.023499044737,2433.0,504.0,taxi_14,picked
dyn_pax_1309,1929.0,2026-09-07 09:32:09,975332778#0,restaurant,,667.9217791522676,716.9366930139246,37.49801266412058,127.02836812020041,2103.0,174.0,taxi_32,picked
dyn_pax_1310,1929.0,2026-09-07 09:32:09,129731859#6,restaurant,,984.8051641629477,982.1134039896856,37.50046123095764,127.0318882391282,,,,timeout
dyn_pax_1311,1930.0,2026-09-07 09:32:10,521766175#1,company|restaurant|subway_entrance,,332.9365590021661,1411.5585828157227,37.504206724109,127.02441570308932,,,,timeout
dyn_pax_1312,1933.0,2026-09-07 09:32:13,1229817205#0,company|subway_entrance|bus_stop,,599.2457558679199,652.2907550986157,37.497417346160496,127.02760695963683,,,,timeout
dyn_pax_1313,1936.0,2026-09-07 09:32:16,-1011529829#3,residential|restaurant,,246.84006179949273,776.1178104815556,37.49846619888778,127.02359312469504,2428.0,492.0,taxi_39,picked
dyn_pax_1314,1938.0,2026-09-07 09:32:18,520307304#0,school|subway_entrance|bus_stop,,602.6035134310263,763.145495629718,37.498416594724866,127.02761864854104,,,,timeout
dyn_pax_1315,1939.0,2026-09-07 09:32:19,218864491#0,restaurant|bus_stop,,769.9803916976219,760.1217113917903,37.49842094941813,127.02951181742357,,,,timeout
dyn_pax_1316,1941.0,2026-09-07 09:32:21,375049565#6,restaurant|subway_entrance|bus_stop,,789.5153251748014,798.8522330112556,37.49877353199428,127.02972351946808,,,,timeout
dyn_pax_1317,1942.0,2026-09-07 09:32:22,523141074#0,company|restaurant|subway_entrance,,524.0338794858329,871.4890157117229,37.4993777454413,127.02670460634431,2363.0,421.0,taxi_respawn_3,picked
dyn_pax_1318,1942.0,2026-09-07 09:32:22,521766175#3,company|restaurant|subway_entrance|bus_stop,,373.6701172395771,1298.610217621072,37.50319695740621,127.02490310718325,2437.0,495.0,taxi_respawn_8,picked
dyn_pax_1319,1944.0,2026-09-07 09:32:24,-504509918#2,company|restaurant|bus_stop,,398.9694242295193,827.4758220967593,37.49895762305832,127.02530099003066,,,,timeout
dyn_pax_1320,1946.0,2026-09-07 09:32:26,1117538958#3,bus_stop,,160.18899290588462,540.6019911995099,37.49632820280781,127.02266936696756,,,,timeout
dyn_pax_1321,1947.0,2026-09-07 09:32:27,117790041#3,restaurant,,485.8172797724441,1249.4366376844557,37.50277519064896,127.0261828476699,2077.0,130.0,taxi_respawn_7,picked
dyn_pax_1322,1949.0,2026-09-07 09:32:29,218873820#0,restaurant|subway_entrance|bus_stop,,628.9829311132032,562.4061665928522,37.49661325243901,127.02796447999128,,,,timeout
dyn_pax_1323,1949.0,2026-09-07 09:32:29,239962780#1,company|restaurant,,78.091042197054,1418.7355011637856,37.504223128704645,127.02153236485597,2092.0,143.0,taxi_respawn_15,picked
dyn_pax_1324,1950.0,2026-09-07 09:32:30,218873820#0,restaurant|subway_entrance|bus_stop,,628.9829311132032,562.4061665928522,37.49661325243901,127.02796447999128,,,,timeout
dyn_pax_1325,1952.0,2026-09-07 09:32:32,1229817205#0,company|subway_entrance|bus_stop,,599.2457558679199,652.2907550986157,37.497417346160496,127.02760695963683,2701.0,749.0,taxi_6,picked
dyn_pax_1326,1952.0,2026-09-07 09:32:32,129733424#3,restaurant,,568.5053070143441,1008.1195751958668,37.500616957275064,127.02717503574868,2260.0,308.0,taxi_42,picked
dyn_pax_1327,1953.0,2026-09-07 09:32:33,375049565#6,restaurant|subway_entrance|bus_stop,,789.5153251748014,798.8522330112556,37.49877353199428,127.02972351946808,,,,timeout
dyn_pax_1328,1955.0,2026-09-07 09:32:35,521766182#1,company|restaurant|subway_entrance,,681.695169875507,539.6867345716422,37.496418539503196,127.02856584056028,,,,timeout
dyn_pax_1329,1958.0,2026-09-07 09:32:38,523141074#0,company|restaurant|subway_entrance,,524.0338794858329,871.4890157117229,37.4993777454413,127.02670460634431,2382.0,424.0,taxi_49,picked
dyn_pax_1330,1958.0,2026-09-07 09:32:38,990628460#0,restaurant,,624.9193131653682,704.9656163236222,37.49789670602668,127.02788475117727,2445.0,487.0,taxi_31,picked
dyn_pax_1331,1958.0,2026-09-07 09:32:38,117790039#3,restaurant,,1021.8645860465238,1004.4924062015546,37.500669811640854,127.03230197280303,2047.0,89.0,taxi_29,picked
dyn_pax_1332,1959.0,2026-09-07 09:32:39,523141074#0,company|restaurant|subway_entrance,,524.0338794858329,871.4890157117229,37.4993777454413,127.02670460634431,2482.0,523.0,taxi_47,picked
dyn_pax_1333,1961.0,2026-09-07 09:32:41,521770119#0,restaurant|bus_stop,,548.9831206778387,935.1148840516827,37.499955620541705,127.02697161236954,,,,timeout
dyn_pax_1334,1961.0,2026-09-07 09:32:41,218873820#0,restaurant|subway_entrance|bus_stop,,628.9829311132032,562.4061665928522,37.49661325243901,127.02796447999128,,,,timeout
dyn_pax_1335,1964.0,2026-09-07 09:32:44,521770119#0,restaurant|bus_stop,,548.9831206778387,935.1148840516827,37.499955620541705,127.02697161236954,,,,timeout
dyn_pax_1336,1965.0,2026-09-07 09:32:45,-504509918#2,company|restaurant|bus_stop,,398.9694242295193,827.4758220967593,37.49895762305832,127.02530099003066,2486.0,521.0,taxi_11,picked
dyn_pax_1337,1967.0,2026-09-07 09:32:47,-506191135#22,residential|company|restaurant|bus_stop,,38.693950105848444,1321.9513167019495,37.50334380565249,127.02110990869835,,,,timeout
dyn_pax_1338,1968.0,2026-09-07 09:32:48,521770119#1,restaurant|bus_stop,,527.3115514435282,995.8620162900467,37.50049875494786,127.02671217090477,,,,timeout
dyn_pax_1339,1970.0,2026-09-07 09:32:50,521770119#0,restaurant|bus_stop,,548.9831206778387,935.1148840516827,37.499955620541705,127.02697161236954,,,,timeout
dyn_pax_1340,1970.0,2026-09-07 09:32:50,-417750336#3,school|company,,868.1859178511071,948.5147012398835,37.50013657861005,127.03057759421064,2378.0,408.0,taxi_12,picked
dyn_pax_1341,1972.0,2026-09-07 09:32:52,178441450#1,residential|company|restaurant|bus_stop,,282.90243066757296,609.4157395563556,37.496971320837204,127.02404044855805,,,,timeout
dyn_pax_1342,1972.0,2026-09-07 09:32:52,-117790045#2,restaurant,,502.6238788004042,1360.6315306450858,37.50378004402999,127.0263465049606,2152.0,180.0,taxi_9,picked
dyn_pax_1343,1973.0,2026-09-07 09:32:53,-542367267#1,bus_stop,,247.51018316686128,1414.7184918773391,37.504219024473855,127.02344900430944,2348.0,375.0,taxi_46,picked
dyn_pax_1344,1975.0,2026-09-07 09:32:55,-506191135#2,residential|bus_stop,,236.19733776439384,769.6838415951818,37.49840622577806,127.02347432089968,,,,timeout
dyn_pax_1345,1976.0,2026-09-07 09:32:56,1229817205#1,residential|bus_stop,,631.6400080768872,572.7061575261558,37.49670653972221,127.02799208080955,,,,timeout
dyn_pax_1346,1978.0,2026-09-07 09:32:58,1117538957#3,restaurant|subway_entrance|bus_stop,,465.5082521847807,644.8780924026132,37.49732530507706,127.02609663221197,2448.0,470.0,taxi_respawn_21,picked
dyn_pax_1347,1979.0,2026-09-07 09:32:59,480850873,company|restaurant|bus_stop,,548.1935052770749,708.5896639848544,37.49791486187585,127.0270163956136,2448.0,469.0,taxi_19,picked
dyn_pax_1348,1981.0,2026-09-07 09:33:01,521766180#1,company|restaurant|bus_stop,,466.73410130235357,1169.2838037446552,37.502049542882666,127.02598608796039,2743.0,762.0,taxi_respawn_6,picked
dyn_pax_1349,1982.0,2026-09-07 09:33:02,975332778#1,bus_stop,,681.6099970732737,721.9380561808346,37.49806030190971,127.02852170075586,,,,timeout
dyn_pax_1350,1984.0,2026-09-07 09:33:04,178441450#1,residential|company|restaurant|bus_stop,,282.90243066757296,609.4157395563556,37.496971320837204,127.02404044855805,,,,timeout
dyn_pax_1351,1984.0,2026-09-07 09:33:04,129731720#0,residential|company|restaurant,,292.10678712231254,1113.150773394943,37.50151085547559,127.02402489828896,2444.0,460.0,taxi_10,picked
dyn_pax_1352,1987.0,2026-09-07 09:33:07,1229817205#0,company|subway_entrance|bus_stop,,599.2457558679199,652.2907550986157,37.497417346160496,127.02760695963683,,,,timeout
dyn_pax_1353,1988.0,2026-09-07 09:33:08,-129731717#1,residential|company|restaurant,,188.433090102474,1374.3511058470413,37.503844200149025,127.0227905913032,2074.0,86.0,taxi_43,picked
dyn_pax_1354,1990.0,2026-09-07 09:33:10,1117538957#3,restaurant|subway_entrance|bus_stop,,465.5082521847807,644.8780924026132,37.49732530507706,127.02609663221197,2467.0,477.0,taxi_26,picked
dyn_pax_1355,1991.0,2026-09-07 09:33:11,1376141183#0,bus_stop,,548.2528111146681,901.2117688498424,37.49965007283687,127.02697139402301,,,,timeout
dyn_pax_1356,1993.0,2026-09-07 09:33:13,975332778#1,bus_stop,,681.6099970732737,721.9380561808346,37.49806030190971,127.02852170075586,,,,timeout
dyn_pax_1357,1995.0,2026-09-07 09:33:15,218873820#0,restaurant|subway_entrance|bus_stop,,628.9829311132032,562.4061665928522,37.49661325243901,127.02796447999128,,,,timeout
dyn_pax_1358,1995.0,2026-09-07 09:33:15,129733424#0,restaurant,,719.7944869540754,1033.9950883209078,37.500878618503414,127.0288795122034,2297.0,302.0,taxi_20,picked
dyn_pax_1359,1996.0,2026-09-07 09:33:16,-504509918#2,company|restaurant|bus_stop,,398.9694242295193,827.4758220967593,37.49895762305832,127.02530099003066,2491.0,495.0,taxi_42,picked
dyn_pax_1360,1996.0,2026-09-07 09:33:16,506191135#3,residential|company|restaurant|bus_stop,,238.79972345576414,789.4714057742513,37.49858497042428,127.023499044737,2439.0,443.0,taxi_respawn_33,picked
dyn_pax_1361,1998.0,2026-09-07 09:33:18,-541692164#2,subway_entrance,,317.7122087179151,1441.0296574375257,37.504469327730426,127.0242365566347,,,,timeout
dyn_pax_1362,1999.0,2026-09-07 09:33:19,-417933645#2,company|restaurant|subway_entrance,,701.1658676593129,719.5455833044954,37.49804244093877,127.02874337560036,,,,timeout
dyn_pax_1363,2000.0,2026-09-07 09:33:20,557469234,restaurant,,982.7249512156621,987.801549540822,37.50051207965727,127.03186337298402,2290.0,290.0,taxi_44,picked
dyn_pax_1364,2002.0,2026-09-07 09:33:22,1117538958#3,bus_stop,,160.18899290588462,540.6019911995099,37.49632820280781,127.02266936696756,,,,timeout
dyn_pax_1365,2003.0,2026-09-07 09:33:23,521766182#1,company|restaurant|subway_entrance,,681.695169875507,539.6867345716422,37.496418539503196,127.02856584056028,,,,timeout
dyn_pax_1366,2004.0,2026-09-07 09:33:24,480850873,company|restaurant|bus_stop,,548.1935052770749,708.5896639848544,37.49791486187585,127.0270163956136,,,,timeout
dyn_pax_1367,2004.0,2026-09-07 09:33:24,628232693#0,company|restaurant,,644.2623295929467,660.168099777976,37.49749680792099,127.0281140674837,2271.0,267.0,taxi_respawn_31,picked
dyn_pax_1368,2004.0,2026-09-07 09:33:24,480850873,company|restaurant|bus_stop,,548.1935052770749,708.5896639848544,37.49791486187585,127.0270163956136,,,,timeout
dyn_pax_1369,2005.0,2026-09-07 09:33:25,521770119#1,restaurant|bus_stop,,527.3115514435282,995.8620162900467,37.50049875494786,127.02671217090477,,,,timeout
dyn_pax_1370,2005.0,2026-09-07 09:33:25,379463134#3,restaurant,,544.2510512741843,1273.4484249309019,37.503002538586315,127.0268378740983,2122.0,117.0,taxi_1,picked
dyn_pax_1371,2007.0,2026-09-07 09:33:27,379463134#4,restaurant,,574.4815382344308,1284.0756787717605,37.50310398350559,127.02717717678497,2067.0,60.0,taxi_36,picked
dyn_pax_1372,2008.0,2026-09-07 09:33:28,1117538957#3,restaurant|subway_entrance|bus_stop,,465.5082521847807,644.8780924026132,37.49732530507706,127.02609663221197,,,,timeout
dyn_pax_1373,2011.0,2026-09-07 09:33:31,1229817205#0,company|subway_entrance|bus_stop,,599.2457558679199,652.2907550986157,37.497417346160496,127.02760695963683,2609.0,598.0,taxi_43,picked
dyn_pax_1374,2013.0,2026-09-07 09:33:33,-541692164#2,subway_entrance,,317.7122087179151,1441.0296574375257,37.504469327730426,127.0242365566347,,,,timeout
dyn_pax_1375,2017.0,2026-09-07 09:33:37,1229817205#0,company|subway_entrance|bus_stop,,599.2457558679199,652.2907550986157,37.497417346160496,127.02760695963683,,,,timeout
dyn_pax_1376,2020.0,2026-09-07 09:33:40,520307304#2,restaurant,,553.737131666575,902.6336565846188,37.499663917706236,127.02703306650038,2302.0,282.0,taxi_respawn_32,picked
dyn_pax_1377,2021.0,2026-09-07 09:33:41,375049565#6,restaurant|subway_entrance|bus_stop,,789.5153251748014,798.8522330112556,37.49877353199428,127.02972351946808,,,,timeout
dyn_pax_1378,2022.0,2026-09-07 09:33:42,520307304#0,school|subway_entrance|bus_stop,,602.6035134310263,763.145495629718,37.498416594724866,127.02761864854104,,,,timeout
dyn_pax_1379,2024.0,2026-09-07 09:33:44,1376141183#0,bus_stop,,548.2528111146681,901.2117688498424,37.49965007283687,127.02697139402301,2509.0,485.0,taxi_respawn_32,picked
dyn_pax_1380,2024.0,2026-09-07 09:33:44,504227065,company,,441.32681628575455,666.8408278135128,37.497518581743364,127.0258180180219,2069.0,45.0,taxi_8,picked
dyn_pax_1381,2025.0,2026-09-07 09:33:45,-504227066#3,restaurant,,449.3214735737982,636.1754008755333,37.497243849267164,127.02591568328045,2202.0,177.0,taxi_10,picked
dyn_pax_1382,2027.0,2026-09-07 09:33:47,1117538957#3,restaurant|subway_entrance|bus_stop,,465.5082521847807,644.8780924026132,37.49732530507706,127.02609663221197,2527.0,500.0,taxi_49,picked
dyn_pax_1383,2027.0,2026-09-07 09:33:47,-129731717#1,residential|company|restaurant,,188.433090102474,1374.3511058470413,37.503844200149025,127.0227905913032,2124.0,97.0,taxi_3,picked
dyn_pax_1384,2028.0,2026-09-07 09:33:48,521766180#1,company|restaurant|bus_stop,,466.73410130235357,1169.2838037446552,37.502049542882666,127.02598608796039,,,,timeout
dyn_pax_1385,2030.0,2026-09-07 09:33:50,523141074#0,company|restaurant|subway_entrance,,524.0338794858329,871.4890157117229,37.4993777454413,127.02670460634431,,,,timeout
dyn_pax_1386,2030.0,2026-09-07 09:33:50,218857636#1,residential|company|restaurant|bus_stop,,297.92905089287035,623.2061345250047,37.49709839153085,127.02420706961871,2443.0,413.0,taxi_respawn_37,picked
dyn_pax_1387,2032.0,2026-09-07 09:33:52,117790062#7,restaurant,,610.3314045210797,1078.999817662281,37.50126336859982,127.02763115548898,2073.0,41.0,taxi_0,picked
dyn_pax_1388,2032.0,2026-09-07 09:33:52,218864491#0,restaurant|bus_stop,,769.9803916976219,760.1217113917903,37.49842094941813,127.02951181742357,,,,timeout
dyn_pax_1389,2033.0,2026-09-07 09:33:53,417933645#2,residential|company|restaurant,,757.7944798520502,568.4010952306102,37.496691568512986,127.02941943794849,2361.0,328.0,taxi_respawn_13,picked
dyn_pax_1390,2034.0,2026-09-07 09:33:54,1229817205#0,company|subway_entrance|bus_stop,,599.2457558679199,652.2907550986157,37.497417346160496,127.02760695963683,,,,timeout
dyn_pax_1391,2036.0,2026-09-07 09:33:56,-506191135#22,residential|company|restaurant|bus_stop,,38.693950105848444,1321.9513167019495,37.50334380565249,127.02110990869835,,,,timeout
dyn_pax_1392,2037.0,2026-09-07 09:33:57,-542367267#1,bus_stop,,247.51018316686128,1414.7184918773391,37.504219024473855,127.02344900430944,2356.0,319.0,taxi_29,picked
dyn_pax_1393,2039.0,2026-09-07 09:33:59,1376141183#0,bus_stop,,548.2528111146681,901.2117688498424,37.49965007283687,127.02697139402301,,,,timeout
dyn_pax_1394,2040.0,2026-09-07 09:34:00,218873820#0,restaurant|subway_entrance|bus_stop,,628.9829311132032,562.4061665928522,37.49661325243901,127.02796447999128,,,,timeout
dyn_pax_1395,2042.0,2026-09-07 09:34:02,417933642#0,restaurant|bus_stop,,1041.0954363710525,463.30841921497654,37.49579826441859,127.03264736696761,2399.0,357.0,taxi_respawn_30,picked
dyn_pax_1396,2044.0,2026-09-07 09:34:04,1376141183#0,bus_stop,,548.2528111146681,901.2117688498424,37.49965007283687,127.02697139402301,,,,timeout
dyn_pax_1397,2044.0,2026-09-07 09:34:04,1056882877#3,residential|company|restaurant,,365.79280968467333,433.0557487307964,37.495398294451746,127.02501948586043,2545.0,501.0,taxi_32,picked
dyn_pax_1398,2044.0,2026-09-07 09:34:04,117790039#3,restaurant,,1021.8645860465238,1004.4924062015546,37.500669811640854,127.03230197280303,2241.0,197.0,taxi_25,picked
dyn_pax_1399,2045.0,2026-09-07 09:34:05,305539406,company|restaurant|subway_entrance,,566.389495917364,736.5285064605782,37.49816998085155,127.02721550408178,2427.0,382.0,taxi_38,picked
dyn_pax_1400,2045.0,2026-09-07 09:34:05,178441450#1,residential|company|restaurant|bus_stop,,282.90243066757296,609.4157395563556,37.496971320837204,127.02404044855805,,,,timeout
dyn_pax_1401,2046.0,2026-09-07 09:34:06,1376141182#0,bus_stop,,385.7154046370183,1301.0311255965628,37.50322104370192,127.02503873135461,,,,timeout
dyn_pax_1402,2046.0,2026-09-07 09:34:06,-557469234,restaurant,,929.7298817515857,1030.9986809445256,37.50089122514563,127.03125394368278,2217.0,171.0,taxi_respawn_30,picked
dyn_pax_1403,2046.0,2026-09-07 09:34:06,506191135#3,residential|company|restaurant|bus_stop,,238.79972345576414,789.4714057742513,37.49858497042428,127.023499044737,,,,timeout
dyn_pax_1404,2047.0,2026-09-07 09:34:07,506191135#3,residential|company|restaurant|bus_stop,,238.79972345576414,789.4714057742513,37.49858497042428,127.023499044737,,,,timeout
dyn_pax_1405,2048.0,2026-09-07 09:34:08,305539406,company|restaurant|subway_entrance,,566.389495917364,736.5285064605782,37.49816998085155,127.02721550408178,2433.0,385.0,taxi_28,picked
dyn_pax_1406,2049.0,2026-09-07 09:34:09,26163000#3,restaurant,,602.970622715944,1275.0711016561868,37.50302824900089,127.02750144434575,2553.0,504.0,taxi_respawn_1,picked
dyn_pax_1407,2050.0,2026-09-07 09:34:10,375049565#6,restaurant|subway_entrance|bus_stop,,789.5153251748014,798.8522330112556,37.49877353199428,127.02972351946808,2582.0,532.0,taxi_respawn_5,picked
dyn_pax_1408,2050.0,2026-09-07 09:34:10,1056882877#3,residential|company|restaurant,,365.79280968467333,433.0557487307964,37.495398294451746,127.02501948586043,,,,timeout
dyn_pax_1409,2053.0,2026-09-07 09:34:13,375049565#6,restaurant|subway_entrance|bus_stop,,789.5153251748014,798.8522330112556,37.49877353199428,127.02972351946808,,,,timeout
dyn_pax_1410,2054.0,2026-09-07 09:34:14,521770119#1,restaurant|bus_stop,,527.3115514435282,995.8620162900467,37.50049875494786,127.02671217090477,,,,timeout
dyn_pax_1411,2056.0,2026-09-07 09:34:16,521766182#1,company|restaurant|subway_entrance,,681.695169875507,539.6867345716422,37.496418539503196,127.02856584056028,,,,timeout
dyn_pax_1412,2057.0,2026-09-07 09:34:17,521770116#2,company|restaurant|bus_stop,,432.3182248087171,1108.514093563608,37.50149560521279,127.02561136613096,2496.0,439.0,taxi_respawn_7,picked
dyn_pax_1413,2061.0,2026-09-07 09:34:21,521770119#0,restaurant|bus_stop,,548.9831206778387,935.1148840516827,37.499955620541705,127.02697161236954,,,,timeout
dyn_pax_1414,2063.0,2026-09-07 09:34:23,218864491#0,restaurant|bus_stop,,769.9803916976219,760.1217113917903,37.49842094941813,127.02951181742357,,,,timeout
dyn_pax_1415,2065.0,2026-09-07 09:34:25,-506191135#22,residential|company|restaurant|bus_stop,,38.693950105848444,1321.9513167019495,37.50334380565249,127.02110990869835,,,,timeout
dyn_pax_1416,2067.0,2026-09-07 09:34:27,1117538958#3,bus_stop,,160.18899290588462,540.6019911995099,37.49632820280781,127.02266936696756,2529.0,462.0,taxi_17,picked
dyn_pax_1417,2068.0,2026-09-07 09:34:28,1376141183#0,bus_stop,,548.2528111146681,901.2117688498424,37.49965007283687,127.02697139402301,,,,timeout
dyn_pax_1418,2070.0,2026-09-07 09:34:30,417933642#0,restaurant|bus_stop,,1041.0954363710525,463.30841921497654,37.49579826441859,127.03264736696761,,,,timeout
dyn_pax_1419,2071.0,2026-09-07 09:34:31,129731858#2,restaurant,,783.9672744139122,855.548332172334,37.49928322221005,127.02964736483162,2137.0,66.0,taxi_5,picked
dyn_pax_1420,2071.0,2026-09-07 09:34:31,-506191135#2,residential|bus_stop,,236.19733776439384,769.6838415951818,37.49840622577806,127.02347432089968,2527.0,456.0,taxi_35,picked
dyn_pax_1421,2073.0,2026-09-07 09:34:33,521766182#1,company|restaurant|subway_entrance,,681.695169875507,539.6867345716422,37.496418539503196,127.02856584056028,,,,timeout
dyn_pax_1422,2074.0,2026-09-07 09:34:34,-504509918#2,company|restaurant|bus_stop,,398.9694242295193,827.4758220967593,37.49895762305832,127.02530099003066,,,,timeout
dyn_pax_1423,2076.0,2026-09-07 09:34:36,218877837#2,company|restaurant|bus_stop,,479.4555212141038,978.0213907550284,37.500328997763305,127.02617530290202,,,,timeout
dyn_pax_1424,2076.0,2026-09-07 09:34:36,-504227066#3,restaurant,,449.3214735737982,636.1754008755333,37.497243849267164,127.02591568328045,2329.0,253.0,taxi_respawn_15,picked
dyn_pax_1425,2077.0,2026-09-07 09:34:37,521766175#3,company|restaurant|subway_entrance|bus_stop,,373.6701172395771,1298.610217621072,37.50319695740621,127.02490310718325,2526.0,449.0,taxi_respawn_25,picked
dyn_pax_1426,2077.0,2026-09-07 09:34:37,-129731721#2,company|restaurant,,388.6558839574922,820.9778890483499,37.49889713764622,127.02518592115393,,,,timeout
dyn_pax_1427,2078.0,2026-09-07 09:34:38,-117790045#0,restaurant,,544.8147652988505,1238.053441474183,37.50268379633789,127.0268526423962,2119.0,41.0,taxi_respawn_16,picked
dyn_pax_1428,2080.0,2026-09-07 09:34:40,-504509918#2,company|restaurant|bus_stop,,398.9694242295193,827.4758220967593,37.49895762305832,127.02530099003066,,,,timeout
dyn_pax_1429,2082.0,2026-09-07 09:34:42,1229817205#0,company|subway_entrance|bus_stop,,599.2457558679199,652.2907550986157,37.497417346160496,127.02760695963683,,,,timeout
dyn_pax_1430,2082.0,2026-09-07 09:34:42,-117790045#0,restaurant,,544.8147652988505,1238.053441474183,37.50268379633789,127.0268526423962,2509.0,427.0,taxi_respawn_34,picked
dyn_pax_1431,2082.0,2026-09-07 09:34:42,-309155295#4,residential|restaurant,,966.4689567179357,639.4784987131154,37.49737120494098,127.0317619612052,2540.0,458.0,taxi_respawn_2,picked
dyn_pax_1432,2083.0,2026-09-07 09:34:43,523141074#0,company|restaurant|subway_entrance,,524.0338794858329,871.4890157117229,37.4993777454413,127.02670460634431,2571.0,488.0,taxi_respawn_20,picked
dyn_pax_1433,2085.0,2026-09-07 09:34:45,-504509918#2,company|restaurant|bus_stop,,398.9694242295193,827.4758220967593,37.49895762305832,127.02530099003066,,,,timeout
dyn_pax_1434,2086.0,2026-09-07 09:34:46,417933642#0,restaurant|bus_stop,,1041.0954363710525,463.30841921497654,37.49579826441859,127.03264736696761,,,,timeout
dyn_pax_1435,2088.0,2026-09-07 09:34:48,1376141183#0,bus_stop,,548.2528111146681,901.2117688498424,37.49965007283687,127.02697139402301,,,,timeout
dyn_pax_1436,2088.0,2026-09-07 09:34:48,218877837#2,company|restaurant|bus_stop,,479.4555212141038,978.0213907550284,37.500328997763305,127.02617530290202,,,,timeout
dyn_pax_1437,2089.0,2026-09-07 09:34:49,1117538957#3,restaurant|subway_entrance|bus_stop,,465.5082521847807,644.8780924026132,37.49732530507706,127.02609663221197,2536.0,447.0,taxi_respawn_22,picked
dyn_pax_1438,2091.0,2026-09-07 09:34:51,1376141182#0,bus_stop,,385.7154046370183,1301.0311255965628,37.50322104370192,127.02503873135461,,,,timeout
dyn_pax_1439,2094.0,2026-09-07 09:34:54,-1537068129#0,restaurant,,962.1540281232122,1146.7630824504436,37.50194018104768,127.03159317410272,2137.0,43.0,taxi_20,picked
dyn_pax_1440,2095.0,2026-09-07 09:34:55,-504509918#2,company|restaurant|bus_stop,,398.9694242295193,827.4758220967593,37.49895762305832,127.02530099003066,,,,timeout
dyn_pax_1441,2096.0,2026-09-07 09:34:56,218857636#1,residential|company|restaurant|bus_stop,,297.92905089287035,623.2061345250047,37.49709839153085,127.02420706961871,,,,timeout
dyn_pax_1442,2096.0,2026-09-07 09:34:56,1011529829#0,school,,381.1393135972994,834.2751815073392,37.49901550234899,127.0250977784903,2584.0,488.0,taxi_1,picked
dyn_pax_1443,2099.0,2026-09-07 09:34:59,-506191135#2,residential|bus_stop,,236.19733776439384,769.6838415951818,37.49840622577806,127.02347432089968,2567.0,468.0,taxi_3,picked
dyn_pax_1444,2099.0,2026-09-07 09:34:59,-1056882877#5,company|restaurant,,302.41102899925136,583.0415396467946,37.496737424712585,127.0242672800979,,,,timeout
dyn_pax_1445,2100.0,2026-09-07 09:35:00,218864491#0,restaurant|bus_stop,,769.9803916976219,760.1217113917903,37.49842094941813,127.02951181742357,,,,timeout
dyn_pax_1446,2101.0,2026-09-07 09:35:01,-506191135#2,residential|bus_stop,,236.19733776439384,769.6838415951818,37.49840622577806,127.02347432089968,,,,timeout
dyn_pax_1447,2102.0,2026-09-07 09:35:02,521770116#2,company|restaurant|bus_stop,,432.3182248087171,1108.514093563608,37.50149560521279,127.02561136613096,2661.0,559.0,taxi_respawn_9,picked
dyn_pax_1448,2103.0,2026-09-07 09:35:03,521770119#1,restaurant|bus_stop,,527.3115514435282,995.8620162900467,37.50049875494786,127.02671217090477,,,,timeout
dyn_pax_1449,2105.0,2026-09-07 09:35:05,521766180#1,company|restaurant|bus_stop,,466.73410130235357,1169.2838037446552,37.502049542882666,127.02598608796039,,,,timeout
dyn_pax_1450,2105.0,2026-09-07 09:35:05,178441450#1,residential|company|restaurant|bus_stop,,282.90243066757296,609.4157395563556,37.496971320837204,127.02404044855805,,,,timeout
dyn_pax_1451,2105.0,2026-09-07 09:35:05,-417933642#4,restaurant,,907.3718228697127,805.8014682006251,37.49885835910486,127.03105443169989,2373.0,268.0,taxi_respawn_31,picked
dyn_pax_1452,2106.0,2026-09-07 09:35:06,305539406,company|restaurant|subway_entrance,,566.389495917364,736.5285064605782,37.49816998085155,127.02721550408178,2569.0,463.0,taxi_47,picked
dyn_pax_1453,2108.0,2026-09-07 09:35:08,417933642#0,restaurant|bus_stop,,1041.0954363710525,463.30841921497654,37.49579826441859,127.03264736696761,,,,timeout
dyn_pax_1454,2111.0,2026-09-07 09:35:11,1229817205#1,residential|bus_stop,,631.6400080768872,572.7061575261558,37.49670653972221,127.02799208080955,,,,timeout
dyn_pax_1455,2112.0,2026-09-07 09:35:12,521766182#1,company|restaurant|subway_entrance,,681.695169875507,539.6867345716422,37.496418539503196,127.02856584056028,,,,timeout
dyn_pax_1456,2114.0,2026-09-07 09:35:14,178441450#1,residential|company|restaurant|bus_stop,,282.90243066757296,609.4157395563556,37.496971320837204,127.02404044855805,,,,timeout
dyn_pax_1457,2114.0,2026-09-07 09:35:14,-117790051#4,restaurant,,448.3479635094145,1379.7889979949318,37.50394236073409,127.02572824341395,2211.0,97.0,taxi_respawn_29,picked
dyn_pax_1458,2116.0,2026-09-07 09:35:16,-542367267#1,bus_stop,,247.51018316686128,1414.7184918773391,37.504219024473855,127.02344900430944,2451.0,335.0,taxi_29,picked
dyn_pax_1459,2116.0,2026-09-07 09:35:16,504227069,residential|restaurant,,587.1158993285404,291.7776336445087,37.494167438547194,127.02755526357365,,,,timeout
dyn_pax_1460,2117.0,2026-09-07 09:35:17,506191135#3,residential|company|restaurant|bus_stop,,238.79972345576414,789.4714057742513,37.49858497042428,127.023499044737,,,,timeout
dyn_pax_1461,2119.0,2026-09-07 09:35:19,1117538957#3,restaurant|subway_entrance|bus_stop,,465.5082521847807,644.8780924026132,37.49732530507706,127.02609663221197,,,,timeout
dyn_pax_1462,2120.0,2026-09-07 09:35:20,521766182#1,company|restaurant|subway_entrance,,681.695169875507,539.6867345716422,37.496418539503196,127.02856584056028,,,,timeout
dyn_pax_1463,2122.0,2026-09-07 09:35:22,1117538958#3,bus_stop,,160.18899290588462,540.6019911995099,37.49632820280781,127.02266936696756,2540.0,418.0,taxi_respawn_35,picked
dyn_pax_1464,2122.0,2026-09-07 09:35:22,375049565#2,restaurant,,1048.966709229659,894.5327467658005,37.49968436369115,127.03263441305876,2517.0,395.0,taxi_respawn_38,picked
dyn_pax_1465,2123.0,2026-09-07 09:35:23,305539406,company|restaurant|subway_entrance,,566.389495917364,736.5285064605782,37.49816998085155,127.02721550408178,,,,timeout
dyn_pax_1466,2125.0,2026-09-07 09:35:25,218873820#0,restaurant|subway_entrance|bus_stop,,628.9829311132032,562.4061665928522,37.49661325243901,127.02796447999128,,,,timeout
dyn_pax_1467,2126.0,2026-09-07 09:35:26,1376141183#0,bus_stop,,548.2528111146681,901.2117688498424,37.49965007283687,127.02697139402301,,,,timeout
dyn_pax_1468,2128.0,2026-09-07 09:35:28,494824662#3,company|restaurant|subway_entrance,,729.424850252167,406.6843378518681,37.49522941823122,127.02913698209235,,,,timeout
dyn_pax_1469,2129.0,2026-09-07 09:35:29,521770116#2,company|restaurant|bus_stop,,432.3182248087171,1108.514093563608,37.50149560521279,127.02561136613096,2732.0,603.0,taxi_respawn_11,picked
dyn_pax_1470,2130.0,2026-09-07 09:35:30,-417750337#2,restaurant,,578.5487433358253,1191.18897592047,37.50226799999912,127.02724519016736,2266.0,136.0,taxi_18,picked
dyn_pax_1471,2131.0,2026-09-07 09:35:31,975332778#1,bus_stop,,681.6099970732737,721.9380561808346,37.49806030190971,127.02852170075586,,,,timeout
dyn_pax_1472,2132.0,2026-09-07 09:35:32,975332778#1,bus_stop,,681.6099970732737,721.9380561808346,37.49806030190971,127.02852170075586,,,,timeout
dyn_pax_1473,2132.0,2026-09-07 09:35:32,504227067#4,residential|restaurant,,502.84500120553366,479.2066548114549,37.49583994070096,127.02655806263846,,,,timeout
dyn_pax_1474,2132.0,2026-09-07 09:35:32,1056882877#3,residential|company|restaurant,,365.79280968467333,433.0557487307964,37.495398294451746,127.02501948586043,2609.0,477.0,taxi_18,picked
dyn_pax_1475,2133.0,2026-09-07 09:35:33,-117790039#2,company|restaurant,,1017.0012393074795,990.846024966068,37.5005459641277,127.03225021068775,2649.0,516.0,taxi_respawn_28,picked
dyn_pax_1476,2134.0,2026-09-07 09:35:34,975332778#1,bus_stop,,681.6099970732737,721.9380561808346,37.49806030190971,127.02852170075586,,,,timeout
dyn_pax_1477,2135.0,2026-09-07 09:35:35,-417933645#2,company|restaurant|subway_entrance,,701.1658676593129,719.5455833044954,37.49804244093877,127.02874337560036,,,,timeout
dyn_pax_1478,2137.0,2026-09-07 09:35:37,506191135#3,residential|company|restaurant|bus_stop,,238.79972345576414,789.4714057742513,37.49858497042428,127.023499044737,,,,timeout
dyn_pax_1479,2139.0,2026-09-07 09:35:39,1376141183#0,bus_stop,,548.2528111146681,901.2117688498424,37.49965007283687,127.02697139402301,,,,timeout
dyn_pax_1480,2140.0,2026-09-07 09:35:40,480850873,company|restaurant|bus_stop,,548.1935052770749,708.5896639848544,37.49791486187585,127.0270163956136,2653.0,513.0,taxi_respawn_31,picked
dyn_pax_1481,2142.0,2026-09-07 09:35:42,557469234,restaurant,,982.7249512156621,987.801549540822,37.50051207965727,127.03186337298402,2384.0,242.0,taxi_respawn_1,picked
dyn_pax_1482,2143.0,2026-09-07 09:35:43,-506191135#22,residential|company|restaurant|bus_stop,,38.693950105848444,1321.9513167019495,37.50334380565249,127.02110990869835,,,,timeout
dyn_pax_1483,2143.0,2026-09-07 09:35:43,417933645#0,residential|restaurant,,823.1026288816429,385.61625104994533,37.49505730126708,127.03020109557775,2160.0,17.0,taxi_respawn_27,picked
dyn_pax_1484,2144.0,2026-09-07 09:35:44,129731859#1,restaurant,,770.318180095484,905.1374216517651,37.499727361620906,127.02948129560598,2315.0,171.0,taxi_respawn_16,picked
dyn_pax_1485,2145.0,2026-09-07 09:35:45,521766175#3,company|restaurant|subway_entrance|bus_stop,,373.6701172395771,1298.610217621072,37.50319695740621,127.02490310718325,2622.0,477.0,taxi_36,picked
dyn_pax_1486,2146.0,2026-09-07 09:35:46,521770116#2,company|restaurant|bus_stop,,432.3182248087171,1108.514093563608,37.50149560521279,127.02561136613096,2622.0,476.0,taxi_39,picked
dyn_pax_1487,2148.0,2026-09-07 09:35:48,1117538957#3,restaurant|subway_entrance|bus_stop,,465.5082521847807,644.8780924026132,37.49732530507706,127.02609663221197,2636.0,488.0,taxi_respawn_35,picked
dyn_pax_1488,2149.0,2026-09-07 09:35:49,541692164#1,subway_entrance,,271.6277521231475,1406.6420105391767,37.5041508337347,127.02372362926798,,,,timeout
dyn_pax_1489,2149.0,2026-09-07 09:35:49,305539406,company|restaurant|subway_entrance,,566.389495917364,736.5285064605782,37.49816998085155,127.02721550408178,,,,timeout
dyn_pax_1490,2151.0,2026-09-07 09:35:51,218873820#0,restaurant|subway_entrance|bus_stop,,628.9829311132032,562.4061665928522,37.49661325243901,127.02796447999128,,,,timeout
dyn_pax_1491,2152.0,2026-09-07 09:35:52,-417933645#2,company|restaurant|subway_entrance,,701.1658676593129,719.5455833044954,37.49804244093877,127.02874337560036,2665.0,513.0,taxi_26,picked
dyn_pax_1492,2154.0,2026-09-07 09:35:54,520307304#0,school|subway_entrance|bus_stop,,602.6035134310263,763.145495629718,37.498416594724866,127.02761864854104,,,,timeout
dyn_pax_1493,2155.0,2026-09-07 09:35:55,521766182#1,company|restaurant|subway_entrance,,681.695169875507,539.6867345716422,37.496418539503196,127.02856584056028,,,,timeout
dyn_pax_1494,2156.0,2026-09-07 09:35:56,129731720#0,residential|company|restaurant,,292.10678712231254,1113.150773394943,37.50151085547559,127.02402489828896,2633.0,477.0,taxi_29,picked
dyn_pax_1495,2156.0,2026-09-07 09:35:56,218857636#1,residential|company|restaurant|bus_stop,,297.92905089287035,623.2061345250047,37.49709839153085,127.02420706961871,,,,timeout
dyn_pax_1496,2157.0,2026-09-07 09:35:57,1117538958#3,bus_stop,,160.18899290588462,540.6019911995099,37.49632820280781,127.02266936696756,,,,timeout
dyn_pax_1497,2158.0,2026-09-07 09:35:58,521770119#0,restaurant|bus_stop,,548.9831206778387,935.1148840516827,37.499955620541705,127.02697161236954,,,,timeout
dyn_pax_1498,2158.0,2026-09-07 09:35:58,417750337#2,restaurant,,602.0112566641748,1239.22102407953,37.50270511928559,127.02749909599581,2521.0,363.0,taxi_8,picked
dyn_pax_1499,2160.0,2026-09-07 09:36:00,504227067#4,residential|restaurant,,502.84500120553366,479.2066548114549,37.49583994070096,127.02655806263846,2708.0,548.0,taxi_35,picked
dyn_pax_1500,2161.0,2026-09-07 09:36:01,494824662#3,company|restaurant|subway_entrance,,729.424850252167,406.6843378518681,37.49522941823122,127.02913698209235,,,,timeout
dyn_pax_1501,2163.0,2026-09-07 09:36:03,541692164#1,subway_entrance,,271.6277521231475,1406.6420105391767,37.5041508337347,127.02372362926798,,,,timeout
dyn_pax_1502,2163.0,2026-09-07 09:36:03,-129731834#1,residential,,78.2122165689223,720.9585140244731,37.49793738265588,127.02169964763026,,,,timeout
dyn_pax_1503,2165.0,2026-09-07 09:36:05,521766182#1,company|restaurant|subway_entrance,,681.695169875507,539.6867345716422,37.496418539503196,127.02856584056028,,,,timeout
dyn_pax_1504,2165.0,2026-09-07 09:36:05,218857636#1,residential|company|restaurant|bus_stop,,297.92905089287035,623.2061345250047,37.49709839153085,127.02420706961871,,,,timeout
dyn_pax_1505,2166.0,2026-09-07 09:36:06,129731857#1,residential|restaurant,,656.8212873140518,799.6615847813327,37.498755780674834,127.02822301071001,2366.0,200.0,taxi_respawn_2,picked
dyn_pax_1506,2169.0,2026-09-07 09:36:09,521770119#1,restaurant|bus_stop,,527.3115514435282,995.8620162900467,37.50049875494786,127.02671217090477,,,,timeout
dyn_pax_1507,2172.0,2026-09-07 09:36:12,521770119#0,restaurant|bus_stop,,548.9831206778387,935.1148840516827,37.499955620541705,127.02697161236954,,,,timeout
dyn_pax_1508,2174.0,2026-09-07 09:36:14,521766175#3,company|restaurant|subway_entrance|bus_stop,,373.6701172395771,1298.610217621072,37.50319695740621,127.02490310718325,2631.0,457.0,taxi_19,picked
dyn_pax_1509,2177.0,2026-09-07 09:36:17,521770119#1,restaurant|bus_stop,,527.3115514435282,995.8620162900467,37.50049875494786,127.02671217090477,,,,timeout
dyn_pax_1510,2181.0,2026-09-07 09:36:21,218873820#0,restaurant|subway_entrance|bus_stop,,628.9829311132032,562.4061665928522,37.49661325243901,127.02796447999128,,,,timeout
dyn_pax_1511,2184.0,2026-09-07 09:36:24,975332778#1,bus_stop,,681.6099970732737,721.9380561808346,37.49806030190971,127.02852170075586,,,,timeout
dyn_pax_1512,2185.0,2026-09-07 09:36:25,-309155295#4,residential|restaurant,,966.4689567179357,639.4784987131154,37.49737120494098,127.0317619612052,2579.0,394.0,taxi_16,picked
dyn_pax_1513,2188.0,2026-09-07 09:36:28,-504509918#2,company|restaurant|bus_stop,,398.9694242295193,827.4758220967593,37.49895762305832,127.02530099003066,,,,timeout
dyn_pax_1514,2189.0,2026-09-07 09:36:29,494824662#3,company|restaurant|subway_entrance,,729.424850252167,406.6843378518681,37.49522941823122,127.02913698209235,2722.0,533.0,taxi_4,picked
dyn_pax_1515,2190.0,2026-09-07 09:36:30,-117790045#1,restaurant,,534.0975884889299,1266.9858058167179,37.502942402865294,127.02672459950128,2428.0,238.0,taxi_13,picked
dyn_pax_1516,2191.0,2026-09-07 09:36:31,-504509918#2,company|restaurant|bus_stop,,398.9694242295193,827.4758220967593,37.49895762305832,127.02530099003066,,,,timeout
dyn_pax_1517,2191.0,2026-09-07 09:36:31,1056882877#3,residential|company|restaurant,,365.79280968467333,433.0557487307964,37.495398294451746,127.02501948586043,2620.0,429.0,taxi_34,picked
dyn_pax_1518,2192.0,2026-09-07 09:36:32,305539406,company|restaurant|subway_entrance,,566.389495917364,736.5285064605782,37.49816998085155,127.02721550408178,2698.0,506.0,taxi_respawn_30,picked
dyn_pax_1519,2192.0,2026-09-07 09:36:32,1376141182#0,bus_stop,,385.7154046370183,1301.0311255965628,37.50322104370192,127.02503873135461,,,,timeout
dyn_pax_1520,2194.0,2026-09-07 09:36:34,1117538957#3,restaurant|subway_entrance|bus_stop,,465.5082521847807,644.8780924026132,37.49732530507706,127.02609663221197,,,,timeout
dyn_pax_1521,2195.0,2026-09-07 09:36:35,523141074#0,company|restaurant|subway_entrance,,524.0338794858329,871.4890157117229,37.4993777454413,127.02670460634431,2576.0,381.0,taxi_24,picked
dyn_pax_1522,2195.0,2026-09-07 09:36:35,-417933646#4,company|restaurant,,761.9867537178288,747.7080569325292,37.49830761500862,127.02942437673002,,,,timeout
dyn_pax_1523,2196.0,2026-09-07 09:36:36,117790051#2,restaurant,,558.5532373104973,1361.778638311631,37.503800946163,127.02697864469606,2470.0,274.0,taxi_respawn_16,picked
dyn_pax_1524,2197.0,2026-09-07 09:36:37,521766182#1,company|restaurant|subway_entrance,,681.695169875507,539.6867345716422,37.496418539503196,127.02856584056028,,,,timeout
dyn_pax_1525,2198.0,2026-09-07 09:36:38,-506191135#22,residential|company|restaurant|bus_stop,,38.693950105848444,1321.9513167019495,37.50334380565249,127.02110990869835,,,,timeout
dyn_pax_1526,2200.0,2026-09-07 09:36:40,375049565#6,restaurant|subway_entrance|bus_stop,,789.5153251748014,798.8522330112556,37.49877353199428,127.02972351946808,2576.0,376.0,taxi_respawn_10,picked
dyn_pax_1527,2201.0,2026-09-07 09:36:41,-506191135#22,residential|company|restaurant|bus_stop,,38.693950105848444,1321.9513167019495,37.50334380565249,127.02110990869835,,,,timeout
dyn_pax_1528,2201.0,2026-09-07 09:36:41,129731721#0,company|restaurant,,451.4485582282947,673.334514427724,37.497578992002325,127.0259309178301,2357.0,156.0,taxi_45,picked
dyn_pax_1529,2204.0,2026-09-07 09:36:44,521766175#1,company|restaurant|subway_entrance,,332.9365590021661,1411.5585828157227,37.504206724109,127.02441570308932,,,,timeout
dyn_pax_1530,2207.0,2026-09-07 09:36:47,-506191135#2,residential|bus_stop,,236.19733776439384,769.6838415951818,37.49840622577806,127.02347432089968,2697.0,490.0,taxi_respawn_20,picked
dyn_pax_1531,2208.0,2026-09-07 09:36:48,129731852,restaurant,,626.5739131314494,885.3301415107766,37.499521799012015,127.0278607124155,2290.0,82.0,taxi_9,picked
dyn_pax_1532,2209.0,2026-09-07 09:36:49,521766182#1,company|restaurant|subway_entrance,,681.695169875507,539.6867345716422,37.496418539503196,127.02856584056028,,,,timeout
dyn_pax_1533,2211.0,2026-09-07 09:36:51,1229817205#0,company|subway_entrance|bus_stop,,599.2457558679199,652.2907550986157,37.497417346160496,127.02760695963683,,,,timeout
dyn_pax_1534,2213.0,2026-09-07 09:36:53,520307304#0,school|subway_entrance|bus_stop,,602.6035134310263,763.145495629718,37.498416594724866,127.02761864854104,,,,timeout
dyn_pax_1535,2214.0,2026-09-07 09:36:54,218873820#0,restaurant|subway_entrance|bus_stop,,628.9829311132032,562.4061665928522,37.49661325243901,127.02796447999128,,,,timeout
dyn_pax_1536,2215.0,2026-09-07 09:36:55,1229817205#0,company|subway_entrance|bus_stop,,599.2457558679199,652.2907550986157,37.497417346160496,127.02760695963683,,,,timeout
dyn_pax_1537,2217.0,2026-09-07 09:36:57,218873820#0,restaurant|subway_entrance|bus_stop,,628.9829311132032,562.4061665928522,37.49661325243901,127.02796447999128,,,,timeout
dyn_pax_1538,2217.0,2026-09-07 09:36:57,-309155295#2,restaurant,,851.6644930724242,598.8503866590313,37.496983571544654,127.03047355257749,2279.0,62.0,taxi_respawn_27,picked
dyn_pax_1539,2218.0,2026-09-07 09:36:58,1229817205#0,company|subway_entrance|bus_stop,,599.2457558679199,652.2907550986157,37.497417346160496,127.02760695963683,,,,timeout
dyn_pax_1540,2218.0,2026-09-07 09:36:58,-417750336#3,school|company,,868.1859178511071,948.5147012398835,37.50013657861005,127.03057759421064,2710.0,492.0,taxi_respawn_1,picked
dyn_pax_1541,2220.0,2026-09-07 09:37:00,218877837#2,company|restaurant|bus_stop,,479.4555212141038,978.0213907550284,37.500328997763305,127.02617530290202,,,,timeout
dyn_pax_1542,2223.0,2026-09-07 09:37:03,-417933645#2,company|restaurant|subway_entrance,,701.1658676593129,719.5455833044954,37.49804244093877,127.02874337560036,2726.0,503.0,taxi_24,picked
dyn_pax_1543,2223.0,2026-09-07 09:37:03,-1056882877#5,company|restaurant,,302.41102899925136,583.0415396467946,37.496737424712585,127.0242672800979,2680.0,457.0,taxi_3,picked
dyn_pax_1544,2224.0,2026-09-07 09:37:04,520307304#0,school|subway_entrance|bus_stop,,602.6035134310263,763.145495629718,37.498416594724866,127.02761864854104,,,,timeout
dyn_pax_1545,2225.0,2026-09-07 09:37:05,239962780#1,company|restaurant,,78.091042197054,1418.7355011637856,37.504223128704645,127.02153236485597,2426.0,201.0,taxi_37,picked
dyn_pax_1546,2227.0,2026-09-07 09:37:07,1117538958#3,bus_stop,,160.18899290588462,540.6019911995099,37.49632820280781,127.02266936696756,,,,timeout
dyn_pax_1547,2229.0,2026-09-07 09:37:09,-504509918#2,company|restaurant|bus_stop,,398.9694242295193,827.4758220967593,37.49895762305832,127.02530099003066,,,,timeout
dyn_pax_1548,2230.0,2026-09-07 09:37:10,1117538957#3,restaurant|subway_entrance|bus_stop,,465.5082521847807,644.8780924026132,37.49732530507706,127.02609663221197,,,,timeout
dyn_pax_1549,2232.0,2026-09-07 09:37:12,1229817205#0,company|subway_entrance|bus_stop,,599.2457558679199,652.2907550986157,37.497417346160496,127.02760695963683,,,,timeout
dyn_pax_1550,2233.0,2026-09-07 09:37:13,520307304#0,school|subway_entrance|bus_stop,,602.6035134310263,763.145495629718,37.498416594724866,127.02761864854104,,,,timeout
dyn_pax_1551,2235.0,2026-09-07 09:37:15,1229817205#1,residential|bus_stop,,631.6400080768872,572.7061575261558,37.49670653972221,127.02799208080955,,,,timeout
dyn_pax_1552,2237.0,2026-09-07 09:37:17,-504509918#2,company|restaurant|bus_stop,,398.9694242295193,827.4758220967593,37.49895762305832,127.02530099003066,,,,timeout
dyn_pax_1553,2238.0,2026-09-07 09:37:18,1117538958#3,bus_stop,,160.18899290588462,540.6019911995099,37.49632820280781,127.02266936696756,,,,timeout
dyn_pax_1554,2239.0,2026-09-07 09:37:19,239962780#1,company|restaurant,,78.091042197054,1418.7355011637856,37.504223128704645,127.02153236485597,,,,timeout
dyn_pax_1555,2240.0,2026-09-07 09:37:20,-309155295#4,residential|restaurant,,966.4689567179357,639.4784987131154,37.49737120494098,127.0317619612052,,,,timeout
dyn_pax_1556,2241.0,2026-09-07 09:37:21,305539406,company|restaurant|subway_entrance,,566.389495917364,736.5285064605782,37.49816998085155,127.02721550408178,,,,timeout
dyn_pax_1557,2243.0,2026-09-07 09:37:23,523141074#0,company|restaurant|subway_entrance,,524.0338794858329,871.4890157117229,37.4993777454413,127.02670460634431,2594.0,351.0,taxi_respawn_7,picked
dyn_pax_1558,2244.0,2026-09-07 09:37:24,521766175#1,company|restaurant|subway_entrance,,332.9365590021661,1411.5585828157227,37.504206724109,127.02441570308932,,,,timeout
dyn_pax_1559,2244.0,2026-09-07 09:37:24,417750342#0,residential,,845.3624953099543,1340.16590884019,37.50366039527634,127.03022681464076,2294.0,50.0,taxi_32,picked
dyn_pax_1560,2246.0,2026-09-07 09:37:26,375049565#6,restaurant|subway_entrance|bus_stop,,789.5153251748014,798.8522330112556,37.49877353199428,127.02972351946808,,,,timeout
dyn_pax_1561,2246.0,2026-09-07 09:37:26,-417933642#1,restaurant,,972.7851169931362,629.1778231901285,37.49727960321316,127.03183581048214,2603.0,357.0,taxi_respawn_4,picked
dyn_pax_1562,2247.0,2026-09-07 09:37:27,-541692164#2,subway_entrance,,317.7122087179151,1441.0296574375257,37.504469327730426,127.0242365566347,2604.0,357.0,taxi_44,picked
dyn_pax_1563,2248.0,2026-09-07 09:37:28,129731721#0,company|restaurant,,451.4485582282947,673.334514427724,37.497578992002325,127.0259309178301,2368.0,120.0,taxi_respawn_28,picked
dyn_pax_1564,2248.0,2026-09-07 09:37:28,-506191135#22,residential|company|restaurant|bus_stop,,38.693950105848444,1321.9513167019495,37.50334380565249,127.02110990869835,,,,timeout
dyn_pax_1565,2249.0,2026-09-07 09:37:29,218857636#1,residential|company|restaurant|bus_stop,,297.92905089287035,623.2061345250047,37.49709839153085,127.02420706961871,,,,timeout
dyn_pax_1566,2250.0,2026-09-07 09:37:30,521770119#0,restaurant|bus_stop,,548.9831206778387,935.1148840516827,37.499955620541705,127.02697161236954,,,,timeout
dyn_pax_1567,2252.0,2026-09-07 09:37:32,1229817205#0,company|subway_entrance|bus_stop,,599.2457558679199,652.2907550986157,37.497417346160496,127.02760695963683,,,,timeout
dyn_pax_1568,2252.0,2026-09-07 09:37:32,521770116#2,company|restaurant|bus_stop,,432.3182248087171,1108.514093563608,37.50149560521279,127.02561136613096,2826.0,574.0,taxi_25,picked
dyn_pax_1569,2253.0,2026-09-07 09:37:33,1117538957#3,restaurant|subway_entrance|bus_stop,,465.5082521847807,644.8780924026132,37.49732530507706,127.02609663221197,2758.0,505.0,taxi_40,picked
dyn_pax_1570,2253.0,2026-09-07 09:37:33,541692164#1,subway_entrance,,271.6277521231475,1406.6420105391767,37.5041508337347,127.02372362926798,,,,timeout
dyn_pax_1571,2255.0,2026-09-07 09:37:35,375049565#6,restaurant|subway_entrance|bus_stop,,789.5153251748014,798.8522330112556,37.49877353199428,127.02972351946808,,,,timeout
dyn_pax_1572,2255.0,2026-09-07 09:37:35,178441450#1,residential|company|restaurant|bus_stop,,282.90243066757296,609.4157395563556,37.496971320837204,127.02404044855805,,,,timeout
dyn_pax_1573,2256.0,2026-09-07 09:37:36,375049565#6,restaurant|subway_entrance|bus_stop,,789.5153251748014,798.8522330112556,37.49877353199428,127.02972351946808,,,,timeout
dyn_pax_1574,2256.0,2026-09-07 09:37:36,117790045#3,restaurant,,504.6202003222114,1382.6101305390487,37.50397841113055,127.02636386411817,2327.0,71.0,taxi_respawn_4,picked
dyn_pax_1575,2258.0,2026-09-07 09:37:38,521766180#1,company|restaurant|bus_stop,,466.73410130235357,1169.2838037446552,37.502049542882666,127.02598608796039,3254.0,996.0,taxi_respawn_25,picked
dyn_pax_1576,2260.0,2026-09-07 09:37:40,218864491#0,restaurant|bus_stop,,769.9803916976219,760.1217113917903,37.49842094941813,127.02951181742357,2769.0,509.0,taxi_respawn_16,picked
dyn_pax_1577,2261.0,2026-09-07 09:37:41,218864491#0,restaurant|bus_stop,,769.9803916976219,760.1217113917903,37.49842094941813,127.02951181742357,,,,timeout
dyn_pax_1578,2264.0,2026-09-07 09:37:44,520307304#0,school|subway_entrance|bus_stop,,602.6035134310263,763.145495629718,37.498416594724866,127.02761864854104,,,,timeout
dyn_pax_1579,2264.0,2026-09-07 09:37:44,129733424#3,restaurant,,568.5053070143441,1008.1195751958668,37.500616957275064,127.02717503574868,2334.0,70.0,taxi_respawn_29,picked
dyn_pax_1580,2266.0,2026-09-07 09:37:46,520307304#0,school|subway_entrance|bus_stop,,602.6035134310263,763.145495629718,37.498416594724866,127.02761864854104,,,,timeout
dyn_pax_1581,2266.0,2026-09-07 09:37:46,521770116#2,company|restaurant|bus_stop,,432.3182248087171,1108.514093563608,37.50149560521279,127.02561136613096,2718.0,452.0,taxi_respawn_27,picked
dyn_pax_1582,2267.0,2026-09-07 09:37:47,541692164#1,subway_entrance,,271.6277521231475,1406.6420105391767,37.5041508337347,127.02372362926798,,,,timeout
dyn_pax_1583,2270.0,2026-09-07 09:37:50,520307304#0,school|subway_entrance|bus_stop,,602.6035134310263,763.145495629718,37.498416594724866,127.02761864854104,,,,timeout
dyn_pax_1584,2271.0,2026-09-07 09:37:51,26163000#3,restaurant,,602.970622715944,1275.0711016561868,37.50302824900089,127.02750144434575,,,,timeout
dyn_pax_1585,2272.0,2026-09-07 09:37:52,521770119#0,restaurant|bus_stop,,548.9831206778387,935.1148840516827,37.499955620541705,127.02697161236954,,,,timeout
dyn_pax_1586,2272.0,2026-09-07 09:37:52,117823785#0,company|restaurant,,1360.8740206736493,851.0492627492013,37.499351351792384,127.0361713398344,,,,timeout
dyn_pax_1587,2273.0,2026-09-07 09:37:53,1229817205#1,residential|bus_stop,,631.6400080768872,572.7061575261558,37.49670653972221,127.02799208080955,,,,timeout
dyn_pax_1588,2274.0,2026-09-07 09:37:54,305539406,company|restaurant|subway_entrance,,566.389495917364,736.5285064605782,37.49816998085155,127.02721550408178,,,,timeout
dyn_pax_1589,2275.0,2026-09-07 09:37:55,-506191135#22,residential|company|restaurant|bus_stop,,38.693950105848444,1321.9513167019495,37.50334380565249,127.02110990869835,,,,timeout
dyn_pax_1590,2276.0,2026-09-07 09:37:56,-506191135#22,residential|company|restaurant|bus_stop,,38.693950105848444,1321.9513167019495,37.50334380565249,127.02110990869835,,,,timeout
dyn_pax_1591,2276.0,2026-09-07 09:37:56,375049565#6,restaurant|subway_entrance|bus_stop,,789.5153251748014,798.8522330112556,37.49877353199428,127.02972351946808,,,,timeout
dyn_pax_1592,2278.0,2026-09-07 09:37:58,-504509918#2,company|restaurant|bus_stop,,398.9694242295193,827.4758220967593,37.49895762305832,127.02530099003066,,,,timeout
dyn_pax_1593,2279.0,2026-09-07 09:37:59,218857636#1,residential|company|restaurant|bus_stop,,297.92905089287035,623.2061345250047,37.49709839153085,127.02420706961871,,,,timeout
dyn_pax_1594,2281.0,2026-09-07 09:38:01,417933642#2,residential|restaurant,,976.5976168723116,645.9370182109647,37.49743129415275,127.0318749523804,2708.0,427.0,taxi_38,picked
dyn_pax_1595,2283.0,2026-09-07 09:38:03,521770119#0,restaurant|bus_stop,,548.9831206778387,935.1148840516827,37.499955620541705,127.02697161236954,,,,timeout
dyn_pax_1596,2284.0,2026-09-07 09:38:04,178441450#1,residential|company|restaurant|bus_stop,,282.90243066757296,609.4157395563556,37.496971320837204,127.02404044855805,,,,timeout
dyn_pax_1597,2286.0,2026-09-07 09:38:06,1117538957#3,restaurant|subway_entrance|bus_stop,,465.5082521847807,644.8780924026132,37.49732530507706,127.02609663221197,2787.0,501.0,taxi_respawn_24,picked
dyn_pax_1598,2287.0,2026-09-07 09:38:07,-504509918#2,company|restaurant|bus_stop,,398.9694242295193,827.4758220967593,37.49895762305832,127.02530099003066,,,,timeout
dyn_pax_1599,2289.0,2026-09-07 09:38:09,1229817205#0,company|subway_entrance|bus_stop,,599.2457558679199,652.2907550986157,37.497417346160496,127.02760695963683,,,,timeout
dyn_pax_1600,2290.0,2026-09-07 09:38:10,417933642#0,restaurant|bus_stop,,1041.0954363710525,463.30841921497654,37.49579826441859,127.03264736696761,2754.0,464.0,taxi_49,picked
dyn_pax_1601,2291.0,2026-09-07 09:38:11,117790051#2,restaurant,,558.5532373104973,1361.778638311631,37.503800946163,127.02697864469606,,,,timeout
dyn_pax_1602,2292.0,2026-09-07 09:38:12,521766175#1,company|restaurant|subway_entrance,,332.9365590021661,1411.5585828157227,37.504206724109,127.02441570308932,,,,timeout
dyn_pax_1603,2293.0,2026-09-07 09:38:13,305539406,company|restaurant|subway_entrance,,566.389495917364,736.5285064605782,37.49816998085155,127.02721550408178,,,,timeout
dyn_pax_1604,2294.0,2026-09-07 09:38:14,-417750337#2,restaurant,,578.5487433358253,1191.18897592047,37.50226799999912,127.02724519016736,2710.0,416.0,taxi_9,picked
dyn_pax_1605,2296.0,2026-09-07 09:38:16,521766175#3,company|restaurant|subway_entrance|bus_stop,,373.6701172395771,1298.610217621072,37.50319695740621,127.02490310718325,,,,timeout
dyn_pax_1606,2296.0,2026-09-07 09:38:16,1117538957#0,company|restaurant,,312.91680439510856,589.5311930299885,37.49679787270139,127.0243845203811,2481.0,185.0,taxi_4,picked
dyn_pax_1607,2296.0,2026-09-07 09:38:16,-379463124,restaurant,,592.9390816363945,1268.4136255899298,37.5029663815994,127.02738959394404,2573.0,277.0,taxi_respawn_16,picked
dyn_pax_1608,2298.0,2026-09-07 09:38:18,521766175#3,company|restaurant|subway_entrance|bus_stop,,373.6701172395771,1298.610217621072,37.50319695740621,127.02490310718325,,,,timeout
dyn_pax_1609,2301.0,2026-09-07 09:38:21,521766175#3,company|restaurant|subway_entrance|bus_stop,,373.6701172395771,1298.610217621072,37.50319695740621,127.02490310718325,,,,timeout
dyn_pax_1610,2302.0,2026-09-07 09:38:22,521770119#1,restaurant|bus_stop,,527.3115514435282,995.8620162900467,37.50049875494786,127.02671217090477,,,,timeout
dyn_pax_1611,2303.0,2026-09-07 09:38:23,480850873,company|restaurant|bus_stop,,548.1935052770749,708.5896639848544,37.49791486187585,127.0270163956136,2685.0,382.0,taxi_respawn_7,picked
dyn_pax_1612,2305.0,2026-09-07 09:38:25,541692164#1,subway_entrance,,271.6277521231475,1406.6420105391767,37.5041508337347,127.02372362926798,,,,timeout
dyn_pax_1613,2305.0,2026-09-07 09:38:25,-117790039#4,restaurant,,976.1736160857955,1107.3942396063046,37.50158817580974,127.03176100793065,2479.0,174.0,taxi_33,picked
dyn_pax_1614,2306.0,2026-09-07 09:38:26,504227069,residential|restaurant,,587.1158993285404,291.7776336445087,37.494167438547194,127.02755526357365,,,,timeout
dyn_pax_1615,2307.0,2026-09-07 09:38:27,521766182#1,company|restaurant|subway_entrance,,681.695169875507,539.6867345716422,37.496418539503196,127.02856584056028,,,,timeout
dyn_pax_1616,2307.0,2026-09-07 09:38:27,117790041#2,restaurant,,441.66460303662666,1376.669936706078,37.50391299976682,127.0256534125234,,,,timeout
dyn_pax_1617,2308.0,2026-09-07 09:38:28,219837933#0,residential|company,,49.0199205680682,1328.1480294371383,37.503401583976704,127.02122519296726,2458.0,150.0,taxi_48,picked
dyn_pax_1618,2309.0,2026-09-07 09:38:29,1229817205#0,company|subway_entrance|bus_stop,,599.2457558679199,652.2907550986157,37.497417346160496,127.02760695963683,,,,timeout
dyn_pax_1619,2310.0,2026-09-07 09:38:30,520307304#0,school|subway_entrance|bus_stop,,602.6035134310263,763.145495629718,37.498416594724866,127.02761864854104,,,,timeout
dyn_pax_1620,2312.0,2026-09-07 09:38:32,178441450#1,residential|company|restaurant|bus_stop,,282.90243066757296,609.4157395563556,37.496971320837204,127.02404044855805,,,,timeout
dyn_pax_1621,2313.0,2026-09-07 09:38:33,1229817205#0,company|subway_entrance|bus_stop,,599.2457558679199,652.2907550986157,37.497417346160496,127.02760695963683,,,,timeout
dyn_pax_1622,2314.0,2026-09-07 09:38:34,117790041#2,restaurant,,441.66460303662666,1376.669936706078,37.50391299976682,127.0256534125234,,,,timeout
dyn_pax_1623,2315.0,2026-09-07 09:38:35,520307304#0,school|subway_entrance|bus_stop,,602.6035134310263,763.145495629718,37.498416594724866,127.02761864854104,,,,timeout
dyn_pax_1624,2315.0,2026-09-07 09:38:35,417731530,company|restaurant,,191.66975375905443,1429.5779711342507,37.5043423120142,127.02281406437154,2613.0,298.0,taxi_21,picked
dyn_pax_1625,2316.0,2026-09-07 09:38:36,-506191135#2,residential|bus_stop,,236.19733776439384,769.6838415951818,37.49840622577806,127.02347432089968,2789.0,473.0,taxi_respawn_31,picked
dyn_pax_1626,2319.0,2026-09-07 09:38:39,520307304#0,school|subway_entrance|bus_stop,,602.6035134310263,763.145495629718,37.498416594724866,127.02761864854104,,,,timeout
dyn_pax_1627,2319.0,2026-09-07 09:38:39,-506191135#2,residential|bus_stop,,236.19733776439384,769.6838415951818,37.49840622577806,127.02347432089968,,,,timeout
dyn_pax_1628,2320.0,2026-09-07 09:38:40,-129731717#1,residential|company|restaurant,,188.433090102474,1374.3511058470413,37.503844200149025,127.0227905913032,2528.0,208.0,taxi_40,picked
dyn_pax_1629,2321.0,2026-09-07 09:38:41,1376141182#0,bus_stop,,385.7154046370183,1301.0311255965628,37.50322104370192,127.02503873135461,,,,timeout
dyn_pax_1630,2322.0,2026-09-07 09:38:42,375049565#6,restaurant|subway_entrance|bus_stop,,789.5153251748014,798.8522330112556,37.49877353199428,127.02972351946808,2824.0,502.0,taxi_20,picked
dyn_pax_1631,2324.0,2026-09-07 09:38:44,218873820#0,restaurant|subway_entrance|bus_stop,,628.9829311132032,562.4061665928522,37.49661325243901,127.02796447999128,,,,timeout
dyn_pax_1632,2324.0,2026-09-07 09:38:44,375049565#6,restaurant|subway_entrance|bus_stop,,789.5153251748014,798.8522330112556,37.49877353199428,127.02972351946808,,,,timeout
dyn_pax_1633,2325.0,2026-09-07 09:38:45,-504227067#3,restaurant,,527.7289520354611,471.5483450335965,37.495775653483,127.02684121970124,,,,timeout
dyn_pax_1634,2327.0,2026-09-07 09:38:47,1376141182#0,bus_stop,,385.7154046370183,1301.0311255965628,37.50322104370192,127.02503873135461,,,,timeout
dyn_pax_1635,2328.0,2026-09-07 09:38:48,494824662#3,company|restaurant|subway_entrance,,729.424850252167,406.6843378518681,37.49522941823122,127.02913698209235,,,,timeout
dyn_pax_1636,2330.0,2026-09-07 09:38:50,521766175#1,company|restaurant|subway_entrance,,332.9365590021661,1411.5585828157227,37.504206724109,127.02441570308932,,,,timeout
dyn_pax_1637,2332.0,2026-09-07 09:38:52,218873820#0,restaurant|subway_entrance|bus_stop,,628.9829311132032,562.4061665928522,37.49661325243901,127.02796447999128,,,,timeout
dyn_pax_1638,2333.0,2026-09-07 09:38:53,-506191135#2,residential|bus_stop,,236.19733776439384,769.6838415951818,37.49840622577806,127.02347432089968,,,,timeout
dyn_pax_1639,2335.0,2026-09-07 09:38:55,521770119#1,restaurant|bus_stop,,527.3115514435282,995.8620162900467,37.50049875494786,127.02671217090477,,,,timeout
dyn_pax_1640,2336.0,2026-09-07 09:38:56,-506191135#22,residential|company|restaurant|bus_stop,,38.693950105848444,1321.9513167019495,37.50334380565249,127.02110990869835,,,,timeout
dyn_pax_1641,2336.0,2026-09-07 09:38:56,117790039#0,restaurant,,1059.1652257347846,901.0190091909938,37.49974471524068,127.0327481916661,2560.0,224.0,taxi_30,picked
dyn_pax_1642,2337.0,2026-09-07 09:38:57,379463134#2,restaurant,,492.9894267673794,1254.822149661426,37.50282506050825,127.0262626667944,2572.0,235.0,taxi_27,picked
dyn_pax_1643,2338.0,2026-09-07 09:38:58,218873820#0,restaurant|subway_entrance|bus_stop,,628.9829311132032,562.4061665928522,37.49661325243901,127.02796447999128,,,,timeout
dyn_pax_1644,2338.0,2026-09-07 09:38:58,117790051#4,restaurant,,495.1920534812603,1378.4842065286966,37.50393946166789,127.02625823552458,2428.0,90.0,taxi_0,picked
dyn_pax_1645,2339.0,2026-09-07 09:38:59,521766175#3,company|restaurant|subway_entrance|bus_stop,,373.6701172395771,1298.610217621072,37.50319695740621,127.02490310718325,,,,timeout
dyn_pax_1646,2339.0,2026-09-07 09:38:59,-557469300#1,restaurant,,739.5265057687212,1049.0561556697721,37.5010180173999,127.02909905278416,2794.0,455.0,taxi_14,picked
dyn_pax_1647,2341.0,2026-09-07 09:39:01,218873820#0,restaurant|subway_entrance|bus_stop,,628.9829311132032,562.4061665928522,37.49661325243901,127.02796447999128,,,,timeout
dyn_pax_1648,2342.0,2026-09-07 09:39:02,541692164#1,subway_entrance,,271.6277521231475,1406.6420105391767,37.5041508337347,127.02372362926798,,,,timeout
dyn_pax_1649,2344.0,2026-09-07 09:39:04,1376141182#0,bus_stop,,385.7154046370183,1301.0311255965628,37.50322104370192,127.02503873135461,,,,timeout
dyn_pax_1650,2344.0,2026-09-07 09:39:04,218864491#0,restaurant|bus_stop,,769.9803916976219,760.1217113917903,37.49842094941813,127.02951181742357,2790.0,446.0,taxi_1,picked
dyn_pax_1651,2345.0,2026-09-07 09:39:05,1229817205#0,company|subway_entrance|bus_stop,,599.2457558679199,652.2907550986157,37.497417346160496,127.02760695963683,,,,timeout
dyn_pax_1652,2347.0,2026-09-07 09:39:07,1229817205#0,company|subway_entrance|bus_stop,,599.2457558679199,652.2907550986157,37.497417346160496,127.02760695963683,,,,timeout
dyn_pax_1653,2348.0,2026-09-07 09:39:08,375049565#6,restaurant|subway_entrance|bus_stop,,789.5153251748014,798.8522330112556,37.49877353199428,127.02972351946808,,,,timeout
dyn_pax_1654,2350.0,2026-09-07 09:39:10,375049565#6,restaurant|subway_entrance|bus_stop,,789.5153251748014,798.8522330112556,37.49877353199428,127.02972351946808,,,,timeout
dyn_pax_1655,2351.0,2026-09-07 09:39:11,218873820#0,restaurant|subway_entrance|bus_stop,,628.9829311132032,562.4061665928522,37.49661325243901,127.02796447999128,,,,timeout
dyn_pax_1656,2355.0,2026-09-07 09:39:15,521770116#2,company|restaurant|bus_stop,,432.3182248087171,1108.514093563608,37.50149560521279,127.02561136613096,2926.0,571.0,taxi_11,picked
dyn_pax_1657,2355.0,2026-09-07 09:39:15,-256787796#8,restaurant,,666.7735412908731,765.3811461974922,37.49844885044044,127.02834365925706,2566.0,211.0,taxi_9,picked
dyn_pax_1658,2356.0,2026-09-07 09:39:16,1117538958#3,bus_stop,,160.18899290588462,540.6019911995099,37.49632820280781,127.02266936696756,2822.0,466.0,taxi_respawn_10,picked
dyn_pax_1659,2358.0,2026-09-07 09:39:18,218873820#0,restaurant|subway_entrance|bus_stop,,628.9829311132032,562.4061665928522,37.49661325243901,127.02796447999128,,,,timeout
dyn_pax_1660,2359.0,2026-09-07 09:39:19,-506191135#2,residential|bus_stop,,236.19733776439384,769.6838415951818,37.49840622577806,127.02347432089968,,,,timeout
dyn_pax_1661,2360.0,2026-09-07 09:39:20,129731857#1,residential|restaurant,,656.8212873140518,799.6615847813327,37.498755780674834,127.02822301071001,2851.0,491.0,taxi_33,picked
dyn_pax_1662,2361.0,2026-09-07 09:39:21,506191135#3,residential|company|restaurant|bus_stop,,238.79972345576414,789.4714057742513,37.49858497042428,127.023499044737,,,,timeout
dyn_pax_1663,2364.0,2026-09-07 09:39:24,521766180#1,company|restaurant|bus_stop,,466.73410130235357,1169.2838037446552,37.502049542882666,127.02598608796039,,,,timeout
dyn_pax_1664,2364.0,2026-09-07 09:39:24,1056882877#3,residential|company|restaurant,,365.79280968467333,433.0557487307964,37.495398294451746,127.02501948586043,2631.0,267.0,taxi_2,picked
dyn_pax_1665,2365.0,2026-09-07 09:39:25,218873820#0,restaurant|subway_entrance|bus_stop,,628.9829311132032,562.4061665928522,37.49661325243901,127.02796447999128,,,,timeout
dyn_pax_1666,2365.0,2026-09-07 09:39:25,1229817205#0,company|subway_entrance|bus_stop,,599.2457558679199,652.2907550986157,37.497417346160496,127.02760695963683,,,,timeout
dyn_pax_1667,2367.0,2026-09-07 09:39:27,178441450#1,residential|company|restaurant|bus_stop,,282.90243066757296,609.4157395563556,37.496971320837204,127.02404044855805,,,,timeout
dyn_pax_1668,2367.0,2026-09-07 09:39:27,-117790051#4,restaurant,,448.3479635094145,1379.7889979949318,37.50394236073409,127.02572824341395,2733.0,366.0,taxi_10,picked
dyn_pax_1669,2371.0,2026-09-07 09:39:31,1229817205#0,company|subway_entrance|bus_stop,,599.2457558679199,652.2907550986157,37.497417346160496,127.02760695963683,,,,timeout
dyn_pax_1670,2373.0,2026-09-07 09:39:33,-117790062#4,company,,666.6267400273903,1210.7400577041187,37.50246075614395,127.02823646445898,2707.0,334.0,taxi_respawn_8,picked
dyn_pax_1671,2374.0,2026-09-07 09:39:34,521770119#1,restaurant|bus_stop,,527.3115514435282,995.8620162900467,37.50049875494786,127.02671217090477,,,,timeout
dyn_pax_1672,2375.0,2026-09-07 09:39:35,379463124,restaurant,,554.9909183636056,1244.5663744100702,37.50274438945946,127.02696616135114,2469.0,94.0,taxi_respawn_29,picked
dyn_pax_1673,2379.0,2026-09-07 09:39:39,1117538957#3,restaurant|subway_entrance|bus_stop,,465.5082521847807,644.8780924026132,37.49732530507706,127.02609663221197,2880.0,501.0,taxi_respawn_28,picked
dyn_pax_1674,2379.0,2026-09-07 09:39:39,309155295#0,company|restaurant,,688.2712938579457,529.5739965525526,37.49632868191341,127.02864258735015,2534.0,155.0,taxi_5,picked
dyn_pax_1675,2381.0,2026-09-07 09:39:41,520307304#0,school|subway_entrance|bus_stop,,602.6035134310263,763.145495629718,37.498416594724866,127.02761864854104,,,,timeout
dyn_pax_1676,2382.0,2026-09-07 09:39:42,178441450#1,residential|company|restaurant|bus_stop,,282.90243066757296,609.4157395563556,37.496971320837204,127.02404044855805,,,,timeout
dyn_pax_1677,2384.0,2026-09-07 09:39:44,520307304#0,school|subway_entrance|bus_stop,,602.6035134310263,763.145495629718,37.498416594724866,127.02761864854104,,,,timeout
dyn_pax_1678,2384.0,2026-09-07 09:39:44,-117790062#4,company,,666.6267400273903,1210.7400577041187,37.50246075614395,127.02823646445898,,,,timeout
dyn_pax_1679,2385.0,2026-09-07 09:39:45,1229817205#0,company|subway_entrance|bus_stop,,599.2457558679199,652.2907550986157,37.497417346160496,127.02760695963683,,,,timeout
dyn_pax_1680,2388.0,2026-09-07 09:39:48,375049565#6,restaurant|subway_entrance|bus_stop,,789.5153251748014,798.8522330112556,37.49877353199428,127.02972351946808,,,,timeout
dyn_pax_1681,2390.0,2026-09-07 09:39:50,1376141182#0,bus_stop,,385.7154046370183,1301.0311255965628,37.50322104370192,127.02503873135461,,,,timeout
dyn_pax_1682,2391.0,2026-09-07 09:39:51,-309155295#0,restaurant,,747.4684617800942,561.8059110120743,37.49663020867341,127.0293042509181,2509.0,118.0,taxi_20,picked
dyn_pax_1683,2392.0,2026-09-07 09:39:52,-417750337#1,restaurant,,620.0756768942672,1248.4347545200121,37.5027915312318,127.02770116938098,,,,timeout
dyn_pax_1684,2393.0,2026-09-07 09:39:53,218857636#1,residential|company|restaurant|bus_stop,,297.92905089287035,623.2061345250047,37.49709839153085,127.02420706961871,,,,timeout
dyn_pax_1685,2394.0,2026-09-07 09:39:54,305539406,company|restaurant|subway_entrance,,566.389495917364,736.5285064605782,37.49816998085155,127.02721550408178,2812.0,418.0,taxi_43,picked
dyn_pax_1686,2396.0,2026-09-07 09:39:56,494824662#3,company|restaurant|subway_entrance,,729.424850252167,406.6843378518681,37.49522941823122,127.02913698209235,,,,timeout
dyn_pax_1687,2396.0,2026-09-07 09:39:56,-913950883#1,residential|company|restaurant,,391.36286393582424,840.6655979518604,37.49907500229157,127.0252118555046,2625.0,229.0,taxi_48,picked
dyn_pax_1688,2397.0,2026-09-07 09:39:57,1229817205#1,residential|bus_stop,,631.6400080768872,572.7061575261558,37.49670653972221,127.02799208080955,2875.0,478.0,taxi_30,picked
dyn_pax_1689,2399.0,2026-09-07 09:39:59,218864491#0,restaurant|bus_stop,,769.9803916976219,760.1217113917903,37.49842094941813,127.02951181742357,,,,timeout
dyn_pax_1690,2399.0,2026-09-07 09:39:59,1229817205#1,residential|bus_stop,,631.6400080768872,572.7061575261558,37.49670653972221,127.02799208080955,,,,timeout
dyn_pax_1691,2400.0,2026-09-07 09:40:00,218873820#0,restaurant|subway_entrance|bus_stop,,628.9829311132032,562.4061665928522,37.49661325243901,127.02796447999128,,,,timeout
dyn_pax_1692,2402.0,2026-09-07 09:40:02,520307304#0,school|subway_entrance|bus_stop,,602.6035134310263,763.145495629718,37.498416594724866,127.02761864854104,,,,timeout
dyn_pax_1693,2403.0,2026-09-07 09:40:03,417933645#2,residential|company|restaurant,,757.7944798520502,568.4010952306102,37.496691568512986,127.02941943794849,2465.0,62.0,taxi_respawn_26,picked
dyn_pax_1694,2404.0,2026-09-07 09:40:04,218873820#0,restaurant|subway_entrance|bus_stop,,628.9829311132032,562.4061665928522,37.49661325243901,127.02796447999128,,,,timeout
dyn_pax_1695,2408.0,2026-09-07 09:40:08,305539406,company|restaurant|subway_entrance,,566.389495917364,736.5285064605782,37.49816998085155,127.02721550408178,,,,timeout
dyn_pax_1696,2409.0,2026-09-07 09:40:09,-117790051#4,restaurant,,448.3479635094145,1379.7889979949318,37.50394236073409,127.02572824341395,,,,timeout
dyn_pax_1697,2410.0,2026-09-07 09:40:10,218873820#0,restaurant|subway_entrance|bus_stop,,628.9829311132032,562.4061665928522,37.49661325243901,127.02796447999128,,,,timeout
dyn_pax_1698,2413.0,2026-09-07 09:40:13,-506191135#22,residential|company|restaurant|bus_stop,,38.693950105848444,1321.9513167019495,37.50334380565249,127.02110990869835,,,,timeout
dyn_pax_1699,2414.0,2026-09-07 09:40:14,1117538958#3,bus_stop,,160.18899290588462,540.6019911995099,37.49632820280781,127.02266936696756,2855.0,441.0,taxi_21,picked
dyn_pax_1700,2416.0,2026-09-07 09:40:16,-417933642#1,restaurant,,972.7851169931362,629.1778231901285,37.49727960321316,127.03183581048214,2628.0,212.0,taxi_45,picked
dyn_pax_1701,2417.0,2026-09-07 09:40:17,305539406,company|restaurant|subway_entrance,,566.389495917364,736.5285064605782,37.49816998085155,127.02721550408178,,,,timeout
dyn_pax_1702,2419.0,2026-09-07 09:40:19,521766180#1,company|restaurant|bus_stop,,466.73410130235357,1169.2838037446552,37.502049542882666,127.02598608796039,,,,timeout
dyn_pax_1703,2421.0,2026-09-07 09:40:21,417750354#1,restaurant,,919.2899707887079,1024.6134421491665,37.5008317366974,127.03113741131199,2529.0,108.0,taxi_41,picked
dyn_pax_1704,2421.0,2026-09-07 09:40:21,417933642#2,residential|restaurant,,976.5976168723116,645.9370182109647,37.49743129415275,127.0318749523804,2779.0,358.0,taxi_42,picked
dyn_pax_1705,2423.0,2026-09-07 09:40:23,521770119#0,restaurant|bus_stop,,548.9831206778387,935.1148840516827,37.499955620541705,127.02697161236954,,,,timeout
dyn_pax_1706,2423.0,2026-09-07 09:40:23,309155295#0,company|restaurant,,688.2712938579457,529.5739965525526,37.49632868191341,127.02864258735015,,,,timeout
dyn_pax_1707,2424.0,2026-09-07 09:40:24,1229817205#0,company|subway_entrance|bus_stop,,599.2457558679199,652.2907550986157,37.497417346160496,127.02760695963683,,,,timeout
dyn_pax_1708,2425.0,2026-09-07 09:40:25,305539406,company|restaurant|subway_entrance,,566.389495917364,736.5285064605782,37.49816998085155,127.02721550408178,,,,timeout
dyn_pax_1709,2425.0,2026-09-07 09:40:25,-913950883#1,residential|company|restaurant,,391.36286393582424,840.6655979518604,37.49907500229157,127.0252118555046,,,,timeout
dyn_pax_1710,2427.0,2026-09-07 09:40:27,521766175#3,company|restaurant|subway_entrance|bus_stop,,373.6701172395771,1298.610217621072,37.50319695740621,127.02490310718325,2896.0,469.0,taxi_35,picked
dyn_pax_1711,2428.0,2026-09-07 09:40:28,1376141183#0,bus_stop,,548.2528111146681,901.2117688498424,37.49965007283687,127.02697139402301,,,,timeout
dyn_pax_1712,2430.0,2026-09-07 09:40:30,506191135#3,residential|company|restaurant|bus_stop,,238.79972345576414,789.4714057742513,37.49858497042428,127.023499044737,,,,timeout
dyn_pax_1713,2431.0,2026-09-07 09:40:31,521770119#0,restaurant|bus_stop,,548.9831206778387,935.1148840516827,37.499955620541705,127.02697161236954,,,,timeout
dyn_pax_1714,2431.0,2026-09-07 09:40:31,-379463134#1,restaurant,,479.36604535588674,1259.6870258351425,37.50286630987452,127.02610747054479,2510.0,79.0,taxi_respawn_3,picked
dyn_pax_1715,2432.0,2026-09-07 09:40:32,-523141073,residential|company,,283.47995026542384,1109.9635024546676,37.50148051131825,127.02392811188028,2571.0,139.0,taxi_respawn_24,picked
dyn_pax_1716,2433.0,2026-09-07 09:40:33,218873820#0,restaurant|subway_entrance|bus_stop,,628.9829311132032,562.4061665928522,37.49661325243901,127.02796447999128,,,,timeout
dyn_pax_1717,2434.0,2026-09-07 09:40:34,-504509918#2,company|restaurant|bus_stop,,398.9694242295193,827.4758220967593,37.49895762305832,127.02530099003066,,,,timeout
dyn_pax_1718,2436.0,2026-09-07 09:40:36,521770119#0,restaurant|bus_stop,,548.9831206778387,935.1148840516827,37.499955620541705,127.02697161236954,,,,timeout
dyn_pax_1719,2437.0,2026-09-07 09:40:37,178441450#1,residential|company|restaurant|bus_stop,,282.90243066757296,609.4157395563556,37.496971320837204,127.02404044855805,,,,timeout
dyn_pax_1720,2438.0,2026-09-07 09:40:38,-506191135#22,residential|company|restaurant|bus_stop,,38.693950105848444,1321.9513167019495,37.50334380565249,127.02110990869835,,,,timeout
dyn_pax_1721,2439.0,2026-09-07 09:40:39,-506191135#22,residential|company|restaurant|bus_stop,,38.693950105848444,1321.9513167019495,37.50334380565249,127.02110990869835,,,,timeout
dyn_pax_1722,2440.0,2026-09-07 09:40:40,520307304#0,school|subway_entrance|bus_stop,,602.6035134310263,763.145495629718,37.498416594724866,127.02761864854104,,,,timeout
dyn_pax_1723,2442.0,2026-09-07 09:40:42,521770116#2,company|restaurant|bus_stop,,432.3182248087171,1108.514093563608,37.50149560521279,127.02561136613096,2912.0,470.0,taxi_19,picked
dyn_pax_1724,2442.0,2026-09-07 09:40:42,-417750337#2,restaurant,,578.5487433358253,1191.18897592047,37.50226799999912,127.02724519016736,,,,timeout
dyn_pax_1725,2443.0,2026-09-07 09:40:43,178441450#1,residential|company|restaurant|bus_stop,,282.90243066757296,609.4157395563556,37.496971320837204,127.02404044855805,,,,timeout
dyn_pax_1726,2443.0,2026-09-07 09:40:43,494824662#3,company|restaurant|subway_entrance,,729.424850252167,406.6843378518681,37.49522941823122,127.02913698209235,2976.0,533.0,taxi_respawn_20,picked
dyn_pax_1727,2444.0,2026-09-07 09:40:44,-542367267#0,company,,179.75773525047865,1390.7576253945435,37.50399035207237,127.02268859703804,2518.0,74.0,taxi_respawn_14,picked
dyn_pax_1728,2445.0,2026-09-07 09:40:45,521766175#3,company|restaurant|subway_entrance|bus_stop,,373.6701172395771,1298.610217621072,37.50319695740621,127.02490310718325,2908.0,463.0,taxi_6,picked
dyn_pax_1729,2446.0,2026-09-07 09:40:46,218857636#1,residential|company|restaurant|bus_stop,,297.92905089287035,623.2061345250047,37.49709839153085,127.02420706961871,,,,timeout
dyn_pax_1730,2449.0,2026-09-07 09:40:49,1117538958#3,bus_stop,,160.18899290588462,540.6019911995099,37.49632820280781,127.02266936696756,2922.0,473.0,taxi_respawn_16,picked
dyn_pax_1731,2451.0,2026-09-07 09:40:51,521770119#1,restaurant|bus_stop,,527.3115514435282,995.8620162900467,37.50049875494786,127.02671217090477,,,,timeout
dyn_pax_1732,2451.0,2026-09-07 09:40:51,26163000#0,restaurant,,655.1679463942612,1215.3400880972458,37.50250003106797,127.02810580802628,2958.0,507.0,taxi_respawn_30,picked
dyn_pax_1733,2453.0,2026-09-07 09:40:53,-417933645#2,company|restaurant|subway_entrance,,701.1658676593129,719.5455833044954,37.49804244093877,127.02874337560036,,,,timeout
dyn_pax_1734,2453.0,2026-09-07 09:40:53,521770116#2,company|restaurant|bus_stop,,432.3182248087171,1108.514093563608,37.50149560521279,127.02561136613096,3014.0,561.0,taxi_respawn_34,picked
dyn_pax_1735,2454.0,2026-09-07 09:40:54,218877837#2,company|restaurant|bus_stop,,479.4555212141038,978.0213907550284,37.500328997763305,127.02617530290202,,,,timeout
dyn_pax_1736,2456.0,2026-09-07 09:40:56,1376141183#0,bus_stop,,548.2528111146681,901.2117688498424,37.49965007283687,127.02697139402301,,,,timeout
dyn_pax_1737,2457.0,2026-09-07 09:40:57,-504509918#2,company|restaurant|bus_stop,,398.9694242295193,827.4758220967593,37.49895762305832,127.02530099003066,,,,timeout
dyn_pax_1738,2459.0,2026-09-07 09:40:59,218857636#1,residential|company|restaurant|bus_stop,,297.92905089287035,623.2061345250047,37.49709839153085,127.02420706961871,,,,timeout
dyn_pax_1739,2460.0,2026-09-07 09:41:00,521766175#3,company|restaurant|subway_entrance|bus_stop,,373.6701172395771,1298.610217621072,37.50319695740621,127.02490310718325,,,,timeout
dyn_pax_1740,2462.0,2026-09-07 09:41:02,480850873,company|restaurant|bus_stop,,548.1935052770749,708.5896639848544,37.49791486187585,127.0270163956136,,,,unpicked
dyn_pax_1741,2463.0,2026-09-07 09:41:03,521770119#1,restaurant|bus_stop,,527.3115514435282,995.8620162900467,37.50049875494786,127.02671217090477,,,,timeout
dyn_pax_1742,2465.0,2026-09-07 09:41:05,1229817205#0,company|subway_entrance|bus_stop,,599.2457558679199,652.2907550986157,37.497417346160496,127.02760695963683,,,,timeout
dyn_pax_1743,2466.0,2026-09-07 09:41:06,521766175#1,company|restaurant|subway_entrance,,332.9365590021661,1411.5585828157227,37.504206724109,127.02441570308932,,,,timeout
dyn_pax_1744,2468.0,2026-09-07 09:41:08,129731720#0,residential|company|restaurant,,292.10678712231254,1113.150773394943,37.50151085547559,127.02402489828896,2666.0,198.0,taxi_0,picked
dyn_pax_1745,2469.0,2026-09-07 09:41:09,1117538957#3,restaurant|subway_entrance|bus_stop,,465.5082521847807,644.8780924026132,37.49732530507706,127.02609663221197,,,,timeout
dyn_pax_1746,2469.0,2026-09-07 09:41:09,129731857#1,residential|restaurant,,656.8212873140518,799.6615847813327,37.498755780674834,127.02822301071001,,,,timeout
dyn_pax_1747,2471.0,2026-09-07 09:41:11,-542367267#1,bus_stop,,247.51018316686128,1414.7184918773391,37.504219024473855,127.02344900430944,2539.0,68.0,taxi_25,picked
dyn_pax_1748,2471.0,2026-09-07 09:41:11,256787796#0,restaurant,,530.944358998998,1120.7521543106918,37.50162448989409,127.02672362781294,2516.0,45.0,taxi_23,picked
dyn_pax_1749,2472.0,2026-09-07 09:41:12,1117538957#3,restaurant|subway_entrance|bus_stop,,465.5082521847807,644.8780924026132,37.49732530507706,127.02609663221197,,,,timeout
dyn_pax_1750,2474.0,2026-09-07 09:41:14,521766182#1,company|restaurant|subway_entrance,,681.695169875507,539.6867345716422,37.496418539503196,127.02856584056028,2903.0,429.0,taxi_respawn_1,picked
dyn_pax_1751,2476.0,2026-09-07 09:41:16,1376141182#0,bus_stop,,385.7154046370183,1301.0311255965628,37.50322104370192,127.02503873135461,,,,timeout
dyn_pax_1752,2477.0,2026-09-07 09:41:17,521766175#3,company|restaurant|subway_entrance|bus_stop,,373.6701172395771,1298.610217621072,37.50319695740621,127.02490310718325,2984.0,507.0,taxi_respawn_11,picked
dyn_pax_1753,2478.0,2026-09-07 09:41:18,504227065,company,,441.32681628575455,666.8408278135128,37.497518581743364,127.0258180180219,2671.0,193.0,taxi_33,picked
dyn_pax_1754,2479.0,2026-09-07 09:41:19,178441450#1,residential|company|restaurant|bus_stop,,282.90243066757296,609.4157395563556,37.496971320837204,127.02404044855805,,,,timeout
dyn_pax_1755,2480.0,2026-09-07 09:41:20,-542367267#1,bus_stop,,247.51018316686128,1414.7184918773391,37.504219024473855,127.02344900430944,2708.0,228.0,taxi_7,picked
dyn_pax_1756,2482.0,2026-09-07 09:41:22,305539406,company|restaurant|subway_entrance,,566.389495917364,736.5285064605782,37.49816998085155,127.02721550408178,,,,timeout
dyn_pax_1757,2483.0,2026-09-07 09:41:23,1376141183#0,bus_stop,,548.2528111146681,901.2117688498424,37.49965007283687,127.02697139402301,,,,timeout
dyn_pax_1758,2485.0,2026-09-07 09:41:25,218857636#1,residential|company|restaurant|bus_stop,,297.92905089287035,623.2061345250047,37.49709839153085,127.02420706961871,,,,timeout
dyn_pax_1759,2486.0,2026-09-07 09:41:26,1229817205#1,residential|bus_stop,,631.6400080768872,572.7061575261558,37.49670653972221,127.02799208080955,,,,timeout
dyn_pax_1760,2486.0,2026-09-07 09:41:26,520307304#0,school|subway_entrance|bus_stop,,602.6035134310263,763.145495629718,37.498416594724866,127.02761864854104,,,,timeout
dyn_pax_1761,2488.0,2026-09-07 09:41:28,480850873,company|restaurant|bus_stop,,548.1935052770749,708.5896639848544,37.49791486187585,127.0270163956136,3196.0,708.0,taxi_41,picked
dyn_pax_1762,2488.0,2026-09-07 09:41:28,256787796#6,restaurant,,626.4884087870183,851.7135990963859,37.499218954480725,127.02786771303293,,,,timeout
dyn_pax_1763,2488.0,2026-09-07 09:41:28,-913950883#1,residential|company|restaurant,,391.36286393582424,840.6655979518604,37.49907500229157,127.0252118555046,,,,timeout
dyn_pax_1764,2489.0,2026-09-07 09:41:29,1229817205#0,company|subway_entrance|bus_stop,,599.2457558679199,652.2907550986157,37.497417346160496,127.02760695963683,,,,timeout
dyn_pax_1765,2491.0,2026-09-07 09:41:31,975332778#1,bus_stop,,681.6099970732737,721.9380561808346,37.49806030190971,127.02852170075586,2786.0,295.0,taxi_47,picked
dyn_pax_1766,2496.0,2026-09-07 09:41:36,-117790045#0,restaurant,,544.8147652988505,1238.053441474183,37.50268379633789,127.0268526423962,2619.0,123.0,taxi_respawn_32,picked
dyn_pax_1767,2497.0,2026-09-07 09:41:37,218873820#0,restaurant|subway_entrance|bus_stop,,628.9829311132032,562.4061665928522,37.49661325243901,127.02796447999128,,,,timeout
dyn_pax_1768,2497.0,2026-09-07 09:41:37,1229817205#0,company|subway_entrance|bus_stop,,599.2457558679199,652.2907550986157,37.497417346160496,127.02760695963683,,,,timeout
dyn_pax_1769,2498.0,2026-09-07 09:41:38,-504509918#2,company|restaurant|bus_stop,,398.9694242295193,827.4758220967593,37.49895762305832,127.02530099003066,,,,timeout
dyn_pax_1770,2499.0,2026-09-07 09:41:39,506191135#3,residential|company|restaurant|bus_stop,,238.79972345576414,789.4714057742513,37.49858497042428,127.023499044737,,,,timeout
dyn_pax_1771,2500.0,2026-09-07 09:41:40,523141074#0,company|restaurant|subway_entrance,,524.0338794858329,871.4890157117229,37.4993777454413,127.02670460634431,2662.0,162.0,taxi_28,picked
dyn_pax_1772,2503.0,2026-09-07 09:41:43,-506191135#2,residential|bus_stop,,236.19733776439384,769.6838415951818,37.49840622577806,127.02347432089968,2973.0,470.0,taxi_16,picked
dyn_pax_1773,2504.0,2026-09-07 09:41:44,1117538957#3,restaurant|subway_entrance|bus_stop,,465.5082521847807,644.8780924026132,37.49732530507706,127.02609663221197,,,,timeout
dyn_pax_1774,2505.0,2026-09-07 09:41:45,494824662#3,company|restaurant|subway_entrance,,729.424850252167,406.6843378518681,37.49522941823122,127.02913698209235,,,,timeout
dyn_pax_1775,2507.0,2026-09-07 09:41:47,520307304#0,school|subway_entrance|bus_stop,,602.6035134310263,763.145495629718,37.498416594724866,127.02761864854104,,,,timeout
dyn_pax_1776,2508.0,2026-09-07 09:41:48,541692164#1,subway_entrance,,271.6277521231475,1406.6420105391767,37.5041508337347,127.02372362926798,,,,timeout
dyn_pax_1777,2509.0,2026-09-07 09:41:49,1229817205#0,company|subway_entrance|bus_stop,,599.2457558679199,652.2907550986157,37.497417346160496,127.02760695963683,,,,timeout
dyn_pax_1778,2509.0,2026-09-07 09:41:49,-129731721#2,company|restaurant,,388.6558839574922,820.9778890483499,37.49889713764622,127.02518592115393,,,,timeout
dyn_pax_1779,2511.0,2026-09-07 09:41:51,521770116#2,company|restaurant|bus_stop,,432.3182248087171,1108.514093563608,37.50149560521279,127.02561136613096,2940.0,429.0,taxi_respawn_29,picked
dyn_pax_1780,2512.0,2026-09-07 09:41:52,1229817205#1,residential|bus_stop,,631.6400080768872,572.7061575261558,37.49670653972221,127.02799208080955,,,,timeout
dyn_pax_1781,2514.0,2026-09-07 09:41:54,178441450#1,residential|company|restaurant|bus_stop,,282.90243066757296,609.4157395563556,37.496971320837204,127.02404044855805,,,,timeout
dyn_pax_1782,2515.0,2026-09-07 09:41:55,1229817205#1,residential|bus_stop,,631.6400080768872,572.7061575261558,37.49670653972221,127.02799208080955,,,,timeout
dyn_pax_1783,2517.0,2026-09-07 09:41:57,417933642#0,restaurant|bus_stop,,1041.0954363710525,463.30841921497654,37.49579826441859,127.03264736696761,,,,timeout
dyn_pax_1784,2518.0,2026-09-07 09:41:58,417933642#0,restaurant|bus_stop,,1041.0954363710525,463.30841921497654,37.49579826441859,127.03264736696761,,,,timeout
dyn_pax_1785,2519.0,2026-09-07 09:41:59,218873820#0,restaurant|subway_entrance|bus_stop,,628.9829311132032,562.4061665928522,37.49661325243901,127.02796447999128,,,,timeout
dyn_pax_1786,2520.0,2026-09-07 09:42:00,506191135#3,residential|company|restaurant|bus_stop,,238.79972345576414,789.4714057742513,37.49858497042428,127.023499044737,,,,timeout
dyn_pax_1787,2520.0,2026-09-07 09:42:00,129731721#0,company|restaurant,,451.4485582282947,673.334514427724,37.497578992002325,127.0259309178301,2611.0,91.0,taxi_12,picked
dyn_pax_1788,2523.0,2026-09-07 09:42:03,520307304#0,school|subway_entrance|bus_stop,,602.6035134310263,763.145495629718,37.498416594724866,127.02761864854104,,,,timeout
dyn_pax_1789,2525.0,2026-09-07 09:42:05,-506191135#2,residential|bus_stop,,236.19733776439384,769.6838415951818,37.49840622577806,127.02347432089968,,,,timeout
dyn_pax_1790,2526.0,2026-09-07 09:42:06,1376141182#0,bus_stop,,385.7154046370183,1301.0311255965628,37.50322104370192,127.02503873135461,,,,timeout
dyn_pax_1791,2528.0,2026-09-07 09:42:08,1229817205#0,company|subway_entrance|bus_stop,,599.2457558679199,652.2907550986157,37.497417346160496,127.02760695963683,,,,timeout
dyn_pax_1792,2528.0,2026-09-07 09:42:08,218857636#1,residential|company|restaurant|bus_stop,,297.92905089287035,623.2061345250047,37.49709839153085,127.02420706961871,3026.0,498.0,taxi_1,picked
dyn_pax_1793,2529.0,2026-09-07 09:42:09,521766180#1,company|restaurant|bus_stop,,466.73410130235357,1169.2838037446552,37.502049542882666,127.02598608796039,2996.0,467.0,taxi_respawn_38,picked
dyn_pax_1794,2531.0,2026-09-07 09:42:11,-541692164#2,subway_entrance,,317.7122087179151,1441.0296574375257,37.504469327730426,127.0242365566347,,,,timeout
dyn_pax_1795,2532.0,2026-09-07 09:42:12,-504509918#2,company|restaurant|bus_stop,,398.9694242295193,827.4758220967593,37.49895762305832,127.02530099003066,,,,timeout
dyn_pax_1796,2533.0,2026-09-07 09:42:13,-913950883#1,residential|company|restaurant,,391.36286393582424,840.6655979518604,37.49907500229157,127.0252118555046,3022.0,489.0,taxi_respawn_4,picked
dyn_pax_1797,2534.0,2026-09-07 09:42:14,541692164#1,subway_entrance,,271.6277521231475,1406.6420105391767,37.5041508337347,127.02372362926798,,,,timeout
dyn_pax_1798,2534.0,2026-09-07 09:42:14,1229817205#0,company|subway_entrance|bus_stop,,599.2457558679199,652.2907550986157,37.497417346160496,127.02760695963683,,,,timeout
dyn_pax_1799,2535.0,2026-09-07 09:42:15,-506191135#2,residential|bus_stop,,236.19733776439384,769.6838415951818,37.49840622577806,127.02347432089968,,,,timeout
dyn_pax_1800,2536.0,2026-09-07 09:42:16,219837933#0,residential|company,,49.0199205680682,1328.1480294371383,37.503401583976704,127.02122519296726,2832.0,296.0,taxi_28,picked
dyn_pax_1801,2537.0,2026-09-07 09:42:17,521766180#1,company|restaurant|bus_stop,,466.73410130235357,1169.2838037446552,37.502049542882666,127.02598608796039,,,,timeout
dyn_pax_1802,2538.0,2026-09-07 09:42:18,305539406,company|restaurant|subway_entrance,,566.389495917364,736.5285064605782,37.49816998085155,127.02721550408178,,,,timeout
dyn_pax_1803,2540.0,2026-09-07 09:42:20,-417933645#2,company|restaurant|subway_entrance,,701.1658676593129,719.5455833044954,37.49804244093877,127.02874337560036,,,,timeout
dyn_pax_1804,2541.0,2026-09-07 09:42:21,521766175#3,company|restaurant|subway_entrance|bus_stop,,373.6701172395771,1298.610217621072,37.50319695740621,127.02490310718325,,,,timeout
dyn_pax_1805,2543.0,2026-09-07 09:42:23,218877837#2,company|restaurant|bus_stop,,479.4555212141038,978.0213907550284,37.500328997763305,127.02617530290202,2993.0,450.0,taxi_37,picked
dyn_pax_1806,2543.0,2026-09-07 09:42:23,-117790039#2,company|restaurant,,1017.0012393074795,990.846024966068,37.5005459641277,127.03225021068775,2733.0,190.0,taxi_respawn_14,picked
dyn_pax_1807,2545.0,2026-09-07 09:42:25,417933645#2,residential|company|restaurant,,757.7944798520502,568.4010952306102,37.496691568512986,127.02941943794849,2634.0,89.0,taxi_20,picked
dyn_pax_1808,2545.0,2026-09-07 09:42:25,520307304#0,school|subway_entrance|bus_stop,,602.6035134310263,763.145495629718,37.498416594724866,127.02761864854104,,,,timeout
dyn_pax_1809,2546.0,2026-09-07 09:42:26,-506191135#22,residential|company|restaurant|bus_stop,,38.693950105848444,1321.9513167019495,37.50334380565249,127.02110990869835,,,,timeout
dyn_pax_1810,2548.0,2026-09-07 09:42:28,-541692164#2,subway_entrance,,317.7122087179151,1441.0296574375257,37.504469327730426,127.0242365566347,,,,timeout
dyn_pax_1811,2549.0,2026-09-07 09:42:29,375049565#6,restaurant|subway_entrance|bus_stop,,789.5153251748014,798.8522330112556,37.49877353199428,127.02972351946808,,,,timeout
dyn_pax_1812,2551.0,2026-09-07 09:42:31,521770119#0,restaurant|bus_stop,,548.9831206778387,935.1148840516827,37.499955620541705,127.02697161236954,,,,timeout
dyn_pax_1813,2552.0,2026-09-07 09:42:32,521770116#2,company|restaurant|bus_stop,,432.3182248087171,1108.514093563608,37.50149560521279,127.02561136613096,2820.0,268.0,taxi_7,picked
dyn_pax_1814,2555.0,2026-09-07 09:42:35,218873820#0,restaurant|subway_entrance|bus_stop,,628.9829311132032,562.4061665928522,37.49661325243901,127.02796447999128,,,,timeout
dyn_pax_1815,2557.0,2026-09-07 09:42:37,521766180#1,company|restaurant|bus_stop,,466.73410130235357,1169.2838037446552,37.502049542882666,127.02598608796039,,,,timeout
dyn_pax_1816,2557.0,2026-09-07 09:42:37,417933642#0,restaurant|bus_stop,,1041.0954363710525,463.30841921497654,37.49579826441859,127.03264736696761,,,,timeout
dyn_pax_1817,2558.0,2026-09-07 09:42:38,218873820#0,restaurant|subway_entrance|bus_stop,,628.9829311132032,562.4061665928522,37.49661325243901,127.02796447999128,,,,timeout
dyn_pax_1818,2558.0,2026-09-07 09:42:38,-256787796#4,restaurant,,620.2926176327408,895.5374521094307,37.49961256354246,127.02778727239327,,,,timeout
dyn_pax_1819,2559.0,2026-09-07 09:42:39,117790062#7,restaurant,,610.3314045210797,1078.999817662281,37.50126336859982,127.02763115548898,,,,timeout
dyn_pax_1820,2563.0,2026-09-07 09:42:43,521766182#1,company|restaurant|subway_entrance,,681.695169875507,539.6867345716422,37.496418539503196,127.02856584056028,,,,timeout
dyn_pax_1821,2564.0,2026-09-07 09:42:44,218873820#0,restaurant|subway_entrance|bus_stop,,628.9829311132032,562.4061665928522,37.49661325243901,127.02796447999128,,,,timeout
dyn_pax_1822,2564.0,2026-09-07 09:42:44,309155295#1,restaurant,,764.2225196982893,558.1760304781078,37.4966006705371,127.0294945363528,2647.0,83.0,taxi_49,picked
dyn_pax_1823,2564.0,2026-09-07 09:42:44,-117790031#1,restaurant,,730.7814463439225,1053.3410552584976,37.501054966737435,127.02899915797848,2658.0,94.0,taxi_37,picked
dyn_pax_1824,2566.0,2026-09-07 09:42:46,375049565#6,restaurant|subway_entrance|bus_stop,,789.5153251748014,798.8522330112556,37.49877353199428,127.02972351946808,,,,timeout
dyn_pax_1825,2566.0,2026-09-07 09:42:46,-1537068129#0,restaurant,,962.1540281232122,1146.7630824504436,37.50194018104768,127.03159317410272,2636.0,70.0,taxi_41,picked
dyn_pax_1826,2567.0,2026-09-07 09:42:47,-506191135#2,residential|bus_stop,,236.19733776439384,769.6838415951818,37.49840622577806,127.02347432089968,,,,timeout
dyn_pax_1827,2569.0,2026-09-07 09:42:49,1376141183#0,bus_stop,,548.2528111146681,901.2117688498424,37.49965007283687,127.02697139402301,,,,timeout
dyn_pax_1828,2571.0,2026-09-07 09:42:51,-542367267#1,bus_stop,,247.51018316686128,1414.7184918773391,37.504219024473855,127.02344900430944,2784.0,213.0,taxi_respawn_5,picked
dyn_pax_1829,2571.0,2026-09-07 09:42:51,129731859#0,restaurant,,636.6446621144157,858.1896913104493,37.49927921090336,127.0279810114602,2947.0,376.0,taxi_42,picked
dyn_pax_1830,2573.0,2026-09-07 09:42:53,-542367267#1,bus_stop,,247.51018316686128,1414.7184918773391,37.504219024473855,127.02344900430944,2843.0,270.0,taxi_respawn_21,picked
dyn_pax_1831,2574.0,2026-09-07 09:42:54,375049565#6,restaurant|subway_entrance|bus_stop,,789.5153251748014,798.8522330112556,37.49877353199428,127.02972351946808,,,,timeout
dyn_pax_1832,2574.0,2026-09-07 09:42:54,305539406,company|restaurant|subway_entrance,,566.389495917364,736.5285064605782,37.49816998085155,127.02721550408178,,,,timeout
dyn_pax_1833,2575.0,2026-09-07 09:42:55,494824662#3,company|restaurant|subway_entrance,,729.424850252167,406.6843378518681,37.49522941823122,127.02913698209235,,,,timeout
dyn_pax_1834,2577.0,2026-09-07 09:42:57,218877837#2,company|restaurant|bus_stop,,479.4555212141038,978.0213907550284,37.500328997763305,127.02617530290202,,,,timeout
dyn_pax_1835,2578.0,2026-09-07 09:42:58,-504509918#2,company|restaurant|bus_stop,,398.9694242295193,827.4758220967593,37.49895762305832,127.02530099003066,,,,timeout
dyn_pax_1836,2580.0,2026-09-07 09:43:00,-542367267#1,bus_stop,,247.51018316686128,1414.7184918773391,37.504219024473855,127.02344900430944,2902.0,322.0,taxi_44,picked
dyn_pax_1837,2581.0,2026-09-07 09:43:01,521770116#2,company|restaurant|bus_stop,,432.3182248087171,1108.514093563608,37.50149560521279,127.02561136613096,2946.0,365.0,taxi_27,picked
dyn_pax_1838,2583.0,2026-09-07 09:43:03,178441450#1,residential|company|restaurant|bus_stop,,282.90243066757296,609.4157395563556,37.496971320837204,127.02404044855805,3115.0,532.0,taxi_respawn_16,picked
dyn_pax_1839,2584.0,2026-09-07 09:43:04,-542367267#1,bus_stop,,247.51018316686128,1414.7184918773391,37.504219024473855,127.02344900430944,2909.0,325.0,taxi_39,picked
dyn_pax_1840,2586.0,2026-09-07 09:43:06,1229817205#0,company|subway_entrance|bus_stop,,599.2457558679199,652.2907550986157,37.497417346160496,127.02760695963683,,,,timeout
dyn_pax_1841,2587.0,2026-09-07 09:43:07,1376141183#0,bus_stop,,548.2528111146681,901.2117688498424,37.49965007283687,127.02697139402301,,,,timeout
dyn_pax_1842,2587.0,2026-09-07 09:43:07,309155295#1,restaurant,,764.2225196982893,558.1760304781078,37.4966006705371,127.0294945363528,,,,timeout
dyn_pax_1843,2589.0,2026-09-07 09:43:09,-504509918#2,company|restaurant|bus_stop,,398.9694242295193,827.4758220967593,37.49895762305832,127.02530099003066,,,,timeout
dyn_pax_1844,2589.0,2026-09-07 09:43:09,129731721#0,company|restaurant,,451.4485582282947,673.334514427724,37.497578992002325,127.0259309178301,,,,timeout
dyn_pax_1845,2590.0,2026-09-07 09:43:10,375049565#6,restaurant|subway_entrance|bus_stop,,789.5153251748014,798.8522330112556,37.49877353199428,127.02972351946808,,,,timeout
dyn_pax_1846,2592.0,2026-09-07 09:43:12,523141074#0,company|restaurant|subway_entrance,,524.0338794858329,871.4890157117229,37.4993777454413,127.02670460634431,2753.0,161.0,taxi_31,picked
dyn_pax_1847,2593.0,2026-09-07 09:43:13,520307304#0,school|subway_entrance|bus_stop,,602.6035134310263,763.145495629718,37.498416594724866,127.02761864854104,,,,timeout
dyn_pax_1848,2595.0,2026-09-07 09:43:15,480850873,company|restaurant|bus_stop,,548.1935052770749,708.5896639848544,37.49791486187585,127.0270163956136,,,,timeout
dyn_pax_1849,2597.0,2026-09-07 09:43:17,494824662#3,company|restaurant|subway_entrance,,729.424850252167,406.6843378518681,37.49522941823122,127.02913698209235,,,,timeout
dyn_pax_1850,2597.0,2026-09-07 09:43:17,218864491#0,restaurant|bus_stop,,769.9803916976219,760.1217113917903,37.49842094941813,127.02951181742357,,,,timeout
dyn_pax_1851,2598.0,2026-09-07 09:43:18,117790041#2,restaurant,,441.66460303662666,1376.669936706078,37.50391299976682,127.0256534125234,,,,timeout
dyn_pax_1852,2600.0,2026-09-07 09:43:20,-504509918#2,company|restaurant|bus_stop,,398.9694242295193,827.4758220967593,37.49895762305832,127.02530099003066,,,,timeout
dyn_pax_1853,2601.0,2026-09-07 09:43:21,523141074#0,company|restaurant|subway_entrance,,524.0338794858329,871.4890157117229,37.4993777454413,127.02670460634431,2814.0,213.0,taxi_respawn_17,picked
dyn_pax_1854,2603.0,2026-09-07 09:43:23,520307304#0,school|subway_entrance|bus_stop,,602.6035134310263,763.145495629718,37.498416594724866,127.02761864854104,,,,timeout
dyn_pax_1855,2604.0,2026-09-07 09:43:24,523141074#0,company|restaurant|subway_entrance,,524.0338794858329,871.4890157117229,37.4993777454413,127.02670460634431,2801.0,197.0,taxi_18,picked
dyn_pax_1856,2604.0,2026-09-07 09:43:24,-506191135#22,residential|company|restaurant|bus_stop,,38.693950105848444,1321.9513167019495,37.50334380565249,127.02110990869835,3096.0,492.0,taxi_respawn_6,picked
dyn_pax_1857,2606.0,2026-09-07 09:43:26,1229817205#0,company|subway_entrance|bus_stop,,599.2457558679199,652.2907550986157,37.497417346160496,127.02760695963683,,,,timeout
dyn_pax_1858,2607.0,2026-09-07 09:43:27,417933642#0,restaurant|bus_stop,,1041.0954363710525,463.30841921497654,37.49579826441859,127.03264736696761,,,,timeout
dyn_pax_1859,2609.0,2026-09-07 09:43:29,521766180#1,company|restaurant|bus_stop,,466.73410130235357,1169.2838037446552,37.502049542882666,127.02598608796039,3402.0,793.0,taxi_11,picked
dyn_pax_1860,2610.0,2026-09-07 09:43:30,1117538957#3,restaurant|subway_entrance|bus_stop,,465.5082521847807,644.8780924026132,37.49732530507706,127.02609663221197,,,,timeout
dyn_pax_1861,2611.0,2026-09-07 09:43:31,178441450#1,residential|company|restaurant|bus_stop,,282.90243066757296,609.4157395563556,37.496971320837204,127.02404044855805,3122.0,511.0,taxi_4,picked
dyn_pax_1862,2612.0,2026-09-07 09:43:32,375049565#6,restaurant|subway_entrance|bus_stop,,789.5153251748014,798.8522330112556,37.49877353199428,127.02972351946808,,,,timeout
dyn_pax_1863,2613.0,2026-09-07 09:43:33,417933642#0,restaurant|bus_stop,,1041.0954363710525,463.30841921497654,37.49579826441859,127.03264736696761,,,,timeout
dyn_pax_1864,2616.0,2026-09-07 09:43:36,1376141182#0,bus_stop,,385.7154046370183,1301.0311255965628,37.50322104370192,127.02503873135461,,,,timeout
dyn_pax_1865,2618.0,2026-09-07 09:43:38,1117538957#3,restaurant|subway_entrance|bus_stop,,465.5082521847807,644.8780924026132,37.49732530507706,127.02609663221197,,,,timeout
dyn_pax_1866,2620.0,2026-09-07 09:43:40,218873820#0,restaurant|subway_entrance|bus_stop,,628.9829311132032,562.4061665928522,37.49661325243901,127.02796447999128,,,,timeout
dyn_pax_1867,2621.0,2026-09-07 09:43:41,521770119#0,restaurant|bus_stop,,548.9831206778387,935.1148840516827,37.499955620541705,127.02697161236954,,,,timeout
dyn_pax_1868,2622.0,2026-09-07 09:43:42,521766175#3,company|restaurant|subway_entrance|bus_stop,,373.6701172395771,1298.610217621072,37.50319695740621,127.02490310718325,,,,timeout
dyn_pax_1869,2622.0,2026-09-07 09:43:42,129731720#0,residential|company|restaurant,,292.10678712231254,1113.150773394943,37.50151085547559,127.02402489828896,2789.0,167.0,taxi_respawn_23,picked
dyn_pax_1870,2624.0,2026-09-07 09:43:44,1117538958#3,bus_stop,,160.18899290588462,540.6019911995099,37.49632820280781,127.02266936696756,,,,timeout
dyn_pax_1871,2625.0,2026-09-07 09:43:45,129731834#0,school,,229.35227593843302,780.2499709424674,37.498500113124294,127.02339441737757,,,,timeout
dyn_pax_1872,2626.0,2026-09-07 09:43:46,1117538957#3,restaurant|subway_entrance|bus_stop,,465.5082521847807,644.8780924026132,37.49732530507706,127.02609663221197,,,,timeout
dyn_pax_1873,2627.0,2026-09-07 09:43:47,521766175#3,company|restaurant|subway_entrance|bus_stop,,373.6701172395771,1298.610217621072,37.50319695740621,127.02490310718325,,,,timeout
dyn_pax_1874,2629.0,2026-09-07 09:43:49,1376141182#0,bus_stop,,385.7154046370183,1301.0311255965628,37.50322104370192,127.02503873135461,,,,timeout
dyn_pax_1875,2630.0,2026-09-07 09:43:50,521766175#1,company|restaurant|subway_entrance,,332.9365590021661,1411.5585828157227,37.504206724109,127.02441570308932,,,,timeout
dyn_pax_1876,2630.0,2026-09-07 09:43:50,129733424#1,restaurant,,625.7652907028337,1027.567371479777,37.50080296382065,127.02781785674841,,,,timeout
dyn_pax_1877,2631.0,2026-09-07 09:43:51,178441450#1,residential|company|restaurant|bus_stop,,282.90243066757296,609.4157395563556,37.496971320837204,127.02404044855805,,,,timeout
dyn_pax_1878,2632.0,2026-09-07 09:43:52,1229817205#0,company|subway_entrance|bus_stop,,599.2457558679199,652.2907550986157,37.497417346160496,127.02760695963683,,,,timeout
dyn_pax_1879,2632.0,2026-09-07 09:43:52,-417933645#2,company|restaurant|subway_entrance,,701.1658676593129,719.5455833044954,37.49804244093877,127.02874337560036,,,,timeout
dyn_pax_1880,2633.0,2026-09-07 09:43:53,-506191135#22,residential|company|restaurant|bus_stop,,38.693950105848444,1321.9513167019495,37.50334380565249,127.02110990869835,3120.0,487.0,taxi_24,picked
dyn_pax_1881,2634.0,2026-09-07 09:43:54,218873820#0,restaurant|subway_entrance|bus_stop,,628.9829311132032,562.4061665928522,37.49661325243901,127.02796447999128,,,,timeout
dyn_pax_1882,2635.0,2026-09-07 09:43:55,520307304#0,school|subway_entrance|bus_stop,,602.6035134310263,763.145495629718,37.498416594724866,127.02761864854104,,,,timeout
dyn_pax_1883,2636.0,2026-09-07 09:43:56,975332778#1,bus_stop,,681.6099970732737,721.9380561808346,37.49806030190971,127.02852170075586,2918.0,282.0,taxi_respawn_8,picked
dyn_pax_1884,2637.0,2026-09-07 09:43:57,-309155295#4,residential|restaurant,,966.4689567179357,639.4784987131154,37.49737120494098,127.0317619612052,3136.0,499.0,taxi_31,picked
dyn_pax_1885,2638.0,2026-09-07 09:43:58,-541692164#2,subway_entrance,,317.7122087179151,1441.0296574375257,37.504469327730426,127.0242365566347,,,,timeout
dyn_pax_1886,2639.0,2026-09-07 09:43:59,521766182#1,company|restaurant|subway_entrance,,681.695169875507,539.6867345716422,37.496418539503196,127.02856584056028,,,,timeout
dyn_pax_1887,2641.0,2026-09-07 09:44:01,521770116#2,company|restaurant|bus_stop,,432.3182248087171,1108.514093563608,37.50149560521279,127.02561136613096,3186.0,545.0,taxi_respawn_32,picked
dyn_pax_1888,2641.0,2026-09-07 09:44:01,-129731857#2,restaurant,,875.7452923990509,884.8037873845144,37.499564075208866,127.03067814538078,2726.0,85.0,taxi_respawn_3,picked
dyn_pax_1889,2642.0,2026-09-07 09:44:02,-129731721#2,company|restaurant,,388.6558839574922,820.9778890483499,37.49889713764622,127.02518592115393,3104.0,462.0,taxi_respawn_27,picked
dyn_pax_1890,2643.0,2026-09-07 09:44:03,178441450#1,residential|company|restaurant|bus_stop,,282.90243066757296,609.4157395563556,37.496971320837204,127.02404044855805,,,,timeout
dyn_pax_1891,2644.0,2026-09-07 09:44:04,523141074#0,company|restaurant|subway_entrance,,524.0338794858329,871.4890157117229,37.4993777454413,127.02670460634431,2807.0,163.0,taxi_36,picked
dyn_pax_1892,2646.0,2026-09-07 09:44:06,-417933645#2,company|restaurant|subway_entrance,,701.1658676593129,719.5455833044954,37.49804244093877,127.02874337560036,,,,timeout
dyn_pax_1893,2646.0,2026-09-07 09:44:06,-504227066#3,restaurant,,449.3214735737982,636.1754008755333,37.497243849267164,127.02591568328045,2731.0,85.0,taxi_30,picked
dyn_pax_1894,2649.0,2026-09-07 09:44:09,218857636#1,residential|company|restaurant|bus_stop,,297.92905089287035,623.2061345250047,37.49709839153085,127.02420706961871,,,,timeout
dyn_pax_1895,2650.0,2026-09-07 09:44:10,520307304#0,school|subway_entrance|bus_stop,,602.6035134310263,763.145495629718,37.498416594724866,127.02761864854104,,,,timeout
dyn_pax_1896,2652.0,2026-09-07 09:44:12,375049565#6,restaurant|subway_entrance|bus_stop,,789.5153251748014,798.8522330112556,37.49877353199428,127.02972351946808,,,,timeout
dyn_pax_1897,2652.0,2026-09-07 09:44:12,129731834#0,school,,229.35227593843302,780.2499709424674,37.498500113124294,127.02339441737757,3152.0,500.0,taxi_47,picked
dyn_pax_1898,2653.0,2026-09-07 09:44:13,-417933642#1,restaurant,,972.7851169931362,629.1778231901285,37.49727960321316,127.03183581048214,2703.0,50.0,taxi_respawn_33,picked
dyn_pax_1899,2655.0,2026-09-07 09:44:15,178441450#1,residential|company|restaurant|bus_stop,,282.90243066757296,609.4157395563556,37.496971320837204,127.02404044855805,,,,timeout
dyn_pax_1900,2655.0,2026-09-07 09:44:15,-417933645#2,company|restaurant|subway_entrance,,701.1658676593129,719.5455833044954,37.49804244093877,127.02874337560036,,,,timeout
dyn_pax_1901,2656.0,2026-09-07 09:44:16,520307304#0,school|subway_entrance|bus_stop,,602.6035134310263,763.145495629718,37.498416594724866,127.02761864854104,,,,timeout
dyn_pax_1902,2657.0,2026-09-07 09:44:17,239962780#1,company|restaurant,,78.091042197054,1418.7355011637856,37.504223128704645,127.02153236485597,2902.0,245.0,taxi_respawn_13,picked
dyn_pax_1903,2658.0,2026-09-07 09:44:18,218873820#0,restaurant|subway_entrance|bus_stop,,628.9829311132032,562.4061665928522,37.49661325243901,127.02796447999128,,,,timeout
dyn_pax_1904,2659.0,2026-09-07 09:44:19,1229817205#1,residential|bus_stop,,631.6400080768872,572.7061575261558,37.49670653972221,127.02799208080955,,,,timeout
dyn_pax_1905,2660.0,2026-09-07 09:44:20,379463134#4,restaurant,,574.4815382344308,1284.0756787717605,37.50310398350559,127.02717717678497,2798.0,138.0,taxi_respawn_2,picked
dyn_pax_1906,2661.0,2026-09-07 09:44:21,417933642#0,restaurant|bus_stop,,1041.0954363710525,463.30841921497654,37.49579826441859,127.03264736696761,,,,timeout
dyn_pax_1907,2662.0,2026-09-07 09:44:22,521766182#1,company|restaurant|subway_entrance,,681.695169875507,539.6867345716422,37.496418539503196,127.02856584056028,,,,timeout
dyn_pax_1908,2664.0,2026-09-07 09:44:24,521766180#1,company|restaurant|bus_stop,,466.73410130235357,1169.2838037446552,37.502049542882666,127.02598608796039,,,,unpicked
dyn_pax_1909,2665.0,2026-09-07 09:44:25,521766175#3,company|restaurant|subway_entrance|bus_stop,,373.6701172395771,1298.610217621072,37.50319695740621,127.02490310718325,3151.0,486.0,taxi_35,picked
dyn_pax_1910,2666.0,2026-09-07 09:44:26,504227065,company,,441.32681628575455,666.8408278135128,37.497518581743364,127.0258180180219,2937.0,271.0,taxi_43,picked
dyn_pax_1911,2667.0,2026-09-07 09:44:27,-506191135#22,residential|company|restaurant|bus_stop,,38.693950105848444,1321.9513167019495,37.50334380565249,127.02110990869835,,,,timeout
dyn_pax_1912,2669.0,2026-09-07 09:44:29,521770116#2,company|restaurant|bus_stop,,432.3182248087171,1108.514093563608,37.50149560521279,127.02561136613096,3072.0,403.0,taxi_25,picked
dyn_pax_1913,2669.0,2026-09-07 09:44:29,-506191135#22,residential|company|restaurant|bus_stop,,38.693950105848444,1321.9513167019495,37.50334380565249,127.02110990869835,,,,timeout
dyn_pax_1914,2670.0,2026-09-07 09:44:30,-541692164#2,subway_entrance,,317.7122087179151,1441.0296574375257,37.504469327730426,127.0242365566347,,,,timeout
dyn_pax_1915,2670.0,2026-09-07 09:44:30,-417750336#5,restaurant,,886.0343029737398,891.1232225857099,37.499622942823265,127.030792984823,2806.0,136.0,taxi_32,picked
dyn_pax_1916,2672.0,2026-09-07 09:44:32,305539406,company|restaurant|subway_entrance,,566.389495917364,736.5285064605782,37.49816998085155,127.02721550408178,,,,timeout
dyn_pax_1917,2672.0,2026-09-07 09:44:32,521770116#2,company|restaurant|bus_stop,,432.3182248087171,1108.514093563608,37.50149560521279,127.02561136613096,,,,timeout
dyn_pax_1918,2673.0,2026-09-07 09:44:33,-542367267#1,bus_stop,,247.51018316686128,1414.7184918773391,37.504219024473855,127.02344900430944,2988.0,315.0,taxi_respawn_26,picked
dyn_pax_1919,2673.0,2026-09-07 09:44:33,309155295#3,restaurant,,868.2249250208004,595.011595969151,37.496952113096654,127.03066169877924,2716.0,43.0,taxi_17,picked
dyn_pax_1920,2675.0,2026-09-07 09:44:35,1229817205#0,company|subway_entrance|bus_stop,,599.2457558679199,652.2907550986157,37.497417346160496,127.02760695963683,,,,timeout
dyn_pax_1921,2676.0,2026-09-07 09:44:36,975332778#1,bus_stop,,681.6099970732737,721.9380561808346,37.49806030190971,127.02852170075586,3097.0,421.0,taxi_respawn_20,picked
dyn_pax_1922,2678.0,2026-09-07 09:44:38,506191135#3,residential|company|restaurant|bus_stop,,238.79972345576414,789.4714057742513,37.49858497042428,127.023499044737,3073.0,395.0,taxi_45,picked
dyn_pax_1923,2679.0,2026-09-07 09:44:39,521766175#3,company|restaurant|subway_entrance|bus_stop,,373.6701172395771,1298.610217621072,37.50319695740621,127.02490310718325,3162.0,483.0,taxi_49,picked
dyn_pax_1924,2681.0,2026-09-07 09:44:41,178441450#1,residential|company|restaurant|bus_stop,,282.90243066757296,609.4157395563556,37.496971320837204,127.02404044855805,3211.0,530.0,taxi_37,picked
dyn_pax_1925,2681.0,2026-09-07 09:44:41,-129731857#2,restaurant,,875.7452923990509,884.8037873845144,37.499564075208866,127.03067814538078,2986.0,305.0,taxi_20,picked
dyn_pax_1926,2682.0,2026-09-07 09:44:42,521766180#1,company|restaurant|bus_stop,,466.73410130235357,1169.2838037446552,37.502049542882666,127.02598608796039,,,,timeout
dyn_pax_1927,2684.0,2026-09-07 09:44:44,1229817205#0,company|subway_entrance|bus_stop,,599.2457558679199,652.2907550986157,37.497417346160496,127.02760695963683,,,,timeout
dyn_pax_1928,2684.0,2026-09-07 09:44:44,-309155295#0,restaurant,,747.4684617800942,561.8059110120743,37.49663020867341,127.0293042509181,3161.0,477.0,taxi_20,picked
dyn_pax_1929,2685.0,2026-09-07 09:44:45,218864491#0,restaurant|bus_stop,,769.9803916976219,760.1217113917903,37.49842094941813,127.02951181742357,,,,timeout
dyn_pax_1930,2686.0,2026-09-07 09:44:46,178441450#1,residential|company|restaurant|bus_stop,,282.90243066757296,609.4157395563556,37.496971320837204,127.02404044855805,,,,timeout
dyn_pax_1931,2687.0,2026-09-07 09:44:47,521770119#1,restaurant|bus_stop,,527.3115514435282,995.8620162900467,37.50049875494786,127.02671217090477,,,,timeout
dyn_pax_1932,2688.0,2026-09-07 09:44:48,-417933645#2,company|restaurant|subway_entrance,,701.1658676593129,719.5455833044954,37.49804244093877,127.02874337560036,,,,timeout
dyn_pax_1933,2690.0,2026-09-07 09:44:50,1117538957#3,restaurant|subway_entrance|bus_stop,,465.5082521847807,644.8780924026132,37.49732530507706,127.02609663221197,,,,timeout
dyn_pax_1934,2692.0,2026-09-07 09:44:52,520307304#0,school|subway_entrance|bus_stop,,602.6035134310263,763.145495629718,37.498416594724866,127.02761864854104,,,,timeout
dyn_pax_1935,2693.0,2026-09-07 09:44:53,520307304#0,school|subway_entrance|bus_stop,,602.6035134310263,763.145495629718,37.498416594724866,127.02761864854104,,,,timeout
dyn_pax_1936,2695.0,2026-09-07 09:44:55,521766175#3,company|restaurant|subway_entrance|bus_stop,,373.6701172395771,1298.610217621072,37.50319695740621,127.02490310718325,,,,timeout
dyn_pax_1937,2696.0,2026-09-07 09:44:56,218864491#0,restaurant|bus_stop,,769.9803916976219,760.1217113917903,37.49842094941813,127.02951181742357,,,,timeout
dyn_pax_1938,2696.0,2026-09-07 09:44:56,-309155295#4,residential|restaurant,,966.4689567179357,639.4784987131154,37.49737120494098,127.0317619612052,,,,timeout
dyn_pax_1939,2697.0,2026-09-07 09:44:57,523141074#0,company|restaurant|subway_entrance,,524.0338794858329,871.4890157117229,37.4993777454413,127.02670460634431,2845.0,148.0,taxi_23,picked
dyn_pax_1940,2698.0,2026-09-07 09:44:58,1376141182#0,bus_stop,,385.7154046370183,1301.0311255965628,37.50322104370192,127.02503873135461,,,,timeout
dyn_pax_1941,2698.0,2026-09-07 09:44:58,1376141183#0,bus_stop,,548.2528111146681,901.2117688498424,37.49965007283687,127.02697139402301,3120.0,422.0,taxi_8,picked
dyn_pax_1942,2699.0,2026-09-07 09:44:59,417933642#0,restaurant|bus_stop,,1041.0954363710525,463.30841921497654,37.49579826441859,127.03264736696761,,,,timeout
dyn_pax_1943,2699.0,2026-09-07 09:44:59,129731859#0,restaurant,,636.6446621144157,858.1896913104493,37.49927921090336,127.0279810114602,,,,timeout
dyn_pax_1944,2701.0,2026-09-07 09:45:01,1117538957#3,restaurant|subway_entrance|bus_stop,,465.5082521847807,644.8780924026132,37.49732530507706,127.02609663221197,,,,timeout
dyn_pax_1945,2702.0,2026-09-07 09:45:02,521770119#0,restaurant|bus_stop,,548.9831206778387,935.1148840516827,37.499955620541705,127.02697161236954,3197.0,495.0,taxi_36,picked
dyn_pax_1946,2704.0,2026-09-07 09:45:04,521766180#1,company|restaurant|bus_stop,,466.73410130235357,1169.2838037446552,37.502049542882666,127.02598608796039,,,,timeout
dyn_pax_1947,2705.0,2026-09-07 09:45:05,1376141182#0,bus_stop,,385.7154046370183,1301.0311255965628,37.50322104370192,127.02503873135461,,,,timeout
dyn_pax_1948,2707.0,2026-09-07 09:45:07,375049565#6,restaurant|subway_entrance|bus_stop,,789.5153251748014,798.8522330112556,37.49877353199428,127.02972351946808,,,,timeout
dyn_pax_1949,2707.0,2026-09-07 09:45:07,129733424#3,restaurant,,568.5053070143441,1008.1195751958668,37.500616957275064,127.02717503574868,,,,timeout
dyn_pax_1950,2708.0,2026-09-07 09:45:08,506191135#3,residential|company|restaurant|bus_stop,,238.79972345576414,789.4714057742513,37.49858497042428,127.023499044737,3206.0,498.0,taxi_16,picked
dyn_pax_1951,2709.0,2026-09-07 09:45:09,480850873,company|restaurant|bus_stop,,548.1935052770749,708.5896639848544,37.49791486187585,127.0270163956136,3216.0,507.0,taxi_5,picked
dyn_pax_1952,2710.0,2026-09-07 09:45:10,494824662#3,company|restaurant|subway_entrance,,729.424850252167,406.6843378518681,37.49522941823122,127.02913698209235,3229.0,519.0,taxi_44,picked
dyn_pax_1953,2711.0,2026-09-07 09:45:11,129731858#2,restaurant,,783.9672744139122,855.548332172334,37.49928322221005,127.02964736483162,2747.0,36.0,taxi_respawn_4,picked
dyn_pax_1954,2712.0,2026-09-07 09:45:12,417933642#0,restaurant|bus_stop,,1041.0954363710525,463.30841921497654,37.49579826441859,127.03264736696761,,,,timeout
dyn_pax_1955,2715.0,2026-09-07 09:45:15,218857636#1,residential|company|restaurant|bus_stop,,297.92905089287035,623.2061345250047,37.49709839153085,127.02420706961871,,,,timeout
dyn_pax_1956,2715.0,2026-09-07 09:45:15,520307304#0,school|subway_entrance|bus_stop,,602.6035134310263,763.145495629718,37.498416594724866,127.02761864854104,,,,timeout
dyn_pax_1957,2716.0,2026-09-07 09:45:16,305539406,company|restaurant|subway_entrance,,566.389495917364,736.5285064605782,37.49816998085155,127.02721550408178,,,,timeout
dyn_pax_1958,2718.0,2026-09-07 09:45:18,520307304#0,school|subway_entrance|bus_stop,,602.6035134310263,763.145495629718,37.498416594724866,127.02761864854104,,,,timeout
dyn_pax_1959,2719.0,2026-09-07 09:45:19,-542367267#1,bus_stop,,247.51018316686128,1414.7184918773391,37.504219024473855,127.02344900430944,3159.0,440.0,taxi_29,picked
dyn_pax_1960,2719.0,2026-09-07 09:45:19,218873820#0,restaurant|subway_entrance|bus_stop,,628.9829311132032,562.4061665928522,37.49661325243901,127.02796447999128,,,,timeout
dyn_pax_1961,2721.0,2026-09-07 09:45:21,521770116#2,company|restaurant|bus_stop,,432.3182248087171,1108.514093563608,37.50149560521279,127.02561136613096,3192.0,471.0,taxi_27,picked
dyn_pax_1962,2722.0,2026-09-07 09:45:22,-417933645#2,company|restaurant|subway_entrance,,701.1658676593129,719.5455833044954,37.49804244093877,127.02874337560036,,,,timeout
dyn_pax_1963,2722.0,2026-09-07 09:45:22,805827757#0,restaurant,,762.3138727549854,912.1862152730512,37.49978934916138,127.02938912364917,2923.0,201.0,taxi_respawn_27,picked
dyn_pax_1964,2724.0,2026-09-07 09:45:24,-542367267#1,bus_stop,,247.51018316686128,1414.7184918773391,37.504219024473855,127.02344900430944,,,,timeout
dyn_pax_1965,2725.0,2026-09-07 09:45:25,-542367267#1,bus_stop,,247.51018316686128,1414.7184918773391,37.504219024473855,127.02344900430944,,,,timeout
dyn_pax_1966,2725.0,2026-09-07 09:45:25,219837933#0,residential|company,,49.0199205680682,1328.1480294371383,37.503401583976704,127.02122519296726,2999.0,274.0,taxi_36,picked
dyn_pax_1967,2727.0,2026-09-07 09:45:27,506191135#3,residential|company|restaurant|bus_stop,,238.79972345576414,789.4714057742513,37.49858497042428,127.023499044737,,,,timeout
dyn_pax_1968,2727.0,2026-09-07 09:45:27,805827757#0,restaurant,,762.3138727549854,912.1862152730512,37.49978934916138,127.02938912364917,,,,timeout
dyn_pax_1969,2728.0,2026-09-07 09:45:28,1229817205#0,company|subway_entrance|bus_stop,,599.2457558679199,652.2907550986157,37.497417346160496,127.02760695963683,,,,timeout
dyn_pax_1970,2730.0,2026-09-07 09:45:30,521766180#1,company|restaurant|bus_stop,,466.73410130235357,1169.2838037446552,37.502049542882666,127.02598608796039,,,,timeout
dyn_pax_1971,2731.0,2026-09-07 09:45:31,1117538957#3,restaurant|subway_entrance|bus_stop,,465.5082521847807,644.8780924026132,37.49732530507706,127.02609663221197,,,,timeout
dyn_pax_1972,2731.0,2026-09-07 09:45:31,-417933642#4,restaurant,,907.3718228697127,805.8014682006251,37.49885835910486,127.03105443169989,3111.0,380.0,taxi_26,picked
dyn_pax_1973,2733.0,2026-09-07 09:45:33,1229817205#0,company|subway_entrance|bus_stop,,599.2457558679199,652.2907550986157,37.497417346160496,127.02760695963683,,,,timeout
dyn_pax_1974,2734.0,2026-09-07 09:45:34,521766175#3,company|restaurant|subway_entrance|bus_stop,,373.6701172395771,1298.610217621072,37.50319695740621,127.02490310718325,,,,timeout
dyn_pax_1975,2736.0,2026-09-07 09:45:36,494824662#3,company|restaurant|subway_entrance,,729.424850252167,406.6843378518681,37.49522941823122,127.02913698209235,3246.0,510.0,taxi_respawn_11,picked
dyn_pax_1976,2737.0,2026-09-07 09:45:37,521766175#3,company|restaurant|subway_entrance|bus_stop,,373.6701172395771,1298.610217621072,37.50319695740621,127.02490310718325,,,,timeout
dyn_pax_1977,2738.0,2026-09-07 09:45:38,521766180#1,company|restaurant|bus_stop,,466.73410130235357,1169.2838037446552,37.502049542882666,127.02598608796039,,,,timeout
dyn_pax_1978,2739.0,2026-09-07 09:45:39,-417933645#2,company|restaurant|subway_entrance,,701.1658676593129,719.5455833044954,37.49804244093877,127.02874337560036,,,,timeout
dyn_pax_1979,2741.0,2026-09-07 09:45:41,375049565#6,restaurant|subway_entrance|bus_stop,,789.5153251748014,798.8522330112556,37.49877353199428,127.02972351946808,,,,timeout
dyn_pax_1980,2742.0,2026-09-07 09:45:42,1117538957#3,restaurant|subway_entrance|bus_stop,,465.5082521847807,644.8780924026132,37.49732530507706,127.02609663221197,3248.0,506.0,taxi_7,picked
dyn_pax_1981,2744.0,2026-09-07 09:45:44,375049565#6,restaurant|subway_entrance|bus_stop,,789.5153251748014,798.8522330112556,37.49877353199428,127.02972351946808,,,,timeout
dyn_pax_1982,2744.0,2026-09-07 09:45:44,-129731721#2,company|restaurant,,388.6558839574922,820.9778890483499,37.49889713764622,127.02518592115393,,,,timeout
dyn_pax_1983,2745.0,2026-09-07 09:45:45,-506191135#22,residential|company|restaurant|bus_stop,,38.693950105848444,1321.9513167019495,37.50334380565249,127.02110990869835,,,,timeout
dyn_pax_1984,2747.0,2026-09-07 09:45:47,-541692164#2,subway_entrance,,317.7122087179151,1441.0296574375257,37.504469327730426,127.0242365566347,,,,timeout
dyn_pax_1985,2748.0,2026-09-07 09:45:48,521766180#1,company|restaurant|bus_stop,,466.73410130235357,1169.2838037446552,37.502049542882666,127.02598608796039,,,,timeout
dyn_pax_1986,2748.0,2026-09-07 09:45:48,628232693#0,company|restaurant,,644.2623295929467,660.168099777976,37.49749680792099,127.0281140674837,3015.0,267.0,taxi_respawn_3,picked
dyn_pax_1987,2750.0,2026-09-07 09:45:50,1229817205#1,residential|bus_stop,,631.6400080768872,572.7061575261558,37.49670653972221,127.02799208080955,,,,timeout
dyn_pax_1988,2751.0,2026-09-07 09:45:51,1229817205#0,company|subway_entrance|bus_stop,,599.2457558679199,652.2907550986157,37.497417346160496,127.02760695963683,,,,timeout
dyn_pax_1989,2753.0,2026-09-07 09:45:53,-506191135#2,residential|bus_stop,,236.19733776439384,769.6838415951818,37.49840622577806,127.02347432089968,,,,timeout
dyn_pax_1990,2753.0,2026-09-07 09:45:53,-417933642#1,restaurant,,972.7851169931362,629.1778231901285,37.49727960321316,127.03183581048214,3211.0,458.0,taxi_12,picked
dyn_pax_1991,2754.0,2026-09-07 09:45:54,521770119#1,restaurant|bus_stop,,527.3115514435282,995.8620162900467,37.50049875494786,127.02671217090477,,,,timeout
dyn_pax_1992,2756.0,2026-09-07 09:45:56,1117538957#3,restaurant|subway_entrance|bus_stop,,465.5082521847807,644.8780924026132,37.49732530507706,127.02609663221197,,,,timeout
dyn_pax_1993,2756.0,2026-09-07 09:45:56,520307304#0,school|subway_entrance|bus_stop,,602.6035134310263,763.145495629718,37.498416594724866,127.02761864854104,,,,timeout
dyn_pax_1994,2756.0,2026-09-07 09:45:56,-417933645#2,company|restaurant|subway_entrance,,701.1658676593129,719.5455833044954,37.49804244093877,127.02874337560036,,,,timeout
dyn_pax_1995,2757.0,2026-09-07 09:45:57,375049565#6,restaurant|subway_entrance|bus_stop,,789.5153251748014,798.8522330112556,37.49877353199428,127.02972351946808,,,,timeout
dyn_pax_1996,2757.0,2026-09-07 09:45:57,129731857#1,residential|restaurant,,656.8212873140518,799.6615847813327,37.498755780674834,127.02822301071001,3001.0,244.0,taxi_8,picked
dyn_pax_1997,2759.0,2026-09-07 09:45:59,506191135#3,residential|company|restaurant|bus_stop,,238.79972345576414,789.4714057742513,37.49858497042428,127.023499044737,,,,timeout
dyn_pax_1998,2760.0,2026-09-07 09:46:00,506191135#3,residential|company|restaurant|bus_stop,,238.79972345576414,789.4714057742513,37.49858497042428,127.023499044737,,,,timeout
dyn_pax_1999,2760.0,2026-09-07 09:46:00,-26163000#1,restaurant,,613.3034084576574,1234.0026207389662,37.50266024308643,127.02762801542576,3262.0,502.0,taxi_8,picked
dyn_pax_2000,2762.0,2026-09-07 09:46:02,521766180#1,company|restaurant|bus_stop,,466.73410130235357,1169.2838037446552,37.502049542882666,127.02598608796039,,,,timeout
dyn_pax_2001,2762.0,2026-09-07 09:46:02,178441450#1,residential|company|restaurant|bus_stop,,282.90243066757296,609.4157395563556,37.496971320837204,127.02404044855805,,,,timeout
dyn_pax_2002,2763.0,2026-09-07 09:46:03,-417933646#1,residential|restaurant,,826.6019869456061,577.8075382253838,37.49678928421788,127.03019516859905,3144.0,381.0,taxi_respawn_3,picked
dyn_pax_2003,2764.0,2026-09-07 09:46:04,1229817205#1,residential|bus_stop,,631.6400080768872,572.7061575261558,37.49670653972221,127.02799208080955,,,,timeout
dyn_pax_2004,2765.0,2026-09-07 09:46:05,521770119#0,restaurant|bus_stop,,548.9831206778387,935.1148840516827,37.499955620541705,127.02697161236954,,,,timeout
dyn_pax_2005,2765.0,2026-09-07 09:46:05,-379232133,restaurant,,887.8909311741835,528.8139035551092,37.496359489964284,127.03089971288236,2812.0,47.0,taxi_8,picked
dyn_pax_2006,2767.0,2026-09-07 09:46:07,506191135#3,residential|company|restaurant|bus_stop,,238.79972345576414,789.4714057742513,37.49858497042428,127.023499044737,,,,timeout
dyn_pax_2007,2768.0,2026-09-07 09:46:08,1117538958#3,bus_stop,,160.18899290588462,540.6019911995099,37.49632820280781,127.02266936696756,,,,timeout
dyn_pax_2008,2770.0,2026-09-07 09:46:10,523141074#0,company|restaurant|subway_entrance,,524.0338794858329,871.4890157117229,37.4993777454413,127.02670460634431,2922.0,152.0,taxi_31,picked
dyn_pax_2009,2770.0,2026-09-07 09:46:10,-417933645#2,company|restaurant|subway_entrance,,701.1658676593129,719.5455833044954,37.49804244093877,127.02874337560036,,,,timeout
dyn_pax_2010,2771.0,2026-09-07 09:46:11,-541692164#2,subway_entrance,,317.7122087179151,1441.0296574375257,37.504469327730426,127.0242365566347,,,,timeout
dyn_pax_2011,2773.0,2026-09-07 09:46:13,-506191135#2,residential|bus_stop,,236.19733776439384,769.6838415951818,37.49840622577806,127.02347432089968,,,,timeout
dyn_pax_2012,2774.0,2026-09-07 09:46:14,1117538958#3,bus_stop,,160.18899290588462,540.6019911995099,37.49632820280781,127.02266936696756,,,,timeout
dyn_pax_2013,2776.0,2026-09-07 09:46:16,1117538957#3,restaurant|subway_entrance|bus_stop,,465.5082521847807,644.8780924026132,37.49732530507706,127.02609663221197,,,,timeout
dyn_pax_2014,2777.0,2026-09-07 09:46:17,541692164#1,subway_entrance,,271.6277521231475,1406.6420105391767,37.5041508337347,127.02372362926798,,,,timeout
dyn_pax_2015,2779.0,2026-09-07 09:46:19,541692164#1,subway_entrance,,271.6277521231475,1406.6420105391767,37.5041508337347,127.02372362926798,,,,timeout
dyn_pax_2016,2780.0,2026-09-07 09:46:20,1229817205#1,residential|bus_stop,,631.6400080768872,572.7061575261558,37.49670653972221,127.02799208080955,,,,timeout
dyn_pax_2017,2781.0,2026-09-07 09:46:21,218857636#1,residential|company|restaurant|bus_stop,,297.92905089287035,623.2061345250047,37.49709839153085,127.02420706961871,,,,timeout
dyn_pax_2018,2782.0,2026-09-07 09:46:22,218864491#0,restaurant|bus_stop,,769.9803916976219,760.1217113917903,37.49842094941813,127.02951181742357,,,,timeout
dyn_pax_2019,2782.0,2026-09-07 09:46:22,417933645#0,residential|restaurant,,823.1026288816429,385.61625104994533,37.49505730126708,127.03020109557775,3219.0,437.0,taxi_21,picked
dyn_pax_2020,2783.0,2026-09-07 09:46:23,1376141182#0,bus_stop,,385.7154046370183,1301.0311255965628,37.50322104370192,127.02503873135461,,,,timeout
dyn_pax_2021,2783.0,2026-09-07 09:46:23,-117790045#1,restaurant,,534.0975884889299,1266.9858058167179,37.502942402865294,127.02672459950128,2870.0,87.0,taxi_26,picked
dyn_pax_2022,2785.0,2026-09-07 09:46:25,521770116#2,company|restaurant|bus_stop,,432.3182248087171,1108.514093563608,37.50149560521279,127.02561136613096,3274.0,489.0,taxi_respawn_33,picked
dyn_pax_2023,2787.0,2026-09-07 09:46:27,-541692164#2,subway_entrance,,317.7122087179151,1441.0296574375257,37.504469327730426,127.0242365566347,,,,timeout
dyn_pax_2024,2788.0,2026-09-07 09:46:28,1229817205#0,company|subway_entrance|bus_stop,,599.2457558679199,652.2907550986157,37.497417346160496,127.02760695963683,3421.0,633.0,taxi_28,picked
dyn_pax_2025,2790.0,2026-09-07 09:46:30,375049565#6,restaurant|subway_entrance|bus_stop,,789.5153251748014,798.8522330112556,37.49877353199428,127.02972351946808,,,,timeout
dyn_pax_2026,2791.0,2026-09-07 09:46:31,521766180#1,company|restaurant|bus_stop,,466.73410130235357,1169.2838037446552,37.502049542882666,127.02598608796039,,,,timeout
dyn_pax_2027,2792.0,2026-09-07 09:46:32,129731857#1,residential|restaurant,,656.8212873140518,799.6615847813327,37.498755780674834,127.02822301071001,,,,timeout
dyn_pax_2028,2793.0,2026-09-07 09:46:33,521766182#1,company|restaurant|subway_entrance,,681.695169875507,539.6867345716422,37.496418539503196,127.02856584056028,,,,timeout
dyn_pax_2029,2794.0,2026-09-07 09:46:34,218857636#1,residential|company|restaurant|bus_stop,,297.92905089287035,623.2061345250047,37.49709839153085,127.02420706961871,,,,timeout
dyn_pax_2030,2795.0,2026-09-07 09:46:35,-117790031#1,restaurant,,730.7814463439225,1053.3410552584976,37.501054966737435,127.02899915797848,,,,timeout
dyn_pax_2031,2796.0,2026-09-07 09:46:36,975332778#1,bus_stop,,681.6099970732737,721.9380561808346,37.49806030190971,127.02852170075586,3105.0,309.0,taxi_30,picked
dyn_pax_2032,2797.0,2026-09-07 09:46:37,-506191135#22,residential|company|restaurant|bus_stop,,38.693950105848444,1321.9513167019495,37.50334380565249,127.02110990869835,,,,timeout
dyn_pax_2033,2799.0,2026-09-07 09:46:39,521766180#1,company|restaurant|bus_stop,,466.73410130235357,1169.2838037446552,37.502049542882666,127.02598608796039,,,,timeout
dyn_pax_2034,2800.0,2026-09-07 09:46:40,1117538957#3,restaurant|subway_entrance|bus_stop,,465.5082521847807,644.8780924026132,37.49732530507706,127.02609663221197,,,,timeout
dyn_pax_2035,2801.0,2026-09-07 09:46:41,-26163000#1,restaurant,,613.3034084576574,1234.0026207389662,37.50266024308643,127.02762801542576,,,,timeout
dyn_pax_2036,2802.0,2026-09-07 09:46:42,417933645#0,residential|restaurant,,823.1026288816429,385.61625104994533,37.49505730126708,127.03020109557775,,,,timeout
dyn_pax_2037,2803.0,2026-09-07 09:46:43,520307304#0,school|subway_entrance|bus_stop,,602.6035134310263,763.145495629718,37.498416594724866,127.02761864854104,,,,timeout
dyn_pax_2038,2804.0,2026-09-07 09:46:44,117823785#0,company|restaurant,,1360.8740206736493,851.0492627492013,37.499351351792384,127.0361713398344,2918.0,114.0,taxi_0,picked
dyn_pax_2039,2806.0,2026-09-07 09:46:46,1376141183#0,bus_stop,,548.2528111146681,901.2117688498424,37.49965007283687,127.02697139402301,,,,timeout
dyn_pax_2040,2808.0,2026-09-07 09:46:48,494824662#3,company|restaurant|subway_entrance,,729.424850252167,406.6843378518681,37.49522941823122,127.02913698209235,3321.0,513.0,taxi_respawn_10,picked
dyn_pax_2041,2809.0,2026-09-07 09:46:49,521766175#3,company|restaurant|subway_entrance|bus_stop,,373.6701172395771,1298.610217621072,37.50319695740621,127.02490310718325,,,,timeout
dyn_pax_2042,2810.0,2026-09-07 09:46:50,417933645#2,residential|company|restaurant,,757.7944798520502,568.4010952306102,37.496691568512986,127.02941943794849,,,,timeout
dyn_pax_2043,2811.0,2026-09-07 09:46:51,975332778#1,bus_stop,,681.6099970732737,721.9380561808346,37.49806030190971,127.02852170075586,3307.0,496.0,taxi_respawn_30,picked
dyn_pax_2044,2811.0,2026-09-07 09:46:51,-117790039#2,company|restaurant,,1017.0012393074795,990.846024966068,37.5005459641277,127.03225021068775,2840.0,29.0,taxi_respawn_3,picked
dyn_pax_2045,2811.0,2026-09-07 09:46:51,-129731858#1,restaurant,,779.3164249772793,838.8541978668718,37.49913195860003,127.0295987323456,2898.0,87.0,taxi_29,picked
dyn_pax_2046,2813.0,2026-09-07 09:46:53,520307304#0,school|subway_entrance|bus_stop,,602.6035134310263,763.145495629718,37.498416594724866,127.02761864854104,,,,timeout
dyn_pax_2047,2813.0,2026-09-07 09:46:53,129731852,restaurant,,626.5739131314494,885.3301415107766,37.499521799012015,127.0278607124155,3219.0,406.0,taxi_48,picked
dyn_pax_2048,2815.0,2026-09-07 09:46:55,117790041#2,restaurant,,441.66460303662666,1376.669936706078,37.50391299976682,127.0256534125234,,,,timeout
dyn_pax_2049,2816.0,2026-09-07 09:46:56,1117538957#3,restaurant|subway_entrance|bus_stop,,465.5082521847807,644.8780924026132,37.49732530507706,127.02609663221197,,,,timeout
dyn_pax_2050,2817.0,2026-09-07 09:46:57,1376141183#0,bus_stop,,548.2528111146681,901.2117688498424,37.49965007283687,127.02697139402301,,,,timeout
dyn_pax_2051,2817.0,2026-09-07 09:46:57,417750337#1,restaurant,,654.3039749436668,1311.1147669608317,37.50336263595113,127.02807333923603,,,,timeout
dyn_pax_2052,2819.0,2026-09-07 09:46:59,506191135#3,residential|company|restaurant|bus_stop,,238.79972345576414,789.4714057742513,37.49858497042428,127.023499044737,,,,timeout
dyn_pax_2053,2822.0,2026-09-07 09:47:02,-506191135#2,residential|bus_stop,,236.19733776439384,769.6838415951818,37.49840622577806,127.02347432089968,,,,timeout
dyn_pax_2054,2823.0,2026-09-07 09:47:03,218873820#0,restaurant|subway_entrance|bus_stop,,628.9829311132032,562.4061665928522,37.49661325243901,127.02796447999128,,,,timeout
dyn_pax_2055,2825.0,2026-09-07 09:47:05,-542367267#1,bus_stop,,247.51018316686128,1414.7184918773391,37.504219024473855,127.02344900430944,3317.0,492.0,taxi_respawn_1,picked
dyn_pax_2056,2825.0,2026-09-07 09:47:05,-256787796#4,restaurant,,620.2926176327408,895.5374521094307,37.49961256354246,127.02778727239327,3109.0,284.0,taxi_9,picked
dyn_pax_2057,2826.0,2026-09-07 09:47:06,218877837#2,company|restaurant|bus_stop,,479.4555212141038,978.0213907550284,37.500328997763305,127.02617530290202,3098.0,272.0,taxi_respawn_10,picked
dyn_pax_2058,2827.0,2026-09-07 09:47:07,-1011529829#3,residential|restaurant,,246.84006179949273,776.1178104815556,37.49846619888778,127.02359312469504,2931.0,104.0,taxi_49,picked
dyn_pax_2059,2828.0,2026-09-07 09:47:08,218864491#0,restaurant|bus_stop,,769.9803916976219,760.1217113917903,37.49842094941813,127.02951181742357,,,,timeout
dyn_pax_2060,2828.0,2026-09-07 09:47:08,129731859#6,restaurant,,984.8051641629477,982.1134039896856,37.50046123095764,127.0318882391282,2908.0,80.0,taxi_9,picked
dyn_pax_2061,2829.0,2026-09-07 09:47:09,523141074#0,company|restaurant|subway_entrance,,524.0338794858329,871.4890157117229,37.4993777454413,127.02670460634431,,,,timeout
dyn_pax_2062,2829.0,2026-09-07 09:47:09,-557469234,restaurant,,929.7298817515857,1030.9986809445256,37.50089122514563,127.03125394368278,2971.0,142.0,taxi_respawn_24,picked
dyn_pax_2063,2831.0,2026-09-07 09:47:11,218857636#1,residential|company|restaurant|bus_stop,,297.92905089287035,623.2061345250047,37.49709839153085,127.02420706961871,,,,timeout
dyn_pax_2064,2832.0,2026-09-07 09:47:12,218864491#0,restaurant|bus_stop,,769.9803916976219,760.1217113917903,37.49842094941813,127.02951181742357,,,,timeout
dyn_pax_2065,2834.0,2026-09-07 09:47:14,1117538958#3,bus_stop,,160.18899290588462,540.6019911995099,37.49632820280781,127.02266936696756,,,,timeout
dyn_pax_2066,2836.0,2026-09-07 09:47:16,1376141182#0,bus_stop,,385.7154046370183,1301.0311255965628,37.50322104370192,127.02503873135461,,,,timeout
dyn_pax_2067,2837.0,2026-09-07 09:47:17,375049565#6,restaurant|subway_entrance|bus_stop,,789.5153251748014,798.8522330112556,37.49877353199428,127.02972351946808,,,,timeout
dyn_pax_2068,2839.0,2026-09-07 09:47:19,-541692164#2,subway_entrance,,317.7122087179151,1441.0296574375257,37.504469327730426,127.0242365566347,,,,timeout
dyn_pax_2069,2840.0,2026-09-07 09:47:20,-504509918#2,company|restaurant|bus_stop,,398.9694242295193,827.4758220967593,37.49895762305832,127.02530099003066,3116.0,276.0,taxi_3,picked
dyn_pax_2070,2840.0,2026-09-07 09:47:20,129731859#4,restaurant,,948.3176585840322,968.5888771831698,37.50033252074231,127.03147887955224,3064.0,224.0,taxi_21,picked
dyn_pax_2071,2842.0,2026-09-07 09:47:22,506191135#3,residential|company|restaurant|bus_stop,,238.79972345576414,789.4714057742513,37.49858497042428,127.023499044737,,,,timeout
dyn_pax_2072,2842.0,2026-09-07 09:47:22,129731857#1,residential|restaurant,,656.8212873140518,799.6615847813327,37.498755780674834,127.02822301071001,,,,timeout
dyn_pax_2073,2843.0,2026-09-07 09:47:23,1117538958#3,bus_stop,,160.18899290588462,540.6019911995099,37.49632820280781,127.02266936696756,,,,timeout
dyn_pax_2074,2844.0,2026-09-07 09:47:24,504512001,restaurant,,488.2111633916996,684.0143948730154,37.497682147346794,127.02634403725544,,,,timeout
dyn_pax_2075,2845.0,2026-09-07 09:47:25,417933642#0,restaurant|bus_stop,,1041.0954363710525,463.30841921497654,37.49579826441859,127.03264736696761,,,,timeout
dyn_pax_2076,2846.0,2026-09-07 09:47:26,375049565#6,restaurant|subway_entrance|bus_stop,,789.5153251748014,798.8522330112556,37.49877353199428,127.02972351946808,,,,timeout
dyn_pax_2077,2848.0,2026-09-07 09:47:28,375049565#6,restaurant|subway_entrance|bus_stop,,789.5153251748014,798.8522330112556,37.49877353199428,127.02972351946808,,,,timeout
dyn_pax_2078,2848.0,2026-09-07 09:47:28,-26163000#3,restaurant,,588.7487146070255,1286.0705793093782,37.50312464930957,127.02733802606956,2902.0,54.0,taxi_48,picked
dyn_pax_2079,2849.0,2026-09-07 09:47:29,1117538957#3,restaurant|subway_entrance|bus_stop,,465.5082521847807,644.8780924026132,37.49732530507706,127.02609663221197,,,,timeout
dyn_pax_2080,2849.0,2026-09-07 09:47:29,1056882877#3,residential|company|restaurant,,365.79280968467333,433.0557487307964,37.495398294451746,127.02501948586043,2881.0,32.0,taxi_12,picked
dyn_pax_2081,2849.0,2026-09-07 09:47:29,129731720#0,residential|company|restaurant,,292.10678712231254,1113.150773394943,37.50151085547559,127.02402489828896,3145.0,296.0,taxi_18,picked
dyn_pax_2082,2850.0,2026-09-07 09:47:30,521770116#2,company|restaurant|bus_stop,,432.3182248087171,1108.514093563608,37.50149560521279,127.02561136613096,3378.0,528.0,taxi_49,picked
dyn_pax_2083,2851.0,2026-09-07 09:47:31,1117538957#3,restaurant|subway_entrance|bus_stop,,465.5082521847807,644.8780924026132,37.49732530507706,127.02609663221197,,,,timeout
dyn_pax_2084,2852.0,2026-09-07 09:47:32,521770116#2,company|restaurant|bus_stop,,432.3182248087171,1108.514093563608,37.50149560521279,127.02561136613096,3290.0,438.0,taxi_18,picked
dyn_pax_2085,2854.0,2026-09-07 09:47:34,178441450#1,residential|company|restaurant|bus_stop,,282.90243066757296,609.4157395563556,37.496971320837204,127.02404044855805,3384.0,530.0,taxi_37,picked
dyn_pax_2086,2855.0,2026-09-07 09:47:35,417933642#0,restaurant|bus_stop,,1041.0954363710525,463.30841921497654,37.49579826441859,127.03264736696761,,,,timeout
dyn_pax_2087,2857.0,2026-09-07 09:47:37,521766180#1,company|restaurant|bus_stop,,466.73410130235357,1169.2838037446552,37.502049542882666,127.02598608796039,,,,timeout
dyn_pax_2088,2857.0,2026-09-07 09:47:37,506191135#3,residential|company|restaurant|bus_stop,,238.79972345576414,789.4714057742513,37.49858497042428,127.023499044737,,,,timeout
dyn_pax_2089,2857.0,2026-09-07 09:47:37,117790051#4,restaurant,,495.1920534812603,1378.4842065286966,37.50393946166789,127.02625823552458,3096.0,239.0,taxi_respawn_21,picked
dyn_pax_2090,2859.0,2026-09-07 09:47:39,541692164#1,subway_entrance,,271.6277521231475,1406.6420105391767,37.5041508337347,127.02372362926798,,,,timeout
dyn_pax_2091,2860.0,2026-09-07 09:47:40,521766180#1,company|restaurant|bus_stop,,466.73410130235357,1169.2838037446552,37.502049542882666,127.02598608796039,,,,timeout
dyn_pax_2092,2861.0,2026-09-07 09:47:41,219837933#0,residential|company,,49.0199205680682,1328.1480294371383,37.503401583976704,127.02122519296726,3119.0,258.0,taxi_32,picked
dyn_pax_2093,2863.0,2026-09-07 09:47:43,1117538957#3,restaurant|subway_entrance|bus_stop,,465.5082521847807,644.8780924026132,37.49732530507706,127.02609663221197,,,,timeout
dyn_pax_2094,2865.0,2026-09-07 09:47:45,1229817205#0,company|subway_entrance|bus_stop,,599.2457558679199,652.2907550986157,37.497417346160496,127.02760695963683,3343.0,478.0,taxi_47,picked
dyn_pax_2095,2866.0,2026-09-07 09:47:46,375049565#6,restaurant|subway_entrance|bus_stop,,789.5153251748014,798.8522330112556,37.49877353199428,127.02972351946808,,,,timeout
dyn_pax_2096,2866.0,2026-09-07 09:47:46,1229817205#0,company|subway_entrance|bus_stop,,599.2457558679199,652.2907550986157,37.497417346160496,127.02760695963683,,,,timeout
dyn_pax_2097,2868.0,2026-09-07 09:47:48,1229817205#1,residential|bus_stop,,631.6400080768872,572.7061575261558,37.49670653972221,127.02799208080955,,,,timeout
dyn_pax_2098,2869.0,2026-09-07 09:47:49,375049565#6,restaurant|subway_entrance|bus_stop,,789.5153251748014,798.8522330112556,37.49877353199428,127.02972351946808,,,,timeout
dyn_pax_2099,2869.0,2026-09-07 09:47:49,218873820#0,restaurant|subway_entrance|bus_stop,,628.9829311132032,562.4061665928522,37.49661325243901,127.02796447999128,,,,timeout
dyn_pax_2100,2871.0,2026-09-07 09:47:51,521770119#1,restaurant|bus_stop,,527.3115514435282,995.8620162900467,37.50049875494786,127.02671217090477,3353.0,482.0,taxi_46,picked
dyn_pax_2101,2871.0,2026-09-07 09:47:51,129731859#3,restaurant,,873.6090416568148,941.272009001338,37.50007235670303,127.03064062663523,3049.0,178.0,taxi_48,picked
dyn_pax_2102,2872.0,2026-09-07 09:47:52,218864491#0,restaurant|bus_stop,,769.9803916976219,760.1217113917903,37.49842094941813,127.02951181742357,,,,timeout
dyn_pax_2103,2874.0,2026-09-07 09:47:54,521770119#0,restaurant|bus_stop,,548.9831206778387,935.1148840516827,37.499955620541705,127.02697161236954,,,,timeout
dyn_pax_2104,2875.0,2026-09-07 09:47:55,521766182#1,company|restaurant|subway_entrance,,681.695169875507,539.6867345716422,37.496418539503196,127.02856584056028,3391.0,516.0,taxi_7,picked
dyn_pax_2105,2876.0,2026-09-07 09:47:56,129731721#0,company|restaurant,,451.4485582282947,673.334514427724,37.497578992002325,127.0259309178301,3369.0,493.0,taxi_4,picked
dyn_pax_2106,2877.0,2026-09-07 09:47:57,1376141183#0,bus_stop,,548.2528111146681,901.2117688498424,37.49965007283687,127.02697139402301,,,,timeout
dyn_pax_2107,2878.0,2026-09-07 09:47:58,541692164#1,subway_entrance,,271.6277521231475,1406.6420105391767,37.5041508337347,127.02372362926798,,,,timeout
dyn_pax_2108,2880.0,2026-09-07 09:48:00,521766175#3,company|restaurant|subway_entrance|bus_stop,,373.6701172395771,1298.610217621072,37.50319695740621,127.02490310718325,3333.0,453.0,taxi_respawn_17,picked
dyn_pax_2109,2880.0,2026-09-07 09:48:00,504227067#0,restaurant,,638.7551174354396,526.833121212444,37.49629464408366,127.02808339614947,3320.0,440.0,taxi_respawn_2,picked
dyn_pax_2110,2881.0,2026-09-07 09:48:01,1117538958#3,bus_stop,,160.18899290588462,540.6019911995099,37.49632820280781,127.02266936696756,3363.0,482.0,taxi_6,picked
dyn_pax_2111,2885.0,2026-09-07 09:48:05,1117538957#3,restaurant|subway_entrance|bus_stop,,465.5082521847807,644.8780924026132,37.49732530507706,127.02609663221197,,,,timeout
dyn_pax_2112,2888.0,2026-09-07 09:48:08,305539406,company|restaurant|subway_entrance,,566.389495917364,736.5285064605782,37.49816998085155,127.02721550408178,3280.0,392.0,taxi_10,picked
dyn_pax_2113,2889.0,2026-09-07 09:48:09,218864491#0,restaurant|bus_stop,,769.9803916976219,760.1217113917903,37.49842094941813,127.02951181742357,,,,timeout
dyn_pax_2114,2891.0,2026-09-07 09:48:11,1229817205#0,company|subway_entrance|bus_stop,,599.2457558679199,652.2907550986157,37.497417346160496,127.02760695963683,,,,timeout
dyn_pax_2115,2892.0,2026-09-07 09:48:12,506191135#3,residential|company|restaurant|bus_stop,,238.79972345576414,789.4714057742513,37.49858497042428,127.023499044737,,,,timeout
dyn_pax_2116,2894.0,2026-09-07 09:48:14,218864491#0,restaurant|bus_stop,,769.9803916976219,760.1217113917903,37.49842094941813,127.02951181742357,,,,timeout
dyn_pax_2117,2895.0,2026-09-07 09:48:15,-504509918#2,company|restaurant|bus_stop,,398.9694242295193,827.4758220967593,37.49895762305832,127.02530099003066,3294.0,399.0,taxi_respawn_34,picked
dyn_pax_2118,2897.0,2026-09-07 09:48:17,-542367267#1,bus_stop,,247.51018316686128,1414.7184918773391,37.504219024473855,127.02344900430944,3383.0,486.0,taxi_16,picked
dyn_pax_2119,2898.0,2026-09-07 09:48:18,521766182#1,company|restaurant|subway_entrance,,681.695169875507,539.6867345716422,37.496418539503196,127.02856584056028,,,,timeout
dyn_pax_2120,2899.0,2026-09-07 09:48:19,506191135#3,residential|company|restaurant|bus_stop,,238.79972345576414,789.4714057742513,37.49858497042428,127.023499044737,,,,timeout
dyn_pax_2121,2900.0,2026-09-07 09:48:20,520307304#0,school|subway_entrance|bus_stop,,602.6035134310263,763.145495629718,37.498416594724866,127.02761864854104,,,,timeout
dyn_pax_2122,2901.0,2026-09-07 09:48:21,375049565#6,restaurant|subway_entrance|bus_stop,,789.5153251748014,798.8522330112556,37.49877353199428,127.02972351946808,,,,timeout
dyn_pax_2123,2903.0,2026-09-07 09:48:23,520307304#0,school|subway_entrance|bus_stop,,602.6035134310263,763.145495629718,37.498416594724866,127.02761864854104,,,,timeout
dyn_pax_2124,2904.0,2026-09-07 09:48:24,521766182#1,company|restaurant|subway_entrance,,681.695169875507,539.6867345716422,37.496418539503196,127.02856584056028,,,,timeout
dyn_pax_2125,2905.0,2026-09-07 09:48:25,129731721#0,company|restaurant,,451.4485582282947,673.334514427724,37.497578992002325,127.0259309178301,3377.0,472.0,taxi_respawn_35,picked
dyn_pax_2126,2906.0,2026-09-07 09:48:26,521766175#1,company|restaurant|subway_entrance,,332.9365590021661,1411.5585828157227,37.504206724109,127.02441570308932,,,,timeout
dyn_pax_2127,2909.0,2026-09-07 09:48:29,375049565#6,restaurant|subway_entrance|bus_stop,,789.5153251748014,798.8522330112556,37.49877353199428,127.02972351946808,,,,timeout
dyn_pax_2128,2911.0,2026-09-07 09:48:31,523141074#0,company|restaurant|subway_entrance,,524.0338794858329,871.4890157117229,37.4993777454413,127.02670460634431,,,,timeout
dyn_pax_2129,2911.0,2026-09-07 09:48:31,-913950883#1,residential|company|restaurant,,391.36286393582424,840.6655979518604,37.49907500229157,127.0252118555046,3070.0,159.0,taxi_10,picked
dyn_pax_2130,2912.0,2026-09-07 09:48:32,-504509918#2,company|restaurant|bus_stop,,398.9694242295193,827.4758220967593,37.49895762305832,127.02530099003066,3303.0,391.0,taxi_25,picked
dyn_pax_2131,2912.0,2026-09-07 09:48:32,-913950883#1,residential|company|restaurant,,391.36286393582424,840.6655979518604,37.49907500229157,127.0252118555046,,,,timeout
dyn_pax_2132,2914.0,2026-09-07 09:48:34,-506191135#2,residential|bus_stop,,236.19733776439384,769.6838415951818,37.49840622577806,127.02347432089968,3363.0,449.0,taxi_respawn_13,picked
dyn_pax_2133,2914.0,2026-09-07 09:48:34,-1056882877#5,company|restaurant,,302.41102899925136,583.0415396467946,37.496737424712585,127.0242672800979,2938.0,24.0,taxi_respawn_5,picked
dyn_pax_2134,2914.0,2026-09-07 09:48:34,26163000#0,restaurant,,655.1679463942612,1215.3400880972458,37.50250003106797,127.02810580802628,,,,timeout
dyn_pax_2135,2915.0,2026-09-07 09:48:35,521770119#0,restaurant|bus_stop,,548.9831206778387,935.1148840516827,37.499955620541705,127.02697161236954,,,,timeout
dyn_pax_2136,2916.0,2026-09-07 09:48:36,-379232133,restaurant,,887.8909311741835,528.8139035551092,37.496359489964284,127.03089971288236,,,,timeout
dyn_pax_2137,2917.0,2026-09-07 09:48:37,521770116#2,company|restaurant|bus_stop,,432.3182248087171,1108.514093563608,37.50149560521279,127.02561136613096,3541.0,624.0,taxi_23,picked
dyn_pax_2138,2918.0,2026-09-07 09:48:38,-506191135#2,residential|bus_stop,,236.19733776439384,769.6838415951818,37.49840622577806,127.02347432089968,,,,timeout
dyn_pax_2139,2918.0,2026-09-07 09:48:38,-506191135#22,residential|company|restaurant|bus_stop,,38.693950105848444,1321.9513167019495,37.50334380565249,127.02110990869835,,,,timeout
dyn_pax_2140,2918.0,2026-09-07 09:48:38,-504227066#3,restaurant,,449.3214735737982,636.1754008755333,37.497243849267164,127.02591568328045,2990.0,72.0,taxi_47,picked
dyn_pax_2141,2920.0,2026-09-07 09:48:40,1117538957#3,restaurant|subway_entrance|bus_stop,,465.5082521847807,644.8780924026132,37.49732530507706,127.02609663221197,,,,timeout
dyn_pax_2142,2921.0,2026-09-07 09:48:41,521770119#1,restaurant|bus_stop,,527.3115514435282,995.8620162900467,37.50049875494786,127.02671217090477,,,,timeout
dyn_pax_2143,2923.0,2026-09-07 09:48:43,1229817205#0,company|subway_entrance|bus_stop,,599.2457558679199,652.2907550986157,37.497417346160496,127.02760695963683,,,,unpicked
dyn_pax_2144,2924.0,2026-09-07 09:48:44,1229817205#0,company|subway_entrance|bus_stop,,599.2457558679199,652.2907550986157,37.497417346160496,127.02760695963683,,,,timeout
dyn_pax_2145,2924.0,2026-09-07 09:48:44,1229817205#0,company|subway_entrance|bus_stop,,599.2457558679199,652.2907550986157,37.497417346160496,127.02760695963683,,,,timeout
dyn_pax_2146,2926.0,2026-09-07 09:48:46,375049565#6,restaurant|subway_entrance|bus_stop,,789.5153251748014,798.8522330112556,37.49877353199428,127.02972351946808,,,,timeout
dyn_pax_2147,2927.0,2026-09-07 09:48:47,178441450#1,residential|company|restaurant|bus_stop,,282.90243066757296,609.4157395563556,37.496971320837204,127.02404044855805,3395.0,468.0,taxi_respawn_29,picked
dyn_pax_2148,2928.0,2026-09-07 09:48:48,521770116#2,company|restaurant|bus_stop,,432.3182248087171,1108.514093563608,37.50149560521279,127.02561136613096,,,,timeout
dyn_pax_2149,2929.0,2026-09-07 09:48:49,975332778#1,bus_stop,,681.6099970732737,721.9380561808346,37.49806030190971,127.02852170075586,,,,timeout
dyn_pax_2150,2931.0,2026-09-07 09:48:51,1376141182#0,bus_stop,,385.7154046370183,1301.0311255965628,37.50322104370192,127.02503873135461,,,,timeout
dyn_pax_2151,2932.0,2026-09-07 09:48:52,521766175#3,company|restaurant|subway_entrance|bus_stop,,373.6701172395771,1298.610217621072,37.50319695740621,127.02490310718325,3425.0,493.0,taxi_14,picked
dyn_pax_2152,2934.0,2026-09-07 09:48:54,218877837#2,company|restaurant|bus_stop,,479.4555212141038,978.0213907550284,37.500328997763305,127.02617530290202,3361.0,427.0,taxi_respawn_20,picked
dyn_pax_2153,2935.0,2026-09-07 09:48:55,218873820#0,restaurant|subway_entrance|bus_stop,,628.9829311132032,562.4061665928522,37.49661325243901,127.02796447999128,,,,timeout
dyn_pax_2154,2935.0,2026-09-07 09:48:55,506191135#3,residential|company|restaurant|bus_stop,,238.79972345576414,789.4714057742513,37.49858497042428,127.023499044737,3465.0,530.0,taxi_35,picked
dyn_pax_2155,2935.0,2026-09-07 09:48:55,521766175#1,company|restaurant|subway_entrance,,332.9365590021661,1411.5585828157227,37.504206724109,127.02441570308932,,,,timeout
dyn_pax_2156,2937.0,2026-09-07 09:48:57,375049565#6,restaurant|subway_entrance|bus_stop,,789.5153251748014,798.8522330112556,37.49877353199428,127.02972351946808,,,,timeout
dyn_pax_2157,2938.0,2026-09-07 09:48:58,521766180#1,company|restaurant|bus_stop,,466.73410130235357,1169.2838037446552,37.502049542882666,127.02598608796039,,,,timeout
dyn_pax_2158,2940.0,2026-09-07 09:49:00,521770119#1,restaurant|bus_stop,,527.3115514435282,995.8620162900467,37.50049875494786,127.02671217090477,,,,timeout
dyn_pax_2159,2941.0,2026-09-07 09:49:01,521766175#3,company|restaurant|subway_entrance|bus_stop,,373.6701172395771,1298.610217621072,37.50319695740621,127.02490310718325,,,,timeout
dyn_pax_2160,2942.0,2026-09-07 09:49:02,417750342#0,residential,,845.3624953099543,1340.16590884019,37.50366039527634,127.03022681464076,3069.0,127.0,taxi_respawn_18,picked
dyn_pax_2161,2943.0,2026-09-07 09:49:03,523141074#0,company|restaurant|subway_entrance,,524.0338794858329,871.4890157117229,37.4993777454413,127.02670460634431,,,,timeout
dyn_pax_2162,2943.0,2026-09-07 09:49:03,-506191135#22,residential|company|restaurant|bus_stop,,38.693950105848444,1321.9513167019495,37.50334380565249,127.02110990869835,,,,timeout
dyn_pax_2163,2944.0,2026-09-07 09:49:04,494824662#3,company|restaurant|subway_entrance,,729.424850252167,406.6843378518681,37.49522941823122,127.02913698209235,,,,timeout
dyn_pax_2164,2944.0,2026-09-07 09:49:04,-129731721#2,company|restaurant,,388.6558839574922,820.9778890483499,37.49889713764622,127.02518592115393,,,,timeout
dyn_pax_2165,2946.0,2026-09-07 09:49:06,-506191135#2,residential|bus_stop,,236.19733776439384,769.6838415951818,37.49840622577806,127.02347432089968,,,,timeout
dyn_pax_2166,2946.0,2026-09-07 09:49:06,-256787796#1,restaurant,,578.741609978934,1014.5790766049616,37.500677080058935,127.02728924469663,3110.0,164.0,taxi_respawn_23,picked
dyn_pax_2167,2947.0,2026-09-07 09:49:07,417933642#0,restaurant|bus_stop,,1041.0954363710525,463.30841921497654,37.49579826441859,127.03264736696761,,,,timeout
dyn_pax_2168,2948.0,2026-09-07 09:49:08,129731720#0,residential|company|restaurant,,292.10678712231254,1113.150773394943,37.50151085547559,127.02402489828896,3069.0,121.0,taxi_39,picked
dyn_pax_2169,2949.0,2026-09-07 09:49:09,-417933645#2,company|restaurant|subway_entrance,,701.1658676593129,719.5455833044954,37.49804244093877,127.02874337560036,,,,timeout
dyn_pax_2170,2950.0,2026-09-07 09:49:10,218857636#1,residential|company|restaurant|bus_stop,,297.92905089287035,623.2061345250047,37.49709839153085,127.02420706961871,,,,timeout
dyn_pax_2171,2950.0,2026-09-07 09:49:10,218877837#2,company|restaurant|bus_stop,,479.4555212141038,978.0213907550284,37.500328997763305,127.02617530290202,3376.0,426.0,taxi_18,picked
dyn_pax_2172,2952.0,2026-09-07 09:49:12,-504509918#2,company|restaurant|bus_stop,,398.9694242295193,827.4758220967593,37.49895762305832,127.02530099003066,3382.0,430.0,taxi_respawn_3,picked
dyn_pax_2173,2953.0,2026-09-07 09:49:13,523141074#0,company|restaurant|subway_entrance,,524.0338794858329,871.4890157117229,37.4993777454413,127.02670460634431,,,,timeout
dyn_pax_2174,2955.0,2026-09-07 09:49:15,521766175#3,company|restaurant|subway_entrance|bus_stop,,373.6701172395771,1298.610217621072,37.50319695740621,127.02490310718325,,,,timeout
dyn_pax_2175,2956.0,2026-09-07 09:49:16,129731857#2,company,,789.9847076009492,845.2662126154856,37.499191732762846,127.02971783662417,3131.0,175.0,taxi_43,picked
dyn_pax_2176,2957.0,2026-09-07 09:49:17,375049565#6,restaurant|subway_entrance|bus_stop,,789.5153251748014,798.8522330112556,37.49877353199428,127.02972351946808,,,,timeout
dyn_pax_2177,2958.0,2026-09-07 09:49:18,521766175#1,company|restaurant|subway_entrance,,332.9365590021661,1411.5585828157227,37.504206724109,127.02441570308932,,,,timeout
dyn_pax_2178,2958.0,2026-09-07 09:49:18,1056882877#3,residential|company|restaurant,,365.79280968467333,433.0557487307964,37.495398294451746,127.02501948586043,3039.0,81.0,taxi_12,picked
dyn_pax_2179,2960.0,2026-09-07 09:49:20,521766175#3,company|restaurant|subway_entrance|bus_stop,,373.6701172395771,1298.610217621072,37.50319695740621,127.02490310718325,,,,timeout
dyn_pax_2180,2961.0,2026-09-07 09:49:21,480850873,company|restaurant|bus_stop,,548.1935052770749,708.5896639848544,37.49791486187585,127.0270163956136,3222.0,261.0,taxi_19,picked
dyn_pax_2181,2963.0,2026-09-07 09:49:23,417933642#0,restaurant|bus_stop,,1041.0954363710525,463.30841921497654,37.49579826441859,127.03264736696761,,,,timeout
dyn_pax_2182,2964.0,2026-09-07 09:49:24,521766175#1,company|restaurant|subway_entrance,,332.9365590021661,1411.5585828157227,37.504206724109,127.02441570308932,,,,timeout
dyn_pax_2183,2966.0,2026-09-07 09:49:26,1117538958#3,bus_stop,,160.18899290588462,540.6019911995099,37.49632820280781,127.02266936696756,3453.0,487.0,taxi_3,picked
dyn_pax_2184,2967.0,2026-09-07 09:49:27,520307304#0,school|subway_entrance|bus_stop,,602.6035134310263,763.145495629718,37.498416594724866,127.02761864854104,,,,timeout
dyn_pax_2185,2969.0,2026-09-07 09:49:29,523141074#0,company|restaurant|subway_entrance,,524.0338794858329,871.4890157117229,37.4993777454413,127.02670460634431,,,,timeout
dyn_pax_2186,2970.0,2026-09-07 09:49:30,1229817205#0,company|subway_entrance|bus_stop,,599.2457558679199,652.2907550986157,37.497417346160496,127.02760695963683,,,,timeout
dyn_pax_2187,2972.0,2026-09-07 09:49:32,1376141182#0,bus_stop,,385.7154046370183,1301.0311255965628,37.50322104370192,127.02503873135461,,,,timeout
dyn_pax_2188,2973.0,2026-09-07 09:49:33,521770116#2,company|restaurant|bus_stop,,432.3182248087171,1108.514093563608,37.50149560521279,127.02561136613096,,,,timeout
dyn_pax_2189,2976.0,2026-09-07 09:49:36,480850873,company|restaurant|bus_stop,,548.1935052770749,708.5896639848544,37.49791486187585,127.0270163956136,3233.0,257.0,taxi_14,picked
dyn_pax_2190,2978.0,2026-09-07 09:49:38,305539406,company|restaurant|subway_entrance,,566.389495917364,736.5285064605782,37.49816998085155,127.02721550408178,3298.0,320.0,taxi_27,picked
dyn_pax_2191,2979.0,2026-09-07 09:49:39,-417750337#1,restaurant,,620.0756768942672,1248.4347545200121,37.5027915312318,127.02770116938098,,,,timeout
dyn_pax_2192,2980.0,2026-09-07 09:49:40,-417933645#2,company|restaurant|subway_entrance,,701.1658676593129,719.5455833044954,37.49804244093877,127.02874337560036,,,,timeout
dyn_pax_2193,2981.0,2026-09-07 09:49:41,-417933645#2,company|restaurant|subway_entrance,,701.1658676593129,719.5455833044954,37.49804244093877,127.02874337560036,,,,timeout
dyn_pax_2194,2983.0,2026-09-07 09:49:43,521766175#1,company|restaurant|subway_entrance,,332.9365590021661,1411.5585828157227,37.504206724109,127.02441570308932,,,,timeout
dyn_pax_2195,2986.0,2026-09-07 09:49:46,375049565#6,restaurant|subway_entrance|bus_stop,,789.5153251748014,798.8522330112556,37.49877353199428,127.02972351946808,,,,timeout
dyn_pax_2196,2987.0,2026-09-07 09:49:47,305539406,company|restaurant|subway_entrance,,566.389495917364,736.5285064605782,37.49816998085155,127.02721550408178,3329.0,342.0,taxi_30,picked
dyn_pax_2197,2987.0,2026-09-07 09:49:47,521770119#0,restaurant|bus_stop,,548.9831206778387,935.1148840516827,37.499955620541705,127.02697161236954,,,,timeout
dyn_pax_2198,2987.0,2026-09-07 09:49:47,-417933646#4,company|restaurant,,761.9867537178288,747.7080569325292,37.49830761500862,127.02942437673002,3263.0,276.0,taxi_31,picked
dyn_pax_2199,2988.0,2026-09-07 09:49:48,379232155,restaurant,,946.0567570824509,480.05346239194995,37.49593120335224,127.03156888346594,,,,timeout
dyn_pax_2200,2989.0,2026-09-07 09:49:49,1229817205#0,company|subway_entrance|bus_stop,,599.2457558679199,652.2907550986157,37.497417346160496,127.02760695963683,,,,timeout
dyn_pax_2201,2989.0,2026-09-07 09:49:49,379463124,restaurant,,554.9909183636056,1244.5663744100702,37.50274438945946,127.02696616135114,3017.0,28.0,taxi_33,picked
dyn_pax_2202,2990.0,2026-09-07 09:49:50,218864491#0,restaurant|bus_stop,,769.9803916976219,760.1217113917903,37.49842094941813,127.02951181742357,,,,timeout
dyn_pax_2203,2992.0,2026-09-07 09:49:52,480850873,company|restaurant|bus_stop,,548.1935052770749,708.5896639848544,37.49791486187585,127.0270163956136,3247.0,255.0,taxi_respawn_26,picked
dyn_pax_2204,2993.0,2026-09-07 09:49:53,521766175#1,company|restaurant|subway_entrance,,332.9365590021661,1411.5585828157227,37.504206724109,127.02441570308932,,,,timeout
dyn_pax_2205,2993.0,2026-09-07 09:49:53,375049565#6,restaurant|subway_entrance|bus_stop,,789.5153251748014,798.8522330112556,37.49877353199428,127.02972351946808,,,,timeout
dyn_pax_2206,2994.0,2026-09-07 09:49:54,-417750336#3,school|company,,868.1859178511071,948.5147012398835,37.50013657861005,127.03057759421064,,,,timeout
dyn_pax_2207,2995.0,2026-09-07 09:49:55,417933642#0,restaurant|bus_stop,,1041.0954363710525,463.30841921497654,37.49579826441859,127.03264736696761,,,,timeout
dyn_pax_2208,2996.0,2026-09-07 09:49:56,521766175#3,company|restaurant|subway_entrance|bus_stop,,373.6701172395771,1298.610217621072,37.50319695740621,127.02490310718325,,,,timeout
dyn_pax_2209,2998.0,2026-09-07 09:49:58,-506191135#2,residential|bus_stop,,236.19733776439384,769.6838415951818,37.49840622577806,127.02347432089968,,,,timeout
dyn_pax_2210,2999.0,2026-09-07 09:49:59,218877837#2,company|restaurant|bus_stop,,479.4555212141038,978.0213907550284,37.500328997763305,127.02617530290202,,,,timeout
dyn_pax_2211,3001.0,2026-09-07 09:50:01,375049565#6,restaurant|subway_entrance|bus_stop,,789.5153251748014,798.8522330112556,37.49877353199428,127.02972351946808,,,,timeout
dyn_pax_2212,3003.0,2026-09-07 09:50:03,521766180#1,company|restaurant|bus_stop,,466.73410130235357,1169.2838037446552,37.502049542882666,127.02598608796039,,,,timeout
dyn_pax_2213,3004.0,2026-09-07 09:50:04,218864491#0,restaurant|bus_stop,,769.9803916976219,760.1217113917903,37.49842094941813,127.02951181742357,,,,timeout
dyn_pax_2214,3005.0,2026-09-07 09:50:05,129731720#0,residential|company|restaurant,,292.10678712231254,1113.150773394943,37.50151085547559,127.02402489828896,3226.0,221.0,taxi_42,picked
dyn_pax_2215,3006.0,2026-09-07 09:50:06,218873820#0,restaurant|subway_entrance|bus_stop,,628.9829311132032,562.4061665928522,37.49661325243901,127.02796447999128,,,,timeout
dyn_pax_2216,3007.0,2026-09-07 09:50:07,523141074#0,company|restaurant|subway_entrance,,524.0338794858329,871.4890157117229,37.4993777454413,127.02670460634431,3542.0,535.0,taxi_4,picked
dyn_pax_2217,3008.0,2026-09-07 09:50:08,309155295#3,restaurant,,868.2249250208004,595.011595969151,37.496952113096654,127.03066169877924,3027.0,19.0,taxi_respawn_2,picked
dyn_pax_2218,3009.0,2026-09-07 09:50:09,1229817205#0,company|subway_entrance|bus_stop,,599.2457558679199,652.2907550986157,37.497417346160496,127.02760695963683,,,,timeout
dyn_pax_2219,3010.0,2026-09-07 09:50:10,417933642#0,restaurant|bus_stop,,1041.0954363710525,463.30841921497654,37.49579826441859,127.03264736696761,,,,timeout
dyn_pax_2220,3010.0,2026-09-07 09:50:10,504227065,company,,441.32681628575455,666.8408278135128,37.497518581743364,127.0258180180219,3062.0,52.0,taxi_28,picked
dyn_pax_2221,3012.0,2026-09-07 09:50:12,1376141183#0,bus_stop,,548.2528111146681,901.2117688498424,37.49965007283687,127.02697139402301,,,,timeout
dyn_pax_2222,3013.0,2026-09-07 09:50:13,417933642#0,restaurant|bus_stop,,1041.0954363710525,463.30841921497654,37.49579826441859,127.03264736696761,,,,timeout
dyn_pax_2223,3013.0,2026-09-07 09:50:13,504227069,residential|restaurant,,587.1158993285404,291.7776336445087,37.494167438547194,127.02755526357365,,,,timeout
dyn_pax_2224,3015.0,2026-09-07 09:50:15,417933642#0,restaurant|bus_stop,,1041.0954363710525,463.30841921497654,37.49579826441859,127.03264736696761,,,,timeout
dyn_pax_2225,3016.0,2026-09-07 09:50:16,521770119#0,restaurant|bus_stop,,548.9831206778387,935.1148840516827,37.499955620541705,127.02697161236954,,,,timeout
dyn_pax_2226,3018.0,2026-09-07 09:50:18,521770116#2,company|restaurant|bus_stop,,432.3182248087171,1108.514093563608,37.50149560521279,127.02561136613096,3517.0,499.0,taxi_21,picked
dyn_pax_2227,3018.0,2026-09-07 09:50:18,417933645#0,residential|restaurant,,823.1026288816429,385.61625104994533,37.49505730126708,127.03020109557775,3417.0,399.0,taxi_respawn_31,picked
dyn_pax_2228,3019.0,2026-09-07 09:50:19,1229817205#1,residential|bus_stop,,631.6400080768872,572.7061575261558,37.49670653972221,127.02799208080955,3417.0,398.0,taxi_19,picked
dyn_pax_2229,3021.0,2026-09-07 09:50:21,218873820#0,restaurant|subway_entrance|bus_stop,,628.9829311132032,562.4061665928522,37.49661325243901,127.02796447999128,,,,timeout
dyn_pax_2230,3022.0,2026-09-07 09:50:22,-504509918#2,company|restaurant|bus_stop,,398.9694242295193,827.4758220967593,37.49895762305832,127.02530099003066,3472.0,450.0,taxi_respawn_28,picked
dyn_pax_2231,3023.0,2026-09-07 09:50:23,117790045#2,restaurant,,537.9561568342307,1283.7183624175188,37.50309386389003,127.02676426064505,3217.0,194.0,taxi_respawn_21,picked
dyn_pax_2232,3024.0,2026-09-07 09:50:24,520307304#0,school|subway_entrance|bus_stop,,602.6035134310263,763.145495629718,37.498416594724866,127.02761864854104,,,,timeout
dyn_pax_2233,3025.0,2026-09-07 09:50:25,178441450#1,residential|company|restaurant|bus_stop,,282.90243066757296,609.4157395563556,37.496971320837204,127.02404044855805,,,,timeout
dyn_pax_2234,3025.0,2026-09-07 09:50:25,-379463134#2,restaurant,,527.5499142349145,1277.2476095039178,37.503033607059436,127.02664812966836,3048.0,23.0,taxi_respawn_1,picked
dyn_pax_2235,3027.0,2026-09-07 09:50:27,520307304#0,school|subway_entrance|bus_stop,,602.6035134310263,763.145495629718,37.498416594724866,127.02761864854104,,,,timeout
dyn_pax_2236,3029.0,2026-09-07 09:50:29,-417933645#2,company|restaurant|subway_entrance,,701.1658676593129,719.5455833044954,37.49804244093877,127.02874337560036,,,,timeout
dyn_pax_2237,3030.0,2026-09-07 09:50:30,521766182#1,company|restaurant|subway_entrance,,681.695169875507,539.6867345716422,37.496418539503196,127.02856584056028,,,,timeout
dyn_pax_2238,3032.0,2026-09-07 09:50:32,521766175#3,company|restaurant|subway_entrance|bus_stop,,373.6701172395771,1298.610217621072,37.50319695740621,127.02490310718325,3513.0,481.0,taxi_27,picked
dyn_pax_2239,3033.0,2026-09-07 09:50:33,-504509918#2,company|restaurant|bus_stop,,398.9694242295193,827.4758220967593,37.49895762305832,127.02530099003066,3481.0,448.0,taxi_respawn_23,picked
dyn_pax_2240,3033.0,2026-09-07 09:50:33,-309155295#1,residential|restaurant,,820.2174803017108,588.0239695218922,37.496880113093034,127.03012056506905,3130.0,97.0,taxi_respawn_2,picked
dyn_pax_2241,3035.0,2026-09-07 09:50:35,1376141183#0,bus_stop,,548.2528111146681,901.2117688498424,37.49965007283687,127.02697139402301,,,,timeout
dyn_pax_2242,3036.0,2026-09-07 09:50:36,521770119#1,restaurant|bus_stop,,527.3115514435282,995.8620162900467,37.50049875494786,127.02671217090477,,,,timeout
dyn_pax_2243,3036.0,2026-09-07 09:50:36,218857636#1,residential|company|restaurant|bus_stop,,297.92905089287035,623.2061345250047,37.49709839153085,127.02420706961871,,,,timeout
dyn_pax_2244,3038.0,2026-09-07 09:50:38,521770116#2,company|restaurant|bus_stop,,432.3182248087171,1108.514093563608,37.50149560521279,127.02561136613096,,,,unpicked
dyn_pax_2245,3039.0,2026-09-07 09:50:39,521766182#1,company|restaurant|subway_entrance,,681.695169875507,539.6867345716422,37.496418539503196,127.02856584056028,,,,timeout
dyn_pax_2246,3041.0,2026-09-07 09:50:41,375049565#6,restaurant|subway_entrance|bus_stop,,789.5153251748014,798.8522330112556,37.49877353199428,127.02972351946808,,,,timeout
dyn_pax_2247,3042.0,2026-09-07 09:50:42,218857636#1,residential|company|restaurant|bus_stop,,297.92905089287035,623.2061345250047,37.49709839153085,127.02420706961871,,,,timeout
dyn_pax_2248,3044.0,2026-09-07 09:50:44,1117538958#3,bus_stop,,160.18899290588462,540.6019911995099,37.49632820280781,127.02266936696756,3550.0,506.0,taxi_respawn_16,picked
dyn_pax_2249,3045.0,2026-09-07 09:50:45,305539406,company|restaurant|subway_entrance,,566.389495917364,736.5285064605782,37.49816998085155,127.02721550408178,3526.0,481.0,taxi_respawn_2,picked
dyn_pax_2250,3045.0,2026-09-07 09:50:45,504227065,company,,441.32681628575455,666.8408278135128,37.497518581743364,127.0258180180219,,,,timeout
dyn_pax_2251,3047.0,2026-09-07 09:50:47,1117538958#3,bus_stop,,160.18899290588462,540.6019911995099,37.49632820280781,127.02266936696756,,,,timeout
dyn_pax_2252,3048.0,2026-09-07 09:50:48,1229817205#1,residential|bus_stop,,631.6400080768872,572.7061575261558,37.49670653972221,127.02799208080955,,,,timeout
dyn_pax_2253,3048.0,2026-09-07 09:50:48,117790036#1,company,,849.7103307162836,1232.6514730855474,37.50269269072902,127.03030143103514,3152.0,104.0,taxi_respawn_24,picked
dyn_pax_2254,3052.0,2026-09-07 09:50:52,1117538957#3,restaurant|subway_entrance|bus_stop,,465.5082521847807,644.8780924026132,37.49732530507706,127.02609663221197,3508.0,456.0,taxi_respawn_29,picked
dyn_pax_2255,3053.0,2026-09-07 09:50:53,480850873,company|restaurant|bus_stop,,548.1935052770749,708.5896639848544,37.49791486187585,127.0270163956136,3256.0,203.0,taxi_respawn_8,picked
dyn_pax_2256,3053.0,2026-09-07 09:50:53,494824662#3,company|restaurant|subway_entrance,,729.424850252167,406.6843378518681,37.49522941823122,127.02913698209235,3531.0,478.0,taxi_respawn_8,picked
dyn_pax_2257,3054.0,2026-09-07 09:50:54,-417750354#0,residential,,923.3498430372201,1041.2071047119894,37.5009819832587,127.03117938951307,3187.0,133.0,taxi_respawn_13,picked
dyn_pax_2258,3055.0,2026-09-07 09:50:55,1229817205#0,company|subway_entrance|bus_stop,,599.2457558679199,652.2907550986157,37.497417346160496,127.02760695963683,,,,timeout
dyn_pax_2259,3055.0,2026-09-07 09:50:55,379463134#3,restaurant,,544.2510512741843,1273.4484249309019,37.503002538586315,127.0268378740983,3216.0,161.0,taxi_respawn_31,picked
dyn_pax_2260,3056.0,2026-09-07 09:50:56,1117538957#3,restaurant|subway_entrance|bus_stop,,465.5082521847807,644.8780924026132,37.49732530507706,127.02609663221197,,,,unpicked
dyn_pax_2261,3058.0,2026-09-07 09:50:58,1376141182#0,bus_stop,,385.7154046370183,1301.0311255965628,37.50322104370192,127.02503873135461,,,,timeout
dyn_pax_2262,3059.0,2026-09-07 09:50:59,218873820#0,restaurant|subway_entrance|bus_stop,,628.9829311132032,562.4061665928522,37.49661325243901,127.02796447999128,,,,timeout
dyn_pax_2263,3059.0,2026-09-07 09:50:59,-309155295#0,restaurant,,747.4684617800942,561.8059110120743,37.49663020867341,127.0293042509181,3254.0,195.0,taxi_20,picked
dyn_pax_2264,3061.0,2026-09-07 09:51:01,521766182#1,company|restaurant|subway_entrance,,681.695169875507,539.6867345716422,37.496418539503196,127.02856584056028,,,,timeout
dyn_pax_2265,3062.0,2026-09-07 09:51:02,521766180#1,company|restaurant|bus_stop,,466.73410130235357,1169.2838037446552,37.502049542882666,127.02598608796039,,,,timeout
dyn_pax_2266,3063.0,2026-09-07 09:51:03,480850873,company|restaurant|bus_stop,,548.1935052770749,708.5896639848544,37.49791486187585,127.0270163956136,3276.0,213.0,taxi_respawn_6,picked
dyn_pax_2267,3064.0,2026-09-07 09:51:04,521766175#3,company|restaurant|subway_entrance|bus_stop,,373.6701172395771,1298.610217621072,37.50319695740621,127.02490310718325,,,,timeout
dyn_pax_2268,3065.0,2026-09-07 09:51:05,521766182#1,company|restaurant|subway_entrance,,681.695169875507,539.6867345716422,37.496418539503196,127.02856584056028,,,,timeout
dyn_pax_2269,3065.0,2026-09-07 09:51:05,417750337#5,restaurant,,522.3387290339521,1126.7881672814829,37.50167723806998,127.02662489231146,3330.0,265.0,taxi_respawn_15,picked
dyn_pax_2270,3067.0,2026-09-07 09:51:07,1117538957#3,restaurant|subway_entrance|bus_stop,,465.5082521847807,644.8780924026132,37.49732530507706,127.02609663221197,,,,timeout
dyn_pax_2271,3068.0,2026-09-07 09:51:08,1376141182#0,bus_stop,,385.7154046370183,1301.0311255965628,37.50322104370192,127.02503873135461,,,,timeout
dyn_pax_2272,3070.0,2026-09-07 09:51:10,218873820#0,restaurant|subway_entrance|bus_stop,,628.9829311132032,562.4061665928522,37.49661325243901,127.02796447999128,,,,timeout
dyn_pax_2273,3071.0,2026-09-07 09:51:11,521770119#0,restaurant|bus_stop,,548.9831206778387,935.1148840516827,37.499955620541705,127.02697161236954,,,,timeout
dyn_pax_2274,3071.0,2026-09-07 09:51:11,521766175#3,company|restaurant|subway_entrance|bus_stop,,373.6701172395771,1298.610217621072,37.50319695740621,127.02490310718325,,,,timeout
dyn_pax_2275,3072.0,2026-09-07 09:51:12,504227067#4,residential|restaurant,,502.84500120553366,479.2066548114549,37.49583994070096,127.02655806263846,3339.0,267.0,taxi_32,picked
dyn_pax_2276,3073.0,2026-09-07 09:51:13,218873820#0,restaurant|subway_entrance|bus_stop,,628.9829311132032,562.4061665928522,37.49661325243901,127.02796447999128,,,,timeout
dyn_pax_2277,3074.0,2026-09-07 09:51:14,-117790031#1,restaurant,,730.7814463439225,1053.3410552584976,37.501054966737435,127.02899915797848,3463.0,389.0,taxi_1,picked
dyn_pax_2278,3075.0,2026-09-07 09:51:15,1117538957#3,restaurant|subway_entrance|bus_stop,,465.5082521847807,644.8780924026132,37.49732530507706,127.02609663221197,,,,timeout
dyn_pax_2279,3076.0,2026-09-07 09:51:16,-117790045#0,restaurant,,544.8147652988505,1238.053441474183,37.50268379633789,127.0268526423962,3328.0,252.0,taxi_respawn_21,picked
dyn_pax_2280,3077.0,2026-09-07 09:51:17,-542367267#1,bus_stop,,247.51018316686128,1414.7184918773391,37.504219024473855,127.02344900430944,3525.0,448.0,taxi_30,picked
dyn_pax_2281,3077.0,2026-09-07 09:51:17,521766175#3,company|restaurant|subway_entrance|bus_stop,,373.6701172395771,1298.610217621072,37.50319695740621,127.02490310718325,,,,timeout
dyn_pax_2282,3078.0,2026-09-07 09:51:18,375049565#6,restaurant|subway_entrance|bus_stop,,789.5153251748014,798.8522330112556,37.49877353199428,127.02972351946808,,,,timeout
dyn_pax_2283,3079.0,2026-09-07 09:51:19,178441450#1,residential|company|restaurant|bus_stop,,282.90243066757296,609.4157395563556,37.496971320837204,127.02404044855805,,,,timeout
dyn_pax_2284,3081.0,2026-09-07 09:51:21,523141074#0,company|restaurant|subway_entrance,,524.0338794858329,871.4890157117229,37.4993777454413,127.02670460634431,,,,unpicked
dyn_pax_2285,3083.0,2026-09-07 09:51:23,218857636#1,residential|company|restaurant|bus_stop,,297.92905089287035,623.2061345250047,37.49709839153085,127.02420706961871,,,,timeout
dyn_pax_2286,3084.0,2026-09-07 09:51:24,-506191135#2,residential|bus_stop,,236.19733776439384,769.6838415951818,37.49840622577806,127.02347432089968,,,,timeout
dyn_pax_2287,3085.0,2026-09-07 09:51:25,506191135#3,residential|company|restaurant|bus_stop,,238.79972345576414,789.4714057742513,37.49858497042428,127.023499044737,3481.0,396.0,taxi_respawn_26,picked
dyn_pax_2288,3085.0,2026-09-07 09:51:25,379463134#2,restaurant,,492.9894267673794,1254.822149661426,37.50282506050825,127.0262626667944,3119.0,34.0,taxi_respawn_7,picked
dyn_pax_2289,3087.0,2026-09-07 09:51:27,521770119#0,restaurant|bus_stop,,548.9831206778387,935.1148840516827,37.499955620541705,127.02697161236954,,,,timeout
dyn_pax_2290,3088.0,2026-09-07 09:51:28,520307304#0,school|subway_entrance|bus_stop,,602.6035134310263,763.145495629718,37.498416594724866,127.02761864854104,,,,timeout
dyn_pax_2291,3090.0,2026-09-07 09:51:30,218864491#0,restaurant|bus_stop,,769.9803916976219,760.1217113917903,37.49842094941813,127.02951181742357,,,,timeout
dyn_pax_2292,3091.0,2026-09-07 09:51:31,521766175#3,company|restaurant|subway_entrance|bus_stop,,373.6701172395771,1298.610217621072,37.50319695740621,127.02490310718325,,,,timeout
dyn_pax_2293,3092.0,2026-09-07 09:51:32,541692164#1,subway_entrance,,271.6277521231475,1406.6420105391767,37.5041508337347,127.02372362926798,,,,timeout
dyn_pax_2294,3093.0,2026-09-07 09:51:33,521770119#0,restaurant|bus_stop,,548.9831206778387,935.1148840516827,37.499955620541705,127.02697161236954,,,,timeout
dyn_pax_2295,3093.0,2026-09-07 09:51:33,523141074#0,company|restaurant|subway_entrance,,524.0338794858329,871.4890157117229,37.4993777454413,127.02670460634431,,,,timeout
dyn_pax_2296,3094.0,2026-09-07 09:51:34,417933642#0,restaurant|bus_stop,,1041.0954363710525,463.30841921497654,37.49579826441859,127.03264736696761,,,,timeout
dyn_pax_2297,3095.0,2026-09-07 09:51:35,521770119#1,restaurant|bus_stop,,527.3115514435282,995.8620162900467,37.50049875494786,127.02671217090477,,,,timeout
dyn_pax_2298,3096.0,2026-09-07 09:51:36,1376141183#0,bus_stop,,548.2528111146681,901.2117688498424,37.49965007283687,127.02697139402301,,,,timeout
dyn_pax_2299,3097.0,2026-09-07 09:51:37,521766175#3,company|restaurant|subway_entrance|bus_stop,,373.6701172395771,1298.610217621072,37.50319695740621,127.02490310718325,,,,timeout
dyn_pax_2300,3098.0,2026-09-07 09:51:38,1229817205#0,company|subway_entrance|bus_stop,,599.2457558679199,652.2907550986157,37.497417346160496,127.02760695963683,,,,timeout
dyn_pax_2301,3099.0,2026-09-07 09:51:39,218877837#2,company|restaurant|bus_stop,,479.4555212141038,978.0213907550284,37.500328997763305,127.02617530290202,,,,timeout
dyn_pax_2302,3100.0,2026-09-07 09:51:40,521766175#3,company|restaurant|subway_entrance|bus_stop,,373.6701172395771,1298.610217621072,37.50319695740621,127.02490310718325,,,,timeout
dyn_pax_2303,3101.0,2026-09-07 09:51:41,-542367267#1,bus_stop,,247.51018316686128,1414.7184918773391,37.504219024473855,127.02344900430944,3565.0,464.0,taxi_47,picked
dyn_pax_2304,3102.0,2026-09-07 09:51:42,375049565#6,restaurant|subway_entrance|bus_stop,,789.5153251748014,798.8522330112556,37.49877353199428,127.02972351946808,,,,unpicked
dyn_pax_2305,3104.0,2026-09-07 09:51:44,494824662#3,company|restaurant|subway_entrance,,729.424850252167,406.6843378518681,37.49522941823122,127.02913698209235,,,,unpicked
dyn_pax_2306,3104.0,2026-09-07 09:51:44,417750337#5,restaurant,,522.3387290339521,1126.7881672814829,37.50167723806998,127.02662489231146,,,,unpicked
dyn_pax_2307,3105.0,2026-09-07 09:51:45,-542367267#1,bus_stop,,247.51018316686128,1414.7184918773391,37.504219024473855,127.02344900430944,,,,unpicked
dyn_pax_2308,3107.0,2026-09-07 09:51:47,1117538957#3,restaurant|subway_entrance|bus_stop,,465.5082521847807,644.8780924026132,37.49732530507706,127.02609663221197,,,,unpicked
dyn_pax_2309,3107.0,2026-09-07 09:51:47,-117790045#2,restaurant,,502.6238788004042,1360.6315306450858,37.50378004402999,127.0263465049606,3284.0,177.0,taxi_respawn_4,picked
dyn_pax_2310,3108.0,2026-09-07 09:51:48,375049565#6,restaurant|subway_entrance|bus_stop,,789.5153251748014,798.8522330112556,37.49877353199428,127.02972351946808,,,,unpicked
dyn_pax_2311,3110.0,2026-09-07 09:51:50,375049565#6,restaurant|subway_entrance|bus_stop,,789.5153251748014,798.8522330112556,37.49877353199428,127.02972351946808,,,,unpicked
dyn_pax_2312,3111.0,2026-09-07 09:51:51,1229817205#0,company|subway_entrance|bus_stop,,599.2457558679199,652.2907550986157,37.497417346160496,127.02760695963683,,,,unpicked
dyn_pax_2313,3113.0,2026-09-07 09:51:53,-541692164#2,subway_entrance,,317.7122087179151,1441.0296574375257,37.504469327730426,127.0242365566347,,,,unpicked
dyn_pax_2314,3113.0,2026-09-07 09:51:53,-417750336#5,restaurant,,886.0343029737398,891.1232225857099,37.499622942823265,127.030792984823,3164.0,51.0,taxi_respawn_30,picked
dyn_pax_2315,3114.0,2026-09-07 09:51:54,975332778#1,bus_stop,,681.6099970732737,721.9380561808346,37.49806030190971,127.02852170075586,3555.0,441.0,taxi_respawn_1,picked
dyn_pax_2316,3116.0,2026-09-07 09:51:56,305539406,company|restaurant|subway_entrance,,566.389495917364,736.5285064605782,37.49816998085155,127.02721550408178,,,,unpicked
dyn_pax_2317,3116.0,2026-09-07 09:51:56,239962780#1,company|restaurant,,78.091042197054,1418.7355011637856,37.504223128704645,127.02153236485597,3148.0,32.0,taxi_respawn_35,picked
dyn_pax_2318,3117.0,2026-09-07 09:51:57,1376141182#0,bus_stop,,385.7154046370183,1301.0311255965628,37.50322104370192,127.02503873135461,,,,unpicked
dyn_pax_2319,3117.0,2026-09-07 09:51:57,417750337#1,restaurant,,654.3039749436668,1311.1147669608317,37.50336263595113,127.02807333923603,3373.0,256.0,taxi_respawn_9,picked
dyn_pax_2320,3119.0,2026-09-07 09:51:59,1117538957#3,restaurant|subway_entrance|bus_stop,,465.5082521847807,644.8780924026132,37.49732530507706,127.02609663221197,,,,unpicked
dyn_pax_2321,3119.0,2026-09-07 09:51:59,1229817205#0,company|subway_entrance|bus_stop,,599.2457558679199,652.2907550986157,37.497417346160496,127.02760695963683,,,,unpicked
dyn_pax_2322,3120.0,2026-09-07 09:52:00,-506191135#2,residential|bus_stop,,236.19733776439384,769.6838415951818,37.49840622577806,127.02347432089968,,,,unpicked
dyn_pax_2323,3121.0,2026-09-07 09:52:01,129731858#2,restaurant,,783.9672744139122,855.548332172334,37.49928322221005,127.02964736483162,3378.0,257.0,taxi_respawn_24,picked
dyn_pax_2324,3122.0,2026-09-07 09:52:02,1117538957#3,restaurant|subway_entrance|bus_stop,,465.5082521847807,644.8780924026132,37.49732530507706,127.02609663221197,,,,unpicked
dyn_pax_2325,3124.0,2026-09-07 09:52:04,-506191135#22,residential|company|restaurant|bus_stop,,38.693950105848444,1321.9513167019495,37.50334380565249,127.02110990869835,3595.0,471.0,taxi_16,picked
dyn_pax_2326,3125.0,2026-09-07 09:52:05,521766175#3,company|restaurant|subway_entrance|bus_stop,,373.6701172395771,1298.610217621072,37.50319695740621,127.02490310718325,,,,unpicked
dyn_pax_2327,3127.0,2026-09-07 09:52:07,521766175#3,company|restaurant|subway_entrance|bus_stop,,373.6701172395771,1298.610217621072,37.50319695740621,127.02490310718325,,,,unpicked
dyn_pax_2328,3127.0,2026-09-07 09:52:07,-129731721#2,company|restaurant,,388.6558839574922,820.9778890483499,37.49889713764622,127.02518592115393,3550.0,423.0,taxi_respawn_21,picked
dyn_pax_2329,3128.0,2026-09-07 09:52:08,305539406,company|restaurant|subway_entrance,,566.389495917364,736.5285064605782,37.49816998085155,127.02721550408178,,,,unpicked
dyn_pax_2330,3128.0,2026-09-07 09:52:08,129731859#3,restaurant,,873.6090416568148,941.272009001338,37.50007235670303,127.03064062663523,3261.0,133.0,taxi_1,picked
dyn_pax_2331,3130.0,2026-09-07 09:52:10,417933642#0,restaurant|bus_stop,,1041.0954363710525,463.30841921497654,37.49579826441859,127.03264736696761,,,,unpicked
dyn_pax_2332,3131.0,2026-09-07 09:52:11,1376141182#0,bus_stop,,385.7154046370183,1301.0311255965628,37.50322104370192,127.02503873135461,,,,unpicked
dyn_pax_2333,3133.0,2026-09-07 09:52:13,523141074#0,company|restaurant|subway_entrance,,524.0338794858329,871.4890157117229,37.4993777454413,127.02670460634431,,,,unpicked
dyn_pax_2334,3133.0,2026-09-07 09:52:13,417750337#3,restaurant,,561.9223834850405,1183.7905002369655,37.50219821136863,127.02705894855978,,,,unpicked
dyn_pax_2335,3134.0,2026-09-07 09:52:14,1229817205#0,company|subway_entrance|bus_stop,,599.2457558679199,652.2907550986157,37.497417346160496,127.02760695963683,,,,unpicked
dyn_pax_2336,3135.0,2026-09-07 09:52:15,26163000#3,restaurant,,602.970622715944,1275.0711016561868,37.50302824900089,127.02750144434575,,,,unpicked
dyn_pax_2337,3136.0,2026-09-07 09:52:16,521770119#0,restaurant|bus_stop,,548.9831206778387,935.1148840516827,37.499955620541705,127.02697161236954,,,,unpicked
dyn_pax_2338,3136.0,2026-09-07 09:52:16,-379463134#6,restaurant,,651.5506250710082,1319.679135788758,37.50343926652266,127.02804017641046,,,,unpicked
dyn_pax_2339,3137.0,2026-09-07 09:52:17,506191135#3,residential|company|restaurant|bus_stop,,238.79972345576414,789.4714057742513,37.49858497042428,127.023499044737,3543.0,406.0,taxi_respawn_18,picked
dyn_pax_2340,3139.0,2026-09-07 09:52:19,-417933645#2,company|restaurant|subway_entrance,,701.1658676593129,719.5455833044954,37.49804244093877,127.02874337560036,3595.0,456.0,taxi_40,picked
dyn_pax_2341,3139.0,2026-09-07 09:52:19,219837933#0,residential|company,,49.0199205680682,1328.1480294371383,37.503401583976704,127.02122519296726,3331.0,192.0,taxi_0,picked
dyn_pax_2342,3140.0,2026-09-07 09:52:20,1117538957#3,restaurant|subway_entrance|bus_stop,,465.5082521847807,644.8780924026132,37.49732530507706,127.02609663221197,,,,unpicked
dyn_pax_2343,3141.0,2026-09-07 09:52:21,-417933645#2,company|restaurant|subway_entrance,,701.1658676593129,719.5455833044954,37.49804244093877,127.02874337560036,,,,unpicked
dyn_pax_2344,3142.0,2026-09-07 09:52:22,375049565#6,restaurant|subway_entrance|bus_stop,,789.5153251748014,798.8522330112556,37.49877353199428,127.02972351946808,,,,unpicked
dyn_pax_2345,3143.0,2026-09-07 09:52:23,521766180#1,company|restaurant|bus_stop,,466.73410130235357,1169.2838037446552,37.502049542882666,127.02598608796039,,,,unpicked
dyn_pax_2346,3143.0,2026-09-07 09:52:23,521766180#1,company|restaurant|bus_stop,,466.73410130235357,1169.2838037446552,37.502049542882666,127.02598608796039,,,,unpicked
dyn_pax_2347,3145.0,2026-09-07 09:52:25,1117538957#3,restaurant|subway_entrance|bus_stop,,465.5082521847807,644.8780924026132,37.49732530507706,127.02609663221197,,,,unpicked
dyn_pax_2348,3145.0,2026-09-07 09:52:25,-417750337#4,restaurant,,542.6552277079157,1139.0745154802132,37.5017917560025,127.02685169754334,,,,unpicked
dyn_pax_2349,3146.0,2026-09-07 09:52:26,557469234,restaurant,,982.7249512156621,987.801549540822,37.50051207965727,127.03186337298402,3216.0,70.0,taxi_33,picked
dyn_pax_2350,3147.0,2026-09-07 09:52:27,-542367267#1,bus_stop,,247.51018316686128,1414.7184918773391,37.504219024473855,127.02344900430944,,,,unpicked
dyn_pax_2351,3147.0,2026-09-07 09:52:27,542367267#1,company|restaurant,,199.26981683313872,1381.121508122661,37.50390724154084,127.02291151664822,3452.0,305.0,taxi_10,picked
dyn_pax_2352,3148.0,2026-09-07 09:52:28,523141074#0,company|restaurant|subway_entrance,,524.0338794858329,871.4890157117229,37.4993777454413,127.02670460634431,,,,unpicked
dyn_pax_2353,3149.0,2026-09-07 09:52:29,219837933#0,residential|company,,49.0199205680682,1328.1480294371383,37.503401583976704,127.02122519296726,3459.0,310.0,taxi_44,picked
dyn_pax_2354,3150.0,2026-09-07 09:52:30,-504509918#2,company|restaurant|bus_stop,,398.9694242295193,827.4758220967593,37.49895762305832,127.02530099003066,3486.0,336.0,taxi_25,picked
dyn_pax_2355,3151.0,2026-09-07 09:52:31,178441450#1,residential|company|restaurant|bus_stop,,282.90243066757296,609.4157395563556,37.496971320837204,127.02404044855805,,,,unpicked
dyn_pax_2356,3153.0,2026-09-07 09:52:33,521770119#0,restaurant|bus_stop,,548.9831206778387,935.1148840516827,37.499955620541705,127.02697161236954,,,,unpicked
dyn_pax_2357,3153.0,2026-09-07 09:52:33,-541692164#2,subway_entrance,,317.7122087179151,1441.0296574375257,37.504469327730426,127.0242365566347,,,,unpicked
dyn_pax_2358,3154.0,2026-09-07 09:52:34,1117538958#3,bus_stop,,160.18899290588462,540.6019911995099,37.49632820280781,127.02266936696756,,,,unpicked
dyn_pax_2359,3154.0,2026-09-07 09:52:34,417750337#5,restaurant,,522.3387290339521,1126.7881672814829,37.50167723806998,127.02662489231146,,,,unpicked
dyn_pax_2360,3156.0,2026-09-07 09:52:36,521770119#0,restaurant|bus_stop,,548.9831206778387,935.1148840516827,37.499955620541705,127.02697161236954,,,,unpicked
dyn_pax_2361,3157.0,2026-09-07 09:52:37,-542367267#1,bus_stop,,247.51018316686128,1414.7184918773391,37.504219024473855,127.02344900430944,,,,unpicked
dyn_pax_2362,3159.0,2026-09-07 09:52:39,218877837#2,company|restaurant|bus_stop,,479.4555212141038,978.0213907550284,37.500328997763305,127.02617530290202,,,,unpicked
dyn_pax_2363,3159.0,2026-09-07 09:52:39,-117790062#4,company,,666.6267400273903,1210.7400577041187,37.50246075614395,127.02823646445898,,,,unpicked
dyn_pax_2364,3160.0,2026-09-07 09:52:40,1117538957#3,restaurant|subway_entrance|bus_stop,,465.5082521847807,644.8780924026132,37.49732530507706,127.02609663221197,,,,unpicked
dyn_pax_2365,3161.0,2026-09-07 09:52:41,-117790045#2,restaurant,,502.6238788004042,1360.6315306450858,37.50378004402999,127.0263465049606,,,,unpicked
dyn_pax_2366,3163.0,2026-09-07 09:52:43,1229817205#1,residential|bus_stop,,631.6400080768872,572.7061575261558,37.49670653972221,127.02799208080955,,,,unpicked
dyn_pax_2367,3165.0,2026-09-07 09:52:45,1117538957#3,restaurant|subway_entrance|bus_stop,,465.5082521847807,644.8780924026132,37.49732530507706,127.02609663221197,,,,unpicked
dyn_pax_2368,3166.0,2026-09-07 09:52:46,1117538957#3,restaurant|subway_entrance|bus_stop,,465.5082521847807,644.8780924026132,37.49732530507706,127.02609663221197,,,,unpicked
dyn_pax_2369,3167.0,2026-09-07 09:52:47,-256787796#7,restaurant,,650.4923169509016,809.9698095387197,37.49884744554127,127.02814900895488,3468.0,301.0,taxi_39,picked
dyn_pax_2370,3168.0,2026-09-07 09:52:48,1229817205#0,company|subway_entrance|bus_stop,,599.2457558679199,652.2907550986157,37.497417346160496,127.02760695963683,,,,unpicked
dyn_pax_2371,3168.0,2026-09-07 09:52:48,256787796#2,restaurant,,573.8171824012851,1000.9225059734806,37.50055312725627,127.02723680274495,3233.0,65.0,taxi_9,picked
dyn_pax_2372,3168.0,2026-09-07 09:52:48,523141074#0,company|restaurant|subway_entrance,,524.0338794858329,871.4890157117229,37.4993777454413,127.02670460634431,,,,unpicked
dyn_pax_2373,3169.0,2026-09-07 09:52:49,521766180#1,company|restaurant|bus_stop,,466.73410130235357,1169.2838037446552,37.502049542882666,127.02598608796039,,,,unpicked
dyn_pax_2374,3171.0,2026-09-07 09:52:51,975332778#1,bus_stop,,681.6099970732737,721.9380561808346,37.49806030190971,127.02852170075586,,,,unpicked
dyn_pax_2375,3171.0,2026-09-07 09:52:51,521770116#2,company|restaurant|bus_stop,,432.3182248087171,1108.514093563608,37.50149560521279,127.02561136613096,,,,unpicked
dyn_pax_2376,3173.0,2026-09-07 09:52:53,1117538957#3,restaurant|subway_entrance|bus_stop,,465.5082521847807,644.8780924026132,37.49732530507706,127.02609663221197,,,,unpicked
dyn_pax_2377,3174.0,2026-09-07 09:52:54,521770116#2,company|restaurant|bus_stop,,432.3182248087171,1108.514093563608,37.50149560521279,127.02561136613096,,,,unpicked
dyn_pax_2378,3175.0,2026-09-07 09:52:55,-26163000#1,restaurant,,613.3034084576574,1234.0026207389662,37.50266024308643,127.02762801542576,,,,unpicked
dyn_pax_2379,3176.0,2026-09-07 09:52:56,541692164#1,subway_entrance,,271.6277521231475,1406.6420105391767,37.5041508337347,127.02372362926798,,,,unpicked
dyn_pax_2380,3177.0,2026-09-07 09:52:57,521766175#3,company|restaurant|subway_entrance|bus_stop,,373.6701172395771,1298.610217621072,37.50319695740621,127.02490310718325,,,,unpicked
dyn_pax_2381,3179.0,2026-09-07 09:52:59,541692164#1,subway_entrance,,271.6277521231475,1406.6420105391767,37.5041508337347,127.02372362926798,,,,unpicked
dyn_pax_2382,3180.0,2026-09-07 09:53:00,-417933645#2,company|restaurant|subway_entrance,,701.1658676593129,719.5455833044954,37.49804244093877,127.02874337560036,,,,unpicked
dyn_pax_2383,3182.0,2026-09-07 09:53:02,494824662#3,company|restaurant|subway_entrance,,729.424850252167,406.6843378518681,37.49522941823122,127.02913698209235,,,,unpicked
dyn_pax_2384,3183.0,2026-09-07 09:53:03,506191135#3,residential|company|restaurant|bus_stop,,238.79972345576414,789.4714057742513,37.49858497042428,127.023499044737,,,,unpicked
dyn_pax_2385,3185.0,2026-09-07 09:53:05,417750337#3,restaurant,,561.9223834850405,1183.7905002369655,37.50219821136863,127.02705894855978,,,,unpicked
dyn_pax_2386,3186.0,2026-09-07 09:53:06,1229817205#0,company|subway_entrance|bus_stop,,599.2457558679199,652.2907550986157,37.497417346160496,127.02760695963683,,,,unpicked
dyn_pax_2387,3188.0,2026-09-07 09:53:08,1229817205#0,company|subway_entrance|bus_stop,,599.2457558679199,652.2907550986157,37.497417346160496,127.02760695963683,,,,unpicked
dyn_pax_2388,3189.0,2026-09-07 09:53:09,521766175#3,company|restaurant|subway_entrance|bus_stop,,373.6701172395771,1298.610217621072,37.50319695740621,127.02490310718325,,,,unpicked
dyn_pax_2389,3190.0,2026-09-07 09:53:10,-542367267#0,company,,179.75773525047865,1390.7576253945435,37.50399035207237,127.02268859703804,3294.0,104.0,taxi_respawn_38,picked
dyn_pax_2390,3191.0,2026-09-07 09:53:11,521766175#1,company|restaurant|subway_entrance,,332.9365590021661,1411.5585828157227,37.504206724109,127.02441570308932,,,,unpicked
dyn_pax_2391,3191.0,2026-09-07 09:53:11,-417750336#3,school|company,,868.1859178511071,948.5147012398835,37.50013657861005,127.03057759421064,,,,unpicked
dyn_pax_2392,3192.0,2026-09-07 09:53:12,218857636#1,residential|company|restaurant|bus_stop,,297.92905089287035,623.2061345250047,37.49709839153085,127.02420706961871,,,,unpicked
dyn_pax_2393,3193.0,2026-09-07 09:53:13,-417750336#3,school|company,,868.1859178511071,948.5147012398835,37.50013657861005,127.03057759421064,,,,unpicked
dyn_pax_2394,3194.0,2026-09-07 09:53:14,520307304#0,school|subway_entrance|bus_stop,,602.6035134310263,763.145495629718,37.498416594724866,127.02761864854104,,,,unpicked
dyn_pax_2395,3196.0,2026-09-07 09:53:16,521766180#1,company|restaurant|bus_stop,,466.73410130235357,1169.2838037446552,37.502049542882666,127.02598608796039,,,,unpicked
dyn_pax_2396,3199.0,2026-09-07 09:53:19,-417933645#2,company|restaurant|subway_entrance,,701.1658676593129,719.5455833044954,37.49804244093877,127.02874337560036,,,,unpicked
dyn_pax_2397,3200.0,2026-09-07 09:53:20,1117538958#3,bus_stop,,160.18899290588462,540.6019911995099,37.49632820280781,127.02266936696756,,,,unpicked
dyn_pax_2398,3202.0,2026-09-07 09:53:22,1117538957#3,restaurant|subway_entrance|bus_stop,,465.5082521847807,644.8780924026132,37.49732530507706,127.02609663221197,,,,unpicked
dyn_pax_2399,3203.0,2026-09-07 09:53:23,218877837#2,company|restaurant|bus_stop,,479.4555212141038,978.0213907550284,37.500328997763305,127.02617530290202,,,,unpicked
dyn_pax_2400,3204.0,2026-09-07 09:53:24,417933645#0,residential|restaurant,,823.1026288816429,385.61625104994533,37.49505730126708,127.03020109557775,3588.0,384.0,taxi_8,picked
dyn_pax_2401,3205.0,2026-09-07 09:53:25,218873820#0,restaurant|subway_entrance|bus_stop,,628.9829311132032,562.4061665928522,37.49661325243901,127.02796447999128,,,,unpicked
dyn_pax_2402,3206.0,2026-09-07 09:53:26,305539406,company|restaurant|subway_entrance,,566.389495917364,736.5285064605782,37.49816998085155,127.02721550408178,,,,unpicked
dyn_pax_2403,3207.0,2026-09-07 09:53:27,-129731717#1,residential|company|restaurant,,188.433090102474,1374.3511058470413,37.503844200149025,127.0227905913032,3276.0,69.0,taxi_40,picked
dyn_pax_2404,3208.0,2026-09-07 09:53:28,521770116#2,company|restaurant|bus_stop,,432.3182248087171,1108.514093563608,37.50149560521279,127.02561136613096,,,,unpicked
dyn_pax_2405,3208.0,2026-09-07 09:53:28,117823785#0,company|restaurant,,1360.8740206736493,851.0492627492013,37.499351351792384,127.0361713398344,3595.0,387.0,taxi_respawn_9,picked
dyn_pax_2406,3209.0,2026-09-07 09:53:29,-506191135#22,residential|company|restaurant|bus_stop,,38.693950105848444,1321.9513167019495,37.50334380565249,127.02110990869835,,,,unpicked
dyn_pax_2407,3209.0,2026-09-07 09:53:29,256787796#8,restaurant,,646.6563496183319,793.2391486514691,37.49869600620777,127.02810960194483,3410.0,201.0,taxi_8,picked
dyn_pax_2408,3211.0,2026-09-07 09:53:31,520307304#0,school|subway_entrance|bus_stop,,602.6035134310263,763.145495629718,37.498416594724866,127.02761864854104,,,,unpicked
dyn_pax_2409,3211.0,2026-09-07 09:53:31,-417933646#1,residential|restaurant,,826.6019869456061,577.8075382253838,37.49678928421788,127.03019516859905,3332.0,121.0,taxi_respawn_32,picked
dyn_pax_2410,3211.0,2026-09-07 09:53:31,379463134#4,restaurant,,574.4815382344308,1284.0756787717605,37.50310398350559,127.02717717678497,,,,unpicked
dyn_pax_2411,3212.0,2026-09-07 09:53:32,-541692164#2,subway_entrance,,317.7122087179151,1441.0296574375257,37.504469327730426,127.0242365566347,,,,unpicked
dyn_pax_2412,3214.0,2026-09-07 09:53:34,521770116#2,company|restaurant|bus_stop,,432.3182248087171,1108.514093563608,37.50149560521279,127.02561136613096,,,,unpicked
dyn_pax_2413,3215.0,2026-09-07 09:53:35,218857636#1,residential|company|restaurant|bus_stop,,297.92905089287035,623.2061345250047,37.49709839153085,127.02420706961871,,,,unpicked
dyn_pax_2414,3215.0,2026-09-07 09:53:35,1376141182#0,bus_stop,,385.7154046370183,1301.0311255965628,37.50322104370192,127.02503873135461,,,,unpicked
dyn_pax_2415,3217.0,2026-09-07 09:53:37,1117538957#3,restaurant|subway_entrance|bus_stop,,465.5082521847807,644.8780924026132,37.49732530507706,127.02609663221197,,,,unpicked
dyn_pax_2416,3219.0,2026-09-07 09:53:39,1117538957#3,restaurant|subway_entrance|bus_stop,,465.5082521847807,644.8780924026132,37.49732530507706,127.02609663221197,,,,unpicked
dyn_pax_2417,3220.0,2026-09-07 09:53:40,521770119#0,restaurant|bus_stop,,548.9831206778387,935.1148840516827,37.499955620541705,127.02697161236954,,,,unpicked
dyn_pax_2418,3222.0,2026-09-07 09:53:42,218873820#0,restaurant|subway_entrance|bus_stop,,628.9829311132032,562.4061665928522,37.49661325243901,127.02796447999128,,,,unpicked
dyn_pax_2419,3222.0,2026-09-07 09:53:42,504227069,residential|restaurant,,587.1158993285404,291.7776336445087,37.494167438547194,127.02755526357365,,,,unpicked
dyn_pax_2420,3225.0,2026-09-07 09:53:45,523141074#0,company|restaurant|subway_entrance,,524.0338794858329,871.4890157117229,37.4993777454413,127.02670460634431,,,,unpicked
dyn_pax_2421,3226.0,2026-09-07 09:53:46,506191135#3,residential|company|restaurant|bus_stop,,238.79972345576414,789.4714057742513,37.49858497042428,127.023499044737,,,,unpicked
dyn_pax_2422,3228.0,2026-09-07 09:53:48,521766180#1,company|restaurant|bus_stop,,466.73410130235357,1169.2838037446552,37.502049542882666,127.02598608796039,,,,unpicked
dyn_pax_2423,3230.0,2026-09-07 09:53:50,-417933645#2,company|restaurant|subway_entrance,,701.1658676593129,719.5455833044954,37.49804244093877,127.02874337560036,,,,unpicked
dyn_pax_2424,3231.0,2026-09-07 09:53:51,178441450#1,residential|company|restaurant|bus_stop,,282.90243066757296,609.4157395563556,37.496971320837204,127.02404044855805,,,,unpicked
dyn_pax_2425,3232.0,2026-09-07 09:53:52,417933642#0,restaurant|bus_stop,,1041.0954363710525,463.30841921497654,37.49579826441859,127.03264736696761,,,,unpicked
dyn_pax_2426,3233.0,2026-09-07 09:53:53,417933646#2,residential|restaurant,,830.3119525357222,594.5819430897021,37.496941093289735,127.0302331440542,3306.0,73.0,taxi_43,picked
dyn_pax_2427,3234.0,2026-09-07 09:53:54,-417933645#2,company|restaurant|subway_entrance,,701.1658676593129,719.5455833044954,37.49804244093877,127.02874337560036,,,,unpicked
dyn_pax_2428,3235.0,2026-09-07 09:53:55,218877837#2,company|restaurant|bus_stop,,479.4555212141038,978.0213907550284,37.500328997763305,127.02617530290202,,,,unpicked
dyn_pax_2429,3237.0,2026-09-07 09:53:57,521770119#1,restaurant|bus_stop,,527.3115514435282,995.8620162900467,37.50049875494786,127.02671217090477,,,,unpicked
dyn_pax_2430,3237.0,2026-09-07 09:53:57,129731859#4,restaurant,,948.3176585840322,968.5888771831698,37.50033252074231,127.03147887955224,3494.0,257.0,taxi_43,picked
dyn_pax_2431,3238.0,2026-09-07 09:53:58,305539406,company|restaurant|subway_entrance,,566.389495917364,736.5285064605782,37.49816998085155,127.02721550408178,,,,unpicked
dyn_pax_2432,3238.0,2026-09-07 09:53:58,1117538958#2,company,,104.12900552775619,520.131995808405,37.496133188537314,127.02204040818502,3271.0,33.0,taxi_respawn_18,picked
dyn_pax_2433,3240.0,2026-09-07 09:54:00,1229817205#0,company|subway_entrance|bus_stop,,599.2457558679199,652.2907550986157,37.497417346160496,127.02760695963683,,,,unpicked
dyn_pax_2434,3241.0,2026-09-07 09:54:01,-26163000#1,restaurant,,613.3034084576574,1234.0026207389662,37.50266024308643,127.02762801542576,,,,unpicked
dyn_pax_2435,3243.0,2026-09-07 09:54:03,-542367267#1,bus_stop,,247.51018316686128,1414.7184918773391,37.504219024473855,127.02344900430944,,,,unpicked
dyn_pax_2436,3244.0,2026-09-07 09:54:04,-417933646#1,residential|restaurant,,826.6019869456061,577.8075382253838,37.49678928421788,127.03019516859905,3365.0,121.0,taxi_12,picked
dyn_pax_2437,3245.0,2026-09-07 09:54:05,1117538958#3,bus_stop,,160.18899290588462,540.6019911995099,37.49632820280781,127.02266936696756,,,,unpicked
dyn_pax_2438,3246.0,2026-09-07 09:54:06,-506191135#22,residential|company|restaurant|bus_stop,,38.693950105848444,1321.9513167019495,37.50334380565249,127.02110990869835,,,,unpicked
dyn_pax_2439,3248.0,2026-09-07 09:54:08,506191135#3,residential|company|restaurant|bus_stop,,238.79972345576414,789.4714057742513,37.49858497042428,127.023499044737,,,,unpicked
dyn_pax_2440,3249.0,2026-09-07 09:54:09,218864491#0,restaurant|bus_stop,,769.9803916976219,760.1217113917903,37.49842094941813,127.02951181742357,,,,unpicked
dyn_pax_2441,3251.0,2026-09-07 09:54:11,-417933645#2,company|restaurant|subway_entrance,,701.1658676593129,719.5455833044954,37.49804244093877,127.02874337560036,,,,unpicked
dyn_pax_2442,3252.0,2026-09-07 09:54:12,975332778#1,bus_stop,,681.6099970732737,721.9380561808346,37.49806030190971,127.02852170075586,,,,unpicked
dyn_pax_2443,3254.0,2026-09-07 09:54:14,-541692164#2,subway_entrance,,317.7122087179151,1441.0296574375257,37.504469327730426,127.0242365566347,,,,unpicked
dyn_pax_2444,3255.0,2026-09-07 09:54:15,1376141183#0,bus_stop,,548.2528111146681,901.2117688498424,37.49965007283687,127.02697139402301,,,,unpicked
dyn_pax_2445,3255.0,2026-09-07 09:54:15,1537068130#0,residential,,915.247444986279,1279.656751811989,37.50312848832193,127.03103134780491,3327.0,72.0,taxi_respawn_16,picked
dyn_pax_2446,3256.0,2026-09-07 09:54:16,117790045#3,restaurant,,504.6202003222114,1382.6101305390487,37.50397841113055,127.02636386411817,,,,unpicked
dyn_pax_2447,3257.0,2026-09-07 09:54:17,-506191135#2,residential|bus_stop,,236.19733776439384,769.6838415951818,37.49840622577806,127.02347432089968,,,,unpicked
dyn_pax_2448,3258.0,2026-09-07 09:54:18,218857636#1,residential|company|restaurant|bus_stop,,297.92905089287035,623.2061345250047,37.49709839153085,127.02420706961871,,,,unpicked
dyn_pax_2449,3260.0,2026-09-07 09:54:20,521766175#3,company|restaurant|subway_entrance|bus_stop,,373.6701172395771,1298.610217621072,37.50319695740621,127.02490310718325,,,,unpicked
dyn_pax_2450,3261.0,2026-09-07 09:54:21,305539406,company|restaurant|subway_entrance,,566.389495917364,736.5285064605782,37.49816998085155,127.02721550408178,,,,unpicked
dyn_pax_2451,3263.0,2026-09-07 09:54:23,541692164#1,subway_entrance,,271.6277521231475,1406.6420105391767,37.5041508337347,127.02372362926798,,,,unpicked
dyn_pax_2452,3263.0,2026-09-07 09:54:23,-557469300#1,restaurant,,739.5265057687212,1049.0561556697721,37.5010180173999,127.02909905278416,,,,unpicked
dyn_pax_2453,3264.0,2026-09-07 09:54:24,521770116#2,company|restaurant|bus_stop,,432.3182248087171,1108.514093563608,37.50149560521279,127.02561136613096,,,,unpicked
dyn_pax_2454,3264.0,2026-09-07 09:54:24,805827757#0,restaurant,,762.3138727549854,912.1862152730512,37.49978934916138,127.02938912364917,3318.0,54.0,taxi_respawn_7,picked
dyn_pax_2455,3266.0,2026-09-07 09:54:26,1117538957#3,restaurant|subway_entrance|bus_stop,,465.5082521847807,644.8780924026132,37.49732530507706,127.02609663221197,,,,unpicked
dyn_pax_2456,3268.0,2026-09-07 09:54:28,-542367267#1,bus_stop,,247.51018316686128,1414.7184918773391,37.504219024473855,127.02344900430944,,,,unpicked
dyn_pax_2457,3269.0,2026-09-07 09:54:29,375049565#6,restaurant|subway_entrance|bus_stop,,789.5153251748014,798.8522330112556,37.49877353199428,127.02972351946808,,,,unpicked
dyn_pax_2458,3269.0,2026-09-07 09:54:29,-309155295#4,residential|restaurant,,966.4689567179357,639.4784987131154,37.49737120494098,127.0317619612052,3540.0,271.0,taxi_respawn_6,picked
dyn_pax_2459,3270.0,2026-09-07 09:54:30,521766180#1,company|restaurant|bus_stop,,466.73410130235357,1169.2838037446552,37.502049542882666,127.02598608796039,,,,unpicked
dyn_pax_2460,3271.0,2026-09-07 09:54:31,1117538957#3,restaurant|subway_entrance|bus_stop,,465.5082521847807,644.8780924026132,37.49732530507706,127.02609663221197,,,,unpicked
dyn_pax_2461,3272.0,2026-09-07 09:54:32,417933642#0,restaurant|bus_stop,,1041.0954363710525,463.30841921497654,37.49579826441859,127.03264736696761,,,,unpicked
dyn_pax_2462,3272.0,2026-09-07 09:54:32,129731852,restaurant,,626.5739131314494,885.3301415107766,37.499521799012015,127.0278607124155,,,,unpicked
dyn_pax_2463,3274.0,2026-09-07 09:54:34,541692164#1,subway_entrance,,271.6277521231475,1406.6420105391767,37.5041508337347,127.02372362926798,,,,unpicked
dyn_pax_2464,3275.0,2026-09-07 09:54:35,417933642#0,restaurant|bus_stop,,1041.0954363710525,463.30841921497654,37.49579826441859,127.03264736696761,,,,unpicked
dyn_pax_2465,3277.0,2026-09-07 09:54:37,218857636#1,residential|company|restaurant|bus_stop,,297.92905089287035,623.2061345250047,37.49709839153085,127.02420706961871,,,,unpicked
dyn_pax_2466,3278.0,2026-09-07 09:54:38,521770119#0,restaurant|bus_stop,,548.9831206778387,935.1148840516827,37.499955620541705,127.02697161236954,,,,unpicked
dyn_pax_2467,3280.0,2026-09-07 09:54:40,521766180#1,company|restaurant|bus_stop,,466.73410130235357,1169.2838037446552,37.502049542882666,127.02598608796039,,,,unpicked
dyn_pax_2468,3281.0,2026-09-07 09:54:41,218877837#2,company|restaurant|bus_stop,,479.4555212141038,978.0213907550284,37.500328997763305,127.02617530290202,,,,unpicked
dyn_pax_2469,3281.0,2026-09-07 09:54:41,-417933646#4,company|restaurant,,761.9867537178288,747.7080569325292,37.49830761500862,127.02942437673002,3551.0,270.0,taxi_respawn_33,picked
dyn_pax_2470,3283.0,2026-09-07 09:54:43,1376141183#0,bus_stop,,548.2528111146681,901.2117688498424,37.49965007283687,127.02697139402301,,,,unpicked
dyn_pax_2471,3284.0,2026-09-07 09:54:44,521770119#1,restaurant|bus_stop,,527.3115514435282,995.8620162900467,37.50049875494786,127.02671217090477,,,,unpicked
dyn_pax_2472,3285.0,2026-09-07 09:54:45,-129731857#1,restaurant,,773.0987126859483,849.1784152186673,37.4992237894183,127.02952598601298,3365.0,80.0,taxi_39,picked
dyn_pax_2473,3287.0,2026-09-07 09:54:47,506191135#3,residential|company|restaurant|bus_stop,,238.79972345576414,789.4714057742513,37.49858497042428,127.023499044737,,,,unpicked
dyn_pax_2474,3288.0,2026-09-07 09:54:48,-129731721#2,company|restaurant,,388.6558839574922,820.9778890483499,37.49889713764622,127.02518592115393,,,,unpicked
dyn_pax_2475,3289.0,2026-09-07 09:54:49,-542367267#1,bus_stop,,247.51018316686128,1414.7184918773391,37.504219024473855,127.02344900430944,,,,unpicked
dyn_pax_2476,3291.0,2026-09-07 09:54:51,1117538957#3,restaurant|subway_entrance|bus_stop,,465.5082521847807,644.8780924026132,37.49732530507706,127.02609663221197,,,,unpicked
dyn_pax_2477,3292.0,2026-09-07 09:54:52,305539406,company|restaurant|subway_entrance,,566.389495917364,736.5285064605782,37.49816998085155,127.02721550408178,,,,unpicked
dyn_pax_2478,3293.0,2026-09-07 09:54:53,-417750336#5,restaurant,,886.0343029737398,891.1232225857099,37.499622942823265,127.030792984823,,,,unpicked
dyn_pax_2479,3294.0,2026-09-07 09:54:54,521770119#0,restaurant|bus_stop,,548.9831206778387,935.1148840516827,37.499955620541705,127.02697161236954,,,,unpicked
dyn_pax_2480,3295.0,2026-09-07 09:54:55,218877837#2,company|restaurant|bus_stop,,479.4555212141038,978.0213907550284,37.500328997763305,127.02617530290202,,,,unpicked
dyn_pax_2481,3297.0,2026-09-07 09:54:57,218864491#0,restaurant|bus_stop,,769.9803916976219,760.1217113917903,37.49842094941813,127.02951181742357,,,,unpicked
dyn_pax_2482,3297.0,2026-09-07 09:54:57,542367267#1,company|restaurant,,199.26981683313872,1381.121508122661,37.50390724154084,127.02291151664822,3504.0,207.0,taxi_respawn_30,picked
dyn_pax_2483,3298.0,2026-09-07 09:54:58,1117538958#3,bus_stop,,160.18899290588462,540.6019911995099,37.49632820280781,127.02266936696756,,,,unpicked
dyn_pax_2484,3300.0,2026-09-07 09:55:00,1376141182#0,bus_stop,,385.7154046370183,1301.0311255965628,37.50322104370192,127.02503873135461,,,,unpicked
dyn_pax_2485,3301.0,2026-09-07 09:55:01,521770119#1,restaurant|bus_stop,,527.3115514435282,995.8620162900467,37.50049875494786,127.02671217090477,,,,unpicked
dyn_pax_2486,3302.0,2026-09-07 09:55:02,521766175#3,company|restaurant|subway_entrance|bus_stop,,373.6701172395771,1298.610217621072,37.50319695740621,127.02490310718325,,,,unpicked
dyn_pax_2487,3302.0,2026-09-07 09:55:02,-117790045#2,restaurant,,502.6238788004042,1360.6315306450858,37.50378004402999,127.0263465049606,,,,unpicked
dyn_pax_2488,3304.0,2026-09-07 09:55:04,417933642#0,restaurant|bus_stop,,1041.0954363710525,463.30841921497654,37.49579826441859,127.03264736696761,,,,unpicked
dyn_pax_2489,3306.0,2026-09-07 09:55:06,-542367267#1,bus_stop,,247.51018316686128,1414.7184918773391,37.504219024473855,127.02344900430944,,,,unpicked
dyn_pax_2490,3307.0,2026-09-07 09:55:07,1229817205#1,residential|bus_stop,,631.6400080768872,572.7061575261558,37.49670653972221,127.02799208080955,,,,unpicked
dyn_pax_2491,3309.0,2026-09-07 09:55:09,218857636#1,residential|company|restaurant|bus_stop,,297.92905089287035,623.2061345250047,37.49709839153085,127.02420706961871,,,,unpicked
dyn_pax_2492,3310.0,2026-09-07 09:55:10,-506191135#22,residential|company|restaurant|bus_stop,,38.693950105848444,1321.9513167019495,37.50334380565249,127.02110990869835,,,,unpicked
dyn_pax_2493,3312.0,2026-09-07 09:55:12,-417933645#2,company|restaurant|subway_entrance,,701.1658676593129,719.5455833044954,37.49804244093877,127.02874337560036,,,,unpicked
dyn_pax_2494,3312.0,2026-09-07 09:55:12,-504509918#2,company|restaurant|bus_stop,,398.9694242295193,827.4758220967593,37.49895762305832,127.02530099003066,3561.0,249.0,taxi_respawn_4,picked
dyn_pax_2495,3313.0,2026-09-07 09:55:13,521770116#2,company|restaurant|bus_stop,,432.3182248087171,1108.514093563608,37.50149560521279,127.02561136613096,,,,unpicked
dyn_pax_2496,3313.0,2026-09-07 09:55:13,-129731857#1,restaurant,,773.0987126859483,849.1784152186673,37.4992237894183,127.02952598601298,3600.0,287.0,taxi_1,picked
dyn_pax_2497,3315.0,2026-09-07 09:55:15,1117538957#3,restaurant|subway_entrance|bus_stop,,465.5082521847807,644.8780924026132,37.49732530507706,127.02609663221197,,,,unpicked
dyn_pax_2498,3316.0,2026-09-07 09:55:16,-256787796#5,restaurant,,631.1882908445458,865.4152262944223,37.499343270516576,127.02791760566556,,,,unpicked
dyn_pax_2499,3316.0,2026-09-07 09:55:16,129733424#0,restaurant,,719.7944869540754,1033.9950883209078,37.500878618503414,127.0288795122034,3434.0,118.0,taxi_5,picked
dyn_pax_2500,3317.0,2026-09-07 09:55:17,480850873,company|restaurant|bus_stop,,548.1935052770749,708.5896639848544,37.49791486187585,127.0270163956136,3421.0,104.0,taxi_26,picked
dyn_pax_2501,3317.0,2026-09-07 09:55:17,218857636#1,residential|company|restaurant|bus_stop,,297.92905089287035,623.2061345250047,37.49709839153085,127.02420706961871,,,,unpicked
dyn_pax_2502,3318.0,2026-09-07 09:55:18,520307304#0,school|subway_entrance|bus_stop,,602.6035134310263,763.145495629718,37.498416594724866,127.02761864854104,,,,unpicked
dyn_pax_2503,3320.0,2026-09-07 09:55:20,218873820#0,restaurant|subway_entrance|bus_stop,,628.9829311132032,562.4061665928522,37.49661325243901,127.02796447999128,,,,unpicked
dyn_pax_2504,3321.0,2026-09-07 09:55:21,520307304#0,school|subway_entrance|bus_stop,,602.6035134310263,763.145495629718,37.498416594724866,127.02761864854104,,,,unpicked
dyn_pax_2505,3322.0,2026-09-07 09:55:22,-309155295#4,residential|restaurant,,966.4689567179357,639.4784987131154,37.49737120494098,127.0317619612052,,,,unpicked
dyn_pax_2506,3323.0,2026-09-07 09:55:23,417731530,company|restaurant,,191.66975375905443,1429.5779711342507,37.5043423120142,127.02281406437154,3518.0,195.0,taxi_33,picked
dyn_pax_2507,3324.0,2026-09-07 09:55:24,417933642#0,restaurant|bus_stop,,1041.0954363710525,463.30841921497654,37.49579826441859,127.03264736696761,,,,unpicked
dyn_pax_2508,3325.0,2026-09-07 09:55:25,-417750337#4,restaurant,,542.6552277079157,1139.0745154802132,37.5017917560025,127.02685169754334,,,,unpicked
dyn_pax_2509,3325.0,2026-09-07 09:55:25,379463134#4,restaurant,,574.4815382344308,1284.0756787717605,37.50310398350559,127.02717717678497,,,,unpicked
dyn_pax_2510,3326.0,2026-09-07 09:55:26,-506191135#22,residential|company|restaurant|bus_stop,,38.693950105848444,1321.9513167019495,37.50334380565249,127.02110990869835,,,,unpicked
dyn_pax_2511,3327.0,2026-09-07 09:55:27,1229817205#0,company|subway_entrance|bus_stop,,599.2457558679199,652.2907550986157,37.497417346160496,127.02760695963683,,,,unpicked
dyn_pax_2512,3327.0,2026-09-07 09:55:27,417933642#0,restaurant|bus_stop,,1041.0954363710525,463.30841921497654,37.49579826441859,127.03264736696761,,,,unpicked
dyn_pax_2513,3329.0,2026-09-07 09:55:29,-417933645#2,company|restaurant|subway_entrance,,701.1658676593129,719.5455833044954,37.49804244093877,127.02874337560036,,,,unpicked
dyn_pax_2514,3329.0,2026-09-07 09:55:29,-117790062#4,company,,666.6267400273903,1210.7400577041187,37.50246075614395,127.02823646445898,,,,unpicked
dyn_pax_2515,3330.0,2026-09-07 09:55:30,375049565#6,restaurant|subway_entrance|bus_stop,,789.5153251748014,798.8522330112556,37.49877353199428,127.02972351946808,,,,unpicked
dyn_pax_2516,3332.0,2026-09-07 09:55:32,375049565#6,restaurant|subway_entrance|bus_stop,,789.5153251748014,798.8522330112556,37.49877353199428,127.02972351946808,,,,unpicked
dyn_pax_2517,3333.0,2026-09-07 09:55:33,1229817205#0,company|subway_entrance|bus_stop,,599.2457558679199,652.2907550986157,37.497417346160496,127.02760695963683,,,,unpicked
dyn_pax_2518,3334.0,2026-09-07 09:55:34,521766175#1,company|restaurant|subway_entrance,,332.9365590021661,1411.5585828157227,37.504206724109,127.02441570308932,,,,unpicked
dyn_pax_2519,3335.0,2026-09-07 09:55:35,541692164#1,subway_entrance,,271.6277521231475,1406.6420105391767,37.5041508337347,127.02372362926798,,,,unpicked
dyn_pax_2520,3336.0,2026-09-07 09:55:36,521766182#1,company|restaurant|subway_entrance,,681.695169875507,539.6867345716422,37.496418539503196,127.02856584056028,,,,unpicked
dyn_pax_2521,3337.0,2026-09-07 09:55:37,417933645#2,residential|company|restaurant,,757.7944798520502,568.4010952306102,37.496691568512986,127.02941943794849,3369.0,32.0,taxi_29,picked
dyn_pax_2522,3338.0,2026-09-07 09:55:38,521770116#2,company|restaurant|bus_stop,,432.3182248087171,1108.514093563608,37.50149560521279,127.02561136613096,,,,unpicked
dyn_pax_2523,3339.0,2026-09-07 09:55:39,-376649996#1,company,,349.947152138941,1.6182517984103069,37.49150877654974,127.02494272030683,,,,unpicked
dyn_pax_2524,3340.0,2026-09-07 09:55:40,480850873,company|restaurant|bus_stop,,548.1935052770749,708.5896639848544,37.49791486187585,127.0270163956136,,,,unpicked
dyn_pax_2525,3341.0,2026-09-07 09:55:41,523141074#0,company|restaurant|subway_entrance,,524.0338794858329,871.4890157117229,37.4993777454413,127.02670460634431,,,,unpicked
dyn_pax_2526,3343.0,2026-09-07 09:55:43,1117538958#3,bus_stop,,160.18899290588462,540.6019911995099,37.49632820280781,127.02266936696756,,,,unpicked
dyn_pax_2527,3344.0,2026-09-07 09:55:44,521766182#1,company|restaurant|subway_entrance,,681.695169875507,539.6867345716422,37.496418539503196,127.02856584056028,,,,unpicked
dyn_pax_2528,3344.0,2026-09-07 09:55:44,-309155295#2,restaurant,,851.6644930724242,598.8503866590313,37.496983571544654,127.03047355257749,3435.0,91.0,taxi_20,picked
dyn_pax_2529,3346.0,2026-09-07 09:55:46,-506191135#2,residential|bus_stop,,236.19733776439384,769.6838415951818,37.49840622577806,127.02347432089968,,,,unpicked
dyn_pax_2530,3347.0,2026-09-07 09:55:47,-506191135#2,residential|bus_stop,,236.19733776439384,769.6838415951818,37.49840622577806,127.02347432089968,,,,unpicked
dyn_pax_2531,3349.0,2026-09-07 09:55:49,-504509918#2,company|restaurant|bus_stop,,398.9694242295193,827.4758220967593,37.49895762305832,127.02530099003066,,,,unpicked
dyn_pax_2532,3350.0,2026-09-07 09:55:50,521766175#3,company|restaurant|subway_entrance|bus_stop,,373.6701172395771,1298.610217621072,37.50319695740621,127.02490310718325,,,,unpicked
dyn_pax_2533,3350.0,2026-09-07 09:55:50,521766182#1,company|restaurant|subway_entrance,,681.695169875507,539.6867345716422,37.496418539503196,127.02856584056028,,,,unpicked
dyn_pax_2534,3352.0,2026-09-07 09:55:52,521770116#2,company|restaurant|bus_stop,,432.3182248087171,1108.514093563608,37.50149560521279,127.02561136613096,,,,unpicked
dyn_pax_2535,3352.0,2026-09-07 09:55:52,239962780#1,company|restaurant,,78.091042197054,1418.7355011637856,37.504223128704645,127.02153236485597,3426.0,74.0,taxi_41,picked
dyn_pax_2536,3353.0,2026-09-07 09:55:53,520307304#0,school|subway_entrance|bus_stop,,602.6035134310263,763.145495629718,37.498416594724866,127.02761864854104,,,,unpicked
dyn_pax_2537,3355.0,2026-09-07 09:55:55,-541692164#2,subway_entrance,,317.7122087179151,1441.0296574375257,37.504469327730426,127.0242365566347,,,,unpicked
dyn_pax_2538,3356.0,2026-09-07 09:55:56,1229817205#1,residential|bus_stop,,631.6400080768872,572.7061575261558,37.49670653972221,127.02799208080955,,,,unpicked
dyn_pax_2539,3358.0,2026-09-07 09:55:58,1117538957#3,restaurant|subway_entrance|bus_stop,,465.5082521847807,644.8780924026132,37.49732530507706,127.02609663221197,,,,unpicked
dyn_pax_2540,3359.0,2026-09-07 09:55:59,520307304#0,school|subway_entrance|bus_stop,,602.6035134310263,763.145495629718,37.498416594724866,127.02761864854104,,,,unpicked
dyn_pax_2541,3360.0,2026-09-07 09:56:00,417933646#2,residential|restaurant,,830.3119525357222,594.5819430897021,37.496941093289735,127.0302331440542,3407.0,47.0,taxi_respawn_33,picked
dyn_pax_2542,3361.0,2026-09-07 09:56:01,417933642#0,restaurant|bus_stop,,1041.0954363710525,463.30841921497654,37.49579826441859,127.03264736696761,,,,unpicked
dyn_pax_2543,3363.0,2026-09-07 09:56:03,521770119#1,restaurant|bus_stop,,527.3115514435282,995.8620162900467,37.50049875494786,127.02671217090477,,,,unpicked
dyn_pax_2544,3364.0,2026-09-07 09:56:04,218864491#0,restaurant|bus_stop,,769.9803916976219,760.1217113917903,37.49842094941813,127.02951181742357,,,,unpicked
dyn_pax_2545,3366.0,2026-09-07 09:56:06,480850873,company|restaurant|bus_stop,,548.1935052770749,708.5896639848544,37.49791486187585,127.0270163956136,,,,unpicked
dyn_pax_2546,3367.0,2026-09-07 09:56:07,521766175#3,company|restaurant|subway_entrance|bus_stop,,373.6701172395771,1298.610217621072,37.50319695740621,127.02490310718325,,,,unpicked
dyn_pax_2547,3369.0,2026-09-07 09:56:09,541692164#1,subway_entrance,,271.6277521231475,1406.6420105391767,37.5041508337347,127.02372362926798,,,,unpicked
dyn_pax_2548,3369.0,2026-09-07 09:56:09,305539406,company|restaurant|subway_entrance,,566.389495917364,736.5285064605782,37.49816998085155,127.02721550408178,,,,unpicked
dyn_pax_2549,3370.0,2026-09-07 09:56:10,521766175#1,company|restaurant|subway_entrance,,332.9365590021661,1411.5585828157227,37.504206724109,127.02441570308932,,,,unpicked
dyn_pax_2550,3371.0,2026-09-07 09:56:11,520307304#2,restaurant,,553.737131666575,902.6336565846188,37.499663917706236,127.02703306650038,3498.0,127.0,taxi_49,picked
dyn_pax_2551,3373.0,2026-09-07 09:56:13,480850873,company|restaurant|bus_stop,,548.1935052770749,708.5896639848544,37.49791486187585,127.0270163956136,,,,unpicked
dyn_pax_2552,3374.0,2026-09-07 09:56:14,379463134#4,restaurant,,574.4815382344308,1284.0756787717605,37.50310398350559,127.02717717678497,,,,unpicked
dyn_pax_2553,3375.0,2026-09-07 09:56:15,218864491#0,restaurant|bus_stop,,769.9803916976219,760.1217113917903,37.49842094941813,127.02951181742357,,,,unpicked
dyn_pax_2554,3376.0,2026-09-07 09:56:16,375049565#6,restaurant|subway_entrance|bus_stop,,789.5153251748014,798.8522330112556,37.49877353199428,127.02972351946808,,,,unpicked
dyn_pax_2555,3378.0,2026-09-07 09:56:18,-506191135#2,residential|bus_stop,,236.19733776439384,769.6838415951818,37.49840622577806,127.02347432089968,,,,unpicked
dyn_pax_2556,3379.0,2026-09-07 09:56:19,520307304#0,school|subway_entrance|bus_stop,,602.6035134310263,763.145495629718,37.498416594724866,127.02761864854104,,,,unpicked
dyn_pax_2557,3380.0,2026-09-07 09:56:20,129731858#2,restaurant,,783.9672744139122,855.548332172334,37.49928322221005,127.02964736483162,,,,unpicked
dyn_pax_2558,3381.0,2026-09-07 09:56:21,523141074#0,company|restaurant|subway_entrance,,524.0338794858329,871.4890157117229,37.4993777454413,127.02670460634431,,,,unpicked
dyn_pax_2559,3382.0,2026-09-07 09:56:22,1117538957#3,restaurant|subway_entrance|bus_stop,,465.5082521847807,644.8780924026132,37.49732530507706,127.02609663221197,,,,unpicked
dyn_pax_2560,3383.0,2026-09-07 09:56:23,239962780#1,company|restaurant,,78.091042197054,1418.7355011637856,37.504223128704645,127.02153236485597,,,,unpicked
dyn_pax_2561,3383.0,2026-09-07 09:56:23,-541692164#2,subway_entrance,,317.7122087179151,1441.0296574375257,37.504469327730426,127.0242365566347,,,,unpicked
dyn_pax_2562,3384.0,2026-09-07 09:56:24,1229817205#0,company|subway_entrance|bus_stop,,599.2457558679199,652.2907550986157,37.497417346160496,127.02760695963683,,,,unpicked
dyn_pax_2563,3385.0,2026-09-07 09:56:25,521766182#1,company|restaurant|subway_entrance,,681.695169875507,539.6867345716422,37.496418539503196,127.02856584056028,,,,unpicked
dyn_pax_2564,3386.0,2026-09-07 09:56:26,-379463124,restaurant,,592.9390816363945,1268.4136255899298,37.5029663815994,127.02738959394404,,,,unpicked
dyn_pax_2565,3387.0,2026-09-07 09:56:27,1229817205#0,company|subway_entrance|bus_stop,,599.2457558679199,652.2907550986157,37.497417346160496,127.02760695963683,,,,unpicked
dyn_pax_2566,3388.0,2026-09-07 09:56:28,-309155295#0,restaurant,,747.4684617800942,561.8059110120743,37.49663020867341,127.0293042509181,3527.0,139.0,taxi_respawn_17,picked
dyn_pax_2567,3389.0,2026-09-07 09:56:29,178441450#1,residential|company|restaurant|bus_stop,,282.90243066757296,609.4157395563556,37.496971320837204,127.02404044855805,,,,unpicked
dyn_pax_2568,3390.0,2026-09-07 09:56:30,520307304#0,school|subway_entrance|bus_stop,,602.6035134310263,763.145495629718,37.498416594724866,127.02761864854104,,,,unpicked
dyn_pax_2569,3392.0,2026-09-07 09:56:32,218873820#0,restaurant|subway_entrance|bus_stop,,628.9829311132032,562.4061665928522,37.49661325243901,127.02796447999128,,,,unpicked
dyn_pax_2570,3393.0,2026-09-07 09:56:33,1117538958#3,bus_stop,,160.18899290588462,540.6019911995099,37.49632820280781,127.02266936696756,,,,unpicked
dyn_pax_2571,3395.0,2026-09-07 09:56:35,417933642#0,restaurant|bus_stop,,1041.0954363710525,463.30841921497654,37.49579826441859,127.03264736696761,,,,unpicked
dyn_pax_2572,3395.0,2026-09-07 09:56:35,417933645#2,residential|company|restaurant,,757.7944798520502,568.4010952306102,37.496691568512986,127.02941943794849,,,,unpicked
dyn_pax_2573,3396.0,2026-09-07 09:56:36,-506191135#22,residential|company|restaurant|bus_stop,,38.693950105848444,1321.9513167019495,37.50334380565249,127.02110990869835,,,,unpicked
dyn_pax_2574,3396.0,2026-09-07 09:56:36,-506191135#2,residential|bus_stop,,236.19733776439384,769.6838415951818,37.49840622577806,127.02347432089968,,,,unpicked
dyn_pax_2575,3397.0,2026-09-07 09:56:37,506191135#3,residential|company|restaurant|bus_stop,,238.79972345576414,789.4714057742513,37.49858497042428,127.023499044737,,,,unpicked
dyn_pax_2576,3397.0,2026-09-07 09:56:37,-117790039#2,company|restaurant,,1017.0012393074795,990.846024966068,37.5005459641277,127.03225021068775,,,,unpicked
dyn_pax_2577,3398.0,2026-09-07 09:56:38,375049565#6,restaurant|subway_entrance|bus_stop,,789.5153251748014,798.8522330112556,37.49877353199428,127.02972351946808,,,,unpicked
dyn_pax_2578,3399.0,2026-09-07 09:56:39,506191135#3,residential|company|restaurant|bus_stop,,238.79972345576414,789.4714057742513,37.49858497042428,127.023499044737,,,,unpicked
dyn_pax_2579,3401.0,2026-09-07 09:56:41,521766182#1,company|restaurant|subway_entrance,,681.695169875507,539.6867345716422,37.496418539503196,127.02856584056028,,,,unpicked
dyn_pax_2580,3401.0,2026-09-07 09:56:41,-379463134#2,restaurant,,527.5499142349145,1277.2476095039178,37.503033607059436,127.02664812966836,,,,unpicked
dyn_pax_2581,3401.0,2026-09-07 09:56:41,521770119#0,restaurant|bus_stop,,548.9831206778387,935.1148840516827,37.499955620541705,127.02697161236954,,,,unpicked
dyn_pax_2582,3402.0,2026-09-07 09:56:42,521766175#3,company|restaurant|subway_entrance|bus_stop,,373.6701172395771,1298.610217621072,37.50319695740621,127.02490310718325,,,,unpicked
dyn_pax_2583,3403.0,2026-09-07 09:56:43,-117790039#2,company|restaurant,,1017.0012393074795,990.846024966068,37.5005459641277,127.03225021068775,,,,unpicked
dyn_pax_2584,3404.0,2026-09-07 09:56:44,521766175#1,company|restaurant|subway_entrance,,332.9365590021661,1411.5585828157227,37.504206724109,127.02441570308932,,,,unpicked
dyn_pax_2585,3405.0,2026-09-07 09:56:45,-506191135#2,residential|bus_stop,,236.19733776439384,769.6838415951818,37.49840622577806,127.02347432089968,,,,unpicked
dyn_pax_2586,3407.0,2026-09-07 09:56:47,521770119#0,restaurant|bus_stop,,548.9831206778387,935.1148840516827,37.499955620541705,127.02697161236954,,,,unpicked
dyn_pax_2587,3408.0,2026-09-07 09:56:48,1229817205#0,company|subway_entrance|bus_stop,,599.2457558679199,652.2907550986157,37.497417346160496,127.02760695963683,,,,unpicked
dyn_pax_2588,3410.0,2026-09-07 09:56:50,-417933645#2,company|restaurant|subway_entrance,,701.1658676593129,719.5455833044954,37.49804244093877,127.02874337560036,,,,unpicked
dyn_pax_2589,3411.0,2026-09-07 09:56:51,129731859#0,restaurant,,636.6446621144157,858.1896913104493,37.49927921090336,127.0279810114602,,,,unpicked
dyn_pax_2590,3412.0,2026-09-07 09:56:52,375049565#6,restaurant|subway_entrance|bus_stop,,789.5153251748014,798.8522330112556,37.49877353199428,127.02972351946808,,,,unpicked
dyn_pax_2591,3413.0,2026-09-07 09:56:53,523141074#0,company|restaurant|subway_entrance,,524.0338794858329,871.4890157117229,37.4993777454413,127.02670460634431,,,,unpicked
dyn_pax_2592,3414.0,2026-09-07 09:56:54,628232693#0,company|restaurant,,644.2623295929467,660.168099777976,37.49749680792099,127.0281140674837,3511.0,97.0,taxi_respawn_7,picked
dyn_pax_2593,3415.0,2026-09-07 09:56:55,-541692164#2,subway_entrance,,317.7122087179151,1441.0296574375257,37.504469327730426,127.0242365566347,,,,unpicked
dyn_pax_2594,3416.0,2026-09-07 09:56:56,1376141183#0,bus_stop,,548.2528111146681,901.2117688498424,37.49965007283687,127.02697139402301,,,,unpicked
dyn_pax_2595,3418.0,2026-09-07 09:56:58,1229817205#1,residential|bus_stop,,631.6400080768872,572.7061575261558,37.49670653972221,127.02799208080955,,,,unpicked
dyn_pax_2596,3419.0,2026-09-07 09:56:59,521770119#0,restaurant|bus_stop,,548.9831206778387,935.1148840516827,37.499955620541705,127.02697161236954,,,,unpicked
dyn_pax_2597,3419.0,2026-09-07 09:56:59,1376141183#0,bus_stop,,548.2528111146681,901.2117688498424,37.49965007283687,127.02697139402301,,,,unpicked
dyn_pax_2598,3421.0,2026-09-07 09:57:01,-506191135#2,residential|bus_stop,,236.19733776439384,769.6838415951818,37.49840622577806,127.02347432089968,,,,unpicked
dyn_pax_2599,3422.0,2026-09-07 09:57:02,218873820#0,restaurant|subway_entrance|bus_stop,,628.9829311132032,562.4061665928522,37.49661325243901,127.02796447999128,,,,unpicked
dyn_pax_2600,3424.0,2026-09-07 09:57:04,218877837#2,company|restaurant|bus_stop,,479.4555212141038,978.0213907550284,37.500328997763305,127.02617530290202,,,,unpicked
dyn_pax_2601,3425.0,2026-09-07 09:57:05,506191135#3,residential|company|restaurant|bus_stop,,238.79972345576414,789.4714057742513,37.49858497042428,127.023499044737,,,,unpicked
dyn_pax_2602,3427.0,2026-09-07 09:57:07,218873820#0,restaurant|subway_entrance|bus_stop,,628.9829311132032,562.4061665928522,37.49661325243901,127.02796447999128,,,,unpicked
dyn_pax_2603,3428.0,2026-09-07 09:57:08,417933642#0,restaurant|bus_stop,,1041.0954363710525,463.30841921497654,37.49579826441859,127.03264736696761,,,,unpicked
dyn_pax_2604,3430.0,2026-09-07 09:57:10,521770116#2,company|restaurant|bus_stop,,432.3182248087171,1108.514093563608,37.50149560521279,127.02561136613096,,,,unpicked
dyn_pax_2605,3431.0,2026-09-07 09:57:11,521770119#1,restaurant|bus_stop,,527.3115514435282,995.8620162900467,37.50049875494786,127.02671217090477,,,,unpicked
dyn_pax_2606,3433.0,2026-09-07 09:57:13,1229817205#1,residential|bus_stop,,631.6400080768872,572.7061575261558,37.49670653972221,127.02799208080955,,,,unpicked
dyn_pax_2607,3433.0,2026-09-07 09:57:13,1229817205#0,company|subway_entrance|bus_stop,,599.2457558679199,652.2907550986157,37.497417346160496,127.02760695963683,,,,unpicked
dyn_pax_2608,3435.0,2026-09-07 09:57:15,218873820#0,restaurant|subway_entrance|bus_stop,,628.9829311132032,562.4061665928522,37.49661325243901,127.02796447999128,,,,unpicked
dyn_pax_2609,3436.0,2026-09-07 09:57:16,521766175#3,company|restaurant|subway_entrance|bus_stop,,373.6701172395771,1298.610217621072,37.50319695740621,127.02490310718325,,,,unpicked
dyn_pax_2610,3436.0,2026-09-07 09:57:16,219837933#0,residential|company,,49.0199205680682,1328.1480294371383,37.503401583976704,127.02122519296726,3542.0,106.0,taxi_18,picked
dyn_pax_2611,3438.0,2026-09-07 09:57:18,218873820#0,restaurant|subway_entrance|bus_stop,,628.9829311132032,562.4061665928522,37.49661325243901,127.02796447999128,,,,unpicked
dyn_pax_2612,3439.0,2026-09-07 09:57:19,521766175#1,company|restaurant|subway_entrance,,332.9365590021661,1411.5585828157227,37.504206724109,127.02441570308932,,,,unpicked
dyn_pax_2613,3442.0,2026-09-07 09:57:22,-541692164#2,subway_entrance,,317.7122087179151,1441.0296574375257,37.504469327730426,127.0242365566347,,,,unpicked
dyn_pax_2614,3442.0,2026-09-07 09:57:22,417933645#0,residential|restaurant,,823.1026288816429,385.61625104994533,37.49505730126708,127.03020109557775,,,,unpicked
dyn_pax_2615,3444.0,2026-09-07 09:57:24,1229817205#0,company|subway_entrance|bus_stop,,599.2457558679199,652.2907550986157,37.497417346160496,127.02760695963683,,,,unpicked
dyn_pax_2616,3445.0,2026-09-07 09:57:25,218864491#0,restaurant|bus_stop,,769.9803916976219,760.1217113917903,37.49842094941813,127.02951181742357,,,,unpicked
dyn_pax_2617,3446.0,2026-09-07 09:57:26,-309155295#0,restaurant,,747.4684617800942,561.8059110120743,37.49663020867341,127.0293042509181,3542.0,96.0,taxi_respawn_20,picked
dyn_pax_2618,3447.0,2026-09-07 09:57:27,523141074#0,company|restaurant|subway_entrance,,524.0338794858329,871.4890157117229,37.4993777454413,127.02670460634431,,,,unpicked
dyn_pax_2619,3447.0,2026-09-07 09:57:27,-117790051#4,restaurant,,448.3479635094145,1379.7889979949318,37.50394236073409,127.02572824341395,,,,unpicked
dyn_pax_2620,3448.0,2026-09-07 09:57:28,218877837#2,company|restaurant|bus_stop,,479.4555212141038,978.0213907550284,37.500328997763305,127.02617530290202,,,,unpicked
dyn_pax_2621,3450.0,2026-09-07 09:57:30,521766175#3,company|restaurant|subway_entrance|bus_stop,,373.6701172395771,1298.610217621072,37.50319695740621,127.02490310718325,,,,unpicked
dyn_pax_2622,3451.0,2026-09-07 09:57:31,521766175#3,company|restaurant|subway_entrance|bus_stop,,373.6701172395771,1298.610217621072,37.50319695740621,127.02490310718325,,,,unpicked
dyn_pax_2623,3451.0,2026-09-07 09:57:31,-506191135#22,residential|company|restaurant|bus_stop,,38.693950105848444,1321.9513167019495,37.50334380565249,127.02110990869835,,,,unpicked
dyn_pax_2624,3451.0,2026-09-07 09:57:31,521770116#2,company|restaurant|bus_stop,,432.3182248087171,1108.514093563608,37.50149560521279,127.02561136613096,,,,unpicked
dyn_pax_2625,3453.0,2026-09-07 09:57:33,521770119#0,restaurant|bus_stop,,548.9831206778387,935.1148840516827,37.499955620541705,127.02697161236954,,,,unpicked
dyn_pax_2626,3454.0,2026-09-07 09:57:34,541692164#1,subway_entrance,,271.6277521231475,1406.6420105391767,37.5041508337347,127.02372362926798,,,,unpicked
dyn_pax_2627,3454.0,2026-09-07 09:57:34,521770119#0,restaurant|bus_stop,,548.9831206778387,935.1148840516827,37.499955620541705,127.02697161236954,,,,unpicked
dyn_pax_2628,3456.0,2026-09-07 09:57:36,480850873,company|restaurant|bus_stop,,548.1935052770749,708.5896639848544,37.49791486187585,127.0270163956136,,,,unpicked
dyn_pax_2629,3457.0,2026-09-07 09:57:37,218873820#0,restaurant|subway_entrance|bus_stop,,628.9829311132032,562.4061665928522,37.49661325243901,127.02796447999128,,,,unpicked
dyn_pax_2630,3458.0,2026-09-07 09:57:38,309155295#0,company|restaurant,,688.2712938579457,529.5739965525526,37.49632868191341,127.02864258735015,,,,unpicked
dyn_pax_2631,3459.0,2026-09-07 09:57:39,178441450#1,residential|company|restaurant|bus_stop,,282.90243066757296,609.4157395563556,37.496971320837204,127.02404044855805,,,,unpicked
dyn_pax_2632,3461.0,2026-09-07 09:57:41,218877837#2,company|restaurant|bus_stop,,479.4555212141038,978.0213907550284,37.500328997763305,127.02617530290202,,,,unpicked
dyn_pax_2633,3462.0,2026-09-07 09:57:42,521766175#3,company|restaurant|subway_entrance|bus_stop,,373.6701172395771,1298.610217621072,37.50319695740621,127.02490310718325,,,,unpicked
dyn_pax_2634,3463.0,2026-09-07 09:57:43,-256787796#5,restaurant,,631.1882908445458,865.4152262944223,37.499343270516576,127.02791760566556,,,,unpicked
dyn_pax_2635,3464.0,2026-09-07 09:57:44,521770119#1,restaurant|bus_stop,,527.3115514435282,995.8620162900467,37.50049875494786,127.02671217090477,,,,unpicked
dyn_pax_2636,3465.0,2026-09-07 09:57:45,218877837#2,company|restaurant|bus_stop,,479.4555212141038,978.0213907550284,37.500328997763305,127.02617530290202,,,,unpicked
dyn_pax_2637,3467.0,2026-09-07 09:57:47,506191135#3,residential|company|restaurant|bus_stop,,238.79972345576414,789.4714057742513,37.49858497042428,127.023499044737,,,,unpicked
dyn_pax_2638,3468.0,2026-09-07 09:57:48,541692164#1,subway_entrance,,271.6277521231475,1406.6420105391767,37.5041508337347,127.02372362926798,,,,unpicked
dyn_pax_2639,3470.0,2026-09-07 09:57:50,218873820#0,restaurant|subway_entrance|bus_stop,,628.9829311132032,562.4061665928522,37.49661325243901,127.02796447999128,,,,unpicked
dyn_pax_2640,3470.0,2026-09-07 09:57:50,417750337#5,restaurant,,522.3387290339521,1126.7881672814829,37.50167723806998,127.02662489231146,,,,unpicked
dyn_pax_2641,3471.0,2026-09-07 09:57:51,521766180#1,company|restaurant|bus_stop,,466.73410130235357,1169.2838037446552,37.502049542882666,127.02598608796039,,,,unpicked
dyn_pax_2642,3473.0,2026-09-07 09:57:53,178441450#1,residential|company|restaurant|bus_stop,,282.90243066757296,609.4157395563556,37.496971320837204,127.02404044855805,,,,unpicked
dyn_pax_2643,3473.0,2026-09-07 09:57:53,117790051#2,restaurant,,558.5532373104973,1361.778638311631,37.503800946163,127.02697864469606,,,,unpicked
dyn_pax_2644,3474.0,2026-09-07 09:57:54,218877837#2,company|restaurant|bus_stop,,479.4555212141038,978.0213907550284,37.500328997763305,127.02617530290202,,,,unpicked
dyn_pax_2645,3474.0,2026-09-07 09:57:54,129731857#2,company,,789.9847076009492,845.2662126154856,37.499191732762846,127.02971783662417,,,,unpicked
dyn_pax_2646,3476.0,2026-09-07 09:57:56,521766182#1,company|restaurant|subway_entrance,,681.695169875507,539.6867345716422,37.496418539503196,127.02856584056028,,,,unpicked
dyn_pax_2647,3477.0,2026-09-07 09:57:57,375049565#6,restaurant|subway_entrance|bus_stop,,789.5153251748014,798.8522330112556,37.49877353199428,127.02972351946808,,,,unpicked
dyn_pax_2648,3478.0,2026-09-07 09:57:58,-506191135#2,residential|bus_stop,,236.19733776439384,769.6838415951818,37.49840622577806,127.02347432089968,,,,unpicked
dyn_pax_2649,3478.0,2026-09-07 09:57:58,-506191135#22,residential|company|restaurant|bus_stop,,38.693950105848444,1321.9513167019495,37.50334380565249,127.02110990869835,,,,unpicked
dyn_pax_2650,3479.0,2026-09-07 09:57:59,1117538957#3,restaurant|subway_entrance|bus_stop,,465.5082521847807,644.8780924026132,37.49732530507706,127.02609663221197,,,,unpicked
dyn_pax_2651,3479.0,2026-09-07 09:57:59,523141074#0,company|restaurant|subway_entrance,,524.0338794858329,871.4890157117229,37.4993777454413,127.02670460634431,,,,unpicked
dyn_pax_2652,3480.0,2026-09-07 09:58:00,520307304#0,school|subway_entrance|bus_stop,,602.6035134310263,763.145495629718,37.498416594724866,127.02761864854104,,,,unpicked
dyn_pax_2653,3482.0,2026-09-07 09:58:02,521770116#2,company|restaurant|bus_stop,,432.3182248087171,1108.514093563608,37.50149560521279,127.02561136613096,,,,unpicked
dyn_pax_2654,3482.0,2026-09-07 09:58:02,1011529829#0,school,,381.1393135972994,834.2751815073392,37.49901550234899,127.0250977784903,,,,unpicked
dyn_pax_2655,3484.0,2026-09-07 09:58:04,521770116#2,company|restaurant|bus_stop,,432.3182248087171,1108.514093563608,37.50149560521279,127.02561136613096,,,,unpicked
dyn_pax_2656,3485.0,2026-09-07 09:58:05,218857636#1,residential|company|restaurant|bus_stop,,297.92905089287035,623.2061345250047,37.49709839153085,127.02420706961871,,,,unpicked
dyn_pax_2657,3485.0,2026-09-07 09:58:05,-417750337#1,restaurant,,620.0756768942672,1248.4347545200121,37.5027915312318,127.02770116938098,3588.0,103.0,taxi_respawn_38,picked
dyn_pax_2658,3487.0,2026-09-07 09:58:07,-541692164#2,subway_entrance,,317.7122087179151,1441.0296574375257,37.504469327730426,127.0242365566347,,,,unpicked
dyn_pax_2659,3487.0,2026-09-07 09:58:07,-129731721#2,company|restaurant,,388.6558839574922,820.9778890483499,37.49889713764622,127.02518592115393,,,,unpicked
dyn_pax_2660,3488.0,2026-09-07 09:58:08,521770119#1,restaurant|bus_stop,,527.3115514435282,995.8620162900467,37.50049875494786,127.02671217090477,,,,unpicked
dyn_pax_2661,3488.0,2026-09-07 09:58:08,129731859#3,restaurant,,873.6090416568148,941.272009001338,37.50007235670303,127.03064062663523,,,,unpicked
dyn_pax_2662,3488.0,2026-09-07 09:58:08,-805827765,restaurant,,955.7439147780814,1157.0835718820576,37.50203194319751,127.03151825266303,3540.0,52.0,taxi_respawn_32,picked
dyn_pax_2663,3490.0,2026-09-07 09:58:10,305539406,company|restaurant|subway_entrance,,566.389495917364,736.5285064605782,37.49816998085155,127.02721550408178,,,,unpicked
dyn_pax_2664,3490.0,2026-09-07 09:58:10,494824662#3,company|restaurant|subway_entrance,,729.424850252167,406.6843378518681,37.49522941823122,127.02913698209235,,,,unpicked
dyn_pax_2665,3490.0,2026-09-07 09:58:10,1229817205#0,company|subway_entrance|bus_stop,,599.2457558679199,652.2907550986157,37.497417346160496,127.02760695963683,,,,unpicked
dyn_pax_2666,3491.0,2026-09-07 09:58:11,-541692164#2,subway_entrance,,317.7122087179151,1441.0296574375257,37.504469327730426,127.0242365566347,,,,unpicked
dyn_pax_2667,3491.0,2026-09-07 09:58:11,-417750337#1,restaurant,,620.0756768942672,1248.4347545200121,37.5027915312318,127.02770116938098,,,,unpicked
dyn_pax_2668,3493.0,2026-09-07 09:58:13,178441450#1,residential|company|restaurant|bus_stop,,282.90243066757296,609.4157395563556,37.496971320837204,127.02404044855805,,,,unpicked
dyn_pax_2669,3494.0,2026-09-07 09:58:14,1117538957#3,restaurant|subway_entrance|bus_stop,,465.5082521847807,644.8780924026132,37.49732530507706,127.02609663221197,,,,unpicked
dyn_pax_2670,3495.0,2026-09-07 09:58:15,1376141182#0,bus_stop,,385.7154046370183,1301.0311255965628,37.50322104370192,127.02503873135461,,,,unpicked
dyn_pax_2671,3496.0,2026-09-07 09:58:16,1117538958#3,bus_stop,,160.18899290588462,540.6019911995099,37.49632820280781,127.02266936696756,,,,unpicked
dyn_pax_2672,3497.0,2026-09-07 09:58:17,218857636#1,residential|company|restaurant|bus_stop,,297.92905089287035,623.2061345250047,37.49709839153085,127.02420706961871,,,,unpicked
dyn_pax_2673,3499.0,2026-09-07 09:58:19,521770119#0,restaurant|bus_stop,,548.9831206778387,935.1148840516827,37.499955620541705,127.02697161236954,,,,unpicked
dyn_pax_2674,3500.0,2026-09-07 09:58:20,218864491#0,restaurant|bus_stop,,769.9803916976219,760.1217113917903,37.49842094941813,127.02951181742357,,,,unpicked
dyn_pax_2675,3502.0,2026-09-07 09:58:22,305539406,company|restaurant|subway_entrance,,566.389495917364,736.5285064605782,37.49816998085155,127.02721550408178,,,,unpicked
dyn_pax_2676,3503.0,2026-09-07 09:58:23,-541692164#2,subway_entrance,,317.7122087179151,1441.0296574375257,37.504469327730426,127.0242365566347,,,,unpicked
dyn_pax_2677,3503.0,2026-09-07 09:58:23,1056882877#3,residential|company|restaurant,,365.79280968467333,433.0557487307964,37.495398294451746,127.02501948586043,,,,unpicked
dyn_pax_2678,3505.0,2026-09-07 09:58:25,506191135#3,residential|company|restaurant|bus_stop,,238.79972345576414,789.4714057742513,37.49858497042428,127.023499044737,,,,unpicked
dyn_pax_2679,3507.0,2026-09-07 09:58:27,520307304#0,school|subway_entrance|bus_stop,,602.6035134310263,763.145495629718,37.498416594724866,127.02761864854104,,,,unpicked
dyn_pax_2680,3508.0,2026-09-07 09:58:28,541692164#1,subway_entrance,,271.6277521231475,1406.6420105391767,37.5041508337347,127.02372362926798,,,,unpicked
dyn_pax_2681,3510.0,2026-09-07 09:58:30,1229817205#1,residential|bus_stop,,631.6400080768872,572.7061575261558,37.49670653972221,127.02799208080955,,,,unpicked
dyn_pax_2682,3510.0,2026-09-07 09:58:30,417933645#0,residential|restaurant,,823.1026288816429,385.61625104994533,37.49505730126708,127.03020109557775,,,,unpicked
dyn_pax_2683,3511.0,2026-09-07 09:58:31,1117538958#3,bus_stop,,160.18899290588462,540.6019911995099,37.49632820280781,127.02266936696756,,,,unpicked
dyn_pax_2684,3512.0,2026-09-07 09:58:32,-542367267#0,company,,179.75773525047865,1390.7576253945435,37.50399035207237,127.02268859703804,3528.0,16.0,taxi_32,picked
dyn_pax_2685,3513.0,2026-09-07 09:58:33,-506191135#2,residential|bus_stop,,236.19733776439384,769.6838415951818,37.49840622577806,127.02347432089968,,,,unpicked
dyn_pax_2686,3513.0,2026-09-07 09:58:33,309155295#3,restaurant,,868.2249250208004,595.011595969151,37.496952113096654,127.03066169877924,3540.0,27.0,taxi_6,picked
dyn_pax_2687,3514.0,2026-09-07 09:58:34,521766175#3,company|restaurant|subway_entrance|bus_stop,,373.6701172395771,1298.610217621072,37.50319695740621,127.02490310718325,,,,unpicked
dyn_pax_2688,3516.0,2026-09-07 09:58:36,506191135#3,residential|company|restaurant|bus_stop,,238.79972345576414,789.4714057742513,37.49858497042428,127.023499044737,,,,unpicked
dyn_pax_2689,3516.0,2026-09-07 09:58:36,218857636#1,residential|company|restaurant|bus_stop,,297.92905089287035,623.2061345250047,37.49709839153085,127.02420706961871,,,,unpicked
dyn_pax_2690,3517.0,2026-09-07 09:58:37,1117538957#3,restaurant|subway_entrance|bus_stop,,465.5082521847807,644.8780924026132,37.49732530507706,127.02609663221197,,,,unpicked
dyn_pax_2691,3517.0,2026-09-07 09:58:37,-805827765,restaurant,,955.7439147780814,1157.0835718820576,37.50203194319751,127.03151825266303,,,,unpicked
dyn_pax_2692,3519.0,2026-09-07 09:58:39,521766182#1,company|restaurant|subway_entrance,,681.695169875507,539.6867345716422,37.496418539503196,127.02856584056028,,,,unpicked
dyn_pax_2693,3520.0,2026-09-07 09:58:40,521766180#1,company|restaurant|bus_stop,,466.73410130235357,1169.2838037446552,37.502049542882666,127.02598608796039,,,,unpicked
dyn_pax_2694,3522.0,2026-09-07 09:58:42,1229817205#0,company|subway_entrance|bus_stop,,599.2457558679199,652.2907550986157,37.497417346160496,127.02760695963683,,,,unpicked
dyn_pax_2695,3522.0,2026-09-07 09:58:42,-379232133,restaurant,,887.8909311741835,528.8139035551092,37.496359489964284,127.03089971288236,,,,unpicked
dyn_pax_2696,3523.0,2026-09-07 09:58:43,506191135#3,residential|company|restaurant|bus_stop,,238.79972345576414,789.4714057742513,37.49858497042428,127.023499044737,,,,unpicked
dyn_pax_2697,3525.0,2026-09-07 09:58:45,218857636#1,residential|company|restaurant|bus_stop,,297.92905089287035,623.2061345250047,37.49709839153085,127.02420706961871,,,,unpicked
dyn_pax_2698,3526.0,2026-09-07 09:58:46,218864491#0,restaurant|bus_stop,,769.9803916976219,760.1217113917903,37.49842094941813,127.02951181742357,,,,unpicked
dyn_pax_2699,3528.0,2026-09-07 09:58:48,218873820#0,restaurant|subway_entrance|bus_stop,,628.9829311132032,562.4061665928522,37.49661325243901,127.02796447999128,,,,unpicked
dyn_pax_2700,3529.0,2026-09-07 09:58:49,521770119#0,restaurant|bus_stop,,548.9831206778387,935.1148840516827,37.499955620541705,127.02697161236954,,,,unpicked
dyn_pax_2701,3531.0,2026-09-07 09:58:51,1229817205#1,residential|bus_stop,,631.6400080768872,572.7061575261558,37.49670653972221,127.02799208080955,,,,unpicked
dyn_pax_2702,3532.0,2026-09-07 09:58:52,805827757#0,restaurant,,762.3138727549854,912.1862152730512,37.49978934916138,127.02938912364917,3583.0,51.0,taxi_12,picked
dyn_pax_2703,3533.0,2026-09-07 09:58:53,520307304#0,school|subway_entrance|bus_stop,,602.6035134310263,763.145495629718,37.498416594724866,127.02761864854104,,,,unpicked
dyn_pax_2704,3534.0,2026-09-07 09:58:54,218857636#1,residential|company|restaurant|bus_stop,,297.92905089287035,623.2061345250047,37.49709839153085,127.02420706961871,,,,unpicked
dyn_pax_2705,3535.0,2026-09-07 09:58:55,-417750337#6,restaurant,,503.6615133291097,1089.1021319971503,37.50133422142063,127.0264226479345,,,,unpicked
dyn_pax_2706,3536.0,2026-09-07 09:58:56,-541692164#2,subway_entrance,,317.7122087179151,1441.0296574375257,37.504469327730426,127.0242365566347,,,,unpicked
dyn_pax_2707,3537.0,2026-09-07 09:58:57,218877837#2,company|restaurant|bus_stop,,479.4555212141038,978.0213907550284,37.500328997763305,127.02617530290202,,,,unpicked
dyn_pax_2708,3539.0,2026-09-07 09:58:59,375049565#6,restaurant|subway_entrance|bus_stop,,789.5153251748014,798.8522330112556,37.49877353199428,127.02972351946808,,,,unpicked
dyn_pax_2709,3539.0,2026-09-07 09:58:59,-117823785#1,restaurant,,983.1954817367493,635.6880668681273,37.49734021138362,127.03195197441553,,,,unpicked
dyn_pax_2710,3540.0,2026-09-07 09:59:00,1376141182#0,bus_stop,,385.7154046370183,1301.0311255965628,37.50322104370192,127.02503873135461,,,,unpicked
dyn_pax_2711,3542.0,2026-09-07 09:59:02,506191135#3,residential|company|restaurant|bus_stop,,238.79972345576414,789.4714057742513,37.49858497042428,127.023499044737,,,,unpicked
dyn_pax_2712,3543.0,2026-09-07 09:59:03,417933642#0,restaurant|bus_stop,,1041.0954363710525,463.30841921497654,37.49579826441859,127.03264736696761,,,,unpicked
dyn_pax_2713,3545.0,2026-09-07 09:59:05,506191135#3,residential|company|restaurant|bus_stop,,238.79972345576414,789.4714057742513,37.49858497042428,127.023499044737,,,,unpicked
dyn_pax_2714,3546.0,2026-09-07 09:59:06,-506191135#22,residential|company|restaurant|bus_stop,,38.693950105848444,1321.9513167019495,37.50334380565249,127.02110990869835,,,,unpicked
dyn_pax_2715,3546.0,2026-09-07 09:59:06,628232693#0,company|restaurant,,644.2623295929467,660.168099777976,37.49749680792099,127.0281140674837,,,,unpicked
dyn_pax_2716,3548.0,2026-09-07 09:59:08,521770119#0,restaurant|bus_stop,,548.9831206778387,935.1148840516827,37.499955620541705,127.02697161236954,,,,unpicked
dyn_pax_2717,3549.0,2026-09-07 09:59:09,975332778#1,bus_stop,,681.6099970732737,721.9380561808346,37.49806030190971,127.02852170075586,,,,unpicked
dyn_pax_2718,3549.0,2026-09-07 09:59:09,504509918#0,residential|restaurant,,511.83203920742636,882.9034728009249,37.49947826486711,127.02656393710718,3573.0,24.0,taxi_respawn_13,picked
dyn_pax_2719,3551.0,2026-09-07 09:59:11,1229817205#0,company|subway_entrance|bus_stop,,599.2457558679199,652.2907550986157,37.497417346160496,127.02760695963683,,,,unpicked
dyn_pax_2720,3552.0,2026-09-07 09:59:12,1117538957#3,restaurant|subway_entrance|bus_stop,,465.5082521847807,644.8780924026132,37.49732530507706,127.02609663221197,,,,unpicked
dyn_pax_2721,3554.0,2026-09-07 09:59:14,218873820#0,restaurant|subway_entrance|bus_stop,,628.9829311132032,562.4061665928522,37.49661325243901,127.02796447999128,,,,unpicked
dyn_pax_2722,3556.0,2026-09-07 09:59:16,520307304#0,school|subway_entrance|bus_stop,,602.6035134310263,763.145495629718,37.498416594724866,127.02761864854104,,,,unpicked
dyn_pax_2723,3557.0,2026-09-07 09:59:17,-541692164#2,subway_entrance,,317.7122087179151,1441.0296574375257,37.504469327730426,127.0242365566347,,,,unpicked
dyn_pax_2724,3557.0,2026-09-07 09:59:17,218877837#0,company,,455.71990885566936,1045.563527646426,37.50093295148158,127.02589090425857,,,,unpicked
dyn_pax_2725,3558.0,2026-09-07 09:59:18,521766175#3,company|restaurant|subway_entrance|bus_stop,,373.6701172395771,1298.610217621072,37.50319695740621,127.02490310718325,,,,unpicked
dyn_pax_2726,3559.0,2026-09-07 09:59:19,521766175#3,company|restaurant|subway_entrance|bus_stop,,373.6701172395771,1298.610217621072,37.50319695740621,127.02490310718325,,,,unpicked
dyn_pax_2727,3560.0,2026-09-07 09:59:20,1229817205#1,residential|bus_stop,,631.6400080768872,572.7061575261558,37.49670653972221,127.02799208080955,,,,unpicked
dyn_pax_2728,3562.0,2026-09-07 09:59:22,-417933645#2,company|restaurant|subway_entrance,,701.1658676593129,719.5455833044954,37.49804244093877,127.02874337560036,,,,unpicked
dyn_pax_2729,3563.0,2026-09-07 09:59:23,521770119#0,restaurant|bus_stop,,548.9831206778387,935.1148840516827,37.499955620541705,127.02697161236954,,,,unpicked
dyn_pax_2730,3565.0,2026-09-07 09:59:25,218873820#0,restaurant|subway_entrance|bus_stop,,628.9829311132032,562.4061665928522,37.49661325243901,127.02796447999128,,,,unpicked
dyn_pax_2731,3566.0,2026-09-07 09:59:26,-417933645#2,company|restaurant|subway_entrance,,701.1658676593129,719.5455833044954,37.49804244093877,127.02874337560036,,,,unpicked
dyn_pax_2732,3568.0,2026-09-07 09:59:28,521766182#1,company|restaurant|subway_entrance,,681.695169875507,539.6867345716422,37.496418539503196,127.02856584056028,,,,unpicked
dyn_pax_2733,3569.0,2026-09-07 09:59:29,218873820#0,restaurant|subway_entrance|bus_stop,,628.9829311132032,562.4061665928522,37.49661325243901,127.02796447999128,,,,unpicked
dyn_pax_2734,3571.0,2026-09-07 09:59:31,975332778#1,bus_stop,,681.6099970732737,721.9380561808346,37.49806030190971,127.02852170075586,,,,unpicked
dyn_pax_2735,3572.0,2026-09-07 09:59:32,417933642#0,restaurant|bus_stop,,1041.0954363710525,463.30841921497654,37.49579826441859,127.03264736696761,,,,unpicked
dyn_pax_2736,3572.0,2026-09-07 09:59:32,-913950883#1,residential|company|restaurant,,391.36286393582424,840.6655979518604,37.49907500229157,127.0252118555046,,,,unpicked
dyn_pax_2737,3573.0,2026-09-07 09:59:33,-1011529829#3,residential|restaurant,,246.84006179949273,776.1178104815556,37.49846619888778,127.02359312469504,,,,unpicked
dyn_pax_2738,3574.0,2026-09-07 09:59:34,523141074#0,company|restaurant|subway_entrance,,524.0338794858329,871.4890157117229,37.4993777454413,127.02670460634431,,,,unpicked
dyn_pax_2739,3575.0,2026-09-07 09:59:35,1117538957#3,restaurant|subway_entrance|bus_stop,,465.5082521847807,644.8780924026132,37.49732530507706,127.02609663221197,,,,unpicked
dyn_pax_2740,3577.0,2026-09-07 09:59:37,305539406,company|restaurant|subway_entrance,,566.389495917364,736.5285064605782,37.49816998085155,127.02721550408178,,,,unpicked
dyn_pax_2741,3579.0,2026-09-07 09:59:39,178441450#1,residential|company|restaurant|bus_stop,,282.90243066757296,609.4157395563556,37.496971320837204,127.02404044855805,,,,unpicked
dyn_pax_2742,3580.0,2026-09-07 09:59:40,1229817205#1,residential|bus_stop,,631.6400080768872,572.7061575261558,37.49670653972221,127.02799208080955,,,,unpicked
dyn_pax_2743,3580.0,2026-09-07 09:59:40,218877837#2,company|restaurant|bus_stop,,479.4555212141038,978.0213907550284,37.500328997763305,127.02617530290202,,,,unpicked
dyn_pax_2744,3582.0,2026-09-07 09:59:42,523141074#0,company|restaurant|subway_entrance,,524.0338794858329,871.4890157117229,37.4993777454413,127.02670460634431,,,,unpicked
dyn_pax_2745,3583.0,2026-09-07 09:59:43,218873820#0,restaurant|subway_entrance|bus_stop,,628.9829311132032,562.4061665928522,37.49661325243901,127.02796447999128,,,,unpicked
dyn_pax_2746,3585.0,2026-09-07 09:59:45,494824662#3,company|restaurant|subway_entrance,,729.424850252167,406.6843378518681,37.49522941823122,127.02913698209235,,,,unpicked
dyn_pax_2747,3585.0,2026-09-07 09:59:45,-379232161#3,restaurant,,957.578372934647,431.27964063812743,37.495494003443426,127.03171068469486,,,,unpicked
dyn_pax_2748,3586.0,2026-09-07 09:59:46,218857636#1,residential|company|restaurant|bus_stop,,297.92905089287035,623.2061345250047,37.49709839153085,127.02420706961871,,,,unpicked
dyn_pax_2749,3588.0,2026-09-07 09:59:48,521766175#3,company|restaurant|subway_entrance|bus_stop,,373.6701172395771,1298.610217621072,37.50319695740621,127.02490310718325,,,,unpicked
dyn_pax_2750,3589.0,2026-09-07 09:59:49,1117538957#3,restaurant|subway_entrance|bus_stop,,465.5082521847807,644.8780924026132,37.49732530507706,127.02609663221197,,,,unpicked
dyn_pax_2751,3591.0,2026-09-07 09:59:51,-506191135#2,residential|bus_stop,,236.19733776439384,769.6838415951818,37.49840622577806,127.02347432089968,,,,unpicked
dyn_pax_2752,3592.0,2026-09-07 09:59:52,-506191135#22,residential|company|restaurant|bus_stop,,38.693950105848444,1321.9513167019495,37.50334380565249,127.02110990869835,,,,unpicked
dyn_pax_2753,3593.0,2026-09-07 09:59:53,-26163000#3,restaurant,,588.7487146070255,1286.0705793093782,37.50312464930957,127.02733802606956,,,,unpicked
dyn_pax_2754,3594.0,2026-09-07 09:59:54,1117538958#3,bus_stop,,160.18899290588462,540.6019911995099,37.49632820280781,127.02266936696756,,,,unpicked
dyn_pax_2755,3595.0,2026-09-07 09:59:55,1229817205#0,company|subway_entrance|bus_stop,,599.2457558679199,652.2907550986157,37.497417346160496,127.02760695963683,,,,unpicked
dyn_pax_2756,3596.0,2026-09-07 09:59:56,-239954462#0,company,,177.59108854633376,1424.6091910087337,37.50429488616932,127.02265605240045,,,,unpicked
dyn_pax_2757,3597.0,2026-09-07 09:59:57,218877837#2,company|restaurant|bus_stop,,479.4555212141038,978.0213907550284,37.500328997763305,127.02617530290202,,,,unpicked
dyn_pax_2758,3598.0,2026-09-07 09:59:58,178441450#1,residential|company|restaurant|bus_stop,,282.90243066757296,609.4157395563556,37.496971320837204,127.02404044855805,,,,unpicked
dyn_pax_2759,3600.0,2026-09-07 10:00:00,-541692164#2,subway_entrance,,317.7122087179151,1441.0296574375257,37.504469327730426,127.0242365566347,,,,unpicked
