person_id,request_sec,pickup_datetime,edge_id,origin_zone,dest_category,x,y,latitude,longitude,pickup_sec,wait_sec,taxi_id,status
dyn_pax_1,3.0,2026-07-03 09:00:03,218873820#0,restaurant|subway_entrance|bus_stop,,628.9829311132032,562.4061665928522,37.49661325243901,127.02796447999128,107.0,104.0,taxi_respawn_31,picked
dyn_pax_2,6.0,2026-07-03 09:00:06,-506191135#22,residential|company|restaurant|bus_stop,,38.693950105848444,1321.9513167019495,37.50334380565249,127.02110990869835,70.0,64.0,taxi_respawn_1,picked
dyn_pax_3,9.0,2026-07-03 09:00:09,521766175#1,company|restaurant|subway_entrance,,332.9365590021661,1411.5585828157227,37.504206724109,127.02441570308932,70.0,61.0,taxi_respawn_9,picked
dyn_pax_4,11.0,2026-07-03 09:00:11,218864491#0,restaurant|bus_stop,,769.9803916976219,760.1217113917903,37.49842094941813,127.02951181742357,108.0,97.0,taxi_respawn_15,picked
dyn_pax_5,12.0,2026-07-03 09:00:12,1376141183#0,bus_stop,,548.2528111146681,901.2117688498424,37.49965007283687,127.02697139402301,144.0,132.0,taxi_15,picked
dyn_pax_6,14.0,2026-07-03 09:00:14,1376141182#0,bus_stop,,385.7154046370183,1301.0311255965628,37.50322104370192,127.02503873135461,74.0,60.0,taxi_18,picked
dyn_pax_7,15.0,2026-07-03 09:00:15,1117538957#3,restaurant|subway_entrance|bus_stop,,465.5082521847807,644.8780924026132,37.49732530507706,127.02609663221197,68.0,53.0,taxi_respawn_14,picked
dyn_pax_8,17.0,2026-07-03 09:00:17,375049565#6,restaurant|subway_entrance|bus_stop,,789.5153251748014,798.8522330112556,37.49877353199428,127.02972351946808,70.0,53.0,taxi_12,picked
dyn_pax_9,18.0,2026-07-03 09:00:18,-506191135#2,residential|bus_stop,,236.19733776439384,769.6838415951818,37.49840622577806,127.02347432089968,113.0,95.0,taxi_respawn_16,picked
dyn_pax_10,23.0,2026-07-03 09:00:23,218873820#0,restaurant|subway_entrance|bus_stop,,628.9829311132032,562.4061665928522,37.49661325243901,127.02796447999128,118.0,95.0,taxi_40,picked
dyn_pax_11,28.0,2026-07-03 09:00:28,375049565#6,restaurant|subway_entrance|bus_stop,,789.5153251748014,798.8522330112556,37.49877353199428,127.02972351946808,76.0,48.0,taxi_25,picked
dyn_pax_12,29.0,2026-07-03 09:00:29,417933642#0,restaurant|bus_stop,,1041.0954363710525,463.30841921497654,37.49579826441859,127.03264736696761,99.0,70.0,taxi_43,picked
dyn_pax_13,32.0,2026-07-03 09:00:32,-504509918#2,company|restaurant|bus_stop,,398.9694242295193,827.4758220967593,37.49895762305832,127.02530099003066,97.0,65.0,taxi_23,picked
dyn_pax_14,37.0,2026-07-03 09:00:37,-379463134#2,restaurant,,527.5499142349145,1277.2476095039178,37.503033607059436,127.02664812966836,117.0,80.0,taxi_16,picked
dyn_pax_15,38.0,2026-07-03 09:00:38,521770119#1,restaurant|bus_stop,,527.3115514435282,995.8620162900467,37.50049875494786,127.02671217090477,97.0,59.0,taxi_42,picked
dyn_pax_16,40.0,2026-07-03 09:00:40,218873820#0,restaurant|subway_entrance|bus_stop,,628.9829311132032,562.4061665928522,37.49661325243901,127.02796447999128,112.0,72.0,taxi_1,picked
dyn_pax_17,41.0,2026-07-03 09:00:41,218864491#0,restaurant|bus_stop,,769.9803916976219,760.1217113917903,37.49842094941813,127.02951181742357,121.0,80.0,taxi_3,picked
dyn_pax_18,44.0,2026-07-03 09:00:44,520307304#0,school|subway_entrance|bus_stop,,602.6035134310263,763.145495629718,37.498416594724866,127.02761864854104,227.0,183.0,taxi_20,picked
dyn_pax_19,46.0,2026-07-03 09:00:46,218857636#1,residential|company|restaurant|bus_stop,,297.92905089287035,623.2061345250047,37.49709839153085,127.02420706961871,69.0,23.0,taxi_respawn_13,picked
dyn_pax_20,47.0,2026-07-03 09:00:47,521770119#1,restaurant|bus_stop,,527.3115514435282,995.8620162900467,37.50049875494786,127.02671217090477,238.0,191.0,taxi_respawn_27,picked
dyn_pax_21,49.0,2026-07-03 09:00:49,521770119#0,restaurant|bus_stop,,548.9831206778387,935.1148840516827,37.499955620541705,127.02697161236954,127.0,78.0,taxi_6,picked
dyn_pax_22,49.0,2026-07-03 09:00:49,-129731834#1,residential,,78.2122165689223,720.9585140244731,37.49793738265588,127.02169964763026,115.0,66.0,taxi_respawn_28,picked
dyn_pax_23,51.0,2026-07-03 09:00:51,-541692164#2,subway_entrance,,317.7122087179151,1441.0296574375257,37.504469327730426,127.0242365566347,107.0,56.0,taxi_9,picked
dyn_pax_24,54.0,2026-07-03 09:00:54,218857636#1,residential|company|restaurant|bus_stop,,297.92905089287035,623.2061345250047,37.49709839153085,127.02420706961871,85.0,31.0,taxi_19,picked
dyn_pax_25,58.0,2026-07-03 09:00:58,523141074#0,company|restaurant|subway_entrance,,524.0338794858329,871.4890157117229,37.4993777454413,127.02670460634431,73.0,15.0,taxi_0,picked
dyn_pax_26,62.0,2026-07-03 09:01:02,-117790031#1,restaurant,,730.7814463439225,1053.3410552584976,37.501054966737435,127.02899915797848,166.0,104.0,taxi_respawn_37,picked
dyn_pax_27,64.0,2026-07-03 09:01:04,541692164#1,subway_entrance,,271.6277521231475,1406.6420105391767,37.5041508337347,127.02372362926798,131.0,67.0,taxi_respawn_30,picked
dyn_pax_28,66.0,2026-07-03 09:01:06,520307304#0,school|subway_entrance|bus_stop,,602.6035134310263,763.145495629718,37.498416594724866,127.02761864854104,189.0,123.0,taxi_respawn_2,picked
dyn_pax_29,67.0,2026-07-03 09:01:07,-541692164#2,subway_entrance,,317.7122087179151,1441.0296574375257,37.504469327730426,127.0242365566347,130.0,63.0,taxi_respawn_8,picked
dyn_pax_30,70.0,2026-07-03 09:01:10,218857636#1,residential|company|restaurant|bus_stop,,297.92905089287035,623.2061345250047,37.49709839153085,127.02420706961871,133.0,63.0,taxi_29,picked
dyn_pax_31,72.0,2026-07-03 09:01:12,218864491#0,restaurant|bus_stop,,769.9803916976219,760.1217113917903,37.49842094941813,127.02951181742357,128.0,56.0,taxi_13,picked
dyn_pax_32,73.0,2026-07-03 09:01:13,1117538957#3,restaurant|subway_entrance|bus_stop,,465.5082521847807,644.8780924026132,37.49732530507706,127.02609663221197,129.0,56.0,taxi_44,picked
dyn_pax_33,75.0,2026-07-03 09:01:15,-542367267#1,bus_stop,,247.51018316686128,1414.7184918773391,37.504219024473855,127.02344900430944,187.0,112.0,taxi_14,picked
dyn_pax_34,81.0,2026-07-03 09:01:21,1117538957#3,restaurant|subway_entrance|bus_stop,,465.5082521847807,644.8780924026132,37.49732530507706,127.02609663221197,158.0,77.0,taxi_27,picked
dyn_pax_35,83.0,2026-07-03 09:01:23,178441450#1,residential|company|restaurant|bus_stop,,282.90243066757296,609.4157395563556,37.496971320837204,127.02404044855805,136.0,53.0,taxi_respawn_18,picked
dyn_pax_36,84.0,2026-07-03 09:01:24,375049565#6,restaurant|subway_entrance|bus_stop,,789.5153251748014,798.8522330112556,37.49877353199428,127.02972351946808,127.0,43.0,taxi_28,picked
dyn_pax_37,87.0,2026-07-03 09:01:27,1117538958#3,bus_stop,,160.18899290588462,540.6019911995099,37.49632820280781,127.02266936696756,218.0,131.0,taxi_32,picked
dyn_pax_38,89.0,2026-07-03 09:01:29,-541692164#2,subway_entrance,,317.7122087179151,1441.0296574375257,37.504469327730426,127.0242365566347,199.0,110.0,taxi_21,picked
dyn_pax_39,95.0,2026-07-03 09:01:35,1229817205#0,company|subway_entrance|bus_stop,,599.2457558679199,652.2907550986157,37.497417346160496,127.02760695963683,148.0,53.0,taxi_46,picked
dyn_pax_40,98.0,2026-07-03 09:01:38,178441450#1,residential|company|restaurant|bus_stop,,282.90243066757296,609.4157395563556,37.496971320837204,127.02404044855805,188.0,90.0,taxi_respawn_36,picked
dyn_pax_41,101.0,2026-07-03 09:01:41,-541692164#2,subway_entrance,,317.7122087179151,1441.0296574375257,37.504469327730426,127.0242365566347,205.0,104.0,taxi_34,picked
dyn_pax_42,105.0,2026-07-03 09:01:45,805827757#0,restaurant,,762.3138727549854,912.1862152730512,37.49978934916138,127.02938912364917,148.0,43.0,taxi_respawn_4,picked
dyn_pax_43,106.0,2026-07-03 09:01:46,521770116#2,company|restaurant|bus_stop,,432.3182248087171,1108.514093563608,37.50149560521279,127.02561136613096,129.0,23.0,taxi_30,picked
dyn_pax_44,107.0,2026-07-03 09:01:47,480850873,company|restaurant|bus_stop,,548.1935052770749,708.5896639848544,37.49791486187585,127.0270163956136,192.0,85.0,taxi_respawn_24,picked
dyn_pax_45,113.0,2026-07-03 09:01:53,-417933645#2,company|restaurant|subway_entrance,,701.1658676593129,719.5455833044954,37.49804244093877,127.02874337560036,241.0,128.0,taxi_24,picked
dyn_pax_46,115.0,2026-07-03 09:01:55,523141074#0,company|restaurant|subway_entrance,,524.0338794858329,871.4890157117229,37.4993777454413,127.02670460634431,145.0,30.0,taxi_38,picked
dyn_pax_47,116.0,2026-07-03 09:01:56,521766182#1,company|restaurant|subway_entrance,,681.695169875507,539.6867345716422,37.496418539503196,127.02856584056028,184.0,68.0,taxi_respawn_35,picked
dyn_pax_48,121.0,2026-07-03 09:02:01,1117538957#3,restaurant|subway_entrance|bus_stop,,465.5082521847807,644.8780924026132,37.49732530507706,127.02609663221197,131.0,10.0,taxi_respawn_34,picked
dyn_pax_49,126.0,2026-07-03 09:02:06,480850873,company|restaurant|bus_stop,,548.1935052770749,708.5896639848544,37.49791486187585,127.0270163956136,199.0,73.0,taxi_4,picked
dyn_pax_50,129.0,2026-07-03 09:02:09,521766175#3,company|restaurant|subway_entrance|bus_stop,,373.6701172395771,1298.610217621072,37.50319695740621,127.02490310718325,210.0,81.0,taxi_45,picked
dyn_pax_51,130.0,2026-07-03 09:02:10,521770119#1,restaurant|bus_stop,,527.3115514435282,995.8620162900467,37.50049875494786,127.02671217090477,190.0,60.0,taxi_26,picked
dyn_pax_52,132.0,2026-07-03 09:02:12,521766175#1,company|restaurant|subway_entrance,,332.9365590021661,1411.5585828157227,37.504206724109,127.02441570308932,205.0,73.0,taxi_respawn_23,picked
dyn_pax_53,133.0,2026-07-03 09:02:13,-129731858#3,restaurant,,760.2046779472714,898.6469063162286,37.49966698472747,127.02936848203807,215.0,82.0,taxi_17,picked
dyn_pax_54,136.0,2026-07-03 09:02:16,1376141183#0,bus_stop,,548.2528111146681,901.2117688498424,37.49965007283687,127.02697139402301,209.0,73.0,taxi_respawn_33,picked
dyn_pax_55,143.0,2026-07-03 09:02:23,117790041#3,restaurant,,485.8172797724441,1249.4366376844557,37.50277519064896,127.0261828476699,207.0,64.0,taxi_respawn_22,picked
dyn_pax_56,145.0,2026-07-03 09:02:25,375049565#6,restaurant|subway_entrance|bus_stop,,789.5153251748014,798.8522330112556,37.49877353199428,127.02972351946808,206.0,61.0,taxi_36,picked
dyn_pax_57,147.0,2026-07-03 09:02:27,-542367267#1,bus_stop,,247.51018316686128,1414.7184918773391,37.504219024473855,127.02344900430944,233.0,86.0,taxi_respawn_7,picked
dyn_pax_58,152.0,2026-07-03 09:02:32,-541692164#2,subway_entrance,,317.7122087179151,1441.0296574375257,37.504469327730426,127.0242365566347,223.0,71.0,taxi_37,picked
dyn_pax_59,153.0,2026-07-03 09:02:33,218857636#1,residential|company|restaurant|bus_stop,,297.92905089287035,623.2061345250047,37.49709839153085,127.02420706961871,256.0,103.0,taxi_respawn_26,picked
dyn_pax_60,155.0,2026-07-03 09:02:35,417933642#0,restaurant|bus_stop,,1041.0954363710525,463.30841921497654,37.49579826441859,127.03264736696761,224.0,69.0,taxi_47,picked
dyn_pax_61,158.0,2026-07-03 09:02:38,975332778#1,bus_stop,,681.6099970732737,721.9380561808346,37.49806030190971,127.02852170075586,230.0,72.0,taxi_respawn_17,picked
dyn_pax_62,162.0,2026-07-03 09:02:42,218873820#0,restaurant|subway_entrance|bus_stop,,628.9829311132032,562.4061665928522,37.49661325243901,127.02796447999128,243.0,81.0,taxi_7,picked
dyn_pax_63,165.0,2026-07-03 09:02:45,218857636#1,residential|company|restaurant|bus_stop,,297.92905089287035,623.2061345250047,37.49709839153085,127.02420706961871,263.0,98.0,taxi_respawn_38,picked
dyn_pax_64,168.0,2026-07-03 09:02:48,218877837#2,company|restaurant|bus_stop,,479.4555212141038,978.0213907550284,37.500328997763305,127.02617530290202,244.0,76.0,taxi_respawn_3,picked
dyn_pax_65,173.0,2026-07-03 09:02:53,-506191135#2,residential|bus_stop,,236.19733776439384,769.6838415951818,37.49840622577806,127.02347432089968,195.0,22.0,taxi_respawn_11,picked
dyn_pax_66,175.0,2026-07-03 09:02:55,218873820#0,restaurant|subway_entrance|bus_stop,,628.9829311132032,562.4061665928522,37.49661325243901,127.02796447999128,200.0,25.0,taxi_33,picked
dyn_pax_67,178.0,2026-07-03 09:02:58,521766182#1,company|restaurant|subway_entrance,,681.695169875507,539.6867345716422,37.496418539503196,127.02856584056028,209.0,31.0,taxi_respawn_25,picked
dyn_pax_68,181.0,2026-07-03 09:03:01,521766182#1,company|restaurant|subway_entrance,,681.695169875507,539.6867345716422,37.496418539503196,127.02856584056028,273.0,92.0,taxi_respawn_32,picked
dyn_pax_69,182.0,2026-07-03 09:03:02,375049565#6,restaurant|subway_entrance|bus_stop,,789.5153251748014,798.8522330112556,37.49877353199428,127.02972351946808,265.0,83.0,taxi_respawn_12,picked
dyn_pax_70,183.0,2026-07-03 09:03:03,218857636#1,residential|company|restaurant|bus_stop,,297.92905089287035,623.2061345250047,37.49709839153085,127.02420706961871,309.0,126.0,taxi_respawn_1,picked
dyn_pax_71,184.0,2026-07-03 09:03:04,521770119#0,restaurant|bus_stop,,548.9831206778387,935.1148840516827,37.499955620541705,127.02697161236954,295.0,111.0,taxi_48,picked
dyn_pax_72,185.0,2026-07-03 09:03:05,541692164#1,subway_entrance,,271.6277521231475,1406.6420105391767,37.5041508337347,127.02372362926798,278.0,93.0,taxi_respawn_5,picked
dyn_pax_73,185.0,2026-07-03 09:03:05,-256787796#5,restaurant,,631.1882908445458,865.4152262944223,37.499343270516576,127.02791760566556,322.0,137.0,taxi_18,picked
dyn_pax_74,193.0,2026-07-03 09:03:13,506191135#3,residential|company|restaurant|bus_stop,,238.79972345576414,789.4714057742513,37.49858497042428,127.023499044737,318.0,125.0,taxi_2,picked
dyn_pax_75,198.0,2026-07-03 09:03:18,520307304#0,school|subway_entrance|bus_stop,,602.6035134310263,763.145495629718,37.498416594724866,127.02761864854104,327.0,129.0,taxi_22,picked
dyn_pax_76,198.0,2026-07-03 09:03:18,-256787796#8,restaurant,,666.7735412908731,765.3811461974922,37.49844885044044,127.02834365925706,312.0,114.0,taxi_11,picked
dyn_pax_77,199.0,2026-07-03 09:03:19,-542367267#1,bus_stop,,247.51018316686128,1414.7184918773391,37.504219024473855,127.02344900430944,278.0,79.0,taxi_respawn_21,picked
dyn_pax_78,202.0,2026-07-03 09:03:22,480850873,company|restaurant|bus_stop,,548.1935052770749,708.5896639848544,37.49791486187585,127.0270163956136,340.0,138.0,taxi_35,picked
dyn_pax_79,204.0,2026-07-03 09:03:24,375049565#6,restaurant|subway_entrance|bus_stop,,789.5153251748014,798.8522330112556,37.49877353199428,127.02972351946808,292.0,88.0,taxi_respawn_14,picked
dyn_pax_80,205.0,2026-07-03 09:03:25,521770119#0,restaurant|bus_stop,,548.9831206778387,935.1148840516827,37.499955620541705,127.02697161236954,351.0,146.0,taxi_respawn_19,picked
dyn_pax_81,208.0,2026-07-03 09:03:28,521770119#0,restaurant|bus_stop,,548.9831206778387,935.1148840516827,37.499955620541705,127.02697161236954,355.0,147.0,taxi_49,picked
dyn_pax_82,211.0,2026-07-03 09:03:31,218877837#2,company|restaurant|bus_stop,,479.4555212141038,978.0213907550284,37.500328997763305,127.02617530290202,285.0,74.0,taxi_5,picked
dyn_pax_83,213.0,2026-07-03 09:03:33,521766175#3,company|restaurant|subway_entrance|bus_stop,,373.6701172395771,1298.610217621072,37.50319695740621,127.02490310718325,309.0,96.0,taxi_respawn_6,picked
dyn_pax_84,214.0,2026-07-03 09:03:34,521766182#1,company|restaurant|subway_entrance,,681.695169875507,539.6867345716422,37.496418539503196,127.02856584056028,371.0,157.0,taxi_31,picked
dyn_pax_85,216.0,2026-07-03 09:03:36,218877837#2,company|restaurant|bus_stop,,479.4555212141038,978.0213907550284,37.500328997763305,127.02617530290202,329.0,113.0,taxi_19,picked
dyn_pax_86,217.0,2026-07-03 09:03:37,1117538957#3,restaurant|subway_entrance|bus_stop,,465.5082521847807,644.8780924026132,37.49732530507706,127.02609663221197,345.0,128.0,taxi_12,picked
dyn_pax_87,224.0,2026-07-03 09:03:44,521770116#2,company|restaurant|bus_stop,,432.3182248087171,1108.514093563608,37.50149560521279,127.02561136613096,311.0,87.0,taxi_respawn_29,picked
dyn_pax_88,231.0,2026-07-03 09:03:51,305539406,company|restaurant|subway_entrance,,566.389495917364,736.5285064605782,37.49816998085155,127.02721550408178,344.0,113.0,taxi_respawn_20,picked
dyn_pax_89,234.0,2026-07-03 09:03:54,-542367267#1,bus_stop,,247.51018316686128,1414.7184918773391,37.504219024473855,127.02344900430944,331.0,97.0,taxi_respawn_10,picked
dyn_pax_90,237.0,2026-07-03 09:03:57,-542367267#1,bus_stop,,247.51018316686128,1414.7184918773391,37.504219024473855,127.02344900430944,324.0,87.0,taxi_8,picked
dyn_pax_91,238.0,2026-07-03 09:03:58,-504227066#3,restaurant,,449.3214735737982,636.1754008755333,37.497243849267164,127.02591568328045,400.0,162.0,taxi_10,picked
dyn_pax_92,239.0,2026-07-03 09:03:59,178441450#1,residential|company|restaurant|bus_stop,,282.90243066757296,609.4157395563556,37.496971320837204,127.02404044855805,398.0,159.0,taxi_41,picked
dyn_pax_93,244.0,2026-07-03 09:04:04,1229817205#0,company|subway_entrance|bus_stop,,599.2457558679199,652.2907550986157,37.497417346160496,127.02760695963683,406.0,162.0,taxi_0,picked
dyn_pax_94,245.0,2026-07-03 09:04:05,218857636#1,residential|company|restaurant|bus_stop,,297.92905089287035,623.2061345250047,37.49709839153085,127.02420706961871,477.0,232.0,taxi_23,picked
dyn_pax_95,247.0,2026-07-03 09:04:07,-541692164#2,subway_entrance,,317.7122087179151,1441.0296574375257,37.504469327730426,127.0242365566347,376.0,129.0,taxi_respawn_4,picked
dyn_pax_96,248.0,2026-07-03 09:04:08,305539406,company|restaurant|subway_entrance,,566.389495917364,736.5285064605782,37.49816998085155,127.02721550408178,338.0,90.0,taxi_29,picked
dyn_pax_97,250.0,2026-07-03 09:04:10,521766175#3,company|restaurant|subway_entrance|bus_stop,,373.6701172395771,1298.610217621072,37.50319695740621,127.02490310718325,402.0,152.0,taxi_respawn_30,picked
dyn_pax_98,251.0,2026-07-03 09:04:11,218873820#0,restaurant|subway_entrance|bus_stop,,628.9829311132032,562.4061665928522,37.49661325243901,127.02796447999128,500.0,249.0,taxi_44,picked
dyn_pax_99,253.0,2026-07-03 09:04:13,417933642#0,restaurant|bus_stop,,1041.0954363710525,463.30841921497654,37.49579826441859,127.03264736696761,337.0,84.0,taxi_30,picked
dyn_pax_100,254.0,2026-07-03 09:04:14,975332778#1,bus_stop,,681.6099970732737,721.9380561808346,37.49806030190971,127.02852170075586,336.0,82.0,taxi_9,picked
dyn_pax_101,257.0,2026-07-03 09:04:17,305539406,company|restaurant|subway_entrance,,566.389495917364,736.5285064605782,37.49816998085155,127.02721550408178,380.0,123.0,taxi_13,picked
dyn_pax_102,260.0,2026-07-03 09:04:20,541692164#1,subway_entrance,,271.6277521231475,1406.6420105391767,37.5041508337347,127.02372362926798,380.0,120.0,taxi_respawn_16,picked
dyn_pax_103,263.0,2026-07-03 09:04:23,-504509918#2,company|restaurant|bus_stop,,398.9694242295193,827.4758220967593,37.49895762305832,127.02530099003066,465.0,202.0,taxi_28,picked
dyn_pax_104,265.0,2026-07-03 09:04:25,218873820#0,restaurant|subway_entrance|bus_stop,,628.9829311132032,562.4061665928522,37.49661325243901,127.02796447999128,418.0,153.0,taxi_27,picked
dyn_pax_105,267.0,2026-07-03 09:04:27,218877837#2,company|restaurant|bus_stop,,479.4555212141038,978.0213907550284,37.500328997763305,127.02617530290202,580.0,313.0,taxi_39,picked
dyn_pax_106,270.0,2026-07-03 09:04:30,520307304#0,school|subway_entrance|bus_stop,,602.6035134310263,763.145495629718,37.498416594724866,127.02761864854104,431.0,161.0,taxi_15,picked
dyn_pax_107,271.0,2026-07-03 09:04:31,218857636#1,residential|company|restaurant|bus_stop,,297.92905089287035,623.2061345250047,37.49709839153085,127.02420706961871,482.0,211.0,taxi_25,picked
dyn_pax_108,276.0,2026-07-03 09:04:36,1229817205#0,company|subway_entrance|bus_stop,,599.2457558679199,652.2907550986157,37.497417346160496,127.02760695963683,682.0,406.0,taxi_respawn_37,picked
dyn_pax_109,277.0,2026-07-03 09:04:37,-542367267#1,bus_stop,,247.51018316686128,1414.7184918773391,37.504219024473855,127.02344900430944,411.0,134.0,taxi_4,picked
dyn_pax_110,279.0,2026-07-03 09:04:39,218864491#0,restaurant|bus_stop,,769.9803916976219,760.1217113917903,37.49842094941813,127.02951181742357,382.0,103.0,taxi_3,picked
dyn_pax_111,280.0,2026-07-03 09:04:40,417933642#0,restaurant|bus_stop,,1041.0954363710525,463.30841921497654,37.49579826441859,127.03264736696761,423.0,143.0,taxi_47,picked
dyn_pax_112,283.0,2026-07-03 09:04:43,541692164#1,subway_entrance,,271.6277521231475,1406.6420105391767,37.5041508337347,127.02372362926798,463.0,180.0,taxi_respawn_3,picked
dyn_pax_113,285.0,2026-07-03 09:04:45,218864491#0,restaurant|bus_stop,,769.9803916976219,760.1217113917903,37.49842094941813,127.02951181742357,430.0,145.0,taxi_34,picked
dyn_pax_114,286.0,2026-07-03 09:04:46,506191135#3,residential|company|restaurant|bus_stop,,238.79972345576414,789.4714057742513,37.49858497042428,127.023499044737,426.0,140.0,taxi_respawn_31,picked
dyn_pax_115,288.0,2026-07-03 09:04:48,520307304#0,school|subway_entrance|bus_stop,,602.6035134310263,763.145495629718,37.498416594724866,127.02761864854104,386.0,98.0,taxi_respawn_13,picked
dyn_pax_116,296.0,2026-07-03 09:04:56,1229817205#1,residential|bus_stop,,631.6400080768872,572.7061575261558,37.49670653972221,127.02799208080955,425.0,129.0,taxi_respawn_9,picked
dyn_pax_117,300.0,2026-07-03 09:05:00,-504509918#2,company|restaurant|bus_stop,,398.9694242295193,827.4758220967593,37.49895762305832,127.02530099003066,420.0,120.0,taxi_38,picked
dyn_pax_118,302.0,2026-07-03 09:05:02,521766175#1,company|restaurant|subway_entrance,,332.9365590021661,1411.5585828157227,37.504206724109,127.02441570308932,470.0,168.0,taxi_respawn_23,picked
dyn_pax_119,305.0,2026-07-03 09:05:05,218864491#0,restaurant|bus_stop,,769.9803916976219,760.1217113917903,37.49842094941813,127.02951181742357,507.0,202.0,taxi_respawn_22,picked
dyn_pax_120,308.0,2026-07-03 09:05:08,480850873,company|restaurant|bus_stop,,548.1935052770749,708.5896639848544,37.49791486187585,127.0270163956136,463.0,155.0,taxi_6,picked
dyn_pax_121,309.0,2026-07-03 09:05:09,375049565#6,restaurant|subway_entrance|bus_stop,,789.5153251748014,798.8522330112556,37.49877353199428,127.02972351946808,424.0,115.0,taxi_respawn_18,picked
dyn_pax_122,311.0,2026-07-03 09:05:11,-541692164#2,subway_entrance,,317.7122087179151,1441.0296574375257,37.504469327730426,127.0242365566347,470.0,159.0,taxi_respawn_7,picked
dyn_pax_123,312.0,2026-07-03 09:05:12,521766175#3,company|restaurant|subway_entrance|bus_stop,,373.6701172395771,1298.610217621072,37.50319695740621,127.02490310718325,499.0,187.0,taxi_46,picked
dyn_pax_124,314.0,2026-07-03 09:05:14,-256787796#8,restaurant,,666.7735412908731,765.3811461974922,37.49844885044044,127.02834365925706,458.0,144.0,taxi_respawn_17,picked
dyn_pax_125,320.0,2026-07-03 09:05:20,521766175#3,company|restaurant|subway_entrance|bus_stop,,373.6701172395771,1298.610217621072,37.50319695740621,127.02490310718325,475.0,155.0,taxi_21,picked
dyn_pax_126,325.0,2026-07-03 09:05:25,1229817205#0,company|subway_entrance|bus_stop,,599.2457558679199,652.2907550986157,37.497417346160496,127.02760695963683,428.0,103.0,taxi_42,picked
dyn_pax_127,326.0,2026-07-03 09:05:26,1376141183#0,bus_stop,,548.2528111146681,901.2117688498424,37.49965007283687,127.02697139402301,507.0,181.0,taxi_36,picked
dyn_pax_128,329.0,2026-07-03 09:05:29,521766180#1,company|restaurant|bus_stop,,466.73410130235357,1169.2838037446552,37.502049542882666,127.02598608796039,612.0,283.0,taxi_respawn_15,picked
dyn_pax_129,335.0,2026-07-03 09:05:35,218857636#1,residential|company|restaurant|bus_stop,,297.92905089287035,623.2061345250047,37.49709839153085,127.02420706961871,469.0,134.0,taxi_14,picked
dyn_pax_130,339.0,2026-07-03 09:05:39,-504509918#2,company|restaurant|bus_stop,,398.9694242295193,827.4758220967593,37.49895762305832,127.02530099003066,460.0,121.0,taxi_1,picked
dyn_pax_131,340.0,2026-07-03 09:05:40,-542367267#1,bus_stop,,247.51018316686128,1414.7184918773391,37.504219024473855,127.02344900430944,458.0,118.0,taxi_respawn_35,picked
dyn_pax_132,342.0,2026-07-03 09:05:42,506191135#3,residential|company|restaurant|bus_stop,,238.79972345576414,789.4714057742513,37.49858497042428,127.023499044737,437.0,95.0,taxi_respawn_39,picked
dyn_pax_133,343.0,2026-07-03 09:05:43,1229817205#0,company|subway_entrance|bus_stop,,599.2457558679199,652.2907550986157,37.497417346160496,127.02760695963683,433.0,90.0,taxi_respawn_29,picked
dyn_pax_134,344.0,2026-07-03 09:05:44,309155295#2,restaurant,,836.915506927576,584.1196133409687,37.49684809051661,127.03031028233906,460.0,116.0,taxi_26,picked
dyn_pax_135,352.0,2026-07-03 09:05:52,480850873,company|restaurant|bus_stop,,548.1935052770749,708.5896639848544,37.49791486187585,127.0270163956136,430.0,78.0,taxi_37,picked
dyn_pax_136,355.0,2026-07-03 09:05:55,1229817205#0,company|subway_entrance|bus_stop,,599.2457558679199,652.2907550986157,37.497417346160496,127.02760695963683,587.0,232.0,taxi_respawn_25,picked
dyn_pax_137,357.0,2026-07-03 09:05:57,218877837#2,company|restaurant|bus_stop,,479.4555212141038,978.0213907550284,37.500328997763305,127.02617530290202,539.0,182.0,taxi_respawn_11,picked
dyn_pax_138,361.0,2026-07-03 09:06:01,506191135#3,residential|company|restaurant|bus_stop,,238.79972345576414,789.4714057742513,37.49858497042428,127.023499044737,488.0,127.0,taxi_33,picked
dyn_pax_139,362.0,2026-07-03 09:06:02,178441450#1,residential|company|restaurant|bus_stop,,282.90243066757296,609.4157395563556,37.496971320837204,127.02404044855805,485.0,123.0,taxi_respawn_5,picked
dyn_pax_140,363.0,2026-07-03 09:06:03,218873820#0,restaurant|subway_entrance|bus_stop,,628.9829311132032,562.4061665928522,37.49661325243901,127.02796447999128,570.0,207.0,taxi_respawn_8,picked
dyn_pax_141,366.0,2026-07-03 09:06:06,218857636#1,residential|company|restaurant|bus_stop,,297.92905089287035,623.2061345250047,37.49709839153085,127.02420706961871,609.0,243.0,taxi_respawn_38,picked
dyn_pax_142,369.0,2026-07-03 09:06:09,480850873,company|restaurant|bus_stop,,548.1935052770749,708.5896639848544,37.49791486187585,127.0270163956136,515.0,146.0,taxi_16,picked
dyn_pax_143,371.0,2026-07-03 09:06:11,521766180#1,company|restaurant|bus_stop,,466.73410130235357,1169.2838037446552,37.502049542882666,127.02598608796039,804.0,433.0,taxi_respawn_28,picked
dyn_pax_144,374.0,2026-07-03 09:06:14,975332778#1,bus_stop,,681.6099970732737,721.9380561808346,37.49806030190971,127.02852170075586,489.0,115.0,taxi_30,picked
dyn_pax_145,375.0,2026-07-03 09:06:15,494824662#3,company|restaurant|subway_entrance,,729.424850252167,406.6843378518681,37.49522941823122,127.02913698209235,546.0,171.0,taxi_respawn_21,picked
dyn_pax_146,378.0,2026-07-03 09:06:18,218873820#0,restaurant|subway_entrance|bus_stop,,628.9829311132032,562.4061665928522,37.49661325243901,127.02796447999128,557.0,179.0,taxi_11,picked
dyn_pax_147,383.0,2026-07-03 09:06:23,1376141183#0,bus_stop,,548.2528111146681,901.2117688498424,37.49965007283687,127.02697139402301,867.0,484.0,taxi_5,picked
dyn_pax_148,384.0,2026-07-03 09:06:24,-417933645#2,company|restaurant|subway_entrance,,701.1658676593129,719.5455833044954,37.49804244093877,127.02874337560036,606.0,222.0,taxi_respawn_6,picked
dyn_pax_149,388.0,2026-07-03 09:06:28,494824662#3,company|restaurant|subway_entrance,,729.424850252167,406.6843378518681,37.49522941823122,127.02913698209235,619.0,231.0,taxi_7,picked
dyn_pax_150,392.0,2026-07-03 09:06:32,218857636#1,residential|company|restaurant|bus_stop,,297.92905089287035,623.2061345250047,37.49709839153085,127.02420706961871,487.0,95.0,taxi_35,picked
dyn_pax_151,395.0,2026-07-03 09:06:35,-542367267#1,bus_stop,,247.51018316686128,1414.7184918773391,37.504219024473855,127.02344900430944,549.0,154.0,taxi_respawn_40,picked
dyn_pax_152,397.0,2026-07-03 09:06:37,-541692164#2,subway_entrance,,317.7122087179151,1441.0296574375257,37.504469327730426,127.0242365566347,569.0,172.0,taxi_29,picked
dyn_pax_153,403.0,2026-07-03 09:06:43,1117538957#3,restaurant|subway_entrance|bus_stop,,465.5082521847807,644.8780924026132,37.49732530507706,127.02609663221197,560.0,157.0,taxi_17,picked
dyn_pax_154,404.0,2026-07-03 09:06:44,1229817205#0,company|subway_entrance|bus_stop,,599.2457558679199,652.2907550986157,37.497417346160496,127.02760695963683,575.0,171.0,taxi_respawn_12,picked
dyn_pax_155,407.0,2026-07-03 09:06:47,1229817205#0,company|subway_entrance|bus_stop,,599.2457558679199,652.2907550986157,37.497417346160496,127.02760695963683,554.0,147.0,taxi_respawn_20,picked
dyn_pax_156,411.0,2026-07-03 09:06:51,417933642#0,restaurant|bus_stop,,1041.0954363710525,463.30841921497654,37.49579826441859,127.03264736696761,629.0,218.0,taxi_45,picked
dyn_pax_157,412.0,2026-07-03 09:06:52,494824662#3,company|restaurant|subway_entrance,,729.424850252167,406.6843378518681,37.49522941823122,127.02913698209235,683.0,271.0,taxi_respawn_4,picked
dyn_pax_158,414.0,2026-07-03 09:06:54,521770116#2,company|restaurant|bus_stop,,432.3182248087171,1108.514093563608,37.50149560521279,127.02561136613096,578.0,164.0,taxi_respawn_33,picked
dyn_pax_159,417.0,2026-07-03 09:06:57,218873820#0,restaurant|subway_entrance|bus_stop,,628.9829311132032,562.4061665928522,37.49661325243901,127.02796447999128,575.0,158.0,taxi_respawn_16,picked
dyn_pax_160,420.0,2026-07-03 09:07:00,506191135#3,residential|company|restaurant|bus_stop,,238.79972345576414,789.4714057742513,37.49858497042428,127.023499044737,571.0,151.0,taxi_respawn_34,picked
dyn_pax_161,420.0,2026-07-03 09:07:00,417933645#0,residential|restaurant,,823.1026288816429,385.61625104994533,37.49505730126708,127.03020109557775,572.0,152.0,taxi_respawn_1,picked
dyn_pax_162,424.0,2026-07-03 09:07:04,541692164#1,subway_entrance,,271.6277521231475,1406.6420105391767,37.5041508337347,127.02372362926798,560.0,136.0,taxi_24,picked
dyn_pax_163,429.0,2026-07-03 09:07:09,523141074#0,company|restaurant|subway_entrance,,524.0338794858329,871.4890157117229,37.4993777454413,127.02670460634431,552.0,123.0,taxi_2,picked
dyn_pax_164,432.0,2026-07-03 09:07:12,1229817205#1,residential|bus_stop,,631.6400080768872,572.7061575261558,37.49670653972221,127.02799208080955,624.0,192.0,taxi_32,picked
dyn_pax_165,433.0,2026-07-03 09:07:13,521766180#1,company|restaurant|bus_stop,,466.73410130235357,1169.2838037446552,37.502049542882666,127.02598608796039,649.0,216.0,taxi_40,picked
dyn_pax_166,437.0,2026-07-03 09:07:17,218857636#1,residential|company|restaurant|bus_stop,,297.92905089287035,623.2061345250047,37.49709839153085,127.02420706961871,616.0,179.0,taxi_20,picked
dyn_pax_167,441.0,2026-07-03 09:07:21,218873820#0,restaurant|subway_entrance|bus_stop,,628.9829311132032,562.4061665928522,37.49661325243901,127.02796447999128,602.0,161.0,taxi_respawn_10,picked
dyn_pax_168,443.0,2026-07-03 09:07:23,1117538957#3,restaurant|subway_entrance|bus_stop,,465.5082521847807,644.8780924026132,37.49732530507706,127.02609663221197,711.0,268.0,taxi_respawn_30,picked
dyn_pax_169,446.0,2026-07-03 09:07:26,1229817205#1,residential|bus_stop,,631.6400080768872,572.7061575261558,37.49670653972221,127.02799208080955,631.0,185.0,taxi_31,picked
dyn_pax_170,453.0,2026-07-03 09:07:33,521770116#2,company|restaurant|bus_stop,,432.3182248087171,1108.514093563608,37.50149560521279,127.02561136613096,613.0,160.0,taxi_respawn_27,picked
dyn_pax_171,455.0,2026-07-03 09:07:35,218873820#0,restaurant|subway_entrance|bus_stop,,628.9829311132032,562.4061665928522,37.49661325243901,127.02796447999128,631.0,176.0,taxi_3,picked
dyn_pax_172,455.0,2026-07-03 09:07:35,256787796#0,restaurant,,530.944358998998,1120.7521543106918,37.50162448989409,127.02672362781294,636.0,181.0,taxi_19,picked
dyn_pax_173,456.0,2026-07-03 09:07:36,218877837#2,company|restaurant|bus_stop,,479.4555212141038,978.0213907550284,37.500328997763305,127.02617530290202,661.0,205.0,taxi_respawn_14,picked
dyn_pax_174,458.0,2026-07-03 09:07:38,-117823785#1,restaurant,,983.1954817367493,635.6880668681273,37.49734021138362,127.03195197441553,654.0,196.0,taxi_8,picked
dyn_pax_175,464.0,2026-07-03 09:07:44,521766175#3,company|restaurant|subway_entrance|bus_stop,,373.6701172395771,1298.610217621072,37.50319695740621,127.02490310718325,660.0,196.0,taxi_48,picked
dyn_pax_176,467.0,2026-07-03 09:07:47,494824662#3,company|restaurant|subway_entrance,,729.424850252167,406.6843378518681,37.49522941823122,127.02913698209235,665.0,198.0,taxi_10,picked
dyn_pax_177,469.0,2026-07-03 09:07:49,178441450#1,residential|company|restaurant|bus_stop,,282.90243066757296,609.4157395563556,37.496971320837204,127.02404044855805,624.0,155.0,taxi_4,picked
dyn_pax_178,470.0,2026-07-03 09:07:50,1117538957#3,restaurant|subway_entrance|bus_stop,,465.5082521847807,644.8780924026132,37.49732530507706,127.02609663221197,717.0,247.0,taxi_respawn_2,picked
dyn_pax_179,472.0,2026-07-03 09:07:52,-541692164#2,subway_entrance,,317.7122087179151,1441.0296574375257,37.504469327730426,127.0242365566347,686.0,214.0,taxi_respawn_3,picked
dyn_pax_180,473.0,2026-07-03 09:07:53,521770119#1,restaurant|bus_stop,,527.3115514435282,995.8620162900467,37.50049875494786,127.02671217090477,641.0,168.0,taxi_respawn_24,picked
dyn_pax_181,478.0,2026-07-03 09:07:58,305539406,company|restaurant|subway_entrance,,566.389495917364,736.5285064605782,37.49816998085155,127.02721550408178,625.0,147.0,taxi_respawn_39,picked
dyn_pax_182,481.0,2026-07-03 09:08:01,480850873,company|restaurant|bus_stop,,548.1935052770749,708.5896639848544,37.49791486187585,127.0270163956136,653.0,172.0,taxi_respawn_36,picked
dyn_pax_183,484.0,2026-07-03 09:08:04,-417933645#2,company|restaurant|subway_entrance,,701.1658676593129,719.5455833044954,37.49804244093877,127.02874337560036,716.0,232.0,taxi_22,picked
dyn_pax_184,490.0,2026-07-03 09:08:10,1117538958#3,bus_stop,,160.18899290588462,540.6019911995099,37.49632820280781,127.02266936696756,705.0,215.0,taxi_respawn_7,picked
dyn_pax_185,493.0,2026-07-03 09:08:13,1376141183#0,bus_stop,,548.2528111146681,901.2117688498424,37.49965007283687,127.02697139402301,699.0,206.0,taxi_42,picked
dyn_pax_186,495.0,2026-07-03 09:08:15,1376141182#0,bus_stop,,385.7154046370183,1301.0311255965628,37.50322104370192,127.02503873135461,699.0,204.0,taxi_33,picked
dyn_pax_187,496.0,2026-07-03 09:08:16,1117538957#3,restaurant|subway_entrance|bus_stop,,465.5082521847807,644.8780924026132,37.49732530507706,127.02609663221197,681.0,185.0,taxi_25,picked
dyn_pax_188,498.0,2026-07-03 09:08:18,417933642#0,restaurant|bus_stop,,1041.0954363710525,463.30841921497654,37.49579826441859,127.03264736696761,701.0,203.0,taxi_respawn_23,picked
dyn_pax_189,501.0,2026-07-03 09:08:21,1229817205#0,company|subway_entrance|bus_stop,,599.2457558679199,652.2907550986157,37.497417346160496,127.02760695963683,702.0,201.0,taxi_18,picked
dyn_pax_190,502.0,2026-07-03 09:08:22,521770119#1,restaurant|bus_stop,,527.3115514435282,995.8620162900467,37.50049875494786,127.02671217090477,714.0,212.0,taxi_37,picked
dyn_pax_191,505.0,2026-07-03 09:08:25,218877837#2,company|restaurant|bus_stop,,479.4555212141038,978.0213907550284,37.500328997763305,127.02617530290202,679.0,174.0,taxi_13,picked
dyn_pax_192,507.0,2026-07-03 09:08:27,1229817205#0,company|subway_entrance|bus_stop,,599.2457558679199,652.2907550986157,37.497417346160496,127.02760695963683,779.0,272.0,taxi_30,picked
dyn_pax_193,508.0,2026-07-03 09:08:28,-379232155,restaurant,,999.2800162208075,449.1965960198298,37.495663263085994,127.03217793178025,714.0,206.0,taxi_respawn_19,picked
dyn_pax_194,509.0,2026-07-03 09:08:29,521766175#3,company|restaurant|subway_entrance|bus_stop,,373.6701172395771,1298.610217621072,37.50319695740621,127.02490310718325,745.0,236.0,taxi_28,picked
dyn_pax_195,510.0,2026-07-03 09:08:30,523141074#0,company|restaurant|subway_entrance,,524.0338794858329,871.4890157117229,37.4993777454413,127.02670460634431,685.0,175.0,taxi_9,picked
dyn_pax_196,512.0,2026-07-03 09:08:32,1376141182#0,bus_stop,,385.7154046370183,1301.0311255965628,37.50322104370192,127.02503873135461,744.0,232.0,taxi_46,picked
dyn_pax_197,518.0,2026-07-03 09:08:38,-506191135#22,residential|company|restaurant|bus_stop,,38.693950105848444,1321.9513167019495,37.50334380565249,127.02110990869835,733.0,215.0,taxi_27,picked
dyn_pax_198,521.0,2026-07-03 09:08:41,218877837#2,company|restaurant|bus_stop,,479.4555212141038,978.0213907550284,37.500328997763305,127.02617530290202,691.0,170.0,taxi_38,picked
dyn_pax_199,521.0,2026-07-03 09:08:41,239962780#1,company|restaurant,,78.091042197054,1418.7355011637856,37.504223128704645,127.02153236485597,760.0,239.0,taxi_1,picked
dyn_pax_200,522.0,2026-07-03 09:08:42,305539406,company|restaurant|subway_entrance,,566.389495917364,736.5285064605782,37.49816998085155,127.02721550408178,706.0,184.0,taxi_respawn_40,picked
dyn_pax_201,524.0,2026-07-03 09:08:44,1117538957#3,restaurant|subway_entrance|bus_stop,,465.5082521847807,644.8780924026132,37.49732530507706,127.02609663221197,722.0,198.0,taxi_respawn_29,picked
dyn_pax_202,525.0,2026-07-03 09:08:45,178441450#1,residential|company|restaurant|bus_stop,,282.90243066757296,609.4157395563556,37.496971320837204,127.02404044855805,735.0,210.0,taxi_34,picked
dyn_pax_203,528.0,2026-07-03 09:08:48,1229817205#0,company|subway_entrance|bus_stop,,599.2457558679199,652.2907550986157,37.497417346160496,127.02760695963683,855.0,327.0,taxi_respawn_18,picked
dyn_pax_204,530.0,2026-07-03 09:08:50,975332778#1,bus_stop,,681.6099970732737,721.9380561808346,37.49806030190971,127.02852170075586,713.0,183.0,taxi_21,picked
dyn_pax_205,532.0,2026-07-03 09:08:52,1117538958#3,bus_stop,,160.18899290588462,540.6019911995099,37.49632820280781,127.02266936696756,728.0,196.0,taxi_respawn_31,picked
dyn_pax_206,533.0,2026-07-03 09:08:53,218873820#0,restaurant|subway_entrance|bus_stop,,628.9829311132032,562.4061665928522,37.49661325243901,127.02796447999128,771.0,238.0,taxi_47,picked
dyn_pax_207,536.0,2026-07-03 09:08:56,-504509918#2,company|restaurant|bus_stop,,398.9694242295193,827.4758220967593,37.49895762305832,127.02530099003066,729.0,193.0,taxi_respawn_35,picked
dyn_pax_208,538.0,2026-07-03 09:08:58,-417933646#4,company|restaurant,,761.9867537178288,747.7080569325292,37.49830761500862,127.02942437673002,778.0,240.0,taxi_14,picked
dyn_pax_209,541.0,2026-07-03 09:09:01,178441450#1,residential|company|restaurant|bus_stop,,282.90243066757296,609.4157395563556,37.496971320837204,127.02404044855805,772.0,231.0,taxi_44,picked
dyn_pax_210,541.0,2026-07-03 09:09:01,417750337#2,restaurant,,602.0112566641748,1239.22102407953,37.50270511928559,127.02749909599581,737.0,196.0,taxi_respawn_22,picked
dyn_pax_211,542.0,2026-07-03 09:09:02,218857636#1,residential|company|restaurant|bus_stop,,297.92905089287035,623.2061345250047,37.49709839153085,127.02420706961871,727.0,185.0,taxi_24,picked
dyn_pax_212,544.0,2026-07-03 09:09:04,521770116#2,company|restaurant|bus_stop,,432.3182248087171,1108.514093563608,37.50149560521279,127.02561136613096,773.0,229.0,taxi_respawn_13,picked
dyn_pax_213,545.0,2026-07-03 09:09:05,521766175#1,company|restaurant|subway_entrance,,332.9365590021661,1411.5585828157227,37.504206724109,127.02441570308932,777.0,232.0,taxi_respawn_9,picked
dyn_pax_214,546.0,2026-07-03 09:09:06,117790036#1,company,,849.7103307162836,1232.6514730855474,37.50269269072902,127.03030143103514,779.0,233.0,taxi_26,picked
dyn_pax_215,547.0,2026-07-03 09:09:07,218873820#0,restaurant|subway_entrance|bus_stop,,628.9829311132032,562.4061665928522,37.49661325243901,127.02796447999128,819.0,272.0,taxi_16,picked
dyn_pax_216,548.0,2026-07-03 09:09:08,506191135#3,residential|company|restaurant|bus_stop,,238.79972345576414,789.4714057742513,37.49858497042428,127.023499044737,846.0,298.0,taxi_respawn_33,picked
dyn_pax_217,550.0,2026-07-03 09:09:10,521766175#3,company|restaurant|subway_entrance|bus_stop,,373.6701172395771,1298.610217621072,37.50319695740621,127.02490310718325,1018.0,468.0,taxi_2,picked
dyn_pax_218,553.0,2026-07-03 09:09:13,523141074#0,company|restaurant|subway_entrance,,524.0338794858329,871.4890157117229,37.4993777454413,127.02670460634431,818.0,265.0,taxi_respawn_17,picked
dyn_pax_219,555.0,2026-07-03 09:09:15,1229817205#0,company|subway_entrance|bus_stop,,599.2457558679199,652.2907550986157,37.497417346160496,127.02760695963683,950.0,395.0,taxi_respawn_26,picked
dyn_pax_220,558.0,2026-07-03 09:09:18,375049565#6,restaurant|subway_entrance|bus_stop,,789.5153251748014,798.8522330112556,37.49877353199428,127.02972351946808,828.0,270.0,taxi_respawn_34,picked
dyn_pax_221,559.0,2026-07-03 09:09:19,1117538958#3,bus_stop,,160.18899290588462,540.6019911995099,37.49632820280781,127.02266936696756,804.0,245.0,taxi_respawn_11,picked
dyn_pax_222,565.0,2026-07-03 09:09:25,520307304#0,school|subway_entrance|bus_stop,,602.6035134310263,763.145495629718,37.498416594724866,127.02761864854104,794.0,229.0,taxi_respawn_5,picked
dyn_pax_223,567.0,2026-07-03 09:09:27,218864491#0,restaurant|bus_stop,,769.9803916976219,760.1217113917903,37.49842094941813,127.02951181742357,806.0,239.0,taxi_49,picked
dyn_pax_224,573.0,2026-07-03 09:09:33,480850873,company|restaurant|bus_stop,,548.1935052770749,708.5896639848544,37.49791486187585,127.0270163956136,,,,timeout
dyn_pax_225,574.0,2026-07-03 09:09:34,-504509918#2,company|restaurant|bus_stop,,398.9694242295193,827.4758220967593,37.49895762305832,127.02530099003066,821.0,247.0,taxi_29,picked
dyn_pax_226,576.0,2026-07-03 09:09:36,-541692164#2,subway_entrance,,317.7122087179151,1441.0296574375257,37.504469327730426,127.0242365566347,825.0,249.0,taxi_respawn_21,picked
dyn_pax_227,577.0,2026-07-03 09:09:37,521770119#1,restaurant|bus_stop,,527.3115514435282,995.8620162900467,37.50049875494786,127.02671217090477,882.0,305.0,taxi_23,picked
dyn_pax_228,579.0,2026-07-03 09:09:39,1229817205#0,company|subway_entrance|bus_stop,,599.2457558679199,652.2907550986157,37.497417346160496,127.02760695963683,912.0,333.0,taxi_respawn_1,picked
dyn_pax_229,581.0,2026-07-03 09:09:41,1229817205#1,residential|bus_stop,,631.6400080768872,572.7061575261558,37.49670653972221,127.02799208080955,838.0,257.0,taxi_respawn_14,picked
dyn_pax_230,584.0,2026-07-03 09:09:44,541692164#1,subway_entrance,,271.6277521231475,1406.6420105391767,37.5041508337347,127.02372362926798,823.0,239.0,taxi_11,picked
dyn_pax_231,585.0,2026-07-03 09:09:45,218877837#2,company|restaurant|bus_stop,,479.4555212141038,978.0213907550284,37.500328997763305,127.02617530290202,1031.0,446.0,taxi_41,picked
dyn_pax_232,586.0,2026-07-03 09:09:46,379463134#2,restaurant,,492.9894267673794,1254.822149661426,37.50282506050825,127.0262626667944,868.0,282.0,taxi_respawn_22,picked
dyn_pax_233,587.0,2026-07-03 09:09:47,480850873,company|restaurant|bus_stop,,548.1935052770749,708.5896639848544,37.49791486187585,127.0270163956136,866.0,279.0,taxi_4,picked
dyn_pax_234,588.0,2026-07-03 09:09:48,521766175#3,company|restaurant|subway_entrance|bus_stop,,373.6701172395771,1298.610217621072,37.50319695740621,127.02490310718325,881.0,293.0,taxi_respawn_16,picked
dyn_pax_235,591.0,2026-07-03 09:09:51,417933646#0,restaurant,,894.2617302193242,410.3206078764906,37.49529326349135,127.03099977850056,863.0,272.0,taxi_45,picked
dyn_pax_236,597.0,2026-07-03 09:09:57,521766175#3,company|restaurant|subway_entrance|bus_stop,,373.6701172395771,1298.610217621072,37.50319695740621,127.02490310718325,933.0,336.0,taxi_15,picked
dyn_pax_237,599.0,2026-07-03 09:09:59,1229817205#0,company|subway_entrance|bus_stop,,599.2457558679199,652.2907550986157,37.497417346160496,127.02760695963683,865.0,266.0,taxi_48,picked
dyn_pax_238,602.0,2026-07-03 09:10:02,520307304#0,school|subway_entrance|bus_stop,,602.6035134310263,763.145495629718,37.498416594724866,127.02761864854104,870.0,268.0,taxi_respawn_23,picked
dyn_pax_239,605.0,2026-07-03 09:10:05,521770119#1,restaurant|bus_stop,,527.3115514435282,995.8620162900467,37.50049875494786,127.02671217090477,890.0,285.0,taxi_13,picked
dyn_pax_240,607.0,2026-07-03 09:10:07,218864491#0,restaurant|bus_stop,,769.9803916976219,760.1217113917903,37.49842094941813,127.02951181742357,892.0,285.0,taxi_39,picked
dyn_pax_241,608.0,2026-07-03 09:10:08,-417933645#2,company|restaurant|subway_entrance,,701.1658676593129,719.5455833044954,37.49804244093877,127.02874337560036,895.0,287.0,taxi_respawn_27,picked
dyn_pax_242,609.0,2026-07-03 09:10:09,521770116#2,company|restaurant|bus_stop,,432.3182248087171,1108.514093563608,37.50149560521279,127.02561136613096,958.0,349.0,taxi_0,picked
dyn_pax_243,613.0,2026-07-03 09:10:13,218877837#2,company|restaurant|bus_stop,,479.4555212141038,978.0213907550284,37.500328997763305,127.02617530290202,974.0,361.0,taxi_12,picked
dyn_pax_244,614.0,2026-07-03 09:10:14,520307304#0,school|subway_entrance|bus_stop,,602.6035134310263,763.145495629718,37.498416594724866,127.02761864854104,,,,timeout
dyn_pax_245,616.0,2026-07-03 09:10:16,-417933645#1,restaurant,,753.9829961438405,551.6859834676363,37.49654027420169,127.02938030242663,949.0,333.0,taxi_respawn_6,picked
dyn_pax_246,622.0,2026-07-03 09:10:22,375049565#6,restaurant|subway_entrance|bus_stop,,789.5153251748014,798.8522330112556,37.49877353199428,127.02972351946808,1029.0,407.0,taxi_respawn_15,picked
dyn_pax_247,623.0,2026-07-03 09:10:23,218873820#0,restaurant|subway_entrance|bus_stop,,628.9829311132032,562.4061665928522,37.49661325243901,127.02796447999128,1040.0,417.0,taxi_respawn_4,picked
dyn_pax_248,625.0,2026-07-03 09:10:25,-506191135#2,residential|bus_stop,,236.19733776439384,769.6838415951818,37.49840622577806,127.02347432089968,917.0,292.0,taxi_respawn_7,picked
dyn_pax_249,630.0,2026-07-03 09:10:30,417933642#0,restaurant|bus_stop,,1041.0954363710525,463.30841921497654,37.49579826441859,127.03264736696761,922.0,292.0,taxi_8,picked
dyn_pax_250,634.0,2026-07-03 09:10:34,218873820#0,restaurant|subway_entrance|bus_stop,,628.9829311132032,562.4061665928522,37.49661325243901,127.02796447999128,996.0,362.0,taxi_32,picked
dyn_pax_251,634.0,2026-07-03 09:10:34,-506191135#22,residential|company|restaurant|bus_stop,,38.693950105848444,1321.9513167019495,37.50334380565249,127.02110990869835,923.0,289.0,taxi_21,picked
dyn_pax_252,637.0,2026-07-03 09:10:37,506191135#3,residential|company|restaurant|bus_stop,,238.79972345576414,789.4714057742513,37.49858497042428,127.023499044737,919.0,282.0,taxi_respawn_12,picked
dyn_pax_253,639.0,2026-07-03 09:10:39,1229817205#0,company|subway_entrance|bus_stop,,599.2457558679199,652.2907550986157,37.497417346160496,127.02760695963683,923.0,284.0,taxi_respawn_13,picked
dyn_pax_254,640.0,2026-07-03 09:10:40,523141074#0,company|restaurant|subway_entrance,,524.0338794858329,871.4890157117229,37.4993777454413,127.02670460634431,907.0,267.0,taxi_respawn_3,picked
dyn_pax_255,642.0,2026-07-03 09:10:42,521766175#1,company|restaurant|subway_entrance,,332.9365590021661,1411.5585828157227,37.504206724109,127.02441570308932,918.0,276.0,taxi_24,picked
dyn_pax_256,643.0,2026-07-03 09:10:43,-417933645#2,company|restaurant|subway_entrance,,701.1658676593129,719.5455833044954,37.49804244093877,127.02874337560036,943.0,300.0,taxi_20,picked
dyn_pax_257,646.0,2026-07-03 09:10:46,521766175#3,company|restaurant|subway_entrance|bus_stop,,373.6701172395771,1298.610217621072,37.50319695740621,127.02490310718325,941.0,295.0,taxi_33,picked
dyn_pax_258,648.0,2026-07-03 09:10:48,521766180#1,company|restaurant|bus_stop,,466.73410130235357,1169.2838037446552,37.502049542882666,127.02598608796039,953.0,305.0,taxi_25,picked
dyn_pax_259,649.0,2026-07-03 09:10:49,1117538957#3,restaurant|subway_entrance|bus_stop,,465.5082521847807,644.8780924026132,37.49732530507706,127.02609663221197,916.0,267.0,taxi_respawn_41,picked
dyn_pax_260,653.0,2026-07-03 09:10:53,218857636#1,residential|company|restaurant|bus_stop,,297.92905089287035,623.2061345250047,37.49709839153085,127.02420706961871,930.0,277.0,taxi_respawn_8,picked
dyn_pax_261,656.0,2026-07-03 09:10:56,218873820#0,restaurant|subway_entrance|bus_stop,,628.9829311132032,562.4061665928522,37.49661325243901,127.02796447999128,1131.0,475.0,taxi_respawn_39,picked
dyn_pax_262,657.0,2026-07-03 09:10:57,1229817205#0,company|subway_entrance|bus_stop,,599.2457558679199,652.2907550986157,37.497417346160496,127.02760695963683,1038.0,381.0,taxi_31,picked
dyn_pax_263,659.0,2026-07-03 09:10:59,375049565#6,restaurant|subway_entrance|bus_stop,,789.5153251748014,798.8522330112556,37.49877353199428,127.02972351946808,1034.0,375.0,taxi_respawn_35,picked
dyn_pax_264,662.0,2026-07-03 09:11:02,523141074#0,company|restaurant|subway_entrance,,524.0338794858329,871.4890157117229,37.4993777454413,127.02670460634431,962.0,300.0,taxi_19,picked
dyn_pax_265,663.0,2026-07-03 09:11:03,521766175#1,company|restaurant|subway_entrance,,332.9365590021661,1411.5585828157227,37.504206724109,127.02441570308932,939.0,276.0,taxi_9,picked
dyn_pax_266,666.0,2026-07-03 09:11:06,-542367267#1,bus_stop,,247.51018316686128,1414.7184918773391,37.504219024473855,127.02344900430944,907.0,241.0,taxi_10,picked
dyn_pax_267,668.0,2026-07-03 09:11:08,-417933645#2,company|restaurant|subway_entrance,,701.1658676593129,719.5455833044954,37.49804244093877,127.02874337560036,1110.0,442.0,taxi_38,picked
dyn_pax_268,671.0,2026-07-03 09:11:11,541692164#1,subway_entrance,,271.6277521231475,1406.6420105391767,37.5041508337347,127.02372362926798,1002.0,331.0,taxi_respawn_40,picked
dyn_pax_269,674.0,2026-07-03 09:11:14,-504509918#2,company|restaurant|bus_stop,,398.9694242295193,827.4758220967593,37.49895762305832,127.02530099003066,1054.0,380.0,taxi_respawn_30,picked
dyn_pax_270,677.0,2026-07-03 09:11:17,521766175#1,company|restaurant|subway_entrance,,332.9365590021661,1411.5585828157227,37.504206724109,127.02441570308932,,,,timeout
dyn_pax_271,679.0,2026-07-03 09:11:19,1117538957#3,restaurant|subway_entrance|bus_stop,,465.5082521847807,644.8780924026132,37.49732530507706,127.02609663221197,1010.0,331.0,taxi_7,picked
dyn_pax_272,680.0,2026-07-03 09:11:20,521770119#1,restaurant|bus_stop,,527.3115514435282,995.8620162900467,37.50049875494786,127.02671217090477,977.0,297.0,taxi_37,picked
dyn_pax_273,686.0,2026-07-03 09:11:26,218864491#0,restaurant|bus_stop,,769.9803916976219,760.1217113917903,37.49842094941813,127.02951181742357,971.0,285.0,taxi_respawn_29,picked
dyn_pax_274,688.0,2026-07-03 09:11:28,1229817205#0,company|subway_entrance|bus_stop,,599.2457558679199,652.2907550986157,37.497417346160496,127.02760695963683,1000.0,312.0,taxi_27,picked
dyn_pax_275,689.0,2026-07-03 09:11:29,1229817205#0,company|subway_entrance|bus_stop,,599.2457558679199,652.2907550986157,37.497417346160496,127.02760695963683,1129.0,440.0,taxi_28,picked
dyn_pax_276,691.0,2026-07-03 09:11:31,1229817205#0,company|subway_entrance|bus_stop,,599.2457558679199,652.2907550986157,37.497417346160496,127.02760695963683,,,,timeout
dyn_pax_277,694.0,2026-07-03 09:11:34,480850873,company|restaurant|bus_stop,,548.1935052770749,708.5896639848544,37.49791486187585,127.0270163956136,1012.0,318.0,taxi_respawn_17,picked
dyn_pax_278,695.0,2026-07-03 09:11:35,521770116#2,company|restaurant|bus_stop,,432.3182248087171,1108.514093563608,37.50149560521279,127.02561136613096,1034.0,339.0,taxi_18,picked
dyn_pax_279,697.0,2026-07-03 09:11:37,1117538957#3,restaurant|subway_entrance|bus_stop,,465.5082521847807,644.8780924026132,37.49732530507706,127.02609663221197,1015.0,318.0,taxi_respawn_42,picked
dyn_pax_280,699.0,2026-07-03 09:11:39,1117538958#3,bus_stop,,160.18899290588462,540.6019911995099,37.49632820280781,127.02266936696756,1110.0,411.0,taxi_respawn_37,picked
dyn_pax_281,700.0,2026-07-03 09:11:40,975332778#1,bus_stop,,681.6099970732737,721.9380561808346,37.49806030190971,127.02852170075586,969.0,269.0,taxi_34,picked
dyn_pax_282,702.0,2026-07-03 09:11:42,-541692164#2,subway_entrance,,317.7122087179151,1441.0296574375257,37.504469327730426,127.0242365566347,1185.0,483.0,taxi_respawn_21,picked
dyn_pax_283,705.0,2026-07-03 09:11:45,521766175#3,company|restaurant|subway_entrance|bus_stop,,373.6701172395771,1298.610217621072,37.50319695740621,127.02490310718325,1109.0,404.0,taxi_respawn_10,picked
dyn_pax_284,706.0,2026-07-03 09:11:46,480850873,company|restaurant|bus_stop,,548.1935052770749,708.5896639848544,37.49791486187585,127.0270163956136,1095.0,389.0,taxi_14,picked
dyn_pax_285,708.0,2026-07-03 09:11:48,506191135#3,residential|company|restaurant|bus_stop,,238.79972345576414,789.4714057742513,37.49858497042428,127.023499044737,1106.0,398.0,taxi_46,picked
dyn_pax_286,711.0,2026-07-03 09:11:51,520307304#0,school|subway_entrance|bus_stop,,602.6035134310263,763.145495629718,37.498416594724866,127.02761864854104,1019.0,308.0,taxi_respawn_31,picked
dyn_pax_287,712.0,2026-07-03 09:11:52,1376141183#0,bus_stop,,548.2528111146681,901.2117688498424,37.49965007283687,127.02697139402301,1043.0,331.0,taxi_44,picked
dyn_pax_288,714.0,2026-07-03 09:11:54,480850873,company|restaurant|bus_stop,,548.1935052770749,708.5896639848544,37.49791486187585,127.0270163956136,1103.0,389.0,taxi_6,picked
dyn_pax_289,718.0,2026-07-03 09:11:58,-541692164#2,subway_entrance,,317.7122087179151,1441.0296574375257,37.504469327730426,127.0242365566347,1102.0,384.0,taxi_40,picked
dyn_pax_290,720.0,2026-07-03 09:12:00,480850873,company|restaurant|bus_stop,,548.1935052770749,708.5896639848544,37.49791486187585,127.0270163956136,1171.0,451.0,taxi_30,picked
dyn_pax_291,723.0,2026-07-03 09:12:03,521766180#1,company|restaurant|bus_stop,,466.73410130235357,1169.2838037446552,37.502049542882666,127.02598608796039,1148.0,425.0,taxi_respawn_34,picked
dyn_pax_292,729.0,2026-07-03 09:12:09,218873820#0,restaurant|subway_entrance|bus_stop,,628.9829311132032,562.4061665928522,37.49661325243901,127.02796447999128,1096.0,367.0,taxi_11,picked
dyn_pax_293,731.0,2026-07-03 09:12:11,218864491#0,restaurant|bus_stop,,769.9803916976219,760.1217113917903,37.49842094941813,127.02951181742357,1046.0,315.0,taxi_42,picked
dyn_pax_294,732.0,2026-07-03 09:12:12,218873820#0,restaurant|subway_entrance|bus_stop,,628.9829311132032,562.4061665928522,37.49661325243901,127.02796447999128,1068.0,336.0,taxi_22,picked
dyn_pax_295,734.0,2026-07-03 09:12:14,506191135#3,residential|company|restaurant|bus_stop,,238.79972345576414,789.4714057742513,37.49858497042428,127.023499044737,1115.0,381.0,taxi_35,picked
dyn_pax_296,735.0,2026-07-03 09:12:15,1117538957#3,restaurant|subway_entrance|bus_stop,,465.5082521847807,644.8780924026132,37.49732530507706,127.02609663221197,1211.0,476.0,taxi_49,picked
dyn_pax_297,735.0,2026-07-03 09:12:15,117790039#0,restaurant,,1059.1652257347846,901.0190091909938,37.49974471524068,127.0327481916661,1096.0,361.0,taxi_1,picked
dyn_pax_298,737.0,2026-07-03 09:12:17,520307304#0,school|subway_entrance|bus_stop,,602.6035134310263,763.145495629718,37.498416594724866,127.02761864854104,1138.0,401.0,taxi_17,picked
dyn_pax_299,740.0,2026-07-03 09:12:20,-417933645#2,company|restaurant|subway_entrance,,701.1658676593129,719.5455833044954,37.49804244093877,127.02874337560036,1190.0,450.0,taxi_respawn_11,picked
dyn_pax_300,743.0,2026-07-03 09:12:23,-504509918#2,company|restaurant|bus_stop,,398.9694242295193,827.4758220967593,37.49895762305832,127.02530099003066,1151.0,408.0,taxi_respawn_9,picked
dyn_pax_301,744.0,2026-07-03 09:12:24,1376141182#0,bus_stop,,385.7154046370183,1301.0311255965628,37.50322104370192,127.02503873135461,1149.0,405.0,taxi_respawn_14,picked
dyn_pax_302,746.0,2026-07-03 09:12:26,521766180#1,company|restaurant|bus_stop,,466.73410130235357,1169.2838037446552,37.502049542882666,127.02598608796039,1154.0,408.0,taxi_36,picked
dyn_pax_303,748.0,2026-07-03 09:12:28,218857636#1,residential|company|restaurant|bus_stop,,297.92905089287035,623.2061345250047,37.49709839153085,127.02420706961871,1107.0,359.0,taxi_10,picked
dyn_pax_304,749.0,2026-07-03 09:12:29,375049565#6,restaurant|subway_entrance|bus_stop,,789.5153251748014,798.8522330112556,37.49877353199428,127.02972351946808,1105.0,356.0,taxi_29,picked
dyn_pax_305,751.0,2026-07-03 09:12:31,521766175#3,company|restaurant|subway_entrance|bus_stop,,373.6701172395771,1298.610217621072,37.50319695740621,127.02490310718325,1122.0,371.0,taxi_respawn_28,picked
dyn_pax_306,755.0,2026-07-03 09:12:35,305539406,company|restaurant|subway_entrance,,566.389495917364,736.5285064605782,37.49816998085155,127.02721550408178,1196.0,441.0,taxi_4,picked
dyn_pax_307,755.0,2026-07-03 09:12:35,417933646#2,residential|restaurant,,830.3119525357222,594.5819430897021,37.496941093289735,127.0302331440542,1109.0,354.0,taxi_8,picked
dyn_pax_308,758.0,2026-07-03 09:12:38,305539406,company|restaurant|subway_entrance,,566.389495917364,736.5285064605782,37.49816998085155,127.02721550408178,1118.0,360.0,taxi_47,picked
dyn_pax_309,760.0,2026-07-03 09:12:40,-504509918#2,company|restaurant|bus_stop,,398.9694242295193,827.4758220967593,37.49895762305832,127.02530099003066,1113.0,353.0,taxi_respawn_20,picked
dyn_pax_310,763.0,2026-07-03 09:12:43,-542367267#1,bus_stop,,247.51018316686128,1414.7184918773391,37.504219024473855,127.02344900430944,1087.0,324.0,taxi_respawn_3,picked
dyn_pax_311,764.0,2026-07-03 09:12:44,1117538957#3,restaurant|subway_entrance|bus_stop,,465.5082521847807,644.8780924026132,37.49732530507706,127.02609663221197,1097.0,333.0,taxi_16,picked
dyn_pax_312,766.0,2026-07-03 09:12:46,521766175#3,company|restaurant|subway_entrance|bus_stop,,373.6701172395771,1298.610217621072,37.50319695740621,127.02490310718325,1152.0,386.0,taxi_respawn_43,picked
dyn_pax_313,771.0,2026-07-03 09:12:51,521770119#0,restaurant|bus_stop,,548.9831206778387,935.1148840516827,37.499955620541705,127.02697161236954,1135.0,364.0,taxi_24,picked
dyn_pax_314,772.0,2026-07-03 09:12:52,480850873,company|restaurant|bus_stop,,548.1935052770749,708.5896639848544,37.49791486187585,127.0270163956136,,,,timeout
dyn_pax_315,774.0,2026-07-03 09:12:54,-506191135#2,residential|bus_stop,,236.19733776439384,769.6838415951818,37.49840622577806,127.02347432089968,1222.0,448.0,taxi_19,picked
dyn_pax_316,781.0,2026-07-03 09:13:01,506191135#3,residential|company|restaurant|bus_stop,,238.79972345576414,789.4714057742513,37.49858497042428,127.023499044737,1194.0,413.0,taxi_respawn_8,picked
dyn_pax_317,783.0,2026-07-03 09:13:03,521770119#0,restaurant|bus_stop,,548.9831206778387,935.1148840516827,37.499955620541705,127.02697161236954,1223.0,440.0,taxi_respawn_36,picked
dyn_pax_318,784.0,2026-07-03 09:13:04,521766180#1,company|restaurant|bus_stop,,466.73410130235357,1169.2838037446552,37.502049542882666,127.02598608796039,1187.0,403.0,taxi_respawn_29,picked
dyn_pax_319,789.0,2026-07-03 09:13:09,523141074#0,company|restaurant|subway_entrance,,524.0338794858329,871.4890157117229,37.4993777454413,127.02670460634431,1188.0,399.0,taxi_respawn_25,picked
dyn_pax_320,790.0,2026-07-03 09:13:10,417933642#0,restaurant|bus_stop,,1041.0954363710525,463.30841921497654,37.49579826441859,127.03264736696761,1187.0,397.0,taxi_respawn_16,picked
dyn_pax_321,792.0,2026-07-03 09:13:12,521766175#1,company|restaurant|subway_entrance,,332.9365590021661,1411.5585828157227,37.504206724109,127.02441570308932,1163.0,371.0,taxi_15,picked
dyn_pax_322,793.0,2026-07-03 09:13:13,1376141183#0,bus_stop,,548.2528111146681,901.2117688498424,37.49965007283687,127.02697139402301,,,,timeout
dyn_pax_323,795.0,2026-07-03 09:13:15,-506191135#2,residential|bus_stop,,236.19733776439384,769.6838415951818,37.49840622577806,127.02347432089968,1241.0,446.0,taxi_9,picked
dyn_pax_324,797.0,2026-07-03 09:13:17,521766175#3,company|restaurant|subway_entrance|bus_stop,,373.6701172395771,1298.610217621072,37.50319695740621,127.02490310718325,,,,timeout
dyn_pax_325,803.0,2026-07-03 09:13:23,506191135#3,residential|company|restaurant|bus_stop,,238.79972345576414,789.4714057742513,37.49858497042428,127.023499044737,1231.0,428.0,taxi_48,picked
dyn_pax_326,803.0,2026-07-03 09:13:23,-417750354#0,residential,,923.3498430372201,1041.2071047119894,37.5009819832587,127.03117938951307,1210.0,407.0,taxi_respawn_18,picked
dyn_pax_327,806.0,2026-07-03 09:13:26,521766175#3,company|restaurant|subway_entrance|bus_stop,,373.6701172395771,1298.610217621072,37.50319695740621,127.02490310718325,1284.0,478.0,taxi_respawn_19,picked
dyn_pax_328,812.0,2026-07-03 09:13:32,218877837#2,company|restaurant|bus_stop,,479.4555212141038,978.0213907550284,37.500328997763305,127.02617530290202,1220.0,408.0,taxi_respawn_22,picked
dyn_pax_329,813.0,2026-07-03 09:13:33,218873820#0,restaurant|subway_entrance|bus_stop,,628.9829311132032,562.4061665928522,37.49661325243901,127.02796447999128,1275.0,462.0,taxi_14,picked
dyn_pax_330,815.0,2026-07-03 09:13:35,218877837#2,company|restaurant|bus_stop,,479.4555212141038,978.0213907550284,37.500328997763305,127.02617530290202,1300.0,485.0,taxi_respawn_45,picked
dyn_pax_331,816.0,2026-07-03 09:13:36,-504509918#2,company|restaurant|bus_stop,,398.9694242295193,827.4758220967593,37.49895762305832,127.02530099003066,1223.0,407.0,taxi_45,picked
dyn_pax_332,818.0,2026-07-03 09:13:38,1229817205#1,residential|bus_stop,,631.6400080768872,572.7061575261558,37.49670653972221,127.02799208080955,1245.0,427.0,taxi_23,picked
dyn_pax_333,820.0,2026-07-03 09:13:40,521766175#3,company|restaurant|subway_entrance|bus_stop,,373.6701172395771,1298.610217621072,37.50319695740621,127.02490310718325,1292.0,472.0,taxi_18,picked
dyn_pax_334,821.0,2026-07-03 09:13:41,521770119#0,restaurant|bus_stop,,548.9831206778387,935.1148840516827,37.499955620541705,127.02697161236954,1298.0,477.0,taxi_respawn_40,picked
dyn_pax_335,824.0,2026-07-03 09:13:44,1117538957#3,restaurant|subway_entrance|bus_stop,,465.5082521847807,644.8780924026132,37.49732530507706,127.02609663221197,1244.0,420.0,taxi_12,picked
dyn_pax_336,826.0,2026-07-03 09:13:46,521766175#3,company|restaurant|subway_entrance|bus_stop,,373.6701172395771,1298.610217621072,37.50319695740621,127.02490310718325,,,,timeout
dyn_pax_337,828.0,2026-07-03 09:13:48,-542367267#0,company,,179.75773525047865,1390.7576253945435,37.50399035207237,127.02268859703804,1305.0,477.0,taxi_respawn_2,picked
dyn_pax_338,829.0,2026-07-03 09:13:49,178441450#1,residential|company|restaurant|bus_stop,,282.90243066757296,609.4157395563556,37.496971320837204,127.02404044855805,1260.0,431.0,taxi_respawn_38,picked
dyn_pax_339,830.0,2026-07-03 09:13:50,-506191135#2,residential|bus_stop,,236.19733776439384,769.6838415951818,37.49840622577806,127.02347432089968,1326.0,496.0,taxi_respawn_5,picked
dyn_pax_340,832.0,2026-07-03 09:13:52,218857636#1,residential|company|restaurant|bus_stop,,297.92905089287035,623.2061345250047,37.49709839153085,127.02420706961871,,,,timeout
dyn_pax_341,833.0,2026-07-03 09:13:53,417933642#0,restaurant|bus_stop,,1041.0954363710525,463.30841921497654,37.49579826441859,127.03264736696761,,,,timeout
dyn_pax_342,836.0,2026-07-03 09:13:56,-504509918#2,company|restaurant|bus_stop,,398.9694242295193,827.4758220967593,37.49895762305832,127.02530099003066,,,,timeout
dyn_pax_343,839.0,2026-07-03 09:13:59,375049565#6,restaurant|subway_entrance|bus_stop,,789.5153251748014,798.8522330112556,37.49877353199428,127.02972351946808,1292.0,453.0,taxi_27,picked
dyn_pax_344,841.0,2026-07-03 09:14:01,218857636#1,residential|company|restaurant|bus_stop,,297.92905089287035,623.2061345250047,37.49709839153085,127.02420706961871,1272.0,431.0,taxi_25,picked
dyn_pax_345,843.0,2026-07-03 09:14:03,521770116#2,company|restaurant|bus_stop,,432.3182248087171,1108.514093563608,37.50149560521279,127.02561136613096,1318.0,475.0,taxi_41,picked
dyn_pax_346,844.0,2026-07-03 09:14:04,1229817205#0,company|subway_entrance|bus_stop,,599.2457558679199,652.2907550986157,37.497417346160496,127.02760695963683,,,,timeout
dyn_pax_347,846.0,2026-07-03 09:14:06,375049565#6,restaurant|subway_entrance|bus_stop,,789.5153251748014,798.8522330112556,37.49877353199428,127.02972351946808,1297.0,451.0,taxi_8,picked
dyn_pax_348,847.0,2026-07-03 09:14:07,520307304#0,school|subway_entrance|bus_stop,,602.6035134310263,763.145495629718,37.498416594724866,127.02761864854104,,,,timeout
dyn_pax_349,848.0,2026-07-03 09:14:08,1117538957#0,company|restaurant,,312.91680439510856,589.5311930299885,37.49679787270139,127.0243845203811,1279.0,431.0,taxi_respawn_35,picked
dyn_pax_350,850.0,2026-07-03 09:14:10,521766175#1,company|restaurant|subway_entrance,,332.9365590021661,1411.5585828157227,37.504206724109,127.02441570308932,1288.0,438.0,taxi_20,picked
dyn_pax_351,852.0,2026-07-03 09:14:12,-417933645#2,company|restaurant|subway_entrance,,701.1658676593129,719.5455833044954,37.49804244093877,127.02874337560036,1325.0,473.0,taxi_2,picked
dyn_pax_352,853.0,2026-07-03 09:14:13,541692164#1,subway_entrance,,271.6277521231475,1406.6420105391767,37.5041508337347,127.02372362926798,1282.0,429.0,taxi_35,picked
dyn_pax_353,855.0,2026-07-03 09:14:15,520307304#0,school|subway_entrance|bus_stop,,602.6035134310263,763.145495629718,37.498416594724866,127.02761864854104,1317.0,462.0,taxi_42,picked
dyn_pax_354,861.0,2026-07-03 09:14:21,1229817205#0,company|subway_entrance|bus_stop,,599.2457558679199,652.2907550986157,37.497417346160496,127.02760695963683,,,,timeout
dyn_pax_355,862.0,2026-07-03 09:14:22,521770119#0,restaurant|bus_stop,,548.9831206778387,935.1148840516827,37.499955620541705,127.02697161236954,,,,timeout
dyn_pax_356,864.0,2026-07-03 09:14:24,-506191135#22,residential|company|restaurant|bus_stop,,38.693950105848444,1321.9513167019495,37.50334380565249,127.02110990869835,1292.0,428.0,taxi_34,picked
dyn_pax_357,865.0,2026-07-03 09:14:25,417933642#0,restaurant|bus_stop,,1041.0954363710525,463.30841921497654,37.49579826441859,127.03264736696761,,,,timeout
dyn_pax_358,867.0,2026-07-03 09:14:27,218873820#0,restaurant|subway_entrance|bus_stop,,628.9829311132032,562.4061665928522,37.49661325243901,127.02796447999128,1367.0,500.0,taxi_respawn_15,picked
dyn_pax_359,869.0,2026-07-03 09:14:29,1117538958#3,bus_stop,,160.18899290588462,540.6019911995099,37.49632820280781,127.02266936696756,1307.0,438.0,taxi_6,picked
dyn_pax_360,870.0,2026-07-03 09:14:30,1376141182#0,bus_stop,,385.7154046370183,1301.0311255965628,37.50322104370192,127.02503873135461,1330.0,460.0,taxi_respawn_17,picked
dyn_pax_361,872.0,2026-07-03 09:14:32,-542367267#1,bus_stop,,247.51018316686128,1414.7184918773391,37.504219024473855,127.02344900430944,1372.0,500.0,taxi_respawn_26,picked
dyn_pax_362,873.0,2026-07-03 09:14:33,1376141183#0,bus_stop,,548.2528111146681,901.2117688498424,37.49965007283687,127.02697139402301,1331.0,458.0,taxi_32,picked
dyn_pax_363,876.0,2026-07-03 09:14:36,-117790045#1,restaurant,,534.0975884889299,1266.9858058167179,37.502942402865294,127.02672459950128,,,,timeout
dyn_pax_364,878.0,2026-07-03 09:14:38,1376141183#0,bus_stop,,548.2528111146681,901.2117688498424,37.49965007283687,127.02697139402301,,,,timeout
dyn_pax_365,879.0,2026-07-03 09:14:39,375049565#6,restaurant|subway_entrance|bus_stop,,789.5153251748014,798.8522330112556,37.49877353199428,127.02972351946808,1370.0,491.0,taxi_22,picked
dyn_pax_366,887.0,2026-07-03 09:14:47,-542367267#1,bus_stop,,247.51018316686128,1414.7184918773391,37.504219024473855,127.02344900430944,1358.0,471.0,taxi_33,picked
dyn_pax_367,888.0,2026-07-03 09:14:48,-542367267#1,bus_stop,,247.51018316686128,1414.7184918773391,37.504219024473855,127.02344900430944,1364.0,476.0,taxi_respawn_10,picked
dyn_pax_368,893.0,2026-07-03 09:14:53,1229817205#0,company|subway_entrance|bus_stop,,599.2457558679199,652.2907550986157,37.497417346160496,127.02760695963683,,,,timeout
dyn_pax_369,895.0,2026-07-03 09:14:55,1117538957#3,restaurant|subway_entrance|bus_stop,,465.5082521847807,644.8780924026132,37.49732530507706,127.02609663221197,1349.0,454.0,taxi_38,picked
dyn_pax_370,898.0,2026-07-03 09:14:58,520307304#0,school|subway_entrance|bus_stop,,602.6035134310263,763.145495629718,37.498416594724866,127.02761864854104,,,,timeout
dyn_pax_371,904.0,2026-07-03 09:15:04,-506191135#2,residential|bus_stop,,236.19733776439384,769.6838415951818,37.49840622577806,127.02347432089968,1344.0,440.0,taxi_10,picked
dyn_pax_372,904.0,2026-07-03 09:15:04,218857636#1,residential|company|restaurant|bus_stop,,297.92905089287035,623.2061345250047,37.49709839153085,127.02420706961871,,,,timeout
dyn_pax_373,905.0,2026-07-03 09:15:05,218857636#1,residential|company|restaurant|bus_stop,,297.92905089287035,623.2061345250047,37.49709839153085,127.02420706961871,,,,timeout
dyn_pax_374,908.0,2026-07-03 09:15:08,494824662#3,company|restaurant|subway_entrance,,729.424850252167,406.6843378518681,37.49522941823122,127.02913698209235,,,,timeout
dyn_pax_375,910.0,2026-07-03 09:15:10,218857636#1,residential|company|restaurant|bus_stop,,297.92905089287035,623.2061345250047,37.49709839153085,127.02420706961871,,,,timeout
dyn_pax_376,911.0,2026-07-03 09:15:11,-542367267#1,bus_stop,,247.51018316686128,1414.7184918773391,37.504219024473855,127.02344900430944,1392.0,481.0,taxi_31,picked
dyn_pax_377,913.0,2026-07-03 09:15:13,218873820#0,restaurant|subway_entrance|bus_stop,,628.9829311132032,562.4061665928522,37.49661325243901,127.02796447999128,1404.0,491.0,taxi_37,picked
dyn_pax_378,915.0,2026-07-03 09:15:15,305539406,company|restaurant|subway_entrance,,566.389495917364,736.5285064605782,37.49816998085155,127.02721550408178,1414.0,499.0,taxi_47,picked
dyn_pax_379,916.0,2026-07-03 09:15:16,523141074#0,company|restaurant|subway_entrance,,524.0338794858329,871.4890157117229,37.4993777454413,127.02670460634431,1405.0,489.0,taxi_respawn_31,picked
dyn_pax_380,916.0,2026-07-03 09:15:16,219837933#0,residential|company,,49.0199205680682,1328.1480294371383,37.503401583976704,127.02122519296726,,,,timeout
dyn_pax_381,918.0,2026-07-03 09:15:18,218857636#1,residential|company|restaurant|bus_stop,,297.92905089287035,623.2061345250047,37.49709839153085,127.02420706961871,,,,timeout
dyn_pax_382,921.0,2026-07-03 09:15:21,975332778#1,bus_stop,,681.6099970732737,721.9380561808346,37.49806030190971,127.02852170075586,,,,timeout
dyn_pax_383,922.0,2026-07-03 09:15:22,521766175#3,company|restaurant|subway_entrance|bus_stop,,373.6701172395771,1298.610217621072,37.50319695740621,127.02490310718325,1389.0,467.0,taxi_39,picked
dyn_pax_384,924.0,2026-07-03 09:15:24,1117538957#3,restaurant|subway_entrance|bus_stop,,465.5082521847807,644.8780924026132,37.49732530507706,127.02609663221197,,,,timeout
dyn_pax_385,927.0,2026-07-03 09:15:27,1117538957#3,restaurant|subway_entrance|bus_stop,,465.5082521847807,644.8780924026132,37.49732530507706,127.02609663221197,,,,timeout
dyn_pax_386,928.0,2026-07-03 09:15:28,520307304#0,school|subway_entrance|bus_stop,,602.6035134310263,763.145495629718,37.498416594724866,127.02761864854104,1402.0,474.0,taxi_44,picked
dyn_pax_387,930.0,2026-07-03 09:15:30,-504509918#2,company|restaurant|bus_stop,,398.9694242295193,827.4758220967593,37.49895762305832,127.02530099003066,,,,timeout
dyn_pax_388,931.0,2026-07-03 09:15:31,218857636#1,residential|company|restaurant|bus_stop,,297.92905089287035,623.2061345250047,37.49709839153085,127.02420706961871,,,,timeout
dyn_pax_389,933.0,2026-07-03 09:15:33,521766175#3,company|restaurant|subway_entrance|bus_stop,,373.6701172395771,1298.610217621072,37.50319695740621,127.02490310718325,1412.0,479.0,taxi_respawn_23,picked
dyn_pax_390,937.0,2026-07-03 09:15:37,521770119#0,restaurant|bus_stop,,548.9831206778387,935.1148840516827,37.499955620541705,127.02697161236954,1423.0,486.0,taxi_respawn_20,picked
dyn_pax_391,939.0,2026-07-03 09:15:39,480850873,company|restaurant|bus_stop,,548.1935052770749,708.5896639848544,37.49791486187585,127.0270163956136,,,,timeout
dyn_pax_392,939.0,2026-07-03 09:15:39,-417750337#0,restaurant,,672.8749254632385,1321.3640627464144,37.50345847130562,127.02828089713113,1416.0,477.0,taxi_respawn_16,picked
dyn_pax_393,941.0,2026-07-03 09:15:41,521766175#1,company|restaurant|subway_entrance,,332.9365590021661,1411.5585828157227,37.504206724109,127.02441570308932,,,,timeout
dyn_pax_394,944.0,2026-07-03 09:15:44,521766182#1,company|restaurant|subway_entrance,,681.695169875507,539.6867345716422,37.496418539503196,127.02856584056028,1418.0,474.0,taxi_respawn_30,picked
dyn_pax_395,951.0,2026-07-03 09:15:51,521770119#0,restaurant|bus_stop,,548.9831206778387,935.1148840516827,37.499955620541705,127.02697161236954,1437.0,486.0,taxi_respawn_39,picked
dyn_pax_396,953.0,2026-07-03 09:15:53,375049565#6,restaurant|subway_entrance|bus_stop,,789.5153251748014,798.8522330112556,37.49877353199428,127.02972351946808,,,,timeout
dyn_pax_397,954.0,2026-07-03 09:15:54,1229817205#1,residential|bus_stop,,631.6400080768872,572.7061575261558,37.49670653972221,127.02799208080955,,,,timeout
dyn_pax_398,959.0,2026-07-03 09:15:59,-417933645#2,company|restaurant|subway_entrance,,701.1658676593129,719.5455833044954,37.49804244093877,127.02874337560036,,,,timeout
dyn_pax_399,962.0,2026-07-03 09:16:02,1117538958#3,bus_stop,,160.18899290588462,540.6019911995099,37.49632820280781,127.02266936696756,1451.0,489.0,taxi_28,picked
dyn_pax_400,964.0,2026-07-03 09:16:04,521766175#3,company|restaurant|subway_entrance|bus_stop,,373.6701172395771,1298.610217621072,37.50319695740621,127.02490310718325,,,,timeout
dyn_pax_401,965.0,2026-07-03 09:16:05,218857636#1,residential|company|restaurant|bus_stop,,297.92905089287035,623.2061345250047,37.49709839153085,127.02420706961871,,,,timeout
dyn_pax_402,967.0,2026-07-03 09:16:07,305539406,company|restaurant|subway_entrance,,566.389495917364,736.5285064605782,37.49816998085155,127.02721550408178,,,,timeout
dyn_pax_403,968.0,2026-07-03 09:16:08,521766180#1,company|restaurant|bus_stop,,466.73410130235357,1169.2838037446552,37.502049542882666,127.02598608796039,1461.0,493.0,taxi_13,picked
dyn_pax_404,971.0,2026-07-03 09:16:11,520307304#0,school|subway_entrance|bus_stop,,602.6035134310263,763.145495629718,37.498416594724866,127.02761864854104,,,,timeout
dyn_pax_405,973.0,2026-07-03 09:16:13,521770119#0,restaurant|bus_stop,,548.9831206778387,935.1148840516827,37.499955620541705,127.02697161236954,,,,timeout
dyn_pax_406,974.0,2026-07-03 09:16:14,417933642#0,restaurant|bus_stop,,1041.0954363710525,463.30841921497654,37.49579826441859,127.03264736696761,,,,timeout
dyn_pax_407,976.0,2026-07-03 09:16:16,521770119#1,restaurant|bus_stop,,527.3115514435282,995.8620162900467,37.50049875494786,127.02671217090477,,,,timeout
dyn_pax_408,977.0,2026-07-03 09:16:17,521770119#0,restaurant|bus_stop,,548.9831206778387,935.1148840516827,37.499955620541705,127.02697161236954,,,,timeout
dyn_pax_409,983.0,2026-07-03 09:16:23,-506191135#2,residential|bus_stop,,236.19733776439384,769.6838415951818,37.49840622577806,127.02347432089968,1456.0,473.0,taxi_respawn_50,picked
dyn_pax_410,985.0,2026-07-03 09:16:25,494824662#3,company|restaurant|subway_entrance,,729.424850252167,406.6843378518681,37.49522941823122,127.02913698209235,,,,timeout
dyn_pax_411,987.0,2026-07-03 09:16:27,218864491#0,restaurant|bus_stop,,769.9803916976219,760.1217113917903,37.49842094941813,127.02951181742357,1457.0,470.0,taxi_45,picked
dyn_pax_412,988.0,2026-07-03 09:16:28,523141074#0,company|restaurant|subway_entrance,,524.0338794858329,871.4890157117229,37.4993777454413,127.02670460634431,1448.0,460.0,taxi_respawn_41,picked
dyn_pax_413,990.0,2026-07-03 09:16:30,218873820#0,restaurant|subway_entrance|bus_stop,,628.9829311132032,562.4061665928522,37.49661325243901,127.02796447999128,1451.0,461.0,taxi_respawn_9,picked
dyn_pax_414,991.0,2026-07-03 09:16:31,-541692164#2,subway_entrance,,317.7122087179151,1441.0296574375257,37.504469327730426,127.0242365566347,,,,timeout
dyn_pax_415,994.0,2026-07-03 09:16:34,521766175#1,company|restaurant|subway_entrance,,332.9365590021661,1411.5585828157227,37.504206724109,127.02441570308932,1464.0,470.0,taxi_respawn_43,picked
dyn_pax_416,996.0,2026-07-03 09:16:36,521766182#1,company|restaurant|subway_entrance,,681.695169875507,539.6867345716422,37.496418539503196,127.02856584056028,,,,timeout
dyn_pax_417,999.0,2026-07-03 09:16:39,375049565#6,restaurant|subway_entrance|bus_stop,,789.5153251748014,798.8522330112556,37.49877353199428,127.02972351946808,1491.0,492.0,taxi_respawn_21,picked
dyn_pax_418,1002.0,2026-07-03 09:16:42,218857636#1,residential|company|restaurant|bus_stop,,297.92905089287035,623.2061345250047,37.49709839153085,127.02420706961871,1454.0,452.0,taxi_29,picked
dyn_pax_419,1006.0,2026-07-03 09:16:46,521770116#2,company|restaurant|bus_stop,,432.3182248087171,1108.514093563608,37.50149560521279,127.02561136613096,1485.0,479.0,taxi_respawn_49,picked
dyn_pax_420,1007.0,2026-07-03 09:16:47,309155295#3,restaurant,,868.2249250208004,595.011595969151,37.496952113096654,127.03066169877924,,,,timeout
dyn_pax_421,1008.0,2026-07-03 09:16:48,521766175#3,company|restaurant|subway_entrance|bus_stop,,373.6701172395771,1298.610217621072,37.50319695740621,127.02490310718325,,,,timeout
dyn_pax_422,1009.0,2026-07-03 09:16:49,178441450#1,residential|company|restaurant|bus_stop,,282.90243066757296,609.4157395563556,37.496971320837204,127.02404044855805,1464.0,455.0,taxi_respawn_11,picked
dyn_pax_423,1014.0,2026-07-03 09:16:54,1229817205#1,residential|bus_stop,,631.6400080768872,572.7061575261558,37.49670653972221,127.02799208080955,,,,timeout
dyn_pax_424,1017.0,2026-07-03 09:16:57,521766182#1,company|restaurant|subway_entrance,,681.695169875507,539.6867345716422,37.496418539503196,127.02856584056028,,,,timeout
dyn_pax_425,1020.0,2026-07-03 09:17:00,-506191135#2,residential|bus_stop,,236.19733776439384,769.6838415951818,37.49840622577806,127.02347432089968,1463.0,443.0,taxi_5,picked
dyn_pax_426,1022.0,2026-07-03 09:17:02,-504509918#2,company|restaurant|bus_stop,,398.9694242295193,827.4758220967593,37.49895762305832,127.02530099003066,,,,timeout
dyn_pax_427,1023.0,2026-07-03 09:17:03,-417933645#2,company|restaurant|subway_entrance,,701.1658676593129,719.5455833044954,37.49804244093877,127.02874337560036,,,,timeout
dyn_pax_428,1025.0,2026-07-03 09:17:05,480850873,company|restaurant|bus_stop,,548.1935052770749,708.5896639848544,37.49791486187585,127.0270163956136,,,,timeout
dyn_pax_429,1026.0,2026-07-03 09:17:06,305539406,company|restaurant|subway_entrance,,566.389495917364,736.5285064605782,37.49816998085155,127.02721550408178,,,,timeout
dyn_pax_430,1030.0,2026-07-03 09:17:10,-417933646#1,residential|restaurant,,826.6019869456061,577.8075382253838,37.49678928421788,127.03019516859905,,,,timeout
dyn_pax_431,1034.0,2026-07-03 09:17:14,375049565#6,restaurant|subway_entrance|bus_stop,,789.5153251748014,798.8522330112556,37.49877353199428,127.02972351946808,,,,timeout
dyn_pax_432,1036.0,2026-07-03 09:17:16,-504509918#2,company|restaurant|bus_stop,,398.9694242295193,827.4758220967593,37.49895762305832,127.02530099003066,,,,timeout
dyn_pax_433,1037.0,2026-07-03 09:17:17,-541692164#2,subway_entrance,,317.7122087179151,1441.0296574375257,37.504469327730426,127.0242365566347,1537.0,500.0,taxi_31,picked
dyn_pax_434,1039.0,2026-07-03 09:17:19,375049565#6,restaurant|subway_entrance|bus_stop,,789.5153251748014,798.8522330112556,37.49877353199428,127.02972351946808,,,,timeout
dyn_pax_435,1040.0,2026-07-03 09:17:20,521770119#0,restaurant|bus_stop,,548.9831206778387,935.1148840516827,37.499955620541705,127.02697161236954,1522.0,482.0,taxi_respawn_46,picked
dyn_pax_436,1042.0,2026-07-03 09:17:22,-417933645#2,company|restaurant|subway_entrance,,701.1658676593129,719.5455833044954,37.49804244093877,127.02874337560036,,,,timeout
dyn_pax_437,1042.0,2026-07-03 09:17:22,-557469300#1,restaurant,,739.5265057687212,1049.0561556697721,37.5010180173999,127.02909905278416,1531.0,489.0,taxi_respawn_28,picked
dyn_pax_438,1045.0,2026-07-03 09:17:25,975332778#1,bus_stop,,681.6099970732737,721.9380561808346,37.49806030190971,127.02852170075586,,,,timeout
dyn_pax_439,1046.0,2026-07-03 09:17:26,541692164#1,subway_entrance,,271.6277521231475,1406.6420105391767,37.5041508337347,127.02372362926798,1540.0,494.0,taxi_respawn_52,picked
dyn_pax_440,1048.0,2026-07-03 09:17:28,218873820#0,restaurant|subway_entrance|bus_stop,,628.9829311132032,562.4061665928522,37.49661325243901,127.02796447999128,1516.0,468.0,taxi_respawn_29,picked
dyn_pax_441,1049.0,2026-07-03 09:17:29,-506191135#22,residential|company|restaurant|bus_stop,,38.693950105848444,1321.9513167019495,37.50334380565249,127.02110990869835,,,,timeout
dyn_pax_442,1052.0,2026-07-03 09:17:32,218857636#1,residential|company|restaurant|bus_stop,,297.92905089287035,623.2061345250047,37.49709839153085,127.02420706961871,1541.0,489.0,taxi_24,picked
dyn_pax_443,1054.0,2026-07-03 09:17:34,-542367267#1,bus_stop,,247.51018316686128,1414.7184918773391,37.504219024473855,127.02344900430944,1551.0,497.0,taxi_8,picked
dyn_pax_444,1055.0,2026-07-03 09:17:35,521766180#1,company|restaurant|bus_stop,,466.73410130235357,1169.2838037446552,37.502049542882666,127.02598608796039,,,,timeout
dyn_pax_445,1055.0,2026-07-03 09:17:35,129731857#1,residential|restaurant,,656.8212873140518,799.6615847813327,37.498755780674834,127.02822301071001,,,,timeout
dyn_pax_446,1057.0,2026-07-03 09:17:37,-504509918#2,company|restaurant|bus_stop,,398.9694242295193,827.4758220967593,37.49895762305832,127.02530099003066,1537.0,480.0,taxi_respawn_37,picked
dyn_pax_447,1060.0,2026-07-03 09:17:40,975332778#1,bus_stop,,681.6099970732737,721.9380561808346,37.49806030190971,127.02852170075586,,,,timeout
dyn_pax_448,1062.0,2026-07-03 09:17:42,1117538957#3,restaurant|subway_entrance|bus_stop,,465.5082521847807,644.8780924026132,37.49732530507706,127.02609663221197,1523.0,461.0,taxi_respawn_44,picked
dyn_pax_449,1062.0,2026-07-03 09:17:42,129731859#4,restaurant,,948.3176585840322,968.5888771831698,37.50033252074231,127.03147887955224,1559.0,497.0,taxi_respawn_51,picked
dyn_pax_450,1065.0,2026-07-03 09:17:45,305539406,company|restaurant|subway_entrance,,566.389495917364,736.5285064605782,37.49816998085155,127.02721550408178,,,,timeout
dyn_pax_451,1066.0,2026-07-03 09:17:46,375049565#6,restaurant|subway_entrance|bus_stop,,789.5153251748014,798.8522330112556,37.49877353199428,127.02972351946808,1565.0,499.0,taxi_18,picked
dyn_pax_452,1071.0,2026-07-03 09:17:51,218877837#2,company|restaurant|bus_stop,,479.4555212141038,978.0213907550284,37.500328997763305,127.02617530290202,1523.0,452.0,taxi_7,picked
dyn_pax_453,1072.0,2026-07-03 09:17:52,-542367267#1,bus_stop,,247.51018316686128,1414.7184918773391,37.504219024473855,127.02344900430944,1555.0,483.0,taxi_respawn_34,picked
dyn_pax_454,1074.0,2026-07-03 09:17:54,1229817205#0,company|subway_entrance|bus_stop,,599.2457558679199,652.2907550986157,37.497417346160496,127.02760695963683,1568.0,494.0,taxi_respawn_14,picked
dyn_pax_455,1078.0,2026-07-03 09:17:58,-541692164#2,subway_entrance,,317.7122087179151,1441.0296574375257,37.504469327730426,127.0242365566347,1567.0,489.0,taxi_1,picked
dyn_pax_456,1081.0,2026-07-03 09:18:01,-542367267#1,bus_stop,,247.51018316686128,1414.7184918773391,37.504219024473855,127.02344900430944,1570.0,489.0,taxi_36,picked
dyn_pax_457,1083.0,2026-07-03 09:18:03,218864491#0,restaurant|bus_stop,,769.9803916976219,760.1217113917903,37.49842094941813,127.02951181742357,1540.0,457.0,taxi_respawn_1,picked
dyn_pax_458,1085.0,2026-07-03 09:18:05,-504509918#2,company|restaurant|bus_stop,,398.9694242295193,827.4758220967593,37.49895762305832,127.02530099003066,1556.0,471.0,taxi_respawn_19,picked
dyn_pax_459,1086.0,2026-07-03 09:18:06,975332778#1,bus_stop,,681.6099970732737,721.9380561808346,37.49806030190971,127.02852170075586,,,,timeout
dyn_pax_460,1088.0,2026-07-03 09:18:08,541692164#1,subway_entrance,,271.6277521231475,1406.6420105391767,37.5041508337347,127.02372362926798,,,,timeout
dyn_pax_461,1089.0,2026-07-03 09:18:09,1376141182#0,bus_stop,,385.7154046370183,1301.0311255965628,37.50322104370192,127.02503873135461,,,,timeout
dyn_pax_462,1091.0,2026-07-03 09:18:11,-542367267#1,bus_stop,,247.51018316686128,1414.7184918773391,37.504219024473855,127.02344900430944,,,,timeout
dyn_pax_463,1094.0,2026-07-03 09:18:14,218873820#0,restaurant|subway_entrance|bus_stop,,628.9829311132032,562.4061665928522,37.49661325243901,127.02796447999128,,,,timeout
dyn_pax_464,1095.0,2026-07-03 09:18:15,218857636#1,residential|company|restaurant|bus_stop,,297.92905089287035,623.2061345250047,37.49709839153085,127.02420706961871,,,,timeout
dyn_pax_465,1100.0,2026-07-03 09:18:20,1229817205#0,company|subway_entrance|bus_stop,,599.2457558679199,652.2907550986157,37.497417346160496,127.02760695963683,1589.0,489.0,taxi_4,picked
dyn_pax_466,1103.0,2026-07-03 09:18:23,521766175#1,company|restaurant|subway_entrance,,332.9365590021661,1411.5585828157227,37.504206724109,127.02441570308932,1592.0,489.0,taxi_respawn_54,picked
dyn_pax_467,1105.0,2026-07-03 09:18:25,129731720#0,residential|company|restaurant,,292.10678712231254,1113.150773394943,37.50151085547559,127.02402489828896,1605.0,500.0,taxi_respawn_5,picked
dyn_pax_468,1106.0,2026-07-03 09:18:26,1229817205#1,residential|bus_stop,,631.6400080768872,572.7061575261558,37.49670653972221,127.02799208080955,,,,timeout
dyn_pax_469,1108.0,2026-07-03 09:18:28,1229817205#0,company|subway_entrance|bus_stop,,599.2457558679199,652.2907550986157,37.497417346160496,127.02760695963683,,,,timeout
dyn_pax_470,1112.0,2026-07-03 09:18:32,218857636#1,residential|company|restaurant|bus_stop,,297.92905089287035,623.2061345250047,37.49709839153085,127.02420706961871,1587.0,475.0,taxi_22,picked
dyn_pax_471,1114.0,2026-07-03 09:18:34,521766180#1,company|restaurant|bus_stop,,466.73410130235357,1169.2838037446552,37.502049542882666,127.02598608796039,,,,timeout
dyn_pax_472,1115.0,2026-07-03 09:18:35,1117538958#3,bus_stop,,160.18899290588462,540.6019911995099,37.49632820280781,127.02266936696756,1598.0,483.0,taxi_respawn_55,picked
dyn_pax_473,1117.0,2026-07-03 09:18:37,1117538957#3,restaurant|subway_entrance|bus_stop,,465.5082521847807,644.8780924026132,37.49732530507706,127.02609663221197,,,,timeout
dyn_pax_474,1120.0,2026-07-03 09:18:40,521766175#3,company|restaurant|subway_entrance|bus_stop,,373.6701172395771,1298.610217621072,37.50319695740621,127.02490310718325,,,,timeout
dyn_pax_475,1123.0,2026-07-03 09:18:43,1117538957#3,restaurant|subway_entrance|bus_stop,,465.5082521847807,644.8780924026132,37.49732530507706,127.02609663221197,1621.0,498.0,taxi_41,picked
dyn_pax_476,1124.0,2026-07-03 09:18:44,1229817205#0,company|subway_entrance|bus_stop,,599.2457558679199,652.2907550986157,37.497417346160496,127.02760695963683,1600.0,476.0,taxi_17,picked
dyn_pax_477,1126.0,2026-07-03 09:18:46,218864491#0,restaurant|bus_stop,,769.9803916976219,760.1217113917903,37.49842094941813,127.02951181742357,1571.0,445.0,taxi_39,picked
dyn_pax_478,1127.0,2026-07-03 09:18:47,1229817205#0,company|subway_entrance|bus_stop,,599.2457558679199,652.2907550986157,37.497417346160496,127.02760695963683,,,,timeout
dyn_pax_479,1134.0,2026-07-03 09:18:54,521766180#1,company|restaurant|bus_stop,,466.73410130235357,1169.2838037446552,37.502049542882666,127.02598608796039,,,,timeout
dyn_pax_480,1135.0,2026-07-03 09:18:55,-417933645#2,company|restaurant|subway_entrance,,701.1658676593129,719.5455833044954,37.49804244093877,127.02874337560036,1599.0,464.0,taxi_0,picked
dyn_pax_481,1140.0,2026-07-03 09:19:00,-542367267#1,bus_stop,,247.51018316686128,1414.7184918773391,37.504219024473855,127.02344900430944,1628.0,488.0,taxi_respawn_53,picked
dyn_pax_482,1141.0,2026-07-03 09:19:01,375049565#6,restaurant|subway_entrance|bus_stop,,789.5153251748014,798.8522330112556,37.49877353199428,127.02972351946808,1571.0,430.0,taxi_respawn_17,picked
dyn_pax_483,1143.0,2026-07-03 09:19:03,1229817205#0,company|subway_entrance|bus_stop,,599.2457558679199,652.2907550986157,37.497417346160496,127.02760695963683,,,,timeout
dyn_pax_484,1144.0,2026-07-03 09:19:04,523141074#0,company|restaurant|subway_entrance,,524.0338794858329,871.4890157117229,37.4993777454413,127.02670460634431,1583.0,439.0,taxi_respawn_45,picked
dyn_pax_485,1147.0,2026-07-03 09:19:07,218873820#0,restaurant|subway_entrance|bus_stop,,628.9829311132032,562.4061665928522,37.49661325243901,127.02796447999128,,,,timeout
dyn_pax_486,1149.0,2026-07-03 09:19:09,521770116#2,company|restaurant|bus_stop,,432.3182248087171,1108.514093563608,37.50149560521279,127.02561136613096,,,,timeout
dyn_pax_487,1150.0,2026-07-03 09:19:10,521766175#3,company|restaurant|subway_entrance|bus_stop,,373.6701172395771,1298.610217621072,37.50319695740621,127.02490310718325,1608.0,458.0,taxi_6,picked
dyn_pax_488,1152.0,2026-07-03 09:19:12,521766182#1,company|restaurant|subway_entrance,,681.695169875507,539.6867345716422,37.496418539503196,127.02856584056028,1608.0,456.0,taxi_respawn_25,picked
dyn_pax_489,1155.0,2026-07-03 09:19:15,-506191135#2,residential|bus_stop,,236.19733776439384,769.6838415951818,37.49840622577806,127.02347432089968,1583.0,428.0,taxi_respawn_36,picked
dyn_pax_490,1157.0,2026-07-03 09:19:17,-417933645#2,company|restaurant|subway_entrance,,701.1658676593129,719.5455833044954,37.49804244093877,127.02874337560036,1638.0,481.0,taxi_respawn_38,picked
dyn_pax_491,1158.0,2026-07-03 09:19:18,1229817205#0,company|subway_entrance|bus_stop,,599.2457558679199,652.2907550986157,37.497417346160496,127.02760695963683,,,,timeout
dyn_pax_492,1160.0,2026-07-03 09:19:20,305539406,company|restaurant|subway_entrance,,566.389495917364,736.5285064605782,37.49816998085155,127.02721550408178,1650.0,490.0,taxi_32,picked
dyn_pax_493,1163.0,2026-07-03 09:19:23,541692164#1,subway_entrance,,271.6277521231475,1406.6420105391767,37.5041508337347,127.02372362926798,1630.0,467.0,taxi_respawn_10,picked
dyn_pax_494,1164.0,2026-07-03 09:19:24,521770119#0,restaurant|bus_stop,,548.9831206778387,935.1148840516827,37.499955620541705,127.02697161236954,1620.0,456.0,taxi_respawn_48,picked
dyn_pax_495,1166.0,2026-07-03 09:19:26,521770119#0,restaurant|bus_stop,,548.9831206778387,935.1148840516827,37.499955620541705,127.02697161236954,,,,timeout
dyn_pax_496,1167.0,2026-07-03 09:19:27,494824662#3,company|restaurant|subway_entrance,,729.424850252167,406.6843378518681,37.49522941823122,127.02913698209235,,,,timeout
dyn_pax_497,1170.0,2026-07-03 09:19:30,218857636#1,residential|company|restaurant|bus_stop,,297.92905089287035,623.2061345250047,37.49709839153085,127.02420706961871,1642.0,472.0,taxi_37,picked
dyn_pax_498,1171.0,2026-07-03 09:19:31,-129731721#2,company|restaurant,,388.6558839574922,820.9778890483499,37.49889713764622,127.02518592115393,1633.0,462.0,taxi_49,picked
dyn_pax_499,1172.0,2026-07-03 09:19:32,521766175#1,company|restaurant|subway_entrance,,332.9365590021661,1411.5585828157227,37.504206724109,127.02441570308932,1641.0,469.0,taxi_10,picked
dyn_pax_500,1175.0,2026-07-03 09:19:35,1117538958#3,bus_stop,,160.18899290588462,540.6019911995099,37.49632820280781,127.02266936696756,,,,timeout
dyn_pax_501,1176.0,2026-07-03 09:19:36,506191135#3,residential|company|restaurant|bus_stop,,238.79972345576414,789.4714057742513,37.49858497042428,127.023499044737,1628.0,452.0,taxi_respawn_31,picked
dyn_pax_502,1178.0,2026-07-03 09:19:38,521766175#3,company|restaurant|subway_entrance|bus_stop,,373.6701172395771,1298.610217621072,37.50319695740621,127.02490310718325,1655.0,477.0,taxi_27,picked
dyn_pax_503,1178.0,2026-07-03 09:19:38,-504509918#2,company|restaurant|bus_stop,,398.9694242295193,827.4758220967593,37.49895762305832,127.02530099003066,1672.0,494.0,taxi_30,picked
dyn_pax_504,1180.0,2026-07-03 09:19:40,178441450#1,residential|company|restaurant|bus_stop,,282.90243066757296,609.4157395563556,37.496971320837204,127.02404044855805,1649.0,469.0,taxi_40,picked
dyn_pax_505,1181.0,2026-07-03 09:19:41,-541692164#2,subway_entrance,,317.7122087179151,1441.0296574375257,37.504469327730426,127.0242365566347,1650.0,469.0,taxi_33,picked
dyn_pax_506,1184.0,2026-07-03 09:19:44,1229817205#0,company|subway_entrance|bus_stop,,599.2457558679199,652.2907550986157,37.497417346160496,127.02760695963683,1631.0,447.0,taxi_25,picked
dyn_pax_507,1186.0,2026-07-03 09:19:46,-504509918#2,company|restaurant|bus_stop,,398.9694242295193,827.4758220967593,37.49895762305832,127.02530099003066,1644.0,458.0,taxi_14,picked
dyn_pax_508,1189.0,2026-07-03 09:19:49,218864491#0,restaurant|bus_stop,,769.9803916976219,760.1217113917903,37.49842094941813,127.02951181742357,1679.0,490.0,taxi_45,picked
dyn_pax_509,1190.0,2026-07-03 09:19:50,417933642#0,restaurant|bus_stop,,1041.0954363710525,463.30841921497654,37.49579826441859,127.03264736696761,1663.0,473.0,taxi_23,picked
dyn_pax_510,1193.0,2026-07-03 09:19:53,305539406,company|restaurant|subway_entrance,,566.389495917364,736.5285064605782,37.49816998085155,127.02721550408178,,,,timeout
dyn_pax_511,1195.0,2026-07-03 09:19:55,218873820#0,restaurant|subway_entrance|bus_stop,,628.9829311132032,562.4061665928522,37.49661325243901,127.02796447999128,1647.0,452.0,taxi_respawn_50,picked
dyn_pax_512,1196.0,2026-07-03 09:19:56,-542367267#1,bus_stop,,247.51018316686128,1414.7184918773391,37.504219024473855,127.02344900430944,,,,timeout
dyn_pax_513,1198.0,2026-07-03 09:19:58,218873820#0,restaurant|subway_entrance|bus_stop,,628.9829311132032,562.4061665928522,37.49661325243901,127.02796447999128,,,,timeout
dyn_pax_514,1204.0,2026-07-03 09:20:04,494824662#3,company|restaurant|subway_entrance,,729.424850252167,406.6843378518681,37.49522941823122,127.02913698209235,,,,timeout
dyn_pax_515,1204.0,2026-07-03 09:20:04,-417933645#1,restaurant,,753.9829961438405,551.6859834676363,37.49654027420169,127.02938030242663,,,,timeout
dyn_pax_516,1209.0,2026-07-03 09:20:09,178441450#1,residential|company|restaurant|bus_stop,,282.90243066757296,609.4157395563556,37.496971320837204,127.02404044855805,,,,timeout
dyn_pax_517,1212.0,2026-07-03 09:20:12,521770119#1,restaurant|bus_stop,,527.3115514435282,995.8620162900467,37.50049875494786,127.02671217090477,,,,timeout
dyn_pax_518,1213.0,2026-07-03 09:20:13,520307304#0,school|subway_entrance|bus_stop,,602.6035134310263,763.145495629718,37.498416594724866,127.02761864854104,,,,timeout
dyn_pax_519,1215.0,2026-07-03 09:20:15,-542367267#1,bus_stop,,247.51018316686128,1414.7184918773391,37.504219024473855,127.02344900430944,,,,timeout
dyn_pax_520,1216.0,2026-07-03 09:20:16,1376141183#0,bus_stop,,548.2528111146681,901.2117688498424,37.49965007283687,127.02697139402301,1713.0,497.0,taxi_respawn_18,picked
dyn_pax_521,1216.0,2026-07-03 09:20:16,417933645#0,residential|restaurant,,823.1026288816429,385.61625104994533,37.49505730126708,127.03020109557775,1703.0,487.0,taxi_respawn_49,picked
dyn_pax_522,1219.0,2026-07-03 09:20:19,521770119#1,restaurant|bus_stop,,527.3115514435282,995.8620162900467,37.50049875494786,127.02671217090477,,,,timeout
dyn_pax_523,1224.0,2026-07-03 09:20:24,494824662#3,company|restaurant|subway_entrance,,729.424850252167,406.6843378518681,37.49522941823122,127.02913698209235,,,,timeout
dyn_pax_524,1224.0,2026-07-03 09:20:24,-309155295#2,restaurant,,851.6644930724242,598.8503866590313,37.496983571544654,127.03047355257749,1722.0,498.0,taxi_respawn_15,picked
dyn_pax_525,1226.0,2026-07-03 09:20:26,-129731858#1,restaurant,,779.3164249772793,838.8541978668718,37.49913195860003,127.0295987323456,,,,timeout
dyn_pax_526,1227.0,2026-07-03 09:20:27,520307304#0,school|subway_entrance|bus_stop,,602.6035134310263,763.145495629718,37.498416594724866,127.02761864854104,,,,timeout
dyn_pax_527,1229.0,2026-07-03 09:20:29,1117538957#3,restaurant|subway_entrance|bus_stop,,465.5082521847807,644.8780924026132,37.49732530507706,127.02609663221197,1728.0,499.0,taxi_5,picked
dyn_pax_528,1230.0,2026-07-03 09:20:30,1376141182#0,bus_stop,,385.7154046370183,1301.0311255965628,37.50322104370192,127.02503873135461,,,,timeout
dyn_pax_529,1233.0,2026-07-03 09:20:33,523141074#0,company|restaurant|subway_entrance,,524.0338794858329,871.4890157117229,37.4993777454413,127.02670460634431,1730.0,497.0,taxi_respawn_52,picked
dyn_pax_530,1236.0,2026-07-03 09:20:36,-417933645#2,company|restaurant|subway_entrance,,701.1658676593129,719.5455833044954,37.49804244093877,127.02874337560036,,,,timeout
dyn_pax_531,1238.0,2026-07-03 09:20:38,178441450#1,residential|company|restaurant|bus_stop,,282.90243066757296,609.4157395563556,37.496971320837204,127.02404044855805,1723.0,485.0,taxi_47,picked
dyn_pax_532,1239.0,2026-07-03 09:20:39,1376141182#0,bus_stop,,385.7154046370183,1301.0311255965628,37.50322104370192,127.02503873135461,,,,timeout
dyn_pax_533,1241.0,2026-07-03 09:20:41,1229817205#1,residential|bus_stop,,631.6400080768872,572.7061575261558,37.49670653972221,127.02799208080955,,,,timeout
dyn_pax_534,1242.0,2026-07-03 09:20:42,-542367267#1,bus_stop,,247.51018316686128,1414.7184918773391,37.504219024473855,127.02344900430944,1733.0,491.0,taxi_respawn_21,picked
dyn_pax_535,1244.0,2026-07-03 09:20:44,218857636#1,residential|company|restaurant|bus_stop,,297.92905089287035,623.2061345250047,37.49709839153085,127.02420706961871,1731.0,487.0,taxi_respawn_37,picked
dyn_pax_536,1245.0,2026-07-03 09:20:45,218873820#0,restaurant|subway_entrance|bus_stop,,628.9829311132032,562.4061665928522,37.49661325243901,127.02796447999128,,,,timeout
dyn_pax_537,1248.0,2026-07-03 09:20:48,521766182#1,company|restaurant|subway_entrance,,681.695169875507,539.6867345716422,37.496418539503196,127.02856584056028,,,,timeout
dyn_pax_538,1253.0,2026-07-03 09:20:53,520307304#0,school|subway_entrance|bus_stop,,602.6035134310263,763.145495629718,37.498416594724866,127.02761864854104,,,,timeout
dyn_pax_539,1256.0,2026-07-03 09:20:56,1376141183#0,bus_stop,,548.2528111146681,901.2117688498424,37.49965007283687,127.02697139402301,,,,timeout
dyn_pax_540,1256.0,2026-07-03 09:20:56,1056882877#3,residential|company|restaurant,,365.79280968467333,433.0557487307964,37.495398294451746,127.02501948586043,,,,timeout
dyn_pax_541,1258.0,2026-07-03 09:20:58,1117538957#3,restaurant|subway_entrance|bus_stop,,465.5082521847807,644.8780924026132,37.49732530507706,127.02609663221197,,,,timeout
dyn_pax_542,1259.0,2026-07-03 09:20:59,506191135#3,residential|company|restaurant|bus_stop,,238.79972345576414,789.4714057742513,37.49858497042428,127.023499044737,,,,timeout
dyn_pax_543,1262.0,2026-07-03 09:21:02,1229817205#1,residential|bus_stop,,631.6400080768872,572.7061575261558,37.49670653972221,127.02799208080955,,,,timeout
dyn_pax_544,1264.0,2026-07-03 09:21:04,-541692164#2,subway_entrance,,317.7122087179151,1441.0296574375257,37.504469327730426,127.0242365566347,1749.0,485.0,taxi_respawn_40,picked
dyn_pax_545,1265.0,2026-07-03 09:21:05,-417933645#2,company|restaurant|subway_entrance,,701.1658676593129,719.5455833044954,37.49804244093877,127.02874337560036,,,,timeout
dyn_pax_546,1267.0,2026-07-03 09:21:07,521766175#1,company|restaurant|subway_entrance,,332.9365590021661,1411.5585828157227,37.504206724109,127.02441570308932,1763.0,496.0,taxi_7,picked
dyn_pax_547,1267.0,2026-07-03 09:21:07,309155295#2,restaurant,,836.915506927576,584.1196133409687,37.49684809051661,127.03031028233906,,,,timeout
dyn_pax_548,1270.0,2026-07-03 09:21:10,520307304#0,school|subway_entrance|bus_stop,,602.6035134310263,763.145495629718,37.498416594724866,127.02761864854104,,,,timeout
dyn_pax_549,1271.0,2026-07-03 09:21:11,521766175#3,company|restaurant|subway_entrance|bus_stop,,373.6701172395771,1298.610217621072,37.50319695740621,127.02490310718325,1751.0,480.0,taxi_respawn_57,picked
dyn_pax_550,1273.0,2026-07-03 09:21:13,521766180#1,company|restaurant|bus_stop,,466.73410130235357,1169.2838037446552,37.502049542882666,127.02598608796039,,,,timeout
dyn_pax_551,1275.0,2026-07-03 09:21:15,-506191135#2,residential|bus_stop,,236.19733776439384,769.6838415951818,37.49840622577806,127.02347432089968,,,,timeout
dyn_pax_552,1276.0,2026-07-03 09:21:16,520307304#0,school|subway_entrance|bus_stop,,602.6035134310263,763.145495629718,37.498416594724866,127.02761864854104,1770.0,494.0,taxi_42,picked
dyn_pax_553,1282.0,2026-07-03 09:21:22,218857636#1,residential|company|restaurant|bus_stop,,297.92905089287035,623.2061345250047,37.49709839153085,127.02420706961871,,,,timeout
dyn_pax_554,1284.0,2026-07-03 09:21:24,178441450#1,residential|company|restaurant|bus_stop,,282.90243066757296,609.4157395563556,37.496971320837204,127.02404044855805,,,,timeout
dyn_pax_555,1285.0,2026-07-03 09:21:25,975332778#1,bus_stop,,681.6099970732737,721.9380561808346,37.49806030190971,127.02852170075586,,,,timeout
dyn_pax_556,1287.0,2026-07-03 09:21:27,-506191135#22,residential|company|restaurant|bus_stop,,38.693950105848444,1321.9513167019495,37.50334380565249,127.02110990869835,1762.0,475.0,taxi_8,picked
dyn_pax_557,1288.0,2026-07-03 09:21:28,521770116#2,company|restaurant|bus_stop,,432.3182248087171,1108.514093563608,37.50149560521279,127.02561136613096,1749.0,461.0,taxi_respawn_16,picked
dyn_pax_558,1291.0,2026-07-03 09:21:31,521770119#0,restaurant|bus_stop,,548.9831206778387,935.1148840516827,37.499955620541705,127.02697161236954,,,,timeout
dyn_pax_559,1293.0,2026-07-03 09:21:33,218873820#0,restaurant|subway_entrance|bus_stop,,628.9829311132032,562.4061665928522,37.49661325243901,127.02796447999128,,,,timeout
dyn_pax_560,1294.0,2026-07-03 09:21:34,305539406,company|restaurant|subway_entrance,,566.389495917364,736.5285064605782,37.49816998085155,127.02721550408178,,,,timeout
dyn_pax_561,1297.0,2026-07-03 09:21:37,523141074#0,company|restaurant|subway_entrance,,524.0338794858329,871.4890157117229,37.4993777454413,127.02670460634431,,,,timeout
dyn_pax_562,1301.0,2026-07-03 09:21:41,218864491#0,restaurant|bus_stop,,769.9803916976219,760.1217113917903,37.49842094941813,127.02951181742357,,,,timeout
dyn_pax_563,1305.0,2026-07-03 09:21:45,1229817205#1,residential|bus_stop,,631.6400080768872,572.7061575261558,37.49670653972221,127.02799208080955,,,,timeout
dyn_pax_564,1307.0,2026-07-03 09:21:47,521766180#1,company|restaurant|bus_stop,,466.73410130235357,1169.2838037446552,37.502049542882666,127.02598608796039,,,,timeout
dyn_pax_565,1308.0,2026-07-03 09:21:48,218873820#0,restaurant|subway_entrance|bus_stop,,628.9829311132032,562.4061665928522,37.49661325243901,127.02796447999128,,,,timeout
dyn_pax_566,1311.0,2026-07-03 09:21:51,521766175#3,company|restaurant|subway_entrance|bus_stop,,373.6701172395771,1298.610217621072,37.50319695740621,127.02490310718325,1806.0,495.0,taxi_respawn_45,picked
dyn_pax_567,1313.0,2026-07-03 09:21:53,218864491#0,restaurant|bus_stop,,769.9803916976219,760.1217113917903,37.49842094941813,127.02951181742357,1807.0,494.0,taxi_respawn_51,picked
dyn_pax_568,1314.0,2026-07-03 09:21:54,178441450#1,residential|company|restaurant|bus_stop,,282.90243066757296,609.4157395563556,37.496971320837204,127.02404044855805,,,,timeout
dyn_pax_569,1320.0,2026-07-03 09:22:00,-541692164#2,subway_entrance,,317.7122087179151,1441.0296574375257,37.504469327730426,127.0242365566347,1815.0,495.0,taxi_respawn_55,picked
dyn_pax_570,1322.0,2026-07-03 09:22:02,256787796#6,restaurant,,626.4884087870183,851.7135990963859,37.499218954480725,127.02786771303293,,,,timeout
dyn_pax_571,1327.0,2026-07-03 09:22:07,218857636#1,residential|company|restaurant|bus_stop,,297.92905089287035,623.2061345250047,37.49709839153085,127.02420706961871,1820.0,493.0,taxi_35,picked
dyn_pax_572,1328.0,2026-07-03 09:22:08,218873820#0,restaurant|subway_entrance|bus_stop,,628.9829311132032,562.4061665928522,37.49661325243901,127.02796447999128,1820.0,492.0,taxi_respawn_19,picked
dyn_pax_573,1331.0,2026-07-03 09:22:11,521766175#1,company|restaurant|subway_entrance,,332.9365590021661,1411.5585828157227,37.504206724109,127.02441570308932,1813.0,482.0,taxi_respawn_36,picked
dyn_pax_574,1332.0,2026-07-03 09:22:12,129733424#1,restaurant,,625.7652907028337,1027.567371479777,37.50080296382065,127.02781785674841,,,,timeout
dyn_pax_575,1333.0,2026-07-03 09:22:13,375049565#6,restaurant|subway_entrance|bus_stop,,789.5153251748014,798.8522330112556,37.49877353199428,127.02972351946808,1809.0,476.0,taxi_respawn_23,picked
dyn_pax_576,1334.0,2026-07-03 09:22:14,-541692164#2,subway_entrance,,317.7122087179151,1441.0296574375257,37.504469327730426,127.0242365566347,1821.0,487.0,taxi_6,picked
dyn_pax_577,1337.0,2026-07-03 09:22:17,521766175#3,company|restaurant|subway_entrance|bus_stop,,373.6701172395771,1298.610217621072,37.50319695740621,127.02490310718325,1827.0,490.0,taxi_respawn_11,picked
dyn_pax_578,1339.0,2026-07-03 09:22:19,523141074#0,company|restaurant|subway_entrance,,524.0338794858329,871.4890157117229,37.4993777454413,127.02670460634431,1825.0,486.0,taxi_33,picked
dyn_pax_579,1340.0,2026-07-03 09:22:20,541692164#1,subway_entrance,,271.6277521231475,1406.6420105391767,37.5041508337347,127.02372362926798,,,,timeout
dyn_pax_580,1342.0,2026-07-03 09:22:22,521770119#0,restaurant|bus_stop,,548.9831206778387,935.1148840516827,37.499955620541705,127.02697161236954,,,,timeout
dyn_pax_581,1342.0,2026-07-03 09:22:22,521770116#2,company|restaurant|bus_stop,,432.3182248087171,1108.514093563608,37.50149560521279,127.02561136613096,,,,timeout
dyn_pax_582,1343.0,2026-07-03 09:22:23,494824662#3,company|restaurant|subway_entrance,,729.424850252167,406.6843378518681,37.49522941823122,127.02913698209235,,,,timeout
dyn_pax_583,1345.0,2026-07-03 09:22:25,975332778#1,bus_stop,,681.6099970732737,721.9380561808346,37.49806030190971,127.02852170075586,1818.0,473.0,taxi_respawn_4,picked
dyn_pax_584,1347.0,2026-07-03 09:22:27,506191135#3,residential|company|restaurant|bus_stop,,238.79972345576414,789.4714057742513,37.49858497042428,127.023499044737,,,,timeout
dyn_pax_585,1348.0,2026-07-03 09:22:28,-506191135#2,residential|bus_stop,,236.19733776439384,769.6838415951818,37.49840622577806,127.02347432089968,1834.0,486.0,taxi_1,picked
dyn_pax_586,1350.0,2026-07-03 09:22:30,-506191135#2,residential|bus_stop,,236.19733776439384,769.6838415951818,37.49840622577806,127.02347432089968,1825.0,475.0,taxi_respawn_20,picked
dyn_pax_587,1351.0,2026-07-03 09:22:31,480850873,company|restaurant|bus_stop,,548.1935052770749,708.5896639848544,37.49791486187585,127.0270163956136,1826.0,475.0,taxi_respawn_58,picked
dyn_pax_588,1354.0,2026-07-03 09:22:34,218857636#1,residential|company|restaurant|bus_stop,,297.92905089287035,623.2061345250047,37.49709839153085,127.02420706961871,1826.0,472.0,taxi_13,picked
dyn_pax_589,1356.0,2026-07-03 09:22:36,480850873,company|restaurant|bus_stop,,548.1935052770749,708.5896639848544,37.49791486187585,127.0270163956136,,,,timeout
dyn_pax_590,1357.0,2026-07-03 09:22:37,521766175#3,company|restaurant|subway_entrance|bus_stop,,373.6701172395771,1298.610217621072,37.50319695740621,127.02490310718325,1852.0,495.0,taxi_respawn_61,picked
dyn_pax_591,1359.0,2026-07-03 09:22:39,218873820#0,restaurant|subway_entrance|bus_stop,,628.9829311132032,562.4061665928522,37.49661325243901,127.02796447999128,1828.0,469.0,taxi_38,picked
dyn_pax_592,1362.0,2026-07-03 09:22:42,521766180#1,company|restaurant|bus_stop,,466.73410130235357,1169.2838037446552,37.502049542882666,127.02598608796039,1823.0,461.0,taxi_27,picked
dyn_pax_593,1365.0,2026-07-03 09:22:45,218864491#0,restaurant|bus_stop,,769.9803916976219,760.1217113917903,37.49842094941813,127.02951181742357,,,,timeout
dyn_pax_594,1366.0,2026-07-03 09:22:46,521766175#3,company|restaurant|subway_entrance|bus_stop,,373.6701172395771,1298.610217621072,37.50319695740621,127.02490310718325,,,,timeout
dyn_pax_595,1367.0,2026-07-03 09:22:47,-117790039#4,restaurant,,976.1736160857955,1107.3942396063046,37.50158817580974,127.03176100793065,1842.0,475.0,taxi_31,picked
dyn_pax_596,1368.0,2026-07-03 09:22:48,375049565#6,restaurant|subway_entrance|bus_stop,,789.5153251748014,798.8522330112556,37.49877353199428,127.02972351946808,1864.0,496.0,taxi_respawn_35,picked
dyn_pax_597,1370.0,2026-07-03 09:22:50,178441450#1,residential|company|restaurant|bus_stop,,282.90243066757296,609.4157395563556,37.496971320837204,127.02404044855805,1855.0,485.0,taxi_respawn_41,picked
dyn_pax_598,1371.0,2026-07-03 09:22:51,178441450#1,residential|company|restaurant|bus_stop,,282.90243066757296,609.4157395563556,37.496971320837204,127.02404044855805,1862.0,491.0,taxi_22,picked
dyn_pax_599,1376.0,2026-07-03 09:22:56,375049565#6,restaurant|subway_entrance|bus_stop,,789.5153251748014,798.8522330112556,37.49877353199428,127.02972351946808,1817.0,441.0,taxi_20,picked
dyn_pax_600,1377.0,2026-07-03 09:22:57,375049565#6,restaurant|subway_entrance|bus_stop,,789.5153251748014,798.8522330112556,37.49877353199428,127.02972351946808,1826.0,449.0,taxi_respawn_6,picked
dyn_pax_601,1379.0,2026-07-03 09:22:59,521766182#1,company|restaurant|subway_entrance,,681.695169875507,539.6867345716422,37.496418539503196,127.02856584056028,,,,timeout
dyn_pax_602,1380.0,2026-07-03 09:23:00,1117538958#3,bus_stop,,160.18899290588462,540.6019911995099,37.49632820280781,127.02266936696756,,,,timeout
dyn_pax_603,1382.0,2026-07-03 09:23:02,975332778#1,bus_stop,,681.6099970732737,721.9380561808346,37.49806030190971,127.02852170075586,1869.0,487.0,taxi_32,picked
dyn_pax_604,1383.0,2026-07-03 09:23:03,-504509918#2,company|restaurant|bus_stop,,398.9694242295193,827.4758220967593,37.49895762305832,127.02530099003066,,,,timeout
dyn_pax_605,1386.0,2026-07-03 09:23:06,-506191135#2,residential|bus_stop,,236.19733776439384,769.6838415951818,37.49840622577806,127.02347432089968,1871.0,485.0,taxi_respawn_59,picked
dyn_pax_606,1388.0,2026-07-03 09:23:08,521766175#3,company|restaurant|subway_entrance|bus_stop,,373.6701172395771,1298.610217621072,37.50319695740621,127.02490310718325,,,,timeout
dyn_pax_607,1391.0,2026-07-03 09:23:11,975332778#1,bus_stop,,681.6099970732737,721.9380561808346,37.49806030190971,127.02852170075586,1877.0,486.0,taxi_respawn_46,picked
dyn_pax_608,1392.0,2026-07-03 09:23:12,-541692164#2,subway_entrance,,317.7122087179151,1441.0296574375257,37.504469327730426,127.0242365566347,,,,timeout
dyn_pax_609,1395.0,2026-07-03 09:23:15,506191135#3,residential|company|restaurant|bus_stop,,238.79972345576414,789.4714057742513,37.49858497042428,127.023499044737,,,,timeout
dyn_pax_610,1396.0,2026-07-03 09:23:16,1376141182#0,bus_stop,,385.7154046370183,1301.0311255965628,37.50322104370192,127.02503873135461,,,,timeout
dyn_pax_611,1399.0,2026-07-03 09:23:19,-504509918#2,company|restaurant|bus_stop,,398.9694242295193,827.4758220967593,37.49895762305832,127.02530099003066,,,,timeout
dyn_pax_612,1400.0,2026-07-03 09:23:20,1229817205#1,residential|bus_stop,,631.6400080768872,572.7061575261558,37.49670653972221,127.02799208080955,1895.0,495.0,taxi_28,picked
dyn_pax_613,1403.0,2026-07-03 09:23:23,521766175#3,company|restaurant|subway_entrance|bus_stop,,373.6701172395771,1298.610217621072,37.50319695740621,127.02490310718325,,,,timeout
dyn_pax_614,1408.0,2026-07-03 09:23:28,541692164#1,subway_entrance,,271.6277521231475,1406.6420105391767,37.5041508337347,127.02372362926798,,,,timeout
dyn_pax_615,1409.0,2026-07-03 09:23:29,-542367267#1,bus_stop,,247.51018316686128,1414.7184918773391,37.504219024473855,127.02344900430944,,,,timeout
dyn_pax_616,1414.0,2026-07-03 09:23:34,1117538957#3,restaurant|subway_entrance|bus_stop,,465.5082521847807,644.8780924026132,37.49732530507706,127.02609663221197,,,,timeout
dyn_pax_617,1419.0,2026-07-03 09:23:39,1376141182#0,bus_stop,,385.7154046370183,1301.0311255965628,37.50322104370192,127.02503873135461,,,,timeout
dyn_pax_618,1422.0,2026-07-03 09:23:42,417933642#0,restaurant|bus_stop,,1041.0954363710525,463.30841921497654,37.49579826441859,127.03264736696761,1870.0,448.0,taxi_respawn_49,picked
dyn_pax_619,1425.0,2026-07-03 09:23:45,305539406,company|restaurant|subway_entrance,,566.389495917364,736.5285064605782,37.49816998085155,127.02721550408178,,,,timeout
dyn_pax_620,1426.0,2026-07-03 09:23:46,417933642#0,restaurant|bus_stop,,1041.0954363710525,463.30841921497654,37.49579826441859,127.03264736696761,1909.0,483.0,taxi_14,picked
dyn_pax_621,1429.0,2026-07-03 09:23:49,494824662#3,company|restaurant|subway_entrance,,729.424850252167,406.6843378518681,37.49522941823122,127.02913698209235,,,,timeout
dyn_pax_622,1431.0,2026-07-03 09:23:51,520307304#0,school|subway_entrance|bus_stop,,602.6035134310263,763.145495629718,37.498416594724866,127.02761864854104,1870.0,439.0,taxi_respawn_28,picked
dyn_pax_623,1432.0,2026-07-03 09:23:52,523141074#0,company|restaurant|subway_entrance,,524.0338794858329,871.4890157117229,37.4993777454413,127.02670460634431,,,,timeout
dyn_pax_624,1437.0,2026-07-03 09:23:57,1117538957#3,restaurant|subway_entrance|bus_stop,,465.5082521847807,644.8780924026132,37.49732530507706,127.02609663221197,,,,timeout
dyn_pax_625,1438.0,2026-07-03 09:23:58,521766182#1,company|restaurant|subway_entrance,,681.695169875507,539.6867345716422,37.496418539503196,127.02856584056028,,,,timeout
dyn_pax_626,1440.0,2026-07-03 09:24:00,494824662#3,company|restaurant|subway_entrance,,729.424850252167,406.6843378518681,37.49522941823122,127.02913698209235,,,,timeout
dyn_pax_627,1441.0,2026-07-03 09:24:01,417933642#0,restaurant|bus_stop,,1041.0954363710525,463.30841921497654,37.49579826441859,127.03264736696761,,,,timeout
dyn_pax_628,1443.0,2026-07-03 09:24:03,-417933645#2,company|restaurant|subway_entrance,,701.1658676593129,719.5455833044954,37.49804244093877,127.02874337560036,,,,timeout
dyn_pax_629,1451.0,2026-07-03 09:24:11,218873820#0,restaurant|subway_entrance|bus_stop,,628.9829311132032,562.4061665928522,37.49661325243901,127.02796447999128,,,,timeout
dyn_pax_630,1452.0,2026-07-03 09:24:12,521770116#2,company|restaurant|bus_stop,,432.3182248087171,1108.514093563608,37.50149560521279,127.02561136613096,,,,timeout
dyn_pax_631,1453.0,2026-07-03 09:24:13,-117790062#4,company,,666.6267400273903,1210.7400577041187,37.50246075614395,127.02823646445898,1888.0,435.0,taxi_respawn_5,picked
dyn_pax_632,1455.0,2026-07-03 09:24:15,-541692164#2,subway_entrance,,317.7122087179151,1441.0296574375257,37.504469327730426,127.0242365566347,,,,timeout
dyn_pax_633,1460.0,2026-07-03 09:24:20,523141074#0,company|restaurant|subway_entrance,,524.0338794858329,871.4890157117229,37.4993777454413,127.02670460634431,,,,timeout
dyn_pax_634,1461.0,2026-07-03 09:24:21,-506191135#2,residential|bus_stop,,236.19733776439384,769.6838415951818,37.49840622577806,127.02347432089968,1929.0,468.0,taxi_0,picked
dyn_pax_635,1463.0,2026-07-03 09:24:23,521766175#3,company|restaurant|subway_entrance|bus_stop,,373.6701172395771,1298.610217621072,37.50319695740621,127.02490310718325,1960.0,497.0,taxi_respawn_37,picked
dyn_pax_636,1463.0,2026-07-03 09:24:23,1117538957#0,company|restaurant,,312.91680439510856,589.5311930299885,37.49679787270139,127.0243845203811,1954.0,491.0,taxi_39,picked
dyn_pax_637,1464.0,2026-07-03 09:24:24,-506191135#2,residential|bus_stop,,236.19733776439384,769.6838415951818,37.49840622577806,127.02347432089968,,,,timeout
dyn_pax_638,1466.0,2026-07-03 09:24:26,1117538958#3,bus_stop,,160.18899290588462,540.6019911995099,37.49632820280781,127.02266936696756,,,,timeout
dyn_pax_639,1468.0,2026-07-03 09:24:28,218877837#2,company|restaurant|bus_stop,,479.4555212141038,978.0213907550284,37.500328997763305,127.02617530290202,1931.0,463.0,taxi_respawn_64,picked
dyn_pax_640,1469.0,2026-07-03 09:24:29,521770119#1,restaurant|bus_stop,,527.3115514435282,995.8620162900467,37.50049875494786,127.02671217090477,1942.0,473.0,taxi_23,picked
dyn_pax_641,1471.0,2026-07-03 09:24:31,375049565#6,restaurant|subway_entrance|bus_stop,,789.5153251748014,798.8522330112556,37.49877353199428,127.02972351946808,1926.0,455.0,taxi_respawn_54,picked
dyn_pax_642,1474.0,2026-07-03 09:24:34,218873820#0,restaurant|subway_entrance|bus_stop,,628.9829311132032,562.4061665928522,37.49661325243901,127.02796447999128,1935.0,461.0,taxi_30,picked
dyn_pax_643,1475.0,2026-07-03 09:24:35,541692164#1,subway_entrance,,271.6277521231475,1406.6420105391767,37.5041508337347,127.02372362926798,1947.0,472.0,taxi_45,picked
dyn_pax_644,1480.0,2026-07-03 09:24:40,1229817205#1,residential|bus_stop,,631.6400080768872,572.7061575261558,37.49670653972221,127.02799208080955,1964.0,484.0,taxi_respawn_36,picked
dyn_pax_645,1481.0,2026-07-03 09:24:41,1229817205#0,company|subway_entrance|bus_stop,,599.2457558679199,652.2907550986157,37.497417346160496,127.02760695963683,,,,timeout
dyn_pax_646,1483.0,2026-07-03 09:24:43,520307304#0,school|subway_entrance|bus_stop,,602.6035134310263,763.145495629718,37.498416594724866,127.02761864854104,,,,timeout
dyn_pax_647,1484.0,2026-07-03 09:24:44,-506191135#2,residential|bus_stop,,236.19733776439384,769.6838415951818,37.49840622577806,127.02347432089968,1973.0,489.0,taxi_24,picked
dyn_pax_648,1489.0,2026-07-03 09:24:49,1117538958#3,bus_stop,,160.18899290588462,540.6019911995099,37.49632820280781,127.02266936696756,1971.0,482.0,taxi_respawn_23,picked
dyn_pax_649,1494.0,2026-07-03 09:24:54,-417933645#2,company|restaurant|subway_entrance,,701.1658676593129,719.5455833044954,37.49804244093877,127.02874337560036,1926.0,432.0,taxi_respawn_50,picked
dyn_pax_650,1495.0,2026-07-03 09:24:55,520307304#0,school|subway_entrance|bus_stop,,602.6035134310263,763.145495629718,37.498416594724866,127.02761864854104,1948.0,453.0,taxi_respawn_1,picked
dyn_pax_651,1497.0,2026-07-03 09:24:57,521770116#2,company|restaurant|bus_stop,,432.3182248087171,1108.514093563608,37.50149560521279,127.02561136613096,,,,timeout
dyn_pax_652,1500.0,2026-07-03 09:25:00,494824662#3,company|restaurant|subway_entrance,,729.424850252167,406.6843378518681,37.49522941823122,127.02913698209235,1986.0,486.0,taxi_respawn_62,picked
dyn_pax_653,1501.0,2026-07-03 09:25:01,1117538957#3,restaurant|subway_entrance|bus_stop,,465.5082521847807,644.8780924026132,37.49732530507706,127.02609663221197,2000.0,499.0,taxi_19,picked
dyn_pax_654,1504.0,2026-07-03 09:25:04,521766175#3,company|restaurant|subway_entrance|bus_stop,,373.6701172395771,1298.610217621072,37.50319695740621,127.02490310718325,,,,timeout
dyn_pax_655,1506.0,2026-07-03 09:25:06,521766180#1,company|restaurant|bus_stop,,466.73410130235357,1169.2838037446552,37.502049542882666,127.02598608796039,1994.0,488.0,taxi_respawn_16,picked
dyn_pax_656,1507.0,2026-07-03 09:25:07,480850873,company|restaurant|bus_stop,,548.1935052770749,708.5896639848544,37.49791486187585,127.0270163956136,1959.0,452.0,taxi_37,picked
dyn_pax_657,1510.0,2026-07-03 09:25:10,1117538958#3,bus_stop,,160.18899290588462,540.6019911995099,37.49632820280781,127.02266936696756,1993.0,483.0,taxi_18,picked
dyn_pax_658,1512.0,2026-07-03 09:25:12,178441450#1,residential|company|restaurant|bus_stop,,282.90243066757296,609.4157395563556,37.496971320837204,127.02404044855805,,,,timeout
dyn_pax_659,1513.0,2026-07-03 09:25:13,417933642#0,restaurant|bus_stop,,1041.0954363710525,463.30841921497654,37.49579826441859,127.03264736696761,,,,timeout
dyn_pax_660,1517.0,2026-07-03 09:25:17,521770119#1,restaurant|bus_stop,,527.3115514435282,995.8620162900467,37.50049875494786,127.02671217090477,1989.0,472.0,taxi_respawn_44,picked
dyn_pax_661,1518.0,2026-07-03 09:25:18,975332778#1,bus_stop,,681.6099970732737,721.9380561808346,37.49806030190971,127.02852170075586,,,,timeout
dyn_pax_662,1520.0,2026-07-03 09:25:20,-541692164#2,subway_entrance,,317.7122087179151,1441.0296574375257,37.504469327730426,127.0242365566347,1995.0,475.0,taxi_respawn_60,picked
dyn_pax_663,1521.0,2026-07-03 09:25:21,417933642#0,restaurant|bus_stop,,1041.0954363710525,463.30841921497654,37.49579826441859,127.03264736696761,,,,timeout
dyn_pax_664,1524.0,2026-07-03 09:25:24,521766175#3,company|restaurant|subway_entrance|bus_stop,,373.6701172395771,1298.610217621072,37.50319695740621,127.02490310718325,,,,timeout
dyn_pax_665,1526.0,2026-07-03 09:25:26,218873820#0,restaurant|subway_entrance|bus_stop,,628.9829311132032,562.4061665928522,37.49661325243901,127.02796447999128,,,,timeout
dyn_pax_666,1529.0,2026-07-03 09:25:29,541692164#1,subway_entrance,,271.6277521231475,1406.6420105391767,37.5041508337347,127.02372362926798,1996.0,467.0,taxi_13,picked
dyn_pax_667,1532.0,2026-07-03 09:25:32,218873820#0,restaurant|subway_entrance|bus_stop,,628.9829311132032,562.4061665928522,37.49661325243901,127.02796447999128,2000.0,468.0,taxi_respawn_39,picked
dyn_pax_668,1533.0,2026-07-03 09:25:33,521766175#3,company|restaurant|subway_entrance|bus_stop,,373.6701172395771,1298.610217621072,37.50319695740621,127.02490310718325,,,,timeout
dyn_pax_669,1534.0,2026-07-03 09:25:34,-506191135#22,residential|company|restaurant|bus_stop,,38.693950105848444,1321.9513167019495,37.50334380565249,127.02110990869835,,,,timeout
dyn_pax_670,1536.0,2026-07-03 09:25:36,-504509918#2,company|restaurant|bus_stop,,398.9694242295193,827.4758220967593,37.49895762305832,127.02530099003066,1992.0,456.0,taxi_respawn_30,picked
dyn_pax_671,1536.0,2026-07-03 09:25:36,256787796#6,restaurant,,626.4884087870183,851.7135990963859,37.499218954480725,127.02786771303293,,,,timeout
dyn_pax_672,1538.0,2026-07-03 09:25:38,375049565#6,restaurant|subway_entrance|bus_stop,,789.5153251748014,798.8522330112556,37.49877353199428,127.02972351946808,1988.0,450.0,taxi_respawn_53,picked
dyn_pax_673,1541.0,2026-07-03 09:25:41,521766175#3,company|restaurant|subway_entrance|bus_stop,,373.6701172395771,1298.610217621072,37.50319695740621,127.02490310718325,,,,timeout
dyn_pax_674,1546.0,2026-07-03 09:25:46,523141074#0,company|restaurant|subway_entrance,,524.0338794858329,871.4890157117229,37.4993777454413,127.02670460634431,1990.0,444.0,taxi_respawn_11,picked
dyn_pax_675,1547.0,2026-07-03 09:25:47,521766175#3,company|restaurant|subway_entrance|bus_stop,,373.6701172395771,1298.610217621072,37.50319695740621,127.02490310718325,,,,timeout
dyn_pax_676,1549.0,2026-07-03 09:25:49,521770119#1,restaurant|bus_stop,,527.3115514435282,995.8620162900467,37.50049875494786,127.02671217090477,,,,timeout
dyn_pax_677,1550.0,2026-07-03 09:25:50,521770116#2,company|restaurant|bus_stop,,432.3182248087171,1108.514093563608,37.50149560521279,127.02561136613096,,,,timeout
dyn_pax_678,1551.0,2026-07-03 09:25:51,542367267#1,company|restaurant,,199.26981683313872,1381.121508122661,37.50390724154084,127.02291151664822,,,,timeout
dyn_pax_679,1552.0,2026-07-03 09:25:52,-541692164#2,subway_entrance,,317.7122087179151,1441.0296574375257,37.504469327730426,127.0242365566347,,,,timeout
dyn_pax_680,1553.0,2026-07-03 09:25:53,305539406,company|restaurant|subway_entrance,,566.389495917364,736.5285064605782,37.49816998085155,127.02721550408178,2000.0,447.0,taxi_respawn_40,picked
dyn_pax_681,1556.0,2026-07-03 09:25:56,1229817205#1,residential|bus_stop,,631.6400080768872,572.7061575261558,37.49670653972221,127.02799208080955,2031.0,475.0,taxi_25,picked
dyn_pax_682,1558.0,2026-07-03 09:25:58,218857636#1,residential|company|restaurant|bus_stop,,297.92905089287035,623.2061345250047,37.49709839153085,127.02420706961871,,,,timeout
dyn_pax_683,1559.0,2026-07-03 09:25:59,521766175#3,company|restaurant|subway_entrance|bus_stop,,373.6701172395771,1298.610217621072,37.50319695740621,127.02490310718325,,,,timeout
dyn_pax_684,1563.0,2026-07-03 09:26:03,1117538958#3,bus_stop,,160.18899290588462,540.6019911995099,37.49632820280781,127.02266936696756,2033.0,470.0,taxi_respawn_31,picked
dyn_pax_685,1564.0,2026-07-03 09:26:04,1117538958#3,bus_stop,,160.18899290588462,540.6019911995099,37.49632820280781,127.02266936696756,,,,timeout
dyn_pax_686,1567.0,2026-07-03 09:26:07,375049565#6,restaurant|subway_entrance|bus_stop,,789.5153251748014,798.8522330112556,37.49877353199428,127.02972351946808,2029.0,462.0,taxi_40,picked
dyn_pax_687,1569.0,2026-07-03 09:26:09,375049565#6,restaurant|subway_entrance|bus_stop,,789.5153251748014,798.8522330112556,37.49877353199428,127.02972351946808,2051.0,482.0,taxi_27,picked
dyn_pax_688,1570.0,2026-07-03 09:26:10,521766175#3,company|restaurant|subway_entrance|bus_stop,,373.6701172395771,1298.610217621072,37.50319695740621,127.02490310718325,,,,timeout
dyn_pax_689,1572.0,2026-07-03 09:26:12,1376141182#0,bus_stop,,385.7154046370183,1301.0311255965628,37.50322104370192,127.02503873135461,,,,timeout
dyn_pax_690,1573.0,2026-07-03 09:26:13,521766175#1,company|restaurant|subway_entrance,,332.9365590021661,1411.5585828157227,37.504206724109,127.02441570308932,,,,timeout
dyn_pax_691,1578.0,2026-07-03 09:26:18,178441450#1,residential|company|restaurant|bus_stop,,282.90243066757296,609.4157395563556,37.496971320837204,127.02404044855805,,,,timeout
dyn_pax_692,1579.0,2026-07-03 09:26:19,-506191135#22,residential|company|restaurant|bus_stop,,38.693950105848444,1321.9513167019495,37.50334380565249,127.02110990869835,2050.0,471.0,taxi_respawn_59,picked
dyn_pax_693,1581.0,2026-07-03 09:26:21,-506191135#2,residential|bus_stop,,236.19733776439384,769.6838415951818,37.49840622577806,127.02347432089968,,,,timeout
dyn_pax_694,1582.0,2026-07-03 09:26:22,1229817205#1,residential|bus_stop,,631.6400080768872,572.7061575261558,37.49670653972221,127.02799208080955,,,,timeout
dyn_pax_695,1584.0,2026-07-03 09:26:24,417933642#0,restaurant|bus_stop,,1041.0954363710525,463.30841921497654,37.49579826441859,127.03264736696761,2075.0,491.0,taxi_respawn_20,picked
dyn_pax_696,1585.0,2026-07-03 09:26:25,506191135#3,residential|company|restaurant|bus_stop,,238.79972345576414,789.4714057742513,37.49858497042428,127.023499044737,,,,timeout
dyn_pax_697,1589.0,2026-07-03 09:26:29,-417933645#2,company|restaurant|subway_entrance,,701.1658676593129,719.5455833044954,37.49804244093877,127.02874337560036,2052.0,463.0,taxi_8,picked
dyn_pax_698,1590.0,2026-07-03 09:26:30,521766175#3,company|restaurant|subway_entrance|bus_stop,,373.6701172395771,1298.610217621072,37.50319695740621,127.02490310718325,,,,timeout
dyn_pax_699,1592.0,2026-07-03 09:26:32,975332778#1,bus_stop,,681.6099970732737,721.9380561808346,37.49806030190971,127.02852170075586,2052.0,460.0,taxi_11,picked
dyn_pax_700,1593.0,2026-07-03 09:26:33,1117538957#3,restaurant|subway_entrance|bus_stop,,465.5082521847807,644.8780924026132,37.49732530507706,127.02609663221197,2092.0,499.0,taxi_17,picked
dyn_pax_701,1595.0,2026-07-03 09:26:35,1117538957#3,restaurant|subway_entrance|bus_stop,,465.5082521847807,644.8780924026132,37.49732530507706,127.02609663221197,2088.0,493.0,taxi_respawn_67,picked
dyn_pax_702,1596.0,2026-07-03 09:26:36,-417933645#2,company|restaurant|subway_entrance,,701.1658676593129,719.5455833044954,37.49804244093877,127.02874337560036,2076.0,480.0,taxi_1,picked
dyn_pax_703,1598.0,2026-07-03 09:26:38,1117538958#3,bus_stop,,160.18899290588462,540.6019911995099,37.49632820280781,127.02266936696756,2079.0,481.0,taxi_respawn_14,picked
dyn_pax_704,1601.0,2026-07-03 09:26:41,506191135#3,residential|company|restaurant|bus_stop,,238.79972345576414,789.4714057742513,37.49858497042428,127.023499044737,2100.0,499.0,taxi_respawn_9,picked
dyn_pax_705,1608.0,2026-07-03 09:26:48,375049565#6,restaurant|subway_entrance|bus_stop,,789.5153251748014,798.8522330112556,37.49877353199428,127.02972351946808,2100.0,492.0,taxi_29,picked
dyn_pax_706,1610.0,2026-07-03 09:26:50,305539406,company|restaurant|subway_entrance,,566.389495917364,736.5285064605782,37.49816998085155,127.02721550408178,2053.0,443.0,taxi_respawn_48,picked
dyn_pax_707,1615.0,2026-07-03 09:26:55,1229817205#0,company|subway_entrance|bus_stop,,599.2457558679199,652.2907550986157,37.497417346160496,127.02760695963683,2053.0,438.0,taxi_respawn_57,picked
dyn_pax_708,1616.0,2026-07-03 09:26:56,1376141182#0,bus_stop,,385.7154046370183,1301.0311255965628,37.50322104370192,127.02503873135461,2115.0,499.0,taxi_respawn_19,picked
dyn_pax_709,1619.0,2026-07-03 09:26:59,520307304#0,school|subway_entrance|bus_stop,,602.6035134310263,763.145495629718,37.498416594724866,127.02761864854104,,,,timeout
dyn_pax_710,1621.0,2026-07-03 09:27:01,521766182#1,company|restaurant|subway_entrance,,681.695169875507,539.6867345716422,37.496418539503196,127.02856584056028,,,,timeout
dyn_pax_711,1624.0,2026-07-03 09:27:04,1229817205#0,company|subway_entrance|bus_stop,,599.2457558679199,652.2907550986157,37.497417346160496,127.02760695963683,,,,timeout
dyn_pax_712,1625.0,2026-07-03 09:27:05,218857636#1,residential|company|restaurant|bus_stop,,297.92905089287035,623.2061345250047,37.49709839153085,127.02420706961871,2090.0,465.0,taxi_respawn_25,picked
dyn_pax_713,1627.0,2026-07-03 09:27:07,521766175#3,company|restaurant|subway_entrance|bus_stop,,373.6701172395771,1298.610217621072,37.50319695740621,127.02490310718325,2121.0,494.0,taxi_42,picked
dyn_pax_714,1628.0,2026-07-03 09:27:08,521766182#1,company|restaurant|subway_entrance,,681.695169875507,539.6867345716422,37.496418539503196,127.02856584056028,,,,timeout
dyn_pax_715,1630.0,2026-07-03 09:27:10,520307304#0,school|subway_entrance|bus_stop,,602.6035134310263,763.145495629718,37.498416594724866,127.02761864854104,,,,timeout
dyn_pax_716,1631.0,2026-07-03 09:27:11,375049565#6,restaurant|subway_entrance|bus_stop,,789.5153251748014,798.8522330112556,37.49877353199428,127.02972351946808,,,,timeout
dyn_pax_717,1633.0,2026-07-03 09:27:13,506191135#3,residential|company|restaurant|bus_stop,,238.79972345576414,789.4714057742513,37.49858497042428,127.023499044737,,,,timeout
dyn_pax_718,1635.0,2026-07-03 09:27:15,375049565#6,restaurant|subway_entrance|bus_stop,,789.5153251748014,798.8522330112556,37.49877353199428,127.02972351946808,,,,timeout
dyn_pax_719,1638.0,2026-07-03 09:27:18,1117538957#3,restaurant|subway_entrance|bus_stop,,465.5082521847807,644.8780924026132,37.49732530507706,127.02609663221197,,,,timeout
dyn_pax_720,1639.0,2026-07-03 09:27:19,1229817205#0,company|subway_entrance|bus_stop,,599.2457558679199,652.2907550986157,37.497417346160496,127.02760695963683,,,,timeout
dyn_pax_721,1641.0,2026-07-03 09:27:21,1229817205#0,company|subway_entrance|bus_stop,,599.2457558679199,652.2907550986157,37.497417346160496,127.02760695963683,2141.0,500.0,taxi_respawn_35,picked
dyn_pax_722,1642.0,2026-07-03 09:27:22,521770119#1,restaurant|bus_stop,,527.3115514435282,995.8620162900467,37.50049875494786,127.02671217090477,,,,timeout
dyn_pax_723,1644.0,2026-07-03 09:27:24,506191135#3,residential|company|restaurant|bus_stop,,238.79972345576414,789.4714057742513,37.49858497042428,127.023499044737,2138.0,494.0,taxi_5,picked
dyn_pax_724,1645.0,2026-07-03 09:27:25,521766180#1,company|restaurant|bus_stop,,466.73410130235357,1169.2838037446552,37.502049542882666,127.02598608796039,,,,timeout
dyn_pax_725,1647.0,2026-07-03 09:27:27,520307304#0,school|subway_entrance|bus_stop,,602.6035134310263,763.145495629718,37.498416594724866,127.02761864854104,2129.0,482.0,taxi_respawn_38,picked
dyn_pax_726,1648.0,2026-07-03 09:27:28,520307304#0,school|subway_entrance|bus_stop,,602.6035134310263,763.145495629718,37.498416594724866,127.02761864854104,2139.0,491.0,taxi_38,picked
dyn_pax_727,1650.0,2026-07-03 09:27:30,975332778#1,bus_stop,,681.6099970732737,721.9380561808346,37.49806030190971,127.02852170075586,,,,timeout
dyn_pax_728,1651.0,2026-07-03 09:27:31,375049565#6,restaurant|subway_entrance|bus_stop,,789.5153251748014,798.8522330112556,37.49877353199428,127.02972351946808,,,,timeout
dyn_pax_729,1654.0,2026-07-03 09:27:34,-506191135#22,residential|company|restaurant|bus_stop,,38.693950105848444,1321.9513167019495,37.50334380565249,127.02110990869835,2113.0,459.0,taxi_6,picked
dyn_pax_730,1657.0,2026-07-03 09:27:37,1229817205#0,company|subway_entrance|bus_stop,,599.2457558679199,652.2907550986157,37.497417346160496,127.02760695963683,,,,timeout
dyn_pax_731,1659.0,2026-07-03 09:27:39,520307304#0,school|subway_entrance|bus_stop,,602.6035134310263,763.145495629718,37.498416594724866,127.02761864854104,,,,timeout
dyn_pax_732,1661.0,2026-07-03 09:27:41,1229817205#1,residential|bus_stop,,631.6400080768872,572.7061575261558,37.49670653972221,127.02799208080955,,,,timeout
dyn_pax_733,1662.0,2026-07-03 09:27:42,521770116#2,company|restaurant|bus_stop,,432.3182248087171,1108.514093563608,37.50149560521279,127.02561136613096,2109.0,447.0,taxi_respawn_15,picked
dyn_pax_734,1664.0,2026-07-03 09:27:44,541692164#1,subway_entrance,,271.6277521231475,1406.6420105391767,37.5041508337347,127.02372362926798,2123.0,459.0,taxi_20,picked
dyn_pax_735,1668.0,2026-07-03 09:27:48,218873820#0,restaurant|subway_entrance|bus_stop,,628.9829311132032,562.4061665928522,37.49661325243901,127.02796447999128,2142.0,474.0,taxi_32,picked
dyn_pax_736,1670.0,2026-07-03 09:27:50,178441450#1,residential|company|restaurant|bus_stop,,282.90243066757296,609.4157395563556,37.496971320837204,127.02404044855805,2169.0,499.0,taxi_36,picked
dyn_pax_737,1670.0,2026-07-03 09:27:50,628232693#0,company|restaurant,,644.2623295929467,660.168099777976,37.49749680792099,127.0281140674837,2154.0,484.0,taxi_respawn_58,picked
dyn_pax_738,1673.0,2026-07-03 09:27:53,521766175#3,company|restaurant|subway_entrance|bus_stop,,373.6701172395771,1298.610217621072,37.50319695740621,127.02490310718325,2112.0,439.0,taxi_35,picked
dyn_pax_739,1674.0,2026-07-03 09:27:54,417933642#0,restaurant|bus_stop,,1041.0954363710525,463.30841921497654,37.49579826441859,127.03264736696761,,,,timeout
dyn_pax_740,1676.0,2026-07-03 09:27:56,521770119#1,restaurant|bus_stop,,527.3115514435282,995.8620162900467,37.50049875494786,127.02671217090477,,,,timeout
dyn_pax_741,1677.0,2026-07-03 09:27:57,305539406,company|restaurant|subway_entrance,,566.389495917364,736.5285064605782,37.49816998085155,127.02721550408178,2164.0,487.0,taxi_respawn_68,picked
dyn_pax_742,1679.0,2026-07-03 09:27:59,218857636#1,residential|company|restaurant|bus_stop,,297.92905089287035,623.2061345250047,37.49709839153085,127.02420706961871,2177.0,498.0,taxi_respawn_10,picked
dyn_pax_743,1680.0,2026-07-03 09:28:00,1117538958#3,bus_stop,,160.18899290588462,540.6019911995099,37.49632820280781,127.02266936696756,,,,timeout
dyn_pax_744,1682.0,2026-07-03 09:28:02,1229817205#0,company|subway_entrance|bus_stop,,599.2457558679199,652.2907550986157,37.497417346160496,127.02760695963683,,,,timeout
dyn_pax_745,1684.0,2026-07-03 09:28:04,521766175#3,company|restaurant|subway_entrance|bus_stop,,373.6701172395771,1298.610217621072,37.50319695740621,127.02490310718325,2184.0,500.0,taxi_49,picked
dyn_pax_746,1685.0,2026-07-03 09:28:05,218877837#2,company|restaurant|bus_stop,,479.4555212141038,978.0213907550284,37.500328997763305,127.02617530290202,,,,timeout
dyn_pax_747,1687.0,2026-07-03 09:28:07,-541692164#2,subway_entrance,,317.7122087179151,1441.0296574375257,37.504469327730426,127.0242365566347,,,,timeout
dyn_pax_748,1688.0,2026-07-03 09:28:08,178441450#1,residential|company|restaurant|bus_stop,,282.90243066757296,609.4157395563556,37.496971320837204,127.02404044855805,,,,timeout
dyn_pax_749,1690.0,2026-07-03 09:28:10,-506191135#22,residential|company|restaurant|bus_stop,,38.693950105848444,1321.9513167019495,37.50334380565249,127.02110990869835,2182.0,492.0,taxi_respawn_50,picked
dyn_pax_750,1691.0,2026-07-03 09:28:11,480850873,company|restaurant|bus_stop,,548.1935052770749,708.5896639848544,37.49791486187585,127.0270163956136,,,,timeout
dyn_pax_751,1693.0,2026-07-03 09:28:13,520307304#0,school|subway_entrance|bus_stop,,602.6035134310263,763.145495629718,37.498416594724866,127.02761864854104,,,,timeout
dyn_pax_752,1694.0,2026-07-03 09:28:14,521770119#0,restaurant|bus_stop,,548.9831206778387,935.1148840516827,37.499955620541705,127.02697161236954,2186.0,492.0,taxi_respawn_17,picked
dyn_pax_753,1696.0,2026-07-03 09:28:16,375049565#6,restaurant|subway_entrance|bus_stop,,789.5153251748014,798.8522330112556,37.49877353199428,127.02972351946808,,,,timeout
dyn_pax_754,1697.0,2026-07-03 09:28:17,-541692164#2,subway_entrance,,317.7122087179151,1441.0296574375257,37.504469327730426,127.0242365566347,2188.0,491.0,taxi_21,picked
dyn_pax_755,1699.0,2026-07-03 09:28:19,506191135#3,residential|company|restaurant|bus_stop,,238.79972345576414,789.4714057742513,37.49858497042428,127.023499044737,2176.0,477.0,taxi_0,picked
dyn_pax_756,1700.0,2026-07-03 09:28:20,-117790045#3,restaurant,,459.7597996777886,1476.3698694609513,37.50481454718326,127.02583436303603,,,,timeout
dyn_pax_757,1702.0,2026-07-03 09:28:22,-506191135#2,residential|bus_stop,,236.19733776439384,769.6838415951818,37.49840622577806,127.02347432089968,2188.0,486.0,taxi_respawn_72,picked
dyn_pax_758,1703.0,2026-07-03 09:28:23,521766180#1,company|restaurant|bus_stop,,466.73410130235357,1169.2838037446552,37.502049542882666,127.02598608796039,2177.0,474.0,taxi_respawn_6,picked
dyn_pax_759,1705.0,2026-07-03 09:28:25,375049565#6,restaurant|subway_entrance|bus_stop,,789.5153251748014,798.8522330112556,37.49877353199428,127.02972351946808,2203.0,498.0,taxi_respawn_4,picked
dyn_pax_760,1705.0,2026-07-03 09:28:25,256787796#2,restaurant,,573.8171824012851,1000.9225059734806,37.50055312725627,127.02723680274495,2198.0,493.0,taxi_31,picked
dyn_pax_761,1708.0,2026-07-03 09:28:28,-506191135#22,residential|company|restaurant|bus_stop,,38.693950105848444,1321.9513167019495,37.50334380565249,127.02110990869835,,,,timeout
dyn_pax_762,1711.0,2026-07-03 09:28:31,975332778#1,bus_stop,,681.6099970732737,721.9380561808346,37.49806030190971,127.02852170075586,2176.0,465.0,taxi_respawn_55,picked
dyn_pax_763,1713.0,2026-07-03 09:28:33,218873820#0,restaurant|subway_entrance|bus_stop,,628.9829311132032,562.4061665928522,37.49661325243901,127.02796447999128,2168.0,455.0,taxi_respawn_65,picked
dyn_pax_764,1714.0,2026-07-03 09:28:34,-504509918#2,company|restaurant|bus_stop,,398.9694242295193,827.4758220967593,37.49895762305832,127.02530099003066,2193.0,479.0,taxi_respawn_48,picked
dyn_pax_765,1716.0,2026-07-03 09:28:36,521770119#1,restaurant|bus_stop,,527.3115514435282,995.8620162900467,37.50049875494786,127.02671217090477,,,,timeout
dyn_pax_766,1717.0,2026-07-03 09:28:37,520307304#0,school|subway_entrance|bus_stop,,602.6035134310263,763.145495629718,37.498416594724866,127.02761864854104,2215.0,498.0,taxi_47,picked
dyn_pax_767,1719.0,2026-07-03 09:28:39,494824662#3,company|restaurant|subway_entrance,,729.424850252167,406.6843378518681,37.49522941823122,127.02913698209235,,,,timeout
dyn_pax_768,1722.0,2026-07-03 09:28:42,1376141182#0,bus_stop,,385.7154046370183,1301.0311255965628,37.50322104370192,127.02503873135461,,,,timeout
dyn_pax_769,1723.0,2026-07-03 09:28:43,541692164#1,subway_entrance,,271.6277521231475,1406.6420105391767,37.5041508337347,127.02372362926798,,,,timeout
dyn_pax_770,1725.0,2026-07-03 09:28:45,521770119#0,restaurant|bus_stop,,548.9831206778387,935.1148840516827,37.499955620541705,127.02697161236954,,,,timeout
dyn_pax_771,1726.0,2026-07-03 09:28:46,-506191135#2,residential|bus_stop,,236.19733776439384,769.6838415951818,37.49840622577806,127.02347432089968,,,,timeout
dyn_pax_772,1728.0,2026-07-03 09:28:48,1229817205#0,company|subway_entrance|bus_stop,,599.2457558679199,652.2907550986157,37.497417346160496,127.02760695963683,,,,timeout
dyn_pax_773,1731.0,2026-07-03 09:28:51,218857636#1,residential|company|restaurant|bus_stop,,297.92905089287035,623.2061345250047,37.49709839153085,127.02420706961871,,,,timeout
dyn_pax_774,1733.0,2026-07-03 09:28:53,-542367267#1,bus_stop,,247.51018316686128,1414.7184918773391,37.504219024473855,127.02344900430944,,,,timeout
dyn_pax_775,1734.0,2026-07-03 09:28:54,218864491#0,restaurant|bus_stop,,769.9803916976219,760.1217113917903,37.49842094941813,127.02951181742357,,,,timeout
dyn_pax_776,1736.0,2026-07-03 09:28:56,218857636#1,residential|company|restaurant|bus_stop,,297.92905089287035,623.2061345250047,37.49709839153085,127.02420706961871,,,,timeout
dyn_pax_777,1737.0,2026-07-03 09:28:57,523141074#0,company|restaurant|subway_entrance,,524.0338794858329,871.4890157117229,37.4993777454413,127.02670460634431,2229.0,492.0,taxi_42,picked
dyn_pax_778,1739.0,2026-07-03 09:28:59,1229817205#0,company|subway_entrance|bus_stop,,599.2457558679199,652.2907550986157,37.497417346160496,127.02760695963683,,,,timeout
dyn_pax_779,1740.0,2026-07-03 09:29:00,521766182#1,company|restaurant|subway_entrance,,681.695169875507,539.6867345716422,37.496418539503196,127.02856584056028,,,,timeout
dyn_pax_780,1743.0,2026-07-03 09:29:03,521766175#1,company|restaurant|subway_entrance,,332.9365590021661,1411.5585828157227,37.504206724109,127.02441570308932,,,,timeout
dyn_pax_781,1743.0,2026-07-03 09:29:03,628232693#0,company|restaurant,,644.2623295929467,660.168099777976,37.49749680792099,127.0281140674837,,,,timeout
dyn_pax_782,1745.0,2026-07-03 09:29:05,506191135#3,residential|company|restaurant|bus_stop,,238.79972345576414,789.4714057742513,37.49858497042428,127.023499044737,2235.0,490.0,taxi_respawn_46,picked
dyn_pax_783,1746.0,2026-07-03 09:29:06,417933642#0,restaurant|bus_stop,,1041.0954363710525,463.30841921497654,37.49579826441859,127.03264736696761,,,,timeout
dyn_pax_784,1748.0,2026-07-03 09:29:08,1376141183#0,bus_stop,,548.2528111146681,901.2117688498424,37.49965007283687,127.02697139402301,,,,timeout
dyn_pax_785,1749.0,2026-07-03 09:29:09,494824662#3,company|restaurant|subway_entrance,,729.424850252167,406.6843378518681,37.49522941823122,127.02913698209235,,,,timeout
dyn_pax_786,1750.0,2026-07-03 09:29:10,1117538957#0,company|restaurant,,312.91680439510856,589.5311930299885,37.49679787270139,127.0243845203811,,,,timeout
dyn_pax_787,1752.0,2026-07-03 09:29:12,1376141183#0,bus_stop,,548.2528111146681,901.2117688498424,37.49965007283687,127.02697139402301,2248.0,496.0,taxi_respawn_49,picked
dyn_pax_788,1756.0,2026-07-03 09:29:16,-506191135#2,residential|bus_stop,,236.19733776439384,769.6838415951818,37.49840622577806,127.02347432089968,2248.0,492.0,taxi_respawn_30,picked
dyn_pax_789,1759.0,2026-07-03 09:29:19,520307304#0,school|subway_entrance|bus_stop,,602.6035134310263,763.145495629718,37.498416594724866,127.02761864854104,,,,timeout
dyn_pax_790,1760.0,2026-07-03 09:29:20,-542367267#1,bus_stop,,247.51018316686128,1414.7184918773391,37.504219024473855,127.02344900430944,2247.0,487.0,taxi_respawn_73,picked
dyn_pax_791,1762.0,2026-07-03 09:29:22,-541692164#2,subway_entrance,,317.7122087179151,1441.0296574375257,37.504469327730426,127.0242365566347,,,,timeout
dyn_pax_792,1763.0,2026-07-03 09:29:23,521766180#1,company|restaurant|bus_stop,,466.73410130235357,1169.2838037446552,37.502049542882666,127.02598608796039,,,,timeout
dyn_pax_793,1765.0,2026-07-03 09:29:25,-506191135#2,residential|bus_stop,,236.19733776439384,769.6838415951818,37.49840622577806,127.02347432089968,,,,timeout
dyn_pax_794,1766.0,2026-07-03 09:29:26,305539406,company|restaurant|subway_entrance,,566.389495917364,736.5285064605782,37.49816998085155,127.02721550408178,2227.0,461.0,taxi_24,picked
dyn_pax_795,1768.0,2026-07-03 09:29:28,-541692164#2,subway_entrance,,317.7122087179151,1441.0296574375257,37.504469327730426,127.0242365566347,,,,timeout
dyn_pax_796,1771.0,2026-07-03 09:29:31,218864491#0,restaurant|bus_stop,,769.9803916976219,760.1217113917903,37.49842094941813,127.02951181742357,2237.0,466.0,taxi_22,picked
dyn_pax_797,1772.0,2026-07-03 09:29:32,-541692164#2,subway_entrance,,317.7122087179151,1441.0296574375257,37.504469327730426,127.0242365566347,,,,timeout
dyn_pax_798,1774.0,2026-07-03 09:29:34,494824662#3,company|restaurant|subway_entrance,,729.424850252167,406.6843378518681,37.49522941823122,127.02913698209235,,,,timeout
dyn_pax_799,1777.0,2026-07-03 09:29:37,523141074#0,company|restaurant|subway_entrance,,524.0338794858329,871.4890157117229,37.4993777454413,127.02670460634431,,,,timeout
dyn_pax_800,1779.0,2026-07-03 09:29:39,521766182#1,company|restaurant|subway_entrance,,681.695169875507,539.6867345716422,37.496418539503196,127.02856584056028,,,,timeout
dyn_pax_801,1780.0,2026-07-03 09:29:40,520307304#0,school|subway_entrance|bus_stop,,602.6035134310263,763.145495629718,37.498416594724866,127.02761864854104,,,,timeout
dyn_pax_802,1782.0,2026-07-03 09:29:42,417933642#0,restaurant|bus_stop,,1041.0954363710525,463.30841921497654,37.49579826441859,127.03264736696761,,,,timeout
dyn_pax_803,1785.0,2026-07-03 09:29:45,506191135#3,residential|company|restaurant|bus_stop,,238.79972345576414,789.4714057742513,37.49858497042428,127.023499044737,,,,timeout
dyn_pax_804,1786.0,2026-07-03 09:29:46,178441450#1,residential|company|restaurant|bus_stop,,282.90243066757296,609.4157395563556,37.496971320837204,127.02404044855805,,,,timeout
dyn_pax_805,1788.0,2026-07-03 09:29:48,523141074#0,company|restaurant|subway_entrance,,524.0338794858329,871.4890157117229,37.4993777454413,127.02670460634431,,,,timeout
dyn_pax_806,1789.0,2026-07-03 09:29:49,218873820#0,restaurant|subway_entrance|bus_stop,,628.9829311132032,562.4061665928522,37.49661325243901,127.02796447999128,,,,timeout
dyn_pax_807,1791.0,2026-07-03 09:29:51,1117538957#3,restaurant|subway_entrance|bus_stop,,465.5082521847807,644.8780924026132,37.49732530507706,127.02609663221197,2289.0,498.0,taxi_19,picked
dyn_pax_808,1795.0,2026-07-03 09:29:55,975332778#1,bus_stop,,681.6099970732737,721.9380561808346,37.49806030190971,127.02852170075586,,,,timeout
dyn_pax_809,1797.0,2026-07-03 09:29:57,521766175#1,company|restaurant|subway_entrance,,332.9365590021661,1411.5585828157227,37.504206724109,127.02441570308932,,,,timeout
dyn_pax_810,1798.0,2026-07-03 09:29:58,521766175#3,company|restaurant|subway_entrance|bus_stop,,373.6701172395771,1298.610217621072,37.50319695740621,127.02490310718325,2293.0,495.0,taxi_41,picked
dyn_pax_811,1800.0,2026-07-03 09:30:00,506191135#3,residential|company|restaurant|bus_stop,,238.79972345576414,789.4714057742513,37.49858497042428,127.023499044737,,,,timeout
dyn_pax_812,1803.0,2026-07-03 09:30:03,506191135#3,residential|company|restaurant|bus_stop,,238.79972345576414,789.4714057742513,37.49858497042428,127.023499044737,,,,timeout
dyn_pax_813,1805.0,2026-07-03 09:30:05,218873820#0,restaurant|subway_entrance|bus_stop,,628.9829311132032,562.4061665928522,37.49661325243901,127.02796447999128,2301.0,496.0,taxi_respawn_69,picked
dyn_pax_814,1806.0,2026-07-03 09:30:06,417933642#0,restaurant|bus_stop,,1041.0954363710525,463.30841921497654,37.49579826441859,127.03264736696761,2293.0,487.0,taxi_respawn_51,picked
dyn_pax_815,1808.0,2026-07-03 09:30:08,-417933645#2,company|restaurant|subway_entrance,,701.1658676593129,719.5455833044954,37.49804244093877,127.02874337560036,,,,timeout
dyn_pax_816,1809.0,2026-07-03 09:30:09,506191135#3,residential|company|restaurant|bus_stop,,238.79972345576414,789.4714057742513,37.49858497042428,127.023499044737,,,,timeout
dyn_pax_817,1811.0,2026-07-03 09:30:11,1376141183#0,bus_stop,,548.2528111146681,901.2117688498424,37.49965007283687,127.02697139402301,2309.0,498.0,taxi_respawn_60,picked
dyn_pax_818,1812.0,2026-07-03 09:30:12,521770119#0,restaurant|bus_stop,,548.9831206778387,935.1148840516827,37.499955620541705,127.02697161236954,2306.0,494.0,taxi_45,picked
dyn_pax_819,1814.0,2026-07-03 09:30:14,218873820#0,restaurant|subway_entrance|bus_stop,,628.9829311132032,562.4061665928522,37.49661325243901,127.02796447999128,,,,timeout
dyn_pax_820,1815.0,2026-07-03 09:30:15,521770116#2,company|restaurant|bus_stop,,432.3182248087171,1108.514093563608,37.50149560521279,127.02561136613096,2293.0,478.0,taxi_respawn_54,picked
dyn_pax_821,1817.0,2026-07-03 09:30:17,218873820#0,restaurant|subway_entrance|bus_stop,,628.9829311132032,562.4061665928522,37.49661325243901,127.02796447999128,,,,timeout
dyn_pax_822,1818.0,2026-07-03 09:30:18,375049565#6,restaurant|subway_entrance|bus_stop,,789.5153251748014,798.8522330112556,37.49877353199428,127.02972351946808,2312.0,494.0,taxi_respawn_52,picked
dyn_pax_823,1820.0,2026-07-03 09:30:20,1117538958#3,bus_stop,,160.18899290588462,540.6019911995099,37.49632820280781,127.02266936696756,,,,timeout
dyn_pax_824,1821.0,2026-07-03 09:30:21,521770116#2,company|restaurant|bus_stop,,432.3182248087171,1108.514093563608,37.50149560521279,127.02561136613096,,,,timeout
dyn_pax_825,1823.0,2026-07-03 09:30:23,1376141182#0,bus_stop,,385.7154046370183,1301.0311255965628,37.50322104370192,127.02503873135461,,,,timeout
dyn_pax_826,1826.0,2026-07-03 09:30:26,218857636#1,residential|company|restaurant|bus_stop,,297.92905089287035,623.2061345250047,37.49709839153085,127.02420706961871,2309.0,483.0,taxi_respawn_11,picked
dyn_pax_827,1829.0,2026-07-03 09:30:29,520307304#0,school|subway_entrance|bus_stop,,602.6035134310263,763.145495629718,37.498416594724866,127.02761864854104,2320.0,491.0,taxi_respawn_41,picked
dyn_pax_828,1831.0,2026-07-03 09:30:31,218873820#0,restaurant|subway_entrance|bus_stop,,628.9829311132032,562.4061665928522,37.49661325243901,127.02796447999128,2324.0,493.0,taxi_respawn_75,picked
dyn_pax_829,1832.0,2026-07-03 09:30:32,218873820#0,restaurant|subway_entrance|bus_stop,,628.9829311132032,562.4061665928522,37.49661325243901,127.02796447999128,2329.0,497.0,taxi_respawn_64,picked
dyn_pax_830,1834.0,2026-07-03 09:30:34,521766175#3,company|restaurant|subway_entrance|bus_stop,,373.6701172395771,1298.610217621072,37.50319695740621,127.02490310718325,,,,timeout
dyn_pax_831,1834.0,2026-07-03 09:30:34,129731852,restaurant,,626.5739131314494,885.3301415107766,37.499521799012015,127.0278607124155,,,,timeout
dyn_pax_832,1837.0,2026-07-03 09:30:37,-506191135#22,residential|company|restaurant|bus_stop,,38.693950105848444,1321.9513167019495,37.50334380565249,127.02110990869835,2334.0,497.0,taxi_20,picked
dyn_pax_833,1838.0,2026-07-03 09:30:38,305539406,company|restaurant|subway_entrance,,566.389495917364,736.5285064605782,37.49816998085155,127.02721550408178,,,,timeout
dyn_pax_834,1840.0,2026-07-03 09:30:40,1376141182#0,bus_stop,,385.7154046370183,1301.0311255965628,37.50322104370192,127.02503873135461,,,,timeout
dyn_pax_835,1841.0,2026-07-03 09:30:41,375049565#6,restaurant|subway_entrance|bus_stop,,789.5153251748014,798.8522330112556,37.49877353199428,127.02972351946808,,,,timeout
dyn_pax_836,1844.0,2026-07-03 09:30:44,521766175#1,company|restaurant|subway_entrance,,332.9365590021661,1411.5585828157227,37.504206724109,127.02441570308932,,,,timeout
dyn_pax_837,1851.0,2026-07-03 09:30:51,1117538958#3,bus_stop,,160.18899290588462,540.6019911995099,37.49632820280781,127.02266936696756,2319.0,468.0,taxi_respawn_16,picked
dyn_pax_838,1852.0,2026-07-03 09:30:52,218857636#1,residential|company|restaurant|bus_stop,,297.92905089287035,623.2061345250047,37.49709839153085,127.02420706961871,2293.0,441.0,taxi_7,picked
dyn_pax_839,1854.0,2026-07-03 09:30:54,520307304#0,school|subway_entrance|bus_stop,,602.6035134310263,763.145495629718,37.498416594724866,127.02761864854104,,,,timeout
dyn_pax_840,1855.0,2026-07-03 09:30:55,541692164#1,subway_entrance,,271.6277521231475,1406.6420105391767,37.5041508337347,127.02372362926798,,,,timeout
dyn_pax_841,1857.0,2026-07-03 09:30:57,218873820#0,restaurant|subway_entrance|bus_stop,,628.9829311132032,562.4061665928522,37.49661325243901,127.02796447999128,2347.0,490.0,taxi_respawn_37,picked
dyn_pax_842,1858.0,2026-07-03 09:30:58,480850873,company|restaurant|bus_stop,,548.1935052770749,708.5896639848544,37.49791486187585,127.0270163956136,,,,timeout
dyn_pax_843,1860.0,2026-07-03 09:31:00,1117538958#3,bus_stop,,160.18899290588462,540.6019911995099,37.49632820280781,127.02266936696756,,,,timeout
dyn_pax_844,1861.0,2026-07-03 09:31:01,521766175#1,company|restaurant|subway_entrance,,332.9365590021661,1411.5585828157227,37.504206724109,127.02441570308932,,,,timeout
dyn_pax_845,1863.0,2026-07-03 09:31:03,521766175#3,company|restaurant|subway_entrance|bus_stop,,373.6701172395771,1298.610217621072,37.50319695740621,127.02490310718325,,,,timeout
dyn_pax_846,1866.0,2026-07-03 09:31:06,1117538957#3,restaurant|subway_entrance|bus_stop,,465.5082521847807,644.8780924026132,37.49732530507706,127.02609663221197,,,,timeout
dyn_pax_847,1869.0,2026-07-03 09:31:09,520307304#0,school|subway_entrance|bus_stop,,602.6035134310263,763.145495629718,37.498416594724866,127.02761864854104,2354.0,485.0,taxi_respawn_53,picked
dyn_pax_848,1871.0,2026-07-03 09:31:11,-256787796#7,restaurant,,650.4923169509016,809.9698095387197,37.49884744554127,127.02814900895488,,,,timeout
dyn_pax_849,1872.0,2026-07-03 09:31:12,218864491#0,restaurant|bus_stop,,769.9803916976219,760.1217113917903,37.49842094941813,127.02951181742357,,,,timeout
dyn_pax_850,1875.0,2026-07-03 09:31:15,521766182#1,company|restaurant|subway_entrance,,681.695169875507,539.6867345716422,37.496418539503196,127.02856584056028,2357.0,482.0,taxi_respawn_44,picked
dyn_pax_851,1877.0,2026-07-03 09:31:17,480850873,company|restaurant|bus_stop,,548.1935052770749,708.5896639848544,37.49791486187585,127.0270163956136,,,,timeout
dyn_pax_852,1878.0,2026-07-03 09:31:18,1376141183#0,bus_stop,,548.2528111146681,901.2117688498424,37.49965007283687,127.02697139402301,,,,timeout
dyn_pax_853,1880.0,2026-07-03 09:31:20,521766182#1,company|restaurant|subway_entrance,,681.695169875507,539.6867345716422,37.496418539503196,127.02856584056028,2350.0,470.0,taxi_respawn_63,picked
dyn_pax_854,1881.0,2026-07-03 09:31:21,1117538957#3,restaurant|subway_entrance|bus_stop,,465.5082521847807,644.8780924026132,37.49732530507706,127.02609663221197,2349.0,468.0,taxi_respawn_74,picked
dyn_pax_855,1883.0,2026-07-03 09:31:23,975332778#1,bus_stop,,681.6099970732737,721.9380561808346,37.49806030190971,127.02852170075586,2371.0,488.0,taxi_respawn_59,picked
dyn_pax_856,1884.0,2026-07-03 09:31:24,1229817205#0,company|subway_entrance|bus_stop,,599.2457558679199,652.2907550986157,37.497417346160496,127.02760695963683,,,,timeout
dyn_pax_857,1886.0,2026-07-03 09:31:26,521766175#3,company|restaurant|subway_entrance|bus_stop,,373.6701172395771,1298.610217621072,37.50319695740621,127.02490310718325,2355.0,469.0,taxi_25,picked
dyn_pax_858,1887.0,2026-07-03 09:31:27,521770119#1,restaurant|bus_stop,,527.3115514435282,995.8620162900467,37.50049875494786,127.02671217090477,2385.0,498.0,taxi_respawn_45,picked
dyn_pax_859,1889.0,2026-07-03 09:31:29,-506191135#2,residential|bus_stop,,236.19733776439384,769.6838415951818,37.49840622577806,127.02347432089968,2364.0,475.0,taxi_respawn_70,picked
dyn_pax_860,1892.0,2026-07-03 09:31:32,375049565#6,restaurant|subway_entrance|bus_stop,,789.5153251748014,798.8522330112556,37.49877353199428,127.02972351946808,,,,timeout
dyn_pax_861,1895.0,2026-07-03 09:31:35,521766182#1,company|restaurant|subway_entrance,,681.695169875507,539.6867345716422,37.496418539503196,127.02856584056028,,,,timeout
dyn_pax_862,1896.0,2026-07-03 09:31:36,1117538957#3,restaurant|subway_entrance|bus_stop,,465.5082521847807,644.8780924026132,37.49732530507706,127.02609663221197,2369.0,473.0,taxi_21,picked
dyn_pax_863,1900.0,2026-07-03 09:31:40,521766180#1,company|restaurant|bus_stop,,466.73410130235357,1169.2838037446552,37.502049542882666,127.02598608796039,2363.0,463.0,taxi_36,picked
dyn_pax_864,1903.0,2026-07-03 09:31:43,520307304#0,school|subway_entrance|bus_stop,,602.6035134310263,763.145495629718,37.498416594724866,127.02761864854104,,,,timeout
dyn_pax_865,1904.0,2026-07-03 09:31:44,504227067#4,residential|restaurant,,502.84500120553366,479.2066548114549,37.49583994070096,127.02655806263846,,,,timeout
dyn_pax_866,1906.0,2026-07-03 09:31:46,521766182#1,company|restaurant|subway_entrance,,681.695169875507,539.6867345716422,37.496418539503196,127.02856584056028,,,,timeout
dyn_pax_867,1907.0,2026-07-03 09:31:47,521766182#1,company|restaurant|subway_entrance,,681.695169875507,539.6867345716422,37.496418539503196,127.02856584056028,,,,timeout
dyn_pax_868,1909.0,2026-07-03 09:31:49,417933642#0,restaurant|bus_stop,,1041.0954363710525,463.30841921497654,37.49579826441859,127.03264736696761,,,,timeout
dyn_pax_869,1916.0,2026-07-03 09:31:56,-542367267#1,bus_stop,,247.51018316686128,1414.7184918773391,37.504219024473855,127.02344900430944,2370.0,454.0,taxi_11,picked
dyn_pax_870,1918.0,2026-07-03 09:31:58,1117538957#3,restaurant|subway_entrance|bus_stop,,465.5082521847807,644.8780924026132,37.49732530507706,127.02609663221197,,,,timeout
dyn_pax_871,1919.0,2026-07-03 09:31:59,178441450#1,residential|company|restaurant|bus_stop,,282.90243066757296,609.4157395563556,37.496971320837204,127.02404044855805,,,,timeout
dyn_pax_872,1921.0,2026-07-03 09:32:01,521770116#2,company|restaurant|bus_stop,,432.3182248087171,1108.514093563608,37.50149560521279,127.02561136613096,,,,timeout
dyn_pax_873,1923.0,2026-07-03 09:32:03,218873820#0,restaurant|subway_entrance|bus_stop,,628.9829311132032,562.4061665928522,37.49661325243901,127.02796447999128,,,,timeout
dyn_pax_874,1927.0,2026-07-03 09:32:07,520307304#0,school|subway_entrance|bus_stop,,602.6035134310263,763.145495629718,37.498416594724866,127.02761864854104,,,,timeout
dyn_pax_875,1927.0,2026-07-03 09:32:07,417933642#2,residential|restaurant,,976.5976168723116,645.9370182109647,37.49743129415275,127.0318749523804,,,,timeout
dyn_pax_876,1929.0,2026-07-03 09:32:09,-504509918#2,company|restaurant|bus_stop,,398.9694242295193,827.4758220967593,37.49895762305832,127.02530099003066,2410.0,481.0,taxi_8,picked
dyn_pax_877,1930.0,2026-07-03 09:32:10,521766182#1,company|restaurant|subway_entrance,,681.695169875507,539.6867345716422,37.496418539503196,127.02856584056028,,,,timeout
dyn_pax_878,1932.0,2026-07-03 09:32:12,521766180#1,company|restaurant|bus_stop,,466.73410130235357,1169.2838037446552,37.502049542882666,127.02598608796039,,,,timeout
dyn_pax_879,1935.0,2026-07-03 09:32:15,375049565#6,restaurant|subway_entrance|bus_stop,,789.5153251748014,798.8522330112556,37.49877353199428,127.02972351946808,2414.0,479.0,taxi_respawn_18,picked
dyn_pax_880,1936.0,2026-07-03 09:32:16,523141074#0,company|restaurant|subway_entrance,,524.0338794858329,871.4890157117229,37.4993777454413,127.02670460634431,,,,timeout
dyn_pax_881,1938.0,2026-07-03 09:32:18,-506191135#22,residential|company|restaurant|bus_stop,,38.693950105848444,1321.9513167019495,37.50334380565249,127.02110990869835,,,,timeout
dyn_pax_882,1941.0,2026-07-03 09:32:21,521766175#3,company|restaurant|subway_entrance|bus_stop,,373.6701172395771,1298.610217621072,37.50319695740621,127.02490310718325,,,,timeout
dyn_pax_883,1942.0,2026-07-03 09:32:22,375049565#6,restaurant|subway_entrance|bus_stop,,789.5153251748014,798.8522330112556,37.49877353199428,127.02972351946808,2423.0,481.0,taxi_respawn_71,picked
dyn_pax_884,1942.0,2026-07-03 09:32:22,-417933642#4,restaurant,,907.3718228697127,805.8014682006251,37.49885835910486,127.03105443169989,2439.0,497.0,taxi_respawn_62,picked
dyn_pax_885,1944.0,2026-07-03 09:32:24,975332778#1,bus_stop,,681.6099970732737,721.9380561808346,37.49806030190971,127.02852170075586,2417.0,473.0,taxi_respawn_38,picked
dyn_pax_886,1945.0,2026-07-03 09:32:25,480850873,company|restaurant|bus_stop,,548.1935052770749,708.5896639848544,37.49791486187585,127.0270163956136,2415.0,470.0,taxi_respawn_72,picked
dyn_pax_887,1949.0,2026-07-03 09:32:29,-542367267#1,bus_stop,,247.51018316686128,1414.7184918773391,37.504219024473855,127.02344900430944,2449.0,500.0,taxi_respawn_39,picked
dyn_pax_888,1953.0,2026-07-03 09:32:33,-542367267#1,bus_stop,,247.51018316686128,1414.7184918773391,37.504219024473855,127.02344900430944,,,,timeout
dyn_pax_889,1955.0,2026-07-03 09:32:35,1376141182#0,bus_stop,,385.7154046370183,1301.0311255965628,37.50322104370192,127.02503873135461,,,,timeout
dyn_pax_890,1956.0,2026-07-03 09:32:36,521770119#1,restaurant|bus_stop,,527.3115514435282,995.8620162900467,37.50049875494786,127.02671217090477,2426.0,470.0,taxi_respawn_55,picked
dyn_pax_891,1959.0,2026-07-03 09:32:39,375049565#6,restaurant|subway_entrance|bus_stop,,789.5153251748014,798.8522330112556,37.49877353199428,127.02972351946808,,,,timeout
dyn_pax_892,1961.0,2026-07-03 09:32:41,375049565#6,restaurant|subway_entrance|bus_stop,,789.5153251748014,798.8522330112556,37.49877353199428,127.02972351946808,2431.0,470.0,taxi_respawn_61,picked
dyn_pax_893,1962.0,2026-07-03 09:32:42,975332778#1,bus_stop,,681.6099970732737,721.9380561808346,37.49806030190971,127.02852170075586,2415.0,453.0,taxi_32,picked
dyn_pax_894,1964.0,2026-07-03 09:32:44,-541692164#2,subway_entrance,,317.7122087179151,1441.0296574375257,37.504469327730426,127.0242365566347,,,,timeout
dyn_pax_895,1965.0,2026-07-03 09:32:45,506191135#3,residential|company|restaurant|bus_stop,,238.79972345576414,789.4714057742513,37.49858497042428,127.023499044737,2453.0,488.0,taxi_respawn_73,picked
dyn_pax_896,1967.0,2026-07-03 09:32:47,375049565#6,restaurant|subway_entrance|bus_stop,,789.5153251748014,798.8522330112556,37.49877353199428,127.02972351946808,2455.0,488.0,taxi_49,picked
dyn_pax_897,1967.0,2026-07-03 09:32:47,-117823785#1,restaurant,,983.1954817367493,635.6880668681273,37.49734021138362,127.03195197441553,2435.0,468.0,taxi_respawn_10,picked
dyn_pax_898,1970.0,2026-07-03 09:32:50,218877837#2,company|restaurant|bus_stop,,479.4555212141038,978.0213907550284,37.500328997763305,127.02617530290202,2415.0,445.0,taxi_respawn_28,picked
dyn_pax_899,1972.0,2026-07-03 09:32:52,218873820#0,restaurant|subway_entrance|bus_stop,,628.9829311132032,562.4061665928522,37.49661325243901,127.02796447999128,2422.0,450.0,taxi_respawn_9,picked
dyn_pax_900,1973.0,2026-07-03 09:32:53,975332778#1,bus_stop,,681.6099970732737,721.9380561808346,37.49806030190971,127.02852170075586,2448.0,475.0,taxi_respawn_31,picked
dyn_pax_901,1975.0,2026-07-03 09:32:55,178441450#1,residential|company|restaurant|bus_stop,,282.90243066757296,609.4157395563556,37.496971320837204,127.02404044855805,2445.0,470.0,taxi_6,picked
dyn_pax_902,1978.0,2026-07-03 09:32:58,218857636#1,residential|company|restaurant|bus_stop,,297.92905089287035,623.2061345250047,37.49709839153085,127.02420706961871,2415.0,437.0,taxi_respawn_58,picked
dyn_pax_903,1979.0,2026-07-03 09:32:59,375049565#6,restaurant|subway_entrance|bus_stop,,789.5153251748014,798.8522330112556,37.49877353199428,127.02972351946808,2443.0,464.0,taxi_respawn_25,picked
dyn_pax_904,1981.0,2026-07-03 09:33:01,521770119#1,restaurant|bus_stop,,527.3115514435282,995.8620162900467,37.50049875494786,127.02671217090477,2437.0,456.0,taxi_17,picked
dyn_pax_905,1982.0,2026-07-03 09:33:02,-417933645#2,company|restaurant|subway_entrance,,701.1658676593129,719.5455833044954,37.49804244093877,127.02874337560036,2471.0,489.0,taxi_respawn_81,picked
dyn_pax_906,1982.0,2026-07-03 09:33:02,178441450#1,residential|company|restaurant|bus_stop,,282.90243066757296,609.4157395563556,37.496971320837204,127.02404044855805,2439.0,457.0,taxi_0,picked
dyn_pax_907,1984.0,2026-07-03 09:33:04,218864491#0,restaurant|bus_stop,,769.9803916976219,760.1217113917903,37.49842094941813,127.02951181742357,2471.0,487.0,taxi_27,picked
dyn_pax_908,1985.0,2026-07-03 09:33:05,-417933645#2,company|restaurant|subway_entrance,,701.1658676593129,719.5455833044954,37.49804244093877,127.02874337560036,,,,timeout
dyn_pax_909,1990.0,2026-07-03 09:33:10,1229817205#0,company|subway_entrance|bus_stop,,599.2457558679199,652.2907550986157,37.497417346160496,127.02760695963683,2476.0,486.0,taxi_respawn_65,picked
dyn_pax_910,1991.0,2026-07-03 09:33:11,1376141183#0,bus_stop,,548.2528111146681,901.2117688498424,37.49965007283687,127.02697139402301,,,,timeout
dyn_pax_911,1993.0,2026-07-03 09:33:13,1229817205#0,company|subway_entrance|bus_stop,,599.2457558679199,652.2907550986157,37.497417346160496,127.02760695963683,,,,timeout
dyn_pax_912,1995.0,2026-07-03 09:33:15,1117538957#3,restaurant|subway_entrance|bus_stop,,465.5082521847807,644.8780924026132,37.49732530507706,127.02609663221197,,,,timeout
dyn_pax_913,1996.0,2026-07-03 09:33:16,975332778#1,bus_stop,,681.6099970732737,721.9380561808346,37.49806030190971,127.02852170075586,2486.0,490.0,taxi_13,picked
dyn_pax_914,1998.0,2026-07-03 09:33:18,1229817205#1,residential|bus_stop,,631.6400080768872,572.7061575261558,37.49670653972221,127.02799208080955,2492.0,494.0,taxi_respawn_4,picked
dyn_pax_915,2001.0,2026-07-03 09:33:21,521766180#1,company|restaurant|bus_stop,,466.73410130235357,1169.2838037446552,37.502049542882666,127.02598608796039,,,,timeout
dyn_pax_916,2002.0,2026-07-03 09:33:22,-506191135#22,residential|company|restaurant|bus_stop,,38.693950105848444,1321.9513167019495,37.50334380565249,127.02110990869835,2498.0,496.0,taxi_respawn_30,picked
dyn_pax_917,2004.0,2026-07-03 09:33:24,218873820#0,restaurant|subway_entrance|bus_stop,,628.9829311132032,562.4061665928522,37.49661325243901,127.02796447999128,,,,timeout
dyn_pax_918,2005.0,2026-07-03 09:33:25,1229817205#1,residential|bus_stop,,631.6400080768872,572.7061575261558,37.49670653972221,127.02799208080955,,,,timeout
dyn_pax_919,2007.0,2026-07-03 09:33:27,521770119#0,restaurant|bus_stop,,548.9831206778387,935.1148840516827,37.499955620541705,127.02697161236954,,,,timeout
dyn_pax_920,2008.0,2026-07-03 09:33:28,1229817205#0,company|subway_entrance|bus_stop,,599.2457558679199,652.2907550986157,37.497417346160496,127.02760695963683,,,,timeout
dyn_pax_921,2010.0,2026-07-03 09:33:30,521766175#3,company|restaurant|subway_entrance|bus_stop,,373.6701172395771,1298.610217621072,37.50319695740621,127.02490310718325,2474.0,464.0,taxi_respawn_80,picked
dyn_pax_922,2011.0,2026-07-03 09:33:31,480850873,company|restaurant|bus_stop,,548.1935052770749,708.5896639848544,37.49791486187585,127.0270163956136,,,,timeout
dyn_pax_923,2013.0,2026-07-03 09:33:33,521770116#2,company|restaurant|bus_stop,,432.3182248087171,1108.514093563608,37.50149560521279,127.02561136613096,2480.0,467.0,taxi_respawn_15,picked
dyn_pax_924,2016.0,2026-07-03 09:33:36,218857636#1,residential|company|restaurant|bus_stop,,297.92905089287035,623.2061345250047,37.49709839153085,127.02420706961871,2494.0,478.0,taxi_respawn_76,picked
dyn_pax_925,2017.0,2026-07-03 09:33:37,-506191135#2,residential|bus_stop,,236.19733776439384,769.6838415951818,37.49840622577806,127.02347432089968,,,,timeout
dyn_pax_926,2019.0,2026-07-03 09:33:39,1229817205#0,company|subway_entrance|bus_stop,,599.2457558679199,652.2907550986157,37.497417346160496,127.02760695963683,,,,timeout
dyn_pax_927,2021.0,2026-07-03 09:33:41,520307304#0,school|subway_entrance|bus_stop,,602.6035134310263,763.145495629718,37.498416594724866,127.02761864854104,2503.0,482.0,taxi_37,picked
dyn_pax_928,2024.0,2026-07-03 09:33:44,-506191135#22,residential|company|restaurant|bus_stop,,38.693950105848444,1321.9513167019495,37.50334380565249,127.02110990869835,2490.0,466.0,taxi_respawn_82,picked
dyn_pax_929,2025.0,2026-07-03 09:33:45,521770119#0,restaurant|bus_stop,,548.9831206778387,935.1148840516827,37.499955620541705,127.02697161236954,2506.0,481.0,taxi_respawn_56,picked
dyn_pax_930,2027.0,2026-07-03 09:33:47,520307304#0,school|subway_entrance|bus_stop,,602.6035134310263,763.145495629718,37.498416594724866,127.02761864854104,2508.0,481.0,taxi_respawn_44,picked
dyn_pax_931,2028.0,2026-07-03 09:33:48,494824662#3,company|restaurant|subway_entrance,,729.424850252167,406.6843378518681,37.49522941823122,127.02913698209235,2509.0,481.0,taxi_respawn_20,picked
dyn_pax_932,2028.0,2026-07-03 09:33:48,218877837#2,company|restaurant|bus_stop,,479.4555212141038,978.0213907550284,37.500328997763305,127.02617530290202,2520.0,492.0,taxi_respawn_19,picked
dyn_pax_933,2030.0,2026-07-03 09:33:50,521766180#1,company|restaurant|bus_stop,,466.73410130235357,1169.2838037446552,37.502049542882666,127.02598608796039,,,,timeout
dyn_pax_934,2031.0,2026-07-03 09:33:51,975332778#1,bus_stop,,681.6099970732737,721.9380561808346,37.49806030190971,127.02852170075586,,,,timeout
dyn_pax_935,2034.0,2026-07-03 09:33:54,975332778#1,bus_stop,,681.6099970732737,721.9380561808346,37.49806030190971,127.02852170075586,,,,timeout
dyn_pax_936,2036.0,2026-07-03 09:33:56,218873820#0,restaurant|subway_entrance|bus_stop,,628.9829311132032,562.4061665928522,37.49661325243901,127.02796447999128,,,,timeout
dyn_pax_937,2037.0,2026-07-03 09:33:57,521766180#1,company|restaurant|bus_stop,,466.73410130235357,1169.2838037446552,37.502049542882666,127.02598608796039,,,,timeout
dyn_pax_938,2040.0,2026-07-03 09:34:00,1229817205#0,company|subway_entrance|bus_stop,,599.2457558679199,652.2907550986157,37.497417346160496,127.02760695963683,,,,timeout
dyn_pax_939,2042.0,2026-07-03 09:34:02,-541692164#2,subway_entrance,,317.7122087179151,1441.0296574375257,37.504469327730426,127.0242365566347,2535.0,493.0,taxi_respawn_11,picked
dyn_pax_940,2045.0,2026-07-03 09:34:05,417933642#0,restaurant|bus_stop,,1041.0954363710525,463.30841921497654,37.49579826441859,127.03264736696761,,,,timeout
dyn_pax_941,2047.0,2026-07-03 09:34:07,541692164#1,subway_entrance,,271.6277521231475,1406.6420105391767,37.5041508337347,127.02372362926798,2527.0,480.0,taxi_18,picked
dyn_pax_942,2048.0,2026-07-03 09:34:08,218864491#0,restaurant|bus_stop,,769.9803916976219,760.1217113917903,37.49842094941813,127.02951181742357,2548.0,500.0,taxi_39,picked
dyn_pax_943,2050.0,2026-07-03 09:34:10,523141074#0,company|restaurant|subway_entrance,,524.0338794858329,871.4890157117229,37.4993777454413,127.02670460634431,,,,timeout
dyn_pax_944,2051.0,2026-07-03 09:34:11,417933642#0,restaurant|bus_stop,,1041.0954363710525,463.30841921497654,37.49579826441859,127.03264736696761,,,,timeout
dyn_pax_945,2053.0,2026-07-03 09:34:13,494824662#3,company|restaurant|subway_entrance,,729.424850252167,406.6843378518681,37.49522941823122,127.02913698209235,,,,timeout
dyn_pax_946,2054.0,2026-07-03 09:34:14,218877837#2,company|restaurant|bus_stop,,479.4555212141038,978.0213907550284,37.500328997763305,127.02617530290202,,,,timeout
dyn_pax_947,2056.0,2026-07-03 09:34:16,-541692164#2,subway_entrance,,317.7122087179151,1441.0296574375257,37.504469327730426,127.0242365566347,2547.0,491.0,taxi_respawn_6,picked
dyn_pax_948,2057.0,2026-07-03 09:34:17,-506191135#2,residential|bus_stop,,236.19733776439384,769.6838415951818,37.49840622577806,127.02347432089968,2548.0,491.0,taxi_respawn_72,picked
dyn_pax_949,2059.0,2026-07-03 09:34:19,521770116#2,company|restaurant|bus_stop,,432.3182248087171,1108.514093563608,37.50149560521279,127.02561136613096,,,,timeout
dyn_pax_950,2060.0,2026-07-03 09:34:20,1229817205#0,company|subway_entrance|bus_stop,,599.2457558679199,652.2907550986157,37.497417346160496,127.02760695963683,2534.0,474.0,taxi_respawn_77,picked
dyn_pax_951,2063.0,2026-07-03 09:34:23,-542367267#1,bus_stop,,247.51018316686128,1414.7184918773391,37.504219024473855,127.02344900430944,,,,timeout
dyn_pax_952,2065.0,2026-07-03 09:34:25,521766175#1,company|restaurant|subway_entrance,,332.9365590021661,1411.5585828157227,37.504206724109,127.02441570308932,,,,timeout
dyn_pax_953,2068.0,2026-07-03 09:34:28,480850873,company|restaurant|bus_stop,,548.1935052770749,708.5896639848544,37.49791486187585,127.0270163956136,2530.0,462.0,taxi_8,picked
dyn_pax_954,2071.0,2026-07-03 09:34:31,218857636#1,residential|company|restaurant|bus_stop,,297.92905089287035,623.2061345250047,37.49709839153085,127.02420706961871,2540.0,469.0,taxi_35,picked
dyn_pax_955,2073.0,2026-07-03 09:34:33,218857636#1,residential|company|restaurant|bus_stop,,297.92905089287035,623.2061345250047,37.49709839153085,127.02420706961871,,,,timeout
dyn_pax_956,2074.0,2026-07-03 09:34:34,506191135#3,residential|company|restaurant|bus_stop,,238.79972345576414,789.4714057742513,37.49858497042428,127.023499044737,2550.0,476.0,taxi_47,picked
dyn_pax_957,2076.0,2026-07-03 09:34:36,218857636#1,residential|company|restaurant|bus_stop,,297.92905089287035,623.2061345250047,37.49709839153085,127.02420706961871,2576.0,500.0,taxi_respawn_52,picked
dyn_pax_958,2077.0,2026-07-03 09:34:37,1376141182#0,bus_stop,,385.7154046370183,1301.0311255965628,37.50322104370192,127.02503873135461,,,,timeout
dyn_pax_959,2078.0,2026-07-03 09:34:38,417933645#2,residential|company|restaurant,,757.7944798520502,568.4010952306102,37.496691568512986,127.02941943794849,2549.0,471.0,taxi_28,picked
dyn_pax_960,2079.0,2026-07-03 09:34:39,375049565#6,restaurant|subway_entrance|bus_stop,,789.5153251748014,798.8522330112556,37.49877353199428,127.02972351946808,2540.0,461.0,taxi_1,picked
dyn_pax_961,2080.0,2026-07-03 09:34:40,1229817205#1,residential|bus_stop,,631.6400080768872,572.7061575261558,37.49670653972221,127.02799208080955,,,,timeout
dyn_pax_962,2082.0,2026-07-03 09:34:42,218877837#2,company|restaurant|bus_stop,,479.4555212141038,978.0213907550284,37.500328997763305,127.02617530290202,,,,timeout
dyn_pax_963,2083.0,2026-07-03 09:34:43,-506191135#2,residential|bus_stop,,236.19733776439384,769.6838415951818,37.49840622577806,127.02347432089968,,,,timeout
dyn_pax_964,2083.0,2026-07-03 09:34:43,178441450#1,residential|company|restaurant|bus_stop,,282.90243066757296,609.4157395563556,37.496971320837204,127.02404044855805,,,,timeout
dyn_pax_965,2085.0,2026-07-03 09:34:45,480850873,company|restaurant|bus_stop,,548.1935052770749,708.5896639848544,37.49791486187585,127.0270163956136,,,,timeout
dyn_pax_966,2086.0,2026-07-03 09:34:46,520307304#0,school|subway_entrance|bus_stop,,602.6035134310263,763.145495629718,37.498416594724866,127.02761864854104,,,,timeout
dyn_pax_967,2088.0,2026-07-03 09:34:48,1117538957#3,restaurant|subway_entrance|bus_stop,,465.5082521847807,644.8780924026132,37.49732530507706,127.02609663221197,,,,timeout
dyn_pax_968,2089.0,2026-07-03 09:34:49,520307304#0,school|subway_entrance|bus_stop,,602.6035134310263,763.145495629718,37.498416594724866,127.02761864854104,,,,timeout
dyn_pax_969,2091.0,2026-07-03 09:34:51,218857636#1,residential|company|restaurant|bus_stop,,297.92905089287035,623.2061345250047,37.49709839153085,127.02420706961871,2591.0,500.0,taxi_respawn_37,picked
dyn_pax_970,2093.0,2026-07-03 09:34:53,1117538957#3,restaurant|subway_entrance|bus_stop,,465.5082521847807,644.8780924026132,37.49732530507706,127.02609663221197,,,,timeout
dyn_pax_971,2094.0,2026-07-03 09:34:54,375049565#6,restaurant|subway_entrance|bus_stop,,789.5153251748014,798.8522330112556,37.49877353199428,127.02972351946808,,,,timeout
dyn_pax_972,2096.0,2026-07-03 09:34:56,521766175#1,company|restaurant|subway_entrance,,332.9365590021661,1411.5585828157227,37.504206724109,127.02441570308932,,,,timeout
dyn_pax_973,2097.0,2026-07-03 09:34:57,521766175#3,company|restaurant|subway_entrance|bus_stop,,373.6701172395771,1298.610217621072,37.50319695740621,127.02490310718325,,,,timeout
dyn_pax_974,2098.0,2026-07-03 09:34:58,521770119#1,restaurant|bus_stop,,527.3115514435282,995.8620162900467,37.50049875494786,127.02671217090477,,,,timeout
dyn_pax_975,2099.0,2026-07-03 09:34:59,218864491#0,restaurant|bus_stop,,769.9803916976219,760.1217113917903,37.49842094941813,127.02951181742357,2590.0,491.0,taxi_respawn_54,picked
dyn_pax_976,2100.0,2026-07-03 09:35:00,1117538957#3,restaurant|subway_entrance|bus_stop,,465.5082521847807,644.8780924026132,37.49732530507706,127.02609663221197,,,,timeout
dyn_pax_977,2103.0,2026-07-03 09:35:03,218873820#0,restaurant|subway_entrance|bus_stop,,628.9829311132032,562.4061665928522,37.49661325243901,127.02796447999128,,,,timeout
dyn_pax_978,2106.0,2026-07-03 09:35:06,-506191135#22,residential|company|restaurant|bus_stop,,38.693950105848444,1321.9513167019495,37.50334380565249,127.02110990869835,,,,timeout
dyn_pax_979,2109.0,2026-07-03 09:35:09,521770119#0,restaurant|bus_stop,,548.9831206778387,935.1148840516827,37.499955620541705,127.02697161236954,2607.0,498.0,taxi_respawn_64,picked
dyn_pax_980,2111.0,2026-07-03 09:35:11,1229817205#1,residential|bus_stop,,631.6400080768872,572.7061575261558,37.49670653972221,127.02799208080955,,,,timeout
dyn_pax_981,2114.0,2026-07-03 09:35:14,375049565#6,restaurant|subway_entrance|bus_stop,,789.5153251748014,798.8522330112556,37.49877353199428,127.02972351946808,,,,timeout
dyn_pax_982,2116.0,2026-07-03 09:35:16,521766175#1,company|restaurant|subway_entrance,,332.9365590021661,1411.5585828157227,37.504206724109,127.02441570308932,,,,timeout
dyn_pax_983,2117.0,2026-07-03 09:35:17,523141074#0,company|restaurant|subway_entrance,,524.0338794858329,871.4890157117229,37.4993777454413,127.02670460634431,,,,timeout
dyn_pax_984,2119.0,2026-07-03 09:35:19,494824662#3,company|restaurant|subway_entrance,,729.424850252167,406.6843378518681,37.49522941823122,127.02913698209235,2602.0,483.0,taxi_respawn_57,picked
dyn_pax_985,2120.0,2026-07-03 09:35:20,521766182#1,company|restaurant|subway_entrance,,681.695169875507,539.6867345716422,37.496418539503196,127.02856584056028,2592.0,472.0,taxi_respawn_38,picked
dyn_pax_986,2122.0,2026-07-03 09:35:22,375049565#6,restaurant|subway_entrance|bus_stop,,789.5153251748014,798.8522330112556,37.49877353199428,127.02972351946808,,,,timeout
dyn_pax_987,2123.0,2026-07-03 09:35:23,506191135#3,residential|company|restaurant|bus_stop,,238.79972345576414,789.4714057742513,37.49858497042428,127.023499044737,2616.0,493.0,taxi_respawn_83,picked
dyn_pax_988,2125.0,2026-07-03 09:35:25,218877837#2,company|restaurant|bus_stop,,479.4555212141038,978.0213907550284,37.500328997763305,127.02617530290202,2592.0,467.0,taxi_respawn_80,picked
dyn_pax_989,2126.0,2026-07-03 09:35:26,1376141183#0,bus_stop,,548.2528111146681,901.2117688498424,37.49965007283687,127.02697139402301,,,,timeout
dyn_pax_990,2126.0,2026-07-03 09:35:26,-417933646#4,company|restaurant,,761.9867537178288,747.7080569325292,37.49830761500862,127.02942437673002,2601.0,475.0,taxi_respawn_35,picked
dyn_pax_991,2128.0,2026-07-03 09:35:28,-506191135#22,residential|company|restaurant|bus_stop,,38.693950105848444,1321.9513167019495,37.50334380565249,127.02110990869835,,,,timeout
dyn_pax_992,2129.0,2026-07-03 09:35:29,-541692164#2,subway_entrance,,317.7122087179151,1441.0296574375257,37.504469327730426,127.0242365566347,,,,timeout
dyn_pax_993,2131.0,2026-07-03 09:35:31,218873820#0,restaurant|subway_entrance|bus_stop,,628.9829311132032,562.4061665928522,37.49661325243901,127.02796447999128,,,,timeout
dyn_pax_994,2132.0,2026-07-03 09:35:32,-542367267#1,bus_stop,,247.51018316686128,1414.7184918773391,37.504219024473855,127.02344900430944,,,,timeout
dyn_pax_995,2134.0,2026-07-03 09:35:34,521766180#1,company|restaurant|bus_stop,,466.73410130235357,1169.2838037446552,37.502049542882666,127.02598608796039,2633.0,499.0,taxi_29,picked
dyn_pax_996,2135.0,2026-07-03 09:35:35,1229817205#1,residential|bus_stop,,631.6400080768872,572.7061575261558,37.49670653972221,127.02799208080955,,,,timeout
dyn_pax_997,2137.0,2026-07-03 09:35:37,521770116#2,company|restaurant|bus_stop,,432.3182248087171,1108.514093563608,37.50149560521279,127.02561136613096,,,,timeout
dyn_pax_998,2139.0,2026-07-03 09:35:39,521766180#1,company|restaurant|bus_stop,,466.73410130235357,1169.2838037446552,37.502049542882666,127.02598608796039,,,,timeout
dyn_pax_999,2142.0,2026-07-03 09:35:42,521766175#3,company|restaurant|subway_entrance|bus_stop,,373.6701172395771,1298.610217621072,37.50319695740621,127.02490310718325,,,,timeout
dyn_pax_1000,2143.0,2026-07-03 09:35:43,521766175#1,company|restaurant|subway_entrance,,332.9365590021661,1411.5585828157227,37.504206724109,127.02441570308932,,,,timeout
dyn_pax_1001,2145.0,2026-07-03 09:35:45,521770119#1,restaurant|bus_stop,,527.3115514435282,995.8620162900467,37.50049875494786,127.02671217090477,,,,timeout
dyn_pax_1002,2146.0,2026-07-03 09:35:46,521766175#1,company|restaurant|subway_entrance,,332.9365590021661,1411.5585828157227,37.504206724109,127.02441570308932,,,,timeout
dyn_pax_1003,2148.0,2026-07-03 09:35:48,375049565#6,restaurant|subway_entrance|bus_stop,,789.5153251748014,798.8522330112556,37.49877353199428,127.02972351946808,,,,timeout
dyn_pax_1004,2149.0,2026-07-03 09:35:49,521766180#1,company|restaurant|bus_stop,,466.73410130235357,1169.2838037446552,37.502049542882666,127.02598608796039,,,,timeout
dyn_pax_1005,2152.0,2026-07-03 09:35:52,480850873,company|restaurant|bus_stop,,548.1935052770749,708.5896639848544,37.49791486187585,127.0270163956136,,,,timeout
dyn_pax_1006,2154.0,2026-07-03 09:35:54,-506191135#2,residential|bus_stop,,236.19733776439384,769.6838415951818,37.49840622577806,127.02347432089968,,,,timeout
dyn_pax_1007,2154.0,2026-07-03 09:35:54,-379232133,restaurant,,887.8909311741835,528.8139035551092,37.496359489964284,127.03089971288236,,,,timeout
dyn_pax_1008,2155.0,2026-07-03 09:35:55,480850873,company|restaurant|bus_stop,,548.1935052770749,708.5896639848544,37.49791486187585,127.0270163956136,,,,timeout
dyn_pax_1009,2156.0,2026-07-03 09:35:56,521766175#3,company|restaurant|subway_entrance|bus_stop,,373.6701172395771,1298.610217621072,37.50319695740621,127.02490310718325,,,,timeout
dyn_pax_1010,2158.0,2026-07-03 09:35:58,1229817205#0,company|subway_entrance|bus_stop,,599.2457558679199,652.2907550986157,37.497417346160496,127.02760695963683,,,,timeout
dyn_pax_1011,2159.0,2026-07-03 09:35:59,-129731858#1,restaurant,,779.3164249772793,838.8541978668718,37.49913195860003,127.0295987323456,,,,timeout
dyn_pax_1012,2160.0,2026-07-03 09:36:00,-506191135#2,residential|bus_stop,,236.19733776439384,769.6838415951818,37.49840622577806,127.02347432089968,,,,timeout
dyn_pax_1013,2161.0,2026-07-03 09:36:01,305539406,company|restaurant|subway_entrance,,566.389495917364,736.5285064605782,37.49816998085155,127.02721550408178,,,,timeout
dyn_pax_1014,2163.0,2026-07-03 09:36:03,375049565#6,restaurant|subway_entrance|bus_stop,,789.5153251748014,798.8522330112556,37.49877353199428,127.02972351946808,,,,timeout
dyn_pax_1015,2165.0,2026-07-03 09:36:05,375049565#6,restaurant|subway_entrance|bus_stop,,789.5153251748014,798.8522330112556,37.49877353199428,127.02972351946808,,,,timeout
dyn_pax_1016,2168.0,2026-07-03 09:36:08,305539406,company|restaurant|subway_entrance,,566.389495917364,736.5285064605782,37.49816998085155,127.02721550408178,2664.0,496.0,taxi_20,picked
dyn_pax_1017,2169.0,2026-07-03 09:36:09,1117538957#3,restaurant|subway_entrance|bus_stop,,465.5082521847807,644.8780924026132,37.49732530507706,127.02609663221197,2658.0,489.0,taxi_respawn_75,picked
dyn_pax_1018,2172.0,2026-07-03 09:36:12,-506191135#22,residential|company|restaurant|bus_stop,,38.693950105848444,1321.9513167019495,37.50334380565249,127.02110990869835,,,,timeout
dyn_pax_1019,2174.0,2026-07-03 09:36:14,521766180#1,company|restaurant|bus_stop,,466.73410130235357,1169.2838037446552,37.502049542882666,127.02598608796039,,,,timeout
dyn_pax_1020,2175.0,2026-07-03 09:36:15,541692164#1,subway_entrance,,271.6277521231475,1406.6420105391767,37.5041508337347,127.02372362926798,,,,timeout
dyn_pax_1021,2177.0,2026-07-03 09:36:17,520307304#0,school|subway_entrance|bus_stop,,602.6035134310263,763.145495629718,37.498416594724866,127.02761864854104,2672.0,495.0,taxi_respawn_58,picked
dyn_pax_1022,2178.0,2026-07-03 09:36:18,1376141183#0,bus_stop,,548.2528111146681,901.2117688498424,37.49965007283687,127.02697139402301,,,,timeout
dyn_pax_1023,2181.0,2026-07-03 09:36:21,218877837#2,company|restaurant|bus_stop,,479.4555212141038,978.0213907550284,37.500328997763305,127.02617530290202,2647.0,466.0,taxi_respawn_9,picked
dyn_pax_1024,2184.0,2026-07-03 09:36:24,521766182#1,company|restaurant|subway_entrance,,681.695169875507,539.6867345716422,37.496418539503196,127.02856584056028,,,,timeout
dyn_pax_1025,2186.0,2026-07-03 09:36:26,218873820#0,restaurant|subway_entrance|bus_stop,,628.9829311132032,562.4061665928522,37.49661325243901,127.02796447999128,,,,timeout
dyn_pax_1026,2186.0,2026-07-03 09:36:26,521766180#1,company|restaurant|bus_stop,,466.73410130235357,1169.2838037446552,37.502049542882666,127.02598608796039,,,,timeout
dyn_pax_1027,2188.0,2026-07-03 09:36:28,417933642#0,restaurant|bus_stop,,1041.0954363710525,463.30841921497654,37.49579826441859,127.03264736696761,,,,timeout
dyn_pax_1028,2189.0,2026-07-03 09:36:29,494824662#3,company|restaurant|subway_entrance,,729.424850252167,406.6843378518681,37.49522941823122,127.02913698209235,,,,timeout
dyn_pax_1029,2194.0,2026-07-03 09:36:34,218864491#0,restaurant|bus_stop,,769.9803916976219,760.1217113917903,37.49842094941813,127.02951181742357,,,,timeout
dyn_pax_1030,2195.0,2026-07-03 09:36:35,521766180#1,company|restaurant|bus_stop,,466.73410130235357,1169.2838037446552,37.502049542882666,127.02598608796039,,,,timeout
dyn_pax_1031,2197.0,2026-07-03 09:36:37,1376141183#0,bus_stop,,548.2528111146681,901.2117688498424,37.49965007283687,127.02697139402301,2694.0,497.0,taxi_respawn_59,picked
dyn_pax_1032,2198.0,2026-07-03 09:36:38,1229817205#0,company|subway_entrance|bus_stop,,599.2457558679199,652.2907550986157,37.497417346160496,127.02760695963683,2680.0,482.0,taxi_5,picked
dyn_pax_1033,2201.0,2026-07-03 09:36:41,521770119#1,restaurant|bus_stop,,527.3115514435282,995.8620162900467,37.50049875494786,127.02671217090477,,,,timeout
dyn_pax_1034,2201.0,2026-07-03 09:36:41,521770116#2,company|restaurant|bus_stop,,432.3182248087171,1108.514093563608,37.50149560521279,127.02561136613096,,,,timeout
dyn_pax_1035,2203.0,2026-07-03 09:36:43,520307304#0,school|subway_entrance|bus_stop,,602.6035134310263,763.145495629718,37.498416594724866,127.02761864854104,,,,timeout
dyn_pax_1036,2204.0,2026-07-03 09:36:44,218873820#0,restaurant|subway_entrance|bus_stop,,628.9829311132032,562.4061665928522,37.49661325243901,127.02796447999128,,,,timeout
dyn_pax_1037,2206.0,2026-07-03 09:36:46,975332778#1,bus_stop,,681.6099970732737,721.9380561808346,37.49806030190971,127.02852170075586,,,,timeout
dyn_pax_1038,2207.0,2026-07-03 09:36:47,218864491#0,restaurant|bus_stop,,769.9803916976219,760.1217113917903,37.49842094941813,127.02951181742357,,,,timeout
dyn_pax_1039,2209.0,2026-07-03 09:36:49,506191135#3,residential|company|restaurant|bus_stop,,238.79972345576414,789.4714057742513,37.49858497042428,127.023499044737,,,,timeout
dyn_pax_1040,2211.0,2026-07-03 09:36:51,-542367267#1,bus_stop,,247.51018316686128,1414.7184918773391,37.504219024473855,127.02344900430944,2710.0,499.0,taxi_respawn_50,picked
dyn_pax_1041,2212.0,2026-07-03 09:36:52,-417933645#2,company|restaurant|subway_entrance,,701.1658676593129,719.5455833044954,37.49804244093877,127.02874337560036,,,,timeout
dyn_pax_1042,2212.0,2026-07-03 09:36:52,-309155295#4,residential|restaurant,,966.4689567179357,639.4784987131154,37.49737120494098,127.0317619612052,,,,timeout
dyn_pax_1043,2214.0,2026-07-03 09:36:54,305539406,company|restaurant|subway_entrance,,566.389495917364,736.5285064605782,37.49816998085155,127.02721550408178,,,,timeout
dyn_pax_1044,2215.0,2026-07-03 09:36:55,521766175#3,company|restaurant|subway_entrance|bus_stop,,373.6701172395771,1298.610217621072,37.50319695740621,127.02490310718325,,,,timeout
dyn_pax_1045,2217.0,2026-07-03 09:36:57,-542367267#1,bus_stop,,247.51018316686128,1414.7184918773391,37.504219024473855,127.02344900430944,2717.0,500.0,taxi_respawn_49,picked
dyn_pax_1046,2218.0,2026-07-03 09:36:58,1117538958#3,bus_stop,,160.18899290588462,540.6019911995099,37.49632820280781,127.02266936696756,,,,timeout
dyn_pax_1047,2220.0,2026-07-03 09:37:00,1229817205#0,company|subway_entrance|bus_stop,,599.2457558679199,652.2907550986157,37.497417346160496,127.02760695963683,2718.0,498.0,taxi_respawn_31,picked
dyn_pax_1048,2221.0,2026-07-03 09:37:01,-504509918#2,company|restaurant|bus_stop,,398.9694242295193,827.4758220967593,37.49895762305832,127.02530099003066,,,,timeout
dyn_pax_1049,2223.0,2026-07-03 09:37:03,-504509918#2,company|restaurant|bus_stop,,398.9694242295193,827.4758220967593,37.49895762305832,127.02530099003066,,,,timeout
dyn_pax_1050,2224.0,2026-07-03 09:37:04,218873820#0,restaurant|subway_entrance|bus_stop,,628.9829311132032,562.4061665928522,37.49661325243901,127.02796447999128,,,,timeout
dyn_pax_1051,2226.0,2026-07-03 09:37:06,375049565#6,restaurant|subway_entrance|bus_stop,,789.5153251748014,798.8522330112556,37.49877353199428,127.02972351946808,2726.0,500.0,taxi_respawn_60,picked
dyn_pax_1052,2227.0,2026-07-03 09:37:07,375049565#6,restaurant|subway_entrance|bus_stop,,789.5153251748014,798.8522330112556,37.49877353199428,127.02972351946808,2721.0,494.0,taxi_19,picked
dyn_pax_1053,2227.0,2026-07-03 09:37:07,-117790045#3,restaurant,,459.7597996777886,1476.3698694609513,37.50481454718326,127.02583436303603,,,,timeout
dyn_pax_1054,2229.0,2026-07-03 09:37:09,521770116#2,company|restaurant|bus_stop,,432.3182248087171,1108.514093563608,37.50149560521279,127.02561136613096,,,,timeout
dyn_pax_1055,2230.0,2026-07-03 09:37:10,521766175#1,company|restaurant|subway_entrance,,332.9365590021661,1411.5585828157227,37.504206724109,127.02441570308932,,,,timeout
dyn_pax_1056,2233.0,2026-07-03 09:37:13,218877837#2,company|restaurant|bus_stop,,479.4555212141038,978.0213907550284,37.500328997763305,127.02617530290202,,,,timeout
dyn_pax_1057,2234.0,2026-07-03 09:37:14,-379232133,restaurant,,887.8909311741835,528.8139035551092,37.496359489964284,127.03089971288236,,,,timeout
dyn_pax_1058,2235.0,2026-07-03 09:37:15,1117538957#3,restaurant|subway_entrance|bus_stop,,465.5082521847807,644.8780924026132,37.49732530507706,127.02609663221197,2707.0,472.0,taxi_respawn_20,picked
dyn_pax_1059,2237.0,2026-07-03 09:37:17,1229817205#1,residential|bus_stop,,631.6400080768872,572.7061575261558,37.49670653972221,127.02799208080955,2736.0,499.0,taxi_respawn_72,picked
dyn_pax_1060,2238.0,2026-07-03 09:37:18,-504509918#2,company|restaurant|bus_stop,,398.9694242295193,827.4758220967593,37.49895762305832,127.02530099003066,,,,timeout
dyn_pax_1061,2240.0,2026-07-03 09:37:20,375049565#6,restaurant|subway_entrance|bus_stop,,789.5153251748014,798.8522330112556,37.49877353199428,127.02972351946808,2736.0,496.0,taxi_respawn_88,picked
dyn_pax_1062,2241.0,2026-07-03 09:37:21,178441450#1,residential|company|restaurant|bus_stop,,282.90243066757296,609.4157395563556,37.496971320837204,127.02404044855805,2726.0,485.0,taxi_respawn_67,picked
dyn_pax_1063,2243.0,2026-07-03 09:37:23,523141074#0,company|restaurant|subway_entrance,,524.0338794858329,871.4890157117229,37.4993777454413,127.02670460634431,,,,timeout
dyn_pax_1064,2244.0,2026-07-03 09:37:24,218864491#0,restaurant|bus_stop,,769.9803916976219,760.1217113917903,37.49842094941813,127.02951181742357,2723.0,479.0,taxi_respawn_39,picked
dyn_pax_1065,2246.0,2026-07-03 09:37:26,375049565#6,restaurant|subway_entrance|bus_stop,,789.5153251748014,798.8522330112556,37.49877353199428,127.02972351946808,,,,timeout
dyn_pax_1066,2247.0,2026-07-03 09:37:27,-541692164#2,subway_entrance,,317.7122087179151,1441.0296574375257,37.504469327730426,127.0242365566347,2740.0,493.0,taxi_respawn_74,picked
dyn_pax_1067,2249.0,2026-07-03 09:37:29,521766175#3,company|restaurant|subway_entrance|bus_stop,,373.6701172395771,1298.610217621072,37.50319695740621,127.02490310718325,,,,timeout
dyn_pax_1068,2250.0,2026-07-03 09:37:30,1229817205#1,residential|bus_stop,,631.6400080768872,572.7061575261558,37.49670653972221,127.02799208080955,2742.0,492.0,taxi_respawn_11,picked
dyn_pax_1069,2252.0,2026-07-03 09:37:32,375049565#6,restaurant|subway_entrance|bus_stop,,789.5153251748014,798.8522330112556,37.49877353199428,127.02972351946808,,,,timeout
dyn_pax_1070,2255.0,2026-07-03 09:37:35,218857636#1,residential|company|restaurant|bus_stop,,297.92905089287035,623.2061345250047,37.49709839153085,127.02420706961871,2707.0,452.0,taxi_respawn_45,picked
dyn_pax_1071,2256.0,2026-07-03 09:37:36,1376141183#0,bus_stop,,548.2528111146681,901.2117688498424,37.49965007283687,127.02697139402301,,,,timeout
dyn_pax_1072,2260.0,2026-07-03 09:37:40,218857636#1,residential|company|restaurant|bus_stop,,297.92905089287035,623.2061345250047,37.49709839153085,127.02420706961871,2753.0,493.0,taxi_32,picked
dyn_pax_1073,2263.0,2026-07-03 09:37:43,521770119#0,restaurant|bus_stop,,548.9831206778387,935.1148840516827,37.499955620541705,127.02697161236954,,,,timeout
dyn_pax_1074,2264.0,2026-07-03 09:37:44,-504509918#2,company|restaurant|bus_stop,,398.9694242295193,827.4758220967593,37.49895762305832,127.02530099003066,2759.0,495.0,taxi_respawn_30,picked
dyn_pax_1075,2269.0,2026-07-03 09:37:49,975332778#1,bus_stop,,681.6099970732737,721.9380561808346,37.49806030190971,127.02852170075586,,,,timeout
dyn_pax_1076,2270.0,2026-07-03 09:37:50,305539406,company|restaurant|subway_entrance,,566.389495917364,736.5285064605782,37.49816998085155,127.02721550408178,2744.0,474.0,taxi_respawn_81,picked
dyn_pax_1077,2272.0,2026-07-03 09:37:52,218864491#0,restaurant|bus_stop,,769.9803916976219,760.1217113917903,37.49842094941813,127.02951181742357,,,,timeout
dyn_pax_1078,2273.0,2026-07-03 09:37:53,-506191135#22,residential|company|restaurant|bus_stop,,38.693950105848444,1321.9513167019495,37.50334380565249,127.02110990869835,,,,timeout
dyn_pax_1079,2275.0,2026-07-03 09:37:55,1376141183#0,bus_stop,,548.2528111146681,901.2117688498424,37.49965007283687,127.02697139402301,,,,timeout
dyn_pax_1080,2276.0,2026-07-03 09:37:56,-504509918#2,company|restaurant|bus_stop,,398.9694242295193,827.4758220967593,37.49895762305832,127.02530099003066,,,,timeout
dyn_pax_1081,2278.0,2026-07-03 09:37:58,-417933645#2,company|restaurant|subway_entrance,,701.1658676593129,719.5455833044954,37.49804244093877,127.02874337560036,,,,timeout
dyn_pax_1082,2279.0,2026-07-03 09:37:59,218873820#0,restaurant|subway_entrance|bus_stop,,628.9829311132032,562.4061665928522,37.49661325243901,127.02796447999128,2778.0,499.0,taxi_respawn_86,picked
dyn_pax_1083,2281.0,2026-07-03 09:38:01,1229817205#0,company|subway_entrance|bus_stop,,599.2457558679199,652.2907550986157,37.497417346160496,127.02760695963683,,,,timeout
dyn_pax_1084,2283.0,2026-07-03 09:38:03,218857636#1,residential|company|restaurant|bus_stop,,297.92905089287035,623.2061345250047,37.49709839153085,127.02420706961871,,,,timeout
dyn_pax_1085,2284.0,2026-07-03 09:38:04,-504509918#2,company|restaurant|bus_stop,,398.9694242295193,827.4758220967593,37.49895762305832,127.02530099003066,,,,timeout
dyn_pax_1086,2286.0,2026-07-03 09:38:06,494824662#3,company|restaurant|subway_entrance,,729.424850252167,406.6843378518681,37.49522941823122,127.02913698209235,,,,timeout
dyn_pax_1087,2287.0,2026-07-03 09:38:07,521770119#0,restaurant|bus_stop,,548.9831206778387,935.1148840516827,37.499955620541705,127.02697161236954,,,,timeout
dyn_pax_1088,2289.0,2026-07-03 09:38:09,1117538957#3,restaurant|subway_entrance|bus_stop,,465.5082521847807,644.8780924026132,37.49732530507706,127.02609663221197,,,,timeout
dyn_pax_1089,2292.0,2026-07-03 09:38:12,523141074#0,company|restaurant|subway_entrance,,524.0338794858329,871.4890157117229,37.4993777454413,127.02670460634431,,,,timeout
dyn_pax_1090,2293.0,2026-07-03 09:38:13,521770116#2,company|restaurant|bus_stop,,432.3182248087171,1108.514093563608,37.50149560521279,127.02561136613096,2774.0,481.0,taxi_respawn_51,picked
dyn_pax_1091,2295.0,2026-07-03 09:38:15,1376141183#0,bus_stop,,548.2528111146681,901.2117688498424,37.49965007283687,127.02697139402301,2778.0,483.0,taxi_42,picked
dyn_pax_1092,2296.0,2026-07-03 09:38:16,1117538957#3,restaurant|subway_entrance|bus_stop,,465.5082521847807,644.8780924026132,37.49732530507706,127.02609663221197,,,,timeout
dyn_pax_1093,2298.0,2026-07-03 09:38:18,494824662#3,company|restaurant|subway_entrance,,729.424850252167,406.6843378518681,37.49522941823122,127.02913698209235,,,,timeout
dyn_pax_1094,2299.0,2026-07-03 09:38:19,1229817205#0,company|subway_entrance|bus_stop,,599.2457558679199,652.2907550986157,37.497417346160496,127.02760695963683,2778.0,479.0,taxi_respawn_61,picked
dyn_pax_1095,2301.0,2026-07-03 09:38:21,-417933645#2,company|restaurant|subway_entrance,,701.1658676593129,719.5455833044954,37.49804244093877,127.02874337560036,,,,timeout
dyn_pax_1096,2302.0,2026-07-03 09:38:22,178441450#1,residential|company|restaurant|bus_stop,,282.90243066757296,609.4157395563556,37.496971320837204,127.02404044855805,2800.0,498.0,taxi_6,picked
dyn_pax_1097,2304.0,2026-07-03 09:38:24,1229817205#1,residential|bus_stop,,631.6400080768872,572.7061575261558,37.49670653972221,127.02799208080955,,,,timeout
dyn_pax_1098,2305.0,2026-07-03 09:38:25,521770119#1,restaurant|bus_stop,,527.3115514435282,995.8620162900467,37.50049875494786,127.02671217090477,,,,timeout
dyn_pax_1099,2310.0,2026-07-03 09:38:30,1376141182#0,bus_stop,,385.7154046370183,1301.0311255965628,37.50322104370192,127.02503873135461,,,,timeout
dyn_pax_1100,2312.0,2026-07-03 09:38:32,521766175#3,company|restaurant|subway_entrance|bus_stop,,373.6701172395771,1298.610217621072,37.50319695740621,127.02490310718325,,,,timeout
dyn_pax_1101,2313.0,2026-07-03 09:38:33,218873820#0,restaurant|subway_entrance|bus_stop,,628.9829311132032,562.4061665928522,37.49661325243901,127.02796447999128,,,,timeout
dyn_pax_1102,2315.0,2026-07-03 09:38:35,520307304#0,school|subway_entrance|bus_stop,,602.6035134310263,763.145495629718,37.498416594724866,127.02761864854104,2789.0,474.0,taxi_45,picked
dyn_pax_1103,2318.0,2026-07-03 09:38:38,541692164#1,subway_entrance,,271.6277521231475,1406.6420105391767,37.5041508337347,127.02372362926798,2802.0,484.0,taxi_0,picked
dyn_pax_1104,2319.0,2026-07-03 09:38:39,218864491#0,restaurant|bus_stop,,769.9803916976219,760.1217113917903,37.49842094941813,127.02951181742357,2767.0,448.0,taxi_respawn_41,picked
dyn_pax_1105,2322.0,2026-07-03 09:38:42,541692164#1,subway_entrance,,271.6277521231475,1406.6420105391767,37.5041508337347,127.02372362926798,2807.0,485.0,taxi_respawn_94,picked
dyn_pax_1106,2324.0,2026-07-03 09:38:44,305539406,company|restaurant|subway_entrance,,566.389495917364,736.5285064605782,37.49816998085155,127.02721550408178,2785.0,461.0,taxi_35,picked
dyn_pax_1107,2327.0,2026-07-03 09:38:47,521766175#1,company|restaurant|subway_entrance,,332.9365590021661,1411.5585828157227,37.504206724109,127.02441570308932,2821.0,494.0,taxi_13,picked
dyn_pax_1108,2328.0,2026-07-03 09:38:48,218864491#0,restaurant|bus_stop,,769.9803916976219,760.1217113917903,37.49842094941813,127.02951181742357,,,,timeout
dyn_pax_1109,2330.0,2026-07-03 09:38:50,1229817205#0,company|subway_entrance|bus_stop,,599.2457558679199,652.2907550986157,37.497417346160496,127.02760695963683,2801.0,471.0,taxi_respawn_92,picked
dyn_pax_1110,2332.0,2026-07-03 09:38:52,417933642#0,restaurant|bus_stop,,1041.0954363710525,463.30841921497654,37.49579826441859,127.03264736696761,2825.0,493.0,taxi_respawn_78,picked
dyn_pax_1111,2333.0,2026-07-03 09:38:53,375049565#6,restaurant|subway_entrance|bus_stop,,789.5153251748014,798.8522330112556,37.49877353199428,127.02972351946808,2809.0,476.0,taxi_respawn_91,picked
dyn_pax_1112,2335.0,2026-07-03 09:38:55,521766175#3,company|restaurant|subway_entrance|bus_stop,,373.6701172395771,1298.610217621072,37.50319695740621,127.02490310718325,,,,timeout
dyn_pax_1113,2336.0,2026-07-03 09:38:56,480850873,company|restaurant|bus_stop,,548.1935052770749,708.5896639848544,37.49791486187585,127.0270163956136,2766.0,430.0,taxi_respawn_25,picked
dyn_pax_1114,2338.0,2026-07-03 09:38:58,1117538957#3,restaurant|subway_entrance|bus_stop,,465.5082521847807,644.8780924026132,37.49732530507706,127.02609663221197,2794.0,456.0,taxi_8,picked
dyn_pax_1115,2339.0,2026-07-03 09:38:59,375049565#6,restaurant|subway_entrance|bus_stop,,789.5153251748014,798.8522330112556,37.49877353199428,127.02972351946808,2798.0,459.0,taxi_36,picked
dyn_pax_1116,2341.0,2026-07-03 09:39:01,-542367267#1,bus_stop,,247.51018316686128,1414.7184918773391,37.504219024473855,127.02344900430944,2821.0,480.0,taxi_respawn_52,picked
dyn_pax_1117,2342.0,2026-07-03 09:39:02,521766175#3,company|restaurant|subway_entrance|bus_stop,,373.6701172395771,1298.610217621072,37.50319695740621,127.02490310718325,,,,timeout
dyn_pax_1118,2344.0,2026-07-03 09:39:04,521766180#1,company|restaurant|bus_stop,,466.73410130235357,1169.2838037446552,37.502049542882666,127.02598608796039,,,,timeout
dyn_pax_1119,2345.0,2026-07-03 09:39:05,-506191135#22,residential|company|restaurant|bus_stop,,38.693950105848444,1321.9513167019495,37.50334380565249,127.02110990869835,,,,timeout
dyn_pax_1120,2348.0,2026-07-03 09:39:08,218873820#0,restaurant|subway_entrance|bus_stop,,628.9829311132032,562.4061665928522,37.49661325243901,127.02796447999128,2817.0,469.0,taxi_respawn_93,picked
dyn_pax_1121,2350.0,2026-07-03 09:39:10,218864491#0,restaurant|bus_stop,,769.9803916976219,760.1217113917903,37.49842094941813,127.02951181742357,,,,timeout
dyn_pax_1122,2350.0,2026-07-03 09:39:10,117790045#3,restaurant,,504.6202003222114,1382.6101305390487,37.50397841113055,127.02636386411817,2791.0,441.0,taxi_11,picked
dyn_pax_1123,2351.0,2026-07-03 09:39:11,523141074#0,company|restaurant|subway_entrance,,524.0338794858329,871.4890157117229,37.4993777454413,127.02670460634431,2804.0,453.0,taxi_respawn_38,picked
dyn_pax_1124,2353.0,2026-07-03 09:39:13,375049565#6,restaurant|subway_entrance|bus_stop,,789.5153251748014,798.8522330112556,37.49877353199428,127.02972351946808,,,,timeout
dyn_pax_1125,2355.0,2026-07-03 09:39:15,494824662#3,company|restaurant|subway_entrance,,729.424850252167,406.6843378518681,37.49522941823122,127.02913698209235,,,,timeout
dyn_pax_1126,2356.0,2026-07-03 09:39:16,218873820#0,restaurant|subway_entrance|bus_stop,,628.9829311132032,562.4061665928522,37.49661325243901,127.02796447999128,,,,timeout
dyn_pax_1127,2358.0,2026-07-03 09:39:18,521766180#1,company|restaurant|bus_stop,,466.73410130235357,1169.2838037446552,37.502049542882666,127.02598608796039,,,,timeout
dyn_pax_1128,2359.0,2026-07-03 09:39:19,1376141183#0,bus_stop,,548.2528111146681,901.2117688498424,37.49965007283687,127.02697139402301,,,,timeout
dyn_pax_1129,2361.0,2026-07-03 09:39:21,520307304#0,school|subway_entrance|bus_stop,,602.6035134310263,763.145495629718,37.498416594724866,127.02761864854104,,,,timeout
dyn_pax_1130,2362.0,2026-07-03 09:39:22,521766182#1,company|restaurant|subway_entrance,,681.695169875507,539.6867345716422,37.496418539503196,127.02856584056028,2829.0,467.0,taxi_respawn_15,picked
dyn_pax_1131,2364.0,2026-07-03 09:39:24,521766175#3,company|restaurant|subway_entrance|bus_stop,,373.6701172395771,1298.610217621072,37.50319695740621,127.02490310718325,,,,timeout
dyn_pax_1132,2365.0,2026-07-03 09:39:25,-504509918#2,company|restaurant|bus_stop,,398.9694242295193,827.4758220967593,37.49895762305832,127.02530099003066,2855.0,490.0,taxi_respawn_5,picked
dyn_pax_1133,2367.0,2026-07-03 09:39:27,523141074#0,company|restaurant|subway_entrance,,524.0338794858329,871.4890157117229,37.4993777454413,127.02670460634431,2850.0,483.0,taxi_22,picked
dyn_pax_1134,2368.0,2026-07-03 09:39:28,218864491#0,restaurant|bus_stop,,769.9803916976219,760.1217113917903,37.49842094941813,127.02951181742357,2830.0,462.0,taxi_respawn_77,picked
dyn_pax_1135,2370.0,2026-07-03 09:39:30,521770119#1,restaurant|bus_stop,,527.3115514435282,995.8620162900467,37.50049875494786,127.02671217090477,2844.0,474.0,taxi_respawn_71,picked
dyn_pax_1136,2371.0,2026-07-03 09:39:31,218877837#2,company|restaurant|bus_stop,,479.4555212141038,978.0213907550284,37.500328997763305,127.02617530290202,2835.0,464.0,taxi_17,picked
dyn_pax_1137,2373.0,2026-07-03 09:39:33,521766175#3,company|restaurant|subway_entrance|bus_stop,,373.6701172395771,1298.610217621072,37.50319695740621,127.02490310718325,,,,timeout
dyn_pax_1138,2374.0,2026-07-03 09:39:34,1229817205#0,company|subway_entrance|bus_stop,,599.2457558679199,652.2907550986157,37.497417346160496,127.02760695963683,,,,timeout
dyn_pax_1139,2376.0,2026-07-03 09:39:36,218873820#0,restaurant|subway_entrance|bus_stop,,628.9829311132032,562.4061665928522,37.49661325243901,127.02796447999128,,,,timeout
dyn_pax_1140,2377.0,2026-07-03 09:39:37,521766175#1,company|restaurant|subway_entrance,,332.9365590021661,1411.5585828157227,37.504206724109,127.02441570308932,,,,timeout
dyn_pax_1141,2379.0,2026-07-03 09:39:39,1117538958#3,bus_stop,,160.18899290588462,540.6019911995099,37.49632820280781,127.02266936696756,,,,timeout
dyn_pax_1142,2381.0,2026-07-03 09:39:41,975332778#1,bus_stop,,681.6099970732737,721.9380561808346,37.49806030190971,127.02852170075586,2827.0,446.0,taxi_38,picked
dyn_pax_1143,2382.0,2026-07-03 09:39:42,375049565#6,restaurant|subway_entrance|bus_stop,,789.5153251748014,798.8522330112556,37.49877353199428,127.02972351946808,2837.0,455.0,taxi_respawn_46,picked
dyn_pax_1144,2385.0,2026-07-03 09:39:45,1229817205#1,residential|bus_stop,,631.6400080768872,572.7061575261558,37.49670653972221,127.02799208080955,,,,timeout
dyn_pax_1145,2387.0,2026-07-03 09:39:47,1117538957#3,restaurant|subway_entrance|bus_stop,,465.5082521847807,644.8780924026132,37.49732530507706,127.02609663221197,,,,timeout
dyn_pax_1146,2388.0,2026-07-03 09:39:48,1376141182#0,bus_stop,,385.7154046370183,1301.0311255965628,37.50322104370192,127.02503873135461,,,,timeout
dyn_pax_1147,2390.0,2026-07-03 09:39:50,375049565#6,restaurant|subway_entrance|bus_stop,,789.5153251748014,798.8522330112556,37.49877353199428,127.02972351946808,2852.0,462.0,taxi_respawn_76,picked
dyn_pax_1148,2391.0,2026-07-03 09:39:51,1117538958#3,bus_stop,,160.18899290588462,540.6019911995099,37.49632820280781,127.02266936696756,,,,timeout
dyn_pax_1149,2393.0,2026-07-03 09:39:53,218873820#0,restaurant|subway_entrance|bus_stop,,628.9829311132032,562.4061665928522,37.49661325243901,127.02796447999128,,,,timeout
dyn_pax_1150,2396.0,2026-07-03 09:39:56,-506191135#22,residential|company|restaurant|bus_stop,,38.693950105848444,1321.9513167019495,37.50334380565249,127.02110990869835,,,,timeout
dyn_pax_1151,2397.0,2026-07-03 09:39:57,520307304#0,school|subway_entrance|bus_stop,,602.6035134310263,763.145495629718,37.498416594724866,127.02761864854104,,,,timeout
dyn_pax_1152,2399.0,2026-07-03 09:39:59,1229817205#0,company|subway_entrance|bus_stop,,599.2457558679199,652.2907550986157,37.497417346160496,127.02760695963683,,,,timeout
dyn_pax_1153,2400.0,2026-07-03 09:40:00,521770119#1,restaurant|bus_stop,,527.3115514435282,995.8620162900467,37.50049875494786,127.02671217090477,2830.0,430.0,taxi_respawn_53,picked
dyn_pax_1154,2407.0,2026-07-03 09:40:07,-417933645#2,company|restaurant|subway_entrance,,701.1658676593129,719.5455833044954,37.49804244093877,127.02874337560036,,,,timeout
dyn_pax_1155,2408.0,2026-07-03 09:40:08,1117538958#3,bus_stop,,160.18899290588462,540.6019911995099,37.49632820280781,127.02266936696756,,,,timeout
dyn_pax_1156,2410.0,2026-07-03 09:40:10,375049565#6,restaurant|subway_entrance|bus_stop,,789.5153251748014,798.8522330112556,37.49877353199428,127.02972351946808,,,,timeout
dyn_pax_1157,2411.0,2026-07-03 09:40:11,218857636#1,residential|company|restaurant|bus_stop,,297.92905089287035,623.2061345250047,37.49709839153085,127.02420706961871,2903.0,492.0,taxi_respawn_65,picked
dyn_pax_1158,2413.0,2026-07-03 09:40:13,1117538958#3,bus_stop,,160.18899290588462,540.6019911995099,37.49632820280781,127.02266936696756,,,,timeout
dyn_pax_1159,2414.0,2026-07-03 09:40:14,521770116#2,company|restaurant|bus_stop,,432.3182248087171,1108.514093563608,37.50149560521279,127.02561136613096,2911.0,497.0,taxi_respawn_69,picked
dyn_pax_1160,2416.0,2026-07-03 09:40:16,218873820#0,restaurant|subway_entrance|bus_stop,,628.9829311132032,562.4061665928522,37.49661325243901,127.02796447999128,2900.0,484.0,taxi_1,picked
dyn_pax_1161,2417.0,2026-07-03 09:40:17,521770119#0,restaurant|bus_stop,,548.9831206778387,935.1148840516827,37.499955620541705,127.02697161236954,2910.0,493.0,taxi_respawn_56,picked
dyn_pax_1162,2419.0,2026-07-03 09:40:19,521766180#1,company|restaurant|bus_stop,,466.73410130235357,1169.2838037446552,37.502049542882666,127.02598608796039,,,,timeout
dyn_pax_1163,2420.0,2026-07-03 09:40:20,-417933645#2,company|restaurant|subway_entrance,,701.1658676593129,719.5455833044954,37.49804244093877,127.02874337560036,2907.0,487.0,taxi_respawn_88,picked
dyn_pax_1164,2422.0,2026-07-03 09:40:22,521770119#1,restaurant|bus_stop,,527.3115514435282,995.8620162900467,37.50049875494786,127.02671217090477,,,,timeout
dyn_pax_1165,2423.0,2026-07-03 09:40:23,1229817205#0,company|subway_entrance|bus_stop,,599.2457558679199,652.2907550986157,37.497417346160496,127.02760695963683,,,,timeout
dyn_pax_1166,2423.0,2026-07-03 09:40:23,-1011529829#3,residential|restaurant,,246.84006179949273,776.1178104815556,37.49846619888778,127.02359312469504,2901.0,478.0,taxi_respawn_95,picked
dyn_pax_1167,2427.0,2026-07-03 09:40:27,521770119#1,restaurant|bus_stop,,527.3115514435282,995.8620162900467,37.50049875494786,127.02671217090477,,,,timeout
dyn_pax_1168,2428.0,2026-07-03 09:40:28,1229817205#1,residential|bus_stop,,631.6400080768872,572.7061575261558,37.49670653972221,127.02799208080955,,,,timeout
dyn_pax_1169,2430.0,2026-07-03 09:40:30,1229817205#0,company|subway_entrance|bus_stop,,599.2457558679199,652.2907550986157,37.497417346160496,127.02760695963683,,,,timeout
dyn_pax_1170,2431.0,2026-07-03 09:40:31,218864491#0,restaurant|bus_stop,,769.9803916976219,760.1217113917903,37.49842094941813,127.02951181742357,,,,timeout
dyn_pax_1171,2433.0,2026-07-03 09:40:33,521766175#3,company|restaurant|subway_entrance|bus_stop,,373.6701172395771,1298.610217621072,37.50319695740621,127.02490310718325,2909.0,476.0,taxi_respawn_19,picked
dyn_pax_1172,2436.0,2026-07-03 09:40:36,521766182#1,company|restaurant|subway_entrance,,681.695169875507,539.6867345716422,37.496418539503196,127.02856584056028,,,,timeout
dyn_pax_1173,2437.0,2026-07-03 09:40:37,1376141183#0,bus_stop,,548.2528111146681,901.2117688498424,37.49965007283687,127.02697139402301,,,,timeout
dyn_pax_1174,2439.0,2026-07-03 09:40:39,218873820#0,restaurant|subway_entrance|bus_stop,,628.9829311132032,562.4061665928522,37.49661325243901,127.02796447999128,,,,timeout
dyn_pax_1175,2440.0,2026-07-03 09:40:40,218873820#0,restaurant|subway_entrance|bus_stop,,628.9829311132032,562.4061665928522,37.49661325243901,127.02796447999128,,,,timeout
dyn_pax_1176,2442.0,2026-07-03 09:40:42,521766175#3,company|restaurant|subway_entrance|bus_stop,,373.6701172395771,1298.610217621072,37.50319695740621,127.02490310718325,2914.0,472.0,taxi_respawn_97,picked
dyn_pax_1177,2443.0,2026-07-03 09:40:43,-504509918#2,company|restaurant|bus_stop,,398.9694242295193,827.4758220967593,37.49895762305832,127.02530099003066,,,,timeout
dyn_pax_1178,2445.0,2026-07-03 09:40:45,521766175#1,company|restaurant|subway_entrance,,332.9365590021661,1411.5585828157227,37.504206724109,127.02441570308932,2915.0,470.0,taxi_respawn_55,picked
dyn_pax_1179,2446.0,2026-07-03 09:40:46,-504509918#2,company|restaurant|bus_stop,,398.9694242295193,827.4758220967593,37.49895762305832,127.02530099003066,,,,timeout
dyn_pax_1180,2448.0,2026-07-03 09:40:48,-506191135#2,residential|bus_stop,,236.19733776439384,769.6838415951818,37.49840622577806,127.02347432089968,,,,timeout
dyn_pax_1181,2449.0,2026-07-03 09:40:49,-417933645#2,company|restaurant|subway_entrance,,701.1658676593129,719.5455833044954,37.49804244093877,127.02874337560036,,,,timeout
dyn_pax_1182,2451.0,2026-07-03 09:40:51,-542367267#1,bus_stop,,247.51018316686128,1414.7184918773391,37.504219024473855,127.02344900430944,,,,timeout
dyn_pax_1183,2453.0,2026-07-03 09:40:53,178441450#1,residential|company|restaurant|bus_stop,,282.90243066757296,609.4157395563556,37.496971320837204,127.02404044855805,,,,timeout
dyn_pax_1184,2454.0,2026-07-03 09:40:54,1117538957#3,restaurant|subway_entrance|bus_stop,,465.5082521847807,644.8780924026132,37.49732530507706,127.02609663221197,2948.0,494.0,taxi_respawn_44,picked
dyn_pax_1185,2456.0,2026-07-03 09:40:56,506191135#3,residential|company|restaurant|bus_stop,,238.79972345576414,789.4714057742513,37.49858497042428,127.023499044737,,,,timeout
dyn_pax_1186,2460.0,2026-07-03 09:41:00,-504509918#2,company|restaurant|bus_stop,,398.9694242295193,827.4758220967593,37.49895762305832,127.02530099003066,,,,timeout
dyn_pax_1187,2462.0,2026-07-03 09:41:02,1229817205#0,company|subway_entrance|bus_stop,,599.2457558679199,652.2907550986157,37.497417346160496,127.02760695963683,2956.0,494.0,taxi_37,picked
dyn_pax_1188,2465.0,2026-07-03 09:41:05,218873820#0,restaurant|subway_entrance|bus_stop,,628.9829311132032,562.4061665928522,37.49661325243901,127.02796447999128,,,,timeout
dyn_pax_1189,2466.0,2026-07-03 09:41:06,375049565#6,restaurant|subway_entrance|bus_stop,,789.5153251748014,798.8522330112556,37.49877353199428,127.02972351946808,,,,timeout
dyn_pax_1190,2468.0,2026-07-03 09:41:08,305539406,company|restaurant|subway_entrance,,566.389495917364,736.5285064605782,37.49816998085155,127.02721550408178,2949.0,481.0,taxi_18,picked
dyn_pax_1191,2469.0,2026-07-03 09:41:09,1229817205#1,residential|bus_stop,,631.6400080768872,572.7061575261558,37.49670653972221,127.02799208080955,,,,timeout
dyn_pax_1192,2469.0,2026-07-03 09:41:09,-379463124,restaurant,,592.9390816363945,1268.4136255899298,37.5029663815994,127.02738959394404,2958.0,489.0,taxi_respawn_73,picked
dyn_pax_1193,2471.0,2026-07-03 09:41:11,218864491#0,restaurant|bus_stop,,769.9803916976219,760.1217113917903,37.49842094941813,127.02951181742357,2965.0,494.0,taxi_respawn_83,picked
dyn_pax_1194,2472.0,2026-07-03 09:41:12,305539406,company|restaurant|subway_entrance,,566.389495917364,736.5285064605782,37.49816998085155,127.02721550408178,2957.0,485.0,taxi_0,picked
dyn_pax_1195,2474.0,2026-07-03 09:41:14,417933642#0,restaurant|bus_stop,,1041.0954363710525,463.30841921497654,37.49579826441859,127.03264736696761,,,,timeout
dyn_pax_1196,2476.0,2026-07-03 09:41:16,375049565#6,restaurant|subway_entrance|bus_stop,,789.5153251748014,798.8522330112556,37.49877353199428,127.02972351946808,,,,timeout
dyn_pax_1197,2477.0,2026-07-03 09:41:17,1229817205#0,company|subway_entrance|bus_stop,,599.2457558679199,652.2907550986157,37.497417346160496,127.02760695963683,,,,timeout
dyn_pax_1198,2479.0,2026-07-03 09:41:19,1117538957#3,restaurant|subway_entrance|bus_stop,,465.5082521847807,644.8780924026132,37.49732530507706,127.02609663221197,2947.0,468.0,taxi_respawn_9,picked
dyn_pax_1199,2480.0,2026-07-03 09:41:20,1117538957#3,restaurant|subway_entrance|bus_stop,,465.5082521847807,644.8780924026132,37.49732530507706,127.02609663221197,,,,timeout
dyn_pax_1200,2482.0,2026-07-03 09:41:22,1117538957#3,restaurant|subway_entrance|bus_stop,,465.5082521847807,644.8780924026132,37.49732530507706,127.02609663221197,,,,timeout
dyn_pax_1201,2483.0,2026-07-03 09:41:23,218873820#0,restaurant|subway_entrance|bus_stop,,628.9829311132032,562.4061665928522,37.49661325243901,127.02796447999128,,,,timeout
dyn_pax_1202,2485.0,2026-07-03 09:41:25,1229817205#1,residential|bus_stop,,631.6400080768872,572.7061575261558,37.49670653972221,127.02799208080955,,,,timeout
dyn_pax_1203,2486.0,2026-07-03 09:41:26,1117538958#3,bus_stop,,160.18899290588462,540.6019911995099,37.49632820280781,127.02266936696756,2964.0,478.0,taxi_respawn_101,picked
dyn_pax_1204,2488.0,2026-07-03 09:41:28,1117538957#3,restaurant|subway_entrance|bus_stop,,465.5082521847807,644.8780924026132,37.49732530507706,127.02609663221197,,,,timeout
dyn_pax_1205,2489.0,2026-07-03 09:41:29,305539406,company|restaurant|subway_entrance,,566.389495917364,736.5285064605782,37.49816998085155,127.02721550408178,,,,timeout
dyn_pax_1206,2491.0,2026-07-03 09:41:31,523141074#0,company|restaurant|subway_entrance,,524.0338794858329,871.4890157117229,37.4993777454413,127.02670460634431,2958.0,467.0,taxi_13,picked
dyn_pax_1207,2492.0,2026-07-03 09:41:32,-417933645#2,company|restaurant|subway_entrance,,701.1658676593129,719.5455833044954,37.49804244093877,127.02874337560036,,,,timeout
dyn_pax_1208,2494.0,2026-07-03 09:41:34,1117538958#3,bus_stop,,160.18899290588462,540.6019911995099,37.49632820280781,127.02266936696756,2978.0,484.0,taxi_respawn_57,picked
dyn_pax_1209,2499.0,2026-07-03 09:41:39,521766175#1,company|restaurant|subway_entrance,,332.9365590021661,1411.5585828157227,37.504206724109,127.02441570308932,2988.0,489.0,taxi_respawn_80,picked
dyn_pax_1210,2500.0,2026-07-03 09:41:40,375049565#6,restaurant|subway_entrance|bus_stop,,789.5153251748014,798.8522330112556,37.49877353199428,127.02972351946808,2956.0,456.0,taxi_respawn_6,picked
dyn_pax_1211,2501.0,2026-07-03 09:41:41,-506191135#22,residential|company|restaurant|bus_stop,,38.693950105848444,1321.9513167019495,37.50334380565249,127.02110990869835,,,,timeout
dyn_pax_1212,2502.0,2026-07-03 09:41:42,-506191135#2,residential|bus_stop,,236.19733776439384,769.6838415951818,37.49840622577806,127.02347432089968,,,,timeout
dyn_pax_1213,2503.0,2026-07-03 09:41:43,521766182#1,company|restaurant|subway_entrance,,681.695169875507,539.6867345716422,37.496418539503196,127.02856584056028,,,,timeout
dyn_pax_1214,2505.0,2026-07-03 09:41:45,218873820#0,restaurant|subway_entrance|bus_stop,,628.9829311132032,562.4061665928522,37.49661325243901,127.02796447999128,,,,timeout
dyn_pax_1215,2506.0,2026-07-03 09:41:46,506191135#3,residential|company|restaurant|bus_stop,,238.79972345576414,789.4714057742513,37.49858497042428,127.023499044737,,,,timeout
dyn_pax_1216,2508.0,2026-07-03 09:41:48,1376141183#0,bus_stop,,548.2528111146681,901.2117688498424,37.49965007283687,127.02697139402301,,,,timeout
dyn_pax_1217,2511.0,2026-07-03 09:41:51,178441450#1,residential|company|restaurant|bus_stop,,282.90243066757296,609.4157395563556,37.496971320837204,127.02404044855805,,,,timeout
dyn_pax_1218,2512.0,2026-07-03 09:41:52,-506191135#22,residential|company|restaurant|bus_stop,,38.693950105848444,1321.9513167019495,37.50334380565249,127.02110990869835,,,,timeout
dyn_pax_1219,2514.0,2026-07-03 09:41:54,178441450#1,residential|company|restaurant|bus_stop,,282.90243066757296,609.4157395563556,37.496971320837204,127.02404044855805,,,,timeout
dyn_pax_1220,2515.0,2026-07-03 09:41:55,-417933645#2,company|restaurant|subway_entrance,,701.1658676593129,719.5455833044954,37.49804244093877,127.02874337560036,3010.0,495.0,taxi_respawn_87,picked
dyn_pax_1221,2518.0,2026-07-03 09:41:58,1117538957#3,restaurant|subway_entrance|bus_stop,,465.5082521847807,644.8780924026132,37.49732530507706,127.02609663221197,,,,timeout
dyn_pax_1222,2520.0,2026-07-03 09:42:00,218873820#0,restaurant|subway_entrance|bus_stop,,628.9829311132032,562.4061665928522,37.49661325243901,127.02796447999128,3014.0,494.0,taxi_19,picked
dyn_pax_1223,2521.0,2026-07-03 09:42:01,541692164#1,subway_entrance,,271.6277521231475,1406.6420105391767,37.5041508337347,127.02372362926798,3009.0,488.0,taxi_36,picked
dyn_pax_1224,2523.0,2026-07-03 09:42:03,494824662#3,company|restaurant|subway_entrance,,729.424850252167,406.6843378518681,37.49522941823122,127.02913698209235,,,,timeout
dyn_pax_1225,2525.0,2026-07-03 09:42:05,975332778#1,bus_stop,,681.6099970732737,721.9380561808346,37.49806030190971,127.02852170075586,,,,timeout
dyn_pax_1226,2526.0,2026-07-03 09:42:06,1229817205#1,residential|bus_stop,,631.6400080768872,572.7061575261558,37.49670653972221,127.02799208080955,,,,timeout
dyn_pax_1227,2528.0,2026-07-03 09:42:08,218873820#0,restaurant|subway_entrance|bus_stop,,628.9829311132032,562.4061665928522,37.49661325243901,127.02796447999128,,,,timeout
dyn_pax_1228,2531.0,2026-07-03 09:42:11,305539406,company|restaurant|subway_entrance,,566.389495917364,736.5285064605782,37.49816998085155,127.02721550408178,,,,timeout
dyn_pax_1229,2532.0,2026-07-03 09:42:12,521766175#3,company|restaurant|subway_entrance|bus_stop,,373.6701172395771,1298.610217621072,37.50319695740621,127.02490310718325,3031.0,499.0,taxi_respawn_94,picked
dyn_pax_1230,2537.0,2026-07-03 09:42:17,520307304#0,school|subway_entrance|bus_stop,,602.6035134310263,763.145495629718,37.498416594724866,127.02761864854104,,,,timeout
dyn_pax_1231,2538.0,2026-07-03 09:42:18,521766175#1,company|restaurant|subway_entrance,,332.9365590021661,1411.5585828157227,37.504206724109,127.02441570308932,,,,timeout
dyn_pax_1232,2540.0,2026-07-03 09:42:20,1117538957#3,restaurant|subway_entrance|bus_stop,,465.5082521847807,644.8780924026132,37.49732530507706,127.02609663221197,3034.0,494.0,taxi_respawn_4,picked
dyn_pax_1233,2541.0,2026-07-03 09:42:21,494824662#3,company|restaurant|subway_entrance,,729.424850252167,406.6843378518681,37.49522941823122,127.02913698209235,,,,timeout
dyn_pax_1234,2543.0,2026-07-03 09:42:23,1376141182#0,bus_stop,,385.7154046370183,1301.0311255965628,37.50322104370192,127.02503873135461,,,,timeout
dyn_pax_1235,2544.0,2026-07-03 09:42:24,-541692164#2,subway_entrance,,317.7122087179151,1441.0296574375257,37.504469327730426,127.0242365566347,,,,timeout
dyn_pax_1236,2546.0,2026-07-03 09:42:26,-541692164#2,subway_entrance,,317.7122087179151,1441.0296574375257,37.504469327730426,127.0242365566347,,,,timeout
dyn_pax_1237,2548.0,2026-07-03 09:42:28,521770119#0,restaurant|bus_stop,,548.9831206778387,935.1148840516827,37.499955620541705,127.02697161236954,,,,timeout
dyn_pax_1238,2549.0,2026-07-03 09:42:29,218877837#2,company|restaurant|bus_stop,,479.4555212141038,978.0213907550284,37.500328997763305,127.02617530290202,,,,timeout
dyn_pax_1239,2552.0,2026-07-03 09:42:32,523141074#0,company|restaurant|subway_entrance,,524.0338794858329,871.4890157117229,37.4993777454413,127.02670460634431,3023.0,471.0,taxi_35,picked
dyn_pax_1240,2554.0,2026-07-03 09:42:34,-541692164#2,subway_entrance,,317.7122087179151,1441.0296574375257,37.504469327730426,127.0242365566347,,,,timeout
dyn_pax_1241,2554.0,2026-07-03 09:42:34,-1011529829#3,residential|restaurant,,246.84006179949273,776.1178104815556,37.49846619888778,127.02359312469504,,,,timeout
dyn_pax_1242,2555.0,2026-07-03 09:42:35,523141074#0,company|restaurant|subway_entrance,,524.0338794858329,871.4890157117229,37.4993777454413,127.02670460634431,,,,timeout
dyn_pax_1243,2557.0,2026-07-03 09:42:37,541692164#1,subway_entrance,,271.6277521231475,1406.6420105391767,37.5041508337347,127.02372362926798,,,,timeout
dyn_pax_1244,2558.0,2026-07-03 09:42:38,375049565#6,restaurant|subway_entrance|bus_stop,,789.5153251748014,798.8522330112556,37.49877353199428,127.02972351946808,3009.0,451.0,taxi_respawn_15,picked
dyn_pax_1245,2560.0,2026-07-03 09:42:40,521770116#2,company|restaurant|bus_stop,,432.3182248087171,1108.514093563608,37.50149560521279,127.02561136613096,,,,timeout
dyn_pax_1246,2561.0,2026-07-03 09:42:41,521766175#3,company|restaurant|subway_entrance|bus_stop,,373.6701172395771,1298.610217621072,37.50319695740621,127.02490310718325,,,,timeout
dyn_pax_1247,2564.0,2026-07-03 09:42:44,521766175#3,company|restaurant|subway_entrance|bus_stop,,373.6701172395771,1298.610217621072,37.50319695740621,127.02490310718325,,,,timeout
dyn_pax_1248,2569.0,2026-07-03 09:42:49,375049565#6,restaurant|subway_entrance|bus_stop,,789.5153251748014,798.8522330112556,37.49877353199428,127.02972351946808,,,,timeout
dyn_pax_1249,2571.0,2026-07-03 09:42:51,1229817205#1,residential|bus_stop,,631.6400080768872,572.7061575261558,37.49670653972221,127.02799208080955,,,,timeout
dyn_pax_1250,2572.0,2026-07-03 09:42:52,218877837#2,company|restaurant|bus_stop,,479.4555212141038,978.0213907550284,37.500328997763305,127.02617530290202,,,,timeout
dyn_pax_1251,2575.0,2026-07-03 09:42:55,521766175#3,company|restaurant|subway_entrance|bus_stop,,373.6701172395771,1298.610217621072,37.50319695740621,127.02490310718325,,,,timeout
dyn_pax_1252,2577.0,2026-07-03 09:42:57,218877837#2,company|restaurant|bus_stop,,479.4555212141038,978.0213907550284,37.500328997763305,127.02617530290202,,,,timeout
dyn_pax_1253,2578.0,2026-07-03 09:42:58,494824662#3,company|restaurant|subway_entrance,,729.424850252167,406.6843378518681,37.49522941823122,127.02913698209235,,,,timeout
dyn_pax_1254,2579.0,2026-07-03 09:42:59,506191135#3,residential|company|restaurant|bus_stop,,238.79972345576414,789.4714057742513,37.49858497042428,127.023499044737,,,,timeout
dyn_pax_1255,2580.0,2026-07-03 09:43:00,541692164#1,subway_entrance,,271.6277521231475,1406.6420105391767,37.5041508337347,127.02372362926798,,,,timeout
dyn_pax_1256,2581.0,2026-07-03 09:43:01,521770119#1,restaurant|bus_stop,,527.3115514435282,995.8620162900467,37.50049875494786,127.02671217090477,3026.0,445.0,taxi_8,picked
dyn_pax_1257,2583.0,2026-07-03 09:43:03,305539406,company|restaurant|subway_entrance,,566.389495917364,736.5285064605782,37.49816998085155,127.02721550408178,3070.0,487.0,taxi_respawn_35,picked
dyn_pax_1258,2584.0,2026-07-03 09:43:04,521770119#0,restaurant|bus_stop,,548.9831206778387,935.1148840516827,37.499955620541705,127.02697161236954,,,,timeout
dyn_pax_1259,2586.0,2026-07-03 09:43:06,521766175#1,company|restaurant|subway_entrance,,332.9365590021661,1411.5585828157227,37.504206724109,127.02441570308932,3080.0,494.0,taxi_respawn_59,picked
dyn_pax_1260,2589.0,2026-07-03 09:43:09,521766175#3,company|restaurant|subway_entrance|bus_stop,,373.6701172395771,1298.610217621072,37.50319695740621,127.02490310718325,,,,timeout
dyn_pax_1261,2590.0,2026-07-03 09:43:10,521770119#1,restaurant|bus_stop,,527.3115514435282,995.8620162900467,37.50049875494786,127.02671217090477,,,,timeout
dyn_pax_1262,2592.0,2026-07-03 09:43:12,-504509918#2,company|restaurant|bus_stop,,398.9694242295193,827.4758220967593,37.49895762305832,127.02530099003066,,,,timeout
dyn_pax_1263,2593.0,2026-07-03 09:43:13,-542367267#1,bus_stop,,247.51018316686128,1414.7184918773391,37.504219024473855,127.02344900430944,3077.0,484.0,taxi_respawn_5,picked
dyn_pax_1264,2595.0,2026-07-03 09:43:15,-506191135#22,residential|company|restaurant|bus_stop,,38.693950105848444,1321.9513167019495,37.50334380565249,127.02110990869835,3067.0,472.0,taxi_respawn_76,picked
dyn_pax_1265,2595.0,2026-07-03 09:43:15,1117538957#0,company|restaurant,,312.91680439510856,589.5311930299885,37.49679787270139,127.0243845203811,,,,timeout
dyn_pax_1266,2597.0,2026-07-03 09:43:17,218877837#2,company|restaurant|bus_stop,,479.4555212141038,978.0213907550284,37.500328997763305,127.02617530290202,,,,timeout
dyn_pax_1267,2598.0,2026-07-03 09:43:18,-506191135#22,residential|company|restaurant|bus_stop,,38.693950105848444,1321.9513167019495,37.50334380565249,127.02110990869835,,,,timeout
dyn_pax_1268,2600.0,2026-07-03 09:43:20,417933642#0,restaurant|bus_stop,,1041.0954363710525,463.30841921497654,37.49579826441859,127.03264736696761,,,,timeout
dyn_pax_1269,2601.0,2026-07-03 09:43:21,521770116#2,company|restaurant|bus_stop,,432.3182248087171,1108.514093563608,37.50149560521279,127.02561136613096,,,,timeout
dyn_pax_1270,2603.0,2026-07-03 09:43:23,494824662#3,company|restaurant|subway_entrance,,729.424850252167,406.6843378518681,37.49522941823122,127.02913698209235,,,,timeout
dyn_pax_1271,2606.0,2026-07-03 09:43:26,521766182#1,company|restaurant|subway_entrance,,681.695169875507,539.6867345716422,37.496418539503196,127.02856584056028,,,,timeout
dyn_pax_1272,2607.0,2026-07-03 09:43:27,541692164#1,subway_entrance,,271.6277521231475,1406.6420105391767,37.5041508337347,127.02372362926798,3099.0,492.0,taxi_respawn_75,picked
dyn_pax_1273,2610.0,2026-07-03 09:43:30,-504509918#2,company|restaurant|bus_stop,,398.9694242295193,827.4758220967593,37.49895762305832,127.02530099003066,3071.0,461.0,taxi_respawn_86,picked
dyn_pax_1274,2612.0,2026-07-03 09:43:32,-541692164#2,subway_entrance,,317.7122087179151,1441.0296574375257,37.504469327730426,127.0242365566347,3110.0,498.0,taxi_respawn_63,picked
dyn_pax_1275,2613.0,2026-07-03 09:43:33,-542367267#1,bus_stop,,247.51018316686128,1414.7184918773391,37.504219024473855,127.02344900430944,3107.0,494.0,taxi_5,picked
dyn_pax_1276,2615.0,2026-07-03 09:43:35,521770119#0,restaurant|bus_stop,,548.9831206778387,935.1148840516827,37.499955620541705,127.02697161236954,,,,timeout
dyn_pax_1277,2616.0,2026-07-03 09:43:36,-504509918#2,company|restaurant|bus_stop,,398.9694242295193,827.4758220967593,37.49895762305832,127.02530099003066,3077.0,461.0,taxi_respawn_72,picked
dyn_pax_1278,2617.0,2026-07-03 09:43:37,417933642#2,residential|restaurant,,976.5976168723116,645.9370182109647,37.49743129415275,127.0318749523804,3088.0,471.0,taxi_respawn_45,picked
dyn_pax_1279,2618.0,2026-07-03 09:43:38,1376141183#0,bus_stop,,548.2528111146681,901.2117688498424,37.49965007283687,127.02697139402301,3086.0,468.0,taxi_17,picked
dyn_pax_1280,2620.0,2026-07-03 09:43:40,506191135#3,residential|company|restaurant|bus_stop,,238.79972345576414,789.4714057742513,37.49858497042428,127.023499044737,3084.0,464.0,taxi_respawn_52,picked
dyn_pax_1281,2621.0,2026-07-03 09:43:41,-417933645#2,company|restaurant|subway_entrance,,701.1658676593129,719.5455833044954,37.49804244093877,127.02874337560036,,,,timeout
dyn_pax_1282,2623.0,2026-07-03 09:43:43,305539406,company|restaurant|subway_entrance,,566.389495917364,736.5285064605782,37.49816998085155,127.02721550408178,3091.0,468.0,taxi_respawn_99,picked
dyn_pax_1283,2624.0,2026-07-03 09:43:44,520307304#0,school|subway_entrance|bus_stop,,602.6035134310263,763.145495629718,37.498416594724866,127.02761864854104,3090.0,466.0,taxi_respawn_16,picked
dyn_pax_1284,2627.0,2026-07-03 09:43:47,1376141182#0,bus_stop,,385.7154046370183,1301.0311255965628,37.50322104370192,127.02503873135461,,,,timeout
dyn_pax_1285,2629.0,2026-07-03 09:43:49,521766175#1,company|restaurant|subway_entrance,,332.9365590021661,1411.5585828157227,37.504206724109,127.02441570308932,,,,timeout
dyn_pax_1286,2630.0,2026-07-03 09:43:50,178441450#1,residential|company|restaurant|bus_stop,,282.90243066757296,609.4157395563556,37.496971320837204,127.02404044855805,3085.0,455.0,taxi_41,picked
dyn_pax_1287,2632.0,2026-07-03 09:43:52,521766182#1,company|restaurant|subway_entrance,,681.695169875507,539.6867345716422,37.496418539503196,127.02856584056028,3118.0,486.0,taxi_respawn_11,picked
dyn_pax_1288,2633.0,2026-07-03 09:43:53,521770116#2,company|restaurant|bus_stop,,432.3182248087171,1108.514093563608,37.50149560521279,127.02561136613096,,,,timeout
dyn_pax_1289,2635.0,2026-07-03 09:43:55,521766175#3,company|restaurant|subway_entrance|bus_stop,,373.6701172395771,1298.610217621072,37.50319695740621,127.02490310718325,,,,timeout
dyn_pax_1290,2635.0,2026-07-03 09:43:55,417750337#3,restaurant,,561.9223834850405,1183.7905002369655,37.50219821136863,127.02705894855978,,,,timeout
dyn_pax_1291,2636.0,2026-07-03 09:43:56,523141074#0,company|restaurant|subway_entrance,,524.0338794858329,871.4890157117229,37.4993777454413,127.02670460634431,,,,timeout
dyn_pax_1292,2638.0,2026-07-03 09:43:58,523141074#0,company|restaurant|subway_entrance,,524.0338794858329,871.4890157117229,37.4993777454413,127.02670460634431,,,,timeout
dyn_pax_1293,2639.0,2026-07-03 09:43:59,-506191135#2,residential|bus_stop,,236.19733776439384,769.6838415951818,37.49840622577806,127.02347432089968,,,,timeout
dyn_pax_1294,2641.0,2026-07-03 09:44:01,178441450#1,residential|company|restaurant|bus_stop,,282.90243066757296,609.4157395563556,37.496971320837204,127.02404044855805,,,,timeout
dyn_pax_1295,2643.0,2026-07-03 09:44:03,975332778#1,bus_stop,,681.6099970732737,721.9380561808346,37.49806030190971,127.02852170075586,,,,timeout
dyn_pax_1296,2644.0,2026-07-03 09:44:04,1376141182#0,bus_stop,,385.7154046370183,1301.0311255965628,37.50322104370192,127.02503873135461,3136.0,492.0,taxi_respawn_77,picked
dyn_pax_1297,2646.0,2026-07-03 09:44:06,218873820#0,restaurant|subway_entrance|bus_stop,,628.9829311132032,562.4061665928522,37.49661325243901,127.02796447999128,,,,timeout
dyn_pax_1298,2647.0,2026-07-03 09:44:07,1229817205#0,company|subway_entrance|bus_stop,,599.2457558679199,652.2907550986157,37.497417346160496,127.02760695963683,3133.0,486.0,taxi_47,picked
dyn_pax_1299,2649.0,2026-07-03 09:44:09,541692164#1,subway_entrance,,271.6277521231475,1406.6420105391767,37.5041508337347,127.02372362926798,,,,timeout
dyn_pax_1300,2650.0,2026-07-03 09:44:10,521766175#1,company|restaurant|subway_entrance,,332.9365590021661,1411.5585828157227,37.504206724109,127.02441570308932,,,,timeout
dyn_pax_1301,2652.0,2026-07-03 09:44:12,218877837#2,company|restaurant|bus_stop,,479.4555212141038,978.0213907550284,37.500328997763305,127.02617530290202,3128.0,476.0,taxi_respawn_98,picked
dyn_pax_1302,2653.0,2026-07-03 09:44:13,521766175#1,company|restaurant|subway_entrance,,332.9365590021661,1411.5585828157227,37.504206724109,127.02441570308932,,,,timeout
dyn_pax_1303,2655.0,2026-07-03 09:44:15,521766180#1,company|restaurant|bus_stop,,466.73410130235357,1169.2838037446552,37.502049542882666,127.02598608796039,,,,timeout
dyn_pax_1304,2656.0,2026-07-03 09:44:16,521770119#0,restaurant|bus_stop,,548.9831206778387,935.1148840516827,37.499955620541705,127.02697161236954,,,,timeout
dyn_pax_1305,2658.0,2026-07-03 09:44:18,494824662#3,company|restaurant|subway_entrance,,729.424850252167,406.6843378518681,37.49522941823122,127.02913698209235,3142.0,484.0,taxi_20,picked
dyn_pax_1306,2661.0,2026-07-03 09:44:21,1229817205#0,company|subway_entrance|bus_stop,,599.2457558679199,652.2907550986157,37.497417346160496,127.02760695963683,3161.0,500.0,taxi_respawn_57,picked
dyn_pax_1307,2662.0,2026-07-03 09:44:22,520307304#0,school|subway_entrance|bus_stop,,602.6035134310263,763.145495629718,37.498416594724866,127.02761864854104,3133.0,471.0,taxi_respawn_65,picked
dyn_pax_1308,2665.0,2026-07-03 09:44:25,375049565#6,restaurant|subway_entrance|bus_stop,,789.5153251748014,798.8522330112556,37.49877353199428,127.02972351946808,,,,timeout
dyn_pax_1309,2667.0,2026-07-03 09:44:27,-506191135#2,residential|bus_stop,,236.19733776439384,769.6838415951818,37.49840622577806,127.02347432089968,3133.0,466.0,taxi_respawn_38,picked
dyn_pax_1310,2669.0,2026-07-03 09:44:29,521766175#3,company|restaurant|subway_entrance|bus_stop,,373.6701172395771,1298.610217621072,37.50319695740621,127.02490310718325,,,,timeout
dyn_pax_1311,2670.0,2026-07-03 09:44:30,-506191135#2,residential|bus_stop,,236.19733776439384,769.6838415951818,37.49840622577806,127.02347432089968,3140.0,470.0,taxi_respawn_41,picked
dyn_pax_1312,2672.0,2026-07-03 09:44:32,521766175#3,company|restaurant|subway_entrance|bus_stop,,373.6701172395771,1298.610217621072,37.50319695740621,127.02490310718325,,,,timeout
dyn_pax_1313,2673.0,2026-07-03 09:44:33,417933642#0,restaurant|bus_stop,,1041.0954363710525,463.30841921497654,37.49579826441859,127.03264736696761,,,,timeout
dyn_pax_1314,2675.0,2026-07-03 09:44:35,-417933645#2,company|restaurant|subway_entrance,,701.1658676593129,719.5455833044954,37.49804244093877,127.02874337560036,,,,timeout
dyn_pax_1315,2676.0,2026-07-03 09:44:36,541692164#1,subway_entrance,,271.6277521231475,1406.6420105391767,37.5041508337347,127.02372362926798,,,,timeout
dyn_pax_1316,2678.0,2026-07-03 09:44:38,1117538957#3,restaurant|subway_entrance|bus_stop,,465.5082521847807,644.8780924026132,37.49732530507706,127.02609663221197,3129.0,451.0,taxi_28,picked
dyn_pax_1317,2679.0,2026-07-03 09:44:39,521766175#1,company|restaurant|subway_entrance,,332.9365590021661,1411.5585828157227,37.504206724109,127.02441570308932,,,,timeout
dyn_pax_1318,2681.0,2026-07-03 09:44:41,417933642#0,restaurant|bus_stop,,1041.0954363710525,463.30841921497654,37.49579826441859,127.03264736696761,3172.0,491.0,taxi_respawn_93,picked
dyn_pax_1319,2682.0,2026-07-03 09:44:42,218864491#0,restaurant|bus_stop,,769.9803916976219,760.1217113917903,37.49842094941813,127.02951181742357,3167.0,485.0,taxi_22,picked
dyn_pax_1320,2684.0,2026-07-03 09:44:44,1229817205#0,company|subway_entrance|bus_stop,,599.2457558679199,652.2907550986157,37.497417346160496,127.02760695963683,3140.0,456.0,taxi_29,picked
dyn_pax_1321,2687.0,2026-07-03 09:44:47,305539406,company|restaurant|subway_entrance,,566.389495917364,736.5285064605782,37.49816998085155,127.02721550408178,3185.0,498.0,taxi_respawn_80,picked
dyn_pax_1322,2688.0,2026-07-03 09:44:48,-542367267#1,bus_stop,,247.51018316686128,1414.7184918773391,37.504219024473855,127.02344900430944,,,,timeout
dyn_pax_1323,2690.0,2026-07-03 09:44:50,1229817205#1,residential|bus_stop,,631.6400080768872,572.7061575261558,37.49670653972221,127.02799208080955,,,,timeout
dyn_pax_1324,2692.0,2026-07-03 09:44:52,-506191135#2,residential|bus_stop,,236.19733776439384,769.6838415951818,37.49840622577806,127.02347432089968,3180.0,488.0,taxi_respawn_58,picked
dyn_pax_1325,2693.0,2026-07-03 09:44:53,541692164#1,subway_entrance,,271.6277521231475,1406.6420105391767,37.5041508337347,127.02372362926798,,,,timeout
dyn_pax_1326,2695.0,2026-07-03 09:44:55,-504509918#2,company|restaurant|bus_stop,,398.9694242295193,827.4758220967593,37.49895762305832,127.02530099003066,,,,timeout
dyn_pax_1327,2696.0,2026-07-03 09:44:56,521770116#2,company|restaurant|bus_stop,,432.3182248087171,1108.514093563608,37.50149560521279,127.02561136613096,,,,timeout
dyn_pax_1328,2698.0,2026-07-03 09:44:58,520307304#0,school|subway_entrance|bus_stop,,602.6035134310263,763.145495629718,37.498416594724866,127.02761864854104,3197.0,499.0,taxi_respawn_105,picked
dyn_pax_1329,2699.0,2026-07-03 09:44:59,541692164#1,subway_entrance,,271.6277521231475,1406.6420105391767,37.5041508337347,127.02372362926798,,,,timeout
dyn_pax_1330,2700.0,2026-07-03 09:45:00,218857636#1,residential|company|restaurant|bus_stop,,297.92905089287035,623.2061345250047,37.49709839153085,127.02420706961871,,,,timeout
dyn_pax_1331,2701.0,2026-07-03 09:45:01,975332778#1,bus_stop,,681.6099970732737,721.9380561808346,37.49806030190971,127.02852170075586,3198.0,497.0,taxi_respawn_31,picked
dyn_pax_1332,2702.0,2026-07-03 09:45:02,521770116#2,company|restaurant|bus_stop,,432.3182248087171,1108.514093563608,37.50149560521279,127.02561136613096,3188.0,486.0,taxi_respawn_88,picked
dyn_pax_1333,2705.0,2026-07-03 09:45:05,521770119#1,restaurant|bus_stop,,527.3115514435282,995.8620162900467,37.50049875494786,127.02671217090477,3205.0,500.0,taxi_respawn_10,picked
dyn_pax_1334,2707.0,2026-07-03 09:45:07,975332778#1,bus_stop,,681.6099970732737,721.9380561808346,37.49806030190971,127.02852170075586,,,,timeout
dyn_pax_1335,2708.0,2026-07-03 09:45:08,521766175#3,company|restaurant|subway_entrance|bus_stop,,373.6701172395771,1298.610217621072,37.50319695740621,127.02490310718325,3189.0,481.0,taxi_respawn_64,picked
dyn_pax_1336,2715.0,2026-07-03 09:45:15,-504509918#2,company|restaurant|bus_stop,,398.9694242295193,827.4758220967593,37.49895762305832,127.02530099003066,3202.0,487.0,taxi_0,picked
dyn_pax_1337,2716.0,2026-07-03 09:45:16,1229817205#0,company|subway_entrance|bus_stop,,599.2457558679199,652.2907550986157,37.497417346160496,127.02760695963683,,,,timeout
dyn_pax_1338,2718.0,2026-07-03 09:45:18,218873820#0,restaurant|subway_entrance|bus_stop,,628.9829311132032,562.4061665928522,37.49661325243901,127.02796447999128,,,,timeout
dyn_pax_1339,2718.0,2026-07-03 09:45:18,309155295#1,restaurant,,764.2225196982893,558.1760304781078,37.4966006705371,127.0294945363528,3196.0,478.0,taxi_respawn_50,picked
dyn_pax_1340,2719.0,2026-07-03 09:45:19,417933642#0,restaurant|bus_stop,,1041.0954363710525,463.30841921497654,37.49579826441859,127.03264736696761,3197.0,478.0,taxi_respawn_67,picked
dyn_pax_1341,2721.0,2026-07-03 09:45:21,1229817205#1,residential|bus_stop,,631.6400080768872,572.7061575261558,37.49670653972221,127.02799208080955,,,,timeout
dyn_pax_1342,2722.0,2026-07-03 09:45:22,1229817205#0,company|subway_entrance|bus_stop,,599.2457558679199,652.2907550986157,37.497417346160496,127.02760695963683,,,,timeout
dyn_pax_1343,2724.0,2026-07-03 09:45:24,1229817205#1,residential|bus_stop,,631.6400080768872,572.7061575261558,37.49670653972221,127.02799208080955,,,,timeout
dyn_pax_1344,2725.0,2026-07-03 09:45:25,494824662#3,company|restaurant|subway_entrance,,729.424850252167,406.6843378518681,37.49522941823122,127.02913698209235,,,,timeout
dyn_pax_1345,2727.0,2026-07-03 09:45:27,-542367267#1,bus_stop,,247.51018316686128,1414.7184918773391,37.504219024473855,127.02344900430944,3204.0,477.0,taxi_respawn_30,picked
dyn_pax_1346,2728.0,2026-07-03 09:45:28,521766175#1,company|restaurant|subway_entrance,,332.9365590021661,1411.5585828157227,37.504206724109,127.02441570308932,3195.0,467.0,taxi_38,picked
dyn_pax_1347,2730.0,2026-07-03 09:45:30,218873820#0,restaurant|subway_entrance|bus_stop,,628.9829311132032,562.4061665928522,37.49661325243901,127.02796447999128,,,,timeout
dyn_pax_1348,2733.0,2026-07-03 09:45:33,521766182#1,company|restaurant|subway_entrance,,681.695169875507,539.6867345716422,37.496418539503196,127.02856584056028,,,,timeout
dyn_pax_1349,2734.0,2026-07-03 09:45:34,520307304#0,school|subway_entrance|bus_stop,,602.6035134310263,763.145495629718,37.498416594724866,127.02761864854104,3225.0,491.0,taxi_respawn_101,picked
dyn_pax_1350,2736.0,2026-07-03 09:45:36,-417933645#2,company|restaurant|subway_entrance,,701.1658676593129,719.5455833044954,37.49804244093877,127.02874337560036,,,,timeout
dyn_pax_1351,2737.0,2026-07-03 09:45:37,218873820#0,restaurant|subway_entrance|bus_stop,,628.9829311132032,562.4061665928522,37.49661325243901,127.02796447999128,3233.0,496.0,taxi_respawn_6,picked
dyn_pax_1352,2739.0,2026-07-03 09:45:39,521770119#1,restaurant|bus_stop,,527.3115514435282,995.8620162900467,37.50049875494786,127.02671217090477,3211.0,472.0,taxi_respawn_73,picked
dyn_pax_1353,2742.0,2026-07-03 09:45:42,305539406,company|restaurant|subway_entrance,,566.389495917364,736.5285064605782,37.49816998085155,127.02721550408178,,,,timeout
dyn_pax_1354,2744.0,2026-07-03 09:45:44,-541692164#2,subway_entrance,,317.7122087179151,1441.0296574375257,37.504469327730426,127.0242365566347,3198.0,454.0,taxi_respawn_78,picked
dyn_pax_1355,2745.0,2026-07-03 09:45:45,218857636#1,residential|company|restaurant|bus_stop,,297.92905089287035,623.2061345250047,37.49709839153085,127.02420706961871,,,,timeout
dyn_pax_1356,2747.0,2026-07-03 09:45:47,975332778#1,bus_stop,,681.6099970732737,721.9380561808346,37.49806030190971,127.02852170075586,,,,timeout
dyn_pax_1357,2748.0,2026-07-03 09:45:48,1376141183#0,bus_stop,,548.2528111146681,901.2117688498424,37.49965007283687,127.02697139402301,,,,timeout
dyn_pax_1358,2750.0,2026-07-03 09:45:50,541692164#1,subway_entrance,,271.6277521231475,1406.6420105391767,37.5041508337347,127.02372362926798,3191.0,441.0,taxi_respawn_51,picked
dyn_pax_1359,2751.0,2026-07-03 09:45:51,417933642#0,restaurant|bus_stop,,1041.0954363710525,463.30841921497654,37.49579826441859,127.03264736696761,,,,timeout
dyn_pax_1360,2754.0,2026-07-03 09:45:54,218864491#0,restaurant|bus_stop,,769.9803916976219,760.1217113917903,37.49842094941813,127.02951181742357,,,,timeout
dyn_pax_1361,2756.0,2026-07-03 09:45:56,1117538957#3,restaurant|subway_entrance|bus_stop,,465.5082521847807,644.8780924026132,37.49732530507706,127.02609663221197,3236.0,480.0,taxi_6,picked
dyn_pax_1362,2757.0,2026-07-03 09:45:57,520307304#0,school|subway_entrance|bus_stop,,602.6035134310263,763.145495629718,37.498416594724866,127.02761864854104,,,,timeout
dyn_pax_1363,2759.0,2026-07-03 09:45:59,975332778#1,bus_stop,,681.6099970732737,721.9380561808346,37.49806030190971,127.02852170075586,,,,timeout
dyn_pax_1364,2760.0,2026-07-03 09:46:00,1117538958#3,bus_stop,,160.18899290588462,540.6019911995099,37.49632820280781,127.02266936696756,,,,timeout
dyn_pax_1365,2762.0,2026-07-03 09:46:02,-506191135#2,residential|bus_stop,,236.19733776439384,769.6838415951818,37.49840622577806,127.02347432089968,3249.0,487.0,taxi_respawn_106,picked
dyn_pax_1366,2764.0,2026-07-03 09:46:04,521770119#1,restaurant|bus_stop,,527.3115514435282,995.8620162900467,37.50049875494786,127.02671217090477,3247.0,483.0,taxi_respawn_20,picked
dyn_pax_1367,2765.0,2026-07-03 09:46:05,-542367267#1,bus_stop,,247.51018316686128,1414.7184918773391,37.504219024473855,127.02344900430944,3254.0,489.0,taxi_13,picked
dyn_pax_1368,2767.0,2026-07-03 09:46:07,-542367267#1,bus_stop,,247.51018316686128,1414.7184918773391,37.504219024473855,127.02344900430944,,,,timeout
dyn_pax_1369,2768.0,2026-07-03 09:46:08,1229817205#0,company|subway_entrance|bus_stop,,599.2457558679199,652.2907550986157,37.497417346160496,127.02760695963683,,,,timeout
dyn_pax_1370,2770.0,2026-07-03 09:46:10,1376141182#0,bus_stop,,385.7154046370183,1301.0311255965628,37.50322104370192,127.02503873135461,3266.0,496.0,taxi_27,picked
dyn_pax_1371,2771.0,2026-07-03 09:46:11,1229817205#0,company|subway_entrance|bus_stop,,599.2457558679199,652.2907550986157,37.497417346160496,127.02760695963683,3252.0,481.0,taxi_respawn_95,picked
dyn_pax_1372,2773.0,2026-07-03 09:46:13,-541692164#2,subway_entrance,,317.7122087179151,1441.0296574375257,37.504469327730426,127.0242365566347,3265.0,492.0,taxi_respawn_104,picked
dyn_pax_1373,2774.0,2026-07-03 09:46:14,1229817205#0,company|subway_entrance|bus_stop,,599.2457558679199,652.2907550986157,37.497417346160496,127.02760695963683,,,,timeout
dyn_pax_1374,2776.0,2026-07-03 09:46:16,521766180#1,company|restaurant|bus_stop,,466.73410130235357,1169.2838037446552,37.502049542882666,127.02598608796039,3266.0,490.0,taxi_respawn_74,picked
dyn_pax_1375,2779.0,2026-07-03 09:46:19,1117538958#3,bus_stop,,160.18899290588462,540.6019911995099,37.49632820280781,127.02266936696756,3257.0,478.0,taxi_respawn_107,picked
dyn_pax_1376,2780.0,2026-07-03 09:46:20,218857636#1,residential|company|restaurant|bus_stop,,297.92905089287035,623.2061345250047,37.49709839153085,127.02420706961871,3265.0,485.0,taxi_respawn_59,picked
dyn_pax_1377,2782.0,2026-07-03 09:46:22,541692164#1,subway_entrance,,271.6277521231475,1406.6420105391767,37.5041508337347,127.02372362926798,3282.0,500.0,taxi_respawn_109,picked
dyn_pax_1378,2783.0,2026-07-03 09:46:23,218857636#1,residential|company|restaurant|bus_stop,,297.92905089287035,623.2061345250047,37.49709839153085,127.02420706961871,,,,timeout
dyn_pax_1379,2785.0,2026-07-03 09:46:25,521766175#1,company|restaurant|subway_entrance,,332.9365590021661,1411.5585828157227,37.504206724109,127.02441570308932,,,,timeout
dyn_pax_1380,2787.0,2026-07-03 09:46:27,-541692164#2,subway_entrance,,317.7122087179151,1441.0296574375257,37.504469327730426,127.0242365566347,,,,timeout
dyn_pax_1381,2788.0,2026-07-03 09:46:28,1117538957#3,restaurant|subway_entrance|bus_stop,,465.5082521847807,644.8780924026132,37.49732530507706,127.02609663221197,,,,timeout
dyn_pax_1382,2790.0,2026-07-03 09:46:30,218873820#0,restaurant|subway_entrance|bus_stop,,628.9829311132032,562.4061665928522,37.49661325243901,127.02796447999128,,,,timeout
dyn_pax_1383,2791.0,2026-07-03 09:46:31,218873820#0,restaurant|subway_entrance|bus_stop,,628.9829311132032,562.4061665928522,37.49661325243901,127.02796447999128,,,,timeout
dyn_pax_1384,2793.0,2026-07-03 09:46:33,218873820#0,restaurant|subway_entrance|bus_stop,,628.9829311132032,562.4061665928522,37.49661325243901,127.02796447999128,,,,timeout
dyn_pax_1385,2794.0,2026-07-03 09:46:34,-504509918#2,company|restaurant|bus_stop,,398.9694242295193,827.4758220967593,37.49895762305832,127.02530099003066,3247.0,453.0,taxi_respawn_108,picked
dyn_pax_1386,2799.0,2026-07-03 09:46:39,521766175#3,company|restaurant|subway_entrance|bus_stop,,373.6701172395771,1298.610217621072,37.50319695740621,127.02490310718325,,,,timeout
dyn_pax_1387,2800.0,2026-07-03 09:46:40,494824662#3,company|restaurant|subway_entrance,,729.424850252167,406.6843378518681,37.49522941823122,127.02913698209235,,,,timeout
dyn_pax_1388,2802.0,2026-07-03 09:46:42,521770116#2,company|restaurant|bus_stop,,432.3182248087171,1108.514093563608,37.50149560521279,127.02561136613096,,,,timeout
dyn_pax_1389,2803.0,2026-07-03 09:46:43,521766175#3,company|restaurant|subway_entrance|bus_stop,,373.6701172395771,1298.610217621072,37.50319695740621,127.02490310718325,,,,timeout
dyn_pax_1390,2805.0,2026-07-03 09:46:45,521770116#2,company|restaurant|bus_stop,,432.3182248087171,1108.514093563608,37.50149560521279,127.02561136613096,,,,timeout
dyn_pax_1391,2808.0,2026-07-03 09:46:48,1117538958#3,bus_stop,,160.18899290588462,540.6019911995099,37.49632820280781,127.02266936696756,,,,timeout
dyn_pax_1392,2809.0,2026-07-03 09:46:49,521770119#0,restaurant|bus_stop,,548.9831206778387,935.1148840516827,37.499955620541705,127.02697161236954,,,,timeout
dyn_pax_1393,2811.0,2026-07-03 09:46:51,975332778#1,bus_stop,,681.6099970732737,721.9380561808346,37.49806030190971,127.02852170075586,,,,timeout
dyn_pax_1394,2813.0,2026-07-03 09:46:53,1229817205#0,company|subway_entrance|bus_stop,,599.2457558679199,652.2907550986157,37.497417346160496,127.02760695963683,,,,timeout
dyn_pax_1395,2814.0,2026-07-03 09:46:54,521770119#0,restaurant|bus_stop,,548.9831206778387,935.1148840516827,37.499955620541705,127.02697161236954,3311.0,497.0,taxi_respawn_102,picked
dyn_pax_1396,2816.0,2026-07-03 09:46:56,521770119#0,restaurant|bus_stop,,548.9831206778387,935.1148840516827,37.499955620541705,127.02697161236954,,,,timeout
dyn_pax_1397,2817.0,2026-07-03 09:46:57,523141074#0,company|restaurant|subway_entrance,,524.0338794858329,871.4890157117229,37.4993777454413,127.02670460634431,,,,timeout
dyn_pax_1398,2819.0,2026-07-03 09:46:59,521766175#3,company|restaurant|subway_entrance|bus_stop,,373.6701172395771,1298.610217621072,37.50319695740621,127.02490310718325,,,,timeout
dyn_pax_1399,2820.0,2026-07-03 09:47:00,521766175#3,company|restaurant|subway_entrance|bus_stop,,373.6701172395771,1298.610217621072,37.50319695740621,127.02490310718325,,,,timeout
dyn_pax_1400,2822.0,2026-07-03 09:47:02,-506191135#22,residential|company|restaurant|bus_stop,,38.693950105848444,1321.9513167019495,37.50334380565249,127.02110990869835,3320.0,498.0,taxi_19,picked
dyn_pax_1401,2825.0,2026-07-03 09:47:05,1229817205#0,company|subway_entrance|bus_stop,,599.2457558679199,652.2907550986157,37.497417346160496,127.02760695963683,,,,timeout
dyn_pax_1402,2826.0,2026-07-03 09:47:06,520307304#0,school|subway_entrance|bus_stop,,602.6035134310263,763.145495629718,37.498416594724866,127.02761864854104,,,,timeout
dyn_pax_1403,2829.0,2026-07-03 09:47:09,1229817205#0,company|subway_entrance|bus_stop,,599.2457558679199,652.2907550986157,37.497417346160496,127.02760695963683,3311.0,482.0,taxi_5,picked
dyn_pax_1404,2829.0,2026-07-03 09:47:09,379463134#4,restaurant,,574.4815382344308,1284.0756787717605,37.50310398350559,127.02717717678497,,,,timeout
dyn_pax_1405,2831.0,2026-07-03 09:47:11,-506191135#22,residential|company|restaurant|bus_stop,,38.693950105848444,1321.9513167019495,37.50334380565249,127.02110990869835,3328.0,497.0,taxi_respawn_87,picked
dyn_pax_1406,2832.0,2026-07-03 09:47:12,1117538957#3,restaurant|subway_entrance|bus_stop,,465.5082521847807,644.8780924026132,37.49732530507706,127.02609663221197,,,,timeout
dyn_pax_1407,2834.0,2026-07-03 09:47:14,1117538957#3,restaurant|subway_entrance|bus_stop,,465.5082521847807,644.8780924026132,37.49732530507706,127.02609663221197,,,,timeout
dyn_pax_1408,2834.0,2026-07-03 09:47:14,218857636#1,residential|company|restaurant|bus_stop,,297.92905089287035,623.2061345250047,37.49709839153085,127.02420706961871,,,,timeout
dyn_pax_1409,2836.0,2026-07-03 09:47:16,375049565#6,restaurant|subway_entrance|bus_stop,,789.5153251748014,798.8522330112556,37.49877353199428,127.02972351946808,,,,timeout
dyn_pax_1410,2839.0,2026-07-03 09:47:19,218864491#0,restaurant|bus_stop,,769.9803916976219,760.1217113917903,37.49842094941813,127.02951181742357,,,,timeout
dyn_pax_1411,2840.0,2026-07-03 09:47:20,1376141183#0,bus_stop,,548.2528111146681,901.2117688498424,37.49965007283687,127.02697139402301,,,,timeout
dyn_pax_1412,2842.0,2026-07-03 09:47:22,521770119#1,restaurant|bus_stop,,527.3115514435282,995.8620162900467,37.50049875494786,127.02671217090477,3307.0,465.0,taxi_respawn_56,picked
dyn_pax_1413,2843.0,2026-07-03 09:47:23,1229817205#1,residential|bus_stop,,631.6400080768872,572.7061575261558,37.49670653972221,127.02799208080955,,,,timeout
dyn_pax_1414,2845.0,2026-07-03 09:47:25,218873820#0,restaurant|subway_entrance|bus_stop,,628.9829311132032,562.4061665928522,37.49661325243901,127.02796447999128,,,,timeout
dyn_pax_1415,2846.0,2026-07-03 09:47:26,541692164#1,subway_entrance,,271.6277521231475,1406.6420105391767,37.5041508337347,127.02372362926798,3336.0,490.0,taxi_respawn_83,picked
dyn_pax_1416,2849.0,2026-07-03 09:47:29,218857636#1,residential|company|restaurant|bus_stop,,297.92905089287035,623.2061345250047,37.49709839153085,127.02420706961871,3321.0,472.0,taxi_41,picked
dyn_pax_1417,2851.0,2026-07-03 09:47:31,521766175#3,company|restaurant|subway_entrance|bus_stop,,373.6701172395771,1298.610217621072,37.50319695740621,127.02490310718325,,,,timeout
dyn_pax_1418,2852.0,2026-07-03 09:47:32,1117538957#3,restaurant|subway_entrance|bus_stop,,465.5082521847807,644.8780924026132,37.49732530507706,127.02609663221197,,,,timeout
dyn_pax_1419,2854.0,2026-07-03 09:47:34,1376141183#0,bus_stop,,548.2528111146681,901.2117688498424,37.49965007283687,127.02697139402301,,,,timeout
dyn_pax_1420,2855.0,2026-07-03 09:47:35,218873820#0,restaurant|subway_entrance|bus_stop,,628.9829311132032,562.4061665928522,37.49661325243901,127.02796447999128,,,,timeout
dyn_pax_1421,2857.0,2026-07-03 09:47:37,1117538958#3,bus_stop,,160.18899290588462,540.6019911995099,37.49632820280781,127.02266936696756,,,,timeout
dyn_pax_1422,2859.0,2026-07-03 09:47:39,218873820#0,restaurant|subway_entrance|bus_stop,,628.9829311132032,562.4061665928522,37.49661325243901,127.02796447999128,,,,timeout
dyn_pax_1423,2862.0,2026-07-03 09:47:42,494824662#3,company|restaurant|subway_entrance,,729.424850252167,406.6843378518681,37.49522941823122,127.02913698209235,,,,timeout
dyn_pax_1424,2863.0,2026-07-03 09:47:43,521770119#1,restaurant|bus_stop,,527.3115514435282,995.8620162900467,37.50049875494786,127.02671217090477,,,,timeout
dyn_pax_1425,2864.0,2026-07-03 09:47:44,417933646#2,residential|restaurant,,830.3119525357222,594.5819430897021,37.496941093289735,127.0302331440542,,,,timeout
dyn_pax_1426,2865.0,2026-07-03 09:47:45,1117538957#3,restaurant|subway_entrance|bus_stop,,465.5082521847807,644.8780924026132,37.49732530507706,127.02609663221197,,,,timeout
dyn_pax_1427,2866.0,2026-07-03 09:47:46,521770116#2,company|restaurant|bus_stop,,432.3182248087171,1108.514093563608,37.50149560521279,127.02561136613096,,,,timeout
dyn_pax_1428,2868.0,2026-07-03 09:47:48,417933642#0,restaurant|bus_stop,,1041.0954363710525,463.30841921497654,37.49579826441859,127.03264736696761,,,,timeout
dyn_pax_1429,2869.0,2026-07-03 09:47:49,1229817205#1,residential|bus_stop,,631.6400080768872,572.7061575261558,37.49670653972221,127.02799208080955,,,,timeout
dyn_pax_1430,2871.0,2026-07-03 09:47:51,417933642#0,restaurant|bus_stop,,1041.0954363710525,463.30841921497654,37.49579826441859,127.03264736696761,,,,timeout
dyn_pax_1431,2872.0,2026-07-03 09:47:52,1376141183#0,bus_stop,,548.2528111146681,901.2117688498424,37.49965007283687,127.02697139402301,,,,timeout
dyn_pax_1432,2874.0,2026-07-03 09:47:54,506191135#3,residential|company|restaurant|bus_stop,,238.79972345576414,789.4714057742513,37.49858497042428,127.023499044737,,,,timeout
dyn_pax_1433,2875.0,2026-07-03 09:47:55,375049565#6,restaurant|subway_entrance|bus_stop,,789.5153251748014,798.8522330112556,37.49877353199428,127.02972351946808,3369.0,494.0,taxi_respawn_97,picked
dyn_pax_1434,2877.0,2026-07-03 09:47:57,520307304#0,school|subway_entrance|bus_stop,,602.6035134310263,763.145495629718,37.498416594724866,127.02761864854104,,,,timeout
dyn_pax_1435,2880.0,2026-07-03 09:48:00,-504509918#2,company|restaurant|bus_stop,,398.9694242295193,827.4758220967593,37.49895762305832,127.02530099003066,,,,timeout
dyn_pax_1436,2881.0,2026-07-03 09:48:01,-541692164#2,subway_entrance,,317.7122087179151,1441.0296574375257,37.504469327730426,127.0242365566347,,,,timeout
dyn_pax_1437,2885.0,2026-07-03 09:48:05,494824662#3,company|restaurant|subway_entrance,,729.424850252167,406.6843378518681,37.49522941823122,127.02913698209235,,,,timeout
dyn_pax_1438,2888.0,2026-07-03 09:48:08,218873820#0,restaurant|subway_entrance|bus_stop,,628.9829311132032,562.4061665928522,37.49661325243901,127.02796447999128,,,,timeout
dyn_pax_1439,2889.0,2026-07-03 09:48:09,521766180#1,company|restaurant|bus_stop,,466.73410130235357,1169.2838037446552,37.502049542882666,127.02598608796039,,,,timeout
dyn_pax_1440,2891.0,2026-07-03 09:48:11,218873820#0,restaurant|subway_entrance|bus_stop,,628.9829311132032,562.4061665928522,37.49661325243901,127.02796447999128,,,,timeout
dyn_pax_1441,2892.0,2026-07-03 09:48:12,218873820#0,restaurant|subway_entrance|bus_stop,,628.9829311132032,562.4061665928522,37.49661325243901,127.02796447999128,3382.0,490.0,taxi_respawn_35,picked
dyn_pax_1442,2894.0,2026-07-03 09:48:14,1229817205#0,company|subway_entrance|bus_stop,,599.2457558679199,652.2907550986157,37.497417346160496,127.02760695963683,,,,timeout
dyn_pax_1443,2895.0,2026-07-03 09:48:15,520307304#0,school|subway_entrance|bus_stop,,602.6035134310263,763.145495629718,37.498416594724866,127.02761864854104,3387.0,492.0,taxi_respawn_103,picked
dyn_pax_1444,2897.0,2026-07-03 09:48:17,1229817205#0,company|subway_entrance|bus_stop,,599.2457558679199,652.2907550986157,37.497417346160496,127.02760695963683,,,,timeout
dyn_pax_1445,2898.0,2026-07-03 09:48:18,521770116#2,company|restaurant|bus_stop,,432.3182248087171,1108.514093563608,37.50149560521279,127.02561136613096,3375.0,477.0,taxi_respawn_53,picked
dyn_pax_1446,2900.0,2026-07-03 09:48:20,417933642#0,restaurant|bus_stop,,1041.0954363710525,463.30841921497654,37.49579826441859,127.03264736696761,,,,timeout
dyn_pax_1447,2901.0,2026-07-03 09:48:21,521766175#3,company|restaurant|subway_entrance|bus_stop,,373.6701172395771,1298.610217621072,37.50319695740621,127.02490310718325,,,,timeout
dyn_pax_1448,2903.0,2026-07-03 09:48:23,375049565#6,restaurant|subway_entrance|bus_stop,,789.5153251748014,798.8522330112556,37.49877353199428,127.02972351946808,3376.0,473.0,taxi_respawn_38,picked
dyn_pax_1449,2904.0,2026-07-03 09:48:24,1229817205#0,company|subway_entrance|bus_stop,,599.2457558679199,652.2907550986157,37.497417346160496,127.02760695963683,,,,timeout
dyn_pax_1450,2906.0,2026-07-03 09:48:26,-417933645#2,company|restaurant|subway_entrance,,701.1658676593129,719.5455833044954,37.49804244093877,127.02874337560036,,,,timeout
dyn_pax_1451,2908.0,2026-07-03 09:48:28,218864491#0,restaurant|bus_stop,,769.9803916976219,760.1217113917903,37.49842094941813,127.02951181742357,3367.0,459.0,taxi_respawn_46,picked
dyn_pax_1452,2909.0,2026-07-03 09:48:29,1117538957#3,restaurant|subway_entrance|bus_stop,,465.5082521847807,644.8780924026132,37.49732530507706,127.02609663221197,3404.0,495.0,taxi_respawn_86,picked
dyn_pax_1453,2911.0,2026-07-03 09:48:31,-506191135#2,residential|bus_stop,,236.19733776439384,769.6838415951818,37.49840622577806,127.02347432089968,3397.0,486.0,taxi_respawn_30,picked
dyn_pax_1454,2912.0,2026-07-03 09:48:32,494824662#3,company|restaurant|subway_entrance,,729.424850252167,406.6843378518681,37.49522941823122,127.02913698209235,,,,timeout
dyn_pax_1455,2914.0,2026-07-03 09:48:34,218873820#0,restaurant|subway_entrance|bus_stop,,628.9829311132032,562.4061665928522,37.49661325243901,127.02796447999128,3403.0,489.0,taxi_respawn_94,picked
dyn_pax_1456,2915.0,2026-07-03 09:48:35,375049565#6,restaurant|subway_entrance|bus_stop,,789.5153251748014,798.8522330112556,37.49877353199428,127.02972351946808,3394.0,479.0,taxi_respawn_50,picked
dyn_pax_1457,2917.0,2026-07-03 09:48:37,1117538957#3,restaurant|subway_entrance|bus_stop,,465.5082521847807,644.8780924026132,37.49732530507706,127.02609663221197,3396.0,479.0,taxi_20,picked
dyn_pax_1458,2918.0,2026-07-03 09:48:38,-417933645#2,company|restaurant|subway_entrance,,701.1658676593129,719.5455833044954,37.49804244093877,127.02874337560036,,,,timeout
dyn_pax_1459,2920.0,2026-07-03 09:48:40,-504509918#2,company|restaurant|bus_stop,,398.9694242295193,827.4758220967593,37.49895762305832,127.02530099003066,3397.0,477.0,taxi_respawn_51,picked
dyn_pax_1460,2921.0,2026-07-03 09:48:41,494824662#3,company|restaurant|subway_entrance,,729.424850252167,406.6843378518681,37.49522941823122,127.02913698209235,,,,timeout
dyn_pax_1461,2923.0,2026-07-03 09:48:43,521766175#1,company|restaurant|subway_entrance,,332.9365590021661,1411.5585828157227,37.504206724109,127.02441570308932,3379.0,456.0,taxi_respawn_116,picked
dyn_pax_1462,2924.0,2026-07-03 09:48:44,1117538958#3,bus_stop,,160.18899290588462,540.6019911995099,37.49632820280781,127.02266936696756,3390.0,466.0,taxi_respawn_16,picked
dyn_pax_1463,2925.0,2026-07-03 09:48:45,117790062#7,restaurant,,610.3314045210797,1078.999817662281,37.50126336859982,127.02763115548898,,,,timeout
dyn_pax_1464,2926.0,2026-07-03 09:48:46,218873820#0,restaurant|subway_entrance|bus_stop,,628.9829311132032,562.4061665928522,37.49661325243901,127.02796447999128,3413.0,487.0,taxi_respawn_110,picked
dyn_pax_1465,2927.0,2026-07-03 09:48:47,1229817205#0,company|subway_entrance|bus_stop,,599.2457558679199,652.2907550986157,37.497417346160496,127.02760695963683,,,,timeout
dyn_pax_1466,2931.0,2026-07-03 09:48:51,1229817205#0,company|subway_entrance|bus_stop,,599.2457558679199,652.2907550986157,37.497417346160496,127.02760695963683,,,,timeout
dyn_pax_1467,2932.0,2026-07-03 09:48:52,523141074#0,company|restaurant|subway_entrance,,524.0338794858329,871.4890157117229,37.4993777454413,127.02670460634431,,,,timeout
dyn_pax_1468,2934.0,2026-07-03 09:48:54,-417933645#2,company|restaurant|subway_entrance,,701.1658676593129,719.5455833044954,37.49804244093877,127.02874337560036,,,,timeout
dyn_pax_1469,2935.0,2026-07-03 09:48:55,375049565#6,restaurant|subway_entrance|bus_stop,,789.5153251748014,798.8522330112556,37.49877353199428,127.02972351946808,3416.0,481.0,taxi_respawn_67,picked
dyn_pax_1470,2937.0,2026-07-03 09:48:57,1229817205#0,company|subway_entrance|bus_stop,,599.2457558679199,652.2907550986157,37.497417346160496,127.02760695963683,,,,timeout
dyn_pax_1471,2938.0,2026-07-03 09:48:58,1117538958#3,bus_stop,,160.18899290588462,540.6019911995099,37.49632820280781,127.02266936696756,,,,timeout
dyn_pax_1472,2940.0,2026-07-03 09:49:00,218877837#2,company|restaurant|bus_stop,,479.4555212141038,978.0213907550284,37.500328997763305,127.02617530290202,,,,timeout
dyn_pax_1473,2941.0,2026-07-03 09:49:01,521770119#1,restaurant|bus_stop,,527.3115514435282,995.8620162900467,37.50049875494786,127.02671217090477,3385.0,444.0,taxi_22,picked
dyn_pax_1474,2943.0,2026-07-03 09:49:03,-506191135#2,residential|bus_stop,,236.19733776439384,769.6838415951818,37.49840622577806,127.02347432089968,,,,timeout
dyn_pax_1475,2944.0,2026-07-03 09:49:04,521766175#3,company|restaurant|subway_entrance|bus_stop,,373.6701172395771,1298.610217621072,37.50319695740621,127.02490310718325,,,,timeout
dyn_pax_1476,2947.0,2026-07-03 09:49:07,494824662#3,company|restaurant|subway_entrance,,729.424850252167,406.6843378518681,37.49522941823122,127.02913698209235,3430.0,483.0,taxi_35,picked
dyn_pax_1477,2949.0,2026-07-03 09:49:09,1229817205#0,company|subway_entrance|bus_stop,,599.2457558679199,652.2907550986157,37.497417346160496,127.02760695963683,3430.0,481.0,taxi_11,picked
dyn_pax_1478,2950.0,2026-07-03 09:49:10,178441450#1,residential|company|restaurant|bus_stop,,282.90243066757296,609.4157395563556,37.496971320837204,127.02404044855805,,,,timeout
dyn_pax_1479,2952.0,2026-07-03 09:49:12,-506191135#22,residential|company|restaurant|bus_stop,,38.693950105848444,1321.9513167019495,37.50334380565249,127.02110990869835,,,,timeout
dyn_pax_1480,2953.0,2026-07-03 09:49:13,-542367267#1,bus_stop,,247.51018316686128,1414.7184918773391,37.504219024473855,127.02344900430944,,,,timeout
dyn_pax_1481,2955.0,2026-07-03 09:49:15,-417933645#2,company|restaurant|subway_entrance,,701.1658676593129,719.5455833044954,37.49804244093877,127.02874337560036,,,,timeout
dyn_pax_1482,2957.0,2026-07-03 09:49:17,521770119#1,restaurant|bus_stop,,527.3115514435282,995.8620162900467,37.50049875494786,127.02671217090477,,,,timeout
dyn_pax_1483,2958.0,2026-07-03 09:49:18,521770119#1,restaurant|bus_stop,,527.3115514435282,995.8620162900467,37.50049875494786,127.02671217090477,,,,timeout
dyn_pax_1484,2960.0,2026-07-03 09:49:20,1117538957#3,restaurant|subway_entrance|bus_stop,,465.5082521847807,644.8780924026132,37.49732530507706,127.02609663221197,3440.0,480.0,taxi_respawn_58,picked
dyn_pax_1485,2961.0,2026-07-03 09:49:21,521766175#1,company|restaurant|subway_entrance,,332.9365590021661,1411.5585828157227,37.504206724109,127.02441570308932,,,,timeout
dyn_pax_1486,2963.0,2026-07-03 09:49:23,521770119#0,restaurant|bus_stop,,548.9831206778387,935.1148840516827,37.499955620541705,127.02697161236954,,,,timeout
dyn_pax_1487,2964.0,2026-07-03 09:49:24,523141074#0,company|restaurant|subway_entrance,,524.0338794858329,871.4890157117229,37.4993777454413,127.02670460634431,3431.0,467.0,taxi_29,picked
dyn_pax_1488,2966.0,2026-07-03 09:49:26,-541692164#2,subway_entrance,,317.7122087179151,1441.0296574375257,37.504469327730426,127.0242365566347,,,,timeout
dyn_pax_1489,2967.0,2026-07-03 09:49:27,-542367267#1,bus_stop,,247.51018316686128,1414.7184918773391,37.504219024473855,127.02344900430944,,,,timeout
dyn_pax_1490,2968.0,2026-07-03 09:49:28,521766175#3,company|restaurant|subway_entrance|bus_stop,,373.6701172395771,1298.610217621072,37.50319695740621,127.02490310718325,,,,timeout
dyn_pax_1491,2969.0,2026-07-03 09:49:29,-542367267#1,bus_stop,,247.51018316686128,1414.7184918773391,37.504219024473855,127.02344900430944,,,,timeout
dyn_pax_1492,2970.0,2026-07-03 09:49:30,506191135#3,residential|company|restaurant|bus_stop,,238.79972345576414,789.4714057742513,37.49858497042428,127.023499044737,,,,timeout
dyn_pax_1493,2972.0,2026-07-03 09:49:32,975332778#1,bus_stop,,681.6099970732737,721.9380561808346,37.49806030190971,127.02852170075586,3448.0,476.0,taxi_respawn_113,picked
dyn_pax_1494,2973.0,2026-07-03 09:49:33,-506191135#22,residential|company|restaurant|bus_stop,,38.693950105848444,1321.9513167019495,37.50334380565249,127.02110990869835,,,,timeout
dyn_pax_1495,2973.0,2026-07-03 09:49:33,-417933645#2,company|restaurant|subway_entrance,,701.1658676593129,719.5455833044954,37.49804244093877,127.02874337560036,3461.0,488.0,taxi_6,picked
dyn_pax_1496,2975.0,2026-07-03 09:49:35,521766182#1,company|restaurant|subway_entrance,,681.695169875507,539.6867345716422,37.496418539503196,127.02856584056028,3449.0,474.0,taxi_37,picked
dyn_pax_1497,2976.0,2026-07-03 09:49:36,521770119#1,restaurant|bus_stop,,527.3115514435282,995.8620162900467,37.50049875494786,127.02671217090477,3450.0,474.0,taxi_respawn_112,picked
dyn_pax_1498,2978.0,2026-07-03 09:49:38,305539406,company|restaurant|subway_entrance,,566.389495917364,736.5285064605782,37.49816998085155,127.02721550408178,3440.0,462.0,taxi_respawn_15,picked
dyn_pax_1499,2980.0,2026-07-03 09:49:40,1229817205#0,company|subway_entrance|bus_stop,,599.2457558679199,652.2907550986157,37.497417346160496,127.02760695963683,,,,timeout
dyn_pax_1500,2981.0,2026-07-03 09:49:41,1117538957#3,restaurant|subway_entrance|bus_stop,,465.5082521847807,644.8780924026132,37.49732530507706,127.02609663221197,,,,timeout
dyn_pax_1501,2983.0,2026-07-03 09:49:43,417933642#0,restaurant|bus_stop,,1041.0954363710525,463.30841921497654,37.49579826441859,127.03264736696761,3447.0,464.0,taxi_respawn_114,picked
dyn_pax_1502,2984.0,2026-07-03 09:49:44,-504509918#2,company|restaurant|bus_stop,,398.9694242295193,827.4758220967593,37.49895762305832,127.02530099003066,,,,timeout
dyn_pax_1503,2986.0,2026-07-03 09:49:46,1229817205#0,company|subway_entrance|bus_stop,,599.2457558679199,652.2907550986157,37.497417346160496,127.02760695963683,,,,timeout
dyn_pax_1504,2987.0,2026-07-03 09:49:47,494824662#3,company|restaurant|subway_entrance,,729.424850252167,406.6843378518681,37.49522941823122,127.02913698209235,,,,timeout
dyn_pax_1505,2989.0,2026-07-03 09:49:49,178441450#1,residential|company|restaurant|bus_stop,,282.90243066757296,609.4157395563556,37.496971320837204,127.02404044855805,,,,timeout
dyn_pax_1506,2992.0,2026-07-03 09:49:52,494824662#3,company|restaurant|subway_entrance,,729.424850252167,406.6843378518681,37.49522941823122,127.02913698209235,,,,timeout
dyn_pax_1507,2993.0,2026-07-03 09:49:53,521766175#3,company|restaurant|subway_entrance|bus_stop,,373.6701172395771,1298.610217621072,37.50319695740621,127.02490310718325,,,,timeout
dyn_pax_1508,2996.0,2026-07-03 09:49:56,1229817205#1,residential|bus_stop,,631.6400080768872,572.7061575261558,37.49670653972221,127.02799208080955,,,,timeout
dyn_pax_1509,2999.0,2026-07-03 09:49:59,375049565#6,restaurant|subway_entrance|bus_stop,,789.5153251748014,798.8522330112556,37.49877353199428,127.02972351946808,,,,timeout
dyn_pax_1510,3001.0,2026-07-03 09:50:01,218873820#0,restaurant|subway_entrance|bus_stop,,628.9829311132032,562.4061665928522,37.49661325243901,127.02796447999128,,,,timeout
dyn_pax_1511,3003.0,2026-07-03 09:50:03,-504509918#2,company|restaurant|bus_stop,,398.9694242295193,827.4758220967593,37.49895762305832,127.02530099003066,,,,timeout
dyn_pax_1512,3004.0,2026-07-03 09:50:04,218864491#0,restaurant|bus_stop,,769.9803916976219,760.1217113917903,37.49842094941813,127.02951181742357,,,,timeout
dyn_pax_1513,3006.0,2026-07-03 09:50:06,521770116#2,company|restaurant|bus_stop,,432.3182248087171,1108.514093563608,37.50149560521279,127.02561136613096,,,,timeout
dyn_pax_1514,3007.0,2026-07-03 09:50:07,218877837#2,company|restaurant|bus_stop,,479.4555212141038,978.0213907550284,37.500328997763305,127.02617530290202,,,,timeout
dyn_pax_1515,3009.0,2026-07-03 09:50:09,521770119#1,restaurant|bus_stop,,527.3115514435282,995.8620162900467,37.50049875494786,127.02671217090477,,,,timeout
dyn_pax_1516,3010.0,2026-07-03 09:50:10,375049565#6,restaurant|subway_entrance|bus_stop,,789.5153251748014,798.8522330112556,37.49877353199428,127.02972351946808,,,,timeout
dyn_pax_1517,3012.0,2026-07-03 09:50:12,1229817205#0,company|subway_entrance|bus_stop,,599.2457558679199,652.2907550986157,37.497417346160496,127.02760695963683,3490.0,478.0,taxi_0,picked
dyn_pax_1518,3015.0,2026-07-03 09:50:15,1229817205#0,company|subway_entrance|bus_stop,,599.2457558679199,652.2907550986157,37.497417346160496,127.02760695963683,,,,timeout
dyn_pax_1519,3015.0,2026-07-03 09:50:15,178441450#1,residential|company|restaurant|bus_stop,,282.90243066757296,609.4157395563556,37.496971320837204,127.02404044855805,,,,timeout
dyn_pax_1520,3016.0,2026-07-03 09:50:16,218857636#1,residential|company|restaurant|bus_stop,,297.92905089287035,623.2061345250047,37.49709839153085,127.02420706961871,,,,timeout
dyn_pax_1521,3018.0,2026-07-03 09:50:18,1117538958#3,bus_stop,,160.18899290588462,540.6019911995099,37.49632820280781,127.02266936696756,,,,timeout
dyn_pax_1522,3019.0,2026-07-03 09:50:19,1376141182#0,bus_stop,,385.7154046370183,1301.0311255965628,37.50322104370192,127.02503873135461,,,,timeout
dyn_pax_1523,3021.0,2026-07-03 09:50:21,375049565#6,restaurant|subway_entrance|bus_stop,,789.5153251748014,798.8522330112556,37.49877353199428,127.02972351946808,3497.0,476.0,taxi_respawn_115,picked
dyn_pax_1524,3022.0,2026-07-03 09:50:22,-542367267#1,bus_stop,,247.51018316686128,1414.7184918773391,37.504219024473855,127.02344900430944,3512.0,490.0,taxi_respawn_108,picked
dyn_pax_1525,3024.0,2026-07-03 09:50:24,494824662#3,company|restaurant|subway_entrance,,729.424850252167,406.6843378518681,37.49522941823122,127.02913698209235,,,,timeout
dyn_pax_1526,3025.0,2026-07-03 09:50:25,1117538958#3,bus_stop,,160.18899290588462,540.6019911995099,37.49632820280781,127.02266936696756,3515.0,490.0,taxi_8,picked
dyn_pax_1527,3027.0,2026-07-03 09:50:27,305539406,company|restaurant|subway_entrance,,566.389495917364,736.5285064605782,37.49816998085155,127.02721550408178,3495.0,468.0,taxi_respawn_95,picked
dyn_pax_1528,3029.0,2026-07-03 09:50:29,975332778#1,bus_stop,,681.6099970732737,721.9380561808346,37.49806030190971,127.02852170075586,,,,timeout
dyn_pax_1529,3030.0,2026-07-03 09:50:30,218873820#0,restaurant|subway_entrance|bus_stop,,628.9829311132032,562.4061665928522,37.49661325243901,127.02796447999128,,,,timeout
dyn_pax_1530,3033.0,2026-07-03 09:50:33,1117538957#3,restaurant|subway_entrance|bus_stop,,465.5082521847807,644.8780924026132,37.49732530507706,127.02609663221197,,,,timeout
dyn_pax_1531,3035.0,2026-07-03 09:50:35,375049565#6,restaurant|subway_entrance|bus_stop,,789.5153251748014,798.8522330112556,37.49877353199428,127.02972351946808,3514.0,479.0,taxi_respawn_121,picked
dyn_pax_1532,3036.0,2026-07-03 09:50:36,1229817205#0,company|subway_entrance|bus_stop,,599.2457558679199,652.2907550986157,37.497417346160496,127.02760695963683,,,,timeout
dyn_pax_1533,3038.0,2026-07-03 09:50:38,521766175#3,company|restaurant|subway_entrance|bus_stop,,373.6701172395771,1298.610217621072,37.50319695740621,127.02490310718325,,,,timeout
dyn_pax_1534,3038.0,2026-07-03 09:50:38,1056882877#3,residential|company|restaurant,,365.79280968467333,433.0557487307964,37.495398294451746,127.02501948586043,,,,timeout
dyn_pax_1535,3039.0,2026-07-03 09:50:39,521766175#3,company|restaurant|subway_entrance|bus_stop,,373.6701172395771,1298.610217621072,37.50319695740621,127.02490310718325,,,,timeout
dyn_pax_1536,3041.0,2026-07-03 09:50:41,218864491#0,restaurant|bus_stop,,769.9803916976219,760.1217113917903,37.49842094941813,127.02951181742357,3523.0,482.0,taxi_respawn_88,picked
dyn_pax_1537,3042.0,2026-07-03 09:50:42,305539406,company|restaurant|subway_entrance,,566.389495917364,736.5285064605782,37.49816998085155,127.02721550408178,,,,timeout
dyn_pax_1538,3043.0,2026-07-03 09:50:43,504512001,restaurant,,488.2111633916996,684.0143948730154,37.497682147346794,127.02634403725544,,,,timeout
dyn_pax_1539,3044.0,2026-07-03 09:50:44,480850873,company|restaurant|bus_stop,,548.1935052770749,708.5896639848544,37.49791486187585,127.0270163956136,,,,timeout
dyn_pax_1540,3045.0,2026-07-03 09:50:45,218873820#0,restaurant|subway_entrance|bus_stop,,628.9829311132032,562.4061665928522,37.49661325243901,127.02796447999128,,,,timeout
dyn_pax_1541,3047.0,2026-07-03 09:50:47,218877837#2,company|restaurant|bus_stop,,479.4555212141038,978.0213907550284,37.500328997763305,127.02617530290202,,,,timeout
dyn_pax_1542,3048.0,2026-07-03 09:50:48,494824662#3,company|restaurant|subway_entrance,,729.424850252167,406.6843378518681,37.49522941823122,127.02913698209235,,,,timeout
dyn_pax_1543,3050.0,2026-07-03 09:50:50,521770119#1,restaurant|bus_stop,,527.3115514435282,995.8620162900467,37.50049875494786,127.02671217090477,3524.0,474.0,taxi_respawn_6,picked
dyn_pax_1544,3052.0,2026-07-03 09:50:52,-506191135#22,residential|company|restaurant|bus_stop,,38.693950105848444,1321.9513167019495,37.50334380565249,127.02110990869835,,,,timeout
dyn_pax_1545,3053.0,2026-07-03 09:50:53,178441450#1,residential|company|restaurant|bus_stop,,282.90243066757296,609.4157395563556,37.496971320837204,127.02404044855805,,,,timeout
dyn_pax_1546,3055.0,2026-07-03 09:50:55,520307304#0,school|subway_entrance|bus_stop,,602.6035134310263,763.145495629718,37.498416594724866,127.02761864854104,,,,timeout
dyn_pax_1547,3056.0,2026-07-03 09:50:56,520307304#0,school|subway_entrance|bus_stop,,602.6035134310263,763.145495629718,37.498416594724866,127.02761864854104,,,,timeout
dyn_pax_1548,3058.0,2026-07-03 09:50:58,178441450#1,residential|company|restaurant|bus_stop,,282.90243066757296,609.4157395563556,37.496971320837204,127.02404044855805,,,,timeout
dyn_pax_1549,3058.0,2026-07-03 09:50:58,-506191135#22,residential|company|restaurant|bus_stop,,38.693950105848444,1321.9513167019495,37.50334380565249,127.02110990869835,,,,timeout
dyn_pax_1550,3059.0,2026-07-03 09:50:59,1376141182#0,bus_stop,,385.7154046370183,1301.0311255965628,37.50322104370192,127.02503873135461,3556.0,497.0,taxi_respawn_99,picked
dyn_pax_1551,3061.0,2026-07-03 09:51:01,521766180#1,company|restaurant|bus_stop,,466.73410130235357,1169.2838037446552,37.502049542882666,127.02598608796039,,,,timeout
dyn_pax_1552,3062.0,2026-07-03 09:51:02,1376141183#0,bus_stop,,548.2528111146681,901.2117688498424,37.49965007283687,127.02697139402301,,,,timeout
dyn_pax_1553,3064.0,2026-07-03 09:51:04,1117538957#3,restaurant|subway_entrance|bus_stop,,465.5082521847807,644.8780924026132,37.49732530507706,127.02609663221197,3552.0,488.0,taxi_18,picked
dyn_pax_1554,3065.0,2026-07-03 09:51:05,178441450#1,residential|company|restaurant|bus_stop,,282.90243066757296,609.4157395563556,37.496971320837204,127.02404044855805,3564.0,499.0,taxi_respawn_9,picked
dyn_pax_1555,3067.0,2026-07-03 09:51:07,-506191135#22,residential|company|restaurant|bus_stop,,38.693950105848444,1321.9513167019495,37.50334380565249,127.02110990869835,,,,timeout
dyn_pax_1556,3068.0,2026-07-03 09:51:08,480850873,company|restaurant|bus_stop,,548.1935052770749,708.5896639848544,37.49791486187585,127.0270163956136,,,,timeout
dyn_pax_1557,3070.0,2026-07-03 09:51:10,521770119#0,restaurant|bus_stop,,548.9831206778387,935.1148840516827,37.499955620541705,127.02697161236954,,,,timeout
dyn_pax_1558,3071.0,2026-07-03 09:51:11,305539406,company|restaurant|subway_entrance,,566.389495917364,736.5285064605782,37.49816998085155,127.02721550408178,,,,timeout
dyn_pax_1559,3073.0,2026-07-03 09:51:13,494824662#3,company|restaurant|subway_entrance,,729.424850252167,406.6843378518681,37.49522941823122,127.02913698209235,,,,timeout
dyn_pax_1560,3075.0,2026-07-03 09:51:15,218857636#1,residential|company|restaurant|bus_stop,,297.92905089287035,623.2061345250047,37.49709839153085,127.02420706961871,3547.0,472.0,taxi_19,picked
dyn_pax_1561,3076.0,2026-07-03 09:51:16,178441450#1,residential|company|restaurant|bus_stop,,282.90243066757296,609.4157395563556,37.496971320837204,127.02404044855805,3552.0,476.0,taxi_41,picked
dyn_pax_1562,3078.0,2026-07-03 09:51:18,521770119#1,restaurant|bus_stop,,527.3115514435282,995.8620162900467,37.50049875494786,127.02671217090477,,,,timeout
dyn_pax_1563,3079.0,2026-07-03 09:51:19,-506191135#2,residential|bus_stop,,236.19733776439384,769.6838415951818,37.49840622577806,127.02347432089968,3577.0,498.0,taxi_respawn_51,picked
dyn_pax_1564,3081.0,2026-07-03 09:51:21,520307304#0,school|subway_entrance|bus_stop,,602.6035134310263,763.145495629718,37.498416594724866,127.02761864854104,3570.0,489.0,taxi_respawn_56,picked
dyn_pax_1565,3082.0,2026-07-03 09:51:22,-506191135#22,residential|company|restaurant|bus_stop,,38.693950105848444,1321.9513167019495,37.50334380565249,127.02110990869835,,,,timeout
dyn_pax_1566,3084.0,2026-07-03 09:51:24,521770116#2,company|restaurant|bus_stop,,432.3182248087171,1108.514093563608,37.50149560521279,127.02561136613096,3559.0,475.0,taxi_respawn_57,picked
dyn_pax_1567,3085.0,2026-07-03 09:51:25,-541692164#2,subway_entrance,,317.7122087179151,1441.0296574375257,37.504469327730426,127.0242365566347,,,,timeout
dyn_pax_1568,3087.0,2026-07-03 09:51:27,-542367267#1,bus_stop,,247.51018316686128,1414.7184918773391,37.504219024473855,127.02344900430944,,,,timeout
dyn_pax_1569,3088.0,2026-07-03 09:51:28,523141074#0,company|restaurant|subway_entrance,,524.0338794858329,871.4890157117229,37.4993777454413,127.02670460634431,3566.0,478.0,taxi_respawn_73,picked
dyn_pax_1570,3090.0,2026-07-03 09:51:30,178441450#1,residential|company|restaurant|bus_stop,,282.90243066757296,609.4157395563556,37.496971320837204,127.02404044855805,,,,timeout
dyn_pax_1571,3091.0,2026-07-03 09:51:31,1117538958#3,bus_stop,,160.18899290588462,540.6019911995099,37.49632820280781,127.02266936696756,,,,timeout
dyn_pax_1572,3093.0,2026-07-03 09:51:33,480850873,company|restaurant|bus_stop,,548.1935052770749,708.5896639848544,37.49791486187585,127.0270163956136,,,,timeout
dyn_pax_1573,3094.0,2026-07-03 09:51:34,-541692164#2,subway_entrance,,317.7122087179151,1441.0296574375257,37.504469327730426,127.0242365566347,,,,timeout
dyn_pax_1574,3096.0,2026-07-03 09:51:36,523141074#0,company|restaurant|subway_entrance,,524.0338794858329,871.4890157117229,37.4993777454413,127.02670460634431,3571.0,475.0,taxi_respawn_20,picked
dyn_pax_1575,3097.0,2026-07-03 09:51:37,-542367267#1,bus_stop,,247.51018316686128,1414.7184918773391,37.504219024473855,127.02344900430944,,,,timeout
dyn_pax_1576,3099.0,2026-07-03 09:51:39,480850873,company|restaurant|bus_stop,,548.1935052770749,708.5896639848544,37.49791486187585,127.0270163956136,,,,timeout
dyn_pax_1577,3101.0,2026-07-03 09:51:41,521766182#1,company|restaurant|subway_entrance,,681.695169875507,539.6867345716422,37.496418539503196,127.02856584056028,3567.0,466.0,taxi_respawn_111,picked
dyn_pax_1578,3102.0,2026-07-03 09:51:42,-506191135#22,residential|company|restaurant|bus_stop,,38.693950105848444,1321.9513167019495,37.50334380565249,127.02110990869835,,,,timeout
dyn_pax_1579,3104.0,2026-07-03 09:51:44,1229817205#0,company|subway_entrance|bus_stop,,599.2457558679199,652.2907550986157,37.497417346160496,127.02760695963683,,,,timeout
dyn_pax_1580,3105.0,2026-07-03 09:51:45,1376141182#0,bus_stop,,385.7154046370183,1301.0311255965628,37.50322104370192,127.02503873135461,,,,timeout
dyn_pax_1581,3107.0,2026-07-03 09:51:47,-541692164#2,subway_entrance,,317.7122087179151,1441.0296574375257,37.504469327730426,127.0242365566347,,,,timeout
dyn_pax_1582,3108.0,2026-07-03 09:51:48,494824662#3,company|restaurant|subway_entrance,,729.424850252167,406.6843378518681,37.49522941823122,127.02913698209235,3604.0,496.0,taxi_respawn_67,picked
dyn_pax_1583,3110.0,2026-07-03 09:51:50,521770119#0,restaurant|bus_stop,,548.9831206778387,935.1148840516827,37.499955620541705,127.02697161236954,,,,timeout
dyn_pax_1584,3111.0,2026-07-03 09:51:51,305539406,company|restaurant|subway_entrance,,566.389495917364,736.5285064605782,37.49816998085155,127.02721550408178,,,,timeout
dyn_pax_1585,3113.0,2026-07-03 09:51:53,375049565#6,restaurant|subway_entrance|bus_stop,,789.5153251748014,798.8522330112556,37.49877353199428,127.02972351946808,,,,timeout
dyn_pax_1586,3114.0,2026-07-03 09:51:54,218877837#2,company|restaurant|bus_stop,,479.4555212141038,978.0213907550284,37.500328997763305,127.02617530290202,,,,timeout
dyn_pax_1587,3116.0,2026-07-03 09:51:56,218857636#1,residential|company|restaurant|bus_stop,,297.92905089287035,623.2061345250047,37.49709839153085,127.02420706961871,,,,timeout
dyn_pax_1588,3117.0,2026-07-03 09:51:57,-542367267#1,bus_stop,,247.51018316686128,1414.7184918773391,37.504219024473855,127.02344900430944,,,,timeout
dyn_pax_1589,3119.0,2026-07-03 09:51:59,-504509918#2,company|restaurant|bus_stop,,398.9694242295193,827.4758220967593,37.49895762305832,127.02530099003066,,,,timeout
dyn_pax_1590,3120.0,2026-07-03 09:52:00,975332778#1,bus_stop,,681.6099970732737,721.9380561808346,37.49806030190971,127.02852170075586,,,,timeout
dyn_pax_1591,3122.0,2026-07-03 09:52:02,305539406,company|restaurant|subway_entrance,,566.389495917364,736.5285064605782,37.49816998085155,127.02721550408178,3619.0,497.0,taxi_36,picked
dyn_pax_1592,3124.0,2026-07-03 09:52:04,521766175#3,company|restaurant|subway_entrance|bus_stop,,373.6701172395771,1298.610217621072,37.50319695740621,127.02490310718325,,,,timeout
dyn_pax_1593,3125.0,2026-07-03 09:52:05,1229817205#0,company|subway_entrance|bus_stop,,599.2457558679199,652.2907550986157,37.497417346160496,127.02760695963683,,,,timeout
dyn_pax_1594,3127.0,2026-07-03 09:52:07,-506191135#2,residential|bus_stop,,236.19733776439384,769.6838415951818,37.49840622577806,127.02347432089968,3610.0,483.0,taxi_respawn_116,picked
dyn_pax_1595,3128.0,2026-07-03 09:52:08,-506191135#22,residential|company|restaurant|bus_stop,,38.693950105848444,1321.9513167019495,37.50334380565249,127.02110990869835,3617.0,489.0,taxi_respawn_83,picked
dyn_pax_1596,3130.0,2026-07-03 09:52:10,520307304#0,school|subway_entrance|bus_stop,,602.6035134310263,763.145495629718,37.498416594724866,127.02761864854104,,,,timeout
dyn_pax_1597,3131.0,2026-07-03 09:52:11,1117538957#3,restaurant|subway_entrance|bus_stop,,465.5082521847807,644.8780924026132,37.49732530507706,127.02609663221197,,,,timeout
dyn_pax_1598,3133.0,2026-07-03 09:52:13,520307304#0,school|subway_entrance|bus_stop,,602.6035134310263,763.145495629718,37.498416594724866,127.02761864854104,3633.0,500.0,taxi_respawn_91,picked
dyn_pax_1599,3134.0,2026-07-03 09:52:14,521766175#3,company|restaurant|subway_entrance|bus_stop,,373.6701172395771,1298.610217621072,37.50319695740621,127.02490310718325,3631.0,497.0,taxi_respawn_122,picked
dyn_pax_1600,3136.0,2026-07-03 09:52:16,521766180#1,company|restaurant|bus_stop,,466.73410130235357,1169.2838037446552,37.502049542882666,127.02598608796039,3614.0,478.0,taxi_respawn_31,picked
dyn_pax_1601,3137.0,2026-07-03 09:52:17,521766175#3,company|restaurant|subway_entrance|bus_stop,,373.6701172395771,1298.610217621072,37.50319695740621,127.02490310718325,,,,timeout
dyn_pax_1602,3140.0,2026-07-03 09:52:20,-541692164#2,subway_entrance,,317.7122087179151,1441.0296574375257,37.504469327730426,127.0242365566347,3635.0,495.0,taxi_5,picked
dyn_pax_1603,3141.0,2026-07-03 09:52:21,129731720#0,residential|company|restaurant,,292.10678712231254,1113.150773394943,37.50151085547559,127.02402489828896,3636.0,495.0,taxi_38,picked
dyn_pax_1604,3142.0,2026-07-03 09:52:22,1229817205#1,residential|bus_stop,,631.6400080768872,572.7061575261558,37.49670653972221,127.02799208080955,,,,timeout
dyn_pax_1605,3143.0,2026-07-03 09:52:23,-504509918#2,company|restaurant|bus_stop,,398.9694242295193,827.4758220967593,37.49895762305832,127.02530099003066,,,,timeout
dyn_pax_1606,3145.0,2026-07-03 09:52:25,494824662#3,company|restaurant|subway_entrance,,729.424850252167,406.6843378518681,37.49522941823122,127.02913698209235,3640.0,495.0,taxi_13,picked
dyn_pax_1607,3147.0,2026-07-03 09:52:27,521766180#1,company|restaurant|bus_stop,,466.73410130235357,1169.2838037446552,37.502049542882666,127.02598608796039,3619.0,472.0,taxi_respawn_103,picked
dyn_pax_1608,3148.0,2026-07-03 09:52:28,375049565#6,restaurant|subway_entrance|bus_stop,,789.5153251748014,798.8522330112556,37.49877353199428,127.02972351946808,3629.0,481.0,taxi_respawn_10,picked
dyn_pax_1609,3150.0,2026-07-03 09:52:30,-504509918#2,company|restaurant|bus_stop,,398.9694242295193,827.4758220967593,37.49895762305832,127.02530099003066,,,,timeout
dyn_pax_1610,3151.0,2026-07-03 09:52:31,480850873,company|restaurant|bus_stop,,548.1935052770749,708.5896639848544,37.49791486187585,127.0270163956136,,,,timeout
dyn_pax_1611,3153.0,2026-07-03 09:52:33,1117538957#3,restaurant|subway_entrance|bus_stop,,465.5082521847807,644.8780924026132,37.49732530507706,127.02609663221197,3632.0,479.0,taxi_respawn_107,picked
dyn_pax_1612,3154.0,2026-07-03 09:52:34,-542367267#1,bus_stop,,247.51018316686128,1414.7184918773391,37.504219024473855,127.02344900430944,3625.0,471.0,taxi_27,picked
dyn_pax_1613,3156.0,2026-07-03 09:52:36,521766182#1,company|restaurant|subway_entrance,,681.695169875507,539.6867345716422,37.496418539503196,127.02856584056028,3632.0,476.0,taxi_respawn_114,picked
dyn_pax_1614,3157.0,2026-07-03 09:52:37,218873820#0,restaurant|subway_entrance|bus_stop,,628.9829311132032,562.4061665928522,37.49661325243901,127.02796447999128,3635.0,478.0,taxi_respawn_65,picked
dyn_pax_1615,3157.0,2026-07-03 09:52:37,117823785#0,company|restaurant,,1360.8740206736493,851.0492627492013,37.499351351792384,127.0361713398344,3649.0,492.0,taxi_17,picked
dyn_pax_1616,3159.0,2026-07-03 09:52:39,521766175#3,company|restaurant|subway_entrance|bus_stop,,373.6701172395771,1298.610217621072,37.50319695740621,127.02490310718325,,,,timeout
dyn_pax_1617,3160.0,2026-07-03 09:52:40,520307304#0,school|subway_entrance|bus_stop,,602.6035134310263,763.145495629718,37.498416594724866,127.02761864854104,,,,timeout
dyn_pax_1618,3162.0,2026-07-03 09:52:42,1117538958#3,bus_stop,,160.18899290588462,540.6019911995099,37.49632820280781,127.02266936696756,3648.0,486.0,taxi_respawn_50,picked
dyn_pax_1619,3163.0,2026-07-03 09:52:43,523141074#0,company|restaurant|subway_entrance,,524.0338794858329,871.4890157117229,37.4993777454413,127.02670460634431,,,,timeout
dyn_pax_1620,3165.0,2026-07-03 09:52:45,523141074#0,company|restaurant|subway_entrance,,524.0338794858329,871.4890157117229,37.4993777454413,127.02670460634431,,,,timeout
dyn_pax_1621,3166.0,2026-07-03 09:52:46,218873820#0,restaurant|subway_entrance|bus_stop,,628.9829311132032,562.4061665928522,37.49661325243901,127.02796447999128,,,,timeout
dyn_pax_1622,3168.0,2026-07-03 09:52:48,521766175#1,company|restaurant|subway_entrance,,332.9365590021661,1411.5585828157227,37.504206724109,127.02441570308932,,,,timeout
dyn_pax_1623,3169.0,2026-07-03 09:52:49,-542367267#1,bus_stop,,247.51018316686128,1414.7184918773391,37.504219024473855,127.02344900430944,,,,timeout
dyn_pax_1624,3169.0,2026-07-03 09:52:49,521770119#0,restaurant|bus_stop,,548.9831206778387,935.1148840516827,37.499955620541705,127.02697161236954,3658.0,489.0,taxi_respawn_64,picked
dyn_pax_1625,3171.0,2026-07-03 09:52:51,520307304#0,school|subway_entrance|bus_stop,,602.6035134310263,763.145495629718,37.498416594724866,127.02761864854104,,,,timeout
dyn_pax_1626,3173.0,2026-07-03 09:52:53,218873820#0,restaurant|subway_entrance|bus_stop,,628.9829311132032,562.4061665928522,37.49661325243901,127.02796447999128,,,,timeout
dyn_pax_1627,3174.0,2026-07-03 09:52:54,-506191135#22,residential|company|restaurant|bus_stop,,38.693950105848444,1321.9513167019495,37.50334380565249,127.02110990869835,,,,timeout
dyn_pax_1628,3176.0,2026-07-03 09:52:56,-506191135#2,residential|bus_stop,,236.19733776439384,769.6838415951818,37.49840622577806,127.02347432089968,,,,timeout
dyn_pax_1629,3177.0,2026-07-03 09:52:57,1117538958#3,bus_stop,,160.18899290588462,540.6019911995099,37.49632820280781,127.02266936696756,,,,timeout
dyn_pax_1630,3179.0,2026-07-03 09:52:59,1229817205#1,residential|bus_stop,,631.6400080768872,572.7061575261558,37.49670653972221,127.02799208080955,,,,timeout
dyn_pax_1631,3180.0,2026-07-03 09:53:00,-541692164#2,subway_entrance,,317.7122087179151,1441.0296574375257,37.504469327730426,127.0242365566347,,,,timeout
dyn_pax_1632,3182.0,2026-07-03 09:53:02,375049565#6,restaurant|subway_entrance|bus_stop,,789.5153251748014,798.8522330112556,37.49877353199428,127.02972351946808,,,,timeout
dyn_pax_1633,3182.0,2026-07-03 09:53:02,417731530,company|restaurant,,191.66975375905443,1429.5779711342507,37.5043423120142,127.02281406437154,3677.0,495.0,taxi_respawn_78,picked
dyn_pax_1634,3183.0,2026-07-03 09:53:03,375049565#6,restaurant|subway_entrance|bus_stop,,789.5153251748014,798.8522330112556,37.49877353199428,127.02972351946808,,,,timeout
dyn_pax_1635,3186.0,2026-07-03 09:53:06,521770119#0,restaurant|bus_stop,,548.9831206778387,935.1148840516827,37.499955620541705,127.02697161236954,3666.0,480.0,taxi_respawn_4,picked
dyn_pax_1636,3188.0,2026-07-03 09:53:08,-506191135#2,residential|bus_stop,,236.19733776439384,769.6838415951818,37.49840622577806,127.02347432089968,,,,timeout
dyn_pax_1637,3189.0,2026-07-03 09:53:09,1117538957#3,restaurant|subway_entrance|bus_stop,,465.5082521847807,644.8780924026132,37.49732530507706,127.02609663221197,3685.0,496.0,taxi_respawn_89,picked
dyn_pax_1638,3191.0,2026-07-03 09:53:11,521770119#1,restaurant|bus_stop,,527.3115514435282,995.8620162900467,37.50049875494786,127.02671217090477,3679.0,488.0,taxi_respawn_38,picked
dyn_pax_1639,3192.0,2026-07-03 09:53:12,305539406,company|restaurant|subway_entrance,,566.389495917364,736.5285064605782,37.49816998085155,127.02721550408178,3670.0,478.0,taxi_respawn_44,picked
dyn_pax_1640,3194.0,2026-07-03 09:53:14,-506191135#2,residential|bus_stop,,236.19733776439384,769.6838415951818,37.49840622577806,127.02347432089968,,,,timeout
dyn_pax_1641,3196.0,2026-07-03 09:53:16,541692164#1,subway_entrance,,271.6277521231475,1406.6420105391767,37.5041508337347,127.02372362926798,,,,timeout
dyn_pax_1642,3197.0,2026-07-03 09:53:17,541692164#1,subway_entrance,,271.6277521231475,1406.6420105391767,37.5041508337347,127.02372362926798,,,,timeout
dyn_pax_1643,3199.0,2026-07-03 09:53:19,975332778#1,bus_stop,,681.6099970732737,721.9380561808346,37.49806030190971,127.02852170075586,3679.0,480.0,taxi_respawn_75,picked
dyn_pax_1644,3200.0,2026-07-03 09:53:20,218873820#0,restaurant|subway_entrance|bus_stop,,628.9829311132032,562.4061665928522,37.49661325243901,127.02796447999128,3678.0,478.0,taxi_respawn_102,picked
dyn_pax_1645,3202.0,2026-07-03 09:53:22,375049565#6,restaurant|subway_entrance|bus_stop,,789.5153251748014,798.8522330112556,37.49877353199428,127.02972351946808,3690.0,488.0,taxi_respawn_124,picked
dyn_pax_1646,3203.0,2026-07-03 09:53:23,521766175#1,company|restaurant|subway_entrance,,332.9365590021661,1411.5585828157227,37.504206724109,127.02441570308932,,,,timeout
dyn_pax_1647,3205.0,2026-07-03 09:53:25,1229817205#0,company|subway_entrance|bus_stop,,599.2457558679199,652.2907550986157,37.497417346160496,127.02760695963683,,,,timeout
dyn_pax_1648,3206.0,2026-07-03 09:53:26,1376141182#0,bus_stop,,385.7154046370183,1301.0311255965628,37.50322104370192,127.02503873135461,,,,timeout
dyn_pax_1649,3208.0,2026-07-03 09:53:28,541692164#1,subway_entrance,,271.6277521231475,1406.6420105391767,37.5041508337347,127.02372362926798,,,,timeout
dyn_pax_1650,3209.0,2026-07-03 09:53:29,-506191135#2,residential|bus_stop,,236.19733776439384,769.6838415951818,37.49840622577806,127.02347432089968,,,,timeout
dyn_pax_1651,3211.0,2026-07-03 09:53:31,375049565#6,restaurant|subway_entrance|bus_stop,,789.5153251748014,798.8522330112556,37.49877353199428,127.02972351946808,3710.0,499.0,taxi_22,picked
dyn_pax_1652,3212.0,2026-07-03 09:53:32,1229817205#0,company|subway_entrance|bus_stop,,599.2457558679199,652.2907550986157,37.497417346160496,127.02760695963683,,,,timeout
dyn_pax_1653,3214.0,2026-07-03 09:53:34,480850873,company|restaurant|bus_stop,,548.1935052770749,708.5896639848544,37.49791486187585,127.0270163956136,3669.0,455.0,taxi_11,picked
dyn_pax_1654,3215.0,2026-07-03 09:53:35,521770119#1,restaurant|bus_stop,,527.3115514435282,995.8620162900467,37.50049875494786,127.02671217090477,3687.0,472.0,taxi_respawn_101,picked
dyn_pax_1655,3217.0,2026-07-03 09:53:37,1229817205#0,company|subway_entrance|bus_stop,,599.2457558679199,652.2907550986157,37.497417346160496,127.02760695963683,,,,timeout
dyn_pax_1656,3217.0,2026-07-03 09:53:37,-417933646#1,residential|restaurant,,826.6019869456061,577.8075382253838,37.49678928421788,127.03019516859905,3702.0,485.0,taxi_respawn_88,picked
dyn_pax_1657,3219.0,2026-07-03 09:53:39,521770119#0,restaurant|bus_stop,,548.9831206778387,935.1148840516827,37.499955620541705,127.02697161236954,,,,timeout
dyn_pax_1658,3220.0,2026-07-03 09:53:40,-417933645#2,company|restaurant|subway_entrance,,701.1658676593129,719.5455833044954,37.49804244093877,127.02874337560036,,,,timeout
dyn_pax_1659,3222.0,2026-07-03 09:53:42,521770116#2,company|restaurant|bus_stop,,432.3182248087171,1108.514093563608,37.50149560521279,127.02561136613096,,,,timeout
dyn_pax_1660,3223.0,2026-07-03 09:53:43,521766180#1,company|restaurant|bus_stop,,466.73410130235357,1169.2838037446552,37.502049542882666,127.02598608796039,3707.0,484.0,taxi_6,picked
dyn_pax_1661,3225.0,2026-07-03 09:53:45,-541692164#2,subway_entrance,,317.7122087179151,1441.0296574375257,37.504469327730426,127.0242365566347,,,,timeout
dyn_pax_1662,3226.0,2026-07-03 09:53:46,218864491#0,restaurant|bus_stop,,769.9803916976219,760.1217113917903,37.49842094941813,127.02951181742357,,,,timeout
dyn_pax_1663,3228.0,2026-07-03 09:53:48,1376141182#0,bus_stop,,385.7154046370183,1301.0311255965628,37.50322104370192,127.02503873135461,,,,timeout
dyn_pax_1664,3229.0,2026-07-03 09:53:49,521766180#1,company|restaurant|bus_stop,,466.73410130235357,1169.2838037446552,37.502049542882666,127.02598608796039,,,,timeout
dyn_pax_1665,3231.0,2026-07-03 09:53:51,178441450#1,residential|company|restaurant|bus_stop,,282.90243066757296,609.4157395563556,37.496971320837204,127.02404044855805,,,,timeout
dyn_pax_1666,3232.0,2026-07-03 09:53:52,523141074#0,company|restaurant|subway_entrance,,524.0338794858329,871.4890157117229,37.4993777454413,127.02670460634431,,,,timeout
dyn_pax_1667,3234.0,2026-07-03 09:53:54,1229817205#0,company|subway_entrance|bus_stop,,599.2457558679199,652.2907550986157,37.497417346160496,127.02760695963683,3725.0,491.0,taxi_respawn_55,picked
dyn_pax_1668,3235.0,2026-07-03 09:53:55,1376141183#0,bus_stop,,548.2528111146681,901.2117688498424,37.49965007283687,127.02697139402301,,,,timeout
dyn_pax_1669,3237.0,2026-07-03 09:53:57,521766175#1,company|restaurant|subway_entrance,,332.9365590021661,1411.5585828157227,37.504206724109,127.02441570308932,3731.0,494.0,taxi_respawn_97,picked
dyn_pax_1670,3238.0,2026-07-03 09:53:58,-506191135#2,residential|bus_stop,,236.19733776439384,769.6838415951818,37.49840622577806,127.02347432089968,3736.0,498.0,taxi_respawn_118,picked
dyn_pax_1671,3240.0,2026-07-03 09:54:00,1229817205#0,company|subway_entrance|bus_stop,,599.2457558679199,652.2907550986157,37.497417346160496,127.02760695963683,,,,timeout
dyn_pax_1672,3241.0,2026-07-03 09:54:01,417933642#0,restaurant|bus_stop,,1041.0954363710525,463.30841921497654,37.49579826441859,127.03264736696761,,,,timeout
dyn_pax_1673,3243.0,2026-07-03 09:54:03,521770119#0,restaurant|bus_stop,,548.9831206778387,935.1148840516827,37.499955620541705,127.02697161236954,,,,timeout
dyn_pax_1674,3245.0,2026-07-03 09:54:05,-506191135#22,residential|company|restaurant|bus_stop,,38.693950105848444,1321.9513167019495,37.50334380565249,127.02110990869835,,,,timeout
dyn_pax_1675,3246.0,2026-07-03 09:54:06,521770119#0,restaurant|bus_stop,,548.9831206778387,935.1148840516827,37.499955620541705,127.02697161236954,,,,timeout
dyn_pax_1676,3248.0,2026-07-03 09:54:08,-542367267#1,bus_stop,,247.51018316686128,1414.7184918773391,37.504219024473855,127.02344900430944,3732.0,484.0,taxi_respawn_119,picked
dyn_pax_1677,3249.0,2026-07-03 09:54:09,-541692164#2,subway_entrance,,317.7122087179151,1441.0296574375257,37.504469327730426,127.0242365566347,,,,timeout
dyn_pax_1678,3251.0,2026-07-03 09:54:11,1376141183#0,bus_stop,,548.2528111146681,901.2117688498424,37.49965007283687,127.02697139402301,,,,timeout
dyn_pax_1679,3252.0,2026-07-03 09:54:12,521770116#2,company|restaurant|bus_stop,,432.3182248087171,1108.514093563608,37.50149560521279,127.02561136613096,3731.0,479.0,taxi_respawn_58,picked
dyn_pax_1680,3254.0,2026-07-03 09:54:14,1117538958#3,bus_stop,,160.18899290588462,540.6019911995099,37.49632820280781,127.02266936696756,,,,timeout
dyn_pax_1681,3255.0,2026-07-03 09:54:15,178441450#1,residential|company|restaurant|bus_stop,,282.90243066757296,609.4157395563556,37.496971320837204,127.02404044855805,3751.0,496.0,taxi_37,picked
dyn_pax_1682,3257.0,2026-07-03 09:54:17,1229817205#0,company|subway_entrance|bus_stop,,599.2457558679199,652.2907550986157,37.497417346160496,127.02760695963683,,,,timeout
dyn_pax_1683,3258.0,2026-07-03 09:54:18,521770119#1,restaurant|bus_stop,,527.3115514435282,995.8620162900467,37.50049875494786,127.02671217090477,,,,timeout
dyn_pax_1684,3260.0,2026-07-03 09:54:20,375049565#6,restaurant|subway_entrance|bus_stop,,789.5153251748014,798.8522330112556,37.49877353199428,127.02972351946808,3736.0,476.0,taxi_respawn_112,picked
dyn_pax_1685,3260.0,2026-07-03 09:54:20,1117538958#2,company,,104.12900552775619,520.131995808405,37.496133188537314,127.02204040818502,,,,timeout
dyn_pax_1686,3261.0,2026-07-03 09:54:21,521766182#1,company|restaurant|subway_entrance,,681.695169875507,539.6867345716422,37.496418539503196,127.02856584056028,3756.0,495.0,taxi_respawn_123,picked
dyn_pax_1687,3263.0,2026-07-03 09:54:23,521770116#2,company|restaurant|bus_stop,,432.3182248087171,1108.514093563608,37.50149560521279,127.02561136613096,3740.0,477.0,taxi_respawn_108,picked
dyn_pax_1688,3264.0,2026-07-03 09:54:24,521766175#3,company|restaurant|subway_entrance|bus_stop,,373.6701172395771,1298.610217621072,37.50319695740621,127.02490310718325,3741.0,477.0,taxi_respawn_105,picked
dyn_pax_1689,3266.0,2026-07-03 09:54:26,-541692164#2,subway_entrance,,317.7122087179151,1441.0296574375257,37.504469327730426,127.0242365566347,,,,timeout
dyn_pax_1690,3269.0,2026-07-03 09:54:29,218873820#0,restaurant|subway_entrance|bus_stop,,628.9829311132032,562.4061665928522,37.49661325243901,127.02796447999128,3768.0,499.0,taxi_29,picked
dyn_pax_1691,3272.0,2026-07-03 09:54:32,1117538957#3,restaurant|subway_entrance|bus_stop,,465.5082521847807,644.8780924026132,37.49732530507706,127.02609663221197,3747.0,475.0,taxi_respawn_30,picked
dyn_pax_1692,3274.0,2026-07-03 09:54:34,541692164#1,subway_entrance,,271.6277521231475,1406.6420105391767,37.5041508337347,127.02372362926798,,,,timeout
dyn_pax_1693,3275.0,2026-07-03 09:54:35,1117538957#3,restaurant|subway_entrance|bus_stop,,465.5082521847807,644.8780924026132,37.49732530507706,127.02609663221197,3766.0,491.0,taxi_respawn_129,picked
dyn_pax_1694,3277.0,2026-07-03 09:54:37,-417933645#2,company|restaurant|subway_entrance,,701.1658676593129,719.5455833044954,37.49804244093877,127.02874337560036,,,,timeout
dyn_pax_1695,3278.0,2026-07-03 09:54:38,305539406,company|restaurant|subway_entrance,,566.389495917364,736.5285064605782,37.49816998085155,127.02721550408178,,,,timeout
dyn_pax_1696,3280.0,2026-07-03 09:54:40,1117538958#3,bus_stop,,160.18899290588462,540.6019911995099,37.49632820280781,127.02266936696756,,,,timeout
dyn_pax_1697,3281.0,2026-07-03 09:54:41,1376141183#0,bus_stop,,548.2528111146681,901.2117688498424,37.49965007283687,127.02697139402301,3781.0,500.0,taxi_respawn_49,picked
dyn_pax_1698,3283.0,2026-07-03 09:54:43,1229817205#1,residential|bus_stop,,631.6400080768872,572.7061575261558,37.49670653972221,127.02799208080955,,,,timeout
dyn_pax_1699,3284.0,2026-07-03 09:54:44,521770116#2,company|restaurant|bus_stop,,432.3182248087171,1108.514093563608,37.50149560521279,127.02561136613096,,,,timeout
dyn_pax_1700,3286.0,2026-07-03 09:54:46,375049565#6,restaurant|subway_entrance|bus_stop,,789.5153251748014,798.8522330112556,37.49877353199428,127.02972351946808,,,,timeout
dyn_pax_1701,3287.0,2026-07-03 09:54:47,520307304#0,school|subway_entrance|bus_stop,,602.6035134310263,763.145495629718,37.498416594724866,127.02761864854104,,,,timeout
dyn_pax_1702,3289.0,2026-07-03 09:54:49,494824662#3,company|restaurant|subway_entrance,,729.424850252167,406.6843378518681,37.49522941823122,127.02913698209235,,,,timeout
dyn_pax_1703,3291.0,2026-07-03 09:54:51,480850873,company|restaurant|bus_stop,,548.1935052770749,708.5896639848544,37.49791486187585,127.0270163956136,,,,timeout
dyn_pax_1704,3292.0,2026-07-03 09:54:52,1229817205#1,residential|bus_stop,,631.6400080768872,572.7061575261558,37.49670653972221,127.02799208080955,,,,timeout
dyn_pax_1705,3294.0,2026-07-03 09:54:54,520307304#0,school|subway_entrance|bus_stop,,602.6035134310263,763.145495629718,37.498416594724866,127.02761864854104,,,,timeout
dyn_pax_1706,3295.0,2026-07-03 09:54:55,1229817205#0,company|subway_entrance|bus_stop,,599.2457558679199,652.2907550986157,37.497417346160496,127.02760695963683,,,,timeout
dyn_pax_1707,3300.0,2026-07-03 09:55:00,-506191135#22,residential|company|restaurant|bus_stop,,38.693950105848444,1321.9513167019495,37.50334380565249,127.02110990869835,,,,timeout
dyn_pax_1708,3301.0,2026-07-03 09:55:01,-541692164#2,subway_entrance,,317.7122087179151,1441.0296574375257,37.504469327730426,127.0242365566347,,,,timeout
dyn_pax_1709,3303.0,2026-07-03 09:55:03,521766175#1,company|restaurant|subway_entrance,,332.9365590021661,1411.5585828157227,37.504206724109,127.02441570308932,3792.0,489.0,taxi_respawn_74,picked
dyn_pax_1710,3304.0,2026-07-03 09:55:04,-417933645#2,company|restaurant|subway_entrance,,701.1658676593129,719.5455833044954,37.49804244093877,127.02874337560036,,,,timeout
dyn_pax_1711,3306.0,2026-07-03 09:55:06,520307304#0,school|subway_entrance|bus_stop,,602.6035134310263,763.145495629718,37.498416594724866,127.02761864854104,,,,timeout
dyn_pax_1712,3307.0,2026-07-03 09:55:07,506191135#3,residential|company|restaurant|bus_stop,,238.79972345576414,789.4714057742513,37.49858497042428,127.023499044737,3790.0,483.0,taxi_19,picked
dyn_pax_1713,3309.0,2026-07-03 09:55:09,523141074#0,company|restaurant|subway_entrance,,524.0338794858329,871.4890157117229,37.4993777454413,127.02670460634431,3800.0,491.0,taxi_8,picked
dyn_pax_1714,3310.0,2026-07-03 09:55:10,521766180#1,company|restaurant|bus_stop,,466.73410130235357,1169.2838037446552,37.502049542882666,127.02598608796039,3796.0,486.0,taxi_respawn_59,picked
dyn_pax_1715,3312.0,2026-07-03 09:55:12,1229817205#0,company|subway_entrance|bus_stop,,599.2457558679199,652.2907550986157,37.497417346160496,127.02760695963683,,,,timeout
dyn_pax_1716,3313.0,2026-07-03 09:55:13,178441450#1,residential|company|restaurant|bus_stop,,282.90243066757296,609.4157395563556,37.496971320837204,127.02404044855805,3802.0,489.0,taxi_27,picked
dyn_pax_1717,3315.0,2026-07-03 09:55:15,375049565#6,restaurant|subway_entrance|bus_stop,,789.5153251748014,798.8522330112556,37.49877353199428,127.02972351946808,3796.0,481.0,taxi_respawn_127,picked
dyn_pax_1718,3317.0,2026-07-03 09:55:17,305539406,company|restaurant|subway_entrance,,566.389495917364,736.5285064605782,37.49816998085155,127.02721550408178,,,,timeout
dyn_pax_1719,3318.0,2026-07-03 09:55:18,521766182#1,company|restaurant|subway_entrance,,681.695169875507,539.6867345716422,37.496418539503196,127.02856584056028,,,,timeout
dyn_pax_1720,3318.0,2026-07-03 09:55:18,-379463134#2,restaurant,,527.5499142349145,1277.2476095039178,37.503033607059436,127.02664812966836,3800.0,482.0,taxi_respawn_4,picked
dyn_pax_1721,3320.0,2026-07-03 09:55:20,417933642#0,restaurant|bus_stop,,1041.0954363710525,463.30841921497654,37.49579826441859,127.03264736696761,,,,timeout
dyn_pax_1722,3321.0,2026-07-03 09:55:21,521766175#1,company|restaurant|subway_entrance,,332.9365590021661,1411.5585828157227,37.504206724109,127.02441570308932,3817.0,496.0,taxi_18,picked
dyn_pax_1723,3323.0,2026-07-03 09:55:23,218873820#0,restaurant|subway_entrance|bus_stop,,628.9829311132032,562.4061665928522,37.49661325243901,127.02796447999128,,,,timeout
dyn_pax_1724,3324.0,2026-07-03 09:55:24,218857636#1,residential|company|restaurant|bus_stop,,297.92905089287035,623.2061345250047,37.49709839153085,127.02420706961871,3789.0,465.0,taxi_respawn_80,picked
dyn_pax_1725,3326.0,2026-07-03 09:55:26,-506191135#2,residential|bus_stop,,236.19733776439384,769.6838415951818,37.49840622577806,127.02347432089968,3797.0,471.0,taxi_respawn_86,picked
dyn_pax_1726,3327.0,2026-07-03 09:55:27,218877837#2,company|restaurant|bus_stop,,479.4555212141038,978.0213907550284,37.500328997763305,127.02617530290202,,,,timeout
dyn_pax_1727,3329.0,2026-07-03 09:55:29,521766182#1,company|restaurant|subway_entrance,,681.695169875507,539.6867345716422,37.496418539503196,127.02856584056028,,,,timeout
dyn_pax_1728,3330.0,2026-07-03 09:55:30,375049565#6,restaurant|subway_entrance|bus_stop,,789.5153251748014,798.8522330112556,37.49877353199428,127.02972351946808,,,,timeout
dyn_pax_1729,3332.0,2026-07-03 09:55:32,521770119#1,restaurant|bus_stop,,527.3115514435282,995.8620162900467,37.50049875494786,127.02671217090477,,,,timeout
dyn_pax_1730,3333.0,2026-07-03 09:55:33,494824662#3,company|restaurant|subway_entrance,,729.424850252167,406.6843378518681,37.49522941823122,127.02913698209235,,,,timeout
dyn_pax_1731,3335.0,2026-07-03 09:55:35,506191135#3,residential|company|restaurant|bus_stop,,238.79972345576414,789.4714057742513,37.49858497042428,127.023499044737,,,,timeout
dyn_pax_1732,3336.0,2026-07-03 09:55:36,521766175#3,company|restaurant|subway_entrance|bus_stop,,373.6701172395771,1298.610217621072,37.50319695740621,127.02490310718325,,,,timeout
dyn_pax_1733,3338.0,2026-07-03 09:55:38,375049565#6,restaurant|subway_entrance|bus_stop,,789.5153251748014,798.8522330112556,37.49877353199428,127.02972351946808,,,,timeout
dyn_pax_1734,3340.0,2026-07-03 09:55:40,305539406,company|restaurant|subway_entrance,,566.389495917364,736.5285064605782,37.49816998085155,127.02721550408178,,,,timeout
dyn_pax_1735,3341.0,2026-07-03 09:55:41,-504509918#2,company|restaurant|bus_stop,,398.9694242295193,827.4758220967593,37.49895762305832,127.02530099003066,,,,timeout
dyn_pax_1736,3343.0,2026-07-03 09:55:43,218864491#0,restaurant|bus_stop,,769.9803916976219,760.1217113917903,37.49842094941813,127.02951181742357,,,,timeout
dyn_pax_1737,3344.0,2026-07-03 09:55:44,520307304#0,school|subway_entrance|bus_stop,,602.6035134310263,763.145495629718,37.498416594724866,127.02761864854104,,,,timeout
dyn_pax_1738,3346.0,2026-07-03 09:55:46,1117538957#3,restaurant|subway_entrance|bus_stop,,465.5082521847807,644.8780924026132,37.49732530507706,127.02609663221197,,,,timeout
dyn_pax_1739,3347.0,2026-07-03 09:55:47,218857636#1,residential|company|restaurant|bus_stop,,297.92905089287035,623.2061345250047,37.49709839153085,127.02420706961871,,,,timeout
dyn_pax_1740,3349.0,2026-07-03 09:55:49,520307304#0,school|subway_entrance|bus_stop,,602.6035134310263,763.145495629718,37.498416594724866,127.02761864854104,,,,timeout
dyn_pax_1741,3350.0,2026-07-03 09:55:50,-506191135#22,residential|company|restaurant|bus_stop,,38.693950105848444,1321.9513167019495,37.50334380565249,127.02110990869835,3849.0,499.0,taxi_respawn_133,picked
dyn_pax_1742,3352.0,2026-07-03 09:55:52,218877837#2,company|restaurant|bus_stop,,479.4555212141038,978.0213907550284,37.500328997763305,127.02617530290202,,,,timeout
dyn_pax_1743,3353.0,2026-07-03 09:55:53,375049565#6,restaurant|subway_entrance|bus_stop,,789.5153251748014,798.8522330112556,37.49877353199428,127.02972351946808,,,,timeout
dyn_pax_1744,3355.0,2026-07-03 09:55:55,541692164#1,subway_entrance,,271.6277521231475,1406.6420105391767,37.5041508337347,127.02372362926798,,,,timeout
dyn_pax_1745,3356.0,2026-07-03 09:55:56,218857636#1,residential|company|restaurant|bus_stop,,297.92905089287035,623.2061345250047,37.49709839153085,127.02420706961871,,,,timeout
dyn_pax_1746,3358.0,2026-07-03 09:55:58,-542367267#1,bus_stop,,247.51018316686128,1414.7184918773391,37.504219024473855,127.02344900430944,3856.0,498.0,taxi_respawn_10,picked
dyn_pax_1747,3359.0,2026-07-03 09:55:59,1376141183#0,bus_stop,,548.2528111146681,901.2117688498424,37.49965007283687,127.02697139402301,,,,timeout
dyn_pax_1748,3361.0,2026-07-03 09:56:01,1229817205#0,company|subway_entrance|bus_stop,,599.2457558679199,652.2907550986157,37.497417346160496,127.02760695963683,3851.0,490.0,taxi_respawn_113,picked
dyn_pax_1749,3363.0,2026-07-03 09:56:03,506191135#3,residential|company|restaurant|bus_stop,,238.79972345576414,789.4714057742513,37.49858497042428,127.023499044737,3853.0,490.0,taxi_respawn_106,picked
dyn_pax_1750,3364.0,2026-07-03 09:56:04,-417933645#2,company|restaurant|subway_entrance,,701.1658676593129,719.5455833044954,37.49804244093877,127.02874337560036,,,,timeout
dyn_pax_1751,3366.0,2026-07-03 09:56:06,375049565#6,restaurant|subway_entrance|bus_stop,,789.5153251748014,798.8522330112556,37.49877353199428,127.02972351946808,3856.0,490.0,taxi_respawn_31,picked
dyn_pax_1752,3367.0,2026-07-03 09:56:07,506191135#3,residential|company|restaurant|bus_stop,,238.79972345576414,789.4714057742513,37.49858497042428,127.023499044737,3864.0,497.0,taxi_respawn_111,picked
dyn_pax_1753,3369.0,2026-07-03 09:56:09,218864491#0,restaurant|bus_stop,,769.9803916976219,760.1217113917903,37.49842094941813,127.02951181742357,,,,timeout
dyn_pax_1754,3370.0,2026-07-03 09:56:10,1229817205#0,company|subway_entrance|bus_stop,,599.2457558679199,652.2907550986157,37.497417346160496,127.02760695963683,,,,timeout
dyn_pax_1755,3372.0,2026-07-03 09:56:12,521770116#2,company|restaurant|bus_stop,,432.3182248087171,1108.514093563608,37.50149560521279,127.02561136613096,,,,timeout
dyn_pax_1756,3373.0,2026-07-03 09:56:13,521766175#3,company|restaurant|subway_entrance|bus_stop,,373.6701172395771,1298.610217621072,37.50319695740621,127.02490310718325,,,,timeout
dyn_pax_1757,3375.0,2026-07-03 09:56:15,520307304#0,school|subway_entrance|bus_stop,,602.6035134310263,763.145495629718,37.498416594724866,127.02761864854104,3859.0,484.0,taxi_respawn_116,picked
dyn_pax_1758,3376.0,2026-07-03 09:56:16,218877837#2,company|restaurant|bus_stop,,479.4555212141038,978.0213907550284,37.500328997763305,127.02617530290202,,,,timeout
dyn_pax_1759,3378.0,2026-07-03 09:56:18,1117538958#3,bus_stop,,160.18899290588462,540.6019911995099,37.49632820280781,127.02266936696756,,,,timeout
dyn_pax_1760,3379.0,2026-07-03 09:56:19,-506191135#22,residential|company|restaurant|bus_stop,,38.693950105848444,1321.9513167019495,37.50334380565249,127.02110990869835,,,,timeout
dyn_pax_1761,3384.0,2026-07-03 09:56:24,375049565#6,restaurant|subway_entrance|bus_stop,,789.5153251748014,798.8522330112556,37.49877353199428,127.02972351946808,3864.0,480.0,taxi_respawn_16,picked
dyn_pax_1762,3385.0,2026-07-03 09:56:25,218857636#1,residential|company|restaurant|bus_stop,,297.92905089287035,623.2061345250047,37.49709839153085,127.02420706961871,3881.0,496.0,taxi_respawn_51,picked
dyn_pax_1763,3386.0,2026-07-03 09:56:26,129731857#1,residential|restaurant,,656.8212873140518,799.6615847813327,37.498755780674834,127.02822301071001,3883.0,497.0,taxi_respawn_64,picked
dyn_pax_1764,3387.0,2026-07-03 09:56:27,-417933645#2,company|restaurant|subway_entrance,,701.1658676593129,719.5455833044954,37.49804244093877,127.02874337560036,3879.0,492.0,taxi_13,picked
dyn_pax_1765,3390.0,2026-07-03 09:56:30,521766175#3,company|restaurant|subway_entrance|bus_stop,,373.6701172395771,1298.610217621072,37.50319695740621,127.02490310718325,,,,timeout
dyn_pax_1766,3392.0,2026-07-03 09:56:32,1229817205#1,residential|bus_stop,,631.6400080768872,572.7061575261558,37.49670653972221,127.02799208080955,3888.0,496.0,taxi_respawn_94,picked
dyn_pax_1767,3393.0,2026-07-03 09:56:33,520307304#0,school|subway_entrance|bus_stop,,602.6035134310263,763.145495629718,37.498416594724866,127.02761864854104,3865.0,472.0,taxi_respawn_95,picked
dyn_pax_1768,3395.0,2026-07-03 09:56:35,1117538958#3,bus_stop,,160.18899290588462,540.6019911995099,37.49632820280781,127.02266936696756,,,,timeout
dyn_pax_1769,3396.0,2026-07-03 09:56:36,521766175#1,company|restaurant|subway_entrance,,332.9365590021661,1411.5585828157227,37.504206724109,127.02441570308932,,,,timeout
dyn_pax_1770,3398.0,2026-07-03 09:56:38,494824662#3,company|restaurant|subway_entrance,,729.424850252167,406.6843378518681,37.49522941823122,127.02913698209235,3896.0,498.0,taxi_47,picked
dyn_pax_1771,3399.0,2026-07-03 09:56:39,1229817205#0,company|subway_entrance|bus_stop,,599.2457558679199,652.2907550986157,37.497417346160496,127.02760695963683,,,,timeout
dyn_pax_1772,3401.0,2026-07-03 09:56:41,1229817205#0,company|subway_entrance|bus_stop,,599.2457558679199,652.2907550986157,37.497417346160496,127.02760695963683,,,,timeout
dyn_pax_1773,3402.0,2026-07-03 09:56:42,1229817205#0,company|subway_entrance|bus_stop,,599.2457558679199,652.2907550986157,37.497417346160496,127.02760695963683,,,,timeout
dyn_pax_1774,3404.0,2026-07-03 09:56:44,375049565#6,restaurant|subway_entrance|bus_stop,,789.5153251748014,798.8522330112556,37.49877353199428,127.02972351946808,,,,timeout
dyn_pax_1775,3405.0,2026-07-03 09:56:45,1229817205#0,company|subway_entrance|bus_stop,,599.2457558679199,652.2907550986157,37.497417346160496,127.02760695963683,,,,timeout
dyn_pax_1776,3407.0,2026-07-03 09:56:47,521766180#1,company|restaurant|bus_stop,,466.73410130235357,1169.2838037446552,37.502049542882666,127.02598608796039,3886.0,479.0,taxi_respawn_76,picked
dyn_pax_1777,3408.0,2026-07-03 09:56:48,1229817205#1,residential|bus_stop,,631.6400080768872,572.7061575261558,37.49670653972221,127.02799208080955,,,,timeout
dyn_pax_1778,3410.0,2026-07-03 09:56:50,417933642#0,restaurant|bus_stop,,1041.0954363710525,463.30841921497654,37.49579826441859,127.03264736696761,,,,timeout
dyn_pax_1779,3412.0,2026-07-03 09:56:52,178441450#1,residential|company|restaurant|bus_stop,,282.90243066757296,609.4157395563556,37.496971320837204,127.02404044855805,,,,timeout
dyn_pax_1780,3413.0,2026-07-03 09:56:53,1229817205#1,residential|bus_stop,,631.6400080768872,572.7061575261558,37.49670653972221,127.02799208080955,,,,timeout
dyn_pax_1781,3415.0,2026-07-03 09:56:55,521770116#2,company|restaurant|bus_stop,,432.3182248087171,1108.514093563608,37.50149560521279,127.02561136613096,,,,timeout
dyn_pax_1782,3416.0,2026-07-03 09:56:56,375049565#6,restaurant|subway_entrance|bus_stop,,789.5153251748014,798.8522330112556,37.49877353199428,127.02972351946808,,,,timeout
dyn_pax_1783,3418.0,2026-07-03 09:56:58,520307304#0,school|subway_entrance|bus_stop,,602.6035134310263,763.145495629718,37.498416594724866,127.02761864854104,,,,timeout
dyn_pax_1784,3419.0,2026-07-03 09:56:59,305539406,company|restaurant|subway_entrance,,566.389495917364,736.5285064605782,37.49816998085155,127.02721550408178,3915.0,496.0,taxi_respawn_99,picked
dyn_pax_1785,3421.0,2026-07-03 09:57:01,218873820#0,restaurant|subway_entrance|bus_stop,,628.9829311132032,562.4061665928522,37.49661325243901,127.02796447999128,,,,timeout
dyn_pax_1786,3422.0,2026-07-03 09:57:02,521770119#0,restaurant|bus_stop,,548.9831206778387,935.1148840516827,37.499955620541705,127.02697161236954,,,,timeout
dyn_pax_1787,3424.0,2026-07-03 09:57:04,975332778#1,bus_stop,,681.6099970732737,721.9380561808346,37.49806030190971,127.02852170075586,3917.0,493.0,taxi_respawn_102,picked
dyn_pax_1788,3425.0,2026-07-03 09:57:05,521766175#1,company|restaurant|subway_entrance,,332.9365590021661,1411.5585828157227,37.504206724109,127.02441570308932,3923.0,498.0,taxi_36,picked
dyn_pax_1789,3427.0,2026-07-03 09:57:07,1117538957#3,restaurant|subway_entrance|bus_stop,,465.5082521847807,644.8780924026132,37.49732530507706,127.02609663221197,,,,timeout
dyn_pax_1790,3428.0,2026-07-03 09:57:08,520307304#0,school|subway_entrance|bus_stop,,602.6035134310263,763.145495629718,37.498416594724866,127.02761864854104,,,,timeout
dyn_pax_1791,3430.0,2026-07-03 09:57:10,-506191135#2,residential|bus_stop,,236.19733776439384,769.6838415951818,37.49840622577806,127.02347432089968,3913.0,483.0,taxi_respawn_46,picked
dyn_pax_1792,3431.0,2026-07-03 09:57:11,523141074#0,company|restaurant|subway_entrance,,524.0338794858329,871.4890157117229,37.4993777454413,127.02670460634431,3923.0,492.0,taxi_5,picked
dyn_pax_1793,3433.0,2026-07-03 09:57:13,178441450#1,residential|company|restaurant|bus_stop,,282.90243066757296,609.4157395563556,37.496971320837204,127.02404044855805,3923.0,490.0,taxi_respawn_50,picked
dyn_pax_1794,3435.0,2026-07-03 09:57:15,218857636#1,residential|company|restaurant|bus_stop,,297.92905089287035,623.2061345250047,37.49709839153085,127.02420706961871,3909.0,474.0,taxi_respawn_56,picked
dyn_pax_1795,3436.0,2026-07-03 09:57:16,1229817205#1,residential|bus_stop,,631.6400080768872,572.7061575261558,37.49670653972221,127.02799208080955,,,,timeout
dyn_pax_1796,3438.0,2026-07-03 09:57:18,521770119#1,restaurant|bus_stop,,527.3115514435282,995.8620162900467,37.50049875494786,127.02671217090477,3927.0,489.0,taxi_respawn_6,picked
dyn_pax_1797,3439.0,2026-07-03 09:57:19,494824662#3,company|restaurant|subway_entrance,,729.424850252167,406.6843378518681,37.49522941823122,127.02913698209235,,,,timeout
dyn_pax_1798,3441.0,2026-07-03 09:57:21,-417933645#2,company|restaurant|subway_entrance,,701.1658676593129,719.5455833044954,37.49804244093877,127.02874337560036,,,,timeout
dyn_pax_1799,3442.0,2026-07-03 09:57:22,375049565#6,restaurant|subway_entrance|bus_stop,,789.5153251748014,798.8522330112556,37.49877353199428,127.02972351946808,3924.0,482.0,taxi_respawn_44,picked
dyn_pax_1800,3444.0,2026-07-03 09:57:24,-542367267#1,bus_stop,,247.51018316686128,1414.7184918773391,37.504219024473855,127.02344900430944,,,,timeout
dyn_pax_1801,3445.0,2026-07-03 09:57:25,480850873,company|restaurant|bus_stop,,548.1935052770749,708.5896639848544,37.49791486187585,127.0270163956136,3932.0,487.0,taxi_respawn_124,picked
dyn_pax_1802,3447.0,2026-07-03 09:57:27,521766180#1,company|restaurant|bus_stop,,466.73410130235357,1169.2838037446552,37.502049542882666,127.02598608796039,,,,timeout
dyn_pax_1803,3448.0,2026-07-03 09:57:28,521770116#2,company|restaurant|bus_stop,,432.3182248087171,1108.514093563608,37.50149560521279,127.02561136613096,,,,timeout
dyn_pax_1804,3450.0,2026-07-03 09:57:30,521770119#1,restaurant|bus_stop,,527.3115514435282,995.8620162900467,37.50049875494786,127.02671217090477,,,,timeout
dyn_pax_1805,3451.0,2026-07-03 09:57:31,523141074#0,company|restaurant|subway_entrance,,524.0338794858329,871.4890157117229,37.4993777454413,127.02670460634431,,,,timeout
dyn_pax_1806,3453.0,2026-07-03 09:57:33,506191135#3,residential|company|restaurant|bus_stop,,238.79972345576414,789.4714057742513,37.49858497042428,127.023499044737,3917.0,464.0,taxi_37,picked
dyn_pax_1807,3454.0,2026-07-03 09:57:34,1229817205#0,company|subway_entrance|bus_stop,,599.2457558679199,652.2907550986157,37.497417346160496,127.02760695963683,,,,timeout
dyn_pax_1808,3456.0,2026-07-03 09:57:36,218873820#0,restaurant|subway_entrance|bus_stop,,628.9829311132032,562.4061665928522,37.49661325243901,127.02796447999128,,,,timeout
dyn_pax_1809,3457.0,2026-07-03 09:57:37,521770119#0,restaurant|bus_stop,,548.9831206778387,935.1148840516827,37.499955620541705,127.02697161236954,,,,timeout
dyn_pax_1810,3459.0,2026-07-03 09:57:39,521770119#1,restaurant|bus_stop,,527.3115514435282,995.8620162900467,37.50049875494786,127.02671217090477,,,,timeout
dyn_pax_1811,3461.0,2026-07-03 09:57:41,1229817205#0,company|subway_entrance|bus_stop,,599.2457558679199,652.2907550986157,37.497417346160496,127.02760695963683,,,,timeout
dyn_pax_1812,3462.0,2026-07-03 09:57:42,-506191135#22,residential|company|restaurant|bus_stop,,38.693950105848444,1321.9513167019495,37.50334380565249,127.02110990869835,3951.0,489.0,taxi_respawn_97,picked
dyn_pax_1813,3464.0,2026-07-03 09:57:44,-506191135#22,residential|company|restaurant|bus_stop,,38.693950105848444,1321.9513167019495,37.50334380565249,127.02110990869835,3958.0,494.0,taxi_respawn_15,picked
dyn_pax_1814,3465.0,2026-07-03 09:57:45,-506191135#22,residential|company|restaurant|bus_stop,,38.693950105848444,1321.9513167019495,37.50334380565249,127.02110990869835,,,,timeout
dyn_pax_1815,3467.0,2026-07-03 09:57:47,178441450#1,residential|company|restaurant|bus_stop,,282.90243066757296,609.4157395563556,37.496971320837204,127.02404044855805,,,,timeout
dyn_pax_1816,3468.0,2026-07-03 09:57:48,521766175#3,company|restaurant|subway_entrance|bus_stop,,373.6701172395771,1298.610217621072,37.50319695740621,127.02490310718325,,,,timeout
dyn_pax_1817,3470.0,2026-07-03 09:57:50,-506191135#2,residential|bus_stop,,236.19733776439384,769.6838415951818,37.49840622577806,127.02347432089968,,,,timeout
dyn_pax_1818,3471.0,2026-07-03 09:57:51,178441450#1,residential|company|restaurant|bus_stop,,282.90243066757296,609.4157395563556,37.496971320837204,127.02404044855805,,,,timeout
dyn_pax_1819,3473.0,2026-07-03 09:57:53,218864491#0,restaurant|bus_stop,,769.9803916976219,760.1217113917903,37.49842094941813,127.02951181742357,,,,timeout
dyn_pax_1820,3474.0,2026-07-03 09:57:54,520307304#0,school|subway_entrance|bus_stop,,602.6035134310263,763.145495629718,37.498416594724866,127.02761864854104,3969.0,495.0,taxi_11,picked
dyn_pax_1821,3476.0,2026-07-03 09:57:56,1229817205#1,residential|bus_stop,,631.6400080768872,572.7061575261558,37.49670653972221,127.02799208080955,3974.0,498.0,taxi_respawn_78,picked
dyn_pax_1822,3477.0,2026-07-03 09:57:57,218873820#0,restaurant|subway_entrance|bus_stop,,628.9829311132032,562.4061665928522,37.49661325243901,127.02796447999128,,,,timeout
dyn_pax_1823,3479.0,2026-07-03 09:57:59,1376141183#0,bus_stop,,548.2528111146681,901.2117688498424,37.49965007283687,127.02697139402301,,,,timeout
dyn_pax_1824,3480.0,2026-07-03 09:58:00,218857636#1,residential|company|restaurant|bus_stop,,297.92905089287035,623.2061345250047,37.49709839153085,127.02420706961871,3975.0,495.0,taxi_respawn_119,picked
dyn_pax_1825,3482.0,2026-07-03 09:58:02,506191135#3,residential|company|restaurant|bus_stop,,238.79972345576414,789.4714057742513,37.49858497042428,127.023499044737,3981.0,499.0,taxi_18,picked
dyn_pax_1826,3484.0,2026-07-03 09:58:04,521766180#1,company|restaurant|bus_stop,,466.73410130235357,1169.2838037446552,37.502049542882666,127.02598608796039,,,,timeout
dyn_pax_1827,3485.0,2026-07-03 09:58:05,506191135#3,residential|company|restaurant|bus_stop,,238.79972345576414,789.4714057742513,37.49858497042428,127.023499044737,,,,timeout
dyn_pax_1828,3487.0,2026-07-03 09:58:07,521766182#1,company|restaurant|subway_entrance,,681.695169875507,539.6867345716422,37.496418539503196,127.02856584056028,3980.0,493.0,taxi_respawn_115,picked
dyn_pax_1829,3488.0,2026-07-03 09:58:08,521770119#1,restaurant|bus_stop,,527.3115514435282,995.8620162900467,37.50049875494786,127.02671217090477,,,,timeout
dyn_pax_1830,3490.0,2026-07-03 09:58:10,178441450#1,residential|company|restaurant|bus_stop,,282.90243066757296,609.4157395563556,37.496971320837204,127.02404044855805,3986.0,496.0,taxi_respawn_80,picked
dyn_pax_1831,3491.0,2026-07-03 09:58:11,506191135#3,residential|company|restaurant|bus_stop,,238.79972345576414,789.4714057742513,37.49858497042428,127.023499044737,3987.0,496.0,taxi_respawn_135,picked
dyn_pax_1832,3493.0,2026-07-03 09:58:13,480850873,company|restaurant|bus_stop,,548.1935052770749,708.5896639848544,37.49791486187585,127.0270163956136,3993.0,500.0,taxi_respawn_30,picked
dyn_pax_1833,3494.0,2026-07-03 09:58:14,520307304#0,school|subway_entrance|bus_stop,,602.6035134310263,763.145495629718,37.498416594724866,127.02761864854104,,,,timeout
dyn_pax_1834,3496.0,2026-07-03 09:58:16,520307304#0,school|subway_entrance|bus_stop,,602.6035134310263,763.145495629718,37.498416594724866,127.02761864854104,,,,timeout
dyn_pax_1835,3497.0,2026-07-03 09:58:17,1117538957#3,restaurant|subway_entrance|bus_stop,,465.5082521847807,644.8780924026132,37.49732530507706,127.02609663221197,3979.0,482.0,taxi_respawn_55,picked
dyn_pax_1836,3499.0,2026-07-03 09:58:19,521766175#3,company|restaurant|subway_entrance|bus_stop,,373.6701172395771,1298.610217621072,37.50319695740621,127.02490310718325,3980.0,481.0,taxi_respawn_57,picked
dyn_pax_1837,3500.0,2026-07-03 09:58:20,1229817205#0,company|subway_entrance|bus_stop,,599.2457558679199,652.2907550986157,37.497417346160496,127.02760695963683,,,,timeout
dyn_pax_1838,3502.0,2026-07-03 09:58:22,1117538957#3,restaurant|subway_entrance|bus_stop,,465.5082521847807,644.8780924026132,37.49732530507706,127.02609663221197,3988.0,486.0,taxi_respawn_131,picked
dyn_pax_1839,3503.0,2026-07-03 09:58:23,218873820#0,restaurant|subway_entrance|bus_stop,,628.9829311132032,562.4061665928522,37.49661325243901,127.02796447999128,,,,timeout
dyn_pax_1840,3505.0,2026-07-03 09:58:25,975332778#1,bus_stop,,681.6099970732737,721.9380561808346,37.49806030190971,127.02852170075586,3974.0,469.0,taxi_respawn_105,picked
dyn_pax_1841,3507.0,2026-07-03 09:58:27,375049565#6,restaurant|subway_entrance|bus_stop,,789.5153251748014,798.8522330112556,37.49877353199428,127.02972351946808,3989.0,482.0,taxi_respawn_4,picked
dyn_pax_1842,3508.0,2026-07-03 09:58:28,520307304#0,school|subway_entrance|bus_stop,,602.6035134310263,763.145495629718,37.498416594724866,127.02761864854104,4008.0,500.0,taxi_20,picked
dyn_pax_1843,3511.0,2026-07-03 09:58:31,-541692164#2,subway_entrance,,317.7122087179151,1441.0296574375257,37.504469327730426,127.0242365566347,3975.0,464.0,taxi_respawn_134,picked
dyn_pax_1844,3513.0,2026-07-03 09:58:33,521770119#1,restaurant|bus_stop,,527.3115514435282,995.8620162900467,37.50049875494786,127.02671217090477,4008.0,495.0,taxi_35,picked
dyn_pax_1845,3514.0,2026-07-03 09:58:34,218873820#0,restaurant|subway_entrance|bus_stop,,628.9829311132032,562.4061665928522,37.49661325243901,127.02796447999128,4001.0,487.0,taxi_respawn_20,picked
dyn_pax_1846,3516.0,2026-07-03 09:58:36,-506191135#22,residential|company|restaurant|bus_stop,,38.693950105848444,1321.9513167019495,37.50334380565249,127.02110990869835,3993.0,477.0,taxi_respawn_101,picked
dyn_pax_1847,3517.0,2026-07-03 09:58:37,-504509918#2,company|restaurant|bus_stop,,398.9694242295193,827.4758220967593,37.49895762305832,127.02530099003066,,,,timeout
dyn_pax_1848,3519.0,2026-07-03 09:58:39,-506191135#2,residential|bus_stop,,236.19733776439384,769.6838415951818,37.49840622577806,127.02347432089968,3995.0,476.0,taxi_respawn_38,picked
dyn_pax_1849,3520.0,2026-07-03 09:58:40,-541692164#2,subway_entrance,,317.7122087179151,1441.0296574375257,37.504469327730426,127.0242365566347,,,,timeout
dyn_pax_1850,3522.0,2026-07-03 09:58:42,521766182#1,company|restaurant|subway_entrance,,681.695169875507,539.6867345716422,37.496418539503196,127.02856584056028,3998.0,476.0,taxi_respawn_112,picked
dyn_pax_1851,3523.0,2026-07-03 09:58:43,541692164#1,subway_entrance,,271.6277521231475,1406.6420105391767,37.5041508337347,127.02372362926798,,,,timeout
dyn_pax_1852,3525.0,2026-07-03 09:58:45,1376141182#0,bus_stop,,385.7154046370183,1301.0311255965628,37.50322104370192,127.02503873135461,,,,timeout
dyn_pax_1853,3526.0,2026-07-03 09:58:46,1117538958#3,bus_stop,,160.18899290588462,540.6019911995099,37.49632820280781,127.02266936696756,,,,timeout
dyn_pax_1854,3528.0,2026-07-03 09:58:48,218857636#1,residential|company|restaurant|bus_stop,,297.92905089287035,623.2061345250047,37.49709839153085,127.02420706961871,,,,timeout
dyn_pax_1855,3529.0,2026-07-03 09:58:49,417933642#0,restaurant|bus_stop,,1041.0954363710525,463.30841921497654,37.49579826441859,127.03264736696761,4019.0,490.0,taxi_respawn_89,picked
dyn_pax_1856,3531.0,2026-07-03 09:58:51,521766175#1,company|restaurant|subway_entrance,,332.9365590021661,1411.5585828157227,37.504206724109,127.02441570308932,,,,timeout
dyn_pax_1857,3532.0,2026-07-03 09:58:52,-417750337#0,restaurant,,672.8749254632385,1321.3640627464144,37.50345847130562,127.02828089713113,4013.0,481.0,taxi_respawn_128,picked
dyn_pax_1858,3533.0,2026-07-03 09:58:53,-417933645#2,company|restaurant|subway_entrance,,701.1658676593129,719.5455833044954,37.49804244093877,127.02874337560036,,,,timeout
dyn_pax_1859,3534.0,2026-07-03 09:58:54,1229817205#1,residential|bus_stop,,631.6400080768872,572.7061575261558,37.49670653972221,127.02799208080955,,,,timeout
dyn_pax_1860,3536.0,2026-07-03 09:58:56,-541692164#2,subway_entrance,,317.7122087179151,1441.0296574375257,37.504469327730426,127.0242365566347,,,,timeout
dyn_pax_1861,3537.0,2026-07-03 09:58:57,541692164#1,subway_entrance,,271.6277521231475,1406.6420105391767,37.5041508337347,127.02372362926798,,,,timeout
dyn_pax_1862,3539.0,2026-07-03 09:58:59,520307304#0,school|subway_entrance|bus_stop,,602.6035134310263,763.145495629718,37.498416594724866,127.02761864854104,,,,timeout
dyn_pax_1863,3540.0,2026-07-03 09:59:00,218864491#0,restaurant|bus_stop,,769.9803916976219,760.1217113917903,37.49842094941813,127.02951181742357,4028.0,488.0,taxi_respawn_108,picked
dyn_pax_1864,3542.0,2026-07-03 09:59:02,520307304#0,school|subway_entrance|bus_stop,,602.6035134310263,763.145495629718,37.498416594724866,127.02761864854104,,,,timeout
dyn_pax_1865,3543.0,2026-07-03 09:59:03,521766175#3,company|restaurant|subway_entrance|bus_stop,,373.6701172395771,1298.610217621072,37.50319695740621,127.02490310718325,,,,timeout
dyn_pax_1866,3545.0,2026-07-03 09:59:05,506191135#3,residential|company|restaurant|bus_stop,,238.79972345576414,789.4714057742513,37.49858497042428,127.023499044737,4031.0,486.0,taxi_respawn_10,picked
dyn_pax_1867,3546.0,2026-07-03 09:59:06,375049565#6,restaurant|subway_entrance|bus_stop,,789.5153251748014,798.8522330112556,37.49877353199428,127.02972351946808,,,,timeout
dyn_pax_1868,3548.0,2026-07-03 09:59:08,1117538957#3,restaurant|subway_entrance|bus_stop,,465.5082521847807,644.8780924026132,37.49732530507706,127.02609663221197,,,,timeout
dyn_pax_1869,3549.0,2026-07-03 09:59:09,417933642#0,restaurant|bus_stop,,1041.0954363710525,463.30841921497654,37.49579826441859,127.03264736696761,,,,timeout
dyn_pax_1870,3551.0,2026-07-03 09:59:11,218877837#2,company|restaurant|bus_stop,,479.4555212141038,978.0213907550284,37.500328997763305,127.02617530290202,,,,timeout
dyn_pax_1871,3552.0,2026-07-03 09:59:12,178441450#1,residential|company|restaurant|bus_stop,,282.90243066757296,609.4157395563556,37.496971320837204,127.02404044855805,,,,timeout
dyn_pax_1872,3554.0,2026-07-03 09:59:14,506191135#3,residential|company|restaurant|bus_stop,,238.79972345576414,789.4714057742513,37.49858497042428,127.023499044737,,,,timeout
dyn_pax_1873,3556.0,2026-07-03 09:59:16,-542367267#1,bus_stop,,247.51018316686128,1414.7184918773391,37.504219024473855,127.02344900430944,,,,timeout
dyn_pax_1874,3557.0,2026-07-03 09:59:17,417933642#0,restaurant|bus_stop,,1041.0954363710525,463.30841921497654,37.49579826441859,127.03264736696761,,,,timeout
dyn_pax_1875,3559.0,2026-07-03 09:59:19,178441450#1,residential|company|restaurant|bus_stop,,282.90243066757296,609.4157395563556,37.496971320837204,127.02404044855805,,,,timeout
dyn_pax_1876,3560.0,2026-07-03 09:59:20,-541692164#2,subway_entrance,,317.7122087179151,1441.0296574375257,37.504469327730426,127.0242365566347,,,,timeout
dyn_pax_1877,3562.0,2026-07-03 09:59:22,1229817205#1,residential|bus_stop,,631.6400080768872,572.7061575261558,37.49670653972221,127.02799208080955,,,,timeout
dyn_pax_1878,3563.0,2026-07-03 09:59:23,218864491#0,restaurant|bus_stop,,769.9803916976219,760.1217113917903,37.49842094941813,127.02951181742357,,,,timeout
dyn_pax_1879,3565.0,2026-07-03 09:59:25,521766175#3,company|restaurant|subway_entrance|bus_stop,,373.6701172395771,1298.610217621072,37.50319695740621,127.02490310718325,,,,timeout
dyn_pax_1880,3566.0,2026-07-03 09:59:26,521766180#1,company|restaurant|bus_stop,,466.73410130235357,1169.2838037446552,37.502049542882666,127.02598608796039,,,,timeout
dyn_pax_1881,3568.0,2026-07-03 09:59:28,305539406,company|restaurant|subway_entrance,,566.389495917364,736.5285064605782,37.49816998085155,127.02721550408178,,,,timeout
dyn_pax_1882,3569.0,2026-07-03 09:59:29,218864491#0,restaurant|bus_stop,,769.9803916976219,760.1217113917903,37.49842094941813,127.02951181742357,,,,timeout
dyn_pax_1883,3571.0,2026-07-03 09:59:31,521766175#1,company|restaurant|subway_entrance,,332.9365590021661,1411.5585828157227,37.504206724109,127.02441570308932,,,,timeout
dyn_pax_1884,3572.0,2026-07-03 09:59:32,218864491#0,restaurant|bus_stop,,769.9803916976219,760.1217113917903,37.49842094941813,127.02951181742357,,,,timeout
dyn_pax_1885,3574.0,2026-07-03 09:59:34,218873820#0,restaurant|subway_entrance|bus_stop,,628.9829311132032,562.4061665928522,37.49661325243901,127.02796447999128,,,,timeout
dyn_pax_1886,3575.0,2026-07-03 09:59:35,1117538958#3,bus_stop,,160.18899290588462,540.6019911995099,37.49632820280781,127.02266936696756,,,,timeout
dyn_pax_1887,3577.0,2026-07-03 09:59:37,1229817205#0,company|subway_entrance|bus_stop,,599.2457558679199,652.2907550986157,37.497417346160496,127.02760695963683,,,,timeout
dyn_pax_1888,3579.0,2026-07-03 09:59:39,521766175#3,company|restaurant|subway_entrance|bus_stop,,373.6701172395771,1298.610217621072,37.50319695740621,127.02490310718325,,,,timeout
dyn_pax_1889,3580.0,2026-07-03 09:59:40,520307304#0,school|subway_entrance|bus_stop,,602.6035134310263,763.145495629718,37.498416594724866,127.02761864854104,,,,timeout
dyn_pax_1890,3582.0,2026-07-03 09:59:42,1229817205#0,company|subway_entrance|bus_stop,,599.2457558679199,652.2907550986157,37.497417346160496,127.02760695963683,,,,timeout
dyn_pax_1891,3583.0,2026-07-03 09:59:43,521766175#3,company|restaurant|subway_entrance|bus_stop,,373.6701172395771,1298.610217621072,37.50319695740621,127.02490310718325,,,,timeout
dyn_pax_1892,3585.0,2026-07-03 09:59:45,521766175#3,company|restaurant|subway_entrance|bus_stop,,373.6701172395771,1298.610217621072,37.50319695740621,127.02490310718325,,,,timeout
dyn_pax_1893,3586.0,2026-07-03 09:59:46,178441450#1,residential|company|restaurant|bus_stop,,282.90243066757296,609.4157395563556,37.496971320837204,127.02404044855805,,,,timeout
dyn_pax_1894,3588.0,2026-07-03 09:59:48,218873820#0,restaurant|subway_entrance|bus_stop,,628.9829311132032,562.4061665928522,37.49661325243901,127.02796447999128,,,,timeout
dyn_pax_1895,3589.0,2026-07-03 09:59:49,218857636#1,residential|company|restaurant|bus_stop,,297.92905089287035,623.2061345250047,37.49709839153085,127.02420706961871,,,,timeout
dyn_pax_1896,3591.0,2026-07-03 09:59:51,-541692164#2,subway_entrance,,317.7122087179151,1441.0296574375257,37.504469327730426,127.0242365566347,,,,timeout
dyn_pax_1897,3592.0,2026-07-03 09:59:52,541692164#1,subway_entrance,,271.6277521231475,1406.6420105391767,37.5041508337347,127.02372362926798,,,,timeout
dyn_pax_1898,3594.0,2026-07-03 09:59:54,-417933645#2,company|restaurant|subway_entrance,,701.1658676593129,719.5455833044954,37.49804244093877,127.02874337560036,,,,timeout
dyn_pax_1899,3595.0,2026-07-03 09:59:55,-506191135#2,residential|bus_stop,,236.19733776439384,769.6838415951818,37.49840622577806,127.02347432089968,,,,timeout
dyn_pax_1900,3597.0,2026-07-03 09:59:57,506191135#3,residential|company|restaurant|bus_stop,,238.79972345576414,789.4714057742513,37.49858497042428,127.023499044737,,,,timeout
dyn_pax_1901,3598.0,2026-07-03 09:59:58,-506191135#2,residential|bus_stop,,236.19733776439384,769.6838415951818,37.49840622577806,127.02347432089968,,,,timeout
dyn_pax_1902,3600.0,2026-07-03 10:00:00,-542367267#1,bus_stop,,247.51018316686128,1414.7184918773391,37.504219024473855,127.02344900430944,4086.0,486.0,taxi_respawn_106,picked
dyn_pax_1903,3600.0,2026-07-03 10:00:00,417750337#5,restaurant,,522.3387290339521,1126.7881672814829,37.50167723806998,127.02662489231146,4099.0,499.0,taxi_respawn_83,picked
dyn_pax_1904,3650.0,2026-07-03 10:00:50,129731720#0,residential|company|restaurant,,292.10678712231254,1113.150773394943,37.50151085547559,127.02402489828896,,,,timeout
dyn_pax_1905,3734.0,2026-07-03 10:02:14,-417933646#1,residential|restaurant,,826.6019869456061,577.8075382253838,37.49678928421788,127.03019516859905,4131.0,397.0,taxi_respawn_64,picked
dyn_pax_1906,3799.0,2026-07-03 10:03:19,-1011529829#3,residential|restaurant,,246.84006179949273,776.1178104815556,37.49846619888778,127.02359312469504,4122.0,323.0,taxi_6,picked
dyn_pax_1907,3842.0,2026-07-03 10:04:02,805827757#0,restaurant,,762.3138727549854,912.1862152730512,37.49978934916138,127.02938912364917,4105.0,263.0,taxi_respawn_9,picked
dyn_pax_1908,3890.0,2026-07-03 10:04:50,-256787796#5,restaurant,,631.1882908445458,865.4152262944223,37.499343270516576,127.02791760566556,4115.0,225.0,taxi_respawn_75,picked
dyn_pax_1909,3892.0,2026-07-03 10:04:52,523141074#0,company|restaurant|subway_entrance,,524.0338794858329,871.4890157117229,37.4993777454413,127.02670460634431,4105.0,213.0,taxi_respawn_141,picked
dyn_pax_1910,3986.0,2026-07-03 10:06:26,1537068130#0,residential,,915.247444986279,1279.656751811989,37.50312848832193,127.03103134780491,4106.0,120.0,taxi_respawn_58,picked
dyn_pax_1911,3991.0,2026-07-03 10:06:31,-504227066#3,restaurant,,449.3214735737982,636.1754008755333,37.497243849267164,127.02591568328045,4099.0,108.0,taxi_5,picked
dyn_pax_1912,3998.0,2026-07-03 10:06:38,-1537068129#0,restaurant,,962.1540281232122,1146.7630824504436,37.50194018104768,127.03159317410272,4123.0,125.0,taxi_22,picked
dyn_pax_1913,4011.0,2026-07-03 10:06:51,1117538958#3,bus_stop,,160.18899290588462,540.6019911995099,37.49632820280781,127.02266936696756,4102.0,91.0,taxi_respawn_138,picked
dyn_pax_1914,4026.0,2026-07-03 10:07:06,-129731721#2,company|restaurant,,388.6558839574922,820.9778890483499,37.49889713764622,127.02518592115393,4087.0,61.0,taxi_respawn_107,picked
dyn_pax_1915,4036.0,2026-07-03 10:07:16,309155295#1,restaurant,,764.2225196982893,558.1760304781078,37.4966006705371,127.0294945363528,4189.0,153.0,taxi_respawn_56,picked
dyn_pax_1916,4039.0,2026-07-03 10:07:19,218864491#0,restaurant|bus_stop,,769.9803916976219,760.1217113917903,37.49842094941813,127.02951181742357,4163.0,124.0,taxi_respawn_142,picked
dyn_pax_1917,4051.0,2026-07-03 10:07:31,305539406,company|restaurant|subway_entrance,,566.389495917364,736.5285064605782,37.49816998085155,127.02721550408178,4125.0,74.0,taxi_respawn_134,picked
dyn_pax_1918,4059.0,2026-07-03 10:07:39,-417933646#1,residential|restaurant,,826.6019869456061,577.8075382253838,37.49678928421788,127.03019516859905,4111.0,52.0,taxi_respawn_113,picked
dyn_pax_1919,4061.0,2026-07-03 10:07:41,-504227067#3,restaurant,,527.7289520354611,471.5483450335965,37.495775653483,127.02684121970124,4141.0,80.0,taxi_respawn_16,picked
dyn_pax_1920,4074.0,2026-07-03 10:07:54,417731530,company|restaurant,,191.66975375905443,1429.5779711342507,37.5043423120142,127.02281406437154,4211.0,137.0,taxi_respawn_129,picked
dyn_pax_1921,4097.0,2026-07-03 10:08:17,-805827765,restaurant,,955.7439147780814,1157.0835718820576,37.50203194319751,127.03151825266303,4193.0,96.0,taxi_respawn_140,picked
dyn_pax_1922,4099.0,2026-07-03 10:08:19,506191135#3,residential|company|restaurant|bus_stop,,238.79972345576414,789.4714057742513,37.49858497042428,127.023499044737,4164.0,65.0,taxi_respawn_49,picked
dyn_pax_1923,4104.0,2026-07-03 10:08:24,-256787796#7,restaurant,,650.4923169509016,809.9698095387197,37.49884744554127,127.02814900895488,4177.0,73.0,taxi_respawn_139,picked
dyn_pax_1924,4117.0,2026-07-03 10:08:37,504512001,restaurant,,488.2111633916996,684.0143948730154,37.497682147346794,127.02634403725544,4157.0,40.0,taxi_respawn_74,picked
dyn_pax_1925,4162.0,2026-07-03 10:09:22,117790051#2,restaurant,,558.5532373104973,1361.778638311631,37.503800946163,127.02697864469606,4239.0,77.0,taxi_respawn_6,picked
dyn_pax_1926,4185.0,2026-07-03 10:09:45,417731530,company|restaurant,,191.66975375905443,1429.5779711342507,37.5043423120142,127.02281406437154,4218.0,33.0,taxi_respawn_127,picked
dyn_pax_1927,4220.0,2026-07-03 10:10:20,-379463124,restaurant,,592.9390816363945,1268.4136255899298,37.5029663815994,127.02738959394404,4275.0,55.0,taxi_respawn_38,picked
dyn_pax_1928,4223.0,2026-07-03 10:10:23,-129731721#2,company|restaurant,,388.6558839574922,820.9778890483499,37.49889713764622,127.02518592115393,4270.0,47.0,taxi_respawn_115,picked
dyn_pax_1929,4258.0,2026-07-03 10:10:58,-913950883#1,residential|company|restaurant,,391.36286393582424,840.6655979518604,37.49907500229157,127.0252118555046,4283.0,25.0,taxi_respawn_91,picked
dyn_pax_1930,4263.0,2026-07-03 10:11:03,117790039#0,restaurant,,1059.1652257347846,901.0190091909938,37.49974471524068,127.0327481916661,4328.0,65.0,taxi_respawn_89,picked
dyn_pax_1931,4265.0,2026-07-03 10:11:05,-506191135#22,residential|company|restaurant|bus_stop,,38.693950105848444,1321.9513167019495,37.50334380565249,127.02110990869835,4350.0,85.0,taxi_respawn_143,picked
dyn_pax_1932,4313.0,2026-07-03 10:11:53,129731720#0,residential|company|restaurant,,292.10678712231254,1113.150773394943,37.50151085547559,127.02402489828896,4356.0,43.0,taxi_respawn_146,picked
dyn_pax_1933,4323.0,2026-07-03 10:12:03,417933645#0,residential|restaurant,,823.1026288816429,385.61625104994533,37.49505730126708,127.03020109557775,4393.0,70.0,taxi_respawn_78,picked
dyn_pax_1934,4381.0,2026-07-03 10:13:01,-417933642#4,restaurant,,907.3718228697127,805.8014682006251,37.49885835910486,127.03105443169989,4418.0,37.0,taxi_20,picked
dyn_pax_1935,4384.0,2026-07-03 10:13:04,417750342#0,residential,,845.3624953099543,1340.16590884019,37.50366039527634,127.03022681464076,4474.0,90.0,taxi_respawn_130,picked
dyn_pax_1936,4389.0,2026-07-03 10:13:09,523141074#0,company|restaurant|subway_entrance,,524.0338794858329,871.4890157117229,37.4993777454413,127.02670460634431,4463.0,74.0,taxi_respawn_138,picked
dyn_pax_1937,4452.0,2026-07-03 10:14:12,129731720#0,residential|company|restaurant,,292.10678712231254,1113.150773394943,37.50151085547559,127.02402489828896,4534.0,82.0,taxi_respawn_140,picked
dyn_pax_1938,4467.0,2026-07-03 10:14:27,117790041#3,restaurant,,485.8172797724441,1249.4366376844557,37.50277519064896,127.0261828476699,4530.0,63.0,taxi_respawn_67,picked
dyn_pax_1939,4497.0,2026-07-03 10:14:57,504227069,residential|restaurant,,587.1158993285404,291.7776336445087,37.494167438547194,127.02755526357365,4552.0,55.0,taxi_47,picked
dyn_pax_1940,4517.0,2026-07-03 10:15:17,-379232155,restaurant,,999.2800162208075,449.1965960198298,37.495663263085994,127.03217793178025,4608.0,91.0,taxi_respawn_10,picked
dyn_pax_1941,4535.0,2026-07-03 10:15:35,218877837#0,company,,455.71990885566936,1045.563527646426,37.50093295148158,127.02589090425857,4568.0,33.0,taxi_respawn_151,picked
dyn_pax_1942,4555.0,2026-07-03 10:15:55,-379463130#1,restaurant,,595.1104652489141,1131.7345077296688,37.50173554422087,127.02744655088388,4611.0,56.0,taxi_respawn_127,picked
dyn_pax_1943,4588.0,2026-07-03 10:16:28,494824662#3,company|restaurant|subway_entrance,,729.424850252167,406.6843378518681,37.49522941823122,127.02913698209235,4665.0,77.0,taxi_respawn_149,picked
dyn_pax_1944,4603.0,2026-07-03 10:16:43,-557469300#1,restaurant,,739.5265057687212,1049.0561556697721,37.5010180173999,127.02909905278416,4644.0,41.0,taxi_respawn_4,picked
dyn_pax_1945,4606.0,2026-07-03 10:16:46,-417750336#3,school|company,,868.1859178511071,948.5147012398835,37.50013657861005,127.03057759421064,4638.0,32.0,taxi_respawn_50,picked
dyn_pax_1946,4608.0,2026-07-03 10:16:48,1117538957#3,restaurant|subway_entrance|bus_stop,,465.5082521847807,644.8780924026132,37.49732530507706,127.02609663221197,4659.0,51.0,taxi_respawn_128,picked
dyn_pax_1947,4631.0,2026-07-03 10:17:11,117790036#1,company,,849.7103307162836,1232.6514730855474,37.50269269072902,127.03030143103514,4703.0,72.0,taxi_respawn_138,picked
dyn_pax_1948,4653.0,2026-07-03 10:17:33,-129731721#2,company|restaurant,,388.6558839574922,820.9778890483499,37.49889713764622,127.02518592115393,4706.0,53.0,taxi_respawn_136,picked
dyn_pax_1949,4661.0,2026-07-03 10:17:41,1117538957#0,company|restaurant,,312.91680439510856,589.5311930299885,37.49679787270139,127.0243845203811,4691.0,30.0,taxi_respawn_157,picked
dyn_pax_1950,4664.0,2026-07-03 10:17:44,480850873,company|restaurant|bus_stop,,548.1935052770749,708.5896639848544,37.49791486187585,127.0270163956136,4698.0,34.0,taxi_19,picked
dyn_pax_1951,4739.0,2026-07-03 10:18:59,117790051#2,restaurant,,558.5532373104973,1361.778638311631,37.503800946163,127.02697864469606,4749.0,10.0,taxi_respawn_88,picked
dyn_pax_1952,4757.0,2026-07-03 10:19:17,219837933#0,residential|company,,49.0199205680682,1328.1480294371383,37.503401583976704,127.02122519296726,4830.0,73.0,taxi_41,picked
dyn_pax_1953,4835.0,2026-07-03 10:20:35,417933642#0,restaurant|bus_stop,,1041.0954363710525,463.30841921497654,37.49579826441859,127.03264736696761,4900.0,65.0,taxi_respawn_50,picked
dyn_pax_1954,4880.0,2026-07-03 10:21:20,129731720#0,residential|company|restaurant,,292.10678712231254,1113.150773394943,37.50151085547559,127.02402489828896,4982.0,102.0,taxi_respawn_129,picked
dyn_pax_1955,4946.0,2026-07-03 10:22:26,-117790051#4,restaurant,,448.3479635094145,1379.7889979949318,37.50394236073409,127.02572824341395,5014.0,68.0,taxi_respawn_102,picked
dyn_pax_1956,4958.0,2026-07-03 10:22:38,-504227067#3,restaurant,,527.7289520354611,471.5483450335965,37.495775653483,127.02684121970124,4999.0,41.0,taxi_respawn_149,picked
dyn_pax_1957,4961.0,2026-07-03 10:22:41,-506191135#2,residential|bus_stop,,236.19733776439384,769.6838415951818,37.49840622577806,127.02347432089968,4992.0,31.0,taxi_respawn_120,picked
dyn_pax_1958,4991.0,2026-07-03 10:23:11,-376649996#1,company,,349.947152138941,1.6182517984103069,37.49150877654974,127.02494272030683,5120.0,129.0,taxi_respawn_127,picked
dyn_pax_1959,5039.0,2026-07-03 10:23:59,417933646#0,restaurant,,894.2617302193242,410.3206078764906,37.49529326349135,127.03099977850056,5074.0,35.0,taxi_respawn_20,picked
dyn_pax_1960,5140.0,2026-07-03 10:25:40,-376649996#1,company,,349.947152138941,1.6182517984103069,37.49150877654974,127.02494272030683,5219.0,79.0,taxi_respawn_83,picked
dyn_pax_1961,5147.0,2026-07-03 10:25:47,-417933645#1,restaurant,,753.9829961438405,551.6859834676363,37.49654027420169,127.02938030242663,5184.0,37.0,taxi_8,picked
dyn_pax_1962,5157.0,2026-07-03 10:25:57,-913950883#1,residential|company|restaurant,,391.36286393582424,840.6655979518604,37.49907500229157,127.0252118555046,5183.0,26.0,taxi_respawn_138,picked
dyn_pax_1963,5162.0,2026-07-03 10:26:02,129731859#4,restaurant,,948.3176585840322,968.5888771831698,37.50033252074231,127.03147887955224,5230.0,68.0,taxi_respawn_149,picked
dyn_pax_1964,5266.0,2026-07-03 10:27:46,218877837#2,company|restaurant|bus_stop,,479.4555212141038,978.0213907550284,37.500328997763305,127.02617530290202,5293.0,27.0,taxi_respawn_10,picked
dyn_pax_1965,5276.0,2026-07-03 10:27:56,506191135#3,residential|company|restaurant|bus_stop,,238.79972345576414,789.4714057742513,37.49858497042428,127.023499044737,5293.0,17.0,taxi_respawn_147,picked
dyn_pax_1966,5319.0,2026-07-03 10:28:39,-417933645#2,company|restaurant|subway_entrance,,701.1658676593129,719.5455833044954,37.49804244093877,127.02874337560036,5375.0,56.0,taxi_respawn_115,picked
dyn_pax_1967,5326.0,2026-07-03 10:28:46,494824662#3,company|restaurant|subway_entrance,,729.424850252167,406.6843378518681,37.49522941823122,127.02913698209235,5395.0,69.0,taxi_respawn_76,picked
dyn_pax_1968,5341.0,2026-07-03 10:29:01,-913950883#1,residential|company|restaurant,,391.36286393582424,840.6655979518604,37.49907500229157,127.0252118555046,5409.0,68.0,taxi_respawn_165,picked
dyn_pax_1969,5344.0,2026-07-03 10:29:04,-1537068129#0,restaurant,,962.1540281232122,1146.7630824504436,37.50194018104768,127.03159317410272,5414.0,70.0,taxi_respawn_159,picked
dyn_pax_1970,5389.0,2026-07-03 10:29:49,309155295#0,company|restaurant,,688.2712938579457,529.5739965525526,37.49632868191341,127.02864258735015,5410.0,21.0,taxi_respawn_150,picked
dyn_pax_1971,5392.0,2026-07-03 10:29:52,218864491#0,restaurant|bus_stop,,769.9803916976219,760.1217113917903,37.49842094941813,127.02951181742357,5425.0,33.0,taxi_respawn_94,picked
dyn_pax_1972,5412.0,2026-07-03 10:30:12,-417750337#6,restaurant,,503.6615133291097,1089.1021319971503,37.50133422142063,127.0264226479345,5567.0,155.0,taxi_respawn_132,picked
dyn_pax_1973,5427.0,2026-07-03 10:30:27,1229817205#1,residential|bus_stop,,631.6400080768872,572.7061575261558,37.49670653972221,127.02799208080955,5539.0,112.0,taxi_respawn_143,picked
dyn_pax_1974,5442.0,2026-07-03 10:30:42,-117790045#3,restaurant,,459.7597996777886,1476.3698694609513,37.50481454718326,127.02583436303603,,,,timeout
dyn_pax_1975,5452.0,2026-07-03 10:30:52,379463134#2,restaurant,,492.9894267673794,1254.822149661426,37.50282506050825,127.0262626667944,5516.0,64.0,taxi_respawn_118,picked
dyn_pax_1976,5485.0,2026-07-03 10:31:25,417933646#2,residential|restaurant,,830.3119525357222,594.5819430897021,37.496941093289735,127.0302331440542,5533.0,48.0,taxi_respawn_50,picked
dyn_pax_1977,5493.0,2026-07-03 10:31:33,129731857#2,company,,789.9847076009492,845.2662126154856,37.499191732762846,127.02971783662417,5538.0,45.0,taxi_respawn_154,picked
dyn_pax_1978,5500.0,2026-07-03 10:31:40,117790045#2,restaurant,,537.9561568342307,1283.7183624175188,37.50309386389003,127.02676426064505,5536.0,36.0,taxi_respawn_9,picked
dyn_pax_1979,5503.0,2026-07-03 10:31:43,494824662#3,company|restaurant|subway_entrance,,729.424850252167,406.6843378518681,37.49522941823122,127.02913698209235,5549.0,46.0,taxi_respawn_133,picked
dyn_pax_1980,5513.0,2026-07-03 10:31:53,417933642#2,residential|restaurant,,976.5976168723116,645.9370182109647,37.49743129415275,127.0318749523804,5555.0,42.0,taxi_respawn_116,picked
dyn_pax_1981,5515.0,2026-07-03 10:31:55,-256787796#8,restaurant,,666.7735412908731,765.3811461974922,37.49844885044044,127.02834365925706,5563.0,48.0,taxi_respawn_74,picked
dyn_pax_1982,5525.0,2026-07-03 10:32:05,521766175#1,company|restaurant|subway_entrance,,332.9365590021661,1411.5585828157227,37.504206724109,127.02441570308932,5596.0,71.0,taxi_respawn_140,picked
dyn_pax_1983,5530.0,2026-07-03 10:32:10,-506191135#22,residential|company|restaurant|bus_stop,,38.693950105848444,1321.9513167019495,37.50334380565249,127.02110990869835,5608.0,78.0,taxi_respawn_142,picked
dyn_pax_1984,5566.0,2026-07-03 10:32:46,-506191135#22,residential|company|restaurant|bus_stop,,38.693950105848444,1321.9513167019495,37.50334380565249,127.02110990869835,5614.0,48.0,taxi_respawn_160,picked
dyn_pax_1985,5588.0,2026-07-03 10:33:08,417731530,company|restaurant,,191.66975375905443,1429.5779711342507,37.5043423120142,127.02281406437154,5657.0,69.0,taxi_19,picked
dyn_pax_1986,5591.0,2026-07-03 10:33:11,117790041#3,restaurant,,485.8172797724441,1249.4366376844557,37.50277519064896,127.0261828476699,5697.0,106.0,taxi_respawn_44,picked
dyn_pax_1987,5598.0,2026-07-03 10:33:18,-379463134#1,restaurant,,479.36604535588674,1259.6870258351425,37.50286630987452,127.02610747054479,5662.0,64.0,taxi_respawn_119,picked
dyn_pax_1988,5659.0,2026-07-03 10:34:19,-26163000#3,restaurant,,588.7487146070255,1286.0705793093782,37.50312464930957,127.02733802606956,5708.0,49.0,taxi_41,picked
dyn_pax_1989,5669.0,2026-07-03 10:34:29,305539406,company|restaurant|subway_entrance,,566.389495917364,736.5285064605782,37.49816998085155,127.02721550408178,5734.0,65.0,taxi_respawn_78,picked
dyn_pax_1990,5702.0,2026-07-03 10:35:02,628232693#0,company|restaurant,,644.2623295929467,660.168099777976,37.49749680792099,127.0281140674837,5773.0,71.0,taxi_respawn_166,picked
dyn_pax_1991,5727.0,2026-07-03 10:35:27,975332778#1,bus_stop,,681.6099970732737,721.9380561808346,37.49806030190971,127.02852170075586,5783.0,56.0,taxi_respawn_115,picked
dyn_pax_1992,5740.0,2026-07-03 10:35:40,-504509918#2,company|restaurant|bus_stop,,398.9694242295193,827.4758220967593,37.49895762305832,127.02530099003066,5812.0,72.0,taxi_respawn_156,picked
dyn_pax_1993,5755.0,2026-07-03 10:35:55,417933642#2,residential|restaurant,,976.5976168723116,645.9370182109647,37.49743129415275,127.0318749523804,5787.0,32.0,taxi_respawn_155,picked
dyn_pax_1994,5765.0,2026-07-03 10:36:05,975332778#0,restaurant,,667.9217791522676,716.9366930139246,37.49801266412058,127.02836812020041,5865.0,100.0,taxi_respawn_173,picked
dyn_pax_1995,5772.0,2026-07-03 10:36:12,309155295#2,restaurant,,836.915506927576,584.1196133409687,37.49684809051661,127.03031028233906,5839.0,67.0,taxi_respawn_88,picked
dyn_pax_1996,5835.0,2026-07-03 10:37:15,504227069,residential|restaurant,,587.1158993285404,291.7776336445087,37.494167438547194,127.02755526357365,5924.0,89.0,taxi_respawn_101,picked
dyn_pax_1997,5848.0,2026-07-03 10:37:28,117790051#4,restaurant,,495.1920534812603,1378.4842065286966,37.50393946166789,127.02625823552458,5908.0,60.0,taxi_respawn_31,picked
dyn_pax_1998,5861.0,2026-07-03 10:37:41,521766180#1,company|restaurant|bus_stop,,466.73410130235357,1169.2838037446552,37.502049542882666,127.02598608796039,5897.0,36.0,taxi_8,picked
dyn_pax_1999,5873.0,2026-07-03 10:37:53,218857636#1,residential|company|restaurant|bus_stop,,297.92905089287035,623.2061345250047,37.49709839153085,127.02420706961871,5890.0,17.0,taxi_respawn_50,picked
dyn_pax_2000,5876.0,2026-07-03 10:37:56,1117538957#0,company|restaurant,,312.91680439510856,589.5311930299885,37.49679787270139,127.0243845203811,5893.0,17.0,taxi_respawn_154,picked
dyn_pax_2001,5926.0,2026-07-03 10:38:46,117790051#2,restaurant,,558.5532373104973,1361.778638311631,37.503800946163,127.02697864469606,5973.0,47.0,taxi_respawn_159,picked
dyn_pax_2002,5939.0,2026-07-03 10:38:59,504227069,residential|restaurant,,587.1158993285404,291.7776336445087,37.494167438547194,127.02755526357365,6053.0,114.0,taxi_respawn_143,picked
dyn_pax_2003,5959.0,2026-07-03 10:39:19,218864491#0,restaurant|bus_stop,,769.9803916976219,760.1217113917903,37.49842094941813,127.02951181742357,6010.0,51.0,taxi_respawn_151,picked
dyn_pax_2004,5966.0,2026-07-03 10:39:26,-1011529829#3,residential|restaurant,,246.84006179949273,776.1178104815556,37.49846619888778,127.02359312469504,6063.0,97.0,taxi_respawn_155,picked
dyn_pax_2005,5979.0,2026-07-03 10:39:39,-117790045#2,restaurant,,502.6238788004042,1360.6315306450858,37.50378004402999,127.0263465049606,6011.0,32.0,taxi_respawn_115,picked
dyn_pax_2006,5987.0,2026-07-03 10:39:47,129731720#0,residential|company|restaurant,,292.10678712231254,1113.150773394943,37.50151085547559,127.02402489828896,6059.0,72.0,taxi_respawn_83,picked
dyn_pax_2007,6007.0,2026-07-03 10:40:07,-913950883#1,residential|company|restaurant,,391.36286393582424,840.6655979518604,37.49907500229157,127.0252118555046,6082.0,75.0,taxi_respawn_169,picked
dyn_pax_2008,6029.0,2026-07-03 10:40:29,-117790045#2,restaurant,,502.6238788004042,1360.6315306450858,37.50378004402999,127.0263465049606,6084.0,55.0,taxi_respawn_173,picked
dyn_pax_2009,6042.0,2026-07-03 10:40:42,256787796#0,restaurant,,530.944358998998,1120.7521543106918,37.50162448989409,127.02672362781294,6101.0,59.0,taxi_respawn_99,picked
dyn_pax_2010,6077.0,2026-07-03 10:41:17,417731530,company|restaurant,,191.66975375905443,1429.5779711342507,37.5043423120142,127.02281406437154,6126.0,49.0,taxi_37,picked
dyn_pax_2011,6097.0,2026-07-03 10:41:37,-129731858#1,restaurant,,779.3164249772793,838.8541978668718,37.49913195860003,127.0295987323456,6144.0,47.0,taxi_respawn_38,picked
dyn_pax_2012,6113.0,2026-07-03 10:41:53,521770119#1,restaurant|bus_stop,,527.3115514435282,995.8620162900467,37.50049875494786,127.02671217090477,6201.0,88.0,taxi_respawn_20,picked
dyn_pax_2013,6123.0,2026-07-03 10:42:03,178441450#1,residential|company|restaurant|bus_stop,,282.90243066757296,609.4157395563556,37.496971320837204,127.02404044855805,6217.0,94.0,taxi_respawn_142,picked
dyn_pax_2014,6158.0,2026-07-03 10:42:38,1229817205#1,residential|bus_stop,,631.6400080768872,572.7061575261558,37.49670653972221,127.02799208080955,6225.0,67.0,taxi_respawn_58,picked
dyn_pax_2015,6170.0,2026-07-03 10:42:50,-506191135#22,residential|company|restaurant|bus_stop,,38.693950105848444,1321.9513167019495,37.50334380565249,127.02110990869835,6235.0,65.0,taxi_respawn_137,picked
dyn_pax_2016,6173.0,2026-07-03 10:42:53,521770119#0,restaurant|bus_stop,,548.9831206778387,935.1148840516827,37.499955620541705,127.02697161236954,6204.0,31.0,taxi_respawn_172,picked
dyn_pax_2017,6183.0,2026-07-03 10:43:03,26163000#3,restaurant,,602.970622715944,1275.0711016561868,37.50302824900089,127.02750144434575,6257.0,74.0,taxi_respawn_73,picked
dyn_pax_2018,6186.0,2026-07-03 10:43:06,-117790045#0,restaurant,,544.8147652988505,1238.053441474183,37.50268379633789,127.0268526423962,6267.0,81.0,taxi_respawn_75,picked
dyn_pax_2019,6201.0,2026-07-03 10:43:21,520307304#0,school|subway_entrance|bus_stop,,602.6035134310263,763.145495629718,37.498416594724866,127.02761864854104,6267.0,66.0,taxi_respawn_149,picked
dyn_pax_2020,6218.0,2026-07-03 10:43:38,521766182#1,company|restaurant|subway_entrance,,681.695169875507,539.6867345716422,37.496418539503196,127.02856584056028,6264.0,46.0,taxi_respawn_89,picked
dyn_pax_2021,6251.0,2026-07-03 10:44:11,504509918#0,residential|restaurant,,511.83203920742636,882.9034728009249,37.49947826486711,127.02656393710718,6310.0,59.0,taxi_respawn_177,picked
dyn_pax_2022,6291.0,2026-07-03 10:44:51,542367267#1,company|restaurant,,199.26981683313872,1381.121508122661,37.50390724154084,127.02291151664822,6319.0,28.0,taxi_respawn_175,picked
dyn_pax_2023,6309.0,2026-07-03 10:45:09,-504227067#3,restaurant,,527.7289520354611,471.5483450335965,37.495775653483,127.02684121970124,6396.0,87.0,taxi_respawn_125,picked
dyn_pax_2024,6314.0,2026-07-03 10:45:14,542367267#1,company|restaurant,,199.26981683313872,1381.121508122661,37.50390724154084,127.02291151664822,6380.0,66.0,taxi_respawn_115,picked
dyn_pax_2025,6319.0,2026-07-03 10:45:19,417731530,company|restaurant,,191.66975375905443,1429.5779711342507,37.5043423120142,127.02281406437154,6394.0,75.0,taxi_respawn_57,picked
dyn_pax_2026,6387.0,2026-07-03 10:46:27,417933645#2,residential|company|restaurant,,757.7944798520502,568.4010952306102,37.496691568512986,127.02941943794849,6478.0,91.0,taxi_respawn_143,picked
dyn_pax_2027,6400.0,2026-07-03 10:46:40,521766175#3,company|restaurant|subway_entrance|bus_stop,,373.6701172395771,1298.610217621072,37.50319695740621,127.02490310718325,6450.0,50.0,taxi_respawn_150,picked
dyn_pax_2028,6448.0,2026-07-03 10:47:28,309155295#1,restaurant,,764.2225196982893,558.1760304781078,37.4966006705371,127.0294945363528,6490.0,42.0,taxi_respawn_59,picked
dyn_pax_2029,6453.0,2026-07-03 10:47:33,-129731858#1,restaurant,,779.3164249772793,838.8541978668718,37.49913195860003,127.0295987323456,6549.0,96.0,taxi_respawn_83,picked
dyn_pax_2030,6465.0,2026-07-03 10:47:45,494824662#3,company|restaurant|subway_entrance,,729.424850252167,406.6843378518681,37.49522941823122,127.02913698209235,6513.0,48.0,taxi_respawn_102,picked
dyn_pax_2031,6475.0,2026-07-03 10:47:55,-117790039#2,company|restaurant,,1017.0012393074795,990.846024966068,37.5005459641277,127.03225021068775,6534.0,59.0,taxi_respawn_156,picked
dyn_pax_2032,6503.0,2026-07-03 10:48:23,-417750337#4,restaurant,,542.6552277079157,1139.0745154802132,37.5017917560025,127.02685169754334,,,,timeout
dyn_pax_2033,6531.0,2026-07-03 10:48:51,504227065,company,,441.32681628575455,666.8408278135128,37.497518581743364,127.0258180180219,6589.0,58.0,taxi_respawn_132,picked
dyn_pax_2034,6554.0,2026-07-03 10:49:14,-117790039#4,restaurant,,976.1736160857955,1107.3942396063046,37.50158817580974,127.03176100793065,6640.0,86.0,taxi_8,picked
dyn_pax_2035,6556.0,2026-07-03 10:49:16,-256787796#5,restaurant,,631.1882908445458,865.4152262944223,37.499343270516576,127.02791760566556,6638.0,82.0,taxi_respawn_50,picked
dyn_pax_2036,6566.0,2026-07-03 10:49:26,-129731858#3,restaurant,,760.2046779472714,898.6469063162286,37.49966698472747,127.02936848203807,6648.0,82.0,taxi_respawn_139,picked
dyn_pax_2037,6642.0,2026-07-03 10:50:42,-117790039#4,restaurant,,976.1736160857955,1107.3942396063046,37.50158817580974,127.03176100793065,6694.0,52.0,taxi_respawn_86,picked
dyn_pax_2038,6682.0,2026-07-03 10:51:22,-417933646#1,residential|restaurant,,826.6019869456061,577.8075382253838,37.49678928421788,127.03019516859905,6741.0,59.0,taxi_respawn_150,picked
dyn_pax_2039,6722.0,2026-07-03 10:52:02,-129731721#2,company|restaurant,,388.6558839574922,820.9778890483499,37.49889713764622,127.02518592115393,6802.0,80.0,taxi_respawn_171,picked
dyn_pax_2040,6725.0,2026-07-03 10:52:05,504227067#4,residential|restaurant,,502.84500120553366,479.2066548114549,37.49583994070096,127.02655806263846,6870.0,145.0,taxi_respawn_4,picked
dyn_pax_2041,6763.0,2026-07-03 10:52:43,-504227067#3,restaurant,,527.7289520354611,471.5483450335965,37.495775653483,127.02684121970124,6848.0,85.0,taxi_respawn_184,picked
dyn_pax_2042,6778.0,2026-07-03 10:52:58,256787796#8,restaurant,,646.6563496183319,793.2391486514691,37.49869600620777,127.02810960194483,6832.0,54.0,taxi_respawn_158,picked
dyn_pax_2043,6783.0,2026-07-03 10:53:03,-417933646#4,company|restaurant,,761.9867537178288,747.7080569325292,37.49830761500862,127.02942437673002,6904.0,121.0,taxi_respawn_142,picked
dyn_pax_2044,6790.0,2026-07-03 10:53:10,542367267#1,company|restaurant,,199.26981683313872,1381.121508122661,37.50390724154084,127.02291151664822,6851.0,61.0,taxi_respawn_186,picked
dyn_pax_2045,6806.0,2026-07-03 10:53:26,521766180#1,company|restaurant|bus_stop,,466.73410130235357,1169.2838037446552,37.502049542882666,127.02598608796039,6856.0,50.0,taxi_respawn_165,picked
dyn_pax_2046,6818.0,2026-07-03 10:53:38,-117790045#1,restaurant,,534.0975884889299,1266.9858058167179,37.502942402865294,127.02672459950128,6855.0,37.0,taxi_19,picked
dyn_pax_2047,6828.0,2026-07-03 10:53:48,-506191135#22,residential|company|restaurant|bus_stop,,38.693950105848444,1321.9513167019495,37.50334380565249,127.02110990869835,6908.0,80.0,taxi_respawn_101,picked
dyn_pax_2048,6836.0,2026-07-03 10:53:56,375049565#6,restaurant|subway_entrance|bus_stop,,789.5153251748014,798.8522330112556,37.49877353199428,127.02972351946808,6857.0,21.0,taxi_respawn_129,picked
dyn_pax_2049,6853.0,2026-07-03 10:54:13,-913950883#1,residential|company|restaurant,,391.36286393582424,840.6655979518604,37.49907500229157,127.0252118555046,6951.0,98.0,taxi_respawn_173,picked
dyn_pax_2050,6858.0,2026-07-03 10:54:18,305539406,company|restaurant|subway_entrance,,566.389495917364,736.5285064605782,37.49816998085155,127.02721550408178,6912.0,54.0,taxi_respawn_153,picked
dyn_pax_2051,6899.0,2026-07-03 10:54:59,521770119#0,restaurant|bus_stop,,548.9831206778387,935.1148840516827,37.499955620541705,127.02697161236954,6924.0,25.0,taxi_respawn_179,picked
dyn_pax_2052,6906.0,2026-07-03 10:55:06,417933642#2,residential|restaurant,,976.5976168723116,645.9370182109647,37.49743129415275,127.0318749523804,6983.0,77.0,taxi_respawn_176,picked
dyn_pax_2053,6967.0,2026-07-03 10:56:07,256787796#6,restaurant,,626.4884087870183,851.7135990963859,37.499218954480725,127.02786771303293,7036.0,69.0,taxi_respawn_168,picked
dyn_pax_2054,7010.0,2026-07-03 10:56:50,523141074#0,company|restaurant|subway_entrance,,524.0338794858329,871.4890157117229,37.4993777454413,127.02670460634431,7031.0,21.0,taxi_respawn_186,picked
dyn_pax_2055,7022.0,2026-07-03 10:57:02,-417750336#5,restaurant,,886.0343029737398,891.1232225857099,37.499622942823265,127.030792984823,7096.0,74.0,taxi_respawn_153,picked
dyn_pax_2056,7032.0,2026-07-03 10:57:12,-26163000#1,restaurant,,613.3034084576574,1234.0026207389662,37.50266024308643,127.02762801542576,7097.0,65.0,taxi_respawn_156,picked
dyn_pax_2057,7045.0,2026-07-03 10:57:25,417933646#2,residential|restaurant,,830.3119525357222,594.5819430897021,37.496941093289735,127.0302331440542,7114.0,69.0,taxi_respawn_180,picked
dyn_pax_2058,7090.0,2026-07-03 10:58:10,219837933#0,residential|company,,49.0199205680682,1328.1480294371383,37.503401583976704,127.02122519296726,7168.0,78.0,taxi_respawn_135,picked
dyn_pax_2059,7196.0,2026-07-03 10:59:56,239962780#1,company|restaurant,,78.091042197054,1418.7355011637856,37.504223128704645,127.02153236485597,7218.0,22.0,taxi_36,picked
dyn_pax_2060,7214.0,2026-07-03 11:00:14,117790045#3,restaurant,,504.6202003222114,1382.6101305390487,37.50397841113055,127.02636386411817,7281.0,67.0,taxi_respawn_4,picked
dyn_pax_2061,7241.0,2026-07-03 11:00:41,-557469234,restaurant,,929.7298817515857,1030.9986809445256,37.50089122514563,127.03125394368278,7289.0,48.0,taxi_respawn_168,picked
dyn_pax_2062,7264.0,2026-07-03 11:01:04,504227067#4,residential|restaurant,,502.84500120553366,479.2066548114549,37.49583994070096,127.02655806263846,7344.0,80.0,taxi_respawn_147,picked
dyn_pax_2063,7269.0,2026-07-03 11:01:09,480850873,company|restaurant|bus_stop,,548.1935052770749,708.5896639848544,37.49791486187585,127.0270163956136,7345.0,76.0,taxi_respawn_142,picked
dyn_pax_2064,7289.0,2026-07-03 11:01:29,-129731857#2,restaurant,,875.7452923990509,884.8037873845144,37.499564075208866,127.03067814538078,7348.0,59.0,taxi_respawn_154,picked
dyn_pax_2065,7294.0,2026-07-03 11:01:34,309155295#1,restaurant,,764.2225196982893,558.1760304781078,37.4966006705371,127.0294945363528,7360.0,66.0,taxi_respawn_143,picked
dyn_pax_2066,7307.0,2026-07-03 11:01:47,520307304#0,school|subway_entrance|bus_stop,,602.6035134310263,763.145495629718,37.498416594724866,127.02761864854104,7339.0,32.0,taxi_respawn_179,picked
dyn_pax_2067,7347.0,2026-07-03 11:02:27,-256787796#8,restaurant,,666.7735412908731,765.3811461974922,37.49844885044044,127.02834365925706,7413.0,66.0,taxi_respawn_180,picked
dyn_pax_2068,7352.0,2026-07-03 11:02:32,129731720#0,residential|company|restaurant,,292.10678712231254,1113.150773394943,37.50151085547559,127.02402489828896,7455.0,103.0,taxi_respawn_173,picked
dyn_pax_2069,7357.0,2026-07-03 11:02:37,379463134#0,company,,445.604196565268,1237.9330600893716,37.50266396162017,127.02573088108544,7433.0,76.0,taxi_35,picked
dyn_pax_2070,7373.0,2026-07-03 11:02:53,129731834#0,school,,229.35227593843302,780.2499709424674,37.498500113124294,127.02339441737757,7401.0,28.0,taxi_respawn_101,picked
dyn_pax_2071,7375.0,2026-07-03 11:02:55,239962780#1,company|restaurant,,78.091042197054,1418.7355011637856,37.504223128704645,127.02153236485597,7428.0,53.0,taxi_respawn_95,picked
dyn_pax_2072,7413.0,2026-07-03 11:03:33,379463134#2,restaurant,,492.9894267673794,1254.822149661426,37.50282506050825,127.0262626667944,7460.0,47.0,taxi_respawn_140,picked
dyn_pax_2073,7473.0,2026-07-03 11:04:33,504509918#0,residential|restaurant,,511.83203920742636,882.9034728009249,37.49947826486711,127.02656393710718,7519.0,46.0,taxi_respawn_75,picked
dyn_pax_2074,7511.0,2026-07-03 11:05:11,521766180#1,company|restaurant|bus_stop,,466.73410130235357,1169.2838037446552,37.502049542882666,127.02598608796039,7663.0,152.0,taxi_respawn_31,picked
dyn_pax_2075,7514.0,2026-07-03 11:05:14,239962780#1,company|restaurant,,78.091042197054,1418.7355011637856,37.504223128704645,127.02153236485597,7605.0,91.0,taxi_36,picked
dyn_pax_2076,7544.0,2026-07-03 11:05:44,-379463134#1,restaurant,,479.36604535588674,1259.6870258351425,37.50286630987452,127.02610747054479,7567.0,23.0,taxi_respawn_170,picked
dyn_pax_2077,7551.0,2026-07-03 11:05:51,417750342#0,residential,,845.3624953099543,1340.16590884019,37.50366039527634,127.03022681464076,7632.0,81.0,taxi_respawn_59,picked
dyn_pax_2078,7572.0,2026-07-03 11:06:12,129731859#4,restaurant,,948.3176585840322,968.5888771831698,37.50033252074231,127.03147887955224,7677.0,105.0,taxi_38,picked
dyn_pax_2079,7582.0,2026-07-03 11:06:22,-309155295#1,residential|restaurant,,820.2174803017108,588.0239695218922,37.496880113093034,127.03012056506905,7659.0,77.0,taxi_respawn_188,picked
dyn_pax_2080,7599.0,2026-07-03 11:06:39,-117790062#4,company,,666.6267400273903,1210.7400577041187,37.50246075614395,127.02823646445898,7807.0,208.0,taxi_respawn_177,picked
dyn_pax_2081,7625.0,2026-07-03 11:07:05,-117790031#1,restaurant,,730.7814463439225,1053.3410552584976,37.501054966737435,127.02899915797848,7701.0,76.0,taxi_respawn_129,picked
dyn_pax_2082,7657.0,2026-07-03 11:07:37,218873820#0,restaurant|subway_entrance|bus_stop,,628.9829311132032,562.4061665928522,37.49661325243901,127.02796447999128,7756.0,99.0,taxi_respawn_95,picked
dyn_pax_2083,7667.0,2026-07-03 11:07:47,1376141183#0,bus_stop,,548.2528111146681,901.2117688498424,37.49965007283687,127.02697139402301,7759.0,92.0,taxi_respawn_86,picked
dyn_pax_2084,7685.0,2026-07-03 11:08:05,-417933646#4,company|restaurant,,761.9867537178288,747.7080569325292,37.49830761500862,127.02942437673002,7765.0,80.0,taxi_respawn_78,picked
dyn_pax_2085,7723.0,2026-07-03 11:08:43,-309155295#2,restaurant,,851.6644930724242,598.8503866590313,37.496983571544654,127.03047355257749,7780.0,57.0,taxi_respawn_186,picked
dyn_pax_2086,7740.0,2026-07-03 11:09:00,305539406,company|restaurant|subway_entrance,,566.389495917364,736.5285064605782,37.49816998085155,127.02721550408178,7805.0,65.0,taxi_respawn_101,picked
dyn_pax_2087,7766.0,2026-07-03 11:09:26,-417933645#2,company|restaurant|subway_entrance,,701.1658676593129,719.5455833044954,37.49804244093877,127.02874337560036,7855.0,89.0,taxi_respawn_190,picked
dyn_pax_2088,7793.0,2026-07-03 11:09:53,417750354#1,restaurant,,919.2899707887079,1024.6134421491665,37.5008317366974,127.03113741131199,7869.0,76.0,taxi_respawn_154,picked
dyn_pax_2089,7821.0,2026-07-03 11:10:21,521770119#0,restaurant|bus_stop,,548.9831206778387,935.1148840516827,37.499955620541705,127.02697161236954,7980.0,159.0,taxi_respawn_151,picked
dyn_pax_2090,7851.0,2026-07-03 11:10:51,-417750336#5,restaurant,,886.0343029737398,891.1232225857099,37.499622942823265,127.030792984823,7888.0,37.0,taxi_respawn_165,picked
dyn_pax_2091,7874.0,2026-07-03 11:11:14,-117790045#0,restaurant,,544.8147652988505,1238.053441474183,37.50268379633789,127.0268526423962,7932.0,58.0,taxi_respawn_129,picked
dyn_pax_2092,7879.0,2026-07-03 11:11:19,521770116#2,company|restaurant|bus_stop,,432.3182248087171,1108.514093563608,37.50149560521279,127.02561136613096,7952.0,73.0,taxi_respawn_153,picked
dyn_pax_2093,7909.0,2026-07-03 11:11:49,26163000#3,restaurant,,602.970622715944,1275.0711016561868,37.50302824900089,127.02750144434575,7940.0,31.0,taxi_respawn_185,picked
dyn_pax_2094,7914.0,2026-07-03 11:11:54,129731859#1,restaurant,,770.318180095484,905.1374216517651,37.499727361620906,127.02948129560598,7954.0,40.0,taxi_respawn_9,picked
dyn_pax_2095,7947.0,2026-07-03 11:12:27,129731858#2,restaurant,,783.9672744139122,855.548332172334,37.49928322221005,127.02964736483162,8003.0,56.0,taxi_respawn_95,picked
dyn_pax_2096,7960.0,2026-07-03 11:12:40,494824662#3,company|restaurant|subway_entrance,,729.424850252167,406.6843378518681,37.49522941823122,127.02913698209235,8043.0,83.0,taxi_respawn_173,picked
dyn_pax_2097,7970.0,2026-07-03 11:12:50,129731720#0,residential|company|restaurant,,292.10678712231254,1113.150773394943,37.50151085547559,127.02402489828896,8043.0,73.0,taxi_respawn_168,picked
dyn_pax_2098,8003.0,2026-07-03 11:13:23,1229817205#0,company|subway_entrance|bus_stop,,599.2457558679199,652.2907550986157,37.497417346160496,127.02760695963683,8113.0,110.0,taxi_respawn_170,picked
dyn_pax_2099,8108.0,2026-07-03 11:15:08,-417750337#6,restaurant,,503.6615133291097,1089.1021319971503,37.50133422142063,127.0264226479345,,,,timeout
dyn_pax_2100,8121.0,2026-07-03 11:15:21,309155295#3,restaurant,,868.2249250208004,595.011595969151,37.496952113096654,127.03066169877924,8182.0,61.0,taxi_respawn_143,picked
dyn_pax_2101,8154.0,2026-07-03 11:15:54,-417933646#4,company|restaurant,,761.9867537178288,747.7080569325292,37.49830761500862,127.02942437673002,8172.0,18.0,taxi_5,picked
dyn_pax_2102,8192.0,2026-07-03 11:16:32,521770119#0,restaurant|bus_stop,,548.9831206778387,935.1148840516827,37.499955620541705,127.02697161236954,8338.0,146.0,taxi_respawn_194,picked
dyn_pax_2103,8234.0,2026-07-03 11:17:14,218864491#0,restaurant|bus_stop,,769.9803916976219,760.1217113917903,37.49842094941813,127.02951181742357,8300.0,66.0,taxi_respawn_31,picked
dyn_pax_2104,8252.0,2026-07-03 11:17:32,417731530,company|restaurant,,191.66975375905443,1429.5779711342507,37.5043423120142,127.02281406437154,8289.0,37.0,taxi_respawn_193,picked
dyn_pax_2105,8267.0,2026-07-03 11:17:47,494824662#3,company|restaurant|subway_entrance,,729.424850252167,406.6843378518681,37.49522941823122,127.02913698209235,8320.0,53.0,taxi_respawn_16,picked
dyn_pax_2106,8270.0,2026-07-03 11:17:50,-417750337#2,restaurant,,578.5487433358253,1191.18897592047,37.50226799999912,127.02724519016736,8289.0,19.0,taxi_respawn_119,picked
dyn_pax_2107,8280.0,2026-07-03 11:18:00,309155295#1,restaurant,,764.2225196982893,558.1760304781078,37.4966006705371,127.0294945363528,8299.0,19.0,taxi_respawn_55,picked
dyn_pax_2108,8292.0,2026-07-03 11:18:12,494824662#3,company|restaurant|subway_entrance,,729.424850252167,406.6843378518681,37.49522941823122,127.02913698209235,8386.0,94.0,taxi_respawn_170,picked
dyn_pax_2109,8297.0,2026-07-03 11:18:17,990628460#0,restaurant,,624.9193131653682,704.9656163236222,37.49789670602668,127.02788475117727,8351.0,54.0,taxi_respawn_189,picked
dyn_pax_2110,8315.0,2026-07-03 11:18:35,239962780#1,company|restaurant,,78.091042197054,1418.7355011637856,37.504223128704645,127.02153236485597,8389.0,74.0,taxi_respawn_9,picked
dyn_pax_2111,8360.0,2026-07-03 11:19:20,305539406,company|restaurant|subway_entrance,,566.389495917364,736.5285064605782,37.49816998085155,127.02721550408178,8435.0,75.0,taxi_respawn_157,picked
dyn_pax_2112,8401.0,2026-07-03 11:20:01,504509918#0,residential|restaurant,,511.83203920742636,882.9034728009249,37.49947826486711,127.02656393710718,8425.0,24.0,taxi_respawn_156,picked
dyn_pax_2113,8408.0,2026-07-03 11:20:08,-417933646#1,residential|restaurant,,826.6019869456061,577.8075382253838,37.49678928421788,127.03019516859905,8487.0,79.0,taxi_respawn_135,picked
dyn_pax_2114,8421.0,2026-07-03 11:20:21,521770116#2,company|restaurant|bus_stop,,432.3182248087171,1108.514093563608,37.50149560521279,127.02561136613096,8490.0,69.0,taxi_8,picked
dyn_pax_2115,8504.0,2026-07-03 11:21:44,-417750337#2,restaurant,,578.5487433358253,1191.18897592047,37.50226799999912,127.02724519016736,8535.0,31.0,taxi_respawn_150,picked
dyn_pax_2116,8512.0,2026-07-03 11:21:52,-913950883#1,residential|company|restaurant,,391.36286393582424,840.6655979518604,37.49907500229157,127.0252118555046,8572.0,60.0,taxi_respawn_168,picked
dyn_pax_2117,8522.0,2026-07-03 11:22:02,129733424#0,restaurant,,719.7944869540754,1033.9950883209078,37.500878618503414,127.0288795122034,8596.0,74.0,taxi_respawn_198,picked
dyn_pax_2118,8562.0,2026-07-03 11:22:42,506191135#3,residential|company|restaurant|bus_stop,,238.79972345576414,789.4714057742513,37.49858497042428,127.023499044737,8589.0,27.0,taxi_respawn_158,picked
dyn_pax_2119,8567.0,2026-07-03 11:22:47,1011529829#0,school,,381.1393135972994,834.2751815073392,37.49901550234899,127.0250977784903,8603.0,36.0,taxi_respawn_138,picked
dyn_pax_2120,8648.0,2026-07-03 11:24:08,309155295#0,company|restaurant,,688.2712938579457,529.5739965525526,37.49632868191341,127.02864258735015,8713.0,65.0,taxi_respawn_107,picked
dyn_pax_2121,8655.0,2026-07-03 11:24:15,506191135#3,residential|company|restaurant|bus_stop,,238.79972345576414,789.4714057742513,37.49858497042428,127.023499044737,8749.0,94.0,taxi_respawn_205,picked
dyn_pax_2122,8660.0,2026-07-03 11:24:20,541692164#1,subway_entrance,,271.6277521231475,1406.6420105391767,37.5041508337347,127.02372362926798,8740.0,80.0,taxi_respawn_182,picked
dyn_pax_2123,8668.0,2026-07-03 11:24:28,218877837#2,company|restaurant|bus_stop,,479.4555212141038,978.0213907550284,37.500328997763305,127.02617530290202,8732.0,64.0,taxi_respawn_201,picked
dyn_pax_2124,8675.0,2026-07-03 11:24:35,-506191135#22,residential|company|restaurant|bus_stop,,38.693950105848444,1321.9513167019495,37.50334380565249,127.02110990869835,8761.0,86.0,taxi_respawn_58,picked
dyn_pax_2125,8701.0,2026-07-03 11:25:01,-26163000#3,restaurant,,588.7487146070255,1286.0705793093782,37.50312464930957,127.02733802606956,8712.0,11.0,taxi_respawn_203,picked
dyn_pax_2126,8721.0,2026-07-03 11:25:21,628232693#0,company|restaurant,,644.2623295929467,660.168099777976,37.49749680792099,127.0281140674837,8881.0,160.0,taxi_respawn_173,picked
dyn_pax_2127,8776.0,2026-07-03 11:26:16,417933645#0,residential|restaurant,,823.1026288816429,385.61625104994533,37.49505730126708,127.03020109557775,8847.0,71.0,taxi_respawn_158,picked
dyn_pax_2128,8796.0,2026-07-03 11:26:36,521770119#0,restaurant|bus_stop,,548.9831206778387,935.1148840516827,37.499955620541705,127.02697161236954,8874.0,78.0,taxi_respawn_197,picked
dyn_pax_2129,8806.0,2026-07-03 11:26:46,-542367267#0,company,,179.75773525047865,1390.7576253945435,37.50399035207237,127.02268859703804,8838.0,32.0,taxi_respawn_175,picked
dyn_pax_2130,8809.0,2026-07-03 11:26:49,521766175#1,company|restaurant|subway_entrance,,332.9365590021661,1411.5585828157227,37.504206724109,127.02441570308932,8841.0,32.0,taxi_respawn_204,picked
dyn_pax_2131,8842.0,2026-07-03 11:27:22,129731721#0,company|restaurant,,451.4485582282947,673.334514427724,37.497578992002325,127.0259309178301,8931.0,89.0,taxi_respawn_105,picked
dyn_pax_2132,8847.0,2026-07-03 11:27:27,417750337#1,restaurant,,654.3039749436668,1311.1147669608317,37.50336263595113,127.02807333923603,8889.0,42.0,taxi_respawn_181,picked
dyn_pax_2133,8895.0,2026-07-03 11:28:15,-506191135#22,residential|company|restaurant|bus_stop,,38.693950105848444,1321.9513167019495,37.50334380565249,127.02110990869835,8978.0,83.0,taxi_respawn_196,picked
dyn_pax_2134,8900.0,2026-07-03 11:28:20,-256787796#1,restaurant,,578.741609978934,1014.5790766049616,37.500677080058935,127.02728924469663,8971.0,71.0,taxi_respawn_177,picked
dyn_pax_2135,8920.0,2026-07-03 11:28:40,-129731858#1,restaurant,,779.3164249772793,838.8541978668718,37.49913195860003,127.0295987323456,8962.0,42.0,taxi_respawn_206,picked
dyn_pax_2136,8942.0,2026-07-03 11:29:02,417731530,company|restaurant,,191.66975375905443,1429.5779711342507,37.5043423120142,127.02281406437154,9025.0,83.0,taxi_respawn_119,picked
dyn_pax_2137,8975.0,2026-07-03 11:29:35,218857636#1,residential|company|restaurant|bus_stop,,297.92905089287035,623.2061345250047,37.49709839153085,127.02420706961871,9028.0,53.0,taxi_respawn_203,picked
dyn_pax_2138,9033.0,2026-07-03 11:30:33,375049565#6,restaurant|subway_entrance|bus_stop,,789.5153251748014,798.8522330112556,37.49877353199428,127.02972351946808,9070.0,37.0,taxi_8,picked
dyn_pax_2139,9071.0,2026-07-03 11:31:11,523141074#0,company|restaurant|subway_entrance,,524.0338794858329,871.4890157117229,37.4993777454413,127.02670460634431,9144.0,73.0,taxi_respawn_209,picked
dyn_pax_2140,9076.0,2026-07-03 11:31:16,117790036#1,company,,849.7103307162836,1232.6514730855474,37.50269269072902,127.03030143103514,9180.0,104.0,taxi_respawn_205,picked
dyn_pax_2141,9109.0,2026-07-03 11:31:49,417933645#2,residential|company|restaurant,,757.7944798520502,568.4010952306102,37.496691568512986,127.02941943794849,9150.0,41.0,taxi_respawn_206,picked
dyn_pax_2142,9124.0,2026-07-03 11:32:04,-417750354#1,restaurant,,946.150029211292,974.2465578508335,37.500383078435064,127.03145303198383,9212.0,88.0,taxi_respawn_177,picked
dyn_pax_2143,9227.0,2026-07-03 11:33:47,309155295#2,restaurant,,836.915506927576,584.1196133409687,37.49684809051661,127.03031028233906,9263.0,36.0,taxi_respawn_59,picked
dyn_pax_2144,9240.0,2026-07-03 11:34:00,129733424#0,restaurant,,719.7944869540754,1033.9950883209078,37.500878618503414,127.0288795122034,9269.0,29.0,taxi_respawn_9,picked
dyn_pax_2145,9285.0,2026-07-03 11:34:45,-379463134#6,restaurant,,651.5506250710082,1319.679135788758,37.50343926652266,127.02804017641046,9316.0,31.0,taxi_36,picked
dyn_pax_2146,9323.0,2026-07-03 11:35:23,-129731857#1,restaurant,,773.0987126859483,849.1784152186673,37.4992237894183,127.02952598601298,9384.0,61.0,taxi_respawn_99,picked
dyn_pax_2147,9363.0,2026-07-03 11:36:03,178441450#1,residential|company|restaurant|bus_stop,,282.90243066757296,609.4157395563556,37.496971320837204,127.02404044855805,9458.0,95.0,taxi_respawn_119,picked
dyn_pax_2148,9373.0,2026-07-03 11:36:13,521770119#0,restaurant|bus_stop,,548.9831206778387,935.1148840516827,37.499955620541705,127.02697161236954,9426.0,53.0,taxi_respawn_202,picked
dyn_pax_2149,9431.0,2026-07-03 11:37:11,178441450#1,residential|company|restaurant|bus_stop,,282.90243066757296,609.4157395563556,37.496971320837204,127.02404044855805,9504.0,73.0,taxi_respawn_149,picked
dyn_pax_2150,9439.0,2026-07-03 11:37:19,-506191135#22,residential|company|restaurant|bus_stop,,38.693950105848444,1321.9513167019495,37.50334380565249,127.02110990869835,9508.0,69.0,taxi_respawn_156,picked
dyn_pax_2151,9441.0,2026-07-03 11:37:21,-239954462#0,company,,177.59108854633376,1424.6091910087337,37.50429488616932,127.02265605240045,9516.0,75.0,taxi_respawn_213,picked
dyn_pax_2152,9446.0,2026-07-03 11:37:26,129731858#2,restaurant,,783.9672744139122,855.548332172334,37.49928322221005,127.02964736483162,9498.0,52.0,taxi_respawn_207,picked
dyn_pax_2153,9479.0,2026-07-03 11:37:59,-417933642#4,restaurant,,907.3718228697127,805.8014682006251,37.49885835910486,127.03105443169989,9496.0,17.0,taxi_respawn_57,picked
dyn_pax_2154,9499.0,2026-07-03 11:38:19,504227067#4,residential|restaurant,,502.84500120553366,479.2066548114549,37.49583994070096,127.02655806263846,9563.0,64.0,taxi_8,picked
dyn_pax_2155,9507.0,2026-07-03 11:38:27,-523141073,residential|company,,283.47995026542384,1109.9635024546676,37.50148051131825,127.02392811188028,9594.0,87.0,taxi_respawn_181,picked
dyn_pax_2156,9520.0,2026-07-03 11:38:40,-117823785#1,restaurant,,983.1954817367493,635.6880668681273,37.49734021138362,127.03195197441553,9562.0,42.0,taxi_respawn_177,picked
dyn_pax_2157,9590.0,2026-07-03 11:39:50,-379463134#2,restaurant,,527.5499142349145,1277.2476095039178,37.503033607059436,127.02664812966836,9612.0,22.0,taxi_respawn_161,picked
dyn_pax_2158,9620.0,2026-07-03 11:40:20,129731859#4,restaurant,,948.3176585840322,968.5888771831698,37.50033252074231,127.03147887955224,9746.0,126.0,taxi_respawn_142,picked
dyn_pax_2159,9628.0,2026-07-03 11:40:28,-506191135#22,residential|company|restaurant|bus_stop,,38.693950105848444,1321.9513167019495,37.50334380565249,127.02110990869835,9703.0,75.0,taxi_respawn_99,picked
dyn_pax_2160,9653.0,2026-07-03 11:40:53,417933642#0,restaurant|bus_stop,,1041.0954363710525,463.30841921497654,37.49579826441859,127.03264736696761,9800.0,147.0,taxi_respawn_209,picked
dyn_pax_2161,9666.0,2026-07-03 11:41:06,521770116#2,company|restaurant|bus_stop,,432.3182248087171,1108.514093563608,37.50149560521279,127.02561136613096,9753.0,87.0,taxi_36,picked
dyn_pax_2162,9673.0,2026-07-03 11:41:13,-129731857#1,restaurant,,773.0987126859483,849.1784152186673,37.4992237894183,127.02952598601298,9747.0,74.0,taxi_22,picked
dyn_pax_2163,9688.0,2026-07-03 11:41:28,-129731852,restaurant,,721.4959946165901,929.589824990092,37.499938423771525,127.02892348366522,9776.0,88.0,taxi_respawn_129,picked
dyn_pax_2164,9693.0,2026-07-03 11:41:33,417933646#2,residential|restaurant,,830.3119525357222,594.5819430897021,37.496941093289735,127.0302331440542,9762.0,69.0,taxi_respawn_211,picked
dyn_pax_2165,9827.0,2026-07-03 11:43:47,506191135#3,residential|company|restaurant|bus_stop,,238.79972345576414,789.4714057742513,37.49858497042428,127.023499044737,9847.0,20.0,taxi_respawn_137,picked
dyn_pax_2166,9867.0,2026-07-03 11:44:27,-1011529829#3,residential|restaurant,,246.84006179949273,776.1178104815556,37.49846619888778,127.02359312469504,9920.0,53.0,taxi_respawn_158,picked
dyn_pax_2167,9885.0,2026-07-03 11:44:45,-506191135#22,residential|company|restaurant|bus_stop,,38.693950105848444,1321.9513167019495,37.50334380565249,127.02110990869835,9908.0,23.0,taxi_respawn_119,picked
dyn_pax_2168,9910.0,2026-07-03 11:45:10,129731721#0,company|restaurant,,451.4485582282947,673.334514427724,37.497578992002325,127.0259309178301,10010.0,100.0,taxi_respawn_192,picked
dyn_pax_2169,9925.0,2026-07-03 11:45:25,1117538957#3,restaurant|subway_entrance|bus_stop,,465.5082521847807,644.8780924026132,37.49732530507706,127.02609663221197,10012.0,87.0,taxi_22,picked
dyn_pax_2170,9968.0,2026-07-03 11:46:08,521766175#3,company|restaurant|subway_entrance|bus_stop,,373.6701172395771,1298.610217621072,37.50319695740621,127.02490310718325,10105.0,137.0,taxi_respawn_220,picked
dyn_pax_2171,9973.0,2026-07-03 11:46:13,520307304#0,school|subway_entrance|bus_stop,,602.6035134310263,763.145495629718,37.498416594724866,127.02761864854104,10048.0,75.0,taxi_respawn_151,picked
dyn_pax_2172,10003.0,2026-07-03 11:46:43,178441450#1,residential|company|restaurant|bus_stop,,282.90243066757296,609.4157395563556,37.496971320837204,127.02404044855805,10030.0,27.0,taxi_respawn_57,picked
dyn_pax_2173,10008.0,2026-07-03 11:46:48,117790041#3,restaurant,,485.8172797724441,1249.4366376844557,37.50277519064896,127.0261828476699,10032.0,24.0,taxi_respawn_211,picked
dyn_pax_2174,10024.0,2026-07-03 11:47:04,129731859#6,restaurant,,984.8051641629477,982.1134039896856,37.50046123095764,127.0318882391282,10110.0,86.0,taxi_respawn_216,picked
dyn_pax_2175,10029.0,2026-07-03 11:47:09,219837933#0,residential|company,,49.0199205680682,1328.1480294371383,37.503401583976704,127.02122519296726,10096.0,67.0,taxi_8,picked
dyn_pax_2176,10044.0,2026-07-03 11:47:24,542367267#1,company|restaurant,,199.26981683313872,1381.121508122661,37.50390724154084,127.02291151664822,10094.0,50.0,taxi_respawn_215,picked
dyn_pax_2177,10074.0,2026-07-03 11:47:54,1537068130#0,residential,,915.247444986279,1279.656751811989,37.50312848832193,127.03103134780491,10101.0,27.0,taxi_respawn_196,picked
dyn_pax_2178,10124.0,2026-07-03 11:48:44,-504509918#2,company|restaurant|bus_stop,,398.9694242295193,827.4758220967593,37.49895762305832,127.02530099003066,10178.0,54.0,taxi_respawn_200,picked
dyn_pax_2179,10165.0,2026-07-03 11:49:25,-129731858#3,restaurant,,760.2046779472714,898.6469063162286,37.49966698472747,127.02936848203807,10206.0,41.0,taxi_respawn_150,picked
dyn_pax_2180,10185.0,2026-07-03 11:49:45,256787796#5,restaurant,,616.3422671393917,878.7532899245961,37.49946062055924,127.02774658517313,10255.0,70.0,taxi_respawn_105,picked
dyn_pax_2181,10187.0,2026-07-03 11:49:47,628232693#0,company|restaurant,,644.2623295929467,660.168099777976,37.49749680792099,127.0281140674837,10219.0,32.0,taxi_respawn_156,picked
dyn_pax_2182,10205.0,2026-07-03 11:50:05,521770119#0,restaurant|bus_stop,,548.9831206778387,935.1148840516827,37.499955620541705,127.02697161236954,10325.0,120.0,taxi_respawn_31,picked
dyn_pax_2183,10220.0,2026-07-03 11:50:20,129731858#2,restaurant,,783.9672744139122,855.548332172334,37.49928322221005,127.02964736483162,10286.0,66.0,taxi_respawn_207,picked
dyn_pax_2184,10223.0,2026-07-03 11:50:23,129731857#1,residential|restaurant,,656.8212873140518,799.6615847813327,37.498755780674834,127.02822301071001,10304.0,81.0,taxi_22,picked
dyn_pax_2185,10258.0,2026-07-03 11:50:58,256787796#5,restaurant,,616.3422671393917,878.7532899245961,37.49946062055924,127.02774658517313,10312.0,54.0,taxi_respawn_176,picked
dyn_pax_2186,10260.0,2026-07-03 11:51:00,218877837#2,company|restaurant|bus_stop,,479.4555212141038,978.0213907550284,37.500328997763305,127.02617530290202,10298.0,38.0,taxi_respawn_179,picked
dyn_pax_2187,10311.0,2026-07-03 11:51:51,521766175#1,company|restaurant|subway_entrance,,332.9365590021661,1411.5585828157227,37.504206724109,127.02441570308932,10367.0,56.0,taxi_respawn_214,picked
dyn_pax_2188,10321.0,2026-07-03 11:52:01,802110008,restaurant,,567.9368588148042,1294.4290295528247,37.503196013251454,127.02710071947062,10327.0,6.0,taxi_respawn_119,picked
dyn_pax_2189,10323.0,2026-07-03 11:52:03,-557469300#1,restaurant,,739.5265057687212,1049.0561556697721,37.5010180173999,127.02909905278416,10420.0,97.0,taxi_respawn_147,picked
dyn_pax_2190,10364.0,2026-07-03 11:52:44,-309155295#4,residential|restaurant,,966.4689567179357,639.4784987131154,37.49737120494098,127.0317619612052,10394.0,30.0,taxi_8,picked
dyn_pax_2191,10376.0,2026-07-03 11:52:56,379463130#0,restaurant,,544.1425087303844,1128.5419490598922,37.501697156429024,127.02687101205116,10428.0,52.0,taxi_respawn_173,picked
dyn_pax_2192,10384.0,2026-07-03 11:53:04,379232155,restaurant,,946.0567570824509,480.05346239194995,37.49593120335224,127.03156888346594,10498.0,114.0,taxi_respawn_142,picked
dyn_pax_2193,10386.0,2026-07-03 11:53:06,129731834#0,school,,229.35227593843302,780.2499709424674,37.498500113124294,127.02339441737757,10472.0,86.0,taxi_respawn_215,picked
dyn_pax_2194,10409.0,2026-07-03 11:53:29,129731720#0,residential|company|restaurant,,292.10678712231254,1113.150773394943,37.50151085547559,127.02402489828896,10488.0,79.0,taxi_respawn_59,picked
dyn_pax_2195,10412.0,2026-07-03 11:53:32,-1011529829#3,residential|restaurant,,246.84006179949273,776.1178104815556,37.49846619888778,127.02359312469504,10481.0,69.0,taxi_respawn_220,picked
dyn_pax_2196,10449.0,2026-07-03 11:54:09,-417750354#0,residential,,923.3498430372201,1041.2071047119894,37.5009819832587,127.03117938951307,10534.0,85.0,taxi_respawn_91,picked
dyn_pax_2197,10475.0,2026-07-03 11:54:35,-523141073,residential|company,,283.47995026542384,1109.9635024546676,37.50148051131825,127.02392811188028,10580.0,105.0,taxi_respawn_207,picked
dyn_pax_2198,10500.0,2026-07-03 11:55:00,541692164#1,subway_entrance,,271.6277521231475,1406.6420105391767,37.5041508337347,127.02372362926798,10538.0,38.0,taxi_respawn_187,picked
dyn_pax_2199,10545.0,2026-07-03 11:55:45,-129731834#1,residential,,78.2122165689223,720.9585140244731,37.49793738265588,127.02169964763026,10613.0,68.0,taxi_respawn_184,picked
dyn_pax_2200,10555.0,2026-07-03 11:55:55,218877837#0,company,,455.71990885566936,1045.563527646426,37.50093295148158,127.02589090425857,10566.0,11.0,taxi_respawn_177,picked
dyn_pax_2201,10563.0,2026-07-03 11:56:03,-129731857#1,restaurant,,773.0987126859483,849.1784152186673,37.4992237894183,127.02952598601298,10645.0,82.0,taxi_respawn_223,picked
dyn_pax_2202,10606.0,2026-07-03 11:56:46,-117823785#1,restaurant,,983.1954817367493,635.6880668681273,37.49734021138362,127.03195197441553,10664.0,58.0,taxi_respawn_137,picked
dyn_pax_2203,10631.0,2026-07-03 11:57:11,178441450#1,residential|company|restaurant|bus_stop,,282.90243066757296,609.4157395563556,37.496971320837204,127.02404044855805,10739.0,108.0,taxi_respawn_224,picked
dyn_pax_2204,10633.0,2026-07-03 11:57:13,504227067#4,residential|restaurant,,502.84500120553366,479.2066548114549,37.49583994070096,127.02655806263846,10718.0,85.0,taxi_respawn_187,picked
dyn_pax_2205,10638.0,2026-07-03 11:57:18,417933642#2,residential|restaurant,,976.5976168723116,645.9370182109647,37.49743129415275,127.0318749523804,10690.0,52.0,taxi_respawn_57,picked
dyn_pax_2206,10646.0,2026-07-03 11:57:26,1229817205#1,residential|bus_stop,,631.6400080768872,572.7061575261558,37.49670653972221,127.02799208080955,10692.0,46.0,taxi_22,picked
dyn_pax_2207,10661.0,2026-07-03 11:57:41,309155295#3,restaurant,,868.2249250208004,595.011595969151,37.496952113096654,127.03066169877924,10706.0,45.0,taxi_respawn_30,picked
dyn_pax_2208,10676.0,2026-07-03 11:57:56,-256787796#1,restaurant,,578.741609978934,1014.5790766049616,37.500677080058935,127.02728924469663,10784.0,108.0,taxi_respawn_83,picked
dyn_pax_2209,10691.0,2026-07-03 11:58:11,129731857#2,company,,789.9847076009492,845.2662126154856,37.499191732762846,127.02971783662417,10755.0,64.0,taxi_respawn_176,picked
dyn_pax_2210,10724.0,2026-07-03 11:58:44,521766175#3,company|restaurant|subway_entrance|bus_stop,,373.6701172395771,1298.610217621072,37.50319695740621,127.02490310718325,10761.0,37.0,taxi_respawn_206,picked
dyn_pax_2211,10780.0,2026-07-03 11:59:40,-557469300#1,restaurant,,739.5265057687212,1049.0561556697721,37.5010180173999,127.02909905278416,10843.0,63.0,taxi_respawn_215,picked
dyn_pax_2212,10801.0,2026-07-03 12:00:01,504227065,company,,441.32681628575455,666.8408278135128,37.497518581743364,127.0258180180219,10818.0,17.0,taxi_respawn_55,picked
dyn_pax_2213,10801.0,2026-07-03 12:00:01,480850873,company|restaurant|bus_stop,,548.1935052770749,708.5896639848544,37.49791486187585,127.0270163956136,10812.0,11.0,taxi_respawn_59,picked
dyn_pax_2214,10801.0,2026-07-03 12:00:01,-129731717#1,residential|company|restaurant,,188.433090102474,1374.3511058470413,37.503844200149025,127.0227905913032,10827.0,26.0,taxi_respawn_214,picked
dyn_pax_2215,10801.0,2026-07-03 12:00:01,1056882877#3,residential|company|restaurant,,365.79280968467333,433.0557487307964,37.495398294451746,127.02501948586043,10843.0,42.0,taxi_respawn_217,picked
dyn_pax_2216,10801.0,2026-07-03 12:00:01,-1056882877#5,company|restaurant,,302.41102899925136,583.0415396467946,37.496737424712585,127.0242672800979,10836.0,35.0,taxi_8,picked
dyn_pax_2217,10801.0,2026-07-03 12:00:01,523141074#0,company|restaurant|subway_entrance,,524.0338794858329,871.4890157117229,37.4993777454413,127.02670460634431,10853.0,52.0,taxi_respawn_135,picked
dyn_pax_2218,10801.0,2026-07-03 12:00:01,305539406,company|restaurant|subway_entrance,,566.389495917364,736.5285064605782,37.49816998085155,127.02721550408178,10854.0,53.0,taxi_respawn_4,picked
dyn_pax_2219,10801.0,2026-07-03 12:00:01,309155295#0,company|restaurant,,688.2712938579457,529.5739965525526,37.49632868191341,127.02864258735015,10817.0,16.0,taxi_respawn_173,picked
dyn_pax_2220,10801.0,2026-07-03 12:00:01,523141074#0,company|restaurant|subway_entrance,,524.0338794858329,871.4890157117229,37.4993777454413,127.02670460634431,10908.0,107.0,taxi_respawn_147,picked
dyn_pax_2221,10801.0,2026-07-03 12:00:01,523141074#0,company|restaurant|subway_entrance,,524.0338794858329,871.4890157117229,37.4993777454413,127.02670460634431,10902.0,101.0,taxi_respawn_222,picked
dyn_pax_2222,10801.0,2026-07-03 12:00:01,542367267#1,company|restaurant,,199.26981683313872,1381.121508122661,37.50390724154084,127.02291151664822,10833.0,32.0,taxi_respawn_202,picked
dyn_pax_2223,10801.0,2026-07-03 12:00:01,117790036#1,company,,849.7103307162836,1232.6514730855474,37.50269269072902,127.03030143103514,10853.0,52.0,taxi_respawn_223,picked
dyn_pax_2224,10801.0,2026-07-03 12:00:01,521766180#1,company|restaurant|bus_stop,,466.73410130235357,1169.2838037446552,37.502049542882666,127.02598608796039,10823.0,22.0,taxi_respawn_189,picked
dyn_pax_2225,10801.0,2026-07-03 12:00:01,379463134#0,company,,445.604196565268,1237.9330600893716,37.50266396162017,127.02573088108544,10817.0,16.0,taxi_respawn_190,picked
dyn_pax_2226,10801.0,2026-07-03 12:00:01,219837933#0,residential|company,,49.0199205680682,1328.1480294371383,37.503401583976704,127.02122519296726,10886.0,85.0,taxi_respawn_219,picked
dyn_pax_2227,10801.0,2026-07-03 12:00:01,305539406,company|restaurant|subway_entrance,,566.389495917364,736.5285064605782,37.49816998085155,127.02721550408178,10909.0,108.0,taxi_respawn_156,picked
dyn_pax_2228,10801.0,2026-07-03 12:00:01,1117538957#0,company|restaurant,,312.91680439510856,589.5311930299885,37.49679787270139,127.0243845203811,10811.0,10.0,taxi_respawn_142,picked
dyn_pax_2229,10801.0,2026-07-03 12:00:01,-417933646#4,company|restaurant,,761.9867537178288,747.7080569325292,37.49830761500862,127.02942437673002,10835.0,34.0,taxi_respawn_91,picked
dyn_pax_2230,10801.0,2026-07-03 12:00:01,-376649996#1,company,,349.947152138941,1.6182517984103069,37.49150877654974,127.02494272030683,10977.0,176.0,taxi_respawn_177,picked
dyn_pax_2231,10801.0,2026-07-03 12:00:01,-506191135#22,residential|company|restaurant|bus_stop,,38.693950105848444,1321.9513167019495,37.50334380565249,127.02110990869835,10982.0,181.0,taxi_respawn_143,picked
dyn_pax_2232,10801.0,2026-07-03 12:00:01,-117790062#4,company,,666.6267400273903,1210.7400577041187,37.50246075614395,127.02823646445898,10825.0,24.0,taxi_respawn_205,picked
dyn_pax_2233,10801.0,2026-07-03 12:00:01,-506191135#22,residential|company|restaurant|bus_stop,,38.693950105848444,1321.9513167019495,37.50334380565249,127.02110990869835,11172.0,371.0,taxi_respawn_210,picked
dyn_pax_2234,10801.0,2026-07-03 12:00:01,521770116#2,company|restaurant|bus_stop,,432.3182248087171,1108.514093563608,37.50149560521279,127.02561136613096,11203.0,402.0,taxi_respawn_133,picked
dyn_pax_2235,10801.0,2026-07-03 12:00:01,-417750336#3,school|company,,868.1859178511071,948.5147012398835,37.50013657861005,127.03057759421064,10854.0,53.0,taxi_respawn_153,picked
dyn_pax_2236,10801.0,2026-07-03 12:00:01,-417933645#2,company|restaurant|subway_entrance,,701.1658676593129,719.5455833044954,37.49804244093877,127.02874337560036,11088.0,287.0,taxi_respawn_213,picked
dyn_pax_2237,10801.0,2026-07-03 12:00:01,-129731721#2,company|restaurant,,388.6558839574922,820.9778890483499,37.49889713764622,127.02518592115393,10946.0,145.0,taxi_respawn_9,picked
dyn_pax_2238,10801.0,2026-07-03 12:00:01,542367267#1,company|restaurant,,199.26981683313872,1381.121508122661,37.50390724154084,127.02291151664822,11068.0,267.0,taxi_respawn_179,picked
dyn_pax_2239,10801.0,2026-07-03 12:00:01,-239954462#0,company,,177.59108854633376,1424.6091910087337,37.50429488616932,127.02265605240045,11084.0,283.0,taxi_36,picked
dyn_pax_2240,10801.0,2026-07-03 12:00:01,-542367267#0,company,,179.75773525047865,1390.7576253945435,37.50399035207237,127.02268859703804,11146.0,345.0,taxi_respawn_218,picked
dyn_pax_2241,10801.0,2026-07-03 12:00:01,-523141073,residential|company,,283.47995026542384,1109.9635024546676,37.50148051131825,127.02392811188028,11182.0,381.0,taxi_respawn_105,picked
dyn_pax_2242,10801.0,2026-07-03 12:00:01,219837933#0,residential|company,,49.0199205680682,1328.1480294371383,37.503401583976704,127.02122519296726,10966.0,165.0,taxi_respawn_158,picked
dyn_pax_2243,10801.0,2026-07-03 12:00:01,417731530,company|restaurant,,191.66975375905443,1429.5779711342507,37.5043423120142,127.02281406437154,11138.0,337.0,taxi_respawn_164,picked
dyn_pax_2244,10801.0,2026-07-03 12:00:01,-417933645#2,company|restaurant|subway_entrance,,701.1658676593129,719.5455833044954,37.49804244093877,127.02874337560036,11024.0,223.0,taxi_respawn_212,picked
dyn_pax_2245,10801.0,2026-07-03 12:00:01,239962780#1,company|restaurant,,78.091042197054,1418.7355011637856,37.504223128704645,127.02153236485597,11014.0,213.0,taxi_41,picked
dyn_pax_2246,10801.0,2026-07-03 12:00:01,-129731717#1,residential|company|restaurant,,188.433090102474,1374.3511058470413,37.503844200149025,127.0227905913032,11228.0,427.0,taxi_respawn_198,picked
dyn_pax_2247,10801.0,2026-07-03 12:00:01,523141074#0,company|restaurant|subway_entrance,,524.0338794858329,871.4890157117229,37.4993777454413,127.02670460634431,11078.0,277.0,taxi_respawn_194,picked
dyn_pax_2248,10801.0,2026-07-03 12:00:01,521766180#1,company|restaurant|bus_stop,,466.73410130235357,1169.2838037446552,37.502049542882666,127.02598608796039,10828.0,27.0,taxi_respawn_220,picked
dyn_pax_2249,10801.0,2026-07-03 12:00:01,379463134#0,company,,445.604196565268,1237.9330600893716,37.50266396162017,127.02573088108544,10822.0,21.0,taxi_respawn_113,picked
dyn_pax_2250,10801.0,2026-07-03 12:00:01,1117538957#0,company|restaurant,,312.91680439510856,589.5311930299885,37.49679787270139,127.0243845203811,11012.0,211.0,taxi_respawn_107,picked
dyn_pax_2251,10801.0,2026-07-03 12:00:01,-376649996#1,company,,349.947152138941,1.6182517984103069,37.49150877654974,127.02494272030683,11092.0,291.0,taxi_respawn_161,picked
dyn_pax_2252,10801.0,2026-07-03 12:00:01,521766175#3,company|restaurant|subway_entrance|bus_stop,,373.6701172395771,1298.610217621072,37.50319695740621,127.02490310718325,11185.0,384.0,taxi_38,picked
dyn_pax_2253,10801.0,2026-07-03 12:00:01,129731857#2,company,,789.9847076009492,845.2662126154856,37.499191732762846,127.02971783662417,10878.0,77.0,taxi_respawn_208,picked
dyn_pax_2254,10801.0,2026-07-03 12:00:01,523141074#0,company|restaurant|subway_entrance,,524.0338794858329,871.4890157117229,37.4993777454413,127.02670460634431,10991.0,190.0,taxi_respawn_192,picked
dyn_pax_2255,10801.0,2026-07-03 12:00:01,628232693#0,company|restaurant,,644.2623295929467,660.168099777976,37.49749680792099,127.0281140674837,11281.0,480.0,taxi_respawn_138,picked
dyn_pax_2256,10801.0,2026-07-03 12:00:01,-129731717#1,residential|company|restaurant,,188.433090102474,1374.3511058470413,37.503844200149025,127.0227905913032,10989.0,188.0,taxi_respawn_209,picked
dyn_pax_2257,10801.0,2026-07-03 12:00:01,129731857#2,company,,789.9847076009492,845.2662126154856,37.499191732762846,127.02971783662417,10926.0,125.0,taxi_respawn_129,picked
dyn_pax_2258,10801.0,2026-07-03 12:00:01,305539406,company|restaurant|subway_entrance,,566.389495917364,736.5285064605782,37.49816998085155,127.02721550408178,11095.0,294.0,taxi_respawn_149,picked
dyn_pax_2259,10801.0,2026-07-03 12:00:01,-542367267#0,company,,179.75773525047865,1390.7576253945435,37.50399035207237,127.02268859703804,11069.0,268.0,taxi_respawn_221,picked
dyn_pax_2260,10801.0,2026-07-03 12:00:01,117790036#1,company,,849.7103307162836,1232.6514730855474,37.50269269072902,127.03030143103514,,,,timeout
dyn_pax_2261,10801.0,2026-07-03 12:00:01,523141074#0,company|restaurant|subway_entrance,,524.0338794858329,871.4890157117229,37.4993777454413,127.02670460634431,,,,timeout
dyn_pax_2262,10801.0,2026-07-03 12:00:01,129731857#2,company,,789.9847076009492,845.2662126154856,37.499191732762846,127.02971783662417,10938.0,137.0,taxi_respawn_150,picked
dyn_pax_2263,10801.0,2026-07-03 12:00:01,521766175#1,company|restaurant|subway_entrance,,332.9365590021661,1411.5585828157227,37.504206724109,127.02441570308932,11269.0,468.0,taxi_respawn_128,picked
dyn_pax_2264,10801.0,2026-07-03 12:00:01,417933645#2,residential|company|restaurant,,757.7944798520502,568.4010952306102,37.496691568512986,127.02941943794849,11060.0,259.0,taxi_respawn_203,picked
dyn_pax_2265,10801.0,2026-07-03 12:00:01,523141074#0,company|restaurant|subway_entrance,,524.0338794858329,871.4890157117229,37.4993777454413,127.02670460634431,,,,timeout
dyn_pax_2266,10801.0,2026-07-03 12:00:01,-239954462#0,company,,177.59108854633376,1424.6091910087337,37.50429488616932,127.02265605240045,11158.0,357.0,taxi_respawn_216,picked
dyn_pax_2267,10801.0,2026-07-03 12:00:01,-1056882877#5,company|restaurant,,302.41102899925136,583.0415396467946,37.496737424712585,127.0242672800979,11008.0,207.0,taxi_respawn_204,picked
dyn_pax_2268,10801.0,2026-07-03 12:00:01,-504509918#2,company|restaurant|bus_stop,,398.9694242295193,827.4758220967593,37.49895762305832,127.02530099003066,11056.0,255.0,taxi_respawn_78,picked
dyn_pax_2269,10801.0,2026-07-03 12:00:01,1117538958#2,company,,104.12900552775619,520.131995808405,37.496133188537314,127.02204040818502,11115.0,314.0,taxi_respawn_199,picked
dyn_pax_2270,10801.0,2026-07-03 12:00:01,129731720#0,residential|company|restaurant,,292.10678712231254,1113.150773394943,37.50151085547559,127.02402489828896,11146.0,345.0,taxi_respawn_200,picked
dyn_pax_2271,10801.0,2026-07-03 12:00:01,129731721#0,company|restaurant,,451.4485582282947,673.334514427724,37.497578992002325,127.0259309178301,10927.0,126.0,taxi_respawn_160,picked
dyn_pax_2272,10801.0,2026-07-03 12:00:01,417933645#2,residential|company|restaurant,,757.7944798520502,568.4010952306102,37.496691568512986,127.02941943794849,11009.0,208.0,taxi_respawn_140,picked
dyn_pax_2273,10801.0,2026-07-03 12:00:01,523141074#0,company|restaurant|subway_entrance,,524.0338794858329,871.4890157117229,37.4993777454413,127.02670460634431,11167.0,366.0,taxi_respawn_170,picked
dyn_pax_2274,10801.0,2026-07-03 12:00:01,521766175#3,company|restaurant|subway_entrance|bus_stop,,373.6701172395771,1298.610217621072,37.50319695740621,127.02490310718325,11192.0,391.0,taxi_respawn_172,picked
dyn_pax_2275,10801.0,2026-07-03 12:00:01,239962780#1,company|restaurant,,78.091042197054,1418.7355011637856,37.504223128704645,127.02153236485597,11193.0,392.0,taxi_respawn_31,picked
dyn_pax_2276,10801.0,2026-07-03 12:00:01,521770116#2,company|restaurant|bus_stop,,432.3182248087171,1108.514093563608,37.50149560521279,127.02561136613096,11119.0,318.0,taxi_respawn_181,picked
dyn_pax_2277,10801.0,2026-07-03 12:00:01,628232693#0,company|restaurant,,644.2623295929467,660.168099777976,37.49749680792099,127.0281140674837,11107.0,306.0,taxi_respawn_191,picked
dyn_pax_2278,10801.0,2026-07-03 12:00:01,506191135#3,residential|company|restaurant|bus_stop,,238.79972345576414,789.4714057742513,37.49858497042428,127.023499044737,11092.0,291.0,taxi_respawn_154,picked
dyn_pax_2279,10801.0,2026-07-03 12:00:01,-239954462#0,company,,177.59108854633376,1424.6091910087337,37.50429488616932,127.02265605240045,11229.0,428.0,taxi_respawn_165,picked
dyn_pax_2280,10801.0,2026-07-03 12:00:01,521766182#1,company|restaurant|subway_entrance,,681.695169875507,539.6867345716422,37.496418539503196,127.02856584056028,11101.0,300.0,taxi_respawn_175,picked
dyn_pax_2281,10845.0,2026-07-03 12:00:45,-542367267#1,bus_stop,,247.51018316686128,1414.7184918773391,37.504219024473855,127.02344900430944,10986.0,141.0,taxi_respawn_30,picked
dyn_pax_2282,10868.0,2026-07-03 12:01:08,305539406,company|restaurant|subway_entrance,,566.389495917364,736.5285064605782,37.49816998085155,127.02721550408178,11000.0,132.0,taxi_respawn_59,picked
dyn_pax_2283,10870.0,2026-07-03 12:01:10,521766175#1,company|restaurant|subway_entrance,,332.9365590021661,1411.5585828157227,37.504206724109,127.02441570308932,11009.0,139.0,taxi_respawn_176,picked
dyn_pax_2284,10876.0,2026-07-03 12:01:16,541692164#1,subway_entrance,,271.6277521231475,1406.6420105391767,37.5041508337347,127.02372362926798,11078.0,202.0,taxi_respawn_137,picked
dyn_pax_2285,10896.0,2026-07-03 12:01:36,1376141183#0,bus_stop,,548.2528111146681,901.2117688498424,37.49965007283687,127.02697139402301,11013.0,117.0,taxi_respawn_57,picked
dyn_pax_2286,10898.0,2026-07-03 12:01:38,-417933645#2,company|restaurant|subway_entrance,,701.1658676593129,719.5455833044954,37.49804244093877,127.02874337560036,11111.0,213.0,taxi_respawn_184,picked
dyn_pax_2287,10904.0,2026-07-03 12:01:44,218877837#2,company|restaurant|bus_stop,,479.4555212141038,978.0213907550284,37.500328997763305,127.02617530290202,11291.0,387.0,taxi_respawn_102,picked
dyn_pax_2288,10906.0,2026-07-03 12:01:46,628232693#0,company|restaurant,,644.2623295929467,660.168099777976,37.49749680792099,127.0281140674837,11045.0,139.0,taxi_respawn_142,picked
dyn_pax_2289,10908.0,2026-07-03 12:01:48,-417933645#2,company|restaurant|subway_entrance,,701.1658676593129,719.5455833044954,37.49804244093877,127.02874337560036,11046.0,138.0,taxi_22,picked
dyn_pax_2290,10921.0,2026-07-03 12:02:01,375049565#6,restaurant|subway_entrance|bus_stop,,789.5153251748014,798.8522330112556,37.49877353199428,127.02972351946808,11018.0,97.0,taxi_respawn_224,picked
dyn_pax_2291,10932.0,2026-07-03 12:02:12,521770119#1,restaurant|bus_stop,,527.3115514435282,995.8620162900467,37.50049875494786,127.02671217090477,11077.0,145.0,taxi_respawn_189,picked
dyn_pax_2292,10938.0,2026-07-03 12:02:18,417750337#2,restaurant,,602.0112566641748,1239.22102407953,37.50270511928559,127.02749909599581,10997.0,59.0,taxi_respawn_207,picked
dyn_pax_2293,10946.0,2026-07-03 12:02:26,178441450#1,residential|company|restaurant|bus_stop,,282.90243066757296,609.4157395563556,37.496971320837204,127.02404044855805,11033.0,87.0,taxi_respawn_214,picked
dyn_pax_2294,10966.0,2026-07-03 12:02:46,-417933645#2,company|restaurant|subway_entrance,,701.1658676593129,719.5455833044954,37.49804244093877,127.02874337560036,11181.0,215.0,taxi_respawn_187,picked
dyn_pax_2295,10979.0,2026-07-03 12:02:59,379463134#3,restaurant,,544.2510512741843,1273.4484249309019,37.503002538586315,127.0268378740983,11064.0,85.0,taxi_respawn_220,picked
dyn_pax_2296,10994.0,2026-07-03 12:03:14,521770119#0,restaurant|bus_stop,,548.9831206778387,935.1148840516827,37.499955620541705,127.02697161236954,11063.0,69.0,taxi_respawn_83,picked
dyn_pax_2297,10999.0,2026-07-03 12:03:19,218877837#2,company|restaurant|bus_stop,,479.4555212141038,978.0213907550284,37.500328997763305,127.02617530290202,11202.0,203.0,taxi_respawn_4,picked
dyn_pax_2298,11037.0,2026-07-03 12:03:57,219837933#0,residential|company,,49.0199205680682,1328.1480294371383,37.503401583976704,127.02122519296726,11235.0,198.0,taxi_respawn_206,picked
dyn_pax_2299,11038.0,2026-07-03 12:03:58,521766182#1,company|restaurant|subway_entrance,,681.695169875507,539.6867345716422,37.496418539503196,127.02856584056028,11119.0,81.0,taxi_respawn_217,picked
dyn_pax_2300,11044.0,2026-07-03 12:04:04,628232693#0,company|restaurant,,644.2623295929467,660.168099777976,37.49749680792099,127.0281140674837,11136.0,92.0,taxi_respawn_91,picked
dyn_pax_2301,11049.0,2026-07-03 12:04:09,521766180#1,company|restaurant|bus_stop,,466.73410130235357,1169.2838037446552,37.502049542882666,127.02598608796039,11178.0,129.0,taxi_respawn_135,picked
dyn_pax_2302,11054.0,2026-07-03 12:04:14,504227067#4,residential|restaurant,,502.84500120553366,479.2066548114549,37.49583994070096,127.02655806263846,11117.0,63.0,taxi_respawn_9,picked
dyn_pax_2303,11058.0,2026-07-03 12:04:18,218857636#1,residential|company|restaurant|bus_stop,,297.92905089287035,623.2061345250047,37.49709839153085,127.02420706961871,11126.0,68.0,taxi_respawn_147,picked
dyn_pax_2304,11061.0,2026-07-03 12:04:21,521770119#0,restaurant|bus_stop,,548.9831206778387,935.1148840516827,37.499955620541705,127.02697161236954,11198.0,137.0,taxi_respawn_129,picked
dyn_pax_2305,11075.0,2026-07-03 12:04:35,218857636#1,residential|company|restaurant|bus_stop,,297.92905089287035,623.2061345250047,37.49709839153085,127.02420706961871,11181.0,106.0,taxi_respawn_190,picked
dyn_pax_2306,11094.0,2026-07-03 12:04:54,521770116#2,company|restaurant|bus_stop,,432.3182248087171,1108.514093563608,37.50149560521279,127.02561136613096,11302.0,208.0,taxi_respawn_225,picked
dyn_pax_2307,11095.0,2026-07-03 12:04:55,521770116#2,company|restaurant|bus_stop,,432.3182248087171,1108.514093563608,37.50149560521279,127.02561136613096,11296.0,201.0,taxi_respawn_226,picked
dyn_pax_2308,11100.0,2026-07-03 12:05:00,-379463124,restaurant,,592.9390816363945,1268.4136255899298,37.5029663815994,127.02738959394404,11116.0,16.0,taxi_respawn_55,picked
dyn_pax_2309,11105.0,2026-07-03 12:05:05,521766175#3,company|restaurant|subway_entrance|bus_stop,,373.6701172395771,1298.610217621072,37.50319695740621,127.02490310718325,11200.0,95.0,taxi_respawn_192,picked
dyn_pax_2310,11108.0,2026-07-03 12:05:08,-417933645#2,company|restaurant|subway_entrance,,701.1658676593129,719.5455833044954,37.49804244093877,127.02874337560036,11226.0,118.0,taxi_22,picked
dyn_pax_2311,11137.0,2026-07-03 12:05:37,506191135#3,residential|company|restaurant|bus_stop,,238.79972345576414,789.4714057742513,37.49858497042428,127.023499044737,11186.0,49.0,taxi_respawn_205,picked
dyn_pax_2312,11153.0,2026-07-03 12:05:53,218857636#1,residential|company|restaurant|bus_stop,,297.92905089287035,623.2061345250047,37.49709839153085,127.02420706961871,11191.0,38.0,taxi_respawn_223,picked
dyn_pax_2313,11187.0,2026-07-03 12:06:27,521766175#3,company|restaurant|subway_entrance|bus_stop,,373.6701172395771,1298.610217621072,37.50319695740621,127.02490310718325,11280.0,93.0,taxi_respawn_229,picked
dyn_pax_2314,11188.0,2026-07-03 12:06:28,417933646#2,residential|restaurant,,830.3119525357222,594.5819430897021,37.496941093289735,127.0302331440542,11244.0,56.0,taxi_respawn_153,picked
dyn_pax_2315,11215.0,2026-07-03 12:06:55,975332778#1,bus_stop,,681.6099970732737,721.9380561808346,37.49806030190971,127.02852170075586,11237.0,22.0,taxi_respawn_142,picked
dyn_pax_2316,11237.0,2026-07-03 12:07:17,521770119#0,restaurant|bus_stop,,548.9831206778387,935.1148840516827,37.499955620541705,127.02697161236954,11297.0,60.0,taxi_respawn_158,picked
dyn_pax_2317,11261.0,2026-07-03 12:07:41,-129731857#1,restaurant,,773.0987126859483,849.1784152186673,37.4992237894183,127.02952598601298,11295.0,34.0,taxi_respawn_203,picked
dyn_pax_2318,11262.0,2026-07-03 12:07:42,521766182#1,company|restaurant|subway_entrance,,681.695169875507,539.6867345716422,37.496418539503196,127.02856584056028,11295.0,33.0,taxi_respawn_179,picked
dyn_pax_2319,11286.0,2026-07-03 12:08:06,521770116#2,company|restaurant|bus_stop,,432.3182248087171,1108.514093563608,37.50149560521279,127.02561136613096,11370.0,84.0,taxi_respawn_30,picked
dyn_pax_2320,11296.0,2026-07-03 12:08:16,542367267#1,company|restaurant,,199.26981683313872,1381.121508122661,37.50390724154084,127.02291151664822,11451.0,155.0,taxi_respawn_224,picked
dyn_pax_2321,11301.0,2026-07-03 12:08:21,-117790039#2,company|restaurant,,1017.0012393074795,990.846024966068,37.5005459641277,127.03225021068775,11375.0,74.0,taxi_respawn_219,picked
dyn_pax_2322,11307.0,2026-07-03 12:08:27,218877837#2,company|restaurant|bus_stop,,479.4555212141038,978.0213907550284,37.500328997763305,127.02617530290202,11468.0,161.0,taxi_respawn_213,picked
dyn_pax_2323,11369.0,2026-07-03 12:09:29,129733424#1,restaurant,,625.7652907028337,1027.567371479777,37.50080296382065,127.02781785674841,11415.0,46.0,taxi_respawn_107,picked
dyn_pax_2324,11372.0,2026-07-03 12:09:32,521766182#1,company|restaurant|subway_entrance,,681.695169875507,539.6867345716422,37.496418539503196,127.02856584056028,11411.0,39.0,taxi_respawn_9,picked
dyn_pax_2325,11380.0,2026-07-03 12:09:40,218877837#2,company|restaurant|bus_stop,,479.4555212141038,978.0213907550284,37.500328997763305,127.02617530290202,11475.0,95.0,taxi_respawn_189,picked
dyn_pax_2326,11420.0,2026-07-03 12:10:20,542367267#1,company|restaurant,,199.26981683313872,1381.121508122661,37.50390724154084,127.02291151664822,11474.0,54.0,taxi_respawn_205,picked
dyn_pax_2327,11440.0,2026-07-03 12:10:40,417933646#2,residential|restaurant,,830.3119525357222,594.5819430897021,37.496941093289735,127.0302331440542,11477.0,37.0,taxi_respawn_164,picked
dyn_pax_2328,11447.0,2026-07-03 12:10:47,-256787796#5,restaurant,,631.1882908445458,865.4152262944223,37.499343270516576,127.02791760566556,11489.0,42.0,taxi_respawn_138,picked
dyn_pax_2329,11456.0,2026-07-03 12:10:56,521770119#1,restaurant|bus_stop,,527.3115514435282,995.8620162900467,37.50049875494786,127.02671217090477,11489.0,33.0,taxi_respawn_214,picked
dyn_pax_2330,11457.0,2026-07-03 12:10:57,-129731721#2,company|restaurant,,388.6558839574922,820.9778890483499,37.49889713764622,127.02518592115393,11483.0,26.0,taxi_respawn_151,picked
dyn_pax_2331,11460.0,2026-07-03 12:11:00,117790045#2,restaurant,,537.9561568342307,1283.7183624175188,37.50309386389003,127.02676426064505,11472.0,12.0,taxi_respawn_153,picked
dyn_pax_2332,11464.0,2026-07-03 12:11:04,1117538957#3,restaurant|subway_entrance|bus_stop,,465.5082521847807,644.8780924026132,37.49732530507706,127.02609663221197,11529.0,65.0,taxi_respawn_133,picked
dyn_pax_2333,11475.0,2026-07-03 12:11:15,-542367267#1,bus_stop,,247.51018316686128,1414.7184918773391,37.504219024473855,127.02344900430944,11532.0,57.0,taxi_38,picked
dyn_pax_2334,11495.0,2026-07-03 12:11:35,1229817205#0,company|subway_entrance|bus_stop,,599.2457558679199,652.2907550986157,37.497417346160496,127.02760695963683,11536.0,41.0,taxi_respawn_142,picked
dyn_pax_2335,11534.0,2026-07-03 12:12:14,523141074#0,company|restaurant|subway_entrance,,524.0338794858329,871.4890157117229,37.4993777454413,127.02670460634431,11619.0,85.0,taxi_respawn_177,picked
dyn_pax_2336,11545.0,2026-07-03 12:12:25,521766175#3,company|restaurant|subway_entrance|bus_stop,,373.6701172395771,1298.610217621072,37.50319695740621,127.02490310718325,11635.0,90.0,taxi_respawn_140,picked
dyn_pax_2337,11562.0,2026-07-03 12:12:42,541692164#1,subway_entrance,,271.6277521231475,1406.6420105391767,37.5041508337347,127.02372362926798,11621.0,59.0,taxi_respawn_147,picked
dyn_pax_2338,11566.0,2026-07-03 12:12:46,-256787796#1,restaurant,,578.741609978934,1014.5790766049616,37.500677080058935,127.02728924469663,11610.0,44.0,taxi_respawn_199,picked
dyn_pax_2339,11573.0,2026-07-03 12:12:53,-417933645#2,company|restaurant|subway_entrance,,701.1658676593129,719.5455833044954,37.49804244093877,127.02874337560036,11629.0,56.0,taxi_respawn_149,picked
dyn_pax_2340,11594.0,2026-07-03 12:13:14,129731857#1,residential|restaurant,,656.8212873140518,799.6615847813327,37.498755780674834,127.02822301071001,11667.0,73.0,taxi_respawn_154,picked
dyn_pax_2341,11606.0,2026-07-03 12:13:26,-309155295#1,residential|restaurant,,820.2174803017108,588.0239695218922,37.496880113093034,127.03012056506905,11656.0,50.0,taxi_respawn_232,picked
dyn_pax_2342,11635.0,2026-07-03 12:13:55,1117538957#3,restaurant|subway_entrance|bus_stop,,465.5082521847807,644.8780924026132,37.49732530507706,127.02609663221197,11652.0,17.0,taxi_respawn_175,picked
dyn_pax_2343,11660.0,2026-07-03 12:14:20,218877837#2,company|restaurant|bus_stop,,479.4555212141038,978.0213907550284,37.500328997763305,127.02617530290202,11731.0,71.0,taxi_respawn_158,picked
dyn_pax_2344,11727.0,2026-07-03 12:15:27,-542367267#1,bus_stop,,247.51018316686128,1414.7184918773391,37.504219024473855,127.02344900430944,11798.0,71.0,taxi_respawn_67,picked
dyn_pax_2345,11732.0,2026-07-03 12:15:32,26163000#0,restaurant,,655.1679463942612,1215.3400880972458,37.50250003106797,127.02810580802628,11783.0,51.0,taxi_respawn_218,picked
dyn_pax_2346,11736.0,2026-07-03 12:15:36,218857636#1,residential|company|restaurant|bus_stop,,297.92905089287035,623.2061345250047,37.49709839153085,127.02420706961871,11797.0,61.0,taxi_respawn_200,picked
dyn_pax_2347,11755.0,2026-07-03 12:15:55,1117538957#3,restaurant|subway_entrance|bus_stop,,465.5082521847807,644.8780924026132,37.49732530507706,127.02609663221197,11808.0,53.0,taxi_respawn_172,picked
dyn_pax_2348,11758.0,2026-07-03 12:15:58,521766182#1,company|restaurant|subway_entrance,,681.695169875507,539.6867345716422,37.496418539503196,127.02856584056028,11784.0,26.0,taxi_respawn_220,picked
dyn_pax_2349,11765.0,2026-07-03 12:16:05,375049565#6,restaurant|subway_entrance|bus_stop,,789.5153251748014,798.8522330112556,37.49877353199428,127.02972351946808,11830.0,65.0,taxi_respawn_150,picked
dyn_pax_2350,11811.0,2026-07-03 12:16:51,523141074#0,company|restaurant|subway_entrance,,524.0338794858329,871.4890157117229,37.4993777454413,127.02670460634431,11843.0,32.0,taxi_respawn_113,picked
dyn_pax_2351,11828.0,2026-07-03 12:17:08,1229817205#1,residential|bus_stop,,631.6400080768872,572.7061575261558,37.49670653972221,127.02799208080955,11899.0,71.0,taxi_respawn_213,picked
dyn_pax_2352,11836.0,2026-07-03 12:17:16,-506191135#2,residential|bus_stop,,236.19733776439384,769.6838415951818,37.49840622577806,127.02347432089968,11905.0,69.0,taxi_respawn_105,picked
dyn_pax_2353,11856.0,2026-07-03 12:17:36,218877837#0,company,,455.71990885566936,1045.563527646426,37.50093295148158,127.02589090425857,11915.0,59.0,taxi_respawn_238,picked
dyn_pax_2354,11868.0,2026-07-03 12:17:48,506191135#3,residential|company|restaurant|bus_stop,,238.79972345576414,789.4714057742513,37.49858497042428,127.023499044737,11899.0,31.0,taxi_respawn_91,picked
dyn_pax_2355,11881.0,2026-07-03 12:18:01,521770119#1,restaurant|bus_stop,,527.3115514435282,995.8620162900467,37.50049875494786,127.02671217090477,12116.0,235.0,taxi_respawn_140,picked
dyn_pax_2356,11896.0,2026-07-03 12:18:16,-256787796#4,restaurant,,620.2926176327408,895.5374521094307,37.49961256354246,127.02778727239327,11958.0,62.0,taxi_respawn_207,picked
dyn_pax_2357,11934.0,2026-07-03 12:18:54,218857636#1,residential|company|restaurant|bus_stop,,297.92905089287035,623.2061345250047,37.49709839153085,127.02420706961871,11977.0,43.0,taxi_respawn_83,picked
dyn_pax_2358,11984.0,2026-07-03 12:19:44,-417750337#6,restaurant,,503.6615133291097,1089.1021319971503,37.50133422142063,127.0264226479345,12020.0,36.0,taxi_respawn_198,picked
dyn_pax_2359,11985.0,2026-07-03 12:19:45,520307304#0,school|subway_entrance|bus_stop,,602.6035134310263,763.145495629718,37.498416594724866,127.02761864854104,12107.0,122.0,taxi_respawn_194,picked
dyn_pax_2360,12004.0,2026-07-03 12:20:04,480850873,company|restaurant|bus_stop,,548.1935052770749,708.5896639848544,37.49791486187585,127.0270163956136,12073.0,69.0,taxi_respawn_209,picked
dyn_pax_2361,12022.0,2026-07-03 12:20:22,-129731857#1,restaurant,,773.0987126859483,849.1784152186673,37.4992237894183,127.02952598601298,12087.0,65.0,taxi_respawn_240,picked
dyn_pax_2362,12029.0,2026-07-03 12:20:29,-379232133,restaurant,,887.8909311741835,528.8139035551092,37.496359489964284,127.03089971288236,12083.0,54.0,taxi_respawn_241,picked
dyn_pax_2363,12035.0,2026-07-03 12:20:35,-542367267#1,bus_stop,,247.51018316686128,1414.7184918773391,37.504219024473855,127.02344900430944,12070.0,35.0,taxi_respawn_237,picked
dyn_pax_2364,12067.0,2026-07-03 12:21:07,-504509918#2,company|restaurant|bus_stop,,398.9694242295193,827.4758220967593,37.49895762305832,127.02530099003066,12156.0,89.0,taxi_respawn_165,picked
dyn_pax_2365,12072.0,2026-07-03 12:21:12,-129731834#1,residential,,78.2122165689223,720.9585140244731,37.49793738265588,127.02169964763026,12163.0,91.0,taxi_respawn_164,picked
dyn_pax_2366,12083.0,2026-07-03 12:21:23,-506191135#22,residential|company|restaurant|bus_stop,,38.693950105848444,1321.9513167019495,37.50334380565249,127.02110990869835,12158.0,75.0,taxi_respawn_225,picked
dyn_pax_2367,12088.0,2026-07-03 12:21:28,521770119#1,restaurant|bus_stop,,527.3115514435282,995.8620162900467,37.50049875494786,127.02671217090477,12382.0,294.0,taxi_respawn_135,picked
dyn_pax_2368,12091.0,2026-07-03 12:21:31,-417933645#2,company|restaurant|subway_entrance,,701.1658676593129,719.5455833044954,37.49804244093877,127.02874337560036,12218.0,127.0,taxi_respawn_59,picked
dyn_pax_2369,12092.0,2026-07-03 12:21:32,-417933645#2,company|restaurant|subway_entrance,,701.1658676593129,719.5455833044954,37.49804244093877,127.02874337560036,12223.0,131.0,taxi_respawn_238,picked
dyn_pax_2370,12108.0,2026-07-03 12:21:48,256787796#0,restaurant,,530.944358998998,1120.7521543106918,37.50162448989409,127.02672362781294,12127.0,19.0,taxi_respawn_177,picked
dyn_pax_2371,12111.0,2026-07-03 12:21:51,-542367267#1,bus_stop,,247.51018316686128,1414.7184918773391,37.504219024473855,127.02344900430944,12160.0,49.0,taxi_respawn_154,picked
dyn_pax_2372,12123.0,2026-07-03 12:22:03,-504509918#2,company|restaurant|bus_stop,,398.9694242295193,827.4758220967593,37.49895762305832,127.02530099003066,12202.0,79.0,taxi_respawn_149,picked
dyn_pax_2373,12128.0,2026-07-03 12:22:08,523141074#0,company|restaurant|subway_entrance,,524.0338794858329,871.4890157117229,37.4993777454413,127.02670460634431,12203.0,75.0,taxi_respawn_30,picked
dyn_pax_2374,12145.0,2026-07-03 12:22:25,557469234,restaurant,,982.7249512156621,987.801549540822,37.50051207965727,127.03186337298402,12200.0,55.0,taxi_respawn_224,picked
dyn_pax_2375,12181.0,2026-07-03 12:23:01,521770119#3,restaurant,,495.372237145516,1095.557338436544,37.501390805360316,127.0263273901891,12370.0,189.0,taxi_respawn_219,picked
dyn_pax_2376,12183.0,2026-07-03 12:23:03,26163000#3,restaurant,,602.970622715944,1275.0711016561868,37.50302824900089,127.02750144434575,12250.0,67.0,taxi_respawn_176,picked
dyn_pax_2377,12184.0,2026-07-03 12:23:04,-504509918#2,company|restaurant|bus_stop,,398.9694242295193,827.4758220967593,37.49895762305832,127.02530099003066,12292.0,108.0,taxi_respawn_153,picked
dyn_pax_2378,12193.0,2026-07-03 12:23:13,990628460#0,restaurant,,624.9193131653682,704.9656163236222,37.49789670602668,127.02788475117727,12256.0,63.0,taxi_respawn_67,picked
dyn_pax_2379,12195.0,2026-07-03 12:23:15,375049565#6,restaurant|subway_entrance|bus_stop,,789.5153251748014,798.8522330112556,37.49877353199428,127.02972351946808,12247.0,52.0,taxi_respawn_240,picked
dyn_pax_2380,12208.0,2026-07-03 12:23:28,-117790039#2,company|restaurant,,1017.0012393074795,990.846024966068,37.5005459641277,127.03225021068775,12277.0,69.0,taxi_respawn_236,picked
dyn_pax_2381,12239.0,2026-07-03 12:23:59,-379463130#1,restaurant,,595.1104652489141,1131.7345077296688,37.50173554422087,127.02744655088388,12269.0,30.0,taxi_respawn_181,picked
dyn_pax_2382,12248.0,2026-07-03 12:24:08,521770116#2,company|restaurant|bus_stop,,432.3182248087171,1108.514093563608,37.50149560521279,127.02561136613096,12371.0,123.0,taxi_respawn_172,picked
dyn_pax_2383,12256.0,2026-07-03 12:24:16,417933642#0,restaurant|bus_stop,,1041.0954363710525,463.30841921497654,37.49579826441859,127.03264736696761,12340.0,84.0,taxi_respawn_237,picked
dyn_pax_2384,12276.0,2026-07-03 12:24:36,480850873,company|restaurant|bus_stop,,548.1935052770749,708.5896639848544,37.49791486187585,127.0270163956136,12342.0,66.0,taxi_respawn_175,picked
dyn_pax_2385,12279.0,2026-07-03 12:24:39,-506191135#2,residential|bus_stop,,236.19733776439384,769.6838415951818,37.49840622577806,127.02347432089968,12333.0,54.0,taxi_respawn_30,picked
dyn_pax_2386,12287.0,2026-07-03 12:24:47,521770119#1,restaurant|bus_stop,,527.3115514435282,995.8620162900467,37.50049875494786,127.02671217090477,12433.0,146.0,taxi_respawn_242,picked
dyn_pax_2387,12307.0,2026-07-03 12:25:07,-504509918#2,company|restaurant|bus_stop,,398.9694242295193,827.4758220967593,37.49895762305832,127.02530099003066,12382.0,75.0,taxi_respawn_221,picked
dyn_pax_2388,12332.0,2026-07-03 12:25:32,375049565#6,restaurant|subway_entrance|bus_stop,,789.5153251748014,798.8522330112556,37.49877353199428,127.02972351946808,12393.0,61.0,taxi_respawn_205,picked
dyn_pax_2389,12355.0,2026-07-03 12:25:55,506191135#3,residential|company|restaurant|bus_stop,,238.79972345576414,789.4714057742513,37.49858497042428,127.023499044737,12367.0,12.0,taxi_respawn_243,picked
dyn_pax_2390,12372.0,2026-07-03 12:26:12,521770119#0,restaurant|bus_stop,,548.9831206778387,935.1148840516827,37.499955620541705,127.02697161236954,12441.0,69.0,taxi_respawn_210,picked
dyn_pax_2391,12380.0,2026-07-03 12:26:20,521766182#1,company|restaurant|subway_entrance,,681.695169875507,539.6867345716422,37.496418539503196,127.02856584056028,12437.0,57.0,taxi_respawn_241,picked
dyn_pax_2392,12419.0,2026-07-03 12:26:59,1376141182#0,bus_stop,,385.7154046370183,1301.0311255965628,37.50322104370192,127.02503873135461,12444.0,25.0,taxi_respawn_199,picked
dyn_pax_2393,12430.0,2026-07-03 12:27:10,417933642#2,residential|restaurant,,976.5976168723116,645.9370182109647,37.49743129415275,127.0318749523804,12492.0,62.0,taxi_respawn_151,picked
dyn_pax_2394,12441.0,2026-07-03 12:27:21,521766182#1,company|restaurant|subway_entrance,,681.695169875507,539.6867345716422,37.496418539503196,127.02856584056028,12507.0,66.0,taxi_respawn_237,picked
dyn_pax_2395,12445.0,2026-07-03 12:27:25,-256787796#1,restaurant,,578.741609978934,1014.5790766049616,37.500677080058935,127.02728924469663,12510.0,65.0,taxi_respawn_217,picked
dyn_pax_2396,12447.0,2026-07-03 12:27:27,506191135#3,residential|company|restaurant|bus_stop,,238.79972345576414,789.4714057742513,37.49858497042428,127.023499044737,12547.0,100.0,taxi_respawn_214,picked
dyn_pax_2397,12448.0,2026-07-03 12:27:28,-417750354#1,restaurant,,946.150029211292,974.2465578508335,37.500383078435064,127.03145303198383,12501.0,53.0,taxi_respawn_212,picked
dyn_pax_2398,12455.0,2026-07-03 12:27:35,218864491#0,restaurant|bus_stop,,769.9803916976219,760.1217113917903,37.49842094941813,127.02951181742357,12504.0,49.0,taxi_respawn_164,picked
dyn_pax_2399,12458.0,2026-07-03 12:27:38,1056882877#3,residential|company|restaurant,,365.79280968467333,433.0557487307964,37.495398294451746,127.02501948586043,12553.0,95.0,taxi_respawn_204,picked
dyn_pax_2400,12466.0,2026-07-03 12:27:46,521766180#1,company|restaurant|bus_stop,,466.73410130235357,1169.2838037446552,37.502049542882666,127.02598608796039,12958.0,492.0,taxi_respawn_173,picked
dyn_pax_2401,12468.0,2026-07-03 12:27:48,129733424#0,restaurant,,719.7944869540754,1033.9950883209078,37.500878618503414,127.0288795122034,12503.0,35.0,taxi_respawn_91,picked
dyn_pax_2402,12480.0,2026-07-03 12:28:00,1117538957#3,restaurant|subway_entrance|bus_stop,,465.5082521847807,644.8780924026132,37.49732530507706,127.02609663221197,12555.0,75.0,taxi_respawn_166,picked
dyn_pax_2403,12498.0,2026-07-03 12:28:18,417731530,company|restaurant,,191.66975375905443,1429.5779711342507,37.5043423120142,127.02281406437154,12614.0,116.0,taxi_respawn_129,picked
dyn_pax_2404,12503.0,2026-07-03 12:28:23,129731721#0,company|restaurant,,451.4485582282947,673.334514427724,37.497578992002325,127.0259309178301,12554.0,51.0,taxi_respawn_231,picked
dyn_pax_2405,12506.0,2026-07-03 12:28:26,256787796#2,restaurant,,573.8171824012851,1000.9225059734806,37.50055312725627,127.02723680274495,12556.0,50.0,taxi_respawn_225,picked
dyn_pax_2406,12566.0,2026-07-03 12:29:26,-129731857#2,restaurant,,875.7452923990509,884.8037873845144,37.499564075208866,127.03067814538078,12616.0,50.0,taxi_respawn_218,picked
dyn_pax_2407,12567.0,2026-07-03 12:29:27,-541692164#2,subway_entrance,,317.7122087179151,1441.0296574375257,37.504469327730426,127.0242365566347,12625.0,58.0,taxi_respawn_133,picked
dyn_pax_2408,12586.0,2026-07-03 12:29:46,218873820#0,restaurant|subway_entrance|bus_stop,,628.9829311132032,562.4061665928522,37.49661325243901,127.02796447999128,12651.0,65.0,taxi_respawn_240,picked
dyn_pax_2409,12618.0,2026-07-03 12:30:18,417933642#0,restaurant|bus_stop,,1041.0954363710525,463.30841921497654,37.49579826441859,127.03264736696761,12707.0,89.0,taxi_respawn_213,picked
dyn_pax_2410,12619.0,2026-07-03 12:30:19,1117538957#3,restaurant|subway_entrance|bus_stop,,465.5082521847807,644.8780924026132,37.49732530507706,127.02609663221197,12668.0,49.0,taxi_respawn_250,picked
dyn_pax_2411,12620.0,2026-07-03 12:30:20,218877837#2,company|restaurant|bus_stop,,479.4555212141038,978.0213907550284,37.500328997763305,127.02617530290202,12731.0,111.0,taxi_respawn_249,picked
dyn_pax_2412,12637.0,2026-07-03 12:30:37,129731852,restaurant,,626.5739131314494,885.3301415107766,37.499521799012015,127.0278607124155,12689.0,52.0,taxi_respawn_206,picked
dyn_pax_2413,12654.0,2026-07-03 12:30:54,521766175#1,company|restaurant|subway_entrance,,332.9365590021661,1411.5585828157227,37.504206724109,127.02441570308932,12710.0,56.0,taxi_respawn_200,picked
dyn_pax_2414,12665.0,2026-07-03 12:31:05,480850873,company|restaurant|bus_stop,,548.1935052770749,708.5896639848544,37.49791486187585,127.0270163956136,12793.0,128.0,taxi_41,picked
dyn_pax_2415,12668.0,2026-07-03 12:31:08,521766180#1,company|restaurant|bus_stop,,466.73410130235357,1169.2838037446552,37.502049542882666,127.02598608796039,12793.0,125.0,taxi_respawn_57,picked
dyn_pax_2416,12671.0,2026-07-03 12:31:11,375049565#6,restaurant|subway_entrance|bus_stop,,789.5153251748014,798.8522330112556,37.49877353199428,127.02972351946808,12752.0,81.0,taxi_respawn_179,picked
dyn_pax_2417,12685.0,2026-07-03 12:31:25,-417933645#1,restaurant,,753.9829961438405,551.6859834676363,37.49654027420169,127.02938030242663,12741.0,56.0,taxi_respawn_30,picked
dyn_pax_2418,12687.0,2026-07-03 12:31:27,506191135#3,residential|company|restaurant|bus_stop,,238.79972345576414,789.4714057742513,37.49858497042428,127.023499044737,12727.0,40.0,taxi_respawn_224,picked
dyn_pax_2419,12695.0,2026-07-03 12:31:35,504512001,restaurant,,488.2111633916996,684.0143948730154,37.497682147346794,127.02634403725544,12795.0,100.0,taxi_respawn_113,picked
dyn_pax_2420,12717.0,2026-07-03 12:31:57,504227069,residential|restaurant,,587.1158993285404,291.7776336445087,37.494167438547194,127.02755526357365,12757.0,40.0,taxi_respawn_237,picked
dyn_pax_2421,12718.0,2026-07-03 12:31:58,506191135#3,residential|company|restaurant|bus_stop,,238.79972345576414,789.4714057742513,37.49858497042428,127.023499044737,12742.0,24.0,taxi_respawn_175,picked
dyn_pax_2422,12720.0,2026-07-03 12:32:00,-379232155,restaurant,,999.2800162208075,449.1965960198298,37.495663263085994,127.03217793178025,12781.0,61.0,taxi_respawn_149,picked
dyn_pax_2423,12735.0,2026-07-03 12:32:15,504227069,residential|restaurant,,587.1158993285404,291.7776336445087,37.494167438547194,127.02755526357365,12900.0,165.0,taxi_respawn_91,picked
dyn_pax_2424,12753.0,2026-07-03 12:32:33,504227069,residential|restaurant,,587.1158993285404,291.7776336445087,37.494167438547194,127.02755526357365,12841.0,88.0,taxi_respawn_177,picked
dyn_pax_2425,12758.0,2026-07-03 12:32:38,523141074#0,company|restaurant|subway_entrance,,524.0338794858329,871.4890157117229,37.4993777454413,127.02670460634431,12792.0,34.0,taxi_respawn_172,picked
dyn_pax_2426,12765.0,2026-07-03 12:32:45,117790051#2,restaurant,,558.5532373104973,1361.778638311631,37.503800946163,127.02697864469606,13029.0,264.0,taxi_respawn_151,picked
dyn_pax_2427,12772.0,2026-07-03 12:32:52,218873820#0,restaurant|subway_entrance|bus_stop,,628.9829311132032,562.4061665928522,37.49661325243901,127.02796447999128,12800.0,28.0,taxi_respawn_236,picked
dyn_pax_2428,12777.0,2026-07-03 12:32:57,523141074#0,company|restaurant|subway_entrance,,524.0338794858329,871.4890157117229,37.4993777454413,127.02670460634431,12787.0,10.0,taxi_respawn_198,picked
dyn_pax_2429,12791.0,2026-07-03 12:33:11,1117538958#3,bus_stop,,160.18899290588462,540.6019911995099,37.49632820280781,127.02266936696756,12911.0,120.0,taxi_respawn_216,picked
dyn_pax_2430,12826.0,2026-07-03 12:33:46,504509918#0,residential|restaurant,,511.83203920742636,882.9034728009249,37.49947826486711,127.02656393710718,12853.0,27.0,taxi_respawn_190,picked
dyn_pax_2431,12841.0,2026-07-03 12:34:01,-1011529829#3,residential|restaurant,,246.84006179949273,776.1178104815556,37.49846619888778,127.02359312469504,12900.0,59.0,taxi_respawn_199,picked
dyn_pax_2432,12853.0,2026-07-03 12:34:13,1117538958#3,bus_stop,,160.18899290588462,540.6019911995099,37.49632820280781,127.02266936696756,12945.0,92.0,taxi_respawn_253,picked
dyn_pax_2433,12886.0,2026-07-03 12:34:46,1229817205#0,company|subway_entrance|bus_stop,,599.2457558679199,652.2907550986157,37.497417346160496,127.02760695963683,12972.0,86.0,taxi_respawn_249,picked
dyn_pax_2434,12895.0,2026-07-03 12:34:55,1117538957#3,restaurant|subway_entrance|bus_stop,,465.5082521847807,644.8780924026132,37.49732530507706,127.02609663221197,12935.0,40.0,taxi_respawn_218,picked
dyn_pax_2435,12909.0,2026-07-03 12:35:09,504512001,restaurant,,488.2111633916996,684.0143948730154,37.497682147346794,127.02634403725544,12968.0,59.0,taxi_respawn_176,picked
dyn_pax_2436,12911.0,2026-07-03 12:35:11,-117790045#0,restaurant,,544.8147652988505,1238.053441474183,37.50268379633789,127.0268526423962,12974.0,63.0,taxi_respawn_241,picked
dyn_pax_2437,12931.0,2026-07-03 12:35:31,218864491#0,restaurant|bus_stop,,769.9803916976219,760.1217113917903,37.49842094941813,127.02951181742357,12971.0,40.0,taxi_respawn_231,picked
dyn_pax_2438,12944.0,2026-07-03 12:35:44,-26163000#1,restaurant,,613.3034084576574,1234.0026207389662,37.50266024308643,127.02762801542576,12970.0,26.0,taxi_respawn_133,picked
dyn_pax_2439,12969.0,2026-07-03 12:36:09,256787796#5,restaurant,,616.3422671393917,878.7532899245961,37.49946062055924,127.02774658517313,13032.0,63.0,taxi_respawn_175,picked
dyn_pax_2440,12977.0,2026-07-03 12:36:17,117823785#0,company|restaurant,,1360.8740206736493,851.0492627492013,37.499351351792384,127.0361713398344,13113.0,136.0,taxi_respawn_200,picked
dyn_pax_2441,12984.0,2026-07-03 12:36:24,218877837#2,company|restaurant|bus_stop,,479.4555212141038,978.0213907550284,37.500328997763305,127.02617530290202,13090.0,106.0,taxi_respawn_252,picked
dyn_pax_2442,12985.0,2026-07-03 12:36:25,494824662#3,company|restaurant|subway_entrance,,729.424850252167,406.6843378518681,37.49522941823122,127.02913698209235,13070.0,85.0,taxi_respawn_179,picked
dyn_pax_2443,13001.0,2026-07-03 12:36:41,541692164#1,subway_entrance,,271.6277521231475,1406.6420105391767,37.5041508337347,127.02372362926798,13060.0,59.0,taxi_respawn_177,picked
dyn_pax_2444,13005.0,2026-07-03 12:36:45,-504509918#2,company|restaurant|bus_stop,,398.9694242295193,827.4758220967593,37.49895762305832,127.02530099003066,13101.0,96.0,taxi_respawn_247,picked
dyn_pax_2445,13018.0,2026-07-03 12:36:58,520307304#0,school|subway_entrance|bus_stop,,602.6035134310263,763.145495629718,37.498416594724866,127.02761864854104,13027.0,9.0,taxi_respawn_170,picked
dyn_pax_2446,13020.0,2026-07-03 12:37:00,129731721#0,company|restaurant,,451.4485582282947,673.334514427724,37.497578992002325,127.0259309178301,13101.0,81.0,taxi_respawn_224,picked
dyn_pax_2447,13022.0,2026-07-03 12:37:02,26163000#3,restaurant,,602.970622715944,1275.0711016561868,37.50302824900089,127.02750144434575,13090.0,68.0,taxi_38,picked
dyn_pax_2448,13043.0,2026-07-03 12:37:23,494824662#3,company|restaurant|subway_entrance,,729.424850252167,406.6843378518681,37.49522941823122,127.02913698209235,13122.0,79.0,taxi_respawn_243,picked
dyn_pax_2449,13048.0,2026-07-03 12:37:28,129731720#0,residential|company|restaurant,,292.10678712231254,1113.150773394943,37.50151085547559,127.02402489828896,13087.0,39.0,taxi_respawn_216,picked
dyn_pax_2450,13049.0,2026-07-03 12:37:29,1117538958#3,bus_stop,,160.18899290588462,540.6019911995099,37.49632820280781,127.02266936696756,13101.0,52.0,taxi_41,picked
dyn_pax_2451,13054.0,2026-07-03 12:37:34,-542367267#1,bus_stop,,247.51018316686128,1414.7184918773391,37.504219024473855,127.02344900430944,13149.0,95.0,taxi_respawn_213,picked
dyn_pax_2452,13057.0,2026-07-03 12:37:37,521766180#1,company|restaurant|bus_stop,,466.73410130235357,1169.2838037446552,37.502049542882666,127.02598608796039,13244.0,187.0,taxi_respawn_244,picked
dyn_pax_2453,13065.0,2026-07-03 12:37:45,-309155295#4,residential|restaurant,,966.4689567179357,639.4784987131154,37.49737120494098,127.0317619612052,13120.0,55.0,taxi_respawn_172,picked
dyn_pax_2454,13066.0,2026-07-03 12:37:46,218873820#0,restaurant|subway_entrance|bus_stop,,628.9829311132032,562.4061665928522,37.49661325243901,127.02796447999128,13114.0,48.0,taxi_respawn_225,picked
dyn_pax_2455,13091.0,2026-07-03 12:38:11,-506191135#22,residential|company|restaurant|bus_stop,,38.693950105848444,1321.9513167019495,37.50334380565249,127.02110990869835,13174.0,83.0,taxi_respawn_254,picked
dyn_pax_2456,13113.0,2026-07-03 12:38:33,1229817205#1,residential|bus_stop,,631.6400080768872,572.7061575261558,37.49670653972221,127.02799208080955,13160.0,47.0,taxi_respawn_158,picked
dyn_pax_2457,13118.0,2026-07-03 12:38:38,506191135#3,residential|company|restaurant|bus_stop,,238.79972345576414,789.4714057742513,37.49858497042428,127.023499044737,13173.0,55.0,taxi_respawn_255,picked
dyn_pax_2458,13126.0,2026-07-03 12:38:46,256787796#2,restaurant,,573.8171824012851,1000.9225059734806,37.50055312725627,127.02723680274495,13240.0,114.0,taxi_respawn_140,picked
dyn_pax_2459,13133.0,2026-07-03 12:38:53,521766175#1,company|restaurant|subway_entrance,,332.9365590021661,1411.5585828157227,37.504206724109,127.02441570308932,13156.0,23.0,taxi_respawn_102,picked
dyn_pax_2460,13163.0,2026-07-03 12:39:23,-417750337#2,restaurant,,578.5487433358253,1191.18897592047,37.50226799999912,127.02724519016736,13209.0,46.0,taxi_respawn_31,picked
dyn_pax_2461,13172.0,2026-07-03 12:39:32,1229817205#0,company|subway_entrance|bus_stop,,599.2457558679199,652.2907550986157,37.497417346160496,127.02760695963683,13275.0,103.0,taxi_respawn_133,picked
dyn_pax_2462,13199.0,2026-07-03 12:39:59,504512001,restaurant,,488.2111633916996,684.0143948730154,37.497682147346794,127.02634403725544,13233.0,34.0,taxi_respawn_229,picked
dyn_pax_2463,13206.0,2026-07-03 12:40:06,-117790062#4,company,,666.6267400273903,1210.7400577041187,37.50246075614395,127.02823646445898,13542.0,336.0,taxi_respawn_218,picked
dyn_pax_2464,13209.0,2026-07-03 12:40:09,129733424#0,restaurant,,719.7944869540754,1033.9950883209078,37.500878618503414,127.0288795122034,13273.0,64.0,taxi_respawn_150,picked
dyn_pax_2465,13228.0,2026-07-03 12:40:28,521766175#3,company|restaurant|subway_entrance|bus_stop,,373.6701172395771,1298.610217621072,37.50319695740621,127.02490310718325,13300.0,72.0,taxi_respawn_232,picked
dyn_pax_2466,13272.0,2026-07-03 12:41:12,-379463134#2,restaurant,,527.5499142349145,1277.2476095039178,37.503033607059436,127.02664812966836,13339.0,67.0,taxi_respawn_78,picked
dyn_pax_2467,13273.0,2026-07-03 12:41:13,-417933645#2,company|restaurant|subway_entrance,,701.1658676593129,719.5455833044954,37.49804244093877,127.02874337560036,13350.0,77.0,taxi_respawn_224,picked
dyn_pax_2468,13278.0,2026-07-03 12:41:18,218873820#0,restaurant|subway_entrance|bus_stop,,628.9829311132032,562.4061665928522,37.49661325243901,127.02796447999128,13342.0,64.0,taxi_respawn_252,picked
dyn_pax_2469,13290.0,2026-07-03 12:41:30,218857636#1,residential|company|restaurant|bus_stop,,297.92905089287035,623.2061345250047,37.49709839153085,127.02420706961871,13333.0,43.0,taxi_respawn_175,picked
dyn_pax_2470,13312.0,2026-07-03 12:41:52,309155295#1,restaurant,,764.2225196982893,558.1760304781078,37.4966006705371,127.0294945363528,13347.0,35.0,taxi_respawn_225,picked
dyn_pax_2471,13332.0,2026-07-03 12:42:12,521770119#1,restaurant|bus_stop,,527.3115514435282,995.8620162900467,37.50049875494786,127.02671217090477,13554.0,222.0,taxi_respawn_212,picked
dyn_pax_2472,13343.0,2026-07-03 12:42:23,218873820#0,restaurant|subway_entrance|bus_stop,,628.9829311132032,562.4061665928522,37.49661325243901,127.02796447999128,13462.0,119.0,taxi_respawn_170,picked
dyn_pax_2473,13351.0,2026-07-03 12:42:31,521766182#1,company|restaurant|subway_entrance,,681.695169875507,539.6867345716422,37.496418539503196,127.02856584056028,13422.0,71.0,taxi_respawn_219,picked
dyn_pax_2474,13383.0,2026-07-03 12:43:03,521766182#1,company|restaurant|subway_entrance,,681.695169875507,539.6867345716422,37.496418539503196,127.02856584056028,13463.0,80.0,taxi_41,picked
dyn_pax_2475,13390.0,2026-07-03 12:43:10,521766175#3,company|restaurant|subway_entrance|bus_stop,,373.6701172395771,1298.610217621072,37.50319695740621,127.02490310718325,13525.0,135.0,taxi_respawn_260,picked
dyn_pax_2476,13398.0,2026-07-03 12:43:18,417750337#3,restaurant,,561.9223834850405,1183.7905002369655,37.50219821136863,127.02705894855978,,,,timeout
dyn_pax_2477,13413.0,2026-07-03 12:43:33,218864491#0,restaurant|bus_stop,,769.9803916976219,760.1217113917903,37.49842094941813,127.02951181742357,13479.0,66.0,taxi_respawn_213,picked
dyn_pax_2478,13418.0,2026-07-03 12:43:38,-129731852,restaurant,,721.4959946165901,929.589824990092,37.499938423771525,127.02892348366522,13467.0,49.0,taxi_respawn_216,picked
dyn_pax_2479,13441.0,2026-07-03 12:44:01,218873820#0,restaurant|subway_entrance|bus_stop,,628.9829311132032,562.4061665928522,37.49661325243901,127.02796447999128,13474.0,33.0,taxi_respawn_247,picked
dyn_pax_2480,13466.0,2026-07-03 12:44:26,-805827765,restaurant,,955.7439147780814,1157.0835718820576,37.50203194319751,127.03151825266303,13555.0,89.0,taxi_respawn_113,picked
dyn_pax_2481,13478.0,2026-07-03 12:44:38,-417750354#0,residential,,923.3498430372201,1041.2071047119894,37.5009819832587,127.03117938951307,13540.0,62.0,taxi_respawn_229,picked
dyn_pax_2482,13486.0,2026-07-03 12:44:46,417933642#0,restaurant|bus_stop,,1041.0954363710525,463.30841921497654,37.49579826441859,127.03264736696761,13511.0,25.0,taxi_respawn_173,picked
dyn_pax_2483,13488.0,2026-07-03 12:44:48,523141074#0,company|restaurant|subway_entrance,,524.0338794858329,871.4890157117229,37.4993777454413,127.02670460634431,13507.0,19.0,taxi_respawn_231,picked
dyn_pax_2484,13500.0,2026-07-03 12:45:00,218857636#1,residential|company|restaurant|bus_stop,,297.92905089287035,623.2061345250047,37.49709839153085,127.02420706961871,13536.0,36.0,taxi_respawn_210,picked
dyn_pax_2485,13505.0,2026-07-03 12:45:05,520307304#0,school|subway_entrance|bus_stop,,602.6035134310263,763.145495629718,37.498416594724866,127.02761864854104,13600.0,95.0,taxi_respawn_238,picked
dyn_pax_2486,13529.0,2026-07-03 12:45:29,309155295#3,restaurant,,868.2249250208004,595.011595969151,37.496952113096654,127.03066169877924,13581.0,52.0,taxi_respawn_78,picked
dyn_pax_2487,13531.0,2026-07-03 12:45:31,-417933646#1,residential|restaurant,,826.6019869456061,577.8075382253838,37.49678928421788,127.03019516859905,13598.0,67.0,taxi_respawn_206,picked
dyn_pax_2488,13589.0,2026-07-03 12:46:29,417933646#2,residential|restaurant,,830.3119525357222,594.5819430897021,37.496941093289735,127.0302331440542,13672.0,83.0,taxi_respawn_31,picked
dyn_pax_2489,13634.0,2026-07-03 12:47:14,1229817205#0,company|subway_entrance|bus_stop,,599.2457558679199,652.2907550986157,37.497417346160496,127.02760695963683,13726.0,92.0,taxi_22,picked
dyn_pax_2490,13650.0,2026-07-03 12:47:30,-129731857#1,restaurant,,773.0987126859483,849.1784152186673,37.4992237894183,127.02952598601298,13699.0,49.0,taxi_respawn_154,picked
dyn_pax_2491,13680.0,2026-07-03 12:48:00,117823785#0,company|restaurant,,1360.8740206736493,851.0492627492013,37.499351351792384,127.0361713398344,13742.0,62.0,taxi_respawn_243,picked
dyn_pax_2492,13683.0,2026-07-03 12:48:03,305539406,company|restaurant|subway_entrance,,566.389495917364,736.5285064605782,37.49816998085155,127.02721550408178,13764.0,81.0,taxi_respawn_30,picked
dyn_pax_2493,13687.0,2026-07-03 12:48:07,1117538957#3,restaurant|subway_entrance|bus_stop,,465.5082521847807,644.8780924026132,37.49732530507706,127.02609663221197,13790.0,103.0,taxi_respawn_259,picked
dyn_pax_2494,13690.0,2026-07-03 12:48:10,218857636#1,residential|company|restaurant|bus_stop,,297.92905089287035,623.2061345250047,37.49709839153085,127.02420706961871,13798.0,108.0,taxi_respawn_102,picked
dyn_pax_2495,13701.0,2026-07-03 12:48:21,494824662#3,company|restaurant|subway_entrance,,729.424850252167,406.6843378518681,37.49522941823122,127.02913698209235,13842.0,141.0,taxi_respawn_254,picked
dyn_pax_2496,13705.0,2026-07-03 12:48:25,-129731834#1,residential,,78.2122165689223,720.9585140244731,37.49793738265588,127.02169964763026,13837.0,132.0,taxi_respawn_228,picked
dyn_pax_2497,13707.0,2026-07-03 12:48:27,521770119#0,restaurant|bus_stop,,548.9831206778387,935.1148840516827,37.499955620541705,127.02697161236954,13919.0,212.0,taxi_respawn_249,picked
dyn_pax_2498,13715.0,2026-07-03 12:48:35,1117538958#3,bus_stop,,160.18899290588462,540.6019911995099,37.49632820280781,127.02266936696756,13799.0,84.0,taxi_respawn_258,picked
dyn_pax_2499,13725.0,2026-07-03 12:48:45,1537068130#0,residential,,915.247444986279,1279.656751811989,37.50312848832193,127.03103134780491,13793.0,68.0,taxi_respawn_262,picked
dyn_pax_2500,13732.0,2026-07-03 12:48:52,1117538958#3,bus_stop,,160.18899290588462,540.6019911995099,37.49632820280781,127.02266936696756,13837.0,105.0,taxi_respawn_245,picked
dyn_pax_2501,13776.0,2026-07-03 12:49:36,504509918#0,residential|restaurant,,511.83203920742636,882.9034728009249,37.49947826486711,127.02656393710718,13868.0,92.0,taxi_respawn_57,picked
dyn_pax_2502,13778.0,2026-07-03 12:49:38,1117538958#3,bus_stop,,160.18899290588462,540.6019911995099,37.49632820280781,127.02266936696756,13832.0,54.0,taxi_respawn_229,picked
dyn_pax_2503,13785.0,2026-07-03 12:49:45,218877837#2,company|restaurant|bus_stop,,479.4555212141038,978.0213907550284,37.500328997763305,127.02617530290202,13844.0,59.0,taxi_respawn_133,picked
dyn_pax_2504,13796.0,2026-07-03 12:49:56,-504509918#2,company|restaurant|bus_stop,,398.9694242295193,827.4758220967593,37.49895762305832,127.02530099003066,13868.0,72.0,taxi_respawn_210,picked
dyn_pax_2505,13826.0,2026-07-03 12:50:26,1229817205#1,residential|bus_stop,,631.6400080768872,572.7061575261558,37.49670653972221,127.02799208080955,13912.0,86.0,taxi_respawn_216,picked
dyn_pax_2506,13829.0,2026-07-03 12:50:29,1117538958#2,company,,104.12900552775619,520.131995808405,37.496133188537314,127.02204040818502,13888.0,59.0,taxi_respawn_261,picked
dyn_pax_2507,13830.0,2026-07-03 12:50:30,521766175#3,company|restaurant|subway_entrance|bus_stop,,373.6701172395771,1298.610217621072,37.50319695740621,127.02490310718325,13917.0,87.0,taxi_respawn_264,picked
dyn_pax_2508,13849.0,2026-07-03 12:50:49,417750354#1,restaurant,,919.2899707887079,1024.6134421491665,37.5008317366974,127.03113741131199,13903.0,54.0,taxi_respawn_212,picked
dyn_pax_2509,13858.0,2026-07-03 12:50:58,480850873,company|restaurant|bus_stop,,548.1935052770749,708.5896639848544,37.49791486187585,127.0270163956136,13875.0,17.0,taxi_respawn_31,picked
dyn_pax_2510,13872.0,2026-07-03 12:51:12,1229817205#0,company|subway_entrance|bus_stop,,599.2457558679199,652.2907550986157,37.497417346160496,127.02760695963683,13996.0,124.0,taxi_respawn_244,picked
dyn_pax_2511,13874.0,2026-07-03 12:51:14,480850873,company|restaurant|bus_stop,,548.1935052770749,708.5896639848544,37.49791486187585,127.0270163956136,13951.0,77.0,taxi_respawn_224,picked
dyn_pax_2512,13879.0,2026-07-03 12:51:19,417933645#2,residential|company|restaurant,,757.7944798520502,568.4010952306102,37.496691568512986,127.02941943794849,13974.0,95.0,taxi_respawn_250,picked
dyn_pax_2513,13897.0,2026-07-03 12:51:37,417933646#2,residential|restaurant,,830.3119525357222,594.5819430897021,37.496941093289735,127.0302331440542,13962.0,65.0,taxi_respawn_260,picked
dyn_pax_2514,13906.0,2026-07-03 12:51:46,375049565#6,restaurant|subway_entrance|bus_stop,,789.5153251748014,798.8522330112556,37.49877353199428,127.02972351946808,13936.0,30.0,taxi_respawn_205,picked
dyn_pax_2515,13912.0,2026-07-03 12:51:52,-129731717#1,residential|company|restaurant,,188.433090102474,1374.3511058470413,37.503844200149025,127.0227905913032,13949.0,37.0,taxi_respawn_263,picked
dyn_pax_2516,13914.0,2026-07-03 12:51:54,521770119#0,restaurant|bus_stop,,548.9831206778387,935.1148840516827,37.499955620541705,127.02697161236954,13927.0,13.0,taxi_respawn_78,picked
dyn_pax_2517,13919.0,2026-07-03 12:51:59,117790039#3,restaurant,,1021.8645860465238,1004.4924062015546,37.500669811640854,127.03230197280303,13925.0,6.0,taxi_respawn_140,picked
dyn_pax_2518,13931.0,2026-07-03 12:52:11,305539406,company|restaurant|subway_entrance,,566.389495917364,736.5285064605782,37.49816998085155,127.02721550408178,14017.0,86.0,taxi_respawn_265,picked
dyn_pax_2519,13937.0,2026-07-03 12:52:17,504227066#0,restaurant,,519.2210823013057,487.78345043316773,37.49592029712161,127.02674117912406,14050.0,113.0,taxi_respawn_213,picked
dyn_pax_2520,13939.0,2026-07-03 12:52:19,218857636#1,residential|company|restaurant|bus_stop,,297.92905089287035,623.2061345250047,37.49709839153085,127.02420706961871,13998.0,59.0,taxi_respawn_229,picked
dyn_pax_2521,13967.0,2026-07-03 12:52:47,117790045#2,restaurant,,537.9561568342307,1283.7183624175188,37.50309386389003,127.02676426064505,13995.0,28.0,taxi_respawn_200,picked
dyn_pax_2522,13980.0,2026-07-03 12:53:00,-1056882877#5,company|restaurant,,302.41102899925136,583.0415396467946,37.496737424712585,127.0242672800979,14049.0,69.0,taxi_respawn_219,picked
dyn_pax_2523,13982.0,2026-07-03 12:53:02,-129731717#1,residential|company|restaurant,,188.433090102474,1374.3511058470413,37.503844200149025,127.0227905913032,14063.0,81.0,taxi_respawn_243,picked
dyn_pax_2524,13990.0,2026-07-03 12:53:10,-805827765,restaurant,,955.7439147780814,1157.0835718820576,37.50203194319751,127.03151825266303,14094.0,104.0,taxi_respawn_204,picked
dyn_pax_2525,13995.0,2026-07-03 12:53:15,218877837#2,company|restaurant|bus_stop,,479.4555212141038,978.0213907550284,37.500328997763305,127.02617530290202,14081.0,86.0,taxi_41,picked
dyn_pax_2526,13995.0,2026-07-03 12:53:15,219837933#0,residential|company,,49.0199205680682,1328.1480294371383,37.503401583976704,127.02122519296726,14087.0,92.0,taxi_respawn_256,picked
dyn_pax_2527,14037.0,2026-07-03 12:53:57,-506191135#2,residential|bus_stop,,236.19733776439384,769.6838415951818,37.49840622577806,127.02347432089968,14052.0,15.0,taxi_respawn_267,picked
dyn_pax_2528,14053.0,2026-07-03 12:54:13,-557469300#1,restaurant,,739.5265057687212,1049.0561556697721,37.5010180173999,127.02909905278416,14136.0,83.0,taxi_respawn_259,picked
dyn_pax_2529,14076.0,2026-07-03 12:54:36,178441450#1,residential|company|restaurant|bus_stop,,282.90243066757296,609.4157395563556,37.496971320837204,127.02404044855805,14159.0,83.0,taxi_respawn_102,picked
dyn_pax_2530,14081.0,2026-07-03 12:54:41,117790045#2,restaurant,,537.9561568342307,1283.7183624175188,37.50309386389003,127.02676426064505,14121.0,40.0,taxi_respawn_30,picked
dyn_pax_2531,14090.0,2026-07-03 12:54:50,521766175#3,company|restaurant|subway_entrance|bus_stop,,373.6701172395771,1298.610217621072,37.50319695740621,127.02490310718325,14158.0,68.0,taxi_respawn_247,picked
dyn_pax_2532,14127.0,2026-07-03 12:55:27,523141074#0,company|restaurant|subway_entrance,,524.0338794858329,871.4890157117229,37.4993777454413,127.02670460634431,14227.0,100.0,taxi_respawn_140,picked
dyn_pax_2533,14154.0,2026-07-03 12:55:54,417933646#2,residential|restaurant,,830.3119525357222,594.5819430897021,37.496941093289735,127.0302331440542,14190.0,36.0,taxi_respawn_57,picked
dyn_pax_2534,14182.0,2026-07-03 12:56:22,-504509918#2,company|restaurant|bus_stop,,398.9694242295193,827.4758220967593,37.49895762305832,127.02530099003066,14228.0,46.0,taxi_respawn_266,picked
dyn_pax_2535,14224.0,2026-07-03 12:57:04,1376141182#0,bus_stop,,385.7154046370183,1301.0311255965628,37.50322104370192,127.02503873135461,14293.0,69.0,taxi_respawn_256,picked
dyn_pax_2536,14237.0,2026-07-03 12:57:17,256787796#6,restaurant,,626.4884087870183,851.7135990963859,37.499218954480725,127.02786771303293,14318.0,81.0,taxi_respawn_227,picked
dyn_pax_2537,14252.0,2026-07-03 12:57:32,305539406,company|restaurant|subway_entrance,,566.389495917364,736.5285064605782,37.49816998085155,127.02721550408178,14329.0,77.0,taxi_respawn_200,picked
dyn_pax_2538,14267.0,2026-07-03 12:57:47,117790041#2,restaurant,,441.66460303662666,1376.669936706078,37.50391299976682,127.0256534125234,14310.0,43.0,taxi_respawn_265,picked
dyn_pax_2539,14275.0,2026-07-03 12:57:55,-256787796#4,restaurant,,620.2926176327408,895.5374521094307,37.49961256354246,127.02778727239327,14474.0,199.0,taxi_respawn_240,picked
dyn_pax_2540,14300.0,2026-07-03 12:58:20,417933642#0,restaurant|bus_stop,,1041.0954363710525,463.30841921497654,37.49579826441859,127.03264736696761,14382.0,82.0,taxi_respawn_230,picked
dyn_pax_2541,14314.0,2026-07-03 12:58:34,218864491#0,restaurant|bus_stop,,769.9803916976219,760.1217113917903,37.49842094941813,127.02951181742357,14351.0,37.0,taxi_respawn_263,picked
dyn_pax_2542,14317.0,2026-07-03 12:58:37,1229817205#0,company|subway_entrance|bus_stop,,599.2457558679199,652.2907550986157,37.497417346160496,127.02760695963683,14412.0,95.0,taxi_respawn_244,picked
dyn_pax_2543,14328.0,2026-07-03 12:58:48,521766175#3,company|restaurant|subway_entrance|bus_stop,,373.6701172395771,1298.610217621072,37.50319695740621,127.02490310718325,14352.0,24.0,taxi_respawn_218,picked
dyn_pax_2544,14330.0,2026-07-03 12:58:50,-417933642#4,restaurant,,907.3718228697127,805.8014682006251,37.49885835910486,127.03105443169989,14365.0,35.0,taxi_respawn_251,picked
dyn_pax_2545,14335.0,2026-07-03 12:58:55,218864491#0,restaurant|bus_stop,,769.9803916976219,760.1217113917903,37.49842094941813,127.02951181742357,14423.0,88.0,taxi_respawn_261,picked
dyn_pax_2546,14338.0,2026-07-03 12:58:58,504227067#0,restaurant,,638.7551174354396,526.833121212444,37.49629464408366,127.02808339614947,14455.0,117.0,taxi_respawn_250,picked
dyn_pax_2547,14359.0,2026-07-03 12:59:19,-506191135#2,residential|bus_stop,,236.19733776439384,769.6838415951818,37.49840622577806,127.02347432089968,14433.0,74.0,taxi_respawn_30,picked
dyn_pax_2548,14391.0,2026-07-03 12:59:51,-417933645#1,restaurant,,753.9829961438405,551.6859834676363,37.49654027420169,127.02938030242663,14446.0,55.0,taxi_respawn_206,picked
dyn_pax_2549,14401.0,2026-07-03 13:00:01,218864491#0,restaurant|bus_stop,,769.9803916976219,760.1217113917903,37.49842094941813,127.02951181742357,14454.0,53.0,taxi_respawn_269,picked
dyn_pax_2550,14401.0,2026-07-03 13:00:01,521770119#3,restaurant,,495.372237145516,1095.557338436544,37.501390805360316,127.0263273901891,14530.0,129.0,taxi_respawn_190,picked
dyn_pax_2551,14401.0,2026-07-03 13:00:01,557469234,restaurant,,982.7249512156621,987.801549540822,37.50051207965727,127.03186337298402,14433.0,32.0,taxi_respawn_247,picked
dyn_pax_2552,14401.0,2026-07-03 13:00:01,-379463130#1,restaurant,,595.1104652489141,1131.7345077296688,37.50173554422087,127.02744655088388,14423.0,22.0,taxi_respawn_113,picked
dyn_pax_2553,14401.0,2026-07-03 13:00:01,-129731717#1,residential|company|restaurant,,188.433090102474,1374.3511058470413,37.503844200149025,127.0227905913032,14418.0,17.0,taxi_respawn_194,picked
dyn_pax_2554,14401.0,2026-07-03 13:00:01,-129731721#2,company|restaurant,,388.6558839574922,820.9778890483499,37.49889713764622,127.02518592115393,14451.0,50.0,taxi_respawn_243,picked
dyn_pax_2555,14401.0,2026-07-03 13:00:01,379463124,restaurant,,554.9909183636056,1244.5663744100702,37.50274438945946,127.02696616135114,14436.0,35.0,taxi_respawn_31,picked
dyn_pax_2556,14401.0,2026-07-03 13:00:01,117790051#4,restaurant,,495.1920534812603,1378.4842065286966,37.50393946166789,127.02625823552458,14442.0,41.0,taxi_respawn_151,picked
dyn_pax_2557,14401.0,2026-07-03 13:00:01,218864491#0,restaurant|bus_stop,,769.9803916976219,760.1217113917903,37.49842094941813,127.02951181742357,14459.0,58.0,taxi_respawn_205,picked
dyn_pax_2558,14401.0,2026-07-03 13:00:01,256787796#5,restaurant,,616.3422671393917,878.7532899245961,37.49946062055924,127.02774658517313,14432.0,31.0,taxi_respawn_229,picked
dyn_pax_2559,14401.0,2026-07-03 13:00:01,417750337#5,restaurant,,522.3387290339521,1126.7881672814829,37.50167723806998,127.02662489231146,14433.0,32.0,taxi_respawn_237,picked
dyn_pax_2560,14401.0,2026-07-03 13:00:01,-256787796#7,restaurant,,650.4923169509016,809.9698095387197,37.49884744554127,127.02814900895488,14446.0,45.0,taxi_respawn_260,picked
dyn_pax_2561,14401.0,2026-07-03 13:00:01,417750337#5,restaurant,,522.3387290339521,1126.7881672814829,37.50167723806998,127.02662489231146,,,,timeout
dyn_pax_2562,14401.0,2026-07-03 13:00:01,256787796#2,restaurant,,573.8171824012851,1000.9225059734806,37.50055312725627,127.02723680274495,14420.0,19.0,taxi_respawn_57,picked
dyn_pax_2563,14401.0,2026-07-03 13:00:01,-256787796#8,restaurant,,666.7735412908731,765.3811461974922,37.49844885044044,127.02834365925706,14461.0,60.0,taxi_respawn_59,picked
dyn_pax_2564,14401.0,2026-07-03 13:00:01,805827757#0,restaurant,,762.3138727549854,912.1862152730512,37.49978934916138,127.02938912364917,14518.0,117.0,taxi_respawn_270,picked
dyn_pax_2565,14401.0,2026-07-03 13:00:01,-129731858#3,restaurant,,760.2046779472714,898.6469063162286,37.49966698472747,127.02936848203807,14543.0,142.0,taxi_respawn_216,picked
dyn_pax_2566,14401.0,2026-07-03 13:00:01,-379232133,restaurant,,887.8909311741835,528.8139035551092,37.496359489964284,127.03089971288236,14512.0,111.0,taxi_respawn_268,picked
dyn_pax_2567,14401.0,2026-07-03 13:00:01,218864491#0,restaurant|bus_stop,,769.9803916976219,760.1217113917903,37.49842094941813,127.02951181742357,14479.0,78.0,taxi_respawn_164,picked
dyn_pax_2568,14401.0,2026-07-03 13:00:01,417933642#0,restaurant|bus_stop,,1041.0954363710525,463.30841921497654,37.49579826441859,127.03264736696761,14537.0,136.0,taxi_respawn_212,picked
dyn_pax_2569,14401.0,2026-07-03 13:00:01,417750354#1,restaurant,,919.2899707887079,1024.6134421491665,37.5008317366974,127.03113741131199,14472.0,71.0,taxi_38,picked
dyn_pax_2570,14401.0,2026-07-03 13:00:01,-417933642#4,restaurant,,907.3718228697127,805.8014682006251,37.49885835910486,127.03105443169989,14517.0,116.0,taxi_respawn_219,picked
dyn_pax_2571,14401.0,2026-07-03 13:00:01,-309155295#0,restaurant,,747.4684617800942,561.8059110120743,37.49663020867341,127.0293042509181,14588.0,187.0,taxi_respawn_224,picked
dyn_pax_2572,14401.0,2026-07-03 13:00:01,417933642#2,residential|restaurant,,976.5976168723116,645.9370182109647,37.49743129415275,127.0318749523804,14591.0,190.0,taxi_respawn_217,picked
dyn_pax_2573,14401.0,2026-07-03 13:00:01,-417933645#2,company|restaurant|subway_entrance,,701.1658676593129,719.5455833044954,37.49804244093877,127.02874337560036,14596.0,195.0,taxi_respawn_199,picked
dyn_pax_2574,14401.0,2026-07-03 13:00:01,-309155295#2,restaurant,,851.6644930724242,598.8503866590313,37.496983571544654,127.03047355257749,14607.0,206.0,taxi_respawn_257,picked
dyn_pax_2575,14401.0,2026-07-03 13:00:01,1056882877#3,residential|company|restaurant,,365.79280968467333,433.0557487307964,37.495398294451746,127.02501948586043,14622.0,221.0,taxi_respawn_254,picked
dyn_pax_2576,14401.0,2026-07-03 13:00:01,375049565#2,restaurant,,1048.966709229659,894.5327467658005,37.49968436369115,127.03263441305876,,,,timeout
dyn_pax_2577,14401.0,2026-07-03 13:00:01,-26163000#3,restaurant,,588.7487146070255,1286.0705793093782,37.50312464930957,127.02733802606956,14469.0,68.0,taxi_respawn_210,picked
dyn_pax_2578,14401.0,2026-07-03 13:00:01,521770119#1,restaurant|bus_stop,,527.3115514435282,995.8620162900467,37.50049875494786,127.02671217090477,14453.0,52.0,taxi_respawn_191,picked
dyn_pax_2579,14401.0,2026-07-03 13:00:01,-129731858#3,restaurant,,760.2046779472714,898.6469063162286,37.49966698472747,127.02936848203807,,,,timeout
dyn_pax_2580,14401.0,2026-07-03 13:00:01,-417933646#1,residential|restaurant,,826.6019869456061,577.8075382253838,37.49678928421788,127.03019516859905,,,,timeout
dyn_pax_2581,14401.0,2026-07-03 13:00:01,417750337#5,restaurant,,522.3387290339521,1126.7881672814829,37.50167723806998,127.02662489231146,,,,timeout
dyn_pax_2582,14401.0,2026-07-03 13:00:01,521766175#3,company|restaurant|subway_entrance|bus_stop,,373.6701172395771,1298.610217621072,37.50319695740621,127.02490310718325,14605.0,204.0,taxi_respawn_246,picked
dyn_pax_2583,14401.0,2026-07-03 13:00:01,379463134#3,restaurant,,544.2510512741843,1273.4484249309019,37.503002538586315,127.0268378740983,14444.0,43.0,taxi_respawn_179,picked
dyn_pax_2584,14401.0,2026-07-03 13:00:01,117790041#2,restaurant,,441.66460303662666,1376.669936706078,37.50391299976682,127.0256534125234,14543.0,142.0,taxi_respawn_258,picked
dyn_pax_2585,14401.0,2026-07-03 13:00:01,129731721#0,company|restaurant,,451.4485582282947,673.334514427724,37.497578992002325,127.0259309178301,,,,timeout
dyn_pax_2586,14401.0,2026-07-03 13:00:01,-504227067#3,restaurant,,527.7289520354611,471.5483450335965,37.495775653483,127.02684121970124,,,,timeout
dyn_pax_2587,14401.0,2026-07-03 13:00:01,417933645#2,residential|company|restaurant,,757.7944798520502,568.4010952306102,37.496691568512986,127.02941943794849,,,,timeout
dyn_pax_2588,14401.0,2026-07-03 13:00:01,379463134#2,restaurant,,492.9894267673794,1254.822149661426,37.50282506050825,127.0262626667944,,,,timeout
dyn_pax_2589,14401.0,2026-07-03 13:00:01,-117790045#3,restaurant,,459.7597996777886,1476.3698694609513,37.50481454718326,127.02583436303603,14475.0,74.0,taxi_respawn_147,picked
dyn_pax_2590,14401.0,2026-07-03 13:00:01,-309155295#1,residential|restaurant,,820.2174803017108,588.0239695218922,37.496880113093034,127.03012056506905,14565.0,164.0,taxi_respawn_238,picked
dyn_pax_2591,14401.0,2026-07-03 13:00:01,129733424#0,restaurant,,719.7944869540754,1033.9950883209078,37.500878618503414,127.0288795122034,14473.0,72.0,taxi_respawn_83,picked
dyn_pax_2592,14401.0,2026-07-03 13:00:01,417750354#1,restaurant,,919.2899707887079,1024.6134421491665,37.5008317366974,127.03113741131199,14518.0,117.0,taxi_respawn_259,picked
dyn_pax_2593,14401.0,2026-07-03 13:00:01,628232693#0,company|restaurant,,644.2623295929467,660.168099777976,37.49749680792099,127.0281140674837,14601.0,200.0,taxi_respawn_128,picked
dyn_pax_2594,14401.0,2026-07-03 13:00:01,521766175#1,company|restaurant|subway_entrance,,332.9365590021661,1411.5585828157227,37.504206724109,127.02441570308932,14776.0,375.0,taxi_respawn_234,picked
dyn_pax_2595,14401.0,2026-07-03 13:00:01,-1011529829#3,residential|restaurant,,246.84006179949273,776.1178104815556,37.49846619888778,127.02359312469504,14693.0,292.0,taxi_8,picked
dyn_pax_2596,14401.0,2026-07-03 13:00:01,-1056882877#5,company|restaurant,,302.41102899925136,583.0415396467946,37.496737424712585,127.0242672800979,14616.0,215.0,taxi_respawn_213,picked
dyn_pax_2597,14401.0,2026-07-03 13:00:01,417933642#2,residential|restaurant,,976.5976168723116,645.9370182109647,37.49743129415275,127.0318749523804,14489.0,88.0,taxi_respawn_214,picked
dyn_pax_2598,14401.0,2026-07-03 13:00:01,1056882877#3,residential|company|restaurant,,365.79280968467333,433.0557487307964,37.495398294451746,127.02501948586043,14637.0,236.0,taxi_respawn_267,picked
dyn_pax_2599,14401.0,2026-07-03 13:00:01,-417750336#5,restaurant,,886.0343029737398,891.1232225857099,37.499622942823265,127.030792984823,,,,timeout
dyn_pax_2600,14401.0,2026-07-03 13:00:01,521770119#1,restaurant|bus_stop,,527.3115514435282,995.8620162900467,37.50049875494786,127.02671217090477,14499.0,98.0,taxi_respawn_198,picked
dyn_pax_2601,14401.0,2026-07-03 13:00:01,417750337#5,restaurant,,522.3387290339521,1126.7881672814829,37.50167723806998,127.02662489231146,14724.0,323.0,taxi_respawn_192,picked
dyn_pax_2602,14401.0,2026-07-03 13:00:01,117790039#0,restaurant,,1059.1652257347846,901.0190091909938,37.49974471524068,127.0327481916661,14536.0,135.0,taxi_respawn_228,picked
dyn_pax_2603,14401.0,2026-07-03 13:00:01,417933645#2,residential|company|restaurant,,757.7944798520502,568.4010952306102,37.496691568512986,127.02941943794849,14534.0,133.0,taxi_respawn_236,picked
dyn_pax_2604,14401.0,2026-07-03 13:00:01,-417933646#1,residential|restaurant,,826.6019869456061,577.8075382253838,37.49678928421788,127.03019516859905,,,,timeout
dyn_pax_2605,14401.0,2026-07-03 13:00:01,-417750354#1,restaurant,,946.150029211292,974.2465578508335,37.500383078435064,127.03145303198383,14509.0,108.0,taxi_respawn_253,picked
dyn_pax_2606,14401.0,2026-07-03 13:00:01,239962780#1,company|restaurant,,78.091042197054,1418.7355011637856,37.504223128704645,127.02153236485597,14609.0,208.0,taxi_respawn_225,picked
dyn_pax_2607,14401.0,2026-07-03 13:00:01,520307304#2,restaurant,,553.737131666575,902.6336565846188,37.499663917706236,127.02703306650038,,,,timeout
dyn_pax_2608,14401.0,2026-07-03 13:00:01,-417933646#1,residential|restaurant,,826.6019869456061,577.8075382253838,37.49678928421788,127.03019516859905,14579.0,178.0,taxi_respawn_129,picked
dyn_pax_2609,14401.0,2026-07-03 13:00:01,129733424#3,restaurant,,568.5053070143441,1008.1195751958668,37.500616957275064,127.02717503574868,14437.0,36.0,taxi_respawn_172,picked
dyn_pax_2610,14401.0,2026-07-03 13:00:01,-504227067#3,restaurant,,527.7289520354611,471.5483450335965,37.495775653483,127.02684121970124,14586.0,185.0,taxi_respawn_173,picked
dyn_pax_2611,14401.0,2026-07-03 13:00:01,129731858#2,restaurant,,783.9672744139122,855.548332172334,37.49928322221005,127.02964736483162,14520.0,119.0,taxi_respawn_266,picked
dyn_pax_2612,14401.0,2026-07-03 13:00:01,-117790045#3,restaurant,,459.7597996777886,1476.3698694609513,37.50481454718326,127.02583436303603,14520.0,119.0,taxi_respawn_256,picked
dyn_pax_2613,14401.0,2026-07-03 13:00:01,-129731852,restaurant,,721.4959946165901,929.589824990092,37.499938423771525,127.02892348366522,14542.0,141.0,taxi_respawn_265,picked
dyn_pax_2614,14401.0,2026-07-03 13:00:01,256787796#5,restaurant,,616.3422671393917,878.7532899245961,37.49946062055924,127.02774658517313,14624.0,223.0,taxi_respawn_140,picked
dyn_pax_2615,14401.0,2026-07-03 13:00:01,417750354#1,restaurant,,919.2899707887079,1024.6134421491665,37.5008317366974,127.03113741131199,14628.0,227.0,taxi_respawn_102,picked
dyn_pax_2616,14401.0,2026-07-03 13:00:01,256787796#8,restaurant,,646.6563496183319,793.2391486514691,37.49869600620777,127.02810960194483,14650.0,249.0,taxi_respawn_133,picked
dyn_pax_2617,14401.0,2026-07-03 13:00:01,-417933642#1,restaurant,,972.7851169931362,629.1778231901285,37.49727960321316,127.03183581048214,,,,timeout
dyn_pax_2618,14426.0,2026-07-03 13:00:26,521766182#1,company|restaurant|subway_entrance,,681.695169875507,539.6867345716422,37.496418539503196,127.02856584056028,14646.0,220.0,taxi_38,picked
dyn_pax_2619,14449.0,2026-07-03 13:00:49,1229817205#1,residential|bus_stop,,631.6400080768872,572.7061575261558,37.49670653972221,127.02799208080955,14686.0,237.0,taxi_respawn_244,picked
dyn_pax_2620,14481.0,2026-07-03 13:01:21,417933642#0,restaurant|bus_stop,,1041.0954363710525,463.30841921497654,37.49579826441859,127.03264736696761,14631.0,150.0,taxi_respawn_229,picked
dyn_pax_2621,14519.0,2026-07-03 13:01:59,520307304#0,school|subway_entrance|bus_stop,,602.6035134310263,763.145495629718,37.498416594724866,127.02761864854104,14631.0,112.0,taxi_respawn_57,picked
dyn_pax_2622,14536.0,2026-07-03 13:02:16,-417933645#2,company|restaurant|subway_entrance,,701.1658676593129,719.5455833044954,37.49804244093877,127.02874337560036,14686.0,150.0,taxi_respawn_200,picked
dyn_pax_2623,14547.0,2026-07-03 13:02:27,129731720#0,residential|company|restaurant,,292.10678712231254,1113.150773394943,37.50151085547559,127.02402489828896,14656.0,109.0,taxi_respawn_227,picked
dyn_pax_2624,14552.0,2026-07-03 13:02:32,520307304#0,school|subway_entrance|bus_stop,,602.6035134310263,763.145495629718,37.498416594724866,127.02761864854104,14644.0,92.0,taxi_respawn_263,picked
dyn_pax_2625,14561.0,2026-07-03 13:02:41,178441450#1,residential|company|restaurant|bus_stop,,282.90243066757296,609.4157395563556,37.496971320837204,127.02404044855805,14968.0,407.0,taxi_respawn_218,picked
dyn_pax_2626,14562.0,2026-07-03 13:02:42,-523141073,residential|company,,283.47995026542384,1109.9635024546676,37.50148051131825,127.02392811188028,14690.0,128.0,taxi_respawn_243,picked
dyn_pax_2627,14564.0,2026-07-03 13:02:44,218857636#1,residential|company|restaurant|bus_stop,,297.92905089287035,623.2061345250047,37.49709839153085,127.02420706961871,14694.0,130.0,taxi_respawn_261,picked
dyn_pax_2628,14572.0,2026-07-03 13:02:52,417750337#1,restaurant,,654.3039749436668,1311.1147669608317,37.50336263595113,127.02807333923603,14676.0,104.0,taxi_respawn_230,picked
dyn_pax_2629,14606.0,2026-07-03 13:03:26,218877837#2,company|restaurant|bus_stop,,479.4555212141038,978.0213907550284,37.500328997763305,127.02617530290202,14713.0,107.0,taxi_respawn_251,picked
dyn_pax_2630,14615.0,2026-07-03 13:03:35,-417933646#1,residential|restaurant,,826.6019869456061,577.8075382253838,37.49678928421788,127.03019516859905,14677.0,62.0,taxi_respawn_271,picked
dyn_pax_2631,14636.0,2026-07-03 13:03:56,218864491#0,restaurant|bus_stop,,769.9803916976219,760.1217113917903,37.49842094941813,127.02951181742357,14671.0,35.0,taxi_respawn_250,picked
dyn_pax_2632,14660.0,2026-07-03 13:04:20,494824662#3,company|restaurant|subway_entrance,,729.424850252167,406.6843378518681,37.49522941823122,127.02913698209235,14786.0,126.0,taxi_respawn_59,picked
dyn_pax_2633,14665.0,2026-07-03 13:04:25,117790039#3,restaurant,,1021.8645860465238,1004.4924062015546,37.500669811640854,127.03230197280303,14721.0,56.0,taxi_respawn_228,picked
dyn_pax_2634,14686.0,2026-07-03 13:04:46,-417750337#4,restaurant,,542.6552277079157,1139.0745154802132,37.5017917560025,127.02685169754334,14775.0,89.0,taxi_respawn_199,picked
dyn_pax_2635,14703.0,2026-07-03 13:05:03,256787796#2,restaurant,,573.8171824012851,1000.9225059734806,37.50055312725627,127.02723680274495,14882.0,179.0,taxi_respawn_83,picked
dyn_pax_2636,14709.0,2026-07-03 13:05:09,541692164#1,subway_entrance,,271.6277521231475,1406.6420105391767,37.5041508337347,127.02372362926798,14772.0,63.0,taxi_respawn_254,picked
dyn_pax_2637,14728.0,2026-07-03 13:05:28,218873820#0,restaurant|subway_entrance|bus_stop,,628.9829311132032,562.4061665928522,37.49661325243901,127.02796447999128,14778.0,50.0,taxi_respawn_260,picked
dyn_pax_2638,14732.0,2026-07-03 13:05:32,1229817205#0,company|subway_entrance|bus_stop,,599.2457558679199,652.2907550986157,37.497417346160496,127.02760695963683,14774.0,42.0,taxi_respawn_194,picked
dyn_pax_2639,14738.0,2026-07-03 13:05:38,379463130#0,restaurant,,544.1425087303844,1128.5419490598922,37.501697156429024,127.02687101205116,15226.0,488.0,taxi_respawn_147,picked
dyn_pax_2640,14751.0,2026-07-03 13:05:51,521770119#0,restaurant|bus_stop,,548.9831206778387,935.1148840516827,37.499955620541705,127.02697161236954,14903.0,152.0,taxi_respawn_151,picked
dyn_pax_2641,14771.0,2026-07-03 13:06:11,379463124,restaurant,,554.9909183636056,1244.5663744100702,37.50274438945946,127.02696616135114,15240.0,469.0,taxi_respawn_256,picked
dyn_pax_2642,14808.0,2026-07-03 13:06:48,-256787796#7,restaurant,,650.4923169509016,809.9698095387197,37.49884744554127,127.02814900895488,14850.0,42.0,taxi_38,picked
dyn_pax_2643,14809.0,2026-07-03 13:06:49,309155295#1,restaurant,,764.2225196982893,558.1760304781078,37.4966006705371,127.0294945363528,14853.0,44.0,taxi_respawn_30,picked
dyn_pax_2644,14812.0,2026-07-03 13:06:52,309155295#2,restaurant,,836.915506927576,584.1196133409687,37.49684809051661,127.03031028233906,14847.0,35.0,taxi_respawn_212,picked
dyn_pax_2645,14816.0,2026-07-03 13:06:56,218873820#0,restaurant|subway_entrance|bus_stop,,628.9829311132032,562.4061665928522,37.49661325243901,127.02796447999128,14869.0,53.0,taxi_respawn_173,picked
dyn_pax_2646,14832.0,2026-07-03 13:07:12,117790039#0,restaurant,,1059.1652257347846,901.0190091909938,37.49974471524068,127.0327481916661,14909.0,77.0,taxi_respawn_263,picked
dyn_pax_2647,14832.0,2026-07-03 13:07:12,417933646#2,residential|restaurant,,830.3119525357222,594.5819430897021,37.496941093289735,127.0302331440542,14899.0,67.0,taxi_respawn_230,picked
dyn_pax_2648,14859.0,2026-07-03 13:07:39,417750337#1,restaurant,,654.3039749436668,1311.1147669608317,37.50336263595113,127.02807333923603,14926.0,67.0,taxi_respawn_246,picked
dyn_pax_2649,14859.0,2026-07-03 13:07:39,-256787796#4,restaurant,,620.2926176327408,895.5374521094307,37.49961256354246,127.02778727239327,14937.0,78.0,taxi_respawn_269,picked
dyn_pax_2650,14860.0,2026-07-03 13:07:40,-117790039#4,restaurant,,976.1736160857955,1107.3942396063046,37.50158817580974,127.03176100793065,14932.0,72.0,taxi_respawn_271,picked
dyn_pax_2651,14864.0,2026-07-03 13:07:44,1117538958#3,bus_stop,,160.18899290588462,540.6019911995099,37.49632820280781,127.02266936696756,14925.0,61.0,taxi_respawn_216,picked
dyn_pax_2652,14867.0,2026-07-03 13:07:47,1117538957#3,restaurant|subway_entrance|bus_stop,,465.5082521847807,644.8780924026132,37.49732530507706,127.02609663221197,14917.0,50.0,taxi_respawn_266,picked
dyn_pax_2653,14873.0,2026-07-03 13:07:53,-379463134#6,restaurant,,651.5506250710082,1319.679135788758,37.50343926652266,127.02804017641046,15253.0,380.0,taxi_respawn_267,picked
dyn_pax_2654,14874.0,2026-07-03 13:07:54,1229817205#0,company|subway_entrance|bus_stop,,599.2457558679199,652.2907550986157,37.497417346160496,127.02760695963683,14908.0,34.0,taxi_respawn_214,picked
dyn_pax_2655,14875.0,2026-07-03 13:07:55,309155295#0,company|restaurant,,688.2712938579457,529.5739965525526,37.49632868191341,127.02864258735015,14926.0,51.0,taxi_respawn_251,picked
dyn_pax_2656,14883.0,2026-07-03 13:08:03,506191135#3,residential|company|restaurant|bus_stop,,238.79972345576414,789.4714057742513,37.49858497042428,127.023499044737,14974.0,91.0,taxi_respawn_213,picked
dyn_pax_2657,14886.0,2026-07-03 13:08:06,218864491#0,restaurant|bus_stop,,769.9803916976219,760.1217113917903,37.49842094941813,127.02951181742357,15003.0,117.0,taxi_respawn_164,picked
dyn_pax_2658,14887.0,2026-07-03 13:08:07,542367267#1,company|restaurant,,199.26981683313872,1381.121508122661,37.50390724154084,127.02291151664822,14962.0,75.0,taxi_respawn_217,picked
dyn_pax_2659,14900.0,2026-07-03 13:08:20,520307304#0,school|subway_entrance|bus_stop,,602.6035134310263,763.145495629718,37.498416594724866,127.02761864854104,14956.0,56.0,taxi_41,picked
dyn_pax_2660,14902.0,2026-07-03 13:08:22,504227067#4,residential|restaurant,,502.84500120553366,479.2066548114549,37.49583994070096,127.02655806263846,14981.0,79.0,taxi_respawn_238,picked
dyn_pax_2661,14902.0,2026-07-03 13:08:22,520307304#0,school|subway_entrance|bus_stop,,602.6035134310263,763.145495629718,37.498416594724866,127.02761864854104,15076.0,174.0,taxi_respawn_102,picked
dyn_pax_2662,14905.0,2026-07-03 13:08:25,521766175#3,company|restaurant|subway_entrance|bus_stop,,373.6701172395771,1298.610217621072,37.50319695740621,127.02490310718325,14964.0,59.0,taxi_respawn_179,picked
dyn_pax_2663,14916.0,2026-07-03 13:08:36,521766175#3,company|restaurant|subway_entrance|bus_stop,,373.6701172395771,1298.610217621072,37.50319695740621,127.02490310718325,14993.0,77.0,taxi_respawn_273,picked
dyn_pax_2664,14919.0,2026-07-03 13:08:39,520307304#0,school|subway_entrance|bus_stop,,602.6035134310263,763.145495629718,37.498416594724866,127.02761864854104,14997.0,78.0,taxi_respawn_261,picked
dyn_pax_2665,14923.0,2026-07-03 13:08:43,218873820#0,restaurant|subway_entrance|bus_stop,,628.9829311132032,562.4061665928522,37.49661325243901,127.02796447999128,14992.0,69.0,taxi_respawn_253,picked
dyn_pax_2666,14931.0,2026-07-03 13:08:51,-117790039#2,company|restaurant,,1017.0012393074795,990.846024966068,37.5005459641277,127.03225021068775,14975.0,44.0,taxi_respawn_225,picked
dyn_pax_2667,14933.0,2026-07-03 13:08:53,218857636#1,residential|company|restaurant|bus_stop,,297.92905089287035,623.2061345250047,37.49709839153085,127.02420706961871,14966.0,33.0,taxi_respawn_129,picked
dyn_pax_2668,14942.0,2026-07-03 13:09:02,-129731857#2,restaurant,,875.7452923990509,884.8037873845144,37.499564075208866,127.03067814538078,15050.0,108.0,taxi_respawn_270,picked
dyn_pax_2669,14946.0,2026-07-03 13:09:06,975332778#0,restaurant,,667.9217791522676,716.9366930139246,37.49801266412058,127.02836812020041,15043.0,97.0,taxi_respawn_205,picked
dyn_pax_2670,14953.0,2026-07-03 13:09:13,975332778#1,bus_stop,,681.6099970732737,721.9380561808346,37.49806030190971,127.02852170075586,15017.0,64.0,taxi_respawn_140,picked
dyn_pax_2671,14963.0,2026-07-03 13:09:23,218864491#0,restaurant|bus_stop,,769.9803916976219,760.1217113917903,37.49842094941813,127.02951181742357,15007.0,44.0,taxi_8,picked
dyn_pax_2672,14966.0,2026-07-03 13:09:26,-26163000#1,restaurant,,613.3034084576574,1234.0026207389662,37.50266024308643,127.02762801542576,15035.0,69.0,taxi_respawn_113,picked
dyn_pax_2673,14966.0,2026-07-03 13:09:26,379463124,restaurant,,554.9909183636056,1244.5663744100702,37.50274438945946,127.02696616135114,15055.0,89.0,taxi_respawn_107,picked
dyn_pax_2674,14971.0,2026-07-03 13:09:31,239962780#1,company|restaurant,,78.091042197054,1418.7355011637856,37.504223128704645,127.02153236485597,15081.0,110.0,taxi_respawn_272,picked
dyn_pax_2675,14975.0,2026-07-03 13:09:35,521770116#2,company|restaurant|bus_stop,,432.3182248087171,1108.514093563608,37.50149560521279,127.02561136613096,15061.0,86.0,taxi_respawn_268,picked
dyn_pax_2676,14998.0,2026-07-03 13:09:58,521770119#0,restaurant|bus_stop,,548.9831206778387,935.1148840516827,37.499955620541705,127.02697161236954,15006.0,8.0,taxi_respawn_259,picked
dyn_pax_2677,15000.0,2026-07-03 13:10:00,506191135#3,residential|company|restaurant|bus_stop,,238.79972345576414,789.4714057742513,37.49858497042428,127.023499044737,15052.0,52.0,taxi_respawn_257,picked
dyn_pax_2678,15011.0,2026-07-03 13:10:11,129731859#1,restaurant,,770.318180095484,905.1374216517651,37.499727361620906,127.02948129560598,15080.0,69.0,taxi_respawn_219,picked
dyn_pax_2679,15020.0,2026-07-03 13:10:20,-417750337#4,restaurant,,542.6552277079157,1139.0745154802132,37.5017917560025,127.02685169754334,15127.0,107.0,taxi_respawn_83,picked
dyn_pax_2680,15033.0,2026-07-03 13:10:33,1117538957#3,restaurant|subway_entrance|bus_stop,,465.5082521847807,644.8780924026132,37.49732530507706,127.02609663221197,15100.0,67.0,taxi_respawn_244,picked
dyn_pax_2681,15046.0,2026-07-03 13:10:46,-117790045#0,restaurant,,544.8147652988505,1238.053441474183,37.50268379633789,127.0268526423962,15073.0,27.0,taxi_respawn_206,picked
dyn_pax_2682,15046.0,2026-07-03 13:10:46,-117790039#4,restaurant,,976.1736160857955,1107.3942396063046,37.50158817580974,127.03176100793065,15097.0,51.0,taxi_respawn_212,picked
dyn_pax_2683,15049.0,2026-07-03 13:10:49,129731859#0,restaurant,,636.6446621144157,858.1896913104493,37.49927921090336,127.0279810114602,15075.0,26.0,taxi_respawn_236,picked
dyn_pax_2684,15059.0,2026-07-03 13:10:59,309155295#0,company|restaurant,,688.2712938579457,529.5739965525526,37.49632868191341,127.02864258735015,15091.0,32.0,taxi_respawn_274,picked
dyn_pax_2685,15071.0,2026-07-03 13:11:11,117790041#2,restaurant,,441.66460303662666,1376.669936706078,37.50391299976682,127.0256534125234,15150.0,79.0,taxi_respawn_229,picked
dyn_pax_2686,15101.0,2026-07-03 13:11:41,-1056882877#5,company|restaurant,,302.41102899925136,583.0415396467946,37.496737424712585,127.0242672800979,15136.0,35.0,taxi_respawn_243,picked
dyn_pax_2687,15110.0,2026-07-03 13:11:50,-805827765,restaurant,,955.7439147780814,1157.0835718820576,37.50203194319751,127.03151825266303,15146.0,36.0,taxi_respawn_266,picked
dyn_pax_2688,15124.0,2026-07-03 13:12:04,975332778#0,restaurant,,667.9217791522676,716.9366930139246,37.49801266412058,127.02836812020041,15197.0,73.0,taxi_respawn_234,picked
dyn_pax_2689,15132.0,2026-07-03 13:12:12,521770119#0,restaurant|bus_stop,,548.9831206778387,935.1148840516827,37.499955620541705,127.02697161236954,15270.0,138.0,taxi_respawn_224,picked
dyn_pax_2690,15135.0,2026-07-03 13:12:15,218873820#0,restaurant|subway_entrance|bus_stop,,628.9829311132032,562.4061665928522,37.49661325243901,127.02796447999128,15228.0,93.0,taxi_respawn_218,picked
dyn_pax_2691,15143.0,2026-07-03 13:12:23,375049565#6,restaurant|subway_entrance|bus_stop,,789.5153251748014,798.8522330112556,37.49877353199428,127.02972351946808,15188.0,45.0,taxi_respawn_249,picked
dyn_pax_2692,15149.0,2026-07-03 13:12:29,975332778#1,bus_stop,,681.6099970732737,721.9380561808346,37.49806030190971,127.02852170075586,15194.0,45.0,taxi_respawn_275,picked
dyn_pax_2693,15152.0,2026-07-03 13:12:32,417933646#0,restaurant,,894.2617302193242,410.3206078764906,37.49529326349135,127.03099977850056,15234.0,82.0,taxi_8,picked
dyn_pax_2694,15163.0,2026-07-03 13:12:43,1117538957#3,restaurant|subway_entrance|bus_stop,,465.5082521847807,644.8780924026132,37.49732530507706,127.02609663221197,15229.0,66.0,taxi_respawn_78,picked
dyn_pax_2695,15174.0,2026-07-03 13:12:54,494824662#3,company|restaurant|subway_entrance,,729.424850252167,406.6843378518681,37.49522941823122,127.02913698209235,15254.0,80.0,taxi_respawn_31,picked
dyn_pax_2696,15202.0,2026-07-03 13:13:22,-504227067#3,restaurant,,527.7289520354611,471.5483450335965,37.495775653483,127.02684121970124,15268.0,66.0,taxi_respawn_276,picked
dyn_pax_2697,15214.0,2026-07-03 13:13:34,-417933645#2,company|restaurant|subway_entrance,,701.1658676593129,719.5455833044954,37.49804244093877,127.02874337560036,15367.0,153.0,taxi_respawn_246,picked
dyn_pax_2698,15219.0,2026-07-03 13:13:39,1117538957#3,restaurant|subway_entrance|bus_stop,,465.5082521847807,644.8780924026132,37.49732530507706,127.02609663221197,15273.0,54.0,taxi_respawn_190,picked
dyn_pax_2699,15233.0,2026-07-03 13:13:53,375049565#6,restaurant|subway_entrance|bus_stop,,789.5153251748014,798.8522330112556,37.49877353199428,127.02972351946808,15273.0,40.0,taxi_respawn_204,picked
dyn_pax_2700,15238.0,2026-07-03 13:13:58,-504509918#2,company|restaurant|bus_stop,,398.9694242295193,827.4758220967593,37.49895762305832,127.02530099003066,15263.0,25.0,taxi_respawn_57,picked
dyn_pax_2701,15250.0,2026-07-03 13:14:10,521770119#0,restaurant|bus_stop,,548.9831206778387,935.1148840516827,37.499955620541705,127.02697161236954,15307.0,57.0,taxi_respawn_270,picked
dyn_pax_2702,15250.0,2026-07-03 13:14:10,504227069,residential|restaurant,,587.1158993285404,291.7776336445087,37.494167438547194,127.02755526357365,15414.0,164.0,taxi_respawn_172,picked
dyn_pax_2703,15261.0,2026-07-03 13:14:21,375049565#6,restaurant|subway_entrance|bus_stop,,789.5153251748014,798.8522330112556,37.49877353199428,127.02972351946808,15308.0,47.0,taxi_respawn_177,picked
dyn_pax_2704,15283.0,2026-07-03 13:14:43,521766182#1,company|restaurant|subway_entrance,,681.695169875507,539.6867345716422,37.496418539503196,127.02856584056028,15314.0,31.0,taxi_respawn_59,picked
dyn_pax_2705,15283.0,2026-07-03 13:14:43,-379232161#3,restaurant,,957.578372934647,431.27964063812743,37.495494003443426,127.03171068469486,15351.0,68.0,taxi_respawn_129,picked
dyn_pax_2706,15288.0,2026-07-03 13:14:48,375049565#6,restaurant|subway_entrance|bus_stop,,789.5153251748014,798.8522330112556,37.49877353199428,127.02972351946808,15316.0,28.0,taxi_respawn_199,picked
dyn_pax_2707,15292.0,2026-07-03 13:14:52,256787796#0,restaurant,,530.944358998998,1120.7521543106918,37.50162448989409,127.02672362781294,15319.0,27.0,taxi_respawn_179,picked
dyn_pax_2708,15306.0,2026-07-03 13:15:06,523141074#0,company|restaurant|subway_entrance,,524.0338794858329,871.4890157117229,37.4993777454413,127.02670460634431,15369.0,63.0,taxi_respawn_254,picked
dyn_pax_2709,15333.0,2026-07-03 13:15:33,117790041#2,restaurant,,441.66460303662666,1376.669936706078,37.50391299976682,127.0256534125234,15378.0,45.0,taxi_41,picked
dyn_pax_2710,15336.0,2026-07-03 13:15:36,417933642#0,restaurant|bus_stop,,1041.0954363710525,463.30841921497654,37.49579826441859,127.03264736696761,15388.0,52.0,taxi_respawn_231,picked
dyn_pax_2711,15341.0,2026-07-03 13:15:41,-117790045#0,restaurant,,544.8147652988505,1238.053441474183,37.50268379633789,127.0268526423962,15371.0,30.0,taxi_respawn_230,picked
dyn_pax_2712,15342.0,2026-07-03 13:15:42,521770119#0,restaurant|bus_stop,,548.9831206778387,935.1148840516827,37.499955620541705,127.02697161236954,15370.0,28.0,taxi_respawn_225,picked
dyn_pax_2713,15350.0,2026-07-03 13:15:50,521766182#1,company|restaurant|subway_entrance,,681.695169875507,539.6867345716422,37.496418539503196,127.02856584056028,15401.0,51.0,taxi_respawn_234,picked
dyn_pax_2714,15356.0,2026-07-03 13:15:56,480850873,company|restaurant|bus_stop,,548.1935052770749,708.5896639848544,37.49791486187585,127.0270163956136,15377.0,21.0,taxi_respawn_219,picked
dyn_pax_2715,15368.0,2026-07-03 13:16:08,1376141182#0,bus_stop,,385.7154046370183,1301.0311255965628,37.50322104370192,127.02503873135461,15460.0,92.0,taxi_respawn_277,picked
dyn_pax_2716,15370.0,2026-07-03 13:16:10,-506191135#22,residential|company|restaurant|bus_stop,,38.693950105848444,1321.9513167019495,37.50334380565249,127.02110990869835,15433.0,63.0,taxi_respawn_238,picked
dyn_pax_2717,15384.0,2026-07-03 13:16:24,521766175#3,company|restaurant|subway_entrance|bus_stop,,373.6701172395771,1298.610217621072,37.50319695740621,127.02490310718325,15450.0,66.0,taxi_respawn_281,picked
dyn_pax_2718,15390.0,2026-07-03 13:16:30,-379232161#3,restaurant,,957.578372934647,431.27964063812743,37.495494003443426,127.03171068469486,15456.0,66.0,taxi_respawn_279,picked
dyn_pax_2719,15392.0,2026-07-03 13:16:32,521766175#1,company|restaurant|subway_entrance,,332.9365590021661,1411.5585828157227,37.504206724109,127.02441570308932,15495.0,103.0,taxi_respawn_268,picked
dyn_pax_2720,15399.0,2026-07-03 13:16:39,990628460#0,restaurant,,624.9193131653682,704.9656163236222,37.49789670602668,127.02788475117727,15490.0,91.0,taxi_respawn_205,picked
dyn_pax_2721,15420.0,2026-07-03 13:17:00,305539406,company|restaurant|subway_entrance,,566.389495917364,736.5285064605782,37.49816998085155,127.02721550408178,15454.0,34.0,taxi_respawn_240,picked
dyn_pax_2722,15423.0,2026-07-03 13:17:03,480850873,company|restaurant|bus_stop,,548.1935052770749,708.5896639848544,37.49791486187585,127.0270163956136,15494.0,71.0,taxi_respawn_229,picked
dyn_pax_2723,15437.0,2026-07-03 13:17:17,-417750337#6,restaurant,,503.6615133291097,1089.1021319971503,37.50133422142063,127.0264226479345,15528.0,91.0,taxi_respawn_253,picked
dyn_pax_2724,15455.0,2026-07-03 13:17:35,802110008,restaurant,,567.9368588148042,1294.4290295528247,37.503196013251454,127.02710071947062,15496.0,41.0,taxi_respawn_128,picked
dyn_pax_2725,15480.0,2026-07-03 13:18:00,506191135#3,residential|company|restaurant|bus_stop,,238.79972345576414,789.4714057742513,37.49858497042428,127.023499044737,15500.0,20.0,taxi_respawn_204,picked
dyn_pax_2726,15488.0,2026-07-03 13:18:08,-117823785#1,restaurant,,983.1954817367493,635.6880668681273,37.49734021138362,127.03195197441553,15597.0,109.0,taxi_respawn_251,picked
dyn_pax_2727,15499.0,2026-07-03 13:18:19,375049565#6,restaurant|subway_entrance|bus_stop,,789.5153251748014,798.8522330112556,37.49877353199428,127.02972351946808,15545.0,46.0,taxi_38,picked
dyn_pax_2728,15500.0,2026-07-03 13:18:20,480850873,company|restaurant|bus_stop,,548.1935052770749,708.5896639848544,37.49791486187585,127.0270163956136,15599.0,99.0,taxi_respawn_269,picked
dyn_pax_2729,15510.0,2026-07-03 13:18:30,-129731858#1,restaurant,,779.3164249772793,838.8541978668718,37.49913195860003,127.0295987323456,15560.0,50.0,taxi_respawn_282,picked
dyn_pax_2730,15525.0,2026-07-03 13:18:45,-504227066#3,restaurant,,449.3214735737982,636.1754008755333,37.497243849267164,127.02591568328045,15594.0,69.0,taxi_respawn_147,picked
dyn_pax_2731,15537.0,2026-07-03 13:18:57,117823785#0,company|restaurant,,1360.8740206736493,851.0492627492013,37.499351351792384,127.0361713398344,15642.0,105.0,taxi_respawn_263,picked
dyn_pax_2732,15550.0,2026-07-03 13:19:10,521770119#0,restaurant|bus_stop,,548.9831206778387,935.1148840516827,37.499955620541705,127.02697161236954,15642.0,92.0,taxi_respawn_234,picked
dyn_pax_2733,15552.0,2026-07-03 13:19:12,521766175#3,company|restaurant|subway_entrance|bus_stop,,373.6701172395771,1298.610217621072,37.50319695740621,127.02490310718325,15633.0,81.0,taxi_respawn_256,picked
dyn_pax_2734,15555.0,2026-07-03 13:19:15,521766175#3,company|restaurant|subway_entrance|bus_stop,,373.6701172395771,1298.610217621072,37.50319695740621,127.02490310718325,15684.0,129.0,taxi_respawn_257,picked
dyn_pax_2735,15555.0,2026-07-03 13:19:15,521770119#0,restaurant|bus_stop,,548.9831206778387,935.1148840516827,37.499955620541705,127.02697161236954,15636.0,81.0,taxi_respawn_264,picked
dyn_pax_2736,15557.0,2026-07-03 13:19:17,-256787796#7,restaurant,,650.4923169509016,809.9698095387197,37.49884744554127,127.02814900895488,15609.0,52.0,taxi_respawn_179,picked
dyn_pax_2737,15560.0,2026-07-03 13:19:20,417933646#0,restaurant,,894.2617302193242,410.3206078764906,37.49529326349135,127.03099977850056,15618.0,58.0,taxi_respawn_230,picked
dyn_pax_2738,15574.0,2026-07-03 13:19:34,1376141182#0,bus_stop,,385.7154046370183,1301.0311255965628,37.50322104370192,127.02503873135461,15683.0,109.0,taxi_respawn_272,picked
dyn_pax_2739,15577.0,2026-07-03 13:19:37,521770116#2,company|restaurant|bus_stop,,432.3182248087171,1108.514093563608,37.50149560521279,127.02561136613096,15608.0,31.0,taxi_respawn_249,picked
dyn_pax_2740,15588.0,2026-07-03 13:19:48,504512001,restaurant,,488.2111633916996,684.0143948730154,37.497682147346794,127.02634403725544,15607.0,19.0,taxi_respawn_259,picked
dyn_pax_2741,15595.0,2026-07-03 13:19:55,305539406,company|restaurant|subway_entrance,,566.389495917364,736.5285064605782,37.49816998085155,127.02721550408178,15634.0,39.0,taxi_respawn_199,picked
dyn_pax_2742,15602.0,2026-07-03 13:20:02,375049565#6,restaurant|subway_entrance|bus_stop,,789.5153251748014,798.8522330112556,37.49877353199428,127.02972351946808,15677.0,75.0,taxi_respawn_83,picked
dyn_pax_2743,15620.0,2026-07-03 13:20:20,256787796#5,restaurant,,616.3422671393917,878.7532899245961,37.49946062055924,127.02774658517313,15689.0,69.0,taxi_respawn_240,picked
dyn_pax_2744,15641.0,2026-07-03 13:20:41,218873820#0,restaurant|subway_entrance|bus_stop,,628.9829311132032,562.4061665928522,37.49661325243901,127.02796447999128,15681.0,40.0,taxi_respawn_244,picked
dyn_pax_2745,15642.0,2026-07-03 13:20:42,1117538957#3,restaurant|subway_entrance|bus_stop,,465.5082521847807,644.8780924026132,37.49732530507706,127.02609663221197,15680.0,38.0,taxi_respawn_238,picked
dyn_pax_2746,15647.0,2026-07-03 13:20:47,26163000#0,restaurant,,655.1679463942612,1215.3400880972458,37.50250003106797,127.02810580802628,15711.0,64.0,taxi_respawn_275,picked
dyn_pax_2747,15667.0,2026-07-03 13:21:07,375049565#6,restaurant|subway_entrance|bus_stop,,789.5153251748014,798.8522330112556,37.49877353199428,127.02972351946808,15731.0,64.0,taxi_respawn_265,picked
dyn_pax_2748,15686.0,2026-07-03 13:21:26,-506191135#22,residential|company|restaurant|bus_stop,,38.693950105848444,1321.9513167019495,37.50334380565249,127.02110990869835,15745.0,59.0,taxi_respawn_129,picked
dyn_pax_2749,15701.0,2026-07-03 13:21:41,117790051#4,restaurant,,495.1920534812603,1378.4842065286966,37.50393946166789,127.02625823552458,15748.0,47.0,taxi_respawn_57,picked
dyn_pax_2750,15736.0,2026-07-03 13:22:16,218873820#0,restaurant|subway_entrance|bus_stop,,628.9829311132032,562.4061665928522,37.49661325243901,127.02796447999128,15856.0,120.0,taxi_respawn_172,picked
dyn_pax_2751,15752.0,2026-07-03 13:22:32,218873820#0,restaurant|subway_entrance|bus_stop,,628.9829311132032,562.4061665928522,37.49661325243901,127.02796447999128,15813.0,61.0,taxi_respawn_231,picked
dyn_pax_2752,15754.0,2026-07-03 13:22:34,521766180#1,company|restaurant|bus_stop,,466.73410130235357,1169.2838037446552,37.502049542882666,127.02598608796039,15854.0,100.0,taxi_respawn_280,picked
dyn_pax_2753,15762.0,2026-07-03 13:22:42,541692164#1,subway_entrance,,271.6277521231475,1406.6420105391767,37.5041508337347,127.02372362926798,15847.0,85.0,taxi_respawn_151,picked
dyn_pax_2754,15762.0,2026-07-03 13:22:42,417750342#0,residential,,845.3624953099543,1340.16590884019,37.50366039527634,127.03022681464076,15842.0,80.0,taxi_41,picked
dyn_pax_2755,15772.0,2026-07-03 13:22:52,-523141073,residential|company,,283.47995026542384,1109.9635024546676,37.50148051131825,127.02392811188028,15851.0,79.0,taxi_respawn_177,picked
dyn_pax_2756,15782.0,2026-07-03 13:23:02,417731530,company|restaurant,,191.66975375905443,1429.5779711342507,37.5043423120142,127.02281406437154,15858.0,76.0,taxi_respawn_269,picked
dyn_pax_2757,15789.0,2026-07-03 13:23:09,417933642#2,residential|restaurant,,976.5976168723116,645.9370182109647,37.49743129415275,127.0318749523804,15872.0,83.0,taxi_respawn_271,picked
dyn_pax_2758,15804.0,2026-07-03 13:23:24,521766180#1,company|restaurant|bus_stop,,466.73410130235357,1169.2838037446552,37.502049542882666,127.02598608796039,15859.0,55.0,taxi_respawn_200,picked
dyn_pax_2759,15831.0,2026-07-03 13:23:51,521766175#3,company|restaurant|subway_entrance|bus_stop,,373.6701172395771,1298.610217621072,37.50319695740621,127.02490310718325,15868.0,37.0,taxi_respawn_261,picked
dyn_pax_2760,15832.0,2026-07-03 13:23:52,1376141182#0,bus_stop,,385.7154046370183,1301.0311255965628,37.50322104370192,127.02503873135461,15869.0,37.0,taxi_respawn_191,picked
dyn_pax_2761,15842.0,2026-07-03 13:24:02,417933646#2,residential|restaurant,,830.3119525357222,594.5819430897021,37.496941093289735,127.0302331440542,15909.0,67.0,taxi_respawn_244,picked
dyn_pax_2762,15852.0,2026-07-03 13:24:12,117790036#1,company,,849.7103307162836,1232.6514730855474,37.50269269072902,127.03030143103514,15976.0,124.0,taxi_respawn_289,picked
dyn_pax_2763,15862.0,2026-07-03 13:24:22,504227069,residential|restaurant,,587.1158993285404,291.7776336445087,37.494167438547194,127.02755526357365,15998.0,136.0,taxi_respawn_287,picked
dyn_pax_2764,15870.0,2026-07-03 13:24:30,375049565#6,restaurant|subway_entrance|bus_stop,,789.5153251748014,798.8522330112556,37.49877353199428,127.02972351946808,15920.0,50.0,taxi_respawn_278,picked
dyn_pax_2765,15877.0,2026-07-03 13:24:37,480850873,company|restaurant|bus_stop,,548.1935052770749,708.5896639848544,37.49791486187585,127.0270163956136,15943.0,66.0,taxi_respawn_218,picked
dyn_pax_2766,15891.0,2026-07-03 13:24:51,521766175#3,company|restaurant|subway_entrance|bus_stop,,373.6701172395771,1298.610217621072,37.50319695740621,127.02490310718325,15910.0,19.0,taxi_respawn_290,picked
dyn_pax_2767,15905.0,2026-07-03 13:25:05,506191135#3,residential|company|restaurant|bus_stop,,238.79972345576414,789.4714057742513,37.49858497042428,127.023499044737,15966.0,61.0,taxi_respawn_107,picked
dyn_pax_2768,15908.0,2026-07-03 13:25:08,-417933645#2,company|restaurant|subway_entrance,,701.1658676593129,719.5455833044954,37.49804244093877,127.02874337560036,15997.0,89.0,taxi_respawn_264,picked
dyn_pax_2769,15910.0,2026-07-03 13:25:10,-129731857#1,restaurant,,773.0987126859483,849.1784152186673,37.4992237894183,127.02952598601298,15974.0,64.0,taxi_respawn_199,picked
dyn_pax_2770,15919.0,2026-07-03 13:25:19,521766182#1,company|restaurant|subway_entrance,,681.695169875507,539.6867345716422,37.496418539503196,127.02856584056028,15983.0,64.0,taxi_respawn_31,picked
dyn_pax_2771,15923.0,2026-07-03 13:25:23,521766182#1,company|restaurant|subway_entrance,,681.695169875507,539.6867345716422,37.496418539503196,127.02856584056028,15991.0,68.0,taxi_respawn_238,picked
dyn_pax_2772,15930.0,2026-07-03 13:25:30,1011529829#0,school,,381.1393135972994,834.2751815073392,37.49901550234899,127.0250977784903,15988.0,58.0,taxi_respawn_240,picked
dyn_pax_2773,15933.0,2026-07-03 13:25:33,521770119#0,restaurant|bus_stop,,548.9831206778387,935.1148840516827,37.499955620541705,127.02697161236954,15979.0,46.0,taxi_respawn_277,picked
dyn_pax_2774,15938.0,2026-07-03 13:25:38,218873820#0,restaurant|subway_entrance|bus_stop,,628.9829311132032,562.4061665928522,37.49661325243901,127.02796447999128,16036.0,98.0,taxi_respawn_288,picked
dyn_pax_2775,15975.0,2026-07-03 13:26:15,-117790045#3,restaurant,,459.7597996777886,1476.3698694609513,37.50481454718326,127.02583436303603,16056.0,81.0,taxi_respawn_285,picked
dyn_pax_2776,15978.0,2026-07-03 13:26:18,1229817205#0,company|subway_entrance|bus_stop,,599.2457558679199,652.2907550986157,37.497417346160496,127.02760695963683,16066.0,88.0,taxi_respawn_256,picked
dyn_pax_2777,15986.0,2026-07-03 13:26:26,521770119#3,restaurant,,495.372237145516,1095.557338436544,37.501390805360316,127.0263273901891,16443.0,457.0,taxi_respawn_216,picked
dyn_pax_2778,15996.0,2026-07-03 13:26:36,975332778#1,bus_stop,,681.6099970732737,721.9380561808346,37.49806030190971,127.02852170075586,16084.0,88.0,taxi_respawn_181,picked
dyn_pax_2779,15998.0,2026-07-03 13:26:38,504227066#0,restaurant,,519.2210823013057,487.78345043316773,37.49592029712161,127.02674117912406,16117.0,119.0,taxi_41,picked
dyn_pax_2780,16003.0,2026-07-03 13:26:43,417933642#0,restaurant|bus_stop,,1041.0954363710525,463.30841921497654,37.49579826441859,127.03264736696761,16069.0,66.0,taxi_respawn_250,picked
dyn_pax_2781,16006.0,2026-07-03 13:26:46,-417750336#5,restaurant,,886.0343029737398,891.1232225857099,37.499622942823265,127.030792984823,16036.0,30.0,taxi_respawn_265,picked
dyn_pax_2782,16006.0,2026-07-03 13:26:46,218864491#0,restaurant|bus_stop,,769.9803916976219,760.1217113917903,37.49842094941813,127.02951181742357,16079.0,73.0,taxi_8,picked
dyn_pax_2783,16008.0,2026-07-03 13:26:48,494824662#3,company|restaurant|subway_entrance,,729.424850252167,406.6843378518681,37.49522941823122,127.02913698209235,16098.0,90.0,taxi_respawn_282,picked
dyn_pax_2784,16014.0,2026-07-03 13:26:54,1117538958#3,bus_stop,,160.18899290588462,540.6019911995099,37.49632820280781,127.02266936696756,16059.0,45.0,taxi_respawn_284,picked
dyn_pax_2785,16017.0,2026-07-03 13:26:57,218864491#0,restaurant|bus_stop,,769.9803916976219,760.1217113917903,37.49842094941813,127.02951181742357,16094.0,77.0,taxi_respawn_204,picked
dyn_pax_2786,16019.0,2026-07-03 13:26:59,-129731858#1,restaurant,,779.3164249772793,838.8541978668718,37.49913195860003,127.0295987323456,16040.0,21.0,taxi_respawn_129,picked
dyn_pax_2787,16022.0,2026-07-03 13:27:02,1376141183#0,bus_stop,,548.2528111146681,901.2117688498424,37.49965007283687,127.02697139402301,16106.0,84.0,taxi_respawn_177,picked
dyn_pax_2788,16026.0,2026-07-03 13:27:06,-379463134#1,restaurant,,479.36604535588674,1259.6870258351425,37.50286630987452,127.02610747054479,16108.0,82.0,taxi_respawn_246,picked
dyn_pax_2789,16028.0,2026-07-03 13:27:08,541692164#1,subway_entrance,,271.6277521231475,1406.6420105391767,37.5041508337347,127.02372362926798,16118.0,90.0,taxi_respawn_268,picked
dyn_pax_2790,16031.0,2026-07-03 13:27:11,521766175#3,company|restaurant|subway_entrance|bus_stop,,373.6701172395771,1298.610217621072,37.50319695740621,127.02490310718325,16134.0,103.0,taxi_respawn_198,picked
dyn_pax_2791,16034.0,2026-07-03 13:27:14,520307304#0,school|subway_entrance|bus_stop,,602.6035134310263,763.145495629718,37.498416594724866,127.02761864854104,16102.0,68.0,taxi_respawn_249,picked
dyn_pax_2792,16036.0,2026-07-03 13:27:16,417750354#1,restaurant,,919.2899707887079,1024.6134421491665,37.5008317366974,127.03113741131199,16126.0,90.0,taxi_respawn_241,picked
dyn_pax_2793,16036.0,2026-07-03 13:27:16,1229817205#0,company|subway_entrance|bus_stop,,599.2457558679199,652.2907550986157,37.497417346160496,127.02760695963683,16088.0,52.0,taxi_respawn_113,picked
dyn_pax_2794,16036.0,2026-07-03 13:27:16,-117790045#2,restaurant,,502.6238788004042,1360.6315306450858,37.50378004402999,127.0263465049606,16106.0,70.0,taxi_respawn_273,picked
dyn_pax_2795,16042.0,2026-07-03 13:27:22,417933642#0,restaurant|bus_stop,,1041.0954363710525,463.30841921497654,37.49579826441859,127.03264736696761,16112.0,70.0,taxi_respawn_151,picked
dyn_pax_2796,16046.0,2026-07-03 13:27:26,129731859#6,restaurant,,984.8051641629477,982.1134039896856,37.50046123095764,127.0318882391282,16123.0,77.0,taxi_respawn_191,picked
dyn_pax_2797,16053.0,2026-07-03 13:27:33,521766175#3,company|restaurant|subway_entrance|bus_stop,,373.6701172395771,1298.610217621072,37.50319695740621,127.02490310718325,16142.0,89.0,taxi_respawn_279,picked
dyn_pax_2798,16082.0,2026-07-03 13:28:02,218864491#0,restaurant|bus_stop,,769.9803916976219,760.1217113917903,37.49842094941813,127.02951181742357,16151.0,69.0,taxi_respawn_199,picked
dyn_pax_2799,16095.0,2026-07-03 13:28:15,523141074#0,company|restaurant|subway_entrance,,524.0338794858329,871.4890157117229,37.4993777454413,127.02670460634431,16163.0,68.0,taxi_respawn_107,picked
dyn_pax_2800,16113.0,2026-07-03 13:28:33,-256787796#5,restaurant,,631.1882908445458,865.4152262944223,37.499343270516576,127.02791760566556,16247.0,134.0,taxi_respawn_289,picked
dyn_pax_2801,16124.0,2026-07-03 13:28:44,129731858#2,restaurant,,783.9672744139122,855.548332172334,37.49928322221005,127.02964736483162,16186.0,62.0,taxi_respawn_30,picked
dyn_pax_2802,16134.0,2026-07-03 13:28:54,521766175#3,company|restaurant|subway_entrance|bus_stop,,373.6701172395771,1298.610217621072,37.50319695740621,127.02490310718325,16158.0,24.0,taxi_respawn_212,picked
dyn_pax_2803,16143.0,2026-07-03 13:29:03,1056882877#3,residential|company|restaurant,,365.79280968467333,433.0557487307964,37.495398294451746,127.02501948586043,16223.0,80.0,taxi_respawn_57,picked
dyn_pax_2804,16155.0,2026-07-03 13:29:15,256787796#6,restaurant,,626.4884087870183,851.7135990963859,37.499218954480725,127.02786771303293,16508.0,353.0,taxi_respawn_133,picked
dyn_pax_2805,16157.0,2026-07-03 13:29:17,178441450#1,residential|company|restaurant|bus_stop,,282.90243066757296,609.4157395563556,37.496971320837204,127.02404044855805,16214.0,57.0,taxi_respawn_291,picked
dyn_pax_2806,16175.0,2026-07-03 13:29:35,506191135#3,residential|company|restaurant|bus_stop,,238.79972345576414,789.4714057742513,37.49858497042428,127.023499044737,16213.0,38.0,taxi_respawn_261,picked
dyn_pax_2807,16185.0,2026-07-03 13:29:45,1117538957#3,restaurant|subway_entrance|bus_stop,,465.5082521847807,644.8780924026132,37.49732530507706,127.02609663221197,16314.0,129.0,taxi_respawn_205,picked
dyn_pax_2808,16187.0,2026-07-03 13:29:47,-417933646#1,residential|restaurant,,826.6019869456061,577.8075382253838,37.49678928421788,127.03019516859905,16226.0,39.0,taxi_respawn_293,picked
dyn_pax_2809,16200.0,2026-07-03 13:30:00,-309155295#2,restaurant,,851.6644930724242,598.8503866590313,37.496983571544654,127.03047355257749,16236.0,36.0,taxi_respawn_129,picked
dyn_pax_2810,16200.0,2026-07-03 13:30:00,117790036#1,company,,849.7103307162836,1232.6514730855474,37.50269269072902,127.03030143103514,16246.0,46.0,taxi_respawn_238,picked
dyn_pax_2811,16204.0,2026-07-03 13:30:04,523141074#0,company|restaurant|subway_entrance,,524.0338794858329,871.4890157117229,37.4993777454413,127.02670460634431,16273.0,69.0,taxi_respawn_290,picked
dyn_pax_2812,16210.0,2026-07-03 13:30:10,521766175#1,company|restaurant|subway_entrance,,332.9365590021661,1411.5585828157227,37.504206724109,127.02441570308932,16311.0,101.0,taxi_respawn_294,picked
dyn_pax_2813,16215.0,2026-07-03 13:30:15,-913950883#1,residential|company|restaurant,,391.36286393582424,840.6655979518604,37.49907500229157,127.0252118555046,16296.0,81.0,taxi_respawn_179,picked
dyn_pax_2814,16230.0,2026-07-03 13:30:30,-504509918#2,company|restaurant|bus_stop,,398.9694242295193,827.4758220967593,37.49895762305832,127.02530099003066,16350.0,120.0,taxi_respawn_271,picked
dyn_pax_2815,16230.0,2026-07-03 13:30:30,417750337#3,restaurant,,561.9223834850405,1183.7905002369655,37.50219821136863,127.02705894855978,,,,timeout
dyn_pax_2816,16237.0,2026-07-03 13:30:37,256787796#6,restaurant,,626.4884087870183,851.7135990963859,37.499218954480725,127.02786771303293,16288.0,51.0,taxi_respawn_288,picked
dyn_pax_2817,16246.0,2026-07-03 13:30:46,521766175#3,company|restaurant|subway_entrance|bus_stop,,373.6701172395771,1298.610217621072,37.50319695740621,127.02490310718325,16317.0,71.0,taxi_respawn_283,picked
dyn_pax_2818,16250.0,2026-07-03 13:30:50,-504509918#2,company|restaurant|bus_stop,,398.9694242295193,827.4758220967593,37.49895762305832,127.02530099003066,16345.0,95.0,taxi_respawn_31,picked
dyn_pax_2819,16252.0,2026-07-03 13:30:52,1229817205#0,company|subway_entrance|bus_stop,,599.2457558679199,652.2907550986157,37.497417346160496,127.02760695963683,16337.0,85.0,taxi_respawn_192,picked
dyn_pax_2820,16258.0,2026-07-03 13:30:58,-117790062#4,company,,666.6267400273903,1210.7400577041187,37.50246075614395,127.02823646445898,16284.0,26.0,taxi_respawn_224,picked
dyn_pax_2821,16264.0,2026-07-03 13:31:04,802110008,restaurant,,567.9368588148042,1294.4290295528247,37.503196013251454,127.02710071947062,16340.0,76.0,taxi_respawn_257,picked
dyn_pax_2822,16303.0,2026-07-03 13:31:43,117790045#2,restaurant,,537.9561568342307,1283.7183624175188,37.50309386389003,127.02676426064505,16565.0,262.0,taxi_respawn_250,picked
dyn_pax_2823,16319.0,2026-07-03 13:31:59,129731834#0,school,,229.35227593843302,780.2499709424674,37.498500113124294,127.02339441737757,16406.0,87.0,taxi_respawn_204,picked
dyn_pax_2824,16336.0,2026-07-03 13:32:16,-417933645#2,company|restaurant|subway_entrance,,701.1658676593129,719.5455833044954,37.49804244093877,127.02874337560036,16416.0,80.0,taxi_respawn_275,picked
dyn_pax_2825,16338.0,2026-07-03 13:32:18,-417933642#1,restaurant,,972.7851169931362,629.1778231901285,37.49727960321316,127.03183581048214,16410.0,72.0,taxi_respawn_265,picked
dyn_pax_2826,16339.0,2026-07-03 13:32:19,521770116#2,company|restaurant|bus_stop,,432.3182248087171,1108.514093563608,37.50149560521279,127.02561136613096,16414.0,75.0,taxi_respawn_256,picked
dyn_pax_2827,16339.0,2026-07-03 13:32:19,-256787796#5,restaurant,,631.1882908445458,865.4152262944223,37.499343270516576,127.02791760566556,16412.0,73.0,taxi_respawn_78,picked
dyn_pax_2828,16344.0,2026-07-03 13:32:24,975332778#1,bus_stop,,681.6099970732737,721.9380561808346,37.49806030190971,127.02852170075586,16398.0,54.0,taxi_respawn_151,picked
dyn_pax_2829,16354.0,2026-07-03 13:32:34,1056882877#3,residential|company|restaurant,,365.79280968467333,433.0557487307964,37.495398294451746,127.02501948586043,16405.0,51.0,taxi_respawn_241,picked
dyn_pax_2830,16356.0,2026-07-03 13:32:36,521770119#0,restaurant|bus_stop,,548.9831206778387,935.1148840516827,37.499955620541705,127.02697161236954,16473.0,117.0,taxi_respawn_107,picked
dyn_pax_2831,16361.0,2026-07-03 13:32:41,117790039#3,restaurant,,1021.8645860465238,1004.4924062015546,37.500669811640854,127.03230197280303,16417.0,56.0,taxi_respawn_287,picked
dyn_pax_2832,16366.0,2026-07-03 13:32:46,379463130#0,restaurant,,544.1425087303844,1128.5419490598922,37.501697156429024,127.02687101205116,16389.0,23.0,taxi_respawn_83,picked
dyn_pax_2833,16371.0,2026-07-03 13:32:51,541692164#1,subway_entrance,,271.6277521231475,1406.6420105391767,37.5041508337347,127.02372362926798,16478.0,107.0,taxi_respawn_113,picked
dyn_pax_2834,16372.0,2026-07-03 13:32:52,521770119#0,restaurant|bus_stop,,548.9831206778387,935.1148840516827,37.499955620541705,127.02697161236954,16478.0,106.0,taxi_respawn_277,picked
dyn_pax_2835,16398.0,2026-07-03 13:33:18,-506191135#2,residential|bus_stop,,236.19733776439384,769.6838415951818,37.49840622577806,127.02347432089968,16455.0,57.0,taxi_respawn_30,picked
dyn_pax_2836,16406.0,2026-07-03 13:33:26,521770119#1,restaurant|bus_stop,,527.3115514435282,995.8620162900467,37.50049875494786,127.02671217090477,16468.0,62.0,taxi_respawn_231,picked
dyn_pax_2837,16438.0,2026-07-03 13:33:58,-117790051#4,restaurant,,448.3479635094145,1379.7889979949318,37.50394236073409,127.02572824341395,16473.0,35.0,taxi_respawn_284,picked
dyn_pax_2838,16449.0,2026-07-03 13:34:09,-417750337#6,restaurant,,503.6615133291097,1089.1021319971503,37.50133422142063,127.0264226479345,16777.0,328.0,taxi_respawn_147,picked
dyn_pax_2839,16456.0,2026-07-03 13:34:16,218877837#2,company|restaurant|bus_stop,,479.4555212141038,978.0213907550284,37.500328997763305,127.02617530290202,16511.0,55.0,taxi_respawn_164,picked
dyn_pax_2840,16457.0,2026-07-03 13:34:17,129731859#1,restaurant,,770.318180095484,905.1374216517651,37.499727361620906,127.02948129560598,16544.0,87.0,taxi_respawn_228,picked
dyn_pax_2841,16463.0,2026-07-03 13:34:23,379463130#0,restaurant,,544.1425087303844,1128.5419490598922,37.501697156429024,127.02687101205116,16775.0,312.0,taxi_respawn_266,picked
dyn_pax_2842,16465.0,2026-07-03 13:34:25,521770116#2,company|restaurant|bus_stop,,432.3182248087171,1108.514093563608,37.50149560521279,127.02561136613096,16530.0,65.0,taxi_respawn_246,picked
dyn_pax_2843,16467.0,2026-07-03 13:34:27,-506191135#22,residential|company|restaurant|bus_stop,,38.693950105848444,1321.9513167019495,37.50334380565249,127.02110990869835,16504.0,37.0,taxi_respawn_295,picked
dyn_pax_2844,16482.0,2026-07-03 13:34:42,-504509918#2,company|restaurant|bus_stop,,398.9694242295193,827.4758220967593,37.49895762305832,127.02530099003066,16526.0,44.0,taxi_respawn_237,picked
dyn_pax_2845,16495.0,2026-07-03 13:34:55,417750337#5,restaurant,,522.3387290339521,1126.7881672814829,37.50167723806998,127.02662489231146,,,,timeout
dyn_pax_2846,16510.0,2026-07-03 13:35:10,117823785#0,company|restaurant,,1360.8740206736493,851.0492627492013,37.499351351792384,127.0361713398344,16629.0,119.0,taxi_respawn_291,picked
dyn_pax_2847,16533.0,2026-07-03 13:35:33,1117538958#2,company,,104.12900552775619,520.131995808405,37.496133188537314,127.02204040818502,16609.0,76.0,taxi_respawn_263,picked
dyn_pax_2848,16539.0,2026-07-03 13:35:39,117790041#2,restaurant,,441.66460303662666,1376.669936706078,37.50391299976682,127.0256534125234,16593.0,54.0,taxi_respawn_192,picked
dyn_pax_2849,16557.0,2026-07-03 13:35:57,541692164#1,subway_entrance,,271.6277521231475,1406.6420105391767,37.5041508337347,127.02372362926798,16569.0,12.0,taxi_respawn_289,picked
dyn_pax_2850,16565.0,2026-07-03 13:36:05,129731859#0,restaurant,,636.6446621144157,858.1896913104493,37.49927921090336,127.0279810114602,16630.0,65.0,taxi_respawn_256,picked
dyn_pax_2851,16569.0,2026-07-03 13:36:09,542367267#1,company|restaurant,,199.26981683313872,1381.121508122661,37.50390724154084,127.02291151664822,16632.0,63.0,taxi_41,picked
dyn_pax_2852,16572.0,2026-07-03 13:36:12,-117790045#1,restaurant,,534.0975884889299,1266.9858058167179,37.502942402865294,127.02672459950128,16705.0,133.0,taxi_respawn_290,picked
dyn_pax_2853,16591.0,2026-07-03 13:36:31,-417750337#0,restaurant,,672.8749254632385,1321.3640627464144,37.50345847130562,127.02828089713113,16638.0,47.0,taxi_respawn_198,picked
dyn_pax_2854,16591.0,2026-07-03 13:36:31,805827757#0,restaurant,,762.3138727549854,912.1862152730512,37.49978934916138,127.02938912364917,16630.0,39.0,taxi_respawn_229,picked
dyn_pax_2855,16632.0,2026-07-03 13:37:12,129731859#0,restaurant,,636.6446621144157,858.1896913104493,37.49927921090336,127.0279810114602,16707.0,75.0,taxi_respawn_78,picked
dyn_pax_2856,16634.0,2026-07-03 13:37:14,256787796#6,restaurant,,626.4884087870183,851.7135990963859,37.499218954480725,127.02786771303293,16740.0,106.0,taxi_respawn_151,picked
dyn_pax_2857,16638.0,2026-07-03 13:37:18,506191135#3,residential|company|restaurant|bus_stop,,238.79972345576414,789.4714057742513,37.49858497042428,127.023499044737,16710.0,72.0,taxi_respawn_238,picked
dyn_pax_2858,16649.0,2026-07-03 13:37:29,506191135#3,residential|company|restaurant|bus_stop,,238.79972345576414,789.4714057742513,37.49858497042428,127.023499044737,16691.0,42.0,taxi_respawn_31,picked
dyn_pax_2859,16656.0,2026-07-03 13:37:36,-913950883#1,residential|company|restaurant,,391.36286393582424,840.6655979518604,37.49907500229157,127.0252118555046,16748.0,92.0,taxi_respawn_181,picked
dyn_pax_2860,16657.0,2026-07-03 13:37:37,-117790045#0,restaurant,,544.8147652988505,1238.053441474183,37.50268379633789,127.0268526423962,16693.0,36.0,taxi_respawn_164,picked
dyn_pax_2861,16675.0,2026-07-03 13:37:55,520307304#0,school|subway_entrance|bus_stop,,602.6035134310263,763.145495629718,37.498416594724866,127.02761864854104,16706.0,31.0,taxi_respawn_129,picked
dyn_pax_2862,16684.0,2026-07-03 13:38:04,375049565#6,restaurant|subway_entrance|bus_stop,,789.5153251748014,798.8522330112556,37.49877353199428,127.02972351946808,16800.0,116.0,taxi_8,picked
dyn_pax_2863,16690.0,2026-07-03 13:38:10,-417750337#0,restaurant,,672.8749254632385,1321.3640627464144,37.50345847130562,127.02828089713113,16811.0,121.0,taxi_respawn_59,picked
dyn_pax_2864,16697.0,2026-07-03 13:38:17,521766175#3,company|restaurant|subway_entrance|bus_stop,,373.6701172395771,1298.610217621072,37.50319695740621,127.02490310718325,16770.0,73.0,taxi_respawn_241,picked
dyn_pax_2865,16703.0,2026-07-03 13:38:23,1117538958#3,bus_stop,,160.18899290588462,540.6019911995099,37.49632820280781,127.02266936696756,16789.0,86.0,taxi_respawn_257,picked
dyn_pax_2866,16724.0,2026-07-03 13:38:44,26163000#3,restaurant,,602.970622715944,1275.0711016561868,37.50302824900089,127.02750144434575,,,,timeout
dyn_pax_2867,16742.0,2026-07-03 13:39:02,218873820#0,restaurant|subway_entrance|bus_stop,,628.9829311132032,562.4061665928522,37.49661325243901,127.02796447999128,16845.0,103.0,taxi_respawn_204,picked
dyn_pax_2868,16748.0,2026-07-03 13:39:08,-542367267#1,bus_stop,,247.51018316686128,1414.7184918773391,37.504219024473855,127.02344900430944,16837.0,89.0,taxi_respawn_212,picked
dyn_pax_2869,16750.0,2026-07-03 13:39:10,521770119#1,restaurant|bus_stop,,527.3115514435282,995.8620162900467,37.50049875494786,127.02671217090477,17100.0,350.0,taxi_respawn_268,picked
dyn_pax_2870,16767.0,2026-07-03 13:39:27,-1056882877#5,company|restaurant,,302.41102899925136,583.0415396467946,37.496737424712585,127.0242672800979,16857.0,90.0,taxi_respawn_265,picked
dyn_pax_2871,16775.0,2026-07-03 13:39:35,-417750337#2,restaurant,,578.5487433358253,1191.18897592047,37.50226799999912,127.02724519016736,16809.0,34.0,taxi_respawn_248,picked
dyn_pax_2872,16787.0,2026-07-03 13:39:47,-26163000#1,restaurant,,613.3034084576574,1234.0026207389662,37.50266024308643,127.02762801542576,16827.0,40.0,taxi_respawn_190,picked
dyn_pax_2873,16792.0,2026-07-03 13:39:52,375049565#6,restaurant|subway_entrance|bus_stop,,789.5153251748014,798.8522330112556,37.49877353199428,127.02972351946808,16848.0,56.0,taxi_respawn_289,picked
dyn_pax_2874,16802.0,2026-07-03 13:40:02,520307304#0,school|subway_entrance|bus_stop,,602.6035134310263,763.145495629718,37.498416594724866,127.02761864854104,16888.0,86.0,taxi_respawn_216,picked
dyn_pax_2875,16809.0,2026-07-03 13:40:09,1117538957#3,restaurant|subway_entrance|bus_stop,,465.5082521847807,644.8780924026132,37.49732530507706,127.02609663221197,16893.0,84.0,taxi_respawn_228,picked
dyn_pax_2876,16815.0,2026-07-03 13:40:15,504512001,restaurant,,488.2111633916996,684.0143948730154,37.497682147346794,127.02634403725544,16889.0,74.0,taxi_respawn_293,picked
dyn_pax_2877,16821.0,2026-07-03 13:40:21,-379232133,restaurant,,887.8909311741835,528.8139035551092,37.496359489964284,127.03089971288236,16968.0,147.0,taxi_respawn_83,picked
dyn_pax_2878,16840.0,2026-07-03 13:40:40,-541692164#2,subway_entrance,,317.7122087179151,1441.0296574375257,37.504469327730426,127.0242365566347,16871.0,31.0,taxi_respawn_231,picked
dyn_pax_2879,16860.0,2026-07-03 13:41:00,-417933642#1,restaurant,,972.7851169931362,629.1778231901285,37.49727960321316,127.03183581048214,16903.0,43.0,taxi_respawn_277,picked
dyn_pax_2880,16863.0,2026-07-03 13:41:03,117790045#2,restaurant,,537.9561568342307,1283.7183624175188,37.50309386389003,127.02676426064505,16946.0,83.0,taxi_respawn_205,picked
dyn_pax_2881,16868.0,2026-07-03 13:41:08,520307304#0,school|subway_entrance|bus_stop,,602.6035134310263,763.145495629718,37.498416594724866,127.02761864854104,16977.0,109.0,taxi_respawn_199,picked
dyn_pax_2882,16870.0,2026-07-03 13:41:10,-117790039#4,restaurant,,976.1736160857955,1107.3942396063046,37.50158817580974,127.03176100793065,16957.0,87.0,taxi_respawn_30,picked
dyn_pax_2883,16874.0,2026-07-03 13:41:14,375049565#6,restaurant|subway_entrance|bus_stop,,789.5153251748014,798.8522330112556,37.49877353199428,127.02972351946808,16943.0,69.0,taxi_respawn_113,picked
dyn_pax_2884,16886.0,2026-07-03 13:41:26,494824662#3,company|restaurant|subway_entrance,,729.424850252167,406.6843378518681,37.49522941823122,127.02913698209235,16998.0,112.0,taxi_respawn_291,picked
dyn_pax_2885,16902.0,2026-07-03 13:41:42,309155295#3,restaurant,,868.2249250208004,595.011595969151,37.496952113096654,127.03066169877924,16969.0,67.0,taxi_respawn_191,picked
dyn_pax_2886,16903.0,2026-07-03 13:41:43,129731859#0,restaurant,,636.6446621144157,858.1896913104493,37.49927921090336,127.0279810114602,16950.0,47.0,taxi_respawn_302,picked
dyn_pax_2887,16912.0,2026-07-03 13:41:52,521770119#1,restaurant|bus_stop,,527.3115514435282,995.8620162900467,37.50049875494786,127.02671217090477,17111.0,199.0,taxi_respawn_249,picked
dyn_pax_2888,16913.0,2026-07-03 13:41:53,504227067#4,residential|restaurant,,502.84500120553366,479.2066548114549,37.49583994070096,127.02655806263846,17021.0,108.0,taxi_respawn_299,picked
dyn_pax_2889,16913.0,2026-07-03 13:41:53,-417933642#1,restaurant,,972.7851169931362,629.1778231901285,37.49727960321316,127.03183581048214,16948.0,35.0,taxi_respawn_151,picked
dyn_pax_2890,16918.0,2026-07-03 13:41:58,178441450#1,residential|company|restaurant|bus_stop,,282.90243066757296,609.4157395563556,37.496971320837204,127.02404044855805,16932.0,14.0,taxi_41,picked
dyn_pax_2891,16935.0,2026-07-03 13:42:15,541692164#1,subway_entrance,,271.6277521231475,1406.6420105391767,37.5041508337347,127.02372362926798,17019.0,84.0,taxi_respawn_164,picked
dyn_pax_2892,16942.0,2026-07-03 13:42:22,379463124,restaurant,,554.9909183636056,1244.5663744100702,37.50274438945946,127.02696616135114,16990.0,48.0,taxi_respawn_250,picked
dyn_pax_2893,16949.0,2026-07-03 13:42:29,521766180#1,company|restaurant|bus_stop,,466.73410130235357,1169.2838037446552,37.502049542882666,127.02598608796039,16988.0,39.0,taxi_respawn_300,picked
dyn_pax_2894,16952.0,2026-07-03 13:42:32,1229817205#0,company|subway_entrance|bus_stop,,599.2457558679199,652.2907550986157,37.497417346160496,127.02760695963683,17021.0,69.0,taxi_respawn_294,picked
dyn_pax_2895,16974.0,2026-07-03 13:42:54,375049565#6,restaurant|subway_entrance|bus_stop,,789.5153251748014,798.8522330112556,37.49877353199428,127.02972351946808,16988.0,14.0,taxi_respawn_225,picked
dyn_pax_2896,16977.0,2026-07-03 13:42:57,178441450#1,residential|company|restaurant|bus_stop,,282.90243066757296,609.4157395563556,37.496971320837204,127.02404044855805,17019.0,42.0,taxi_respawn_246,picked
dyn_pax_2897,16980.0,2026-07-03 13:43:00,417750337#2,restaurant,,602.0112566641748,1239.22102407953,37.50270511928559,127.02749909599581,16998.0,18.0,taxi_respawn_297,picked
dyn_pax_2898,16989.0,2026-07-03 13:43:09,-129731858#3,restaurant,,760.2046779472714,898.6469063162286,37.49966698472747,127.02936848203807,17086.0,97.0,taxi_respawn_277,picked
dyn_pax_2899,16990.0,2026-07-03 13:43:10,521770119#3,restaurant,,495.372237145516,1095.557338436544,37.501390805360316,127.0263273901891,17387.0,397.0,taxi_respawn_213,picked
dyn_pax_2900,17003.0,2026-07-03 13:43:23,521766182#1,company|restaurant|subway_entrance,,681.695169875507,539.6867345716422,37.496418539503196,127.02856584056028,17060.0,57.0,taxi_respawn_248,picked
dyn_pax_2901,17009.0,2026-07-03 13:43:29,-117790039#4,restaurant,,976.1736160857955,1107.3942396063046,37.50158817580974,127.03176100793065,17083.0,74.0,taxi_respawn_284,picked
dyn_pax_2902,17012.0,2026-07-03 13:43:32,-417933645#1,restaurant,,753.9829961438405,551.6859834676363,37.49654027420169,127.02938030242663,17055.0,43.0,taxi_respawn_237,picked
dyn_pax_2903,17050.0,2026-07-03 13:44:10,-504509918#2,company|restaurant|bus_stop,,398.9694242295193,827.4758220967593,37.49895762305832,127.02530099003066,17110.0,60.0,taxi_respawn_140,picked
dyn_pax_2904,17052.0,2026-07-03 13:44:12,129733424#3,restaurant,,568.5053070143441,1008.1195751958668,37.500616957275064,127.02717503574868,17415.0,363.0,taxi_respawn_278,picked
dyn_pax_2905,17058.0,2026-07-03 13:44:18,1229817205#0,company|subway_entrance|bus_stop,,599.2457558679199,652.2907550986157,37.497417346160496,127.02760695963683,17116.0,58.0,taxi_respawn_229,picked
dyn_pax_2906,17064.0,2026-07-03 13:44:24,-1011529829#3,residential|restaurant,,246.84006179949273,776.1178104815556,37.49846619888778,127.02359312469504,17115.0,51.0,taxi_respawn_31,picked
dyn_pax_2907,17068.0,2026-07-03 13:44:28,-129731857#1,restaurant,,773.0987126859483,849.1784152186673,37.4992237894183,127.02952598601298,17115.0,47.0,taxi_respawn_280,picked
dyn_pax_2908,17083.0,2026-07-03 13:44:43,990628460#0,restaurant,,624.9193131653682,704.9656163236222,37.49789670602668,127.02788475117727,17152.0,69.0,taxi_respawn_241,picked
dyn_pax_2909,17086.0,2026-07-03 13:44:46,520307304#0,school|subway_entrance|bus_stop,,602.6035134310263,763.145495629718,37.498416594724866,127.02761864854104,17159.0,73.0,taxi_respawn_288,picked
dyn_pax_2910,17090.0,2026-07-03 13:44:50,305539406,company|restaurant|subway_entrance,,566.389495917364,736.5285064605782,37.49816998085155,127.02721550408178,17210.0,120.0,taxi_respawn_147,picked
dyn_pax_2911,17106.0,2026-07-03 13:45:06,-506191135#2,residential|bus_stop,,236.19733776439384,769.6838415951818,37.49840622577806,127.02347432089968,17169.0,63.0,taxi_respawn_212,picked
dyn_pax_2912,17116.0,2026-07-03 13:45:16,417933646#0,restaurant,,894.2617302193242,410.3206078764906,37.49529326349135,127.03099977850056,17220.0,104.0,taxi_respawn_190,picked
dyn_pax_2913,17145.0,2026-07-03 13:45:45,-506191135#22,residential|company|restaurant|bus_stop,,38.693950105848444,1321.9513167019495,37.50334380565249,127.02110990869835,17188.0,43.0,taxi_respawn_198,picked
dyn_pax_2914,17148.0,2026-07-03 13:45:48,417750337#1,restaurant,,654.3039749436668,1311.1147669608317,37.50336263595113,127.02807333923603,17179.0,31.0,taxi_respawn_298,picked
dyn_pax_2915,17148.0,2026-07-03 13:45:48,129733424#3,restaurant,,568.5053070143441,1008.1195751958668,37.500616957275064,127.02717503574868,17179.0,31.0,taxi_respawn_261,picked
dyn_pax_2916,17163.0,2026-07-03 13:46:03,218857636#1,residential|company|restaurant|bus_stop,,297.92905089287035,623.2061345250047,37.49709839153085,127.02420706961871,17227.0,64.0,taxi_respawn_151,picked
dyn_pax_2917,17175.0,2026-07-03 13:46:15,-376649996#1,company,,349.947152138941,1.6182517984103069,37.49150877654974,127.02494272030683,17295.0,120.0,taxi_respawn_265,picked
dyn_pax_2918,17183.0,2026-07-03 13:46:23,379463130#0,restaurant,,544.1425087303844,1128.5419490598922,37.501697156429024,127.02687101205116,17229.0,46.0,taxi_respawn_272,picked
dyn_pax_2919,17193.0,2026-07-03 13:46:33,521766180#1,company|restaurant|bus_stop,,466.73410130235357,1169.2838037446552,37.502049542882666,127.02598608796039,17474.0,281.0,taxi_respawn_269,picked
dyn_pax_2920,17198.0,2026-07-03 13:46:38,218873820#0,restaurant|subway_entrance|bus_stop,,628.9829311132032,562.4061665928522,37.49661325243901,127.02796447999128,17253.0,55.0,taxi_respawn_204,picked
dyn_pax_2921,17206.0,2026-07-03 13:46:46,-913950883#1,residential|company|restaurant,,391.36286393582424,840.6655979518604,37.49907500229157,127.0252118555046,17243.0,37.0,taxi_41,picked
dyn_pax_2922,17211.0,2026-07-03 13:46:51,417731530,company|restaurant,,191.66975375905443,1429.5779711342507,37.5043423120142,127.02281406437154,17227.0,16.0,taxi_respawn_308,picked
dyn_pax_2923,17212.0,2026-07-03 13:46:52,256787796#6,restaurant,,626.4884087870183,851.7135990963859,37.499218954480725,127.02786771303293,17246.0,34.0,taxi_respawn_135,picked
dyn_pax_2924,17212.0,2026-07-03 13:46:52,417933646#0,restaurant,,894.2617302193242,410.3206078764906,37.49529326349135,127.03099977850056,17251.0,39.0,taxi_respawn_237,picked
dyn_pax_2925,17233.0,2026-07-03 13:47:13,-417750337#2,restaurant,,578.5487433358253,1191.18897592047,37.50226799999912,127.02724519016736,17290.0,57.0,taxi_respawn_172,picked
dyn_pax_2926,17236.0,2026-07-03 13:47:16,-379463134#2,restaurant,,527.5499142349145,1277.2476095039178,37.503033607059436,127.02664812966836,17291.0,55.0,taxi_respawn_303,picked
dyn_pax_2927,17241.0,2026-07-03 13:47:21,1117538957#3,restaurant|subway_entrance|bus_stop,,465.5082521847807,644.8780924026132,37.49732530507706,127.02609663221197,17307.0,66.0,taxi_respawn_305,picked
dyn_pax_2928,17243.0,2026-07-03 13:47:23,305539406,company|restaurant|subway_entrance,,566.389495917364,736.5285064605782,37.49816998085155,127.02721550408178,17313.0,70.0,taxi_respawn_299,picked
dyn_pax_2929,17248.0,2026-07-03 13:47:28,-417750354#1,restaurant,,946.150029211292,974.2465578508335,37.500383078435064,127.03145303198383,17312.0,64.0,taxi_respawn_301,picked
dyn_pax_2930,17266.0,2026-07-03 13:47:46,523141074#0,company|restaurant|subway_entrance,,524.0338794858329,871.4890157117229,37.4993777454413,127.02670460634431,17378.0,112.0,taxi_respawn_294,picked
dyn_pax_2931,17269.0,2026-07-03 13:47:49,375049565#2,restaurant,,1048.966709229659,894.5327467658005,37.49968436369115,127.03263441305876,17300.0,31.0,taxi_respawn_297,picked
dyn_pax_2932,17280.0,2026-07-03 13:48:00,178441450#1,residential|company|restaurant|bus_stop,,282.90243066757296,609.4157395563556,37.496971320837204,127.02404044855805,17305.0,25.0,taxi_respawn_270,picked
dyn_pax_2933,17281.0,2026-07-03 13:48:01,129731858#2,restaurant,,783.9672744139122,855.548332172334,37.49928322221005,127.02964736483162,17308.0,27.0,taxi_respawn_284,picked
dyn_pax_2934,17294.0,2026-07-03 13:48:14,-1011529829#3,residential|restaurant,,246.84006179949273,776.1178104815556,37.49846619888778,127.02359312469504,17351.0,57.0,taxi_respawn_248,picked
dyn_pax_2935,17298.0,2026-07-03 13:48:18,1117538957#3,restaurant|subway_entrance|bus_stop,,465.5082521847807,644.8780924026132,37.49732530507706,127.02609663221197,17396.0,98.0,taxi_respawn_302,picked
dyn_pax_2936,17302.0,2026-07-03 13:48:22,1117538957#3,restaurant|subway_entrance|bus_stop,,465.5082521847807,644.8780924026132,37.49732530507706,127.02609663221197,17364.0,62.0,taxi_respawn_291,picked
dyn_pax_2937,17311.0,2026-07-03 13:48:31,504509918#0,residential|restaurant,,511.83203920742636,882.9034728009249,37.49947826486711,127.02656393710718,17382.0,71.0,taxi_respawn_191,picked
dyn_pax_2938,17314.0,2026-07-03 13:48:34,129731859#0,restaurant,,636.6446621144157,858.1896913104493,37.49927921090336,127.0279810114602,17417.0,103.0,taxi_respawn_231,picked
dyn_pax_2939,17315.0,2026-07-03 13:48:35,117790041#2,restaurant,,441.66460303662666,1376.669936706078,37.50391299976682,127.0256534125234,17363.0,48.0,taxi_respawn_307,picked
dyn_pax_2940,17329.0,2026-07-03 13:48:49,990628460#0,restaurant,,624.9193131653682,704.9656163236222,37.49789670602668,127.02788475117727,17388.0,59.0,taxi_respawn_306,picked
dyn_pax_2941,17329.0,2026-07-03 13:48:49,521766175#3,company|restaurant|subway_entrance|bus_stop,,373.6701172395771,1298.610217621072,37.50319695740621,127.02490310718325,17395.0,66.0,taxi_respawn_253,picked
dyn_pax_2942,17338.0,2026-07-03 13:48:58,-129731857#2,restaurant,,875.7452923990509,884.8037873845144,37.499564075208866,127.03067814538078,17387.0,49.0,taxi_respawn_309,picked
dyn_pax_2943,17372.0,2026-07-03 13:49:32,-309155295#0,restaurant,,747.4684617800942,561.8059110120743,37.49663020867341,127.0293042509181,17406.0,34.0,taxi_respawn_289,picked
dyn_pax_2944,17390.0,2026-07-03 13:49:50,129731852,restaurant,,626.5739131314494,885.3301415107766,37.499521799012015,127.0278607124155,17436.0,46.0,taxi_respawn_298,picked
dyn_pax_2945,17395.0,2026-07-03 13:49:55,-117790045#2,restaurant,,502.6238788004042,1360.6315306450858,37.50378004402999,127.0263465049606,17420.0,25.0,taxi_respawn_83,picked
dyn_pax_2946,17400.0,2026-07-03 13:50:00,256787796#8,restaurant,,646.6563496183319,793.2391486514691,37.49869600620777,127.02810960194483,17441.0,41.0,taxi_respawn_192,picked
dyn_pax_2947,17414.0,2026-07-03 13:50:14,521770119#1,restaurant|bus_stop,,527.3115514435282,995.8620162900467,37.50049875494786,127.02671217090477,17513.0,99.0,taxi_respawn_238,picked
dyn_pax_2948,17450.0,2026-07-03 13:50:50,239962780#1,company|restaurant,,78.091042197054,1418.7355011637856,37.504223128704645,127.02153236485597,17501.0,51.0,taxi_respawn_290,picked
dyn_pax_2949,17453.0,2026-07-03 13:50:53,521766175#3,company|restaurant|subway_entrance|bus_stop,,373.6701172395771,1298.610217621072,37.50319695740621,127.02490310718325,17484.0,31.0,taxi_respawn_304,picked
dyn_pax_2950,17467.0,2026-07-03 13:51:07,-309155295#1,residential|restaurant,,820.2174803017108,588.0239695218922,37.496880113093034,127.03012056506905,17546.0,79.0,taxi_respawn_299,picked
dyn_pax_2951,17473.0,2026-07-03 13:51:13,542367267#1,company|restaurant,,199.26981683313872,1381.121508122661,37.50390724154084,127.02291151664822,17540.0,67.0,taxi_respawn_129,picked
dyn_pax_2952,17544.0,2026-07-03 13:52:24,256787796#6,restaurant,,626.4884087870183,851.7135990963859,37.499218954480725,127.02786771303293,17612.0,68.0,taxi_respawn_204,picked
dyn_pax_2953,17548.0,2026-07-03 13:52:28,417933645#2,residential|company|restaurant,,757.7944798520502,568.4010952306102,37.496691568512986,127.02941943794849,17602.0,54.0,taxi_respawn_57,picked
dyn_pax_2954,17579.0,2026-07-03 13:52:59,375049565#6,restaurant|subway_entrance|bus_stop,,789.5153251748014,798.8522330112556,37.49877353199428,127.02972351946808,17593.0,14.0,taxi_respawn_225,picked
dyn_pax_2955,17583.0,2026-07-03 13:53:03,-417933645#2,company|restaurant|subway_entrance,,701.1658676593129,719.5455833044954,37.49804244093877,127.02874337560036,17666.0,83.0,taxi_respawn_307,picked
dyn_pax_2956,17599.0,2026-07-03 13:53:19,1229817205#0,company|subway_entrance|bus_stop,,599.2457558679199,652.2907550986157,37.497417346160496,127.02760695963683,17661.0,62.0,taxi_respawn_231,picked
dyn_pax_2957,17619.0,2026-07-03 13:53:39,504227067#4,residential|restaurant,,502.84500120553366,479.2066548114549,37.49583994070096,127.02655806263846,17678.0,59.0,taxi_respawn_270,picked
dyn_pax_2958,17620.0,2026-07-03 13:53:40,-129731852,restaurant,,721.4959946165901,929.589824990092,37.499938423771525,127.02892348366522,17669.0,49.0,taxi_respawn_291,picked
dyn_pax_2959,17630.0,2026-07-03 13:53:50,1117538957#3,restaurant|subway_entrance|bus_stop,,465.5082521847807,644.8780924026132,37.49732530507706,127.02609663221197,17654.0,24.0,taxi_respawn_280,picked
dyn_pax_2960,17638.0,2026-07-03 13:53:58,521770119#1,restaurant|bus_stop,,527.3115514435282,995.8620162900467,37.50049875494786,127.02671217090477,17782.0,144.0,taxi_respawn_263,picked
dyn_pax_2961,17641.0,2026-07-03 13:54:01,521766180#1,company|restaurant|bus_stop,,466.73410130235357,1169.2838037446552,37.502049542882666,127.02598608796039,17745.0,104.0,taxi_respawn_267,picked
dyn_pax_2962,17660.0,2026-07-03 13:54:20,1376141182#0,bus_stop,,385.7154046370183,1301.0311255965628,37.50322104370192,127.02503873135461,17710.0,50.0,taxi_respawn_268,picked
dyn_pax_2963,17666.0,2026-07-03 13:54:26,-129731858#3,restaurant,,760.2046779472714,898.6469063162286,37.49966698472747,127.02936848203807,17711.0,45.0,taxi_respawn_241,picked
dyn_pax_2964,17677.0,2026-07-03 13:54:37,-379463134#6,restaurant,,651.5506250710082,1319.679135788758,37.50343926652266,127.02804017641046,17717.0,40.0,taxi_respawn_151,picked
dyn_pax_2965,17682.0,2026-07-03 13:54:42,-129731858#1,restaurant,,779.3164249772793,838.8541978668718,37.49913195860003,127.0295987323456,17718.0,36.0,taxi_respawn_198,picked
dyn_pax_2966,17687.0,2026-07-03 13:54:47,1229817205#0,company|subway_entrance|bus_stop,,599.2457558679199,652.2907550986157,37.497417346160496,127.02760695963683,17744.0,57.0,taxi_respawn_248,picked
dyn_pax_2967,17701.0,2026-07-03 13:55:01,-379463130#1,restaurant,,595.1104652489141,1131.7345077296688,37.50173554422087,127.02744655088388,17731.0,30.0,taxi_respawn_301,picked
dyn_pax_2968,17703.0,2026-07-03 13:55:03,309155295#3,restaurant,,868.2249250208004,595.011595969151,37.496952113096654,127.03066169877924,17773.0,70.0,taxi_respawn_57,picked
dyn_pax_2969,17725.0,2026-07-03 13:55:25,-557469234,restaurant,,929.7298817515857,1030.9986809445256,37.50089122514563,127.03125394368278,17785.0,60.0,taxi_respawn_216,picked
dyn_pax_2970,17727.0,2026-07-03 13:55:27,504227067#0,restaurant,,638.7551174354396,526.833121212444,37.49629464408366,127.02808339614947,17768.0,41.0,taxi_respawn_225,picked
dyn_pax_2971,17742.0,2026-07-03 13:55:42,218873820#0,restaurant|subway_entrance|bus_stop,,628.9829311132032,562.4061665928522,37.49661325243901,127.02796447999128,17838.0,96.0,taxi_respawn_316,picked
dyn_pax_2972,17755.0,2026-07-03 13:55:55,117790051#4,restaurant,,495.1920534812603,1378.4842065286966,37.50393946166789,127.02625823552458,17775.0,20.0,taxi_respawn_191,picked
dyn_pax_2973,17761.0,2026-07-03 13:56:01,541692164#1,subway_entrance,,271.6277521231475,1406.6420105391767,37.5041508337347,127.02372362926798,17830.0,69.0,taxi_respawn_265,picked
dyn_pax_2974,17775.0,2026-07-03 13:56:15,504227067#0,restaurant,,638.7551174354396,526.833121212444,37.49629464408366,127.02808339614947,17849.0,74.0,taxi_38,picked
dyn_pax_2975,17792.0,2026-07-03 13:56:32,975332778#0,restaurant,,667.9217791522676,716.9366930139246,37.49801266412058,127.02836812020041,17876.0,84.0,taxi_respawn_229,picked
dyn_pax_2976,17807.0,2026-07-03 13:56:47,-256787796#1,restaurant,,578.741609978934,1014.5790766049616,37.500677080058935,127.02728924469663,17848.0,41.0,taxi_respawn_246,picked
dyn_pax_2977,17812.0,2026-07-03 13:56:52,1117538957#3,restaurant|subway_entrance|bus_stop,,465.5082521847807,644.8780924026132,37.49732530507706,127.02609663221197,17831.0,19.0,taxi_respawn_299,picked
dyn_pax_2978,17825.0,2026-07-03 13:57:05,1056882877#3,residential|company|restaurant,,365.79280968467333,433.0557487307964,37.495398294451746,127.02501948586043,17937.0,112.0,taxi_respawn_291,picked
dyn_pax_2979,17828.0,2026-07-03 13:57:08,-913950883#1,residential|company|restaurant,,391.36286393582424,840.6655979518604,37.49907500229157,127.0252118555046,17929.0,101.0,taxi_respawn_277,picked
dyn_pax_2980,17843.0,2026-07-03 13:57:23,523141074#0,company|restaurant|subway_entrance,,524.0338794858329,871.4890157117229,37.4993777454413,127.02670460634431,17903.0,60.0,taxi_respawn_249,picked
dyn_pax_2981,17865.0,2026-07-03 13:57:45,1376141182#0,bus_stop,,385.7154046370183,1301.0311255965628,37.50322104370192,127.02503873135461,17932.0,67.0,taxi_respawn_237,picked
dyn_pax_2982,17868.0,2026-07-03 13:57:48,-542367267#1,bus_stop,,247.51018316686128,1414.7184918773391,37.504219024473855,127.02344900430944,17923.0,55.0,taxi_respawn_298,picked
dyn_pax_2983,17876.0,2026-07-03 13:57:56,1117538957#3,restaurant|subway_entrance|bus_stop,,465.5082521847807,644.8780924026132,37.49732530507706,127.02609663221197,17904.0,28.0,taxi_respawn_198,picked
dyn_pax_2984,17894.0,2026-07-03 13:58:14,-557469234,restaurant,,929.7298817515857,1030.9986809445256,37.50089122514563,127.03125394368278,17965.0,71.0,taxi_respawn_192,picked
dyn_pax_2985,17899.0,2026-07-03 13:58:19,-1056882877#5,company|restaurant,,302.41102899925136,583.0415396467946,37.496737424712585,127.0242672800979,17966.0,67.0,taxi_respawn_307,picked
dyn_pax_2986,17904.0,2026-07-03 13:58:24,521766175#1,company|restaurant|subway_entrance,,332.9365590021661,1411.5585828157227,37.504206724109,127.02441570308932,17951.0,47.0,taxi_respawn_135,picked
dyn_pax_2987,17909.0,2026-07-03 13:58:29,-379463134#1,restaurant,,479.36604535588674,1259.6870258351425,37.50286630987452,127.02610747054479,17963.0,54.0,taxi_respawn_31,picked
dyn_pax_2988,17911.0,2026-07-03 13:58:31,256787796#5,restaurant,,616.3422671393917,878.7532899245961,37.49946062055924,127.02774658517313,17995.0,84.0,taxi_respawn_296,picked
dyn_pax_2989,17914.0,2026-07-03 13:58:34,-117790045#0,restaurant,,544.8147652988505,1238.053441474183,37.50268379633789,127.0268526423962,17976.0,62.0,taxi_respawn_164,picked
dyn_pax_2990,17918.0,2026-07-03 13:58:38,218873820#0,restaurant|subway_entrance|bus_stop,,628.9829311132032,562.4061665928522,37.49661325243901,127.02796447999128,18017.0,99.0,taxi_respawn_289,picked
dyn_pax_2991,17919.0,2026-07-03 13:58:39,129731721#0,company|restaurant,,451.4485582282947,673.334514427724,37.497578992002325,127.0259309178301,18009.0,90.0,taxi_respawn_290,picked
dyn_pax_2992,17929.0,2026-07-03 13:58:49,309155295#3,restaurant,,868.2249250208004,595.011595969151,37.496952113096654,127.03066169877924,17967.0,38.0,taxi_respawn_311,picked
dyn_pax_2993,17929.0,2026-07-03 13:58:49,494824662#3,company|restaurant|subway_entrance,,729.424850252167,406.6843378518681,37.49522941823122,127.02913698209235,18077.0,148.0,taxi_respawn_261,picked
dyn_pax_2994,17938.0,2026-07-03 13:58:58,494824662#3,company|restaurant|subway_entrance,,729.424850252167,406.6843378518681,37.49522941823122,127.02913698209235,18072.0,134.0,taxi_respawn_292,picked
dyn_pax_2995,17954.0,2026-07-03 13:59:14,1117538957#3,restaurant|subway_entrance|bus_stop,,465.5082521847807,644.8780924026132,37.49732530507706,127.02609663221197,18019.0,65.0,taxi_respawn_177,picked
dyn_pax_2996,17957.0,2026-07-03 13:59:17,521766180#1,company|restaurant|bus_stop,,466.73410130235357,1169.2838037446552,37.502049542882666,127.02598608796039,18045.0,88.0,taxi_respawn_228,picked
dyn_pax_2997,17962.0,2026-07-03 13:59:22,117790039#3,restaurant,,1021.8645860465238,1004.4924062015546,37.500669811640854,127.03230197280303,18032.0,70.0,taxi_respawn_304,picked
dyn_pax_2998,17964.0,2026-07-03 13:59:24,-557469234,restaurant,,929.7298817515857,1030.9986809445256,37.50089122514563,127.03125394368278,18037.0,73.0,taxi_respawn_83,picked
dyn_pax_2999,17989.0,2026-07-03 13:59:49,256787796#8,restaurant,,646.6563496183319,793.2391486514691,37.49869600620777,127.02810960194483,18039.0,50.0,taxi_respawn_318,picked
dyn_pax_3000,18007.0,2026-07-03 14:00:07,129731834#0,school,,229.35227593843302,780.2499709424674,37.498500113124294,127.02339441737757,18113.0,106.0,taxi_respawn_216,picked
dyn_pax_3001,18019.0,2026-07-03 14:00:19,1117538957#0,company|restaurant,,312.91680439510856,589.5311930299885,37.49679787270139,127.0243845203811,18098.0,79.0,taxi_respawn_229,picked
dyn_pax_3002,18022.0,2026-07-03 14:00:22,417933645#0,residential|restaurant,,823.1026288816429,385.61625104994533,37.49505730126708,127.03020109557775,18119.0,97.0,taxi_respawn_231,picked
dyn_pax_3003,18057.0,2026-07-03 14:00:57,521766175#1,company|restaurant|subway_entrance,,332.9365590021661,1411.5585828157227,37.504206724109,127.02441570308932,18107.0,50.0,taxi_respawn_308,picked
dyn_pax_3004,18098.0,2026-07-03 14:01:38,218873820#0,restaurant|subway_entrance|bus_stop,,628.9829311132032,562.4061665928522,37.49661325243901,127.02796447999128,18197.0,99.0,taxi_respawn_213,picked
dyn_pax_3005,18100.0,2026-07-03 14:01:40,-417750337#4,restaurant,,542.6552277079157,1139.0745154802132,37.5017917560025,127.02685169754334,18322.0,222.0,taxi_respawn_312,picked
dyn_pax_3006,18107.0,2026-07-03 14:01:47,802110008,restaurant,,567.9368588148042,1294.4290295528247,37.503196013251454,127.02710071947062,18138.0,31.0,taxi_respawn_268,picked
dyn_pax_3007,18118.0,2026-07-03 14:01:58,521766175#1,company|restaurant|subway_entrance,,332.9365590021661,1411.5585828157227,37.504206724109,127.02441570308932,18199.0,81.0,taxi_respawn_306,picked
dyn_pax_3008,18120.0,2026-07-03 14:02:00,417933642#0,restaurant|bus_stop,,1041.0954363710525,463.30841921497654,37.49579826441859,127.03264736696761,18169.0,49.0,taxi_respawn_303,picked
dyn_pax_3009,18138.0,2026-07-03 14:02:18,117790051#4,restaurant,,495.1920534812603,1378.4842065286966,37.50393946166789,127.02625823552458,18195.0,57.0,taxi_respawn_129,picked
dyn_pax_3010,18138.0,2026-07-03 14:02:18,-504227067#3,restaurant,,527.7289520354611,471.5483450335965,37.495775653483,127.02684121970124,18220.0,82.0,taxi_respawn_200,picked
dyn_pax_3011,18143.0,2026-07-03 14:02:23,1011529829#0,school,,381.1393135972994,834.2751815073392,37.49901550234899,127.0250977784903,18233.0,90.0,taxi_respawn_172,picked
dyn_pax_3012,18158.0,2026-07-03 14:02:38,-129731858#3,restaurant,,760.2046779472714,898.6469063162286,37.49966698472747,127.02936848203807,18204.0,46.0,taxi_respawn_238,picked
dyn_pax_3013,18195.0,2026-07-03 14:03:15,-117790045#1,restaurant,,534.0975884889299,1266.9858058167179,37.502942402865294,127.02672459950128,18302.0,107.0,taxi_respawn_204,picked
dyn_pax_3014,18221.0,2026-07-03 14:03:41,628232693#0,company|restaurant,,644.2623295929467,660.168099777976,37.49749680792099,127.0281140674837,18306.0,85.0,taxi_respawn_296,picked
dyn_pax_3015,18234.0,2026-07-03 14:03:54,117790039#3,restaurant,,1021.8645860465238,1004.4924062015546,37.500669811640854,127.03230197280303,18259.0,25.0,taxi_respawn_177,picked
dyn_pax_3016,18244.0,2026-07-03 14:04:04,178441450#1,residential|company|restaurant|bus_stop,,282.90243066757296,609.4157395563556,37.496971320837204,127.02404044855805,18311.0,67.0,taxi_respawn_241,picked
dyn_pax_3017,18249.0,2026-07-03 14:04:09,-129731857#1,restaurant,,773.0987126859483,849.1784152186673,37.4992237894183,127.02952598601298,18338.0,89.0,taxi_respawn_277,picked
dyn_pax_3018,18256.0,2026-07-03 14:04:16,-417933645#2,company|restaurant|subway_entrance,,701.1658676593129,719.5455833044954,37.49804244093877,127.02874337560036,18338.0,82.0,taxi_respawn_261,picked
dyn_pax_3019,18299.0,2026-07-03 14:04:59,504227067#0,restaurant,,638.7551174354396,526.833121212444,37.49629464408366,127.02808339614947,18382.0,83.0,taxi_respawn_299,picked
dyn_pax_3020,18319.0,2026-07-03 14:05:19,375049565#6,restaurant|subway_entrance|bus_stop,,789.5153251748014,798.8522330112556,37.49877353199428,127.02972351946808,18379.0,60.0,taxi_respawn_225,picked
dyn_pax_3021,18372.0,2026-07-03 14:06:12,-417933645#1,restaurant,,753.9829961438405,551.6859834676363,37.49654027420169,127.02938030242663,18439.0,67.0,taxi_respawn_310,picked
dyn_pax_3022,18395.0,2026-07-03 14:06:35,129731859#3,restaurant,,873.6090416568148,941.272009001338,37.50007235670303,127.03064062663523,18468.0,73.0,taxi_respawn_323,picked
dyn_pax_3023,18413.0,2026-07-03 14:06:53,523141074#0,company|restaurant|subway_entrance,,524.0338794858329,871.4890157117229,37.4993777454413,127.02670460634431,18457.0,44.0,taxi_respawn_297,picked
dyn_pax_3024,18420.0,2026-07-03 14:07:00,129731857#1,residential|restaurant,,656.8212873140518,799.6615847813327,37.498755780674834,127.02822301071001,18461.0,41.0,taxi_respawn_253,picked
dyn_pax_3025,18433.0,2026-07-03 14:07:13,-506191135#22,residential|company|restaurant|bus_stop,,38.693950105848444,1321.9513167019495,37.50334380565249,127.02110990869835,18579.0,146.0,taxi_respawn_313,picked
dyn_pax_3026,18444.0,2026-07-03 14:07:24,375049565#2,restaurant,,1048.966709229659,894.5327467658005,37.49968436369115,127.03263441305876,18512.0,68.0,taxi_respawn_319,picked
dyn_pax_3027,18453.0,2026-07-03 14:07:33,541692164#1,subway_entrance,,271.6277521231475,1406.6420105391767,37.5041508337347,127.02372362926798,18564.0,111.0,taxi_respawn_306,picked
dyn_pax_3028,18458.0,2026-07-03 14:07:38,117790045#3,restaurant,,504.6202003222114,1382.6101305390487,37.50397841113055,127.02636386411817,18501.0,43.0,taxi_respawn_228,picked
dyn_pax_3029,18461.0,2026-07-03 14:07:41,129731857#1,residential|restaurant,,656.8212873140518,799.6615847813327,37.498755780674834,127.02822301071001,18537.0,76.0,taxi_respawn_309,picked
dyn_pax_3030,18463.0,2026-07-03 14:07:43,521766175#1,company|restaurant|subway_entrance,,332.9365590021661,1411.5585828157227,37.504206724109,127.02441570308932,18578.0,115.0,taxi_respawn_303,picked
dyn_pax_3031,18473.0,2026-07-03 14:07:53,-417750336#3,school|company,,868.1859178511071,948.5147012398835,37.50013657861005,127.03057759421064,18515.0,42.0,taxi_respawn_249,picked
dyn_pax_3032,18495.0,2026-07-03 14:08:15,-557469300#1,restaurant,,739.5265057687212,1049.0561556697721,37.5010180173999,127.02909905278416,18555.0,60.0,taxi_respawn_277,picked
dyn_pax_3033,18506.0,2026-07-03 14:08:26,-26163000#1,restaurant,,613.3034084576574,1234.0026207389662,37.50266024308643,127.02762801542576,18550.0,44.0,taxi_respawn_261,picked
dyn_pax_3034,18564.0,2026-07-03 14:09:24,218857636#1,residential|company|restaurant|bus_stop,,297.92905089287035,623.2061345250047,37.49709839153085,127.02420706961871,18637.0,73.0,taxi_respawn_307,picked
dyn_pax_3035,18579.0,2026-07-03 14:09:39,542367267#1,company|restaurant,,199.26981683313872,1381.121508122661,37.50390724154084,127.02291151664822,18626.0,47.0,taxi_respawn_266,picked
dyn_pax_3036,18587.0,2026-07-03 14:09:47,117790045#2,restaurant,,537.9561568342307,1283.7183624175188,37.50309386389003,127.02676426064505,18616.0,29.0,taxi_respawn_30,picked
dyn_pax_3037,18595.0,2026-07-03 14:09:55,504227069,residential|restaurant,,587.1158993285404,291.7776336445087,37.494167438547194,127.02755526357365,18685.0,90.0,taxi_respawn_324,picked
dyn_pax_3038,18609.0,2026-07-03 14:10:09,-417750354#1,restaurant,,946.150029211292,974.2465578508335,37.500383078435064,127.03145303198383,18676.0,67.0,taxi_respawn_200,picked
dyn_pax_3039,18612.0,2026-07-03 14:10:12,305539406,company|restaurant|subway_entrance,,566.389495917364,736.5285064605782,37.49816998085155,127.02721550408178,18672.0,60.0,taxi_respawn_177,picked
dyn_pax_3040,18617.0,2026-07-03 14:10:17,494824662#3,company|restaurant|subway_entrance,,729.424850252167,406.6843378518681,37.49522941823122,127.02913698209235,18748.0,131.0,taxi_respawn_263,picked
dyn_pax_3041,18662.0,2026-07-03 14:11:02,117790051#4,restaurant,,495.1920534812603,1378.4842065286966,37.50393946166789,127.02625823552458,18743.0,81.0,taxi_respawn_280,picked
dyn_pax_3042,18680.0,2026-07-03 14:11:20,494824662#3,company|restaurant|subway_entrance,,729.424850252167,406.6843378518681,37.49522941823122,127.02913698209235,18775.0,95.0,taxi_respawn_278,picked
dyn_pax_3043,18700.0,2026-07-03 14:11:40,542367267#1,company|restaurant,,199.26981683313872,1381.121508122661,37.50390724154084,127.02291151664822,18739.0,39.0,taxi_respawn_323,picked
dyn_pax_3044,18711.0,2026-07-03 14:11:51,117790045#2,restaurant,,537.9561568342307,1283.7183624175188,37.50309386389003,127.02676426064505,18737.0,26.0,taxi_respawn_282,picked
dyn_pax_3045,18712.0,2026-07-03 14:11:52,-1011529829#3,residential|restaurant,,246.84006179949273,776.1178104815556,37.49846619888778,127.02359312469504,18746.0,34.0,taxi_respawn_225,picked
dyn_pax_3046,18730.0,2026-07-03 14:12:10,521770119#1,restaurant|bus_stop,,527.3115514435282,995.8620162900467,37.50049875494786,127.02671217090477,18791.0,61.0,taxi_respawn_321,picked
dyn_pax_3047,18733.0,2026-07-03 14:12:13,504509918#0,residential|restaurant,,511.83203920742636,882.9034728009249,37.49947826486711,127.02656393710718,18816.0,83.0,taxi_respawn_309,picked
dyn_pax_3048,18744.0,2026-07-03 14:12:24,802110008,restaurant,,567.9368588148042,1294.4290295528247,37.503196013251454,127.02710071947062,18805.0,61.0,taxi_respawn_287,picked
dyn_pax_3049,18750.0,2026-07-03 14:12:30,417750337#5,restaurant,,522.3387290339521,1126.7881672814829,37.50167723806998,127.02662489231146,18957.0,207.0,taxi_respawn_83,picked
dyn_pax_3050,18760.0,2026-07-03 14:12:40,129731852,restaurant,,626.5739131314494,885.3301415107766,37.499521799012015,127.0278607124155,18818.0,58.0,taxi_respawn_237,picked
dyn_pax_3051,18763.0,2026-07-03 14:12:43,-129731857#2,restaurant,,875.7452923990509,884.8037873845144,37.499564075208866,127.03067814538078,18845.0,82.0,taxi_respawn_327,picked
dyn_pax_3052,18766.0,2026-07-03 14:12:46,805827757#0,restaurant,,762.3138727549854,912.1862152730512,37.49978934916138,127.02938912364917,18804.0,38.0,taxi_respawn_297,picked
dyn_pax_3053,18778.0,2026-07-03 14:12:58,-379463134#6,restaurant,,651.5506250710082,1319.679135788758,37.50343926652266,127.02804017641046,18794.0,16.0,taxi_respawn_306,picked
dyn_pax_3054,18818.0,2026-07-03 14:13:38,504227069,residential|restaurant,,587.1158993285404,291.7776336445087,37.494167438547194,127.02755526357365,18882.0,64.0,taxi_respawn_140,picked
dyn_pax_3055,18831.0,2026-07-03 14:13:51,628232693#0,company|restaurant,,644.2623295929467,660.168099777976,37.49749680792099,127.0281140674837,18855.0,24.0,taxi_respawn_147,picked
dyn_pax_3056,18839.0,2026-07-03 14:13:59,1117538957#3,restaurant|subway_entrance|bus_stop,,465.5082521847807,644.8780924026132,37.49732530507706,127.02609663221197,18856.0,17.0,taxi_respawn_57,picked
dyn_pax_3057,18849.0,2026-07-03 14:14:09,494824662#3,company|restaurant|subway_entrance,,729.424850252167,406.6843378518681,37.49522941823122,127.02913698209235,18941.0,92.0,taxi_respawn_254,picked
dyn_pax_3058,18853.0,2026-07-03 14:14:13,239962780#1,company|restaurant,,78.091042197054,1418.7355011637856,37.504223128704645,127.02153236485597,18950.0,97.0,taxi_respawn_320,picked
dyn_pax_3059,18902.0,2026-07-03 14:15:02,129733424#3,restaurant,,568.5053070143441,1008.1195751958668,37.500616957275064,127.02717503574868,18989.0,87.0,taxi_respawn_251,picked
dyn_pax_3060,18911.0,2026-07-03 14:15:11,-417933642#4,restaurant,,907.3718228697127,805.8014682006251,37.49885835910486,127.03105443169989,18997.0,86.0,taxi_respawn_289,picked
dyn_pax_3061,18914.0,2026-07-03 14:15:14,-417933645#2,company|restaurant|subway_entrance,,701.1658676593129,719.5455833044954,37.49804244093877,127.02874337560036,19013.0,99.0,taxi_respawn_292,picked
dyn_pax_3062,18927.0,2026-07-03 14:15:27,117790036#1,company,,849.7103307162836,1232.6514730855474,37.50269269072902,127.03030143103514,19006.0,79.0,taxi_respawn_330,picked
dyn_pax_3063,18935.0,2026-07-03 14:15:35,-417933642#4,restaurant,,907.3718228697127,805.8014682006251,37.49885835910486,127.03105443169989,19002.0,67.0,taxi_respawn_313,picked
dyn_pax_3064,18936.0,2026-07-03 14:15:36,-379463134#2,restaurant,,527.5499142349145,1277.2476095039178,37.503033607059436,127.02664812966836,18975.0,39.0,taxi_respawn_173,picked
dyn_pax_3065,18937.0,2026-07-03 14:15:37,129731852,restaurant,,626.5739131314494,885.3301415107766,37.499521799012015,127.0278607124155,18992.0,55.0,taxi_respawn_317,picked
dyn_pax_3066,18949.0,2026-07-03 14:15:49,541692164#1,subway_entrance,,271.6277521231475,1406.6420105391767,37.5041508337347,127.02372362926798,18969.0,20.0,taxi_respawn_331,picked
dyn_pax_3067,18951.0,2026-07-03 14:15:51,129731859#3,restaurant,,873.6090416568148,941.272009001338,37.50007235670303,127.03064062663523,18989.0,38.0,taxi_respawn_280,picked
dyn_pax_3068,18960.0,2026-07-03 14:16:00,239962780#1,company|restaurant,,78.091042197054,1418.7355011637856,37.504223128704645,127.02153236485597,18974.0,14.0,taxi_respawn_333,picked
dyn_pax_3069,18962.0,2026-07-03 14:16:02,305539406,company|restaurant|subway_entrance,,566.389495917364,736.5285064605782,37.49816998085155,127.02721550408178,19099.0,137.0,taxi_respawn_298,picked
dyn_pax_3070,18965.0,2026-07-03 14:16:05,-1011529829#3,residential|restaurant,,246.84006179949273,776.1178104815556,37.49846619888778,127.02359312469504,19037.0,72.0,taxi_respawn_229,picked
dyn_pax_3071,18980.0,2026-07-03 14:16:20,520307304#2,restaurant,,553.737131666575,902.6336565846188,37.499663917706236,127.02703306650038,19046.0,66.0,taxi_respawn_147,picked
dyn_pax_3072,18980.0,2026-07-03 14:16:20,117790045#2,restaurant,,537.9561568342307,1283.7183624175188,37.50309386389003,127.02676426064505,19037.0,57.0,taxi_respawn_253,picked
dyn_pax_3073,18990.0,2026-07-03 14:16:30,129731858#2,restaurant,,783.9672744139122,855.548332172334,37.49928322221005,127.02964736483162,19037.0,47.0,taxi_respawn_172,picked
dyn_pax_3074,18990.0,2026-07-03 14:16:30,375049565#6,restaurant|subway_entrance|bus_stop,,789.5153251748014,798.8522330112556,37.49877353199428,127.02972351946808,19051.0,61.0,taxi_respawn_238,picked
dyn_pax_3075,18995.0,2026-07-03 14:16:35,379232155,restaurant,,946.0567570824509,480.05346239194995,37.49593120335224,127.03156888346594,19094.0,99.0,taxi_respawn_248,picked
dyn_pax_3076,19022.0,2026-07-03 14:17:02,417933646#0,restaurant,,894.2617302193242,410.3206078764906,37.49529326349135,127.03099977850056,19122.0,100.0,taxi_respawn_231,picked
dyn_pax_3077,19025.0,2026-07-03 14:17:05,-117790045#1,restaurant,,534.0975884889299,1266.9858058167179,37.502942402865294,127.02672459950128,19117.0,92.0,taxi_respawn_288,picked
dyn_pax_3078,19030.0,2026-07-03 14:17:10,-129731857#1,restaurant,,773.0987126859483,849.1784152186673,37.4992237894183,127.02952598601298,19104.0,74.0,taxi_respawn_309,picked
dyn_pax_3079,19033.0,2026-07-03 14:17:13,417731530,company|restaurant,,191.66975375905443,1429.5779711342507,37.5043423120142,127.02281406437154,19100.0,67.0,taxi_respawn_266,picked
dyn_pax_3080,19040.0,2026-07-03 14:17:20,-376649996#1,company,,349.947152138941,1.6182517984103069,37.49150877654974,127.02494272030683,19158.0,118.0,taxi_respawn_177,picked
dyn_pax_3081,19044.0,2026-07-03 14:17:24,480850873,company|restaurant|bus_stop,,548.1935052770749,708.5896639848544,37.49791486187585,127.0270163956136,19092.0,48.0,taxi_respawn_191,picked
dyn_pax_3082,19048.0,2026-07-03 14:17:28,1011529829#0,school,,381.1393135972994,834.2751815073392,37.49901550234899,127.0250977784903,19090.0,42.0,taxi_respawn_327,picked
dyn_pax_3083,19057.0,2026-07-03 14:17:37,506191135#3,residential|company|restaurant|bus_stop,,238.79972345576414,789.4714057742513,37.49858497042428,127.023499044737,19119.0,62.0,taxi_respawn_332,picked
dyn_pax_3084,19064.0,2026-07-03 14:17:44,-1011529829#3,residential|restaurant,,246.84006179949273,776.1178104815556,37.49846619888778,127.02359312469504,19122.0,58.0,taxi_respawn_135,picked
dyn_pax_3085,19080.0,2026-07-03 14:18:00,-256787796#4,restaurant,,620.2926176327408,895.5374521094307,37.49961256354246,127.02778727239327,19113.0,33.0,taxi_respawn_302,picked
dyn_pax_3086,19108.0,2026-07-03 14:18:28,417933645#2,residential|company|restaurant,,757.7944798520502,568.4010952306102,37.496691568512986,127.02941943794849,19165.0,57.0,taxi_respawn_289,picked
dyn_pax_3087,19109.0,2026-07-03 14:18:29,-117790039#4,restaurant,,976.1736160857955,1107.3942396063046,37.50158817580974,127.03176100793065,19179.0,70.0,taxi_respawn_334,picked
dyn_pax_3088,19110.0,2026-07-03 14:18:30,557469234,restaurant,,982.7249512156621,987.801549540822,37.50051207965727,127.03186337298402,19201.0,91.0,taxi_respawn_323,picked
dyn_pax_3089,19118.0,2026-07-03 14:18:38,-417750337#6,restaurant,,503.6615133291097,1089.1021319971503,37.50133422142063,127.0264226479345,19180.0,62.0,taxi_respawn_328,picked
dyn_pax_3090,19120.0,2026-07-03 14:18:40,129731859#3,restaurant,,873.6090416568148,941.272009001338,37.50007235670303,127.03064062663523,19194.0,74.0,taxi_respawn_326,picked
dyn_pax_3091,19174.0,2026-07-03 14:19:34,-117790045#3,restaurant,,459.7597996777886,1476.3698694609513,37.50481454718326,127.02583436303603,19237.0,63.0,taxi_respawn_269,picked
dyn_pax_3092,19177.0,2026-07-03 14:19:37,417933642#2,residential|restaurant,,976.5976168723116,645.9370182109647,37.49743129415275,127.0318749523804,19242.0,65.0,taxi_respawn_192,picked
dyn_pax_3093,19191.0,2026-07-03 14:19:51,417933642#0,restaurant|bus_stop,,1041.0954363710525,463.30841921497654,37.49579826441859,127.03264736696761,19261.0,70.0,taxi_respawn_329,picked
dyn_pax_3094,19201.0,2026-07-03 14:20:01,-129731857#2,restaurant,,875.7452923990509,884.8037873845144,37.499564075208866,127.03067814538078,19207.0,6.0,taxi_respawn_225,picked
dyn_pax_3095,19210.0,2026-07-03 14:20:10,129731858#2,restaurant,,783.9672744139122,855.548332172334,37.49928322221005,127.02964736483162,19293.0,83.0,taxi_respawn_337,picked
dyn_pax_3096,19214.0,2026-07-03 14:20:14,975332778#1,bus_stop,,681.6099970732737,721.9380561808346,37.49806030190971,127.02852170075586,19277.0,63.0,taxi_respawn_200,picked
dyn_pax_3097,19227.0,2026-07-03 14:20:27,379463130#0,restaurant,,544.1425087303844,1128.5419490598922,37.501697156429024,127.02687101205116,19574.0,347.0,taxi_respawn_290,picked
dyn_pax_3098,19256.0,2026-07-03 14:20:56,521766175#1,company|restaurant|subway_entrance,,332.9365590021661,1411.5585828157227,37.504206724109,127.02441570308932,19276.0,20.0,taxi_respawn_140,picked
dyn_pax_3099,19262.0,2026-07-03 14:21:02,417933642#2,residential|restaurant,,976.5976168723116,645.9370182109647,37.49743129415275,127.0318749523804,19374.0,112.0,taxi_respawn_303,picked
dyn_pax_3100,19266.0,2026-07-03 14:21:06,117790039#0,restaurant,,1059.1652257347846,901.0190091909938,37.49974471524068,127.0327481916661,19331.0,65.0,taxi_respawn_173,picked
dyn_pax_3101,19277.0,2026-07-03 14:21:17,-379463134#6,restaurant,,651.5506250710082,1319.679135788758,37.50343926652266,127.02804017641046,19337.0,60.0,taxi_respawn_339,picked
dyn_pax_3102,19278.0,2026-07-03 14:21:18,417933646#0,restaurant,,894.2617302193242,410.3206078764906,37.49529326349135,127.03099977850056,19365.0,87.0,taxi_respawn_336,picked
dyn_pax_3103,19295.0,2026-07-03 14:21:35,379463130#0,restaurant,,544.1425087303844,1128.5419490598922,37.501697156429024,127.02687101205116,19330.0,35.0,taxi_respawn_294,picked
dyn_pax_3104,19310.0,2026-07-03 14:21:50,-129731858#1,restaurant,,779.3164249772793,838.8541978668718,37.49913195860003,127.0295987323456,19396.0,86.0,taxi_respawn_213,picked
dyn_pax_3105,19317.0,2026-07-03 14:21:57,-417933642#4,restaurant,,907.3718228697127,805.8014682006251,37.49885835910486,127.03105443169989,19379.0,62.0,taxi_respawn_319,picked
dyn_pax_3106,19322.0,2026-07-03 14:22:02,628232693#0,company|restaurant,,644.2623295929467,660.168099777976,37.49749680792099,127.0281140674837,19425.0,103.0,taxi_respawn_330,picked
dyn_pax_3107,19345.0,2026-07-03 14:22:25,805827757#0,restaurant,,762.3138727549854,912.1862152730512,37.49978934916138,127.02938912364917,19424.0,79.0,taxi_respawn_307,picked
dyn_pax_3108,19355.0,2026-07-03 14:22:35,-417750336#3,school|company,,868.1859178511071,948.5147012398835,37.50013657861005,127.03057759421064,19387.0,32.0,taxi_respawn_292,picked
dyn_pax_3109,19358.0,2026-07-03 14:22:38,-417750337#2,restaurant,,578.5487433358253,1191.18897592047,37.50226799999912,127.02724519016736,19420.0,62.0,taxi_respawn_325,picked
dyn_pax_3110,19363.0,2026-07-03 14:22:43,117790041#3,restaurant,,485.8172797724441,1249.4366376844557,37.50277519064896,127.0261828476699,19409.0,46.0,taxi_respawn_204,picked
dyn_pax_3111,19375.0,2026-07-03 14:22:55,417750337#3,restaurant,,561.9223834850405,1183.7905002369655,37.50219821136863,127.02705894855978,,,,timeout
dyn_pax_3112,19380.0,2026-07-03 14:23:00,1056882877#3,residential|company|restaurant,,365.79280968467333,433.0557487307964,37.495398294451746,127.02501948586043,19404.0,24.0,taxi_respawn_309,picked
dyn_pax_3113,19394.0,2026-07-03 14:23:14,117790039#3,restaurant,,1021.8645860465238,1004.4924062015546,37.500669811640854,127.03230197280303,19476.0,82.0,taxi_respawn_329,picked
dyn_pax_3114,19413.0,2026-07-03 14:23:33,-417933646#1,residential|restaurant,,826.6019869456061,577.8075382253838,37.49678928421788,127.03019516859905,19461.0,48.0,taxi_respawn_135,picked
dyn_pax_3115,19416.0,2026-07-03 14:23:36,504227069,residential|restaurant,,587.1158993285404,291.7776336445087,37.494167438547194,127.02755526357365,19496.0,80.0,taxi_respawn_312,picked
dyn_pax_3116,19424.0,2026-07-03 14:23:44,-417933646#4,company|restaurant,,761.9867537178288,747.7080569325292,37.49830761500862,127.02942437673002,19460.0,36.0,taxi_respawn_229,picked
dyn_pax_3117,19438.0,2026-07-03 14:23:58,309155295#1,restaurant,,764.2225196982893,558.1760304781078,37.4966006705371,127.0294945363528,19464.0,26.0,taxi_respawn_323,picked
dyn_pax_3118,19445.0,2026-07-03 14:24:05,-417750354#1,restaurant,,946.150029211292,974.2465578508335,37.500383078435064,127.03145303198383,19530.0,85.0,taxi_respawn_294,picked
dyn_pax_3119,19449.0,2026-07-03 14:24:09,305539406,company|restaurant|subway_entrance,,566.389495917364,736.5285064605782,37.49816998085155,127.02721550408178,19561.0,112.0,taxi_respawn_288,picked
dyn_pax_3120,19462.0,2026-07-03 14:24:22,417750337#1,restaurant,,654.3039749436668,1311.1147669608317,37.50336263595113,127.02807333923603,19521.0,59.0,taxi_respawn_280,picked
dyn_pax_3121,19464.0,2026-07-03 14:24:24,417933645#0,residential|restaurant,,823.1026288816429,385.61625104994533,37.49505730126708,127.03020109557775,19528.0,64.0,taxi_respawn_173,picked
dyn_pax_3122,19491.0,2026-07-03 14:24:51,521766180#1,company|restaurant|bus_stop,,466.73410130235357,1169.2838037446552,37.502049542882666,127.02598608796039,19545.0,54.0,taxi_respawn_321,picked
dyn_pax_3123,19506.0,2026-07-03 14:25:06,-309155295#0,restaurant,,747.4684617800942,561.8059110120743,37.49663020867341,127.0293042509181,19617.0,111.0,taxi_respawn_303,picked
dyn_pax_3124,19562.0,2026-07-03 14:26:02,218877837#2,company|restaurant|bus_stop,,479.4555212141038,978.0213907550284,37.500328997763305,127.02617530290202,19635.0,73.0,taxi_respawn_335,picked
dyn_pax_3125,19585.0,2026-07-03 14:26:25,-417750354#1,restaurant,,946.150029211292,974.2465578508335,37.500383078435064,127.03145303198383,19650.0,65.0,taxi_respawn_313,picked
dyn_pax_3126,19633.0,2026-07-03 14:27:13,-309155295#4,residential|restaurant,,966.4689567179357,639.4784987131154,37.49737120494098,127.0317619612052,19737.0,104.0,taxi_respawn_294,picked
dyn_pax_3127,19635.0,2026-07-03 14:27:15,219837933#0,residential|company,,49.0199205680682,1328.1480294371383,37.503401583976704,127.02122519296726,19693.0,58.0,taxi_respawn_282,picked
dyn_pax_3128,19645.0,2026-07-03 14:27:25,-309155295#1,residential|restaurant,,820.2174803017108,588.0239695218922,37.496880113093034,127.03012056506905,19705.0,60.0,taxi_respawn_338,picked
dyn_pax_3129,19647.0,2026-07-03 14:27:27,-117790045#0,restaurant,,544.8147652988505,1238.053441474183,37.50268379633789,127.0268526423962,19696.0,49.0,taxi_41,picked
dyn_pax_3130,19647.0,2026-07-03 14:27:27,521766182#1,company|restaurant|subway_entrance,,681.695169875507,539.6867345716422,37.496418539503196,127.02856584056028,19767.0,120.0,taxi_respawn_337,picked
dyn_pax_3131,19680.0,2026-07-03 14:28:00,-129731717#1,residential|company|restaurant,,188.433090102474,1374.3511058470413,37.503844200149025,127.0227905913032,19703.0,23.0,taxi_respawn_269,picked
dyn_pax_3132,19690.0,2026-07-03 14:28:10,26163000#3,restaurant,,602.970622715944,1275.0711016561868,37.50302824900089,127.02750144434575,19758.0,68.0,taxi_respawn_301,picked
dyn_pax_3133,19694.0,2026-07-03 14:28:14,975332778#0,restaurant,,667.9217791522676,716.9366930139246,37.49801266412058,127.02836812020041,19766.0,72.0,taxi_respawn_323,picked
dyn_pax_3134,19698.0,2026-07-03 14:28:18,375049565#6,restaurant|subway_entrance|bus_stop,,789.5153251748014,798.8522330112556,37.49877353199428,127.02972351946808,19771.0,73.0,taxi_respawn_312,picked
dyn_pax_3135,19701.0,2026-07-03 14:28:21,1117538957#3,restaurant|subway_entrance|bus_stop,,465.5082521847807,644.8780924026132,37.49732530507706,127.02609663221197,19750.0,49.0,taxi_respawn_241,picked
dyn_pax_3136,19719.0,2026-07-03 14:28:39,379463134#2,restaurant,,492.9894267673794,1254.822149661426,37.50282506050825,127.0262626667944,19766.0,47.0,taxi_respawn_297,picked
dyn_pax_3137,19728.0,2026-07-03 14:28:48,309155295#1,restaurant,,764.2225196982893,558.1760304781078,37.4966006705371,127.0294945363528,19845.0,117.0,taxi_respawn_341,picked
dyn_pax_3138,19728.0,2026-07-03 14:28:48,-417933642#1,restaurant,,972.7851169931362,629.1778231901285,37.49727960321316,127.03183581048214,19770.0,42.0,taxi_respawn_344,picked
dyn_pax_3139,19738.0,2026-07-03 14:28:58,-26163000#1,restaurant,,613.3034084576574,1234.0026207389662,37.50266024308643,127.02762801542576,19761.0,23.0,taxi_respawn_340,picked
dyn_pax_3140,19748.0,2026-07-03 14:29:08,-417933642#1,restaurant,,972.7851169931362,629.1778231901285,37.49727960321316,127.03183581048214,19832.0,84.0,taxi_respawn_225,picked
dyn_pax_3141,19761.0,2026-07-03 14:29:21,129731720#0,residential|company|restaurant,,292.10678712231254,1113.150773394943,37.50151085547559,127.02402489828896,19847.0,86.0,taxi_respawn_173,picked
dyn_pax_3142,19768.0,2026-07-03 14:29:28,628232693#0,company|restaurant,,644.2623295929467,660.168099777976,37.49749680792099,127.0281140674837,19811.0,43.0,taxi_respawn_288,picked
dyn_pax_3143,19786.0,2026-07-03 14:29:46,504227067#0,restaurant,,638.7551174354396,526.833121212444,37.49629464408366,127.02808339614947,19815.0,29.0,taxi_respawn_287,picked
dyn_pax_3144,19789.0,2026-07-03 14:29:49,-117790045#1,restaurant,,534.0975884889299,1266.9858058167179,37.502942402865294,127.02672459950128,19818.0,29.0,taxi_respawn_190,picked
dyn_pax_3145,19812.0,2026-07-03 14:30:12,504227066#0,restaurant,,519.2210823013057,487.78345043316773,37.49592029712161,127.02674117912406,19896.0,84.0,taxi_respawn_280,picked
dyn_pax_3146,19824.0,2026-07-03 14:30:24,117790041#3,restaurant,,485.8172797724441,1249.4366376844557,37.50277519064896,127.0261828476699,19915.0,91.0,taxi_respawn_331,picked
dyn_pax_3147,19835.0,2026-07-03 14:30:35,-504227066#3,restaurant,,449.3214735737982,636.1754008755333,37.497243849267164,127.02591568328045,19909.0,74.0,taxi_respawn_273,picked
dyn_pax_3148,19839.0,2026-07-03 14:30:39,-117790045#2,restaurant,,502.6238788004042,1360.6315306450858,37.50378004402999,127.0263465049606,19941.0,102.0,taxi_respawn_278,picked
dyn_pax_3149,19840.0,2026-07-03 14:30:40,417933645#2,residential|company|restaurant,,757.7944798520502,568.4010952306102,37.496691568512986,127.02941943794849,19901.0,61.0,taxi_respawn_135,picked
dyn_pax_3150,19862.0,2026-07-03 14:31:02,417933642#2,residential|restaurant,,976.5976168723116,645.9370182109647,37.49743129415275,127.0318749523804,19961.0,99.0,taxi_respawn_319,picked
dyn_pax_3151,19872.0,2026-07-03 14:31:12,218857636#1,residential|company|restaurant|bus_stop,,297.92905089287035,623.2061345250047,37.49709839153085,127.02420706961871,19944.0,72.0,taxi_respawn_290,picked
dyn_pax_3152,19877.0,2026-07-03 14:31:17,975332778#0,restaurant,,667.9217791522676,716.9366930139246,37.49801266412058,127.02836812020041,19924.0,47.0,taxi_respawn_338,picked
dyn_pax_3153,19882.0,2026-07-03 14:31:22,1537068130#0,residential,,915.247444986279,1279.656751811989,37.50312848832193,127.03103134780491,19962.0,80.0,taxi_respawn_335,picked
dyn_pax_3154,19884.0,2026-07-03 14:31:24,975332778#0,restaurant,,667.9217791522676,716.9366930139246,37.49801266412058,127.02836812020041,19993.0,109.0,taxi_respawn_292,picked
dyn_pax_3155,19892.0,2026-07-03 14:31:32,-117790039#4,restaurant,,976.1736160857955,1107.3942396063046,37.50158817580974,127.03176100793065,19962.0,70.0,taxi_respawn_326,picked
dyn_pax_3156,19898.0,2026-07-03 14:31:38,417933642#2,residential|restaurant,,976.5976168723116,645.9370182109647,37.49743129415275,127.0318749523804,19966.0,68.0,taxi_respawn_140,picked
dyn_pax_3157,19902.0,2026-07-03 14:31:42,129733424#3,restaurant,,568.5053070143441,1008.1195751958668,37.500616957275064,127.02717503574868,19946.0,44.0,taxi_38,picked
dyn_pax_3158,19903.0,2026-07-03 14:31:43,521766175#1,company|restaurant|subway_entrance,,332.9365590021661,1411.5585828157227,37.504206724109,127.02441570308932,19996.0,93.0,taxi_respawn_147,picked
dyn_pax_3159,19915.0,2026-07-03 14:31:55,218857636#1,residential|company|restaurant|bus_stop,,297.92905089287035,623.2061345250047,37.49709839153085,127.02420706961871,19931.0,16.0,taxi_respawn_313,picked
dyn_pax_3160,19917.0,2026-07-03 14:31:57,557469234,restaurant,,982.7249512156621,987.801549540822,37.50051207965727,127.03186337298402,19954.0,37.0,taxi_respawn_181,picked
dyn_pax_3161,19922.0,2026-07-03 14:32:02,-417750337#2,restaurant,,578.5487433358253,1191.18897592047,37.50226799999912,127.02724519016736,19994.0,72.0,taxi_respawn_164,picked
dyn_pax_3162,19980.0,2026-07-03 14:33:00,-504509918#2,company|restaurant|bus_stop,,398.9694242295193,827.4758220967593,37.49895762305832,127.02530099003066,20032.0,52.0,taxi_respawn_288,picked
dyn_pax_3163,20021.0,2026-07-03 14:33:41,129731859#1,restaurant,,770.318180095484,905.1374216517651,37.499727361620906,127.02948129560598,20103.0,82.0,taxi_respawn_241,picked
dyn_pax_3164,20053.0,2026-07-03 14:34:13,1537068130#0,residential,,915.247444986279,1279.656751811989,37.50312848832193,127.03103134780491,20121.0,68.0,taxi_respawn_335,picked
dyn_pax_3165,20056.0,2026-07-03 14:34:16,256787796#5,restaurant,,616.3422671393917,878.7532899245961,37.49946062055924,127.02774658517313,20143.0,87.0,taxi_respawn_57,picked
dyn_pax_3166,20058.0,2026-07-03 14:34:18,-417750336#5,restaurant,,886.0343029737398,891.1232225857099,37.499622942823265,127.030792984823,20130.0,72.0,taxi_respawn_287,picked
dyn_pax_3167,20063.0,2026-07-03 14:34:23,-417750336#5,restaurant,,886.0343029737398,891.1232225857099,37.499622942823265,127.030792984823,20196.0,133.0,taxi_respawn_305,picked
dyn_pax_3168,20065.0,2026-07-03 14:34:25,-117790045#2,restaurant,,502.6238788004042,1360.6315306450858,37.50378004402999,127.0263465049606,20127.0,62.0,taxi_respawn_344,picked
dyn_pax_3169,20073.0,2026-07-03 14:34:33,-379232155,restaurant,,999.2800162208075,449.1965960198298,37.495663263085994,127.03217793178025,20144.0,71.0,taxi_respawn_326,picked
dyn_pax_3170,20081.0,2026-07-03 14:34:41,375049565#6,restaurant|subway_entrance|bus_stop,,789.5153251748014,798.8522330112556,37.49877353199428,127.02972351946808,20135.0,54.0,taxi_respawn_341,picked
dyn_pax_3171,20082.0,2026-07-03 14:34:42,-417750336#5,restaurant,,886.0343029737398,891.1232225857099,37.499622942823265,127.030792984823,20192.0,110.0,taxi_respawn_198,picked
dyn_pax_3172,20088.0,2026-07-03 14:34:48,417750354#1,restaurant,,919.2899707887079,1024.6134421491665,37.5008317366974,127.03113741131199,20135.0,47.0,taxi_respawn_301,picked
dyn_pax_3173,20093.0,2026-07-03 14:34:53,-117790045#2,restaurant,,502.6238788004042,1360.6315306450858,37.50378004402999,127.0263465049606,20133.0,40.0,taxi_respawn_346,picked
dyn_pax_3174,20101.0,2026-07-03 14:35:01,520307304#2,restaurant,,553.737131666575,902.6336565846188,37.499663917706236,127.02703306650038,20226.0,125.0,taxi_respawn_321,picked
dyn_pax_3175,20109.0,2026-07-03 14:35:09,-1011529829#3,residential|restaurant,,246.84006179949273,776.1178104815556,37.49846619888778,127.02359312469504,20227.0,118.0,taxi_respawn_340,picked
dyn_pax_3176,20129.0,2026-07-03 14:35:29,375049565#6,restaurant|subway_entrance|bus_stop,,789.5153251748014,798.8522330112556,37.49877353199428,127.02972351946808,20187.0,58.0,taxi_respawn_229,picked
dyn_pax_3177,20131.0,2026-07-03 14:35:31,-117790045#1,restaurant,,534.0975884889299,1266.9858058167179,37.502942402865294,127.02672459950128,20173.0,42.0,taxi_respawn_181,picked
dyn_pax_3178,20135.0,2026-07-03 14:35:35,504227067#0,restaurant,,638.7551174354396,526.833121212444,37.49629464408366,127.02808339614947,20189.0,54.0,taxi_41,picked
dyn_pax_3179,20141.0,2026-07-03 14:35:41,117790062#7,restaurant,,610.3314045210797,1078.999817662281,37.50126336859982,127.02763115548898,20203.0,62.0,taxi_respawn_269,picked
dyn_pax_3180,20148.0,2026-07-03 14:35:48,129731858#2,restaurant,,783.9672744139122,855.548332172334,37.49928322221005,127.02964736483162,20187.0,39.0,taxi_respawn_31,picked
dyn_pax_3181,20199.0,2026-07-03 14:36:39,-129731858#1,restaurant,,779.3164249772793,838.8541978668718,37.49913195860003,127.0295987323456,20230.0,31.0,taxi_respawn_251,picked
dyn_pax_3182,20204.0,2026-07-03 14:36:44,-239954462#0,company,,177.59108854633376,1424.6091910087337,37.50429488616932,127.02265605240045,20242.0,38.0,taxi_respawn_349,picked
dyn_pax_3183,20221.0,2026-07-03 14:37:01,117790041#2,restaurant,,441.66460303662666,1376.669936706078,37.50391299976682,127.0256534125234,20255.0,34.0,taxi_respawn_299,picked
dyn_pax_3184,20240.0,2026-07-03 14:37:20,-417750336#5,restaurant,,886.0343029737398,891.1232225857099,37.499622942823265,127.030792984823,20310.0,70.0,taxi_respawn_312,picked
dyn_pax_3185,20245.0,2026-07-03 14:37:25,-417750354#1,restaurant,,946.150029211292,974.2465578508335,37.500383078435064,127.03145303198383,20295.0,50.0,taxi_respawn_347,picked
dyn_pax_3186,20265.0,2026-07-03 14:37:45,-379463134#1,restaurant,,479.36604535588674,1259.6870258351425,37.50286630987452,127.02610747054479,20456.0,191.0,taxi_respawn_253,picked
dyn_pax_3187,20265.0,2026-07-03 14:37:45,-379232133,restaurant,,887.8909311741835,528.8139035551092,37.496359489964284,127.03089971288236,20301.0,36.0,taxi_respawn_282,picked
dyn_pax_3188,20275.0,2026-07-03 14:37:55,1229817205#1,residential|bus_stop,,631.6400080768872,572.7061575261558,37.49670653972221,127.02799208080955,20313.0,38.0,taxi_respawn_288,picked
dyn_pax_3189,20311.0,2026-07-03 14:38:31,-417750337#6,restaurant,,503.6615133291097,1089.1021319971503,37.50133422142063,127.0264226479345,20350.0,39.0,taxi_respawn_213,picked
dyn_pax_3190,20322.0,2026-07-03 14:38:42,521766182#1,company|restaurant|subway_entrance,,681.695169875507,539.6867345716422,37.496418539503196,127.02856584056028,20362.0,40.0,taxi_respawn_337,picked
dyn_pax_3191,20328.0,2026-07-03 14:38:48,379463130#0,restaurant,,544.1425087303844,1128.5419490598922,37.501697156429024,127.02687101205116,20361.0,33.0,taxi_respawn_291,picked
dyn_pax_3192,20330.0,2026-07-03 14:38:50,417750337#2,restaurant,,602.0112566641748,1239.22102407953,37.50270511928559,127.02749909599581,20355.0,25.0,taxi_respawn_309,picked
dyn_pax_3193,20335.0,2026-07-03 14:38:55,-417933642#1,restaurant,,972.7851169931362,629.1778231901285,37.49727960321316,127.03183581048214,20355.0,20.0,taxi_respawn_199,picked
dyn_pax_3194,20345.0,2026-07-03 14:39:05,805827757#0,restaurant,,762.3138727549854,912.1862152730512,37.49978934916138,127.02938912364917,20420.0,75.0,taxi_respawn_265,picked
dyn_pax_3195,20352.0,2026-07-03 14:39:12,417750337#3,restaurant,,561.9223834850405,1183.7905002369655,37.50219821136863,127.02705894855978,,,,timeout
dyn_pax_3196,20363.0,2026-07-03 14:39:23,521770116#2,company|restaurant|bus_stop,,432.3182248087171,1108.514093563608,37.50149560521279,127.02561136613096,20462.0,99.0,taxi_respawn_173,picked
dyn_pax_3197,20371.0,2026-07-03 14:39:31,-1011529829#3,residential|restaurant,,246.84006179949273,776.1178104815556,37.49846619888778,127.02359312469504,20410.0,39.0,taxi_respawn_278,picked
dyn_pax_3198,20381.0,2026-07-03 14:39:41,-256787796#5,restaurant,,631.1882908445458,865.4152262944223,37.499343270516576,127.02791760566556,20434.0,53.0,taxi_respawn_334,picked
dyn_pax_3199,20391.0,2026-07-03 14:39:51,1056882877#3,residential|company|restaurant,,365.79280968467333,433.0557487307964,37.495398294451746,127.02501948586043,20452.0,61.0,taxi_respawn_204,picked
dyn_pax_3200,20421.0,2026-07-03 14:40:21,1229817205#1,residential|bus_stop,,631.6400080768872,572.7061575261558,37.49670653972221,127.02799208080955,20535.0,114.0,taxi_respawn_324,picked
dyn_pax_3201,20424.0,2026-07-03 14:40:24,375049565#6,restaurant|subway_entrance|bus_stop,,789.5153251748014,798.8522330112556,37.49877353199428,127.02972351946808,20492.0,68.0,taxi_respawn_325,picked
dyn_pax_3202,20425.0,2026-07-03 14:40:25,305539406,company|restaurant|subway_entrance,,566.389495917364,736.5285064605782,37.49816998085155,127.02721550408178,20474.0,49.0,taxi_respawn_200,picked
dyn_pax_3203,20426.0,2026-07-03 14:40:26,-417933645#2,company|restaurant|subway_entrance,,701.1658676593129,719.5455833044954,37.49804244093877,127.02874337560036,20497.0,71.0,taxi_respawn_238,picked
dyn_pax_3204,20434.0,2026-07-03 14:40:34,1117538957#0,company|restaurant,,312.91680439510856,589.5311930299885,37.49679787270139,127.0243845203811,20484.0,50.0,taxi_respawn_307,picked
dyn_pax_3205,20489.0,2026-07-03 14:41:29,521766182#1,company|restaurant|subway_entrance,,681.695169875507,539.6867345716422,37.496418539503196,127.02856584056028,20583.0,94.0,taxi_respawn_172,picked
dyn_pax_3206,20490.0,2026-07-03 14:41:30,417933646#0,restaurant,,894.2617302193242,410.3206078764906,37.49529326349135,127.03099977850056,20578.0,88.0,taxi_respawn_338,picked
dyn_pax_3207,20494.0,2026-07-03 14:41:34,-417750354#1,restaurant,,946.150029211292,974.2465578508335,37.500383078435064,127.03145303198383,20552.0,58.0,taxi_respawn_177,picked
dyn_pax_3208,20497.0,2026-07-03 14:41:37,417933646#0,restaurant,,894.2617302193242,410.3206078764906,37.49529326349135,127.03099977850056,20583.0,86.0,taxi_respawn_292,picked
dyn_pax_3209,20517.0,2026-07-03 14:41:57,523141074#0,company|restaurant|subway_entrance,,524.0338794858329,871.4890157117229,37.4993777454413,127.02670460634431,20530.0,13.0,taxi_respawn_343,picked
dyn_pax_3210,20518.0,2026-07-03 14:41:58,417933642#2,residential|restaurant,,976.5976168723116,645.9370182109647,37.49743129415275,127.0318749523804,20591.0,73.0,taxi_respawn_297,picked
dyn_pax_3211,20545.0,2026-07-03 14:42:25,1056882877#3,residential|company|restaurant,,365.79280968467333,433.0557487307964,37.495398294451746,127.02501948586043,20638.0,93.0,taxi_respawn_350,picked
dyn_pax_3212,20555.0,2026-07-03 14:42:35,521770119#1,restaurant|bus_stop,,527.3115514435282,995.8620162900467,37.50049875494786,127.02671217090477,20593.0,38.0,taxi_respawn_264,picked
dyn_pax_3213,20555.0,2026-07-03 14:42:35,-504509918#2,company|restaurant|bus_stop,,398.9694242295193,827.4758220967593,37.49895762305832,127.02530099003066,20617.0,62.0,taxi_respawn_320,picked
dyn_pax_3214,20565.0,2026-07-03 14:42:45,379463134#2,restaurant,,492.9894267673794,1254.822149661426,37.50282506050825,127.0262626667944,20636.0,71.0,taxi_respawn_332,picked
dyn_pax_3215,20580.0,2026-07-03 14:43:00,417933645#2,residential|company|restaurant,,757.7944798520502,568.4010952306102,37.496691568512986,127.02941943794849,20608.0,28.0,taxi_respawn_213,picked
dyn_pax_3216,20590.0,2026-07-03 14:43:10,-117790045#0,restaurant,,544.8147652988505,1238.053441474183,37.50268379633789,127.0268526423962,20671.0,81.0,taxi_respawn_140,picked
dyn_pax_3217,20595.0,2026-07-03 14:43:15,521766180#1,company|restaurant|bus_stop,,466.73410130235357,1169.2838037446552,37.502049542882666,127.02598608796039,20718.0,123.0,taxi_41,picked
dyn_pax_3218,20605.0,2026-07-03 14:43:25,521770116#2,company|restaurant|bus_stop,,432.3182248087171,1108.514093563608,37.50149560521279,127.02561136613096,20648.0,43.0,taxi_respawn_312,picked
dyn_pax_3219,20633.0,2026-07-03 14:43:53,218877837#0,company,,455.71990885566936,1045.563527646426,37.50093295148158,127.02589090425857,20648.0,15.0,taxi_respawn_347,picked
dyn_pax_3220,20640.0,2026-07-03 14:44:00,129731859#6,restaurant,,984.8051641629477,982.1134039896856,37.50046123095764,127.0318882391282,20663.0,23.0,taxi_respawn_348,picked
dyn_pax_3221,20650.0,2026-07-03 14:44:10,521766175#3,company|restaurant|subway_entrance|bus_stop,,373.6701172395771,1298.610217621072,37.50319695740621,127.02490310718325,20728.0,78.0,taxi_respawn_280,picked
dyn_pax_3222,20657.0,2026-07-03 14:44:17,-256787796#8,restaurant,,666.7735412908731,765.3811461974922,37.49844885044044,127.02834365925706,20728.0,71.0,taxi_respawn_325,picked
dyn_pax_3223,20673.0,2026-07-03 14:44:33,309155295#2,restaurant,,836.915506927576,584.1196133409687,37.49684809051661,127.03031028233906,20711.0,38.0,taxi_respawn_334,picked
dyn_pax_3224,20693.0,2026-07-03 14:44:53,1229817205#0,company|subway_entrance|bus_stop,,599.2457558679199,652.2907550986157,37.497417346160496,127.02760695963683,20723.0,30.0,taxi_respawn_340,picked
dyn_pax_3225,20701.0,2026-07-03 14:45:01,628232693#0,company|restaurant,,644.2623295929467,660.168099777976,37.49749680792099,127.0281140674837,20719.0,18.0,taxi_respawn_135,picked
dyn_pax_3226,20713.0,2026-07-03 14:45:13,-26163000#3,restaurant,,588.7487146070255,1286.0705793093782,37.50312464930957,127.02733802606956,20775.0,62.0,taxi_respawn_231,picked
dyn_pax_3227,20719.0,2026-07-03 14:45:19,628232693#0,company|restaurant,,644.2623295929467,660.168099777976,37.49749680792099,127.0281140674837,20785.0,66.0,taxi_respawn_352,picked
dyn_pax_3228,20721.0,2026-07-03 14:45:21,1011529829#0,school,,381.1393135972994,834.2751815073392,37.49901550234899,127.0250977784903,20810.0,89.0,taxi_respawn_331,picked
dyn_pax_3229,20725.0,2026-07-03 14:45:25,-309155295#4,residential|restaurant,,966.4689567179357,639.4784987131154,37.49737120494098,127.0317619612052,20814.0,89.0,taxi_respawn_291,picked
dyn_pax_3230,20730.0,2026-07-03 14:45:30,256787796#6,restaurant,,626.4884087870183,851.7135990963859,37.499218954480725,127.02786771303293,20789.0,59.0,taxi_respawn_344,picked
dyn_pax_3231,20736.0,2026-07-03 14:45:36,523141074#0,company|restaurant|subway_entrance,,524.0338794858329,871.4890157117229,37.4993777454413,127.02670460634431,20802.0,66.0,taxi_respawn_83,picked
dyn_pax_3232,20756.0,2026-07-03 14:45:56,480850873,company|restaurant|bus_stop,,548.1935052770749,708.5896639848544,37.49791486187585,127.0270163956136,20776.0,20.0,taxi_respawn_337,picked
dyn_pax_3233,20759.0,2026-07-03 14:45:59,417933646#2,residential|restaurant,,830.3119525357222,594.5819430897021,37.496941093289735,127.0302331440542,20768.0,9.0,taxi_respawn_307,picked
dyn_pax_3234,20769.0,2026-07-03 14:46:09,26163000#0,restaurant,,655.1679463942612,1215.3400880972458,37.50250003106797,127.02810580802628,20839.0,70.0,taxi_38,picked
dyn_pax_3235,20792.0,2026-07-03 14:46:32,628232693#0,company|restaurant,,644.2623295929467,660.168099777976,37.49749680792099,127.0281140674837,20834.0,42.0,taxi_respawn_319,picked
dyn_pax_3236,20809.0,2026-07-03 14:46:49,-542367267#1,bus_stop,,247.51018316686128,1414.7184918773391,37.504219024473855,127.02344900430944,20888.0,79.0,taxi_respawn_320,picked
dyn_pax_3237,20813.0,2026-07-03 14:46:53,-417933646#1,residential|restaurant,,826.6019869456061,577.8075382253838,37.49678928421788,127.03019516859905,20833.0,20.0,taxi_respawn_350,picked
dyn_pax_3238,20825.0,2026-07-03 14:47:05,379463134#2,restaurant,,492.9894267673794,1254.822149661426,37.50282506050825,127.0262626667944,20908.0,83.0,taxi_respawn_229,picked
dyn_pax_3239,20837.0,2026-07-03 14:47:17,117790062#7,restaurant,,610.3314045210797,1078.999817662281,37.50126336859982,127.02763115548898,21073.0,236.0,taxi_respawn_273,picked
dyn_pax_3240,20877.0,2026-07-03 14:47:57,417933642#2,residential|restaurant,,976.5976168723116,645.9370182109647,37.49743129415275,127.0318749523804,20910.0,33.0,taxi_respawn_354,picked
dyn_pax_3241,20888.0,2026-07-03 14:48:08,520307304#2,restaurant,,553.737131666575,902.6336565846188,37.499663917706236,127.02703306650038,20951.0,63.0,taxi_respawn_353,picked
dyn_pax_3242,20905.0,2026-07-03 14:48:25,239962780#1,company|restaurant,,78.091042197054,1418.7355011637856,37.504223128704645,127.02153236485597,20951.0,46.0,taxi_respawn_302,picked
dyn_pax_3243,20921.0,2026-07-03 14:48:41,218877837#2,company|restaurant|bus_stop,,479.4555212141038,978.0213907550284,37.500328997763305,127.02617530290202,21010.0,89.0,taxi_respawn_280,picked
dyn_pax_3244,20928.0,2026-07-03 14:48:48,557469234,restaurant,,982.7249512156621,987.801549540822,37.50051207965727,127.03186337298402,21007.0,79.0,taxi_respawn_140,picked
dyn_pax_3245,20986.0,2026-07-03 14:49:46,117790045#2,restaurant,,537.9561568342307,1283.7183624175188,37.50309386389003,127.02676426064505,21024.0,38.0,taxi_38,picked
dyn_pax_3246,20991.0,2026-07-03 14:49:51,-417933645#2,company|restaurant|subway_entrance,,701.1658676593129,719.5455833044954,37.49804244093877,127.02874337560036,21039.0,48.0,taxi_respawn_83,picked
dyn_pax_3247,21013.0,2026-07-03 14:50:13,256787796#8,restaurant,,646.6563496183319,793.2391486514691,37.49869600620777,127.02810960194483,21101.0,88.0,taxi_respawn_135,picked
dyn_pax_3248,21052.0,2026-07-03 14:50:52,256787796#6,restaurant,,626.4884087870183,851.7135990963859,37.499218954480725,127.02786771303293,21104.0,52.0,taxi_respawn_330,picked
dyn_pax_3249,21066.0,2026-07-03 14:51:06,-117790045#2,restaurant,,502.6238788004042,1360.6315306450858,37.50378004402999,127.0263465049606,21147.0,81.0,taxi_respawn_290,picked
dyn_pax_3250,21066.0,2026-07-03 14:51:06,-417750337#1,restaurant,,620.0756768942672,1248.4347545200121,37.5027915312318,127.02770116938098,21153.0,87.0,taxi_respawn_329,picked
dyn_pax_3251,21066.0,2026-07-03 14:51:06,-542367267#0,company,,179.75773525047865,1390.7576253945435,37.50399035207237,127.02268859703804,21132.0,66.0,taxi_41,picked
dyn_pax_3252,21080.0,2026-07-03 14:51:20,506191135#3,residential|company|restaurant|bus_stop,,238.79972345576414,789.4714057742513,37.49858497042428,127.023499044737,21169.0,89.0,taxi_respawn_362,picked
dyn_pax_3253,21088.0,2026-07-03 14:51:28,1117538957#3,restaurant|subway_entrance|bus_stop,,465.5082521847807,644.8780924026132,37.49732530507706,127.02609663221197,21128.0,40.0,taxi_respawn_31,picked
dyn_pax_3254,21089.0,2026-07-03 14:51:29,-117823785#1,restaurant,,983.1954817367493,635.6880668681273,37.49734021138362,127.03195197441553,21174.0,85.0,taxi_respawn_253,picked
dyn_pax_3255,21110.0,2026-07-03 14:51:50,117823785#0,company|restaurant,,1360.8740206736493,851.0492627492013,37.499351351792384,127.0361713398344,21217.0,107.0,taxi_respawn_346,picked
dyn_pax_3256,21113.0,2026-07-03 14:51:53,1117538957#0,company|restaurant,,312.91680439510856,589.5311930299885,37.49679787270139,127.0243845203811,21160.0,47.0,taxi_respawn_360,picked
dyn_pax_3257,21124.0,2026-07-03 14:52:04,-129731858#3,restaurant,,760.2046779472714,898.6469063162286,37.49966698472747,127.02936848203807,21201.0,77.0,taxi_respawn_229,picked
dyn_pax_3258,21132.0,2026-07-03 14:52:12,-379232155,restaurant,,999.2800162208075,449.1965960198298,37.495663263085994,127.03217793178025,21242.0,110.0,taxi_respawn_190,picked
dyn_pax_3259,21142.0,2026-07-03 14:52:22,-117823785#1,restaurant,,983.1954817367493,635.6880668681273,37.49734021138362,127.03195197441553,21224.0,82.0,taxi_respawn_364,picked
dyn_pax_3260,21152.0,2026-07-03 14:52:32,-504227067#3,restaurant,,527.7289520354611,471.5483450335965,37.495775653483,127.02684121970124,21210.0,58.0,taxi_respawn_320,picked
dyn_pax_3261,21157.0,2026-07-03 14:52:37,1056882877#3,residential|company|restaurant,,365.79280968467333,433.0557487307964,37.495398294451746,127.02501948586043,21217.0,60.0,taxi_respawn_294,picked
dyn_pax_3262,21170.0,2026-07-03 14:52:50,-417750336#3,school|company,,868.1859178511071,948.5147012398835,37.50013657861005,127.03057759421064,21188.0,18.0,taxi_respawn_140,picked
dyn_pax_3263,21177.0,2026-07-03 14:52:57,-417750337#1,restaurant,,620.0756768942672,1248.4347545200121,37.5027915312318,127.02770116938098,21195.0,18.0,taxi_respawn_301,picked
dyn_pax_3264,21185.0,2026-07-03 14:53:05,-256787796#4,restaurant,,620.2926176327408,895.5374521094307,37.49961256354246,127.02778727239327,21273.0,88.0,taxi_respawn_299,picked
dyn_pax_3265,21195.0,2026-07-03 14:53:15,-417933646#4,company|restaurant,,761.9867537178288,747.7080569325292,37.49830761500862,127.02942437673002,21265.0,70.0,taxi_respawn_297,picked
dyn_pax_3266,21207.0,2026-07-03 14:53:27,129731859#1,restaurant,,770.318180095484,905.1374216517651,37.499727361620906,127.02948129560598,21270.0,63.0,taxi_respawn_213,picked
dyn_pax_3267,21250.0,2026-07-03 14:54:10,178441450#1,residential|company|restaurant|bus_stop,,282.90243066757296,609.4157395563556,37.496971320837204,127.02404044855805,21341.0,91.0,taxi_respawn_264,picked
dyn_pax_3268,21258.0,2026-07-03 14:54:18,802110008,restaurant,,567.9368588148042,1294.4290295528247,37.503196013251454,127.02710071947062,21313.0,55.0,taxi_respawn_199,picked
dyn_pax_3269,21270.0,2026-07-03 14:54:30,-26163000#3,restaurant,,588.7487146070255,1286.0705793093782,37.50312464930957,127.02733802606956,21324.0,54.0,taxi_respawn_356,picked
dyn_pax_3270,21283.0,2026-07-03 14:54:43,417933646#0,restaurant,,894.2617302193242,410.3206078764906,37.49529326349135,127.03099977850056,21346.0,63.0,taxi_respawn_359,picked
dyn_pax_3271,21303.0,2026-07-03 14:55:03,-376649996#1,company,,349.947152138941,1.6182517984103069,37.49150877654974,127.02494272030683,21441.0,138.0,taxi_respawn_358,picked
dyn_pax_3272,21306.0,2026-07-03 14:55:06,504227067#0,restaurant,,638.7551174354396,526.833121212444,37.49629464408366,127.02808339614947,21397.0,91.0,taxi_respawn_340,picked
dyn_pax_3273,21326.0,2026-07-03 14:55:26,-504227067#3,restaurant,,527.7289520354611,471.5483450335965,37.495775653483,127.02684121970124,21391.0,65.0,taxi_respawn_363,picked
dyn_pax_3274,21364.0,2026-07-03 14:56:04,542367267#1,company|restaurant,,199.26981683313872,1381.121508122661,37.50390724154084,127.02291151664822,21442.0,78.0,taxi_respawn_265,picked
dyn_pax_3275,21369.0,2026-07-03 14:56:09,-117790031#1,restaurant,,730.7814463439225,1053.3410552584976,37.501054966737435,127.02899915797848,21433.0,64.0,taxi_respawn_135,picked
dyn_pax_3276,21373.0,2026-07-03 14:56:13,504512001,restaurant,,488.2111633916996,684.0143948730154,37.497682147346794,127.02634403725544,21439.0,66.0,taxi_respawn_329,picked
dyn_pax_3277,21403.0,2026-07-03 14:56:43,-117790031#1,restaurant,,730.7814463439225,1053.3410552584976,37.501054966737435,127.02899915797848,21439.0,36.0,taxi_respawn_303,picked
dyn_pax_3278,21420.0,2026-07-03 14:57:00,117790045#2,restaurant,,537.9561568342307,1283.7183624175188,37.50309386389003,127.02676426064505,21439.0,19.0,taxi_respawn_231,picked
dyn_pax_3279,21422.0,2026-07-03 14:57:02,504512001,restaurant,,488.2111633916996,684.0143948730154,37.497682147346794,127.02634403725544,21525.0,103.0,taxi_respawn_270,picked
dyn_pax_3280,21424.0,2026-07-03 14:57:04,-506191135#22,residential|company|restaurant|bus_stop,,38.693950105848444,1321.9513167019495,37.50334380565249,127.02110990869835,21498.0,74.0,taxi_respawn_346,picked
dyn_pax_3281,21449.0,2026-07-03 14:57:29,1056882877#3,residential|company|restaurant,,365.79280968467333,433.0557487307964,37.495398294451746,127.02501948586043,21535.0,86.0,taxi_respawn_253,picked
dyn_pax_3282,21454.0,2026-07-03 14:57:34,-256787796#4,restaurant,,620.2926176327408,895.5374521094307,37.49961256354246,127.02778727239327,21493.0,39.0,taxi_respawn_324,picked
dyn_pax_3283,21490.0,2026-07-03 14:58:10,117790039#3,restaurant,,1021.8645860465238,1004.4924062015546,37.500669811640854,127.03230197280303,21589.0,99.0,taxi_38,picked
dyn_pax_3284,21500.0,2026-07-03 14:58:20,-309155295#4,residential|restaurant,,966.4689567179357,639.4784987131154,37.49737120494098,127.0317619612052,21587.0,87.0,taxi_respawn_365,picked
dyn_pax_3285,21534.0,2026-07-03 14:58:54,129731857#1,residential|restaurant,,656.8212873140518,799.6615847813327,37.498755780674834,127.02822301071001,21574.0,40.0,taxi_respawn_369,picked
dyn_pax_3286,21542.0,2026-07-03 14:59:02,-1011529829#3,residential|restaurant,,246.84006179949273,776.1178104815556,37.49846619888778,127.02359312469504,21622.0,80.0,taxi_respawn_190,picked
dyn_pax_3287,21545.0,2026-07-03 14:59:05,-117790045#0,restaurant,,544.8147652988505,1238.053441474183,37.50268379633789,127.0268526423962,21617.0,72.0,taxi_respawn_348,picked
dyn_pax_3288,21555.0,2026-07-03 14:59:15,417933645#0,residential|restaurant,,823.1026288816429,385.61625104994533,37.49505730126708,127.03020109557775,21669.0,114.0,taxi_respawn_291,picked
dyn_pax_3289,21568.0,2026-07-03 14:59:28,379463130#0,restaurant,,544.1425087303844,1128.5419490598922,37.501697156429024,127.02687101205116,21708.0,140.0,taxi_respawn_338,picked
dyn_pax_3290,21578.0,2026-07-03 14:59:38,520307304#0,school|subway_entrance|bus_stop,,602.6035134310263,763.145495629718,37.498416594724866,127.02761864854104,21647.0,69.0,taxi_respawn_352,picked
dyn_pax_3291,21581.0,2026-07-03 14:59:41,417933646#2,residential|restaurant,,830.3119525357222,594.5819430897021,37.496941093289735,127.0302331440542,21682.0,101.0,taxi_respawn_31,picked
dyn_pax_3292,21616.0,2026-07-03 15:00:16,-379232133,restaurant,,887.8909311741835,528.8139035551092,37.496359489964284,127.03089971288236,21702.0,86.0,taxi_respawn_358,picked
dyn_pax_3293,21619.0,2026-07-03 15:00:19,117790045#3,restaurant,,504.6202003222114,1382.6101305390487,37.50397841113055,127.02636386411817,21688.0,69.0,taxi_respawn_325,picked
dyn_pax_3294,21633.0,2026-07-03 15:00:33,129731721#0,company|restaurant,,451.4485582282947,673.334514427724,37.497578992002325,127.0259309178301,21674.0,41.0,taxi_respawn_306,picked
dyn_pax_3295,21635.0,2026-07-03 15:00:35,-417933645#2,company|restaurant|subway_entrance,,701.1658676593129,719.5455833044954,37.49804244093877,127.02874337560036,21720.0,85.0,taxi_respawn_205,picked
dyn_pax_3296,21657.0,2026-07-03 15:00:57,-129731857#2,restaurant,,875.7452923990509,884.8037873845144,37.499564075208866,127.03067814538078,21674.0,17.0,taxi_respawn_369,picked
dyn_pax_3297,21686.0,2026-07-03 15:01:26,521770116#2,company|restaurant|bus_stop,,432.3182248087171,1108.514093563608,37.50149560521279,127.02561136613096,21751.0,65.0,taxi_respawn_253,picked
dyn_pax_3298,21709.0,2026-07-03 15:01:49,521766175#3,company|restaurant|subway_entrance|bus_stop,,373.6701172395771,1298.610217621072,37.50319695740621,127.02490310718325,21804.0,95.0,taxi_respawn_327,picked
dyn_pax_3299,21714.0,2026-07-03 15:01:54,-309155295#0,restaurant,,747.4684617800942,561.8059110120743,37.49663020867341,127.0293042509181,21824.0,110.0,taxi_respawn_312,picked
dyn_pax_3300,21742.0,2026-07-03 15:02:22,-117790045#0,restaurant,,544.8147652988505,1238.053441474183,37.50268379633789,127.0268526423962,21805.0,63.0,taxi_respawn_164,picked
dyn_pax_3301,21742.0,2026-07-03 15:02:22,218873820#0,restaurant|subway_entrance|bus_stop,,628.9829311132032,562.4061665928522,37.49661325243901,127.02796447999128,21802.0,60.0,taxi_respawn_343,picked
dyn_pax_3302,21747.0,2026-07-03 15:02:27,379463130#0,restaurant,,544.1425087303844,1128.5419490598922,37.501697156429024,127.02687101205116,21794.0,47.0,taxi_respawn_353,picked
dyn_pax_3303,21757.0,2026-07-03 15:02:37,521766175#1,company|restaurant|subway_entrance,,332.9365590021661,1411.5585828157227,37.504206724109,127.02441570308932,21800.0,43.0,taxi_respawn_213,picked
dyn_pax_3304,21779.0,2026-07-03 15:02:59,256787796#2,restaurant,,573.8171824012851,1000.9225059734806,37.50055312725627,127.02723680274495,21810.0,31.0,taxi_respawn_248,picked
dyn_pax_3305,21782.0,2026-07-03 15:03:02,129731721#0,company|restaurant,,451.4485582282947,673.334514427724,37.497578992002325,127.0259309178301,21889.0,107.0,taxi_respawn_191,picked
dyn_pax_3306,21798.0,2026-07-03 15:03:18,-26163000#3,restaurant,,588.7487146070255,1286.0705793093782,37.50312464930957,127.02733802606956,21865.0,67.0,taxi_respawn_354,picked
dyn_pax_3307,21813.0,2026-07-03 15:03:33,-26163000#1,restaurant,,613.3034084576574,1234.0026207389662,37.50266024308643,127.02762801542576,21858.0,45.0,taxi_respawn_251,picked
dyn_pax_3308,21815.0,2026-07-03 15:03:35,1117538957#3,restaurant|subway_entrance|bus_stop,,465.5082521847807,644.8780924026132,37.49732530507706,127.02609663221197,21853.0,38.0,taxi_respawn_360,picked
dyn_pax_3309,21831.0,2026-07-03 15:03:51,129731859#0,restaurant,,636.6446621144157,858.1896913104493,37.49927921090336,127.0279810114602,21851.0,20.0,taxi_respawn_292,picked
dyn_pax_3310,21852.0,2026-07-03 15:04:12,-26163000#1,restaurant,,613.3034084576574,1234.0026207389662,37.50266024308643,127.02762801542576,21920.0,68.0,taxi_respawn_200,picked
dyn_pax_3311,21863.0,2026-07-03 15:04:23,129731834#0,school,,229.35227593843302,780.2499709424674,37.498500113124294,127.02339441737757,21911.0,48.0,taxi_respawn_357,picked
dyn_pax_3312,21872.0,2026-07-03 15:04:32,129731859#0,restaurant,,636.6446621144157,858.1896913104493,37.49927921090336,127.0279810114602,21934.0,62.0,taxi_respawn_31,picked
dyn_pax_3313,21948.0,2026-07-03 15:05:48,-1537068129#0,restaurant,,962.1540281232122,1146.7630824504436,37.50194018104768,127.03159317410272,22005.0,57.0,taxi_respawn_359,picked
dyn_pax_3314,21958.0,2026-07-03 15:05:58,117790041#2,restaurant,,441.66460303662666,1376.669936706078,37.50391299976682,127.0256534125234,21982.0,24.0,taxi_respawn_253,picked
dyn_pax_3315,21970.0,2026-07-03 15:06:10,-417933642#4,restaurant,,907.3718228697127,805.8014682006251,37.49885835910486,127.03105443169989,22059.0,89.0,taxi_respawn_348,picked
dyn_pax_3316,22046.0,2026-07-03 15:07:26,521766175#1,company|restaurant|subway_entrance,,332.9365590021661,1411.5585828157227,37.504206724109,127.02441570308932,22087.0,41.0,taxi_respawn_379,picked
dyn_pax_3317,22120.0,2026-07-03 15:08:40,218857636#1,residential|company|restaurant|bus_stop,,297.92905089287035,623.2061345250047,37.49709839153085,127.02420706961871,22153.0,33.0,taxi_respawn_177,picked
dyn_pax_3318,22123.0,2026-07-03 15:08:43,309155295#2,restaurant,,836.915506927576,584.1196133409687,37.49684809051661,127.03031028233906,22179.0,56.0,taxi_respawn_135,picked
dyn_pax_3319,22170.0,2026-07-03 15:09:30,129731859#1,restaurant,,770.318180095484,905.1374216517651,37.499727361620906,127.02948129560598,22221.0,51.0,taxi_respawn_352,picked
dyn_pax_3320,22172.0,2026-07-03 15:09:32,1229817205#0,company|subway_entrance|bus_stop,,599.2457558679199,652.2907550986157,37.497417346160496,127.02760695963683,22242.0,70.0,taxi_respawn_164,picked
dyn_pax_3321,22178.0,2026-07-03 15:09:38,-417750354#1,restaurant,,946.150029211292,974.2465578508335,37.500383078435064,127.03145303198383,22216.0,38.0,taxi_respawn_378,picked
dyn_pax_3322,22193.0,2026-07-03 15:09:53,1229817205#1,residential|bus_stop,,631.6400080768872,572.7061575261558,37.49670653972221,127.02799208080955,22255.0,62.0,taxi_respawn_147,picked
dyn_pax_3323,22195.0,2026-07-03 15:09:55,521766182#1,company|restaurant|subway_entrance,,681.695169875507,539.6867345716422,37.496418539503196,127.02856584056028,22242.0,47.0,taxi_respawn_325,picked
dyn_pax_3324,22198.0,2026-07-03 15:09:58,-417933646#1,residential|restaurant,,826.6019869456061,577.8075382253838,37.49678928421788,127.03019516859905,22233.0,35.0,taxi_respawn_205,picked
dyn_pax_3325,22215.0,2026-07-03 15:10:15,129731721#0,company|restaurant,,451.4485582282947,673.334514427724,37.497578992002325,127.0259309178301,22294.0,79.0,taxi_respawn_346,picked
dyn_pax_3326,22241.0,2026-07-03 15:10:41,129733424#1,restaurant,,625.7652907028337,1027.567371479777,37.50080296382065,127.02781785674841,22286.0,45.0,taxi_respawn_365,picked
dyn_pax_3327,22293.0,2026-07-03 15:11:33,-504509918#2,company|restaurant|bus_stop,,398.9694242295193,827.4758220967593,37.49895762305832,127.02530099003066,22328.0,35.0,taxi_respawn_348,picked
dyn_pax_3328,22294.0,2026-07-03 15:11:34,-504227066#3,restaurant,,449.3214735737982,636.1754008755333,37.497243849267164,127.02591568328045,22340.0,46.0,taxi_respawn_379,picked
dyn_pax_3329,22296.0,2026-07-03 15:11:36,-256787796#5,restaurant,,631.1882908445458,865.4152262944223,37.499343270516576,127.02791760566556,22328.0,32.0,taxi_respawn_181,picked
dyn_pax_3330,22298.0,2026-07-03 15:11:38,-129731834#1,residential,,78.2122165689223,720.9585140244731,37.49793738265588,127.02169964763026,22375.0,77.0,taxi_respawn_354,picked
dyn_pax_3331,22311.0,2026-07-03 15:11:51,-117790039#2,company|restaurant,,1017.0012393074795,990.846024966068,37.5005459641277,127.03225021068775,22340.0,29.0,taxi_respawn_358,picked
dyn_pax_3332,22314.0,2026-07-03 15:11:54,523141074#0,company|restaurant|subway_entrance,,524.0338794858329,871.4890157117229,37.4993777454413,127.02670460634431,22331.0,17.0,taxi_respawn_270,picked
dyn_pax_3333,22359.0,2026-07-03 15:12:39,-417750354#1,restaurant,,946.150029211292,974.2465578508335,37.500383078435064,127.03145303198383,22407.0,48.0,taxi_respawn_355,picked
dyn_pax_3334,22432.0,2026-07-03 15:13:52,256787796#6,restaurant,,626.4884087870183,851.7135990963859,37.499218954480725,127.02786771303293,22473.0,41.0,taxi_respawn_328,picked
dyn_pax_3335,22435.0,2026-07-03 15:13:55,523141074#0,company|restaurant|subway_entrance,,524.0338794858329,871.4890157117229,37.4993777454413,127.02670460634431,22463.0,28.0,taxi_respawn_335,picked
dyn_pax_3336,22442.0,2026-07-03 15:14:02,-1011529829#3,residential|restaurant,,246.84006179949273,776.1178104815556,37.49846619888778,127.02359312469504,22528.0,86.0,taxi_respawn_199,picked
dyn_pax_3337,22495.0,2026-07-03 15:14:55,542367267#1,company|restaurant,,199.26981683313872,1381.121508122661,37.50390724154084,127.02291151664822,22520.0,25.0,taxi_respawn_290,picked
dyn_pax_3338,22498.0,2026-07-03 15:14:58,-376649996#1,company,,349.947152138941,1.6182517984103069,37.49150877654974,127.02494272030683,22590.0,92.0,taxi_respawn_303,picked
dyn_pax_3339,22518.0,2026-07-03 15:15:18,521766182#1,company|restaurant|subway_entrance,,681.695169875507,539.6867345716422,37.496418539503196,127.02856584056028,22574.0,56.0,taxi_respawn_368,picked
dyn_pax_3340,22581.0,2026-07-03 15:16:21,521766175#3,company|restaurant|subway_entrance|bus_stop,,373.6701172395771,1298.610217621072,37.50319695740621,127.02490310718325,22704.0,123.0,taxi_respawn_387,picked
dyn_pax_3341,22621.0,2026-07-03 15:17:01,523141074#0,company|restaurant|subway_entrance,,524.0338794858329,871.4890157117229,37.4993777454413,127.02670460634431,22642.0,21.0,taxi_respawn_270,picked
dyn_pax_3342,22661.0,2026-07-03 15:17:41,-805827765,restaurant,,955.7439147780814,1157.0835718820576,37.50203194319751,127.03151825266303,22713.0,52.0,taxi_respawn_147,picked
dyn_pax_3343,22666.0,2026-07-03 15:17:46,506191135#3,residential|company|restaurant|bus_stop,,238.79972345576414,789.4714057742513,37.49858497042428,127.023499044737,22703.0,37.0,taxi_respawn_324,picked
dyn_pax_3344,22684.0,2026-07-03 15:18:04,417750342#0,residential,,845.3624953099543,1340.16590884019,37.50366039527634,127.03022681464076,22813.0,129.0,taxi_respawn_297,picked
dyn_pax_3345,22724.0,2026-07-03 15:18:44,-417933646#4,company|restaurant,,761.9867537178288,747.7080569325292,37.49830761500862,127.02942437673002,22791.0,67.0,taxi_respawn_140,picked
dyn_pax_3346,22737.0,2026-07-03 15:18:57,417731530,company|restaurant,,191.66975375905443,1429.5779711342507,37.5043423120142,127.02281406437154,22790.0,53.0,taxi_respawn_354,picked
dyn_pax_3347,22830.0,2026-07-03 15:20:30,-506191135#22,residential|company|restaurant|bus_stop,,38.693950105848444,1321.9513167019495,37.50334380565249,127.02110990869835,22902.0,72.0,taxi_respawn_390,picked
dyn_pax_3348,22845.0,2026-07-03 15:20:45,480850873,company|restaurant|bus_stop,,548.1935052770749,708.5896639848544,37.49791486187585,127.0270163956136,22876.0,31.0,taxi_respawn_358,picked
dyn_pax_3349,22858.0,2026-07-03 15:20:58,417933645#2,residential|company|restaurant,,757.7944798520502,568.4010952306102,37.496691568512986,127.02941943794849,22908.0,50.0,taxi_respawn_363,picked
dyn_pax_3350,22896.0,2026-07-03 15:21:36,521766180#1,company|restaurant|bus_stop,,466.73410130235357,1169.2838037446552,37.502049542882666,127.02598608796039,22965.0,69.0,taxi_respawn_327,picked
dyn_pax_3351,22908.0,2026-07-03 15:21:48,542367267#1,company|restaurant,,199.26981683313872,1381.121508122661,37.50390724154084,127.02291151664822,22955.0,47.0,taxi_respawn_320,picked
dyn_pax_3352,22928.0,2026-07-03 15:22:08,-417933645#2,company|restaurant|subway_entrance,,701.1658676593129,719.5455833044954,37.49804244093877,127.02874337560036,23101.0,173.0,taxi_respawn_385,picked
dyn_pax_3353,22931.0,2026-07-03 15:22:11,129731720#0,residential|company|restaurant,,292.10678712231254,1113.150773394943,37.50151085547559,127.02402489828896,23025.0,94.0,taxi_respawn_199,picked
dyn_pax_3354,22991.0,2026-07-03 15:23:11,-557469300#1,restaurant,,739.5265057687212,1049.0561556697721,37.5010180173999,127.02909905278416,23080.0,89.0,taxi_respawn_375,picked
dyn_pax_3355,23007.0,2026-07-03 15:23:27,417933645#2,residential|company|restaurant,,757.7944798520502,568.4010952306102,37.496691568512986,127.02941943794849,23093.0,86.0,taxi_respawn_325,picked
dyn_pax_3356,23032.0,2026-07-03 15:23:52,417933646#2,residential|restaurant,,830.3119525357222,594.5819430897021,37.496941093289735,127.0302331440542,23081.0,49.0,taxi_respawn_140,picked
dyn_pax_3357,23095.0,2026-07-03 15:24:55,506191135#3,residential|company|restaurant|bus_stop,,238.79972345576414,789.4714057742513,37.49858497042428,127.023499044737,23108.0,13.0,taxi_respawn_389,picked
dyn_pax_3358,23133.0,2026-07-03 15:25:33,-417750354#0,residential,,923.3498430372201,1041.2071047119894,37.5009819832587,127.03117938951307,23194.0,61.0,taxi_respawn_391,picked
dyn_pax_3359,23160.0,2026-07-03 15:26:00,-129731721#2,company|restaurant,,388.6558839574922,820.9778890483499,37.49889713764622,127.02518592115393,23181.0,21.0,taxi_respawn_147,picked
dyn_pax_3360,23168.0,2026-07-03 15:26:08,-504509918#2,company|restaurant|bus_stop,,398.9694242295193,827.4758220967593,37.49895762305832,127.02530099003066,23276.0,108.0,taxi_respawn_363,picked
dyn_pax_3361,23198.0,2026-07-03 15:26:38,480850873,company|restaurant|bus_stop,,548.1935052770749,708.5896639848544,37.49791486187585,127.0270163956136,23233.0,35.0,taxi_respawn_320,picked
dyn_pax_3362,23201.0,2026-07-03 15:26:41,-417750337#0,restaurant,,672.8749254632385,1321.3640627464144,37.50345847130562,127.02828089713113,23262.0,61.0,taxi_respawn_352,picked
dyn_pax_3363,23233.0,2026-07-03 15:27:13,417731530,company|restaurant,,191.66975375905443,1429.5779711342507,37.5043423120142,127.02281406437154,23321.0,88.0,taxi_respawn_389,picked
dyn_pax_3364,23284.0,2026-07-03 15:28:04,521766175#3,company|restaurant|subway_entrance|bus_stop,,373.6701172395771,1298.610217621072,37.50319695740621,127.02490310718325,23384.0,100.0,taxi_respawn_395,picked
dyn_pax_3365,23289.0,2026-07-03 15:28:09,417933645#0,residential|restaurant,,823.1026288816429,385.61625104994533,37.49505730126708,127.03020109557775,23459.0,170.0,taxi_respawn_387,picked
dyn_pax_3366,23306.0,2026-07-03 15:28:26,-117790045#3,restaurant,,459.7597996777886,1476.3698694609513,37.50481454718326,127.02583436303603,23386.0,80.0,taxi_respawn_299,picked
dyn_pax_3367,23337.0,2026-07-03 15:28:57,379463134#4,restaurant,,574.4815382344308,1284.0756787717605,37.50310398350559,127.02717717678497,23553.0,216.0,taxi_respawn_380,picked
dyn_pax_3368,23349.0,2026-07-03 15:29:09,129731859#4,restaurant,,948.3176585840322,968.5888771831698,37.50033252074231,127.03147887955224,23414.0,65.0,taxi_respawn_213,picked
dyn_pax_3369,23359.0,2026-07-03 15:29:19,521770116#2,company|restaurant|bus_stop,,432.3182248087171,1108.514093563608,37.50149560521279,127.02561136613096,23433.0,74.0,taxi_respawn_391,picked
dyn_pax_3370,23362.0,2026-07-03 15:29:22,1011529829#0,school,,381.1393135972994,834.2751815073392,37.49901550234899,127.0250977784903,23423.0,61.0,taxi_respawn_372,picked
dyn_pax_3371,23417.0,2026-07-03 15:30:17,178441450#1,residential|company|restaurant|bus_stop,,282.90243066757296,609.4157395563556,37.496971320837204,127.02404044855805,23497.0,80.0,taxi_respawn_147,picked
dyn_pax_3372,23455.0,2026-07-03 15:30:55,-504227066#3,restaurant,,449.3214735737982,636.1754008755333,37.497243849267164,127.02591568328045,23474.0,19.0,taxi_respawn_392,picked
dyn_pax_3373,23470.0,2026-07-03 15:31:10,1056882877#3,residential|company|restaurant,,365.79280968467333,433.0557487307964,37.495398294451746,127.02501948586043,23561.0,91.0,taxi_respawn_303,picked
dyn_pax_3374,23478.0,2026-07-03 15:31:18,-417933645#2,company|restaurant|subway_entrance,,701.1658676593129,719.5455833044954,37.49804244093877,127.02874337560036,23554.0,76.0,taxi_respawn_375,picked
dyn_pax_3375,23503.0,2026-07-03 15:31:43,-417933646#1,residential|restaurant,,826.6019869456061,577.8075382253838,37.49678928421788,127.03019516859905,23616.0,113.0,taxi_respawn_282,picked
dyn_pax_3376,23518.0,2026-07-03 15:31:58,521766180#1,company|restaurant|bus_stop,,466.73410130235357,1169.2838037446552,37.502049542882666,127.02598608796039,23540.0,22.0,taxi_respawn_365,picked
dyn_pax_3377,23528.0,2026-07-03 15:32:08,521766175#1,company|restaurant|subway_entrance,,332.9365590021661,1411.5585828157227,37.504206724109,127.02441570308932,23596.0,68.0,taxi_respawn_396,picked
dyn_pax_3378,23548.0,2026-07-03 15:32:28,417933646#2,residential|restaurant,,830.3119525357222,594.5819430897021,37.496941093289735,127.0302331440542,23620.0,72.0,taxi_respawn_378,picked
dyn_pax_3379,23551.0,2026-07-03 15:32:31,805827757#0,restaurant,,762.3138727549854,912.1862152730512,37.49978934916138,127.02938912364917,23600.0,49.0,taxi_respawn_297,picked
dyn_pax_3380,23566.0,2026-07-03 15:32:46,218864491#0,restaurant|bus_stop,,769.9803916976219,760.1217113917903,37.49842094941813,127.02951181742357,23609.0,43.0,taxi_respawn_391,picked
dyn_pax_3381,23574.0,2026-07-03 15:32:54,1229817205#0,company|subway_entrance|bus_stop,,599.2457558679199,652.2907550986157,37.497417346160496,127.02760695963683,23637.0,63.0,taxi_respawn_394,picked
dyn_pax_3382,23594.0,2026-07-03 15:33:14,309155295#2,restaurant,,836.915506927576,584.1196133409687,37.49684809051661,127.03031028233906,23707.0,113.0,taxi_respawn_325,picked
dyn_pax_3383,23604.0,2026-07-03 15:33:24,256787796#5,restaurant,,616.3422671393917,878.7532899245961,37.49946062055924,127.02774658517313,23683.0,79.0,taxi_respawn_299,picked
dyn_pax_3384,23652.0,2026-07-03 15:34:12,-913950883#1,residential|company|restaurant,,391.36286393582424,840.6655979518604,37.49907500229157,127.0252118555046,23725.0,73.0,taxi_respawn_372,picked
dyn_pax_3385,23654.0,2026-07-03 15:34:14,-504509918#2,company|restaurant|bus_stop,,398.9694242295193,827.4758220967593,37.49895762305832,127.02530099003066,23766.0,112.0,taxi_respawn_396,picked
dyn_pax_3386,23687.0,2026-07-03 15:34:47,-805827765,restaurant,,955.7439147780814,1157.0835718820576,37.50203194319751,127.03151825266303,23765.0,78.0,taxi_respawn_393,picked
dyn_pax_3387,23695.0,2026-07-03 15:34:55,506191135#3,residential|company|restaurant|bus_stop,,238.79972345576414,789.4714057742513,37.49858497042428,127.023499044737,23716.0,21.0,taxi_respawn_389,picked
dyn_pax_3388,23702.0,2026-07-03 15:35:02,417731530,company|restaurant,,191.66975375905443,1429.5779711342507,37.5043423120142,127.02281406437154,23773.0,71.0,taxi_respawn_361,picked
dyn_pax_3389,23715.0,2026-07-03 15:35:15,521770116#2,company|restaurant|bus_stop,,432.3182248087171,1108.514093563608,37.50149560521279,127.02561136613096,23792.0,77.0,taxi_respawn_392,picked
dyn_pax_3390,23717.0,2026-07-03 15:35:17,480850873,company|restaurant|bus_stop,,548.1935052770749,708.5896639848544,37.49791486187585,127.0270163956136,23777.0,60.0,taxi_respawn_397,picked
dyn_pax_3391,23730.0,2026-07-03 15:35:30,-506191135#2,residential|bus_stop,,236.19733776439384,769.6838415951818,37.49840622577806,127.02347432089968,23797.0,67.0,taxi_respawn_395,picked
dyn_pax_3392,23740.0,2026-07-03 15:35:40,-117790051#4,restaurant,,448.3479635094145,1379.7889979949318,37.50394236073409,127.02572824341395,23789.0,49.0,taxi_respawn_140,picked
dyn_pax_3393,23816.0,2026-07-03 15:36:56,178441450#1,residential|company|restaurant|bus_stop,,282.90243066757296,609.4157395563556,37.496971320837204,127.02404044855805,23873.0,57.0,taxi_respawn_303,picked
dyn_pax_3394,23841.0,2026-07-03 15:37:21,218864491#0,restaurant|bus_stop,,769.9803916976219,760.1217113917903,37.49842094941813,127.02951181742357,23919.0,78.0,taxi_respawn_365,picked
dyn_pax_3395,23848.0,2026-07-03 15:37:28,375049565#2,restaurant,,1048.966709229659,894.5327467658005,37.49968436369115,127.03263441305876,23918.0,70.0,taxi_respawn_400,picked
dyn_pax_3396,23866.0,2026-07-03 15:37:46,504227065,company,,441.32681628575455,666.8408278135128,37.497518581743364,127.0258180180219,23919.0,53.0,taxi_respawn_380,picked
dyn_pax_3397,23873.0,2026-07-03 15:37:53,-417933646#4,company|restaurant,,761.9867537178288,747.7080569325292,37.49830761500862,127.02942437673002,23945.0,72.0,taxi_respawn_394,picked
dyn_pax_3398,23881.0,2026-07-03 15:38:01,117823785#0,company|restaurant,,1360.8740206736493,851.0492627492013,37.499351351792384,127.0361713398344,24001.0,120.0,taxi_respawn_297,picked
dyn_pax_3399,23896.0,2026-07-03 15:38:16,375049565#2,restaurant,,1048.966709229659,894.5327467658005,37.49968436369115,127.03263441305876,23957.0,61.0,taxi_respawn_402,picked
dyn_pax_3400,23914.0,2026-07-03 15:38:34,-129731852,restaurant,,721.4959946165901,929.589824990092,37.499938423771525,127.02892348366522,23954.0,40.0,taxi_respawn_251,picked
dyn_pax_3401,23947.0,2026-07-03 15:39:07,1056882877#3,residential|company|restaurant,,365.79280968467333,433.0557487307964,37.495398294451746,127.02501948586043,24054.0,107.0,taxi_respawn_282,picked
dyn_pax_3402,23997.0,2026-07-03 15:39:57,-417933642#4,restaurant,,907.3718228697127,805.8014682006251,37.49885835910486,127.03105443169989,24039.0,42.0,taxi_respawn_393,picked
dyn_pax_3403,24017.0,2026-07-03 15:40:17,802110008,restaurant,,567.9368588148042,1294.4290295528247,37.503196013251454,127.02710071947062,24080.0,63.0,taxi_respawn_387,picked
dyn_pax_3404,24065.0,2026-07-03 15:41:05,379463134#0,company,,445.604196565268,1237.9330600893716,37.50266396162017,127.02573088108544,24147.0,82.0,taxi_respawn_241,picked
dyn_pax_3405,24078.0,2026-07-03 15:41:18,129733424#3,restaurant,,568.5053070143441,1008.1195751958668,37.500616957275064,127.02717503574868,24150.0,72.0,taxi_respawn_200,picked
dyn_pax_3406,24085.0,2026-07-03 15:41:25,129731857#1,residential|restaurant,,656.8212873140518,799.6615847813327,37.498755780674834,127.02822301071001,24163.0,78.0,taxi_respawn_361,picked
dyn_pax_3407,24113.0,2026-07-03 15:41:53,417750354#1,restaurant,,919.2899707887079,1024.6134421491665,37.5008317366974,127.03113741131199,24155.0,42.0,taxi_respawn_403,picked
dyn_pax_3408,24168.0,2026-07-03 15:42:48,521766180#1,company|restaurant|bus_stop,,466.73410130235357,1169.2838037446552,37.502049542882666,127.02598608796039,24232.0,64.0,taxi_respawn_340,picked
dyn_pax_3409,24171.0,2026-07-03 15:42:51,504227069,residential|restaurant,,587.1158993285404,291.7776336445087,37.494167438547194,127.02755526357365,24235.0,64.0,taxi_respawn_394,picked
dyn_pax_3410,24183.0,2026-07-03 15:43:03,506191135#3,residential|company|restaurant|bus_stop,,238.79972345576414,789.4714057742513,37.49858497042428,127.023499044737,24275.0,92.0,taxi_respawn_353,picked
dyn_pax_3411,24219.0,2026-07-03 15:43:39,506191135#3,residential|company|restaurant|bus_stop,,238.79972345576414,789.4714057742513,37.49858497042428,127.023499044737,24261.0,42.0,taxi_respawn_402,picked
dyn_pax_3412,24287.0,2026-07-03 15:44:47,417933645#2,residential|company|restaurant,,757.7944798520502,568.4010952306102,37.496691568512986,127.02941943794849,24319.0,32.0,taxi_respawn_392,picked
dyn_pax_3413,24289.0,2026-07-03 15:44:49,417933646#0,restaurant,,894.2617302193242,410.3206078764906,37.49529326349135,127.03099977850056,24331.0,42.0,taxi_respawn_140,picked
dyn_pax_3414,24314.0,2026-07-03 15:45:14,-129731717#1,residential|company|restaurant,,188.433090102474,1374.3511058470413,37.503844200149025,127.0227905913032,24370.0,56.0,taxi_respawn_408,picked
dyn_pax_3415,24340.0,2026-07-03 15:45:40,521766175#1,company|restaurant|subway_entrance,,332.9365590021661,1411.5585828157227,37.504206724109,127.02441570308932,24406.0,66.0,taxi_respawn_387,picked
dyn_pax_3416,24342.0,2026-07-03 15:45:42,-417750337#1,restaurant,,620.0756768942672,1248.4347545200121,37.5027915312318,127.02770116938098,24374.0,32.0,taxi_respawn_332,picked
dyn_pax_3417,24380.0,2026-07-03 15:46:20,256787796#2,restaurant,,573.8171824012851,1000.9225059734806,37.50055312725627,127.02723680274495,24445.0,65.0,taxi_respawn_266,picked
dyn_pax_3418,24385.0,2026-07-03 15:46:25,117790062#7,restaurant,,610.3314045210797,1078.999817662281,37.50126336859982,127.02763115548898,24437.0,52.0,taxi_respawn_403,picked
dyn_pax_3419,24393.0,2026-07-03 15:46:33,-417933646#4,company|restaurant,,761.9867537178288,747.7080569325292,37.49830761500862,127.02942437673002,24433.0,40.0,taxi_respawn_326,picked
dyn_pax_3420,24410.0,2026-07-03 15:46:50,309155295#3,restaurant,,868.2249250208004,595.011595969151,37.496952113096654,127.03066169877924,24520.0,110.0,taxi_respawn_386,picked
dyn_pax_3421,24425.0,2026-07-03 15:47:05,-309155295#2,restaurant,,851.6644930724242,598.8503866590313,37.496983571544654,127.03047355257749,24519.0,94.0,taxi_respawn_407,picked
dyn_pax_3422,24496.0,2026-07-03 15:48:16,-117790045#1,restaurant,,534.0975884889299,1266.9858058167179,37.502942402865294,127.02672459950128,24558.0,62.0,taxi_respawn_200,picked
dyn_pax_3423,24506.0,2026-07-03 15:48:26,1376141182#0,bus_stop,,385.7154046370183,1301.0311255965628,37.50322104370192,127.02503873135461,24594.0,88.0,taxi_respawn_321,picked
dyn_pax_3424,24524.0,2026-07-03 15:48:44,417933645#2,residential|company|restaurant,,757.7944798520502,568.4010952306102,37.496691568512986,127.02941943794849,24574.0,50.0,taxi_respawn_241,picked
dyn_pax_3425,24546.0,2026-07-03 15:49:06,219837933#0,residential|company,,49.0199205680682,1328.1480294371383,37.503401583976704,127.02122519296726,24654.0,108.0,taxi_respawn_412,picked
dyn_pax_3426,24549.0,2026-07-03 15:49:09,379463124,restaurant,,554.9909183636056,1244.5663744100702,37.50274438945946,127.02696616135114,24614.0,65.0,taxi_respawn_379,picked
dyn_pax_3427,24551.0,2026-07-03 15:49:11,521766182#1,company|restaurant|subway_entrance,,681.695169875507,539.6867345716422,37.496418539503196,127.02856584056028,24640.0,89.0,taxi_respawn_403,picked
dyn_pax_3428,24554.0,2026-07-03 15:49:14,-417750354#0,residential,,923.3498430372201,1041.2071047119894,37.5009819832587,127.03117938951307,24624.0,70.0,taxi_respawn_371,picked
dyn_pax_3429,24566.0,2026-07-03 15:49:26,129731859#4,restaurant,,948.3176585840322,968.5888771831698,37.50033252074231,127.03147887955224,24640.0,74.0,taxi_respawn_297,picked
dyn_pax_3430,24574.0,2026-07-03 15:49:34,417731530,company|restaurant,,191.66975375905443,1429.5779711342507,37.5043423120142,127.02281406437154,24616.0,42.0,taxi_respawn_411,picked
dyn_pax_3431,24584.0,2026-07-03 15:49:44,521770119#1,restaurant|bus_stop,,527.3115514435282,995.8620162900467,37.50049875494786,127.02671217090477,24623.0,39.0,taxi_respawn_402,picked
dyn_pax_3432,24619.0,2026-07-03 15:50:19,309155295#0,company|restaurant,,688.2712938579457,529.5739965525526,37.49632868191341,127.02864258735015,24700.0,81.0,taxi_respawn_266,picked
dyn_pax_3433,24622.0,2026-07-03 15:50:22,117790036#1,company,,849.7103307162836,1232.6514730855474,37.50269269072902,127.03030143103514,24693.0,71.0,taxi_respawn_414,picked
dyn_pax_3434,24637.0,2026-07-03 15:50:37,417750337#1,restaurant,,654.3039749436668,1311.1147669608317,37.50336263595113,127.02807333923603,24685.0,48.0,taxi_respawn_360,picked
dyn_pax_3435,24655.0,2026-07-03 15:50:55,-256787796#4,restaurant,,620.2926176327408,895.5374521094307,37.49961256354246,127.02778727239327,24689.0,34.0,taxi_respawn_391,picked
dyn_pax_3436,24670.0,2026-07-03 15:51:10,305539406,company|restaurant|subway_entrance,,566.389495917364,736.5285064605782,37.49816998085155,127.02721550408178,24732.0,62.0,taxi_respawn_344,picked
dyn_pax_3437,24687.0,2026-07-03 15:51:27,-129731852,restaurant,,721.4959946165901,929.589824990092,37.499938423771525,127.02892348366522,24745.0,58.0,taxi_respawn_407,picked
dyn_pax_3438,24692.0,2026-07-03 15:51:32,506191135#3,residential|company|restaurant|bus_stop,,238.79972345576414,789.4714057742513,37.49858497042428,127.023499044737,24727.0,35.0,taxi_respawn_386,picked
dyn_pax_3439,24730.0,2026-07-03 15:52:10,-523141073,residential|company,,283.47995026542384,1109.9635024546676,37.50148051131825,127.02392811188028,24849.0,119.0,taxi_respawn_409,picked
dyn_pax_3440,24776.0,2026-07-03 15:52:56,218873820#0,restaurant|subway_entrance|bus_stop,,628.9829311132032,562.4061665928522,37.49661325243901,127.02796447999128,24865.0,89.0,taxi_respawn_364,picked
dyn_pax_3441,24778.0,2026-07-03 15:52:58,1117538957#0,company|restaurant,,312.91680439510856,589.5311930299885,37.49679787270139,127.0243845203811,24804.0,26.0,taxi_respawn_329,picked
dyn_pax_3442,24803.0,2026-07-03 15:53:23,1011529829#0,school,,381.1393135972994,834.2751815073392,37.49901550234899,127.0250977784903,24893.0,90.0,taxi_respawn_241,picked
dyn_pax_3443,24808.0,2026-07-03 15:53:28,305539406,company|restaurant|subway_entrance,,566.389495917364,736.5285064605782,37.49816998085155,127.02721550408178,24860.0,52.0,taxi_respawn_389,picked
dyn_pax_3444,24824.0,2026-07-03 15:53:44,417731530,company|restaurant,,191.66975375905443,1429.5779711342507,37.5043423120142,127.02281406437154,24874.0,50.0,taxi_respawn_373,picked
dyn_pax_3445,24889.0,2026-07-03 15:54:49,520307304#0,school|subway_entrance|bus_stop,,602.6035134310263,763.145495629718,37.498416594724866,127.02761864854104,24914.0,25.0,taxi_respawn_140,picked
dyn_pax_3446,24924.0,2026-07-03 15:55:24,-417750337#4,restaurant,,542.6552277079157,1139.0745154802132,37.5017917560025,127.02685169754334,24969.0,45.0,taxi_respawn_327,picked
dyn_pax_3447,24934.0,2026-07-03 15:55:34,417750354#1,restaurant,,919.2899707887079,1024.6134421491665,37.5008317366974,127.03113741131199,24997.0,63.0,taxi_respawn_371,picked
dyn_pax_3448,24955.0,2026-07-03 15:55:55,-309155295#2,restaurant,,851.6644930724242,598.8503866590313,37.496983571544654,127.03047355257749,24983.0,28.0,taxi_respawn_344,picked
dyn_pax_3449,24980.0,2026-07-03 15:56:20,-523141073,residential|company,,283.47995026542384,1109.9635024546676,37.50148051131825,127.02392811188028,25082.0,102.0,taxi_respawn_291,picked
dyn_pax_3450,24997.0,2026-07-03 15:56:37,504509918#0,residential|restaurant,,511.83203920742636,882.9034728009249,37.49947826486711,127.02656393710718,25031.0,34.0,taxi_respawn_205,picked
dyn_pax_3451,25070.0,2026-07-03 15:57:50,256787796#5,restaurant,,616.3422671393917,878.7532899245961,37.49946062055924,127.02774658517313,25117.0,47.0,taxi_respawn_332,picked
dyn_pax_3452,25133.0,2026-07-03 15:58:53,-417933646#1,residential|restaurant,,826.6019869456061,577.8075382253838,37.49678928421788,127.03019516859905,25192.0,59.0,taxi_respawn_405,picked
dyn_pax_3453,25169.0,2026-07-03 15:59:29,-504509918#2,company|restaurant|bus_stop,,398.9694242295193,827.4758220967593,37.49895762305832,127.02530099003066,,,,unpicked
dyn_pax_3454,25176.0,2026-07-03 15:59:36,1229817205#0,company|subway_entrance|bus_stop,,599.2457558679199,652.2907550986157,37.497417346160496,127.02760695963683,,,,unpicked
dyn_pax_3455,25179.0,2026-07-03 15:59:39,-309155295#4,residential|restaurant,,966.4689567179357,639.4784987131154,37.49737120494098,127.0317619612052,,,,unpicked
dyn_pax_3456,25181.0,2026-07-03 15:59:41,1229817205#1,residential|bus_stop,,631.6400080768872,572.7061575261558,37.49670653972221,127.02799208080955,,,,unpicked
dyn_pax_3457,25184.0,2026-07-03 15:59:44,542367267#1,company|restaurant,,199.26981683313872,1381.121508122661,37.50390724154084,127.02291151664822,,,,unpicked
dyn_pax_3458,25189.0,2026-07-03 15:59:49,117790051#2,restaurant,,558.5532373104973,1361.778638311631,37.503800946163,127.02697864469606,,,,unpicked
