person_id,request_sec,pickup_datetime,edge_id,origin_zone,dest_category,x,y,latitude,longitude,pickup_sec,wait_sec,taxi_id,status
dyn_pax_1,3.0,2026-09-07 09:00:03,218857636#1,residential|company|restaurant|bus_stop,,297.92905089287035,623.2061345250047,37.49709839153085,127.02420706961871,39.0,36.0,taxi_respawn_15,picked
dyn_pax_2,4.0,2026-09-07 09:00:04,379463124,restaurant,,554.9909183636056,1244.5663744100702,37.50274438945946,127.02696616135114,70.0,66.0,taxi_respawn_4,picked
dyn_pax_3,5.0,2026-09-07 09:00:05,-117790031#1,restaurant,,730.7814463439225,1053.3410552584976,37.501054966737435,127.02899915797848,122.0,117.0,taxi_26,picked
dyn_pax_4,7.0,2026-09-07 09:00:07,-913950883#1,residential|company|restaurant,,391.36286393582424,840.6655979518604,37.49907500229157,127.0252118555046,109.0,102.0,taxi_respawn_25,picked
dyn_pax_5,9.0,2026-09-07 09:00:09,-256787796#4,restaurant,,620.2926176327408,895.5374521094307,37.49961256354246,127.02778727239327,74.0,65.0,taxi_39,picked
dyn_pax_6,11.0,2026-09-07 09:00:11,218877837#2,company|restaurant|bus_stop,,479.4555212141038,978.0213907550284,37.500328997763305,127.02617530290202,129.0,118.0,taxi_47,picked
dyn_pax_7,12.0,2026-09-07 09:00:12,218873820#0,restaurant|subway_entrance|bus_stop,,628.9829311132032,562.4061665928522,37.49661325243901,127.02796447999128,125.0,113.0,taxi_8,picked
dyn_pax_8,14.0,2026-09-07 09:00:14,520307304#0,school|subway_entrance|bus_stop,,602.6035134310263,763.145495629718,37.498416594724866,127.02761864854104,46.0,32.0,taxi_16,picked
dyn_pax_9,15.0,2026-09-07 09:00:15,-504509918#2,company|restaurant|bus_stop,,398.9694242295193,827.4758220967593,37.49895762305832,127.02530099003066,113.0,98.0,taxi_5,picked
dyn_pax_10,18.0,2026-09-07 09:00:18,541692164#1,subway_entrance,,271.6277521231475,1406.6420105391767,37.5041508337347,127.02372362926798,76.0,58.0,taxi_respawn_23,picked
dyn_pax_11,20.0,2026-09-07 09:00:20,218857636#1,residential|company|restaurant|bus_stop,,297.92905089287035,623.2061345250047,37.49709839153085,127.02420706961871,24.0,4.0,taxi_respawn_28,picked
dyn_pax_12,21.0,2026-09-07 09:00:21,1229817205#1,residential|bus_stop,,631.6400080768872,572.7061575261558,37.49670653972221,127.02799208080955,106.0,85.0,taxi_15,picked
dyn_pax_13,22.0,2026-09-07 09:00:22,218873820#0,restaurant|subway_entrance|bus_stop,,628.9829311132032,562.4061665928522,37.49661325243901,127.02796447999128,114.0,92.0,taxi_40,picked
dyn_pax_14,23.0,2026-09-07 09:00:23,521770116#2,company|restaurant|bus_stop,,432.3182248087171,1108.514093563608,37.50149560521279,127.02561136613096,143.0,120.0,taxi_35,picked
dyn_pax_15,27.0,2026-09-07 09:00:27,-913950883#1,residential|company|restaurant,,391.36286393582424,840.6655979518604,37.49907500229157,127.0252118555046,120.0,93.0,taxi_1,picked
dyn_pax_16,28.0,2026-09-07 09:00:28,305539406,company|restaurant|subway_entrance,,566.389495917364,736.5285064605782,37.49816998085155,127.02721550408178,122.0,94.0,taxi_respawn_19,picked
dyn_pax_17,28.0,2026-09-07 09:00:28,417933642#2,residential|restaurant,,976.5976168723116,645.9370182109647,37.49743129415275,127.0318749523804,38.0,10.0,taxi_12,picked
dyn_pax_18,28.0,2026-09-07 09:00:28,218873820#0,restaurant|subway_entrance|bus_stop,,628.9829311132032,562.4061665928522,37.49661325243901,127.02796447999128,119.0,91.0,taxi_respawn_14,picked
dyn_pax_19,31.0,2026-09-07 09:00:31,129731852,restaurant,,626.5739131314494,885.3301415107766,37.499521799012015,127.0278607124155,153.0,122.0,taxi_11,picked
dyn_pax_20,32.0,2026-09-07 09:00:32,305539406,company|restaurant|subway_entrance,,566.389495917364,736.5285064605782,37.49816998085155,127.02721550408178,127.0,95.0,taxi_41,picked
dyn_pax_21,32.0,2026-09-07 09:00:32,-417933645#1,restaurant,,753.9829961438405,551.6859834676363,37.49654027420169,127.02938030242663,63.0,31.0,taxi_25,picked
dyn_pax_22,34.0,2026-09-07 09:00:34,-504509918#2,company|restaurant|bus_stop,,398.9694242295193,827.4758220967593,37.49895762305832,127.02530099003066,103.0,69.0,taxi_respawn_13,picked
dyn_pax_23,35.0,2026-09-07 09:00:35,218857636#1,residential|company|restaurant|bus_stop,,297.92905089287035,623.2061345250047,37.49709839153085,127.02420706961871,187.0,152.0,taxi_respawn_29,picked
dyn_pax_24,37.0,2026-09-07 09:00:37,1376141183#0,bus_stop,,548.2528111146681,901.2117688498424,37.49965007283687,127.02697139402301,145.0,108.0,taxi_respawn_16,picked
dyn_pax_25,37.0,2026-09-07 09:00:37,129731859#6,restaurant,,984.8051641629477,982.1134039896856,37.50046123095764,127.0318882391282,69.0,32.0,taxi_6,picked
dyn_pax_26,40.0,2026-09-07 09:00:40,523141074#0,company|restaurant|subway_entrance,,524.0338794858329,871.4890157117229,37.4993777454413,127.02670460634431,136.0,96.0,taxi_respawn_38,picked
dyn_pax_27,40.0,2026-09-07 09:00:40,506191135#3,residential|company|restaurant|bus_stop,,238.79972345576414,789.4714057742513,37.49858497042428,127.023499044737,62.0,22.0,taxi_respawn_26,picked
dyn_pax_28,40.0,2026-09-07 09:00:40,218877837#2,company|restaurant|bus_stop,,479.4555212141038,978.0213907550284,37.500328997763305,127.02617530290202,61.0,21.0,taxi_23,picked
dyn_pax_29,41.0,2026-09-07 09:00:41,1117538958#3,bus_stop,,160.18899290588462,540.6019911995099,37.49632820280781,127.02266936696756,56.0,15.0,taxi_3,picked
dyn_pax_30,42.0,2026-09-07 09:00:42,379463134#0,company,,445.604196565268,1237.9330600893716,37.50266396162017,127.02573088108544,127.0,85.0,taxi_31,picked
dyn_pax_31,43.0,2026-09-07 09:00:43,218857636#1,residential|company|restaurant|bus_stop,,297.92905089287035,623.2061345250047,37.49709839153085,127.02420706961871,101.0,58.0,taxi_20,picked
dyn_pax_32,47.0,2026-09-07 09:00:47,506191135#3,residential|company|restaurant|bus_stop,,238.79972345576414,789.4714057742513,37.49858497042428,127.023499044737,84.0,37.0,taxi_19,picked
dyn_pax_33,47.0,2026-09-07 09:00:47,521766180#1,company|restaurant|bus_stop,,466.73410130235357,1169.2838037446552,37.502049542882666,127.02598608796039,682.0,635.0,taxi_respawn_31,picked
dyn_pax_34,49.0,2026-09-07 09:00:49,-542367267#1,bus_stop,,247.51018316686128,1414.7184918773391,37.504219024473855,127.02344900430944,103.0,54.0,taxi_46,picked
dyn_pax_35,50.0,2026-09-07 09:00:50,-129731858#3,restaurant,,760.2046779472714,898.6469063162286,37.49966698472747,127.02936848203807,124.0,74.0,taxi_29,picked
dyn_pax_36,51.0,2026-09-07 09:00:51,521766182#1,company|restaurant|subway_entrance,,681.695169875507,539.6867345716422,37.496418539503196,127.02856584056028,105.0,54.0,taxi_respawn_22,picked
dyn_pax_37,52.0,2026-09-07 09:00:52,-541692164#2,subway_entrance,,317.7122087179151,1441.0296574375257,37.504469327730426,127.0242365566347,61.0,9.0,taxi_18,picked
dyn_pax_38,54.0,2026-09-07 09:00:54,-504509918#2,company|restaurant|bus_stop,,398.9694242295193,827.4758220967593,37.49895762305832,127.02530099003066,126.0,72.0,taxi_0,picked
dyn_pax_39,54.0,2026-09-07 09:00:54,309155295#1,restaurant,,764.2225196982893,558.1760304781078,37.4966006705371,127.0294945363528,107.0,53.0,taxi_43,picked
dyn_pax_40,56.0,2026-09-07 09:00:56,219837933#0,residential|company,,49.0199205680682,1328.1480294371383,37.503401583976704,127.02122519296726,132.0,76.0,taxi_27,picked
dyn_pax_41,63.0,2026-09-07 09:01:03,375049565#6,restaurant|subway_entrance|bus_stop,,789.5153251748014,798.8522330112556,37.49877353199428,127.02972351946808,112.0,49.0,taxi_respawn_12,picked
dyn_pax_42,64.0,2026-09-07 09:01:04,541692164#1,subway_entrance,,271.6277521231475,1406.6420105391767,37.5041508337347,127.02372362926798,123.0,59.0,taxi_45,picked
dyn_pax_43,67.0,2026-09-07 09:01:07,975332778#1,bus_stop,,681.6099970732737,721.9380561808346,37.49806030190971,127.02852170075586,150.0,83.0,taxi_32,picked
dyn_pax_44,70.0,2026-09-07 09:01:10,-506191135#22,residential|company|restaurant|bus_stop,,38.693950105848444,1321.9513167019495,37.50334380565249,127.02110990869835,198.0,128.0,taxi_respawn_10,picked
dyn_pax_45,72.0,2026-09-07 09:01:12,-506191135#2,residential|bus_stop,,236.19733776439384,769.6838415951818,37.49840622577806,127.02347432089968,110.0,38.0,taxi_36,picked
dyn_pax_46,72.0,2026-09-07 09:01:12,-379463134#1,restaurant,,479.36604535588674,1259.6870258351425,37.50286630987452,127.02610747054479,214.0,142.0,taxi_respawn_1,picked
dyn_pax_47,73.0,2026-09-07 09:01:13,375049565#6,restaurant|subway_entrance|bus_stop,,789.5153251748014,798.8522330112556,37.49877353199428,127.02972351946808,119.0,46.0,taxi_42,picked
dyn_pax_48,75.0,2026-09-07 09:01:15,1376141183#0,bus_stop,,548.2528111146681,901.2117688498424,37.49965007283687,127.02697139402301,158.0,83.0,taxi_respawn_34,picked
dyn_pax_49,77.0,2026-09-07 09:01:17,-256787796#8,restaurant,,666.7735412908731,765.3811461974922,37.49844885044044,127.02834365925706,198.0,121.0,taxi_respawn_17,picked
dyn_pax_50,78.0,2026-09-07 09:01:18,178441450#1,residential|company|restaurant|bus_stop,,282.90243066757296,609.4157395563556,37.496971320837204,127.02404044855805,113.0,35.0,taxi_13,picked
dyn_pax_51,80.0,2026-09-07 09:01:20,521766180#1,company|restaurant|bus_stop,,466.73410130235357,1169.2838037446552,37.502049542882666,127.02598608796039,204.0,124.0,taxi_7,picked
dyn_pax_52,81.0,2026-09-07 09:01:21,218877837#2,company|restaurant|bus_stop,,479.4555212141038,978.0213907550284,37.500328997763305,127.02617530290202,102.0,21.0,taxi_respawn_9,picked
dyn_pax_53,83.0,2026-09-07 09:01:23,542367267#1,company|restaurant,,199.26981683313872,1381.121508122661,37.50390724154084,127.02291151664822,208.0,125.0,taxi_respawn_37,picked
dyn_pax_54,84.0,2026-09-07 09:01:24,521766175#1,company|restaurant|subway_entrance,,332.9365590021661,1411.5585828157227,37.504206724109,127.02441570308932,111.0,27.0,taxi_30,picked
dyn_pax_55,86.0,2026-09-07 09:01:26,129731721#0,company|restaurant,,451.4485582282947,673.334514427724,37.497578992002325,127.0259309178301,233.0,147.0,taxi_17,picked
dyn_pax_56,93.0,2026-09-07 09:01:33,1376141182#0,bus_stop,,385.7154046370183,1301.0311255965628,37.50322104370192,127.02503873135461,120.0,27.0,taxi_9,picked
dyn_pax_57,95.0,2026-09-07 09:01:35,-417933642#4,restaurant,,907.3718228697127,805.8014682006251,37.49885835910486,127.03105443169989,109.0,14.0,taxi_respawn_18,picked
dyn_pax_58,96.0,2026-09-07 09:01:36,480850873,company|restaurant|bus_stop,,548.1935052770749,708.5896639848544,37.49791486187585,127.0270163956136,160.0,64.0,taxi_38,picked
dyn_pax_59,98.0,2026-09-07 09:01:38,1229817205#0,company|subway_entrance|bus_stop,,599.2457558679199,652.2907550986157,37.497417346160496,127.02760695963683,227.0,129.0,taxi_4,picked
dyn_pax_60,101.0,2026-09-07 09:01:41,1117538958#3,bus_stop,,160.18899290588462,540.6019911995099,37.49632820280781,127.02266936696756,106.0,5.0,taxi_24,picked
dyn_pax_61,104.0,2026-09-07 09:01:44,379232155,restaurant,,946.0567570824509,480.05346239194995,37.49593120335224,127.03156888346594,169.0,65.0,taxi_28,picked
dyn_pax_62,106.0,2026-09-07 09:01:46,375049565#6,restaurant|subway_entrance|bus_stop,,789.5153251748014,798.8522330112556,37.49877353199428,127.02972351946808,154.0,48.0,taxi_10,picked
dyn_pax_63,107.0,2026-09-07 09:01:47,129733424#3,restaurant,,568.5053070143441,1008.1195751958668,37.500616957275064,127.02717503574868,158.0,51.0,taxi_respawn_33,picked
dyn_pax_64,110.0,2026-09-07 09:01:50,521766175#1,company|restaurant|subway_entrance,,332.9365590021661,1411.5585828157227,37.504206724109,127.02441570308932,114.0,4.0,taxi_respawn_8,picked
dyn_pax_65,112.0,2026-09-07 09:01:52,417933642#0,restaurant|bus_stop,,1041.0954363710525,463.30841921497654,37.49579826441859,127.03264736696761,187.0,75.0,taxi_respawn_30,picked
dyn_pax_66,113.0,2026-09-07 09:01:53,521766175#3,company|restaurant|subway_entrance|bus_stop,,373.6701172395771,1298.610217621072,37.50319695740621,127.02490310718325,119.0,6.0,taxi_48,picked
dyn_pax_67,116.0,2026-09-07 09:01:56,417933642#0,restaurant|bus_stop,,1041.0954363710525,463.30841921497654,37.49579826441859,127.03264736696761,193.0,77.0,taxi_respawn_2,picked
dyn_pax_68,116.0,2026-09-07 09:01:56,379232155,restaurant,,946.0567570824509,480.05346239194995,37.49593120335224,127.03156888346594,253.0,137.0,taxi_37,picked
dyn_pax_69,117.0,2026-09-07 09:01:57,-379463124,restaurant,,592.9390816363945,1268.4136255899298,37.5029663815994,127.02738959394404,147.0,30.0,taxi_22,picked
dyn_pax_70,118.0,2026-09-07 09:01:58,1229817205#1,residential|bus_stop,,631.6400080768872,572.7061575261558,37.49670653972221,127.02799208080955,195.0,77.0,taxi_44,picked
dyn_pax_71,119.0,2026-09-07 09:01:59,375049565#6,restaurant|subway_entrance|bus_stop,,789.5153251748014,798.8522330112556,37.49877353199428,127.02972351946808,223.0,104.0,taxi_respawn_24,picked
dyn_pax_72,124.0,2026-09-07 09:02:04,521770119#0,restaurant|bus_stop,,548.9831206778387,935.1148840516827,37.499955620541705,127.02697161236954,185.0,61.0,taxi_2,picked
dyn_pax_73,127.0,2026-09-07 09:02:07,521770119#1,restaurant|bus_stop,,527.3115514435282,995.8620162900467,37.50049875494786,127.02671217090477,232.0,105.0,taxi_49,picked
dyn_pax_74,128.0,2026-09-07 09:02:08,379463130#0,restaurant,,544.1425087303844,1128.5419490598922,37.501697156429024,127.02687101205116,185.0,57.0,taxi_respawn_35,picked
dyn_pax_75,132.0,2026-09-07 09:02:12,523141074#0,company|restaurant|subway_entrance,,524.0338794858329,871.4890157117229,37.4993777454413,127.02670460634431,202.0,70.0,taxi_respawn_32,picked
dyn_pax_76,135.0,2026-09-07 09:02:15,541692164#1,subway_entrance,,271.6277521231475,1406.6420105391767,37.5041508337347,127.02372362926798,215.0,80.0,taxi_respawn_36,picked
dyn_pax_77,136.0,2026-09-07 09:02:16,178441450#1,residential|company|restaurant|bus_stop,,282.90243066757296,609.4157395563556,37.496971320837204,127.02404044855805,193.0,57.0,taxi_14,picked
dyn_pax_78,138.0,2026-09-07 09:02:18,1229817205#0,company|subway_entrance|bus_stop,,599.2457558679199,652.2907550986157,37.497417346160496,127.02760695963683,238.0,100.0,taxi_21,picked
dyn_pax_79,140.0,2026-09-07 09:02:20,218857636#1,residential|company|restaurant|bus_stop,,297.92905089287035,623.2061345250047,37.49709839153085,127.02420706961871,235.0,95.0,taxi_33,picked
dyn_pax_80,141.0,2026-09-07 09:02:21,-506191135#2,residential|bus_stop,,236.19733776439384,769.6838415951818,37.49840622577806,127.02347432089968,212.0,71.0,taxi_respawn_20,picked
dyn_pax_81,141.0,2026-09-07 09:02:21,129731721#0,company|restaurant,,451.4485582282947,673.334514427724,37.497578992002325,127.0259309178301,197.0,56.0,taxi_34,picked
dyn_pax_82,142.0,2026-09-07 09:02:22,417933642#0,restaurant|bus_stop,,1041.0954363710525,463.30841921497654,37.49579826441859,127.03264736696761,306.0,164.0,taxi_respawn_7,picked
dyn_pax_83,144.0,2026-09-07 09:02:24,506191135#3,residential|company|restaurant|bus_stop,,238.79972345576414,789.4714057742513,37.49858497042428,127.023499044737,319.0,175.0,taxi_16,picked
dyn_pax_84,145.0,2026-09-07 09:02:25,-541692164#2,subway_entrance,,317.7122087179151,1441.0296574375257,37.504469327730426,127.0242365566347,202.0,57.0,taxi_respawn_3,picked
dyn_pax_85,146.0,2026-09-07 09:02:26,1011529829#0,school,,381.1393135972994,834.2751815073392,37.49901550234899,127.0250977784903,279.0,133.0,taxi_respawn_11,picked
dyn_pax_86,150.0,2026-09-07 09:02:30,521766180#1,company|restaurant|bus_stop,,466.73410130235357,1169.2838037446552,37.502049542882666,127.02598608796039,296.0,146.0,taxi_respawn_27,picked
dyn_pax_87,151.0,2026-09-07 09:02:31,-557469300#1,restaurant,,739.5265057687212,1049.0561556697721,37.5010180173999,127.02909905278416,328.0,177.0,taxi_respawn_21,picked
dyn_pax_88,153.0,2026-09-07 09:02:33,1376141183#0,bus_stop,,548.2528111146681,901.2117688498424,37.49965007283687,127.02697139402301,272.0,119.0,taxi_respawn_6,picked
dyn_pax_89,153.0,2026-09-07 09:02:33,-417933646#1,residential|restaurant,,826.6019869456061,577.8075382253838,37.49678928421788,127.03019516859905,286.0,133.0,taxi_respawn_5,picked
dyn_pax_90,155.0,2026-09-07 09:02:35,521766175#3,company|restaurant|subway_entrance|bus_stop,,373.6701172395771,1298.610217621072,37.50319695740621,127.02490310718325,,,,timeout
dyn_pax_91,156.0,2026-09-07 09:02:36,417750354#1,restaurant,,919.2899707887079,1024.6134421491665,37.5008317366974,127.03113741131199,381.0,225.0,taxi_respawn_1,picked
dyn_pax_92,159.0,2026-09-07 09:02:39,480850873,company|restaurant|bus_stop,,548.1935052770749,708.5896639848544,37.49791486187585,127.0270163956136,284.0,125.0,taxi_24,picked
dyn_pax_93,161.0,2026-09-07 09:02:41,-913950883#1,residential|company|restaurant,,391.36286393582424,840.6655979518604,37.49907500229157,127.0252118555046,248.0,87.0,taxi_18,picked
dyn_pax_94,162.0,2026-09-07 09:02:42,521766182#1,company|restaurant|subway_entrance,,681.695169875507,539.6867345716422,37.496418539503196,127.02856584056028,489.0,327.0,taxi_respawn_11,picked
dyn_pax_95,162.0,2026-09-07 09:02:42,521766182#1,company|restaurant|subway_entrance,,681.695169875507,539.6867345716422,37.496418539503196,127.02856584056028,595.0,433.0,taxi_respawn_3,picked
dyn_pax_96,163.0,2026-09-07 09:02:43,-506191135#2,residential|bus_stop,,236.19733776439384,769.6838415951818,37.49840622577806,127.02347432089968,218.0,55.0,taxi_3,picked
dyn_pax_97,164.0,2026-09-07 09:02:44,-542367267#1,bus_stop,,247.51018316686128,1414.7184918773391,37.504219024473855,127.02344900430944,377.0,213.0,taxi_35,picked
dyn_pax_100,165.0,2026-09-07 09:02:45,-417933642#4,restaurant,,907.3718228697127,805.8014682006251,37.49885835910486,127.03105443169989,278.0,113.0,taxi_39,picked
dyn_pax_98,165.0,2026-09-07 09:02:45,1117538958#3,bus_stop,,160.18899290588462,540.6019911995099,37.49632820280781,127.02266936696756,391.0,226.0,taxi_respawn_16,picked
dyn_pax_99,165.0,2026-09-07 09:02:45,309155295#3,restaurant,,868.2249250208004,595.011595969151,37.496952113096654,127.03066169877924,275.0,110.0,taxi_25,picked
dyn_pax_101,168.0,2026-09-07 09:02:48,975332778#1,bus_stop,,681.6099970732737,721.9380561808346,37.49806030190971,127.02852170075586,230.0,62.0,taxi_respawn_28,picked
dyn_pax_102,173.0,2026-09-07 09:02:53,218873820#0,restaurant|subway_entrance|bus_stop,,628.9829311132032,562.4061665928522,37.49661325243901,127.02796447999128,468.0,295.0,taxi_respawn_37,picked
dyn_pax_103,178.0,2026-09-07 09:02:58,520307304#0,school|subway_entrance|bus_stop,,602.6035134310263,763.145495629718,37.498416594724866,127.02761864854104,685.0,507.0,taxi_48,picked
dyn_pax_104,179.0,2026-09-07 09:02:59,520307304#0,school|subway_entrance|bus_stop,,602.6035134310263,763.145495629718,37.498416594724866,127.02761864854104,,,,timeout
dyn_pax_105,181.0,2026-09-07 09:03:01,521766175#1,company|restaurant|subway_entrance,,332.9365590021661,1411.5585828157227,37.504206724109,127.02441570308932,470.0,289.0,taxi_12,picked
dyn_pax_106,182.0,2026-09-07 09:03:02,-506191135#22,residential|company|restaurant|bus_stop,,38.693950105848444,1321.9513167019495,37.50334380565249,127.02110990869835,345.0,163.0,taxi_0,picked
dyn_pax_107,182.0,2026-09-07 09:03:02,-1056882877#5,company|restaurant,,302.41102899925136,583.0415396467946,37.496737424712585,127.0242672800979,550.0,368.0,taxi_19,picked
dyn_pax_108,184.0,2026-09-07 09:03:04,521766180#1,company|restaurant|bus_stop,,466.73410130235357,1169.2838037446552,37.502049542882666,127.02598608796039,989.0,805.0,taxi_respawn_26,picked
dyn_pax_109,185.0,2026-09-07 09:03:05,521766175#3,company|restaurant|subway_entrance|bus_stop,,373.6701172395771,1298.610217621072,37.50319695740621,127.02490310718325,273.0,88.0,taxi_27,picked
dyn_pax_110,185.0,2026-09-07 09:03:05,480850873,company|restaurant|bus_stop,,548.1935052770749,708.5896639848544,37.49791486187585,127.0270163956136,494.0,309.0,taxi_30,picked
dyn_pax_111,186.0,2026-09-07 09:03:06,-417750337#2,restaurant,,578.5487433358253,1191.18897592047,37.50226799999912,127.02724519016736,274.0,88.0,taxi_respawn_33,picked
dyn_pax_112,187.0,2026-09-07 09:03:07,1229817205#1,residential|bus_stop,,631.6400080768872,572.7061575261558,37.49670653972221,127.02799208080955,,,,timeout
dyn_pax_113,188.0,2026-09-07 09:03:08,504512001,restaurant,,488.2111633916996,684.0143948730154,37.497682147346794,127.02634403725544,242.0,54.0,taxi_48,picked
dyn_pax_114,190.0,2026-09-07 09:03:10,1229817205#0,company|subway_entrance|bus_stop,,599.2457558679199,652.2907550986157,37.497417346160496,127.02760695963683,361.0,171.0,taxi_respawn_9,picked
dyn_pax_115,191.0,2026-09-07 09:03:11,-542367267#1,bus_stop,,247.51018316686128,1414.7184918773391,37.504219024473855,127.02344900430944,278.0,87.0,taxi_23,picked
dyn_pax_116,195.0,2026-09-07 09:03:15,1376141183#0,bus_stop,,548.2528111146681,901.2117688498424,37.49965007283687,127.02697139402301,433.0,238.0,taxi_respawn_12,picked
dyn_pax_117,195.0,2026-09-07 09:03:15,504509918#0,residential|restaurant,,511.83203920742636,882.9034728009249,37.49947826486711,127.02656393710718,290.0,95.0,taxi_6,picked
dyn_pax_118,199.0,2026-09-07 09:03:19,520307304#0,school|subway_entrance|bus_stop,,602.6035134310263,763.145495629718,37.498416594724866,127.02761864854104,,,,timeout
dyn_pax_119,199.0,2026-09-07 09:03:19,-417750354#1,restaurant,,946.150029211292,974.2465578508335,37.500383078435064,127.03145303198383,334.0,135.0,taxi_respawn_8,picked
dyn_pax_120,200.0,2026-09-07 09:03:20,129731858#2,restaurant,,783.9672744139122,855.548332172334,37.49928322221005,127.02964736483162,297.0,97.0,taxi_respawn_38,picked
dyn_pax_121,201.0,2026-09-07 09:03:21,521766180#1,company|restaurant|bus_stop,,466.73410130235357,1169.2838037446552,37.502049542882666,127.02598608796039,1296.0,1095.0,taxi_13,picked
dyn_pax_122,202.0,2026-09-07 09:03:22,521770116#2,company|restaurant|bus_stop,,432.3182248087171,1108.514093563608,37.50149560521279,127.02561136613096,592.0,390.0,taxi_respawn_15,picked
dyn_pax_123,206.0,2026-09-07 09:03:26,1229817205#0,company|subway_entrance|bus_stop,,599.2457558679199,652.2907550986157,37.497417346160496,127.02760695963683,450.0,244.0,taxi_41,picked
dyn_pax_124,207.0,2026-09-07 09:03:27,520307304#0,school|subway_entrance|bus_stop,,602.6035134310263,763.145495629718,37.498416594724866,127.02761864854104,,,,timeout
dyn_pax_125,208.0,2026-09-07 09:03:28,521770119#1,restaurant|bus_stop,,527.3115514435282,995.8620162900467,37.50049875494786,127.02671217090477,339.0,131.0,taxi_respawn_25,picked
dyn_pax_126,209.0,2026-09-07 09:03:29,218873820#0,restaurant|subway_entrance|bus_stop,,628.9829311132032,562.4061665928522,37.49661325243901,127.02796447999128,560.0,351.0,taxi_7,picked
dyn_pax_127,210.0,2026-09-07 09:03:30,520307304#0,school|subway_entrance|bus_stop,,602.6035134310263,763.145495629718,37.498416594724866,127.02761864854104,,,,timeout
dyn_pax_128,216.0,2026-09-07 09:03:36,1229817205#1,residential|bus_stop,,631.6400080768872,572.7061575261558,37.49670653972221,127.02799208080955,,,,timeout
dyn_pax_129,217.0,2026-09-07 09:03:37,-117790051#4,restaurant,,448.3479635094145,1379.7889979949318,37.50394236073409,127.02572824341395,335.0,118.0,taxi_respawn_18,picked
dyn_pax_130,218.0,2026-09-07 09:03:38,218864491#0,restaurant|bus_stop,,769.9803916976219,760.1217113917903,37.49842094941813,127.02951181742357,311.0,93.0,taxi_20,picked
dyn_pax_131,219.0,2026-09-07 09:03:39,375049565#6,restaurant|subway_entrance|bus_stop,,789.5153251748014,798.8522330112556,37.49877353199428,127.02972351946808,377.0,158.0,taxi_respawn_17,picked
dyn_pax_132,224.0,2026-09-07 09:03:44,521766175#3,company|restaurant|subway_entrance|bus_stop,,373.6701172395771,1298.610217621072,37.50319695740621,127.02490310718325,463.0,239.0,taxi_respawn_34,picked
dyn_pax_133,224.0,2026-09-07 09:03:44,218873820#0,restaurant|subway_entrance|bus_stop,,628.9829311132032,562.4061665928522,37.49661325243901,127.02796447999128,584.0,360.0,taxi_11,picked
dyn_pax_134,224.0,2026-09-07 09:03:44,-504509918#2,company|restaurant|bus_stop,,398.9694242295193,827.4758220967593,37.49895762305832,127.02530099003066,322.0,98.0,taxi_36,picked
dyn_pax_135,225.0,2026-09-07 09:03:45,521766182#1,company|restaurant|subway_entrance,,681.695169875507,539.6867345716422,37.496418539503196,127.02856584056028,243.0,18.0,taxi_respawn_15,picked
dyn_pax_136,227.0,2026-09-07 09:03:47,178441450#1,residential|company|restaurant|bus_stop,,282.90243066757296,609.4157395563556,37.496971320837204,127.02404044855805,422.0,195.0,taxi_respawn_32,picked
dyn_pax_137,228.0,2026-09-07 09:03:48,521770116#2,company|restaurant|bus_stop,,432.3182248087171,1108.514093563608,37.50149560521279,127.02561136613096,587.0,359.0,taxi_20,picked
dyn_pax_138,230.0,2026-09-07 09:03:50,218873820#0,restaurant|subway_entrance|bus_stop,,628.9829311132032,562.4061665928522,37.49661325243901,127.02796447999128,737.0,507.0,taxi_respawn_21,picked
dyn_pax_139,231.0,2026-09-07 09:03:51,417933642#0,restaurant|bus_stop,,1041.0954363710525,463.30841921497654,37.49579826441859,127.03264736696761,298.0,67.0,taxi_respawn_4,picked
dyn_pax_140,234.0,2026-09-07 09:03:54,521766175#3,company|restaurant|subway_entrance|bus_stop,,373.6701172395771,1298.610217621072,37.50319695740621,127.02490310718325,634.0,400.0,taxi_29,picked
dyn_pax_141,235.0,2026-09-07 09:03:55,-417750337#0,restaurant,,672.8749254632385,1321.3640627464144,37.50345847130562,127.02828089713113,305.0,70.0,taxi_respawn_35,picked
dyn_pax_142,236.0,2026-09-07 09:03:56,521766175#1,company|restaurant|subway_entrance,,332.9365590021661,1411.5585828157227,37.504206724109,127.02441570308932,,,,timeout
dyn_pax_143,236.0,2026-09-07 09:03:56,239962780#1,company|restaurant,,78.091042197054,1418.7355011637856,37.504223128704645,127.02153236485597,298.0,62.0,taxi_respawn_13,picked
dyn_pax_144,237.0,2026-09-07 09:03:57,-1056882877#5,company|restaurant,,302.41102899925136,583.0415396467946,37.496737424712585,127.0242672800979,413.0,176.0,taxi_respawn_3,picked
dyn_pax_145,239.0,2026-09-07 09:03:59,305539406,company|restaurant|subway_entrance,,566.389495917364,736.5285064605782,37.49816998085155,127.02721550408178,335.0,96.0,taxi_46,picked
dyn_pax_146,240.0,2026-09-07 09:04:00,521770116#2,company|restaurant|bus_stop,,432.3182248087171,1108.514093563608,37.50149560521279,127.02561136613096,686.0,446.0,taxi_25,picked
dyn_pax_147,242.0,2026-09-07 09:04:02,-504509918#2,company|restaurant|bus_stop,,398.9694242295193,827.4758220967593,37.49895762305832,127.02530099003066,412.0,170.0,taxi_respawn_36,picked
dyn_pax_148,243.0,2026-09-07 09:04:03,417750337#1,restaurant,,654.3039749436668,1311.1147669608317,37.50336263595113,127.02807333923603,302.0,59.0,taxi_5,picked
dyn_pax_149,245.0,2026-09-07 09:04:05,521766175#1,company|restaurant|subway_entrance,,332.9365590021661,1411.5585828157227,37.504206724109,127.02441570308932,,,,timeout
dyn_pax_150,245.0,2026-09-07 09:04:05,-129731834#1,residential,,78.2122165689223,720.9585140244731,37.49793738265588,127.02169964763026,,,,timeout
dyn_pax_151,247.0,2026-09-07 09:04:07,521770119#0,restaurant|bus_stop,,548.9831206778387,935.1148840516827,37.499955620541705,127.02697161236954,,,,timeout
dyn_pax_152,248.0,2026-09-07 09:04:08,218857636#1,residential|company|restaurant|bus_stop,,297.92905089287035,623.2061345250047,37.49709839153085,127.02420706961871,466.0,218.0,taxi_45,picked
dyn_pax_153,250.0,2026-09-07 09:04:10,1229817205#0,company|subway_entrance|bus_stop,,599.2457558679199,652.2907550986157,37.497417346160496,127.02760695963683,383.0,133.0,taxi_1,picked
dyn_pax_154,252.0,2026-09-07 09:04:12,-1011529829#3,residential|restaurant,,246.84006179949273,776.1178104815556,37.49846619888778,127.02359312469504,,,,timeout
dyn_pax_155,254.0,2026-09-07 09:04:14,1117538958#3,bus_stop,,160.18899290588462,540.6019911995099,37.49632820280781,127.02266936696756,308.0,54.0,taxi_42,picked
dyn_pax_156,256.0,2026-09-07 09:04:16,520307304#0,school|subway_entrance|bus_stop,,602.6035134310263,763.145495629718,37.498416594724866,127.02761864854104,,,,timeout
dyn_pax_157,256.0,2026-09-07 09:04:16,-506191135#22,residential|company|restaurant|bus_stop,,38.693950105848444,1321.9513167019495,37.50334380565249,127.02110990869835,440.0,184.0,taxi_respawn_24,picked
dyn_pax_158,257.0,2026-09-07 09:04:17,-417750337#2,restaurant,,578.5487433358253,1191.18897592047,37.50226799999912,127.02724519016736,454.0,197.0,taxi_37,picked
dyn_pax_159,259.0,2026-09-07 09:04:19,494824662#3,company|restaurant|subway_entrance,,729.424850252167,406.6843378518681,37.49522941823122,127.02913698209235,560.0,301.0,taxi_4,picked
dyn_pax_160,260.0,2026-09-07 09:04:20,-417933645#2,company|restaurant|subway_entrance,,701.1658676593129,719.5455833044954,37.49804244093877,127.02874337560036,281.0,21.0,taxi_respawn_23,picked
dyn_pax_161,261.0,2026-09-07 09:04:21,-504509918#2,company|restaurant|bus_stop,,398.9694242295193,827.4758220967593,37.49895762305832,127.02530099003066,672.0,411.0,taxi_34,picked
dyn_pax_162,265.0,2026-09-07 09:04:25,1117538958#3,bus_stop,,160.18899290588462,540.6019911995099,37.49632820280781,127.02266936696756,328.0,63.0,taxi_40,picked
dyn_pax_163,268.0,2026-09-07 09:04:28,494824662#3,company|restaurant|subway_entrance,,729.424850252167,406.6843378518681,37.49522941823122,127.02913698209235,598.0,330.0,taxi_23,picked
dyn_pax_164,269.0,2026-09-07 09:04:29,521770116#2,company|restaurant|bus_stop,,432.3182248087171,1108.514093563608,37.50149560521279,127.02561136613096,667.0,398.0,taxi_43,picked
dyn_pax_165,270.0,2026-09-07 09:04:30,1376141182#0,bus_stop,,385.7154046370183,1301.0311255965628,37.50322104370192,127.02503873135461,,,,timeout
dyn_pax_166,270.0,2026-09-07 09:04:30,521770116#2,company|restaurant|bus_stop,,432.3182248087171,1108.514093563608,37.50149560521279,127.02561136613096,751.0,481.0,taxi_37,picked
dyn_pax_167,271.0,2026-09-07 09:04:31,521770119#1,restaurant|bus_stop,,527.3115514435282,995.8620162900467,37.50049875494786,127.02671217090477,566.0,295.0,taxi_6,picked
dyn_pax_168,273.0,2026-09-07 09:04:33,305539406,company|restaurant|subway_entrance,,566.389495917364,736.5285064605782,37.49816998085155,127.02721550408178,358.0,85.0,taxi_43,picked
dyn_pax_169,276.0,2026-09-07 09:04:36,1229817205#1,residential|bus_stop,,631.6400080768872,572.7061575261558,37.49670653972221,127.02799208080955,730.0,454.0,taxi_26,picked
dyn_pax_170,277.0,2026-09-07 09:04:37,504227069,residential|restaurant,,587.1158993285404,291.7776336445087,37.494167438547194,127.02755526357365,,,,timeout
dyn_pax_171,279.0,2026-09-07 09:04:39,417933645#2,residential|company|restaurant,,757.7944798520502,568.4010952306102,37.496691568512986,127.02941943794849,437.0,158.0,taxi_respawn_4,picked
dyn_pax_172,280.0,2026-09-07 09:04:40,1376141183#0,bus_stop,,548.2528111146681,901.2117688498424,37.49965007283687,127.02697139402301,447.0,167.0,taxi_33,picked
dyn_pax_173,285.0,2026-09-07 09:04:45,1117538958#3,bus_stop,,160.18899290588462,540.6019911995099,37.49632820280781,127.02266936696756,376.0,91.0,taxi_38,picked
dyn_pax_174,286.0,2026-09-07 09:04:46,541692164#1,subway_entrance,,271.6277521231475,1406.6420105391767,37.5041508337347,127.02372362926798,369.0,83.0,taxi_respawn_22,picked
dyn_pax_175,287.0,2026-09-07 09:04:47,494824662#3,company|restaurant|subway_entrance,,729.424850252167,406.6843378518681,37.49522941823122,127.02913698209235,,,,timeout
dyn_pax_176,288.0,2026-09-07 09:04:48,506191135#3,residential|company|restaurant|bus_stop,,238.79972345576414,789.4714057742513,37.49858497042428,127.023499044737,463.0,175.0,taxi_respawn_2,picked
dyn_pax_177,288.0,2026-09-07 09:04:48,-417750354#1,restaurant,,946.150029211292,974.2465578508335,37.500383078435064,127.03145303198383,328.0,40.0,taxi_11,picked
dyn_pax_178,294.0,2026-09-07 09:04:54,417933642#0,restaurant|bus_stop,,1041.0954363710525,463.30841921497654,37.49579826441859,127.03264736696761,450.0,156.0,taxi_14,picked
dyn_pax_179,294.0,2026-09-07 09:04:54,975332778#1,bus_stop,,681.6099970732737,721.9380561808346,37.49806030190971,127.02852170075586,306.0,12.0,taxi_29,picked
dyn_pax_180,299.0,2026-09-07 09:04:59,521766175#3,company|restaurant|subway_entrance|bus_stop,,373.6701172395771,1298.610217621072,37.50319695740621,127.02490310718325,,,,timeout
dyn_pax_181,299.0,2026-09-07 09:04:59,-542367267#1,bus_stop,,247.51018316686128,1414.7184918773391,37.504219024473855,127.02344900430944,369.0,70.0,taxi_47,picked
dyn_pax_182,300.0,2026-09-07 09:05:00,521766175#3,company|restaurant|subway_entrance|bus_stop,,373.6701172395771,1298.610217621072,37.50319695740621,127.02490310718325,,,,timeout
dyn_pax_183,303.0,2026-09-07 09:05:03,1229817205#0,company|subway_entrance|bus_stop,,599.2457558679199,652.2907550986157,37.497417346160496,127.02760695963683,,,,timeout
dyn_pax_184,303.0,2026-09-07 09:05:03,975332778#0,restaurant,,667.9217791522676,716.9366930139246,37.49801266412058,127.02836812020041,587.0,284.0,taxi_24,picked
dyn_pax_185,305.0,2026-09-07 09:05:05,218873820#0,restaurant|subway_entrance|bus_stop,,628.9829311132032,562.4061665928522,37.49661325243901,127.02796447999128,,,,timeout
dyn_pax_186,305.0,2026-09-07 09:05:05,417933646#2,residential|restaurant,,830.3119525357222,594.5819430897021,37.496941093289735,127.0302331440542,326.0,21.0,taxi_31,picked
dyn_pax_187,305.0,2026-09-07 09:05:05,480850873,company|restaurant|bus_stop,,548.1935052770749,708.5896639848544,37.49791486187585,127.0270163956136,584.0,279.0,taxi_26,picked
dyn_pax_188,306.0,2026-09-07 09:05:06,417750337#3,restaurant,,561.9223834850405,1183.7905002369655,37.50219821136863,127.02705894855978,,,,unpicked
dyn_pax_189,309.0,2026-09-07 09:05:09,375049565#6,restaurant|subway_entrance|bus_stop,,789.5153251748014,798.8522330112556,37.49877353199428,127.02972351946808,466.0,157.0,taxi_respawn_29,picked
dyn_pax_190,311.0,2026-09-07 09:05:11,494824662#3,company|restaurant|subway_entrance,,729.424850252167,406.6843378518681,37.49522941823122,127.02913698209235,,,,timeout
dyn_pax_191,316.0,2026-09-07 09:05:16,-417750337#6,restaurant,,503.6615133291097,1089.1021319971503,37.50133422142063,127.0264226479345,458.0,142.0,taxi_34,picked
dyn_pax_192,318.0,2026-09-07 09:05:18,129731859#0,restaurant,,636.6446621144157,858.1896913104493,37.49927921090336,127.0279810114602,420.0,102.0,taxi_48,picked
dyn_pax_193,319.0,2026-09-07 09:05:19,305539406,company|restaurant|subway_entrance,,566.389495917364,736.5285064605782,37.49816998085155,127.02721550408178,642.0,323.0,taxi_respawn_7,picked
dyn_pax_194,322.0,2026-09-07 09:05:22,218864491#0,restaurant|bus_stop,,769.9803916976219,760.1217113917903,37.49842094941813,127.02951181742357,506.0,184.0,taxi_39,picked
dyn_pax_195,322.0,2026-09-07 09:05:22,-379463130#1,restaurant,,595.1104652489141,1131.7345077296688,37.50173554422087,127.02744655088388,476.0,154.0,taxi_8,picked
dyn_pax_196,323.0,2026-09-07 09:05:23,-417933645#2,company|restaurant|subway_entrance,,701.1658676593129,719.5455833044954,37.49804244093877,127.02874337560036,397.0,74.0,taxi_44,picked
dyn_pax_197,325.0,2026-09-07 09:05:25,218857636#1,residential|company|restaurant|bus_stop,,297.92905089287035,623.2061345250047,37.49709839153085,127.02420706961871,636.0,311.0,taxi_21,picked
dyn_pax_198,326.0,2026-09-07 09:05:26,26163000#3,restaurant,,602.970622715944,1275.0711016561868,37.50302824900089,127.02750144434575,426.0,100.0,taxi_respawn_19,picked
dyn_pax_199,327.0,2026-09-07 09:05:27,117790039#0,restaurant,,1059.1652257347846,901.0190091909938,37.49974471524068,127.0327481916661,389.0,62.0,taxi_9,picked
dyn_pax_200,328.0,2026-09-07 09:05:28,218877837#2,company|restaurant|bus_stop,,479.4555212141038,978.0213907550284,37.500328997763305,127.02617530290202,479.0,151.0,taxi_28,picked
dyn_pax_201,331.0,2026-09-07 09:05:31,1376141183#0,bus_stop,,548.2528111146681,901.2117688498424,37.49965007283687,127.02697139402301,521.0,190.0,taxi_respawn_28,picked
dyn_pax_202,335.0,2026-09-07 09:05:35,521766182#1,company|restaurant|subway_entrance,,681.695169875507,539.6867345716422,37.496418539503196,127.02856584056028,458.0,123.0,taxi_17,picked
dyn_pax_203,336.0,2026-09-07 09:05:36,-379232161#3,restaurant,,957.578372934647,431.27964063812743,37.495494003443426,127.03171068469486,430.0,94.0,taxi_3,picked
dyn_pax_204,339.0,2026-09-07 09:05:39,521766175#3,company|restaurant|subway_entrance|bus_stop,,373.6701172395771,1298.610217621072,37.50319695740621,127.02490310718325,,,,timeout
dyn_pax_205,340.0,2026-09-07 09:05:40,1117538958#3,bus_stop,,160.18899290588462,540.6019911995099,37.49632820280781,127.02266936696756,385.0,45.0,taxi_10,picked
dyn_pax_206,342.0,2026-09-07 09:05:42,1376141183#0,bus_stop,,548.2528111146681,901.2117688498424,37.49965007283687,127.02697139402301,525.0,183.0,taxi_27,picked
dyn_pax_207,343.0,2026-09-07 09:05:43,129731859#1,restaurant,,770.318180095484,905.1374216517651,37.499727361620906,127.02948129560598,451.0,108.0,taxi_respawn_14,picked
dyn_pax_208,346.0,2026-09-07 09:05:46,305539406,company|restaurant|subway_entrance,,566.389495917364,736.5285064605782,37.49816998085155,127.02721550408178,,,,timeout
dyn_pax_209,348.0,2026-09-07 09:05:48,1376141182#0,bus_stop,,385.7154046370183,1301.0311255965628,37.50322104370192,127.02503873135461,,,,timeout
dyn_pax_210,351.0,2026-09-07 09:05:51,506191135#3,residential|company|restaurant|bus_stop,,238.79972345576414,789.4714057742513,37.49858497042428,127.023499044737,480.0,129.0,taxi_22,picked
dyn_pax_211,352.0,2026-09-07 09:05:52,521766175#3,company|restaurant|subway_entrance|bus_stop,,373.6701172395771,1298.610217621072,37.50319695740621,127.02490310718325,,,,timeout
dyn_pax_212,352.0,2026-09-07 09:05:52,-504509918#2,company|restaurant|bus_stop,,398.9694242295193,827.4758220967593,37.49895762305832,127.02530099003066,781.0,429.0,taxi_38,picked
dyn_pax_213,355.0,2026-09-07 09:05:55,-523141073,residential|company,,283.47995026542384,1109.9635024546676,37.50148051131825,127.02392811188028,380.0,25.0,taxi_32,picked
dyn_pax_214,360.0,2026-09-07 09:06:00,975332778#1,bus_stop,,681.6099970732737,721.9380561808346,37.49806030190971,127.02852170075586,511.0,151.0,taxi_respawn_33,picked
dyn_pax_215,360.0,2026-09-07 09:06:00,-129731721#2,company|restaurant,,388.6558839574922,820.9778890483499,37.49889713764622,127.02518592115393,663.0,303.0,taxi_respawn_29,picked
dyn_pax_216,361.0,2026-09-07 09:06:01,1117538957#3,restaurant|subway_entrance|bus_stop,,465.5082521847807,644.8780924026132,37.49732530507706,127.02609663221197,471.0,110.0,taxi_15,picked
dyn_pax_217,363.0,2026-09-07 09:06:03,218873820#0,restaurant|subway_entrance|bus_stop,,628.9829311132032,562.4061665928522,37.49661325243901,127.02796447999128,870.0,507.0,taxi_35,picked
dyn_pax_218,363.0,2026-09-07 09:06:03,-117790045#3,restaurant,,459.7597996777886,1476.3698694609513,37.50481454718326,127.02583436303603,,,,timeout
dyn_pax_219,364.0,2026-09-07 09:06:04,523141074#0,company|restaurant|subway_entrance,,524.0338794858329,871.4890157117229,37.4993777454413,127.02670460634431,413.0,49.0,taxi_27,picked
dyn_pax_220,365.0,2026-09-07 09:06:05,117823785#0,company|restaurant,,1360.8740206736493,851.0492627492013,37.499351351792384,127.0361713398344,600.0,235.0,taxi_respawn_32,picked
dyn_pax_221,366.0,2026-09-07 09:06:06,-506191135#22,residential|company|restaurant|bus_stop,,38.693950105848444,1321.9513167019495,37.50334380565249,127.02110990869835,627.0,261.0,taxi_respawn_6,picked
dyn_pax_222,367.0,2026-09-07 09:06:07,-506191135#2,residential|bus_stop,,236.19733776439384,769.6838415951818,37.49840622577806,127.02347432089968,840.0,473.0,taxi_respawn_38,picked
dyn_pax_223,368.0,2026-09-07 09:06:08,-542367267#1,bus_stop,,247.51018316686128,1414.7184918773391,37.504219024473855,127.02344900430944,503.0,135.0,taxi_42,picked
dyn_pax_224,369.0,2026-09-07 09:06:09,541692164#1,subway_entrance,,271.6277521231475,1406.6420105391767,37.5041508337347,127.02372362926798,667.0,298.0,taxi_respawn_8,picked
dyn_pax_225,371.0,2026-09-07 09:06:11,-309155295#1,residential|restaurant,,820.2174803017108,588.0239695218922,37.496880113093034,127.03012056506905,427.0,56.0,taxi_respawn_38,picked
dyn_pax_226,374.0,2026-09-07 09:06:14,506191135#3,residential|company|restaurant|bus_stop,,238.79972345576414,789.4714057742513,37.49858497042428,127.023499044737,697.0,323.0,taxi_respawn_16,picked
dyn_pax_227,375.0,2026-09-07 09:06:15,-506191135#2,residential|bus_stop,,236.19733776439384,769.6838415951818,37.49840622577806,127.02347432089968,,,,timeout
dyn_pax_228,375.0,2026-09-07 09:06:15,117790045#3,restaurant,,504.6202003222114,1382.6101305390487,37.50397841113055,127.02636386411817,,,,timeout
dyn_pax_229,377.0,2026-09-07 09:06:17,-541692164#2,subway_entrance,,317.7122087179151,1441.0296574375257,37.504469327730426,127.0242365566347,,,,timeout
dyn_pax_230,381.0,2026-09-07 09:06:21,-376649996#1,company,,349.947152138941,1.6182517984103069,37.49150877654974,127.02494272030683,,,,timeout
dyn_pax_231,381.0,2026-09-07 09:06:21,-379463134#2,restaurant,,527.5499142349145,1277.2476095039178,37.503033607059436,127.02664812966836,415.0,34.0,taxi_respawn_35,picked
dyn_pax_232,383.0,2026-09-07 09:06:23,521766180#1,company|restaurant|bus_stop,,466.73410130235357,1169.2838037446552,37.502049542882666,127.02598608796039,745.0,362.0,taxi_6,picked
dyn_pax_233,384.0,2026-09-07 09:06:24,521770119#0,restaurant|bus_stop,,548.9831206778387,935.1148840516827,37.499955620541705,127.02697161236954,890.0,506.0,taxi_29,picked
dyn_pax_234,386.0,2026-09-07 09:06:26,-506191135#22,residential|company|restaurant|bus_stop,,38.693950105848444,1321.9513167019495,37.50334380565249,127.02110990869835,666.0,280.0,taxi_36,picked
dyn_pax_235,389.0,2026-09-07 09:06:29,521770116#2,company|restaurant|bus_stop,,432.3182248087171,1108.514093563608,37.50149560521279,127.02561136613096,693.0,304.0,taxi_2,picked
dyn_pax_236,392.0,2026-09-07 09:06:32,520307304#0,school|subway_entrance|bus_stop,,602.6035134310263,763.145495629718,37.498416594724866,127.02761864854104,,,,timeout
dyn_pax_237,392.0,2026-09-07 09:06:32,521766182#1,company|restaurant|subway_entrance,,681.695169875507,539.6867345716422,37.496418539503196,127.02856584056028,480.0,88.0,taxi_31,picked
dyn_pax_238,394.0,2026-09-07 09:06:34,521770119#1,restaurant|bus_stop,,527.3115514435282,995.8620162900467,37.50049875494786,127.02671217090477,638.0,244.0,taxi_18,picked
dyn_pax_239,395.0,2026-09-07 09:06:35,305539406,company|restaurant|subway_entrance,,566.389495917364,736.5285064605782,37.49816998085155,127.02721550408178,,,,timeout
dyn_pax_240,400.0,2026-09-07 09:06:40,1376141182#0,bus_stop,,385.7154046370183,1301.0311255965628,37.50322104370192,127.02503873135461,,,,timeout
dyn_pax_241,400.0,2026-09-07 09:06:40,-913950883#1,residential|company|restaurant,,391.36286393582424,840.6655979518604,37.49907500229157,127.0252118555046,507.0,107.0,taxi_respawn_30,picked
dyn_pax_242,404.0,2026-09-07 09:06:44,494824662#3,company|restaurant|subway_entrance,,729.424850252167,406.6843378518681,37.49522941823122,127.02913698209235,,,,timeout
dyn_pax_243,406.0,2026-09-07 09:06:46,218873820#0,restaurant|subway_entrance|bus_stop,,628.9829311132032,562.4061665928522,37.49661325243901,127.02796447999128,,,,timeout
dyn_pax_244,407.0,2026-09-07 09:06:47,1117538957#3,restaurant|subway_entrance|bus_stop,,465.5082521847807,644.8780924026132,37.49732530507706,127.02609663221197,507.0,100.0,taxi_respawn_20,picked
dyn_pax_245,410.0,2026-09-07 09:06:50,-1056882877#5,company|restaurant,,302.41102899925136,583.0415396467946,37.496737424712585,127.0242672800979,606.0,196.0,taxi_respawn_25,picked
dyn_pax_246,412.0,2026-09-07 09:06:52,520307304#0,school|subway_entrance|bus_stop,,602.6035134310263,763.145495629718,37.498416594724866,127.02761864854104,,,,timeout
dyn_pax_247,414.0,2026-09-07 09:06:54,218877837#2,company|restaurant|bus_stop,,479.4555212141038,978.0213907550284,37.500328997763305,127.02617530290202,938.0,524.0,taxi_49,picked
dyn_pax_248,418.0,2026-09-07 09:06:58,1117538957#3,restaurant|subway_entrance|bus_stop,,465.5082521847807,644.8780924026132,37.49732530507706,127.02609663221197,828.0,410.0,taxi_respawn_7,picked
dyn_pax_249,426.0,2026-09-07 09:07:06,305539406,company|restaurant|subway_entrance,,566.389495917364,736.5285064605782,37.49816998085155,127.02721550408178,,,,timeout
dyn_pax_250,427.0,2026-09-07 09:07:07,218873820#0,restaurant|subway_entrance|bus_stop,,628.9829311132032,562.4061665928522,37.49661325243901,127.02796447999128,,,,timeout
dyn_pax_251,427.0,2026-09-07 09:07:07,628232693#0,company|restaurant,,644.2623295929467,660.168099777976,37.49749680792099,127.0281140674837,820.0,393.0,taxi_22,picked
dyn_pax_252,428.0,2026-09-07 09:07:08,417731530,company|restaurant,,191.66975375905443,1429.5779711342507,37.5043423120142,127.02281406437154,549.0,121.0,taxi_2,picked
dyn_pax_253,428.0,2026-09-07 09:07:08,1117538958#2,company,,104.12900552775619,520.131995808405,37.496133188537314,127.02204040818502,471.0,43.0,taxi_respawn_7,picked
dyn_pax_254,429.0,2026-09-07 09:07:09,480850873,company|restaurant|bus_stop,,548.1935052770749,708.5896639848544,37.49791486187585,127.0270163956136,542.0,113.0,taxi_32,picked
dyn_pax_255,432.0,2026-09-07 09:07:12,521766180#1,company|restaurant|bus_stop,,466.73410130235357,1169.2838037446552,37.502049542882666,127.02598608796039,833.0,401.0,taxi_3,picked
dyn_pax_256,433.0,2026-09-07 09:07:13,218864491#0,restaurant|bus_stop,,769.9803916976219,760.1217113917903,37.49842094941813,127.02951181742357,620.0,187.0,taxi_respawn_35,picked
dyn_pax_257,434.0,2026-09-07 09:07:14,417933645#0,residential|restaurant,,823.1026288816429,385.61625104994533,37.49505730126708,127.03020109557775,,,,timeout
dyn_pax_258,435.0,2026-09-07 09:07:15,520307304#0,school|subway_entrance|bus_stop,,602.6035134310263,763.145495629718,37.498416594724866,127.02761864854104,,,,timeout
dyn_pax_259,438.0,2026-09-07 09:07:18,-541692164#2,subway_entrance,,317.7122087179151,1441.0296574375257,37.504469327730426,127.0242365566347,906.0,468.0,taxi_9,picked
dyn_pax_260,438.0,2026-09-07 09:07:18,-417750354#0,residential,,923.3498430372201,1041.2071047119894,37.5009819832587,127.03117938951307,487.0,49.0,taxi_49,picked
dyn_pax_261,440.0,2026-09-07 09:07:20,305539406,company|restaurant|subway_entrance,,566.389495917364,736.5285064605782,37.49816998085155,127.02721550408178,,,,timeout
dyn_pax_262,443.0,2026-09-07 09:07:23,218864491#0,restaurant|bus_stop,,769.9803916976219,760.1217113917903,37.49842094941813,127.02951181742357,,,,timeout
dyn_pax_263,445.0,2026-09-07 09:07:25,417731530,company|restaurant,,191.66975375905443,1429.5779711342507,37.5043423120142,127.02281406437154,628.0,183.0,taxi_respawn_36,picked
dyn_pax_264,446.0,2026-09-07 09:07:26,480850873,company|restaurant|bus_stop,,548.1935052770749,708.5896639848544,37.49791486187585,127.0270163956136,631.0,185.0,taxi_10,picked
dyn_pax_265,447.0,2026-09-07 09:07:27,521766175#3,company|restaurant|subway_entrance|bus_stop,,373.6701172395771,1298.610217621072,37.50319695740621,127.02490310718325,903.0,456.0,taxi_24,picked
dyn_pax_266,448.0,2026-09-07 09:07:28,1056882877#3,residential|company|restaurant,,365.79280968467333,433.0557487307964,37.495398294451746,127.02501948586043,812.0,364.0,taxi_respawn_37,picked
dyn_pax_267,449.0,2026-09-07 09:07:29,218877837#2,company|restaurant|bus_stop,,479.4555212141038,978.0213907550284,37.500328997763305,127.02617530290202,682.0,233.0,taxi_respawn_37,picked
dyn_pax_268,450.0,2026-09-07 09:07:30,129731859#0,restaurant,,636.6446621144157,858.1896913104493,37.49927921090336,127.0279810114602,708.0,258.0,taxi_30,picked
dyn_pax_269,452.0,2026-09-07 09:07:32,178441450#1,residential|company|restaurant|bus_stop,,282.90243066757296,609.4157395563556,37.496971320837204,127.02404044855805,778.0,326.0,taxi_respawn_3,picked
dyn_pax_270,456.0,2026-09-07 09:07:36,218877837#2,company|restaurant|bus_stop,,479.4555212141038,978.0213907550284,37.500328997763305,127.02617530290202,,,,timeout
dyn_pax_271,458.0,2026-09-07 09:07:38,1117538958#3,bus_stop,,160.18899290588462,540.6019911995099,37.49632820280781,127.02266936696756,532.0,74.0,taxi_35,picked
dyn_pax_272,458.0,2026-09-07 09:07:38,375049565#6,restaurant|subway_entrance|bus_stop,,789.5153251748014,798.8522330112556,37.49877353199428,127.02972351946808,524.0,66.0,taxi_respawn_18,picked
dyn_pax_273,460.0,2026-09-07 09:07:40,-506191135#22,residential|company|restaurant|bus_stop,,38.693950105848444,1321.9513167019495,37.50334380565249,127.02110990869835,737.0,277.0,taxi_16,picked
dyn_pax_274,461.0,2026-09-07 09:07:41,521766175#1,company|restaurant|subway_entrance,,332.9365590021661,1411.5585828157227,37.504206724109,127.02441570308932,,,,timeout
dyn_pax_275,463.0,2026-09-07 09:07:43,1117538958#3,bus_stop,,160.18899290588462,540.6019911995099,37.49632820280781,127.02266936696756,554.0,91.0,taxi_16,picked
dyn_pax_276,466.0,2026-09-07 09:07:46,1537068130#0,residential,,915.247444986279,1279.656751811989,37.50312848832193,127.03103134780491,501.0,35.0,taxi_respawn_27,picked
dyn_pax_277,468.0,2026-09-07 09:07:48,1117538957#3,restaurant|subway_entrance|bus_stop,,465.5082521847807,644.8780924026132,37.49732530507706,127.02609663221197,834.0,366.0,taxi_0,picked
dyn_pax_278,470.0,2026-09-07 09:07:50,1117538958#3,bus_stop,,160.18899290588462,540.6019911995099,37.49632820280781,127.02266936696756,776.0,306.0,taxi_21,picked
dyn_pax_279,470.0,2026-09-07 09:07:50,480850873,company|restaurant|bus_stop,,548.1935052770749,708.5896639848544,37.49791486187585,127.0270163956136,655.0,185.0,taxi_41,picked
dyn_pax_280,470.0,2026-09-07 09:07:50,-256787796#7,restaurant,,650.4923169509016,809.9698095387197,37.49884744554127,127.02814900895488,553.0,83.0,taxi_48,picked
dyn_pax_281,470.0,2026-09-07 09:07:50,129731852,restaurant,,626.5739131314494,885.3301415107766,37.499521799012015,127.0278607124155,488.0,18.0,taxi_respawn_5,picked
dyn_pax_282,471.0,2026-09-07 09:07:51,521766175#1,company|restaurant|subway_entrance,,332.9365590021661,1411.5585828157227,37.504206724109,127.02441570308932,,,,timeout
dyn_pax_283,472.0,2026-09-07 09:07:52,218857636#1,residential|company|restaurant|bus_stop,,297.92905089287035,623.2061345250047,37.49709839153085,127.02420706961871,526.0,54.0,taxi_36,picked
dyn_pax_284,472.0,2026-09-07 09:07:52,26163000#3,restaurant,,602.970622715944,1275.0711016561868,37.50302824900089,127.02750144434575,559.0,87.0,taxi_9,picked
dyn_pax_285,475.0,2026-09-07 09:07:55,-309155295#1,residential|restaurant,,820.2174803017108,588.0239695218922,37.496880113093034,127.03012056506905,528.0,53.0,taxi_3,picked
dyn_pax_286,475.0,2026-09-07 09:07:55,-129731717#1,residential|company|restaurant,,188.433090102474,1374.3511058470413,37.503844200149025,127.0227905913032,509.0,34.0,taxi_respawn_23,picked
dyn_pax_287,476.0,2026-09-07 09:07:56,-504509918#2,company|restaurant|bus_stop,,398.9694242295193,827.4758220967593,37.49895762305832,127.02530099003066,953.0,477.0,taxi_respawn_4,picked
dyn_pax_288,477.0,2026-09-07 09:07:57,129731857#1,residential|restaurant,,656.8212873140518,799.6615847813327,37.498755780674834,127.02822301071001,618.0,141.0,taxi_respawn_1,picked
dyn_pax_289,478.0,2026-09-07 09:07:58,219837933#0,residential|company,,49.0199205680682,1328.1480294371383,37.503401583976704,127.02122519296726,583.0,105.0,taxi_22,picked
dyn_pax_290,479.0,2026-09-07 09:07:59,-256787796#4,restaurant,,620.2926176327408,895.5374521094307,37.49961256354246,127.02778727239327,,,,timeout
dyn_pax_291,481.0,2026-09-07 09:08:01,494824662#3,company|restaurant|subway_entrance,,729.424850252167,406.6843378518681,37.49522941823122,127.02913698209235,965.0,484.0,taxi_2,picked
dyn_pax_292,484.0,2026-09-07 09:08:04,178441450#1,residential|company|restaurant|bus_stop,,282.90243066757296,609.4157395563556,37.496971320837204,127.02404044855805,964.0,480.0,taxi_42,picked
dyn_pax_293,486.0,2026-09-07 09:08:06,117790045#2,restaurant,,537.9561568342307,1283.7183624175188,37.50309386389003,127.02676426064505,520.0,34.0,taxi_respawn_10,picked
dyn_pax_294,487.0,2026-09-07 09:08:07,218857636#1,residential|company|restaurant|bus_stop,,297.92905089287035,623.2061345250047,37.49709839153085,127.02420706961871,737.0,250.0,taxi_respawn_2,picked
dyn_pax_295,488.0,2026-09-07 09:08:08,129731858#2,restaurant,,783.9672744139122,855.548332172334,37.49928322221005,127.02964736483162,513.0,25.0,taxi_46,picked
dyn_pax_296,489.0,2026-09-07 09:08:09,506191135#3,residential|company|restaurant|bus_stop,,238.79972345576414,789.4714057742513,37.49858497042428,127.023499044737,691.0,202.0,taxi_1,picked
dyn_pax_297,490.0,2026-09-07 09:08:10,-504227067#3,restaurant,,527.7289520354611,471.5483450335965,37.495775653483,127.02684121970124,730.0,240.0,taxi_respawn_5,picked
dyn_pax_298,492.0,2026-09-07 09:08:12,-542367267#1,bus_stop,,247.51018316686128,1414.7184918773391,37.504219024473855,127.02344900430944,555.0,63.0,taxi_40,picked
dyn_pax_299,493.0,2026-09-07 09:08:13,218857636#1,residential|company|restaurant|bus_stop,,297.92905089287035,623.2061345250047,37.49709839153085,127.02420706961871,871.0,378.0,taxi_30,picked
dyn_pax_300,493.0,2026-09-07 09:08:13,-417750337#2,restaurant,,578.5487433358253,1191.18897592047,37.50226799999912,127.02724519016736,576.0,83.0,taxi_47,picked
dyn_pax_301,493.0,2026-09-07 09:08:13,1056882877#3,residential|company|restaurant,,365.79280968467333,433.0557487307964,37.495398294451746,127.02501948586043,976.0,483.0,taxi_respawn_38,picked
dyn_pax_302,495.0,2026-09-07 09:08:15,218864491#0,restaurant|bus_stop,,769.9803916976219,760.1217113917903,37.49842094941813,127.02951181742357,,,,timeout
dyn_pax_303,496.0,2026-09-07 09:08:16,521766175#1,company|restaurant|subway_entrance,,332.9365590021661,1411.5585828157227,37.504206724109,127.02441570308932,,,,timeout
dyn_pax_304,499.0,2026-09-07 09:08:19,218873820#0,restaurant|subway_entrance|bus_stop,,628.9829311132032,562.4061665928522,37.49661325243901,127.02796447999128,,,,timeout
dyn_pax_305,499.0,2026-09-07 09:08:19,129731859#4,restaurant,,948.3176585840322,968.5888771831698,37.50033252074231,127.03147887955224,602.0,103.0,taxi_respawn_17,picked
dyn_pax_306,502.0,2026-09-07 09:08:22,417933642#0,restaurant|bus_stop,,1041.0954363710525,463.30841921497654,37.49579826441859,127.03264736696761,,,,timeout
dyn_pax_307,504.0,2026-09-07 09:08:24,-506191135#2,residential|bus_stop,,236.19733776439384,769.6838415951818,37.49840622577806,127.02347432089968,,,,timeout
dyn_pax_308,505.0,2026-09-07 09:08:25,-506191135#2,residential|bus_stop,,236.19733776439384,769.6838415951818,37.49840622577806,127.02347432089968,,,,timeout
dyn_pax_309,507.0,2026-09-07 09:08:27,-541692164#2,subway_entrance,,317.7122087179151,1441.0296574375257,37.504469327730426,127.0242365566347,,,,timeout
dyn_pax_310,507.0,2026-09-07 09:08:27,-309155295#0,restaurant,,747.4684617800942,561.8059110120743,37.49663020867341,127.0293042509181,571.0,64.0,taxi_17,picked
dyn_pax_311,509.0,2026-09-07 09:08:29,-504509918#2,company|restaurant|bus_stop,,398.9694242295193,827.4758220967593,37.49895762305832,127.02530099003066,996.0,487.0,taxi_31,picked
dyn_pax_312,509.0,2026-09-07 09:08:29,-506191135#22,residential|company|restaurant|bus_stop,,38.693950105848444,1321.9513167019495,37.50334380565249,127.02110990869835,714.0,205.0,taxi_39,picked
dyn_pax_313,510.0,2026-09-07 09:08:30,-417750336#5,restaurant,,886.0343029737398,891.1232225857099,37.499622942823265,127.030792984823,644.0,134.0,taxi_respawn_13,picked
dyn_pax_314,512.0,2026-09-07 09:08:32,506191135#3,residential|company|restaurant|bus_stop,,238.79972345576414,789.4714057742513,37.49858497042428,127.023499044737,899.0,387.0,taxi_41,picked
dyn_pax_315,514.0,2026-09-07 09:08:34,379463130#0,restaurant,,544.1425087303844,1128.5419490598922,37.501697156429024,127.02687101205116,960.0,446.0,taxi_respawn_32,picked
dyn_pax_316,515.0,2026-09-07 09:08:35,-506191135#2,residential|bus_stop,,236.19733776439384,769.6838415951818,37.49840622577806,127.02347432089968,,,,timeout
dyn_pax_317,516.0,2026-09-07 09:08:36,628232693#0,company|restaurant,,644.2623295929467,660.168099777976,37.49749680792099,127.0281140674837,895.0,379.0,taxi_33,picked
dyn_pax_318,519.0,2026-09-07 09:08:39,521770116#2,company|restaurant|bus_stop,,432.3182248087171,1108.514093563608,37.50149560521279,127.02561136613096,766.0,247.0,taxi_respawn_23,picked
dyn_pax_319,524.0,2026-09-07 09:08:44,1117538957#3,restaurant|subway_entrance|bus_stop,,465.5082521847807,644.8780924026132,37.49732530507706,127.02609663221197,810.0,286.0,taxi_respawn_1,picked
dyn_pax_320,526.0,2026-09-07 09:08:46,521766180#1,company|restaurant|bus_stop,,466.73410130235357,1169.2838037446552,37.502049542882666,127.02598608796039,1013.0,487.0,taxi_respawn_24,picked
dyn_pax_321,527.0,2026-09-07 09:08:47,494824662#3,company|restaurant|subway_entrance,,729.424850252167,406.6843378518681,37.49522941823122,127.02913698209235,996.0,469.0,taxi_43,picked
dyn_pax_322,528.0,2026-09-07 09:08:48,1117538957#3,restaurant|subway_entrance|bus_stop,,465.5082521847807,644.8780924026132,37.49732530507706,127.02609663221197,840.0,312.0,taxi_respawn_36,picked
dyn_pax_323,532.0,2026-09-07 09:08:52,506191135#3,residential|company|restaurant|bus_stop,,238.79972345576414,789.4714057742513,37.49858497042428,127.023499044737,,,,timeout
dyn_pax_324,532.0,2026-09-07 09:08:52,1117538957#0,company|restaurant,,312.91680439510856,589.5311930299885,37.49679787270139,127.0243845203811,592.0,60.0,taxi_44,picked
dyn_pax_325,533.0,2026-09-07 09:08:53,375049565#6,restaurant|subway_entrance|bus_stop,,789.5153251748014,798.8522330112556,37.49877353199428,127.02972351946808,650.0,117.0,taxi_respawn_19,picked
dyn_pax_326,536.0,2026-09-07 09:08:56,1117538958#3,bus_stop,,160.18899290588462,540.6019911995099,37.49632820280781,127.02266936696756,810.0,274.0,taxi_36,picked
dyn_pax_327,537.0,2026-09-07 09:08:57,-117790045#2,restaurant,,502.6238788004042,1360.6315306450858,37.50378004402999,127.0263465049606,596.0,59.0,taxi_8,picked
dyn_pax_328,538.0,2026-09-07 09:08:58,520307304#0,school|subway_entrance|bus_stop,,602.6035134310263,763.145495629718,37.498416594724866,127.02761864854104,,,,timeout
dyn_pax_329,539.0,2026-09-07 09:08:59,-542367267#1,bus_stop,,247.51018316686128,1414.7184918773391,37.504219024473855,127.02344900430944,560.0,21.0,taxi_respawn_9,picked
dyn_pax_330,540.0,2026-09-07 09:09:00,520307304#2,restaurant,,553.737131666575,902.6336565846188,37.499663917706236,127.02703306650038,723.0,183.0,taxi_14,picked
dyn_pax_331,541.0,2026-09-07 09:09:01,1117538958#3,bus_stop,,160.18899290588462,540.6019911995099,37.49632820280781,127.02266936696756,935.0,394.0,taxi_47,picked
dyn_pax_332,542.0,2026-09-07 09:09:02,521766180#1,company|restaurant|bus_stop,,466.73410130235357,1169.2838037446552,37.502049542882666,127.02598608796039,1103.0,561.0,taxi_respawn_10,picked
dyn_pax_333,545.0,2026-09-07 09:09:05,-506191135#22,residential|company|restaurant|bus_stop,,38.693950105848444,1321.9513167019495,37.50334380565249,127.02110990869835,743.0,198.0,taxi_32,picked
dyn_pax_334,545.0,2026-09-07 09:09:05,521770116#2,company|restaurant|bus_stop,,432.3182248087171,1108.514093563608,37.50149560521279,127.02561136613096,947.0,402.0,taxi_respawn_33,picked
dyn_pax_335,553.0,2026-09-07 09:09:13,975332778#1,bus_stop,,681.6099970732737,721.9380561808346,37.49806030190971,127.02852170075586,590.0,37.0,taxi_0,picked
dyn_pax_336,556.0,2026-09-07 09:09:16,480850873,company|restaurant|bus_stop,,548.1935052770749,708.5896639848544,37.49791486187585,127.0270163956136,1035.0,479.0,taxi_15,picked
dyn_pax_337,557.0,2026-09-07 09:09:17,521766180#1,company|restaurant|bus_stop,,466.73410130235357,1169.2838037446552,37.502049542882666,127.02598608796039,1108.0,551.0,taxi_respawn_7,picked
dyn_pax_338,558.0,2026-09-07 09:09:18,1117538958#3,bus_stop,,160.18899290588462,540.6019911995099,37.49632820280781,127.02266936696756,994.0,436.0,taxi_20,picked
dyn_pax_339,559.0,2026-09-07 09:09:19,1117538957#3,restaurant|subway_entrance|bus_stop,,465.5082521847807,644.8780924026132,37.49732530507706,127.02609663221197,920.0,361.0,taxi_respawn_16,picked
dyn_pax_340,560.0,2026-09-07 09:09:20,375049565#6,restaurant|subway_entrance|bus_stop,,789.5153251748014,798.8522330112556,37.49877353199428,127.02972351946808,810.0,250.0,taxi_31,picked
dyn_pax_341,561.0,2026-09-07 09:09:21,521770119#0,restaurant|bus_stop,,548.9831206778387,935.1148840516827,37.499955620541705,127.02697161236954,,,,timeout
dyn_pax_342,562.0,2026-09-07 09:09:22,375049565#6,restaurant|subway_entrance|bus_stop,,789.5153251748014,798.8522330112556,37.49877353199428,127.02972351946808,,,,timeout
dyn_pax_343,562.0,2026-09-07 09:09:22,541692164#1,subway_entrance,,271.6277521231475,1406.6420105391767,37.5041508337347,127.02372362926798,732.0,170.0,taxi_35,picked
dyn_pax_344,563.0,2026-09-07 09:09:23,379232155,restaurant,,946.0567570824509,480.05346239194995,37.49593120335224,127.03156888346594,,,,timeout
dyn_pax_345,565.0,2026-09-07 09:09:25,975332778#1,bus_stop,,681.6099970732737,721.9380561808346,37.49806030190971,127.02852170075586,,,,timeout
dyn_pax_346,567.0,2026-09-07 09:09:27,521766175#3,company|restaurant|subway_entrance|bus_stop,,373.6701172395771,1298.610217621072,37.50319695740621,127.02490310718325,993.0,426.0,taxi_18,picked
dyn_pax_347,567.0,2026-09-07 09:09:27,218877837#2,company|restaurant|bus_stop,,479.4555212141038,978.0213907550284,37.500328997763305,127.02617530290202,,,,timeout
dyn_pax_348,568.0,2026-09-07 09:09:28,521766175#3,company|restaurant|subway_entrance|bus_stop,,373.6701172395771,1298.610217621072,37.50319695740621,127.02490310718325,1011.0,443.0,taxi_respawn_12,picked
dyn_pax_349,568.0,2026-09-07 09:09:28,117790062#7,restaurant,,610.3314045210797,1078.999817662281,37.50126336859982,127.02763115548898,651.0,83.0,taxi_respawn_22,picked
dyn_pax_350,570.0,2026-09-07 09:09:30,520307304#0,school|subway_entrance|bus_stop,,602.6035134310263,763.145495629718,37.498416594724866,127.02761864854104,,,,timeout
dyn_pax_351,573.0,2026-09-07 09:09:33,1229817205#0,company|subway_entrance|bus_stop,,599.2457558679199,652.2907550986157,37.497417346160496,127.02760695963683,,,,timeout
dyn_pax_352,575.0,2026-09-07 09:09:35,480850873,company|restaurant|bus_stop,,548.1935052770749,708.5896639848544,37.49791486187585,127.0270163956136,1002.0,427.0,taxi_21,picked
dyn_pax_353,577.0,2026-09-07 09:09:37,218873820#0,restaurant|subway_entrance|bus_stop,,628.9829311132032,562.4061665928522,37.49661325243901,127.02796447999128,1097.0,520.0,taxi_46,picked
dyn_pax_354,577.0,2026-09-07 09:09:37,117790051#2,restaurant,,558.5532373104973,1361.778638311631,37.503800946163,127.02697864469606,677.0,100.0,taxi_46,picked
dyn_pax_355,579.0,2026-09-07 09:09:39,1229817205#0,company|subway_entrance|bus_stop,,599.2457558679199,652.2907550986157,37.497417346160496,127.02760695963683,,,,timeout
dyn_pax_356,579.0,2026-09-07 09:09:39,309155295#3,restaurant,,868.2249250208004,595.011595969151,37.496952113096654,127.03066169877924,591.0,12.0,taxi_14,picked
dyn_pax_357,581.0,2026-09-07 09:09:41,1229817205#0,company|subway_entrance|bus_stop,,599.2457558679199,652.2907550986157,37.497417346160496,127.02760695963683,,,,timeout
dyn_pax_358,582.0,2026-09-07 09:09:42,1229817205#1,residential|bus_stop,,631.6400080768872,572.7061575261558,37.49670653972221,127.02799208080955,763.0,181.0,taxi_respawn_9,picked
dyn_pax_359,583.0,2026-09-07 09:09:43,379463134#0,company,,445.604196565268,1237.9330600893716,37.50266396162017,127.02573088108544,601.0,18.0,taxi_respawn_38,picked
dyn_pax_360,584.0,2026-09-07 09:09:44,520307304#0,school|subway_entrance|bus_stop,,602.6035134310263,763.145495629718,37.498416594724866,127.02761864854104,,,,timeout
dyn_pax_361,587.0,2026-09-07 09:09:47,-417933645#2,company|restaurant|subway_entrance,,701.1658676593129,719.5455833044954,37.49804244093877,127.02874337560036,919.0,332.0,taxi_respawn_35,picked
dyn_pax_362,587.0,2026-09-07 09:09:47,-1011529829#3,residential|restaurant,,246.84006179949273,776.1178104815556,37.49846619888778,127.02359312469504,772.0,185.0,taxi_11,picked
dyn_pax_363,588.0,2026-09-07 09:09:48,178441450#1,residential|company|restaurant|bus_stop,,282.90243066757296,609.4157395563556,37.496971320837204,127.02404044855805,,,,timeout
dyn_pax_364,589.0,2026-09-07 09:09:49,129731721#0,company|restaurant,,451.4485582282947,673.334514427724,37.497578992002325,127.0259309178301,867.0,278.0,taxi_28,picked
dyn_pax_365,590.0,2026-09-07 09:09:50,375049565#6,restaurant|subway_entrance|bus_stop,,789.5153251748014,798.8522330112556,37.49877353199428,127.02972351946808,,,,timeout
dyn_pax_366,590.0,2026-09-07 09:09:50,521766180#1,company|restaurant|bus_stop,,466.73410130235357,1169.2838037446552,37.502049542882666,127.02598608796039,1128.0,538.0,taxi_respawn_26,picked
dyn_pax_367,591.0,2026-09-07 09:09:51,-506191135#22,residential|company|restaurant|bus_stop,,38.693950105848444,1321.9513167019495,37.50334380565249,127.02110990869835,821.0,230.0,taxi_respawn_6,picked
dyn_pax_368,594.0,2026-09-07 09:09:54,-506191135#2,residential|bus_stop,,236.19733776439384,769.6838415951818,37.49840622577806,127.02347432089968,,,,timeout
dyn_pax_369,594.0,2026-09-07 09:09:54,494824662#3,company|restaurant|subway_entrance,,729.424850252167,406.6843378518681,37.49522941823122,127.02913698209235,1002.0,408.0,taxi_respawn_23,picked
dyn_pax_370,596.0,2026-09-07 09:09:56,541692164#1,subway_entrance,,271.6277521231475,1406.6420105391767,37.5041508337347,127.02372362926798,821.0,225.0,taxi_respawn_27,picked
dyn_pax_371,597.0,2026-09-07 09:09:57,1229817205#0,company|subway_entrance|bus_stop,,599.2457558679199,652.2907550986157,37.497417346160496,127.02760695963683,,,,timeout
dyn_pax_372,597.0,2026-09-07 09:09:57,-417750354#1,restaurant,,946.150029211292,974.2465578508335,37.500383078435064,127.03145303198383,834.0,237.0,taxi_respawn_25,picked
dyn_pax_373,598.0,2026-09-07 09:09:58,417933646#2,residential|restaurant,,830.3119525357222,594.5819430897021,37.496941093289735,127.0302331440542,613.0,15.0,taxi_respawn_34,picked
dyn_pax_374,599.0,2026-09-07 09:09:59,521770119#0,restaurant|bus_stop,,548.9831206778387,935.1148840516827,37.499955620541705,127.02697161236954,,,,timeout
dyn_pax_375,600.0,2026-09-07 09:10:00,-417750337#4,restaurant,,542.6552277079157,1139.0745154802132,37.5017917560025,127.02685169754334,841.0,241.0,taxi_respawn_34,picked
dyn_pax_376,601.0,2026-09-07 09:10:01,521766175#1,company|restaurant|subway_entrance,,332.9365590021661,1411.5585828157227,37.504206724109,127.02441570308932,,,,timeout
dyn_pax_377,602.0,2026-09-07 09:10:02,-417933645#2,company|restaurant|subway_entrance,,701.1658676593129,719.5455833044954,37.49804244093877,127.02874337560036,1074.0,472.0,taxi_respawn_30,picked
dyn_pax_378,604.0,2026-09-07 09:10:04,1117538958#3,bus_stop,,160.18899290588462,540.6019911995099,37.49632820280781,127.02266936696756,1030.0,426.0,taxi_48,picked
dyn_pax_379,605.0,2026-09-07 09:10:05,417933646#0,restaurant,,894.2617302193242,410.3206078764906,37.49529326349135,127.03099977850056,681.0,76.0,taxi_respawn_18,picked
dyn_pax_380,606.0,2026-09-07 09:10:06,506191135#3,residential|company|restaurant|bus_stop,,238.79972345576414,789.4714057742513,37.49858497042428,127.023499044737,1042.0,436.0,taxi_22,picked
dyn_pax_381,607.0,2026-09-07 09:10:07,218877837#2,company|restaurant|bus_stop,,479.4555212141038,978.0213907550284,37.500328997763305,127.02617530290202,,,,timeout
dyn_pax_382,607.0,2026-09-07 09:10:07,417933645#2,residential|company|restaurant,,757.7944798520502,568.4010952306102,37.496691568512986,127.02941943794849,693.0,86.0,taxi_33,picked
dyn_pax_383,607.0,2026-09-07 09:10:07,256787796#0,restaurant,,530.944358998998,1120.7521543106918,37.50162448989409,127.02672362781294,704.0,97.0,taxi_47,picked
dyn_pax_384,608.0,2026-09-07 09:10:08,1229817205#1,residential|bus_stop,,631.6400080768872,572.7061575261558,37.49670653972221,127.02799208080955,855.0,247.0,taxi_34,picked
dyn_pax_385,608.0,2026-09-07 09:10:08,-1056882877#5,company|restaurant,,302.41102899925136,583.0415396467946,37.496737424712585,127.0242672800979,696.0,88.0,taxi_15,picked
dyn_pax_386,609.0,2026-09-07 09:10:09,506191135#3,residential|company|restaurant|bus_stop,,238.79972345576414,789.4714057742513,37.49858497042428,127.023499044737,,,,timeout
dyn_pax_387,613.0,2026-09-07 09:10:13,178441450#1,residential|company|restaurant|bus_stop,,282.90243066757296,609.4157395563556,37.496971320837204,127.02404044855805,1142.0,529.0,taxi_respawn_15,picked
dyn_pax_388,614.0,2026-09-07 09:10:14,480850873,company|restaurant|bus_stop,,548.1935052770749,708.5896639848544,37.49791486187585,127.0270163956136,,,,timeout
dyn_pax_389,616.0,2026-09-07 09:10:16,218873820#0,restaurant|subway_entrance|bus_stop,,628.9829311132032,562.4061665928522,37.49661325243901,127.02796447999128,1277.0,661.0,taxi_respawn_33,picked
dyn_pax_390,616.0,2026-09-07 09:10:16,-309155295#4,residential|restaurant,,966.4689567179357,639.4784987131154,37.49737120494098,127.0317619612052,1021.0,405.0,taxi_12,picked
dyn_pax_391,616.0,2026-09-07 09:10:16,129731721#0,company|restaurant,,451.4485582282947,673.334514427724,37.497578992002325,127.0259309178301,711.0,95.0,taxi_17,picked
dyn_pax_392,617.0,2026-09-07 09:10:17,305539406,company|restaurant|subway_entrance,,566.389495917364,736.5285064605782,37.49816998085155,127.02721550408178,,,,timeout
dyn_pax_393,619.0,2026-09-07 09:10:19,521770119#1,restaurant|bus_stop,,527.3115514435282,995.8620162900467,37.50049875494786,127.02671217090477,646.0,27.0,taxi_respawn_4,picked
dyn_pax_394,619.0,2026-09-07 09:10:19,1056882877#3,residential|company|restaurant,,365.79280968467333,433.0557487307964,37.495398294451746,127.02501948586043,1080.0,461.0,taxi_14,picked
dyn_pax_395,619.0,2026-09-07 09:10:19,379463130#0,restaurant,,544.1425087303844,1128.5419490598922,37.501697156429024,127.02687101205116,,,,timeout
dyn_pax_396,620.0,2026-09-07 09:10:20,1376141183#0,bus_stop,,548.2528111146681,901.2117688498424,37.49965007283687,127.02697139402301,702.0,82.0,taxi_12,picked
dyn_pax_397,620.0,2026-09-07 09:10:20,-117790039#4,restaurant,,976.1736160857955,1107.3942396063046,37.50158817580974,127.03176100793065,887.0,267.0,taxi_respawn_29,picked
dyn_pax_398,621.0,2026-09-07 09:10:21,305539406,company|restaurant|subway_entrance,,566.389495917364,736.5285064605782,37.49816998085155,127.02721550408178,,,,timeout
dyn_pax_399,622.0,2026-09-07 09:10:22,375049565#6,restaurant|subway_entrance|bus_stop,,789.5153251748014,798.8522330112556,37.49877353199428,127.02972351946808,,,,timeout
dyn_pax_400,622.0,2026-09-07 09:10:22,521766182#1,company|restaurant|subway_entrance,,681.695169875507,539.6867345716422,37.496418539503196,127.02856584056028,698.0,76.0,taxi_23,picked
dyn_pax_401,623.0,2026-09-07 09:10:23,1376141183#0,bus_stop,,548.2528111146681,901.2117688498424,37.49965007283687,127.02697139402301,883.0,260.0,taxi_10,picked
dyn_pax_402,623.0,2026-09-07 09:10:23,-417750337#0,restaurant,,672.8749254632385,1321.3640627464144,37.50345847130562,127.02828089713113,655.0,32.0,taxi_31,picked
dyn_pax_403,626.0,2026-09-07 09:10:26,-1537068129#0,restaurant,,962.1540281232122,1146.7630824504436,37.50194018104768,127.03159317410272,945.0,319.0,taxi_respawn_25,picked
dyn_pax_404,627.0,2026-09-07 09:10:27,218864491#0,restaurant|bus_stop,,769.9803916976219,760.1217113917903,37.49842094941813,127.02951181742357,,,,timeout
dyn_pax_405,630.0,2026-09-07 09:10:30,520307304#0,school|subway_entrance|bus_stop,,602.6035134310263,763.145495629718,37.498416594724866,127.02761864854104,,,,timeout
dyn_pax_406,631.0,2026-09-07 09:10:31,523141074#0,company|restaurant|subway_entrance,,524.0338794858329,871.4890157117229,37.4993777454413,127.02670460634431,773.0,142.0,taxi_respawn_14,picked
dyn_pax_407,633.0,2026-09-07 09:10:33,218877837#2,company|restaurant|bus_stop,,479.4555212141038,978.0213907550284,37.500328997763305,127.02617530290202,,,,timeout
dyn_pax_408,636.0,2026-09-07 09:10:36,218877837#2,company|restaurant|bus_stop,,479.4555212141038,978.0213907550284,37.500328997763305,127.02617530290202,,,,timeout
dyn_pax_409,637.0,2026-09-07 09:10:37,178441450#1,residential|company|restaurant|bus_stop,,282.90243066757296,609.4157395563556,37.496971320837204,127.02404044855805,1137.0,500.0,taxi_20,picked
dyn_pax_410,640.0,2026-09-07 09:10:40,305539406,company|restaurant|subway_entrance,,566.389495917364,736.5285064605782,37.49816998085155,127.02721550408178,,,,timeout
dyn_pax_411,640.0,2026-09-07 09:10:40,218877837#2,company|restaurant|bus_stop,,479.4555212141038,978.0213907550284,37.500328997763305,127.02617530290202,,,,timeout
dyn_pax_412,642.0,2026-09-07 09:10:42,375049565#6,restaurant|subway_entrance|bus_stop,,789.5153251748014,798.8522330112556,37.49877353199428,127.02972351946808,,,,timeout
dyn_pax_413,642.0,2026-09-07 09:10:42,521766182#1,company|restaurant|subway_entrance,,681.695169875507,539.6867345716422,37.496418539503196,127.02856584056028,785.0,143.0,taxi_respawn_35,picked
dyn_pax_414,645.0,2026-09-07 09:10:45,1117538957#3,restaurant|subway_entrance|bus_stop,,465.5082521847807,644.8780924026132,37.49732530507706,127.02609663221197,1105.0,460.0,taxi_24,picked
dyn_pax_415,648.0,2026-09-07 09:10:48,178441450#1,residential|company|restaurant|bus_stop,,282.90243066757296,609.4157395563556,37.496971320837204,127.02404044855805,,,,timeout
dyn_pax_416,649.0,2026-09-07 09:10:49,1229817205#0,company|subway_entrance|bus_stop,,599.2457558679199,652.2907550986157,37.497417346160496,127.02760695963683,,,,timeout
dyn_pax_417,650.0,2026-09-07 09:10:50,129731859#1,restaurant,,770.318180095484,905.1374216517651,37.499727361620906,127.02948129560598,821.0,171.0,taxi_respawn_32,picked
dyn_pax_418,652.0,2026-09-07 09:10:52,417933646#0,restaurant,,894.2617302193242,410.3206078764906,37.49529326349135,127.03099977850056,1073.0,421.0,taxi_respawn_19,picked
dyn_pax_419,653.0,2026-09-07 09:10:53,375049565#6,restaurant|subway_entrance|bus_stop,,789.5153251748014,798.8522330112556,37.49877353199428,127.02972351946808,,,,timeout
dyn_pax_420,653.0,2026-09-07 09:10:53,375049565#2,restaurant,,1048.966709229659,894.5327467658005,37.49968436369115,127.03263441305876,810.0,157.0,taxi_respawn_4,picked
dyn_pax_421,654.0,2026-09-07 09:10:54,117790039#0,restaurant,,1059.1652257347846,901.0190091909938,37.49974471524068,127.0327481916661,,,,timeout
dyn_pax_422,656.0,2026-09-07 09:10:56,521766180#1,company|restaurant|bus_stop,,466.73410130235357,1169.2838037446552,37.502049542882666,127.02598608796039,1194.0,538.0,taxi_respawn_25,picked
dyn_pax_423,657.0,2026-09-07 09:10:57,1537068130#0,residential,,915.247444986279,1279.656751811989,37.50312848832193,127.03103134780491,935.0,278.0,taxi_25,picked
dyn_pax_424,658.0,2026-09-07 09:10:58,-417750337#1,restaurant,,620.0756768942672,1248.4347545200121,37.5027915312318,127.02770116938098,945.0,287.0,taxi_respawn_14,picked
dyn_pax_425,658.0,2026-09-07 09:10:58,-913950883#1,residential|company|restaurant,,391.36286393582424,840.6655979518604,37.49907500229157,127.0252118555046,907.0,249.0,taxi_23,picked
dyn_pax_426,659.0,2026-09-07 09:10:59,494824662#3,company|restaurant|subway_entrance,,729.424850252167,406.6843378518681,37.49522941823122,127.02913698209235,1007.0,348.0,taxi_32,picked
dyn_pax_427,662.0,2026-09-07 09:11:02,375049565#6,restaurant|subway_entrance|bus_stop,,789.5153251748014,798.8522330112556,37.49877353199428,127.02972351946808,,,,timeout
dyn_pax_428,664.0,2026-09-07 09:11:04,-117790045#3,restaurant,,459.7597996777886,1476.3698694609513,37.50481454718326,127.02583436303603,,,,timeout
dyn_pax_429,665.0,2026-09-07 09:11:05,-504509918#2,company|restaurant|bus_stop,,398.9694242295193,827.4758220967593,37.49895762305832,127.02530099003066,,,,timeout
dyn_pax_430,666.0,2026-09-07 09:11:06,521766175#3,company|restaurant|subway_entrance|bus_stop,,373.6701172395771,1298.610217621072,37.50319695740621,127.02490310718325,1085.0,419.0,taxi_4,picked
dyn_pax_431,666.0,2026-09-07 09:11:06,417731530,company|restaurant,,191.66975375905443,1429.5779711342507,37.5043423120142,127.02281406437154,691.0,25.0,taxi_respawn_11,picked
dyn_pax_432,669.0,2026-09-07 09:11:09,520307304#0,school|subway_entrance|bus_stop,,602.6035134310263,763.145495629718,37.498416594724866,127.02761864854104,,,,timeout
dyn_pax_433,669.0,2026-09-07 09:11:09,417750337#2,restaurant,,602.0112566641748,1239.22102407953,37.50270511928559,127.02749909599581,725.0,56.0,taxi_4,picked
dyn_pax_434,671.0,2026-09-07 09:11:11,417731530,company|restaurant,,191.66975375905443,1429.5779711342507,37.5043423120142,127.02281406437154,715.0,44.0,taxi_42,picked
dyn_pax_435,672.0,2026-09-07 09:11:12,520307304#0,school|subway_entrance|bus_stop,,602.6035134310263,763.145495629718,37.498416594724866,127.02761864854104,,,,timeout
dyn_pax_436,674.0,2026-09-07 09:11:14,-417933645#2,company|restaurant|subway_entrance,,701.1658676593129,719.5455833044954,37.49804244093877,127.02874337560036,1135.0,461.0,taxi_respawn_16,picked
dyn_pax_437,677.0,2026-09-07 09:11:17,1117538957#3,restaurant|subway_entrance|bus_stop,,465.5082521847807,644.8780924026132,37.49732530507706,127.02609663221197,1122.0,445.0,taxi_respawn_4,picked
dyn_pax_438,680.0,2026-09-07 09:11:20,417750337#5,restaurant,,522.3387290339521,1126.7881672814829,37.50167723806998,127.02662489231146,1118.0,438.0,taxi_26,picked
dyn_pax_439,682.0,2026-09-07 09:11:22,506191135#3,residential|company|restaurant|bus_stop,,238.79972345576414,789.4714057742513,37.49858497042428,127.023499044737,1165.0,483.0,taxi_respawn_36,picked
dyn_pax_440,683.0,2026-09-07 09:11:23,178441450#1,residential|company|restaurant|bus_stop,,282.90243066757296,609.4157395563556,37.496971320837204,127.02404044855805,,,,timeout
dyn_pax_441,685.0,2026-09-07 09:11:25,218857636#1,residential|company|restaurant|bus_stop,,297.92905089287035,623.2061345250047,37.49709839153085,127.02420706961871,1013.0,328.0,taxi_respawn_6,picked
dyn_pax_442,686.0,2026-09-07 09:11:26,521770116#2,company|restaurant|bus_stop,,432.3182248087171,1108.514093563608,37.50149560521279,127.02561136613096,823.0,137.0,taxi_respawn_10,picked
dyn_pax_443,688.0,2026-09-07 09:11:28,521766175#3,company|restaurant|subway_entrance|bus_stop,,373.6701172395771,1298.610217621072,37.50319695740621,127.02490310718325,,,,timeout
dyn_pax_444,689.0,2026-09-07 09:11:29,218873820#0,restaurant|subway_entrance|bus_stop,,628.9829311132032,562.4061665928522,37.49661325243901,127.02796447999128,,,,timeout
dyn_pax_445,690.0,2026-09-07 09:11:30,-117790031#1,restaurant,,730.7814463439225,1053.3410552584976,37.501054966737435,127.02899915797848,,,,timeout
dyn_pax_446,692.0,2026-09-07 09:11:32,521766182#1,company|restaurant|subway_entrance,,681.695169875507,539.6867345716422,37.496418539503196,127.02856584056028,1057.0,365.0,taxi_respawn_11,picked
dyn_pax_447,694.0,2026-09-07 09:11:34,1117538957#3,restaurant|subway_entrance|bus_stop,,465.5082521847807,644.8780924026132,37.49732530507706,127.02609663221197,1191.0,497.0,taxi_respawn_5,picked
dyn_pax_448,695.0,2026-09-07 09:11:35,218864491#0,restaurant|bus_stop,,769.9803916976219,760.1217113917903,37.49842094941813,127.02951181742357,,,,timeout
dyn_pax_449,695.0,2026-09-07 09:11:35,417933642#2,residential|restaurant,,976.5976168723116,645.9370182109647,37.49743129415275,127.0318749523804,892.0,197.0,taxi_respawn_19,picked
dyn_pax_450,697.0,2026-09-07 09:11:37,1117538957#3,restaurant|subway_entrance|bus_stop,,465.5082521847807,644.8780924026132,37.49732530507706,127.02609663221197,,,,timeout
dyn_pax_451,700.0,2026-09-07 09:11:40,-506191135#22,residential|company|restaurant|bus_stop,,38.693950105848444,1321.9513167019495,37.50334380565249,127.02110990869835,794.0,94.0,taxi_respawn_12,picked
dyn_pax_452,700.0,2026-09-07 09:11:40,417750342#0,residential,,845.3624953099543,1340.16590884019,37.50366039527634,127.03022681464076,969.0,269.0,taxi_respawn_1,picked
dyn_pax_453,700.0,2026-09-07 09:11:40,521766180#1,company|restaurant|bus_stop,,466.73410130235357,1169.2838037446552,37.502049542882666,127.02598608796039,1199.0,499.0,taxi_respawn_17,picked
dyn_pax_454,702.0,2026-09-07 09:11:42,1229817205#0,company|subway_entrance|bus_stop,,599.2457558679199,652.2907550986157,37.497417346160496,127.02760695963683,,,,timeout
dyn_pax_455,703.0,2026-09-07 09:11:43,-506191135#22,residential|company|restaurant|bus_stop,,38.693950105848444,1321.9513167019495,37.50334380565249,127.02110990869835,868.0,165.0,taxi_respawn_20,picked
dyn_pax_456,705.0,2026-09-07 09:11:45,218857636#1,residential|company|restaurant|bus_stop,,297.92905089287035,623.2061345250047,37.49709839153085,127.02420706961871,1042.0,337.0,taxi_6,picked
dyn_pax_457,709.0,2026-09-07 09:11:49,494824662#3,company|restaurant|subway_entrance,,729.424850252167,406.6843378518681,37.49522941823122,127.02913698209235,1090.0,381.0,taxi_0,picked
dyn_pax_458,711.0,2026-09-07 09:11:51,521766175#1,company|restaurant|subway_entrance,,332.9365590021661,1411.5585828157227,37.504206724109,127.02441570308932,,,,timeout
dyn_pax_459,715.0,2026-09-07 09:11:55,-506191135#2,residential|bus_stop,,236.19733776439384,769.6838415951818,37.49840622577806,127.02347432089968,,,,timeout
dyn_pax_460,717.0,2026-09-07 09:11:57,218873820#0,restaurant|subway_entrance|bus_stop,,628.9829311132032,562.4061665928522,37.49661325243901,127.02796447999128,,,,timeout
dyn_pax_461,718.0,2026-09-07 09:11:58,541692164#1,subway_entrance,,271.6277521231475,1406.6420105391767,37.5041508337347,127.02372362926798,1088.0,370.0,taxi_34,picked
dyn_pax_462,720.0,2026-09-07 09:12:00,-417933645#2,company|restaurant|subway_entrance,,701.1658676593129,719.5455833044954,37.49804244093877,127.02874337560036,1172.0,452.0,taxi_33,picked
dyn_pax_463,723.0,2026-09-07 09:12:03,-504227066#3,restaurant,,449.3214735737982,636.1754008755333,37.497243849267164,127.02591568328045,980.0,257.0,taxi_respawn_27,picked
dyn_pax_464,725.0,2026-09-07 09:12:05,521766175#1,company|restaurant|subway_entrance,,332.9365590021661,1411.5585828157227,37.504206724109,127.02441570308932,,,,timeout
dyn_pax_465,727.0,2026-09-07 09:12:07,309155295#1,restaurant,,764.2225196982893,558.1760304781078,37.4966006705371,127.0294945363528,744.0,17.0,taxi_19,picked
dyn_pax_466,728.0,2026-09-07 09:12:08,305539406,company|restaurant|subway_entrance,,566.389495917364,736.5285064605782,37.49816998085155,127.02721550408178,1169.0,441.0,taxi_respawn_9,picked
dyn_pax_467,729.0,2026-09-07 09:12:09,1117538957#3,restaurant|subway_entrance|bus_stop,,465.5082521847807,644.8780924026132,37.49732530507706,127.02609663221197,,,,timeout
dyn_pax_468,731.0,2026-09-07 09:12:11,521770116#2,company|restaurant|bus_stop,,432.3182248087171,1108.514093563608,37.50149560521279,127.02561136613096,1201.0,470.0,taxi_respawn_31,picked
dyn_pax_469,731.0,2026-09-07 09:12:11,-417933646#1,residential|restaurant,,826.6019869456061,577.8075382253838,37.49678928421788,127.03019516859905,765.0,34.0,taxi_respawn_17,picked
dyn_pax_470,732.0,2026-09-07 09:12:12,520307304#0,school|subway_entrance|bus_stop,,602.6035134310263,763.145495629718,37.498416594724866,127.02761864854104,,,,timeout
dyn_pax_471,734.0,2026-09-07 09:12:14,218873820#0,restaurant|subway_entrance|bus_stop,,628.9829311132032,562.4061665928522,37.49661325243901,127.02796447999128,,,,timeout
dyn_pax_472,734.0,2026-09-07 09:12:14,129731720#0,residential|company|restaurant,,292.10678712231254,1113.150773394943,37.50151085547559,127.02402489828896,1066.0,332.0,taxi_8,picked
dyn_pax_473,735.0,2026-09-07 09:12:15,218864491#0,restaurant|bus_stop,,769.9803916976219,760.1217113917903,37.49842094941813,127.02951181742357,,,,timeout
dyn_pax_474,738.0,2026-09-07 09:12:18,521766175#3,company|restaurant|subway_entrance|bus_stop,,373.6701172395771,1298.610217621072,37.50319695740621,127.02490310718325,,,,timeout
dyn_pax_475,738.0,2026-09-07 09:12:18,1117538957#3,restaurant|subway_entrance|bus_stop,,465.5082521847807,644.8780924026132,37.49732530507706,127.02609663221197,,,,timeout
dyn_pax_476,741.0,2026-09-07 09:12:21,117823785#0,company|restaurant,,1360.8740206736493,851.0492627492013,37.499351351792384,127.0361713398344,774.0,33.0,taxi_7,picked
dyn_pax_477,741.0,2026-09-07 09:12:21,417731530,company|restaurant,,191.66975375905443,1429.5779711342507,37.5043423120142,127.02281406437154,780.0,39.0,taxi_respawn_8,picked
dyn_pax_478,743.0,2026-09-07 09:12:23,129731857#1,residential|restaurant,,656.8212873140518,799.6615847813327,37.498755780674834,127.02822301071001,1047.0,304.0,taxi_respawn_5,picked
dyn_pax_479,748.0,2026-09-07 09:12:28,523141074#0,company|restaurant|subway_entrance,,524.0338794858329,871.4890157117229,37.4993777454413,127.02670460634431,778.0,30.0,taxi_43,picked
dyn_pax_480,749.0,2026-09-07 09:12:29,1117538958#3,bus_stop,,160.18899290588462,540.6019911995099,37.49632820280781,127.02266936696756,1091.0,342.0,taxi_49,picked
dyn_pax_481,750.0,2026-09-07 09:12:30,-913950883#1,residential|company|restaurant,,391.36286393582424,840.6655979518604,37.49907500229157,127.0252118555046,951.0,201.0,taxi_27,picked
dyn_pax_482,751.0,2026-09-07 09:12:31,-417933645#2,company|restaurant|subway_entrance,,701.1658676593129,719.5455833044954,37.49804244093877,127.02874337560036,,,,timeout
dyn_pax_483,751.0,2026-09-07 09:12:31,480850873,company|restaurant|bus_stop,,548.1935052770749,708.5896639848544,37.49791486187585,127.0270163956136,,,,timeout
dyn_pax_484,752.0,2026-09-07 09:12:32,417750354#1,restaurant,,919.2899707887079,1024.6134421491665,37.5008317366974,127.03113741131199,,,,timeout
dyn_pax_485,754.0,2026-09-07 09:12:34,521766182#1,company|restaurant|subway_entrance,,681.695169875507,539.6867345716422,37.496418539503196,127.02856584056028,918.0,164.0,taxi_1,picked
dyn_pax_486,754.0,2026-09-07 09:12:34,521766180#1,company|restaurant|bus_stop,,466.73410130235357,1169.2838037446552,37.502049542882666,127.02598608796039,1275.0,521.0,taxi_41,picked
dyn_pax_487,755.0,2026-09-07 09:12:35,-542367267#1,bus_stop,,247.51018316686128,1414.7184918773391,37.504219024473855,127.02344900430944,819.0,64.0,taxi_20,picked
dyn_pax_488,757.0,2026-09-07 09:12:37,520307304#0,school|subway_entrance|bus_stop,,602.6035134310263,763.145495629718,37.498416594724866,127.02761864854104,,,,timeout
dyn_pax_489,759.0,2026-09-07 09:12:39,-129731717#1,residential|company|restaurant,,188.433090102474,1374.3511058470413,37.503844200149025,127.0227905913032,767.0,8.0,taxi_40,picked
dyn_pax_490,761.0,2026-09-07 09:12:41,521766175#3,company|restaurant|subway_entrance|bus_stop,,373.6701172395771,1298.610217621072,37.50319695740621,127.02490310718325,,,,timeout
dyn_pax_491,763.0,2026-09-07 09:12:43,-379463134#2,restaurant,,527.5499142349145,1277.2476095039178,37.503033607059436,127.02664812966836,894.0,131.0,taxi_45,picked
dyn_pax_492,766.0,2026-09-07 09:12:46,506191135#3,residential|company|restaurant|bus_stop,,238.79972345576414,789.4714057742513,37.49858497042428,127.023499044737,1201.0,435.0,taxi_45,picked
dyn_pax_493,767.0,2026-09-07 09:12:47,520307304#0,school|subway_entrance|bus_stop,,602.6035134310263,763.145495629718,37.498416594724866,127.02761864854104,,,,timeout
dyn_pax_494,768.0,2026-09-07 09:12:48,305539406,company|restaurant|subway_entrance,,566.389495917364,736.5285064605782,37.49816998085155,127.02721550408178,,,,timeout
dyn_pax_495,769.0,2026-09-07 09:12:49,218857636#1,residential|company|restaurant|bus_stop,,297.92905089287035,623.2061345250047,37.49709839153085,127.02420706961871,1239.0,470.0,taxi_respawn_18,picked
dyn_pax_496,770.0,2026-09-07 09:12:50,-417750337#4,restaurant,,542.6552277079157,1139.0745154802132,37.5017917560025,127.02685169754334,1022.0,252.0,taxi_respawn_17,picked
dyn_pax_497,771.0,2026-09-07 09:12:51,-506191135#2,residential|bus_stop,,236.19733776439384,769.6838415951818,37.49840622577806,127.02347432089968,,,,timeout
dyn_pax_498,771.0,2026-09-07 09:12:51,480850873,company|restaurant|bus_stop,,548.1935052770749,708.5896639848544,37.49791486187585,127.0270163956136,,,,timeout
dyn_pax_499,772.0,2026-09-07 09:12:52,-129731857#2,restaurant,,875.7452923990509,884.8037873845144,37.499564075208866,127.03067814538078,822.0,50.0,taxi_respawn_15,picked
dyn_pax_500,772.0,2026-09-07 09:12:52,-417750336#3,school|company,,868.1859178511071,948.5147012398835,37.50013657861005,127.03057759421064,936.0,164.0,taxi_26,picked
dyn_pax_501,774.0,2026-09-07 09:12:54,375049565#6,restaurant|subway_entrance|bus_stop,,789.5153251748014,798.8522330112556,37.49877353199428,127.02972351946808,1186.0,412.0,taxi_respawn_11,picked
dyn_pax_502,775.0,2026-09-07 09:12:55,506191135#3,residential|company|restaurant|bus_stop,,238.79972345576414,789.4714057742513,37.49858497042428,127.023499044737,,,,timeout
dyn_pax_503,777.0,2026-09-07 09:12:57,375049565#6,restaurant|subway_entrance|bus_stop,,789.5153251748014,798.8522330112556,37.49877353199428,127.02972351946808,,,,timeout
dyn_pax_504,778.0,2026-09-07 09:12:58,541692164#1,subway_entrance,,271.6277521231475,1406.6420105391767,37.5041508337347,127.02372362926798,1183.0,405.0,taxi_6,picked
dyn_pax_505,780.0,2026-09-07 09:13:00,521766182#1,company|restaurant|subway_entrance,,681.695169875507,539.6867345716422,37.496418539503196,127.02856584056028,1404.0,624.0,taxi_22,picked
dyn_pax_506,781.0,2026-09-07 09:13:01,375049565#6,restaurant|subway_entrance|bus_stop,,789.5153251748014,798.8522330112556,37.49877353199428,127.02972351946808,,,,timeout
dyn_pax_507,781.0,2026-09-07 09:13:01,1229817205#0,company|subway_entrance|bus_stop,,599.2457558679199,652.2907550986157,37.497417346160496,127.02760695963683,,,,timeout
dyn_pax_508,783.0,2026-09-07 09:13:03,305539406,company|restaurant|subway_entrance,,566.389495917364,736.5285064605782,37.49816998085155,127.02721550408178,,,,timeout
dyn_pax_509,784.0,2026-09-07 09:13:04,375049565#6,restaurant|subway_entrance|bus_stop,,789.5153251748014,798.8522330112556,37.49877353199428,127.02972351946808,,,,timeout
dyn_pax_510,789.0,2026-09-07 09:13:09,1229817205#0,company|subway_entrance|bus_stop,,599.2457558679199,652.2907550986157,37.497417346160496,127.02760695963683,,,,timeout
dyn_pax_511,790.0,2026-09-07 09:13:10,521770119#1,restaurant|bus_stop,,527.3115514435282,995.8620162900467,37.50049875494786,127.02671217090477,835.0,45.0,taxi_respawn_30,picked
dyn_pax_512,796.0,2026-09-07 09:13:16,494824662#3,company|restaurant|subway_entrance,,729.424850252167,406.6843378518681,37.49522941823122,127.02913698209235,1283.0,487.0,taxi_respawn_21,picked
dyn_pax_513,797.0,2026-09-07 09:13:17,305539406,company|restaurant|subway_entrance,,566.389495917364,736.5285064605782,37.49816998085155,127.02721550408178,,,,timeout
dyn_pax_514,797.0,2026-09-07 09:13:17,417750337#1,restaurant,,654.3039749436668,1311.1147669608317,37.50336263595113,127.02807333923603,1115.0,318.0,taxi_29,picked
dyn_pax_515,798.0,2026-09-07 09:13:18,305539406,company|restaurant|subway_entrance,,566.389495917364,736.5285064605782,37.49816998085155,127.02721550408178,,,,timeout
dyn_pax_516,803.0,2026-09-07 09:13:23,520307304#0,school|subway_entrance|bus_stop,,602.6035134310263,763.145495629718,37.498416594724866,127.02761864854104,,,,timeout
dyn_pax_517,804.0,2026-09-07 09:13:24,-805827765,restaurant,,955.7439147780814,1157.0835718820576,37.50203194319751,127.03151825266303,953.0,149.0,taxi_37,picked
dyn_pax_518,807.0,2026-09-07 09:13:27,523141074#0,company|restaurant|subway_entrance,,524.0338794858329,871.4890157117229,37.4993777454413,127.02670460634431,1183.0,376.0,taxi_respawn_27,picked
dyn_pax_519,808.0,2026-09-07 09:13:28,-129731858#1,restaurant,,779.3164249772793,838.8541978668718,37.49913195860003,127.0295987323456,,,,timeout
dyn_pax_520,808.0,2026-09-07 09:13:28,805827756#0,restaurant,,725.8600087193602,932.9429066344904,37.49996945301828,127.02897203227693,1306.0,498.0,taxi_respawn_7,picked
dyn_pax_521,809.0,2026-09-07 09:13:29,178441450#1,residential|company|restaurant|bus_stop,,282.90243066757296,609.4157395563556,37.496971320837204,127.02404044855805,1269.0,460.0,taxi_14,picked
dyn_pax_522,809.0,2026-09-07 09:13:29,521766175#1,company|restaurant|subway_entrance,,332.9365590021661,1411.5585828157227,37.504206724109,127.02441570308932,,,,timeout
dyn_pax_523,809.0,2026-09-07 09:13:29,218857636#1,residential|company|restaurant|bus_stop,,297.92905089287035,623.2061345250047,37.49709839153085,127.02420706961871,,,,timeout
dyn_pax_524,811.0,2026-09-07 09:13:31,129731859#1,restaurant,,770.318180095484,905.1374216517651,37.499727361620906,127.02948129560598,1012.0,201.0,taxi_33,picked
dyn_pax_525,813.0,2026-09-07 09:13:33,1376141183#0,bus_stop,,548.2528111146681,901.2117688498424,37.49965007283687,127.02697139402301,1342.0,529.0,taxi_respawn_37,picked
dyn_pax_526,818.0,2026-09-07 09:13:38,520307304#0,school|subway_entrance|bus_stop,,602.6035134310263,763.145495629718,37.498416594724866,127.02761864854104,,,,timeout
dyn_pax_527,820.0,2026-09-07 09:13:40,218864491#0,restaurant|bus_stop,,769.9803916976219,760.1217113917903,37.49842094941813,127.02951181742357,,,,timeout
dyn_pax_528,821.0,2026-09-07 09:13:41,1376141182#0,bus_stop,,385.7154046370183,1301.0311255965628,37.50322104370192,127.02503873135461,,,,timeout
dyn_pax_529,823.0,2026-09-07 09:13:43,494824662#3,company|restaurant|subway_entrance,,729.424850252167,406.6843378518681,37.49522941823122,127.02913698209235,1320.0,497.0,taxi_respawn_22,picked
dyn_pax_530,824.0,2026-09-07 09:13:44,541692164#1,subway_entrance,,271.6277521231475,1406.6420105391767,37.5041508337347,127.02372362926798,1236.0,412.0,taxi_18,picked
dyn_pax_531,827.0,2026-09-07 09:13:47,-417933645#2,company|restaurant|subway_entrance,,701.1658676593129,719.5455833044954,37.49804244093877,127.02874337560036,,,,timeout
dyn_pax_532,827.0,2026-09-07 09:13:47,-805827765,restaurant,,955.7439147780814,1157.0835718820576,37.50203194319751,127.03151825266303,1018.0,191.0,taxi_17,picked
dyn_pax_533,829.0,2026-09-07 09:13:49,521766175#3,company|restaurant|subway_entrance|bus_stop,,373.6701172395771,1298.610217621072,37.50319695740621,127.02490310718325,,,,timeout
dyn_pax_534,831.0,2026-09-07 09:13:51,-542367267#1,bus_stop,,247.51018316686128,1414.7184918773391,37.504219024473855,127.02344900430944,998.0,167.0,taxi_respawn_22,picked
dyn_pax_535,833.0,2026-09-07 09:13:53,521766175#3,company|restaurant|subway_entrance|bus_stop,,373.6701172395771,1298.610217621072,37.50319695740621,127.02490310718325,,,,timeout
dyn_pax_536,835.0,2026-09-07 09:13:55,521766175#1,company|restaurant|subway_entrance,,332.9365590021661,1411.5585828157227,37.504206724109,127.02441570308932,,,,timeout
dyn_pax_537,837.0,2026-09-07 09:13:57,-117790045#3,restaurant,,459.7597996777886,1476.3698694609513,37.50481454718326,127.02583436303603,,,,timeout
dyn_pax_538,838.0,2026-09-07 09:13:58,218857636#1,residential|company|restaurant|bus_stop,,297.92905089287035,623.2061345250047,37.49709839153085,127.02420706961871,,,,timeout
dyn_pax_539,839.0,2026-09-07 09:13:59,1117538957#3,restaurant|subway_entrance|bus_stop,,465.5082521847807,644.8780924026132,37.49732530507706,127.02609663221197,,,,timeout
dyn_pax_540,842.0,2026-09-07 09:14:02,129731857#2,company,,789.9847076009492,845.2662126154856,37.499191732762846,127.02971783662417,972.0,130.0,taxi_36,picked
dyn_pax_541,844.0,2026-09-07 09:14:04,218877837#2,company|restaurant|bus_stop,,479.4555212141038,978.0213907550284,37.500328997763305,127.02617530290202,1319.0,475.0,taxi_respawn_36,picked
dyn_pax_542,844.0,2026-09-07 09:14:04,-504227066#3,restaurant,,449.3214735737982,636.1754008755333,37.497243849267164,127.02591568328045,1265.0,421.0,taxi_43,picked
dyn_pax_543,846.0,2026-09-07 09:14:06,-506191135#2,residential|bus_stop,,236.19733776439384,769.6838415951818,37.49840622577806,127.02347432089968,,,,timeout
dyn_pax_544,847.0,2026-09-07 09:14:07,521766175#3,company|restaurant|subway_entrance|bus_stop,,373.6701172395771,1298.610217621072,37.50319695740621,127.02490310718325,,,,timeout
dyn_pax_545,850.0,2026-09-07 09:14:10,375049565#6,restaurant|subway_entrance|bus_stop,,789.5153251748014,798.8522330112556,37.49877353199428,127.02972351946808,,,,timeout
dyn_pax_546,852.0,2026-09-07 09:14:12,219837933#0,residential|company,,49.0199205680682,1328.1480294371383,37.503401583976704,127.02122519296726,1006.0,154.0,taxi_respawn_13,picked
dyn_pax_547,854.0,2026-09-07 09:14:14,-417750337#1,restaurant,,620.0756768942672,1248.4347545200121,37.5027915312318,127.02770116938098,1080.0,226.0,taxi_25,picked
dyn_pax_548,855.0,2026-09-07 09:14:15,1376141183#0,bus_stop,,548.2528111146681,901.2117688498424,37.49965007283687,127.02697139402301,,,,timeout
dyn_pax_549,856.0,2026-09-07 09:14:16,1229817205#0,company|subway_entrance|bus_stop,,599.2457558679199,652.2907550986157,37.497417346160496,127.02760695963683,,,,timeout
dyn_pax_550,856.0,2026-09-07 09:14:16,-417750354#1,restaurant,,946.150029211292,974.2465578508335,37.500383078435064,127.03145303198383,1053.0,197.0,taxi_38,picked
dyn_pax_551,856.0,2026-09-07 09:14:16,309155295#3,restaurant,,868.2249250208004,595.011595969151,37.496952113096654,127.03066169877924,1065.0,209.0,taxi_3,picked
dyn_pax_552,858.0,2026-09-07 09:14:18,-506191135#2,residential|bus_stop,,236.19733776439384,769.6838415951818,37.49840622577806,127.02347432089968,,,,timeout
dyn_pax_553,859.0,2026-09-07 09:14:19,521770119#0,restaurant|bus_stop,,548.9831206778387,935.1148840516827,37.499955620541705,127.02697161236954,,,,timeout
dyn_pax_554,859.0,2026-09-07 09:14:19,379463134#4,restaurant,,574.4815382344308,1284.0756787717605,37.50310398350559,127.02717717678497,907.0,48.0,taxi_19,picked
dyn_pax_555,859.0,2026-09-07 09:14:19,129731720#0,residential|company|restaurant,,292.10678712231254,1113.150773394943,37.50151085547559,127.02402489828896,1071.0,212.0,taxi_respawn_18,picked
dyn_pax_556,861.0,2026-09-07 09:14:21,520307304#0,school|subway_entrance|bus_stop,,602.6035134310263,763.145495629718,37.498416594724866,127.02761864854104,,,,timeout
dyn_pax_557,865.0,2026-09-07 09:14:25,520307304#0,school|subway_entrance|bus_stop,,602.6035134310263,763.145495629718,37.498416594724866,127.02761864854104,,,,timeout
dyn_pax_558,867.0,2026-09-07 09:14:27,1229817205#0,company|subway_entrance|bus_stop,,599.2457558679199,652.2907550986157,37.497417346160496,127.02760695963683,,,,timeout
dyn_pax_559,869.0,2026-09-07 09:14:29,521766182#1,company|restaurant|subway_entrance,,681.695169875507,539.6867345716422,37.496418539503196,127.02856584056028,,,,timeout
dyn_pax_560,870.0,2026-09-07 09:14:30,521770116#2,company|restaurant|bus_stop,,432.3182248087171,1108.514093563608,37.50149560521279,127.02561136613096,1018.0,148.0,taxi_11,picked
dyn_pax_561,871.0,2026-09-07 09:14:31,-1011529829#3,residential|restaurant,,246.84006179949273,776.1178104815556,37.49846619888778,127.02359312469504,1366.0,495.0,taxi_respawn_14,picked
dyn_pax_562,872.0,2026-09-07 09:14:32,1229817205#0,company|subway_entrance|bus_stop,,599.2457558679199,652.2907550986157,37.497417346160496,127.02760695963683,,,,timeout
dyn_pax_563,876.0,2026-09-07 09:14:36,521770116#2,company|restaurant|bus_stop,,432.3182248087171,1108.514093563608,37.50149560521279,127.02561136613096,1132.0,256.0,taxi_9,picked
dyn_pax_564,879.0,2026-09-07 09:14:39,178441450#1,residential|company|restaurant|bus_stop,,282.90243066757296,609.4157395563556,37.496971320837204,127.02404044855805,1358.0,479.0,taxi_27,picked
dyn_pax_565,881.0,2026-09-07 09:14:41,480850873,company|restaurant|bus_stop,,548.1935052770749,708.5896639848544,37.49791486187585,127.0270163956136,1299.0,418.0,taxi_20,picked
dyn_pax_566,882.0,2026-09-07 09:14:42,521766180#1,company|restaurant|bus_stop,,466.73410130235357,1169.2838037446552,37.502049542882666,127.02598608796039,,,,timeout
dyn_pax_567,882.0,2026-09-07 09:14:42,523141074#0,company|restaurant|subway_entrance,,524.0338794858329,871.4890157117229,37.4993777454413,127.02670460634431,1222.0,340.0,taxi_19,picked
dyn_pax_568,884.0,2026-09-07 09:14:44,1229817205#1,residential|bus_stop,,631.6400080768872,572.7061575261558,37.49670653972221,127.02799208080955,1077.0,193.0,taxi_35,picked
dyn_pax_569,885.0,2026-09-07 09:14:45,520307304#0,school|subway_entrance|bus_stop,,602.6035134310263,763.145495629718,37.498416594724866,127.02761864854104,,,,timeout
dyn_pax_570,886.0,2026-09-07 09:14:46,1117538957#0,company|restaurant,,312.91680439510856,589.5311930299885,37.49679787270139,127.0243845203811,957.0,71.0,taxi_respawn_28,picked
dyn_pax_571,887.0,2026-09-07 09:14:47,-417933645#2,company|restaurant|subway_entrance,,701.1658676593129,719.5455833044954,37.49804244093877,127.02874337560036,,,,timeout
dyn_pax_572,888.0,2026-09-07 09:14:48,1229817205#0,company|subway_entrance|bus_stop,,599.2457558679199,652.2907550986157,37.497417346160496,127.02760695963683,,,,timeout
dyn_pax_573,890.0,2026-09-07 09:14:50,541692164#1,subway_entrance,,271.6277521231475,1406.6420105391767,37.5041508337347,127.02372362926798,1365.0,475.0,taxi_respawn_24,picked
dyn_pax_574,893.0,2026-09-07 09:14:53,521770119#1,restaurant|bus_stop,,527.3115514435282,995.8620162900467,37.50049875494786,127.02671217090477,1376.0,483.0,taxi_42,picked
dyn_pax_575,895.0,2026-09-07 09:14:55,218873820#0,restaurant|subway_entrance|bus_stop,,628.9829311132032,562.4061665928522,37.49661325243901,127.02796447999128,,,,timeout
dyn_pax_576,898.0,2026-09-07 09:14:58,129731859#6,restaurant,,984.8051641629477,982.1134039896856,37.50046123095764,127.0318882391282,1382.0,484.0,taxi_46,picked
dyn_pax_577,899.0,2026-09-07 09:14:59,417933642#0,restaurant|bus_stop,,1041.0954363710525,463.30841921497654,37.49579826441859,127.03264736696761,,,,timeout
dyn_pax_578,899.0,2026-09-07 09:14:59,-379463134#6,restaurant,,651.5506250710082,1319.679135788758,37.50343926652266,127.02804017641046,,,,timeout
dyn_pax_579,902.0,2026-09-07 09:15:02,375049565#6,restaurant|subway_entrance|bus_stop,,789.5153251748014,798.8522330112556,37.49877353199428,127.02972351946808,,,,timeout
dyn_pax_580,902.0,2026-09-07 09:15:02,-506191135#2,residential|bus_stop,,236.19733776439384,769.6838415951818,37.49840622577806,127.02347432089968,,,,timeout
dyn_pax_581,904.0,2026-09-07 09:15:04,520307304#0,school|subway_entrance|bus_stop,,602.6035134310263,763.145495629718,37.498416594724866,127.02761864854104,,,,timeout
dyn_pax_582,904.0,2026-09-07 09:15:04,305539406,company|restaurant|subway_entrance,,566.389495917364,736.5285064605782,37.49816998085155,127.02721550408178,1348.0,444.0,taxi_25,picked
dyn_pax_583,907.0,2026-09-07 09:15:07,-417933645#2,company|restaurant|subway_entrance,,701.1658676593129,719.5455833044954,37.49804244093877,127.02874337560036,,,,timeout
dyn_pax_584,908.0,2026-09-07 09:15:08,975332778#1,bus_stop,,681.6099970732737,721.9380561808346,37.49806030190971,127.02852170075586,1086.0,178.0,taxi_40,picked
dyn_pax_585,910.0,2026-09-07 09:15:10,494824662#3,company|restaurant|subway_entrance,,729.424850252167,406.6843378518681,37.49522941823122,127.02913698209235,,,,timeout
dyn_pax_586,913.0,2026-09-07 09:15:13,218877837#2,company|restaurant|bus_stop,,479.4555212141038,978.0213907550284,37.500328997763305,127.02617530290202,,,,timeout
dyn_pax_587,914.0,2026-09-07 09:15:14,417731530,company|restaurant,,191.66975375905443,1429.5779711342507,37.5043423120142,127.02281406437154,957.0,43.0,taxi_respawn_2,picked
dyn_pax_588,914.0,2026-09-07 09:15:14,417933645#2,residential|company|restaurant,,757.7944798520502,568.4010952306102,37.496691568512986,127.02941943794849,1110.0,196.0,taxi_39,picked
dyn_pax_589,916.0,2026-09-07 09:15:16,-506191135#22,residential|company|restaurant|bus_stop,,38.693950105848444,1321.9513167019495,37.50334380565249,127.02110990869835,995.0,79.0,taxi_respawn_3,picked
dyn_pax_590,918.0,2026-09-07 09:15:18,-541692164#2,subway_entrance,,317.7122087179151,1441.0296574375257,37.504469327730426,127.0242365566347,,,,timeout
dyn_pax_591,921.0,2026-09-07 09:15:21,218877837#2,company|restaurant|bus_stop,,479.4555212141038,978.0213907550284,37.500328997763305,127.02617530290202,,,,timeout
dyn_pax_592,922.0,2026-09-07 09:15:22,1117538958#3,bus_stop,,160.18899290588462,540.6019911995099,37.49632820280781,127.02266936696756,1128.0,206.0,taxi_21,picked
dyn_pax_593,922.0,2026-09-07 09:15:22,129731857#1,residential|restaurant,,656.8212873140518,799.6615847813327,37.498755780674834,127.02822301071001,,,,timeout
dyn_pax_594,924.0,2026-09-07 09:15:24,375049565#6,restaurant|subway_entrance|bus_stop,,789.5153251748014,798.8522330112556,37.49877353199428,127.02972351946808,1432.0,508.0,taxi_34,picked
dyn_pax_595,925.0,2026-09-07 09:15:25,305539406,company|restaurant|subway_entrance,,566.389495917364,736.5285064605782,37.49816998085155,127.02721550408178,,,,timeout
dyn_pax_596,927.0,2026-09-07 09:15:27,521766182#1,company|restaurant|subway_entrance,,681.695169875507,539.6867345716422,37.496418539503196,127.02856584056028,,,,timeout
dyn_pax_597,927.0,2026-09-07 09:15:27,375049565#2,restaurant,,1048.966709229659,894.5327467658005,37.49968436369115,127.03263441305876,945.0,18.0,taxi_39,picked
dyn_pax_598,928.0,2026-09-07 09:15:28,521770119#0,restaurant|bus_stop,,548.9831206778387,935.1148840516827,37.499955620541705,127.02697161236954,,,,timeout
dyn_pax_599,930.0,2026-09-07 09:15:30,1229817205#1,residential|bus_stop,,631.6400080768872,572.7061575261558,37.49670653972221,127.02799208080955,1112.0,182.0,taxi_10,picked
dyn_pax_600,931.0,2026-09-07 09:15:31,1376141183#0,bus_stop,,548.2528111146681,901.2117688498424,37.49965007283687,127.02697139402301,,,,timeout
dyn_pax_601,934.0,2026-09-07 09:15:34,521766175#1,company|restaurant|subway_entrance,,332.9365590021661,1411.5585828157227,37.504206724109,127.02441570308932,,,,timeout
dyn_pax_602,937.0,2026-09-07 09:15:37,1376141183#0,bus_stop,,548.2528111146681,901.2117688498424,37.49965007283687,127.02697139402301,,,,timeout
dyn_pax_603,937.0,2026-09-07 09:15:37,628232693#0,company|restaurant,,644.2623295929467,660.168099777976,37.49749680792099,127.0281140674837,1141.0,204.0,taxi_12,picked
dyn_pax_604,938.0,2026-09-07 09:15:38,504227069,residential|restaurant,,587.1158993285404,291.7776336445087,37.494167438547194,127.02755526357365,,,,timeout
dyn_pax_605,939.0,2026-09-07 09:15:39,-506191135#22,residential|company|restaurant|bus_stop,,38.693950105848444,1321.9513167019495,37.50334380565249,127.02110990869835,1003.0,64.0,taxi_respawn_21,picked
dyn_pax_606,939.0,2026-09-07 09:15:39,309155295#0,company|restaurant,,688.2712938579457,529.5739965525526,37.49632868191341,127.02864258735015,1214.0,275.0,taxi_respawn_12,picked
dyn_pax_607,941.0,2026-09-07 09:15:41,1376141182#0,bus_stop,,385.7154046370183,1301.0311255965628,37.50322104370192,127.02503873135461,,,,timeout
dyn_pax_608,942.0,2026-09-07 09:15:42,-417933645#2,company|restaurant|subway_entrance,,701.1658676593129,719.5455833044954,37.49804244093877,127.02874337560036,,,,timeout
dyn_pax_609,945.0,2026-09-07 09:15:45,117790062#7,restaurant,,610.3314045210797,1078.999817662281,37.50126336859982,127.02763115548898,1306.0,361.0,taxi_respawn_17,picked
dyn_pax_610,947.0,2026-09-07 09:15:47,-542367267#1,bus_stop,,247.51018316686128,1414.7184918773391,37.504219024473855,127.02344900430944,1004.0,57.0,taxi_16,picked
dyn_pax_611,948.0,2026-09-07 09:15:48,521766175#3,company|restaurant|subway_entrance|bus_stop,,373.6701172395771,1298.610217621072,37.50319695740621,127.02490310718325,1446.0,498.0,taxi_7,picked
dyn_pax_612,949.0,2026-09-07 09:15:49,256787796#5,restaurant,,616.3422671393917,878.7532899245961,37.49946062055924,127.02774658517313,1026.0,77.0,taxi_respawn_8,picked
dyn_pax_613,950.0,2026-09-07 09:15:50,521770116#2,company|restaurant|bus_stop,,432.3182248087171,1108.514093563608,37.50149560521279,127.02561136613096,1121.0,171.0,taxi_7,picked
dyn_pax_614,950.0,2026-09-07 09:15:50,375049565#6,restaurant|subway_entrance|bus_stop,,789.5153251748014,798.8522330112556,37.49877353199428,127.02972351946808,1438.0,488.0,taxi_respawn_13,picked
dyn_pax_615,950.0,2026-09-07 09:15:50,-379463134#6,restaurant,,651.5506250710082,1319.679135788758,37.50343926652266,127.02804017641046,,,,timeout
dyn_pax_616,951.0,2026-09-07 09:15:51,520307304#0,school|subway_entrance|bus_stop,,602.6035134310263,763.145495629718,37.498416594724866,127.02761864854104,,,,timeout
dyn_pax_617,953.0,2026-09-07 09:15:53,520307304#0,school|subway_entrance|bus_stop,,602.6035134310263,763.145495629718,37.498416594724866,127.02761864854104,,,,timeout
dyn_pax_618,954.0,2026-09-07 09:15:54,521766180#1,company|restaurant|bus_stop,,466.73410130235357,1169.2838037446552,37.502049542882666,127.02598608796039,,,,timeout
dyn_pax_619,956.0,2026-09-07 09:15:56,-506191135#2,residential|bus_stop,,236.19733776439384,769.6838415951818,37.49840622577806,127.02347432089968,,,,timeout
dyn_pax_620,957.0,2026-09-07 09:15:57,521766180#1,company|restaurant|bus_stop,,466.73410130235357,1169.2838037446552,37.502049542882666,127.02598608796039,,,,timeout
dyn_pax_621,958.0,2026-09-07 09:15:58,218877837#0,company,,455.71990885566936,1045.563527646426,37.50093295148158,127.02589090425857,1212.0,254.0,taxi_respawn_34,picked
dyn_pax_622,959.0,2026-09-07 09:15:59,521766180#1,company|restaurant|bus_stop,,466.73410130235357,1169.2838037446552,37.502049542882666,127.02598608796039,,,,timeout
dyn_pax_623,960.0,2026-09-07 09:16:00,-504509918#2,company|restaurant|bus_stop,,398.9694242295193,827.4758220967593,37.49895762305832,127.02530099003066,1304.0,344.0,taxi_44,picked
dyn_pax_624,962.0,2026-09-07 09:16:02,218877837#2,company|restaurant|bus_stop,,479.4555212141038,978.0213907550284,37.500328997763305,127.02617530290202,,,,timeout
dyn_pax_625,963.0,2026-09-07 09:16:03,309155295#3,restaurant,,868.2249250208004,595.011595969151,37.496952113096654,127.03066169877924,1082.0,119.0,taxi_28,picked
dyn_pax_626,965.0,2026-09-07 09:16:05,521766180#1,company|restaurant|bus_stop,,466.73410130235357,1169.2838037446552,37.502049542882666,127.02598608796039,,,,timeout
dyn_pax_627,967.0,2026-09-07 09:16:07,506191135#3,residential|company|restaurant|bus_stop,,238.79972345576414,789.4714057742513,37.49858497042428,127.023499044737,1471.0,504.0,taxi_0,picked
dyn_pax_628,967.0,2026-09-07 09:16:07,504509918#0,residential|restaurant,,511.83203920742636,882.9034728009249,37.49947826486711,127.02656393710718,1176.0,209.0,taxi_respawn_6,picked
dyn_pax_629,968.0,2026-09-07 09:16:08,975332778#1,bus_stop,,681.6099970732737,721.9380561808346,37.49806030190971,127.02852170075586,1125.0,157.0,taxi_respawn_28,picked
dyn_pax_630,970.0,2026-09-07 09:16:10,218873820#0,restaurant|subway_entrance|bus_stop,,628.9829311132032,562.4061665928522,37.49661325243901,127.02796447999128,,,,timeout
dyn_pax_631,971.0,2026-09-07 09:16:11,521766175#1,company|restaurant|subway_entrance,,332.9365590021661,1411.5585828157227,37.504206724109,127.02441570308932,,,,timeout
dyn_pax_632,973.0,2026-09-07 09:16:13,1229817205#0,company|subway_entrance|bus_stop,,599.2457558679199,652.2907550986157,37.497417346160496,127.02760695963683,,,,timeout
dyn_pax_633,974.0,2026-09-07 09:16:14,-542367267#1,bus_stop,,247.51018316686128,1414.7184918773391,37.504219024473855,127.02344900430944,1087.0,113.0,taxi_30,picked
dyn_pax_634,974.0,2026-09-07 09:16:14,541692164#1,subway_entrance,,271.6277521231475,1406.6420105391767,37.5041508337347,127.02372362926798,1409.0,435.0,taxi_respawn_34,picked
dyn_pax_635,976.0,2026-09-07 09:16:16,521770119#0,restaurant|bus_stop,,548.9831206778387,935.1148840516827,37.499955620541705,127.02697161236954,,,,timeout
dyn_pax_636,976.0,2026-09-07 09:16:16,178441450#1,residential|company|restaurant|bus_stop,,282.90243066757296,609.4157395563556,37.496971320837204,127.02404044855805,1375.0,399.0,taxi_31,picked
dyn_pax_637,979.0,2026-09-07 09:16:19,521770119#0,restaurant|bus_stop,,548.9831206778387,935.1148840516827,37.499955620541705,127.02697161236954,,,,timeout
dyn_pax_638,980.0,2026-09-07 09:16:20,129731857#1,residential|restaurant,,656.8212873140518,799.6615847813327,37.498755780674834,127.02822301071001,,,,timeout
dyn_pax_639,983.0,2026-09-07 09:16:23,117790039#3,restaurant,,1021.8645860465238,1004.4924062015546,37.500669811640854,127.03230197280303,1208.0,225.0,taxi_respawn_2,picked
dyn_pax_640,987.0,2026-09-07 09:16:27,520307304#0,school|subway_entrance|bus_stop,,602.6035134310263,763.145495629718,37.498416594724866,127.02761864854104,,,,timeout
dyn_pax_641,988.0,2026-09-07 09:16:28,1117538958#3,bus_stop,,160.18899290588462,540.6019911995099,37.49632820280781,127.02266936696756,1187.0,199.0,taxi_respawn_35,picked
dyn_pax_642,994.0,2026-09-07 09:16:34,494824662#3,company|restaurant|subway_entrance,,729.424850252167,406.6843378518681,37.49522941823122,127.02913698209235,1492.0,498.0,taxi_9,picked
dyn_pax_643,996.0,2026-09-07 09:16:36,480850873,company|restaurant|bus_stop,,548.1935052770749,708.5896639848544,37.49791486187585,127.0270163956136,1489.0,493.0,taxi_23,picked
dyn_pax_644,996.0,2026-09-07 09:16:36,379463134#0,company,,445.604196565268,1237.9330600893716,37.50266396162017,127.02573088108544,1010.0,14.0,taxi_44,picked
dyn_pax_645,998.0,2026-09-07 09:16:38,417750337#5,restaurant,,522.3387290339521,1126.7881672814829,37.50167723806998,127.02662489231146,1163.0,165.0,taxi_37,picked
dyn_pax_646,1000.0,2026-09-07 09:16:40,-541692164#2,subway_entrance,,317.7122087179151,1441.0296574375257,37.504469327730426,127.0242365566347,,,,timeout
dyn_pax_647,1001.0,2026-09-07 09:16:41,506191135#3,residential|company|restaurant|bus_stop,,238.79972345576414,789.4714057742513,37.49858497042428,127.023499044737,,,,timeout
dyn_pax_648,1002.0,2026-09-07 09:16:42,1229817205#1,residential|bus_stop,,631.6400080768872,572.7061575261558,37.49670653972221,127.02799208080955,1204.0,202.0,taxi_respawn_32,picked
dyn_pax_649,1002.0,2026-09-07 09:16:42,417750337#1,restaurant,,654.3039749436668,1311.1147669608317,37.50336263595113,127.02807333923603,,,,timeout
dyn_pax_650,1003.0,2026-09-07 09:16:43,-541692164#2,subway_entrance,,317.7122087179151,1441.0296574375257,37.504469327730426,127.0242365566347,,,,timeout
dyn_pax_651,1003.0,2026-09-07 09:16:43,256787796#0,restaurant,,530.944358998998,1120.7521543106918,37.50162448989409,127.02672362781294,1119.0,116.0,taxi_respawn_1,picked
dyn_pax_652,1006.0,2026-09-07 09:16:46,218857636#1,residential|company|restaurant|bus_stop,,297.92905089287035,623.2061345250047,37.49709839153085,127.02420706961871,,,,timeout
dyn_pax_653,1008.0,2026-09-07 09:16:48,1117538957#3,restaurant|subway_entrance|bus_stop,,465.5082521847807,644.8780924026132,37.49732530507706,127.02609663221197,1369.0,361.0,taxi_39,picked
dyn_pax_654,1009.0,2026-09-07 09:16:49,521770119#0,restaurant|bus_stop,,548.9831206778387,935.1148840516827,37.499955620541705,127.02697161236954,,,,timeout
dyn_pax_655,1011.0,2026-09-07 09:16:51,520307304#0,school|subway_entrance|bus_stop,,602.6035134310263,763.145495629718,37.498416594724866,127.02761864854104,,,,timeout
dyn_pax_656,1014.0,2026-09-07 09:16:54,218873820#0,restaurant|subway_entrance|bus_stop,,628.9829311132032,562.4061665928522,37.49661325243901,127.02796447999128,,,,timeout
dyn_pax_657,1017.0,2026-09-07 09:16:57,1117538957#3,restaurant|subway_entrance|bus_stop,,465.5082521847807,644.8780924026132,37.49732530507706,127.02609663221197,,,,timeout
dyn_pax_658,1019.0,2026-09-07 09:16:59,-506191135#2,residential|bus_stop,,236.19733776439384,769.6838415951818,37.49840622577806,127.02347432089968,,,,timeout
dyn_pax_659,1019.0,2026-09-07 09:16:59,-417750337#2,restaurant,,578.5487433358253,1191.18897592047,37.50226799999912,127.02724519016736,,,,timeout
dyn_pax_660,1020.0,2026-09-07 09:17:00,-506191135#2,residential|bus_stop,,236.19733776439384,769.6838415951818,37.49840622577806,127.02347432089968,,,,timeout
dyn_pax_661,1021.0,2026-09-07 09:17:01,417933645#2,residential|company|restaurant,,757.7944798520502,568.4010952306102,37.496691568512986,127.02941943794849,1177.0,156.0,taxi_36,picked
dyn_pax_662,1023.0,2026-09-07 09:17:03,417933642#0,restaurant|bus_stop,,1041.0954363710525,463.30841921497654,37.49579826441859,127.03264736696761,,,,timeout
dyn_pax_663,1024.0,2026-09-07 09:17:04,506191135#3,residential|company|restaurant|bus_stop,,238.79972345576414,789.4714057742513,37.49858497042428,127.023499044737,,,,timeout
dyn_pax_664,1025.0,2026-09-07 09:17:05,521766175#3,company|restaurant|subway_entrance|bus_stop,,373.6701172395771,1298.610217621072,37.50319695740621,127.02490310718325,,,,timeout
dyn_pax_665,1025.0,2026-09-07 09:17:05,-117790045#3,restaurant,,459.7597996777886,1476.3698694609513,37.50481454718326,127.02583436303603,,,,timeout
dyn_pax_666,1026.0,2026-09-07 09:17:06,-504509918#2,company|restaurant|bus_stop,,398.9694242295193,827.4758220967593,37.49895762305832,127.02530099003066,1406.0,380.0,taxi_48,picked
dyn_pax_667,1028.0,2026-09-07 09:17:08,-506191135#22,residential|company|restaurant|bus_stop,,38.693950105848444,1321.9513167019495,37.50334380565249,127.02110990869835,1146.0,118.0,taxi_23,picked
dyn_pax_668,1031.0,2026-09-07 09:17:11,218877837#2,company|restaurant|bus_stop,,479.4555212141038,978.0213907550284,37.500328997763305,127.02617530290202,1486.0,455.0,taxi_17,picked
dyn_pax_669,1032.0,2026-09-07 09:17:12,521766182#1,company|restaurant|subway_entrance,,681.695169875507,539.6867345716422,37.496418539503196,127.02856584056028,,,,timeout
dyn_pax_670,1037.0,2026-09-07 09:17:17,-417933645#2,company|restaurant|subway_entrance,,701.1658676593129,719.5455833044954,37.49804244093877,127.02874337560036,,,,timeout
dyn_pax_671,1039.0,2026-09-07 09:17:19,521766182#1,company|restaurant|subway_entrance,,681.695169875507,539.6867345716422,37.496418539503196,127.02856584056028,,,,timeout
dyn_pax_672,1039.0,2026-09-07 09:17:19,375049565#2,restaurant,,1048.966709229659,894.5327467658005,37.49968436369115,127.03263441305876,1210.0,171.0,taxi_respawn_3,picked
dyn_pax_673,1040.0,2026-09-07 09:17:20,-506191135#22,residential|company|restaurant|bus_stop,,38.693950105848444,1321.9513167019495,37.50334380565249,127.02110990869835,1399.0,359.0,taxi_10,picked
dyn_pax_674,1041.0,2026-09-07 09:17:21,-1011529829#3,residential|restaurant,,246.84006179949273,776.1178104815556,37.49846619888778,127.02359312469504,1437.0,396.0,taxi_20,picked
dyn_pax_675,1042.0,2026-09-07 09:17:22,1376141182#0,bus_stop,,385.7154046370183,1301.0311255965628,37.50322104370192,127.02503873135461,,,,timeout
dyn_pax_676,1042.0,2026-09-07 09:17:22,-129731717#1,residential|company|restaurant,,188.433090102474,1374.3511058470413,37.503844200149025,127.0227905913032,1113.0,71.0,taxi_respawn_29,picked
dyn_pax_677,1043.0,2026-09-07 09:17:23,975332778#1,bus_stop,,681.6099970732737,721.9380561808346,37.49806030190971,127.02852170075586,1155.0,112.0,taxi_respawn_8,picked
dyn_pax_678,1044.0,2026-09-07 09:17:24,-256787796#1,restaurant,,578.741609978934,1014.5790766049616,37.500677080058935,127.02728924469663,1238.0,194.0,taxi_29,picked
dyn_pax_679,1046.0,2026-09-07 09:17:26,-417933645#2,company|restaurant|subway_entrance,,701.1658676593129,719.5455833044954,37.49804244093877,127.02874337560036,,,,timeout
dyn_pax_680,1047.0,2026-09-07 09:17:27,-129731852,restaurant,,721.4959946165901,929.589824990092,37.499938423771525,127.02892348366522,1530.0,483.0,taxi_respawn_10,picked
dyn_pax_681,1048.0,2026-09-07 09:17:28,417750337#3,restaurant,,561.9223834850405,1183.7905002369655,37.50219821136863,127.02705894855978,,,,unpicked
dyn_pax_682,1051.0,2026-09-07 09:17:31,990628460#0,restaurant,,624.9193131653682,704.9656163236222,37.49789670602668,127.02788475117727,,,,timeout
dyn_pax_683,1052.0,2026-09-07 09:17:32,504512001,restaurant,,488.2111633916996,684.0143948730154,37.497682147346794,127.02634403725544,1069.0,17.0,taxi_respawn_35,picked
dyn_pax_684,1054.0,2026-09-07 09:17:34,218873820#0,restaurant|subway_entrance|bus_stop,,628.9829311132032,562.4061665928522,37.49661325243901,127.02796447999128,,,,timeout
dyn_pax_685,1055.0,2026-09-07 09:17:35,218873820#0,restaurant|subway_entrance|bus_stop,,628.9829311132032,562.4061665928522,37.49661325243901,127.02796447999128,,,,timeout
dyn_pax_686,1057.0,2026-09-07 09:17:37,521766175#1,company|restaurant|subway_entrance,,332.9365590021661,1411.5585828157227,37.504206724109,127.02441570308932,,,,timeout
dyn_pax_687,1059.0,2026-09-07 09:17:39,521766175#1,company|restaurant|subway_entrance,,332.9365590021661,1411.5585828157227,37.504206724109,127.02441570308932,,,,timeout
dyn_pax_688,1059.0,2026-09-07 09:17:39,-379232161#3,restaurant,,957.578372934647,431.27964063812743,37.495494003443426,127.03171068469486,1217.0,158.0,taxi_respawn_19,picked
dyn_pax_689,1060.0,2026-09-07 09:17:40,975332778#1,bus_stop,,681.6099970732737,721.9380561808346,37.49806030190971,127.02852170075586,1177.0,117.0,taxi_respawn_14,picked
dyn_pax_690,1062.0,2026-09-07 09:17:42,521766175#3,company|restaurant|subway_entrance|bus_stop,,373.6701172395771,1298.610217621072,37.50319695740621,127.02490310718325,,,,timeout
dyn_pax_691,1066.0,2026-09-07 09:17:46,1229817205#0,company|subway_entrance|bus_stop,,599.2457558679199,652.2907550986157,37.497417346160496,127.02760695963683,,,,timeout
dyn_pax_692,1072.0,2026-09-07 09:17:52,520307304#0,school|subway_entrance|bus_stop,,602.6035134310263,763.145495629718,37.498416594724866,127.02761864854104,,,,timeout
dyn_pax_693,1074.0,2026-09-07 09:17:54,520307304#0,school|subway_entrance|bus_stop,,602.6035134310263,763.145495629718,37.498416594724866,127.02761864854104,,,,timeout
dyn_pax_694,1075.0,2026-09-07 09:17:55,-542367267#1,bus_stop,,247.51018316686128,1414.7184918773391,37.504219024473855,127.02344900430944,1178.0,103.0,taxi_1,picked
dyn_pax_695,1078.0,2026-09-07 09:17:58,-417933645#2,company|restaurant|subway_entrance,,701.1658676593129,719.5455833044954,37.49804244093877,127.02874337560036,,,,timeout
dyn_pax_696,1080.0,2026-09-07 09:18:00,521766175#3,company|restaurant|subway_entrance|bus_stop,,373.6701172395771,1298.610217621072,37.50319695740621,127.02490310718325,,,,timeout
dyn_pax_697,1081.0,2026-09-07 09:18:01,218857636#1,residential|company|restaurant|bus_stop,,297.92905089287035,623.2061345250047,37.49709839153085,127.02420706961871,,,,timeout
dyn_pax_698,1083.0,2026-09-07 09:18:03,218864491#0,restaurant|bus_stop,,769.9803916976219,760.1217113917903,37.49842094941813,127.02951181742357,,,,timeout
dyn_pax_699,1086.0,2026-09-07 09:18:06,521766175#1,company|restaurant|subway_entrance,,332.9365590021661,1411.5585828157227,37.504206724109,127.02441570308932,,,,timeout
dyn_pax_700,1086.0,2026-09-07 09:18:06,-504227067#3,restaurant,,527.7289520354611,471.5483450335965,37.495775653483,127.02684121970124,1488.0,402.0,taxi_36,picked
dyn_pax_701,1088.0,2026-09-07 09:18:08,218873820#0,restaurant|subway_entrance|bus_stop,,628.9829311132032,562.4061665928522,37.49661325243901,127.02796447999128,,,,timeout
dyn_pax_702,1088.0,2026-09-07 09:18:08,417933645#0,residential|restaurant,,823.1026288816429,385.61625104994533,37.49505730126708,127.03020109557775,,,,timeout
dyn_pax_703,1089.0,2026-09-07 09:18:09,1229817205#0,company|subway_entrance|bus_stop,,599.2457558679199,652.2907550986157,37.497417346160496,127.02760695963683,,,,timeout
dyn_pax_704,1091.0,2026-09-07 09:18:11,417933642#0,restaurant|bus_stop,,1041.0954363710525,463.30841921497654,37.49579826441859,127.03264736696761,,,,timeout
dyn_pax_705,1092.0,2026-09-07 09:18:12,-541692164#2,subway_entrance,,317.7122087179151,1441.0296574375257,37.504469327730426,127.0242365566347,,,,timeout
dyn_pax_706,1092.0,2026-09-07 09:18:12,-379232133,restaurant,,887.8909311741835,528.8139035551092,37.496359489964284,127.03089971288236,1198.0,106.0,taxi_respawn_13,picked
dyn_pax_707,1093.0,2026-09-07 09:18:13,256787796#8,restaurant,,646.6563496183319,793.2391486514691,37.49869600620777,127.02810960194483,1385.0,292.0,taxi_8,picked
dyn_pax_708,1093.0,2026-09-07 09:18:13,256787796#2,restaurant,,573.8171824012851,1000.9225059734806,37.50055312725627,127.02723680274495,1349.0,256.0,taxi_29,picked
dyn_pax_709,1094.0,2026-09-07 09:18:14,1376141182#0,bus_stop,,385.7154046370183,1301.0311255965628,37.50322104370192,127.02503873135461,,,,timeout
dyn_pax_710,1095.0,2026-09-07 09:18:15,1117538957#3,restaurant|subway_entrance|bus_stop,,465.5082521847807,644.8780924026132,37.49732530507706,127.02609663221197,,,,timeout
dyn_pax_711,1095.0,2026-09-07 09:18:15,-129731858#3,restaurant,,760.2046779472714,898.6469063162286,37.49966698472747,127.02936848203807,1309.0,214.0,taxi_3,picked
dyn_pax_712,1096.0,2026-09-07 09:18:16,-417750337#0,restaurant,,672.8749254632385,1321.3640627464144,37.50345847130562,127.02828089713113,1343.0,247.0,taxi_respawn_8,picked
dyn_pax_713,1097.0,2026-09-07 09:18:17,218873820#0,restaurant|subway_entrance|bus_stop,,628.9829311132032,562.4061665928522,37.49661325243901,127.02796447999128,,,,timeout
dyn_pax_714,1098.0,2026-09-07 09:18:18,-541692164#2,subway_entrance,,317.7122087179151,1441.0296574375257,37.504469327730426,127.0242365566347,,,,timeout
dyn_pax_715,1098.0,2026-09-07 09:18:18,129731721#0,company|restaurant,,451.4485582282947,673.334514427724,37.497578992002325,127.0259309178301,1161.0,63.0,taxi_2,picked
dyn_pax_716,1100.0,2026-09-07 09:18:20,521770119#0,restaurant|bus_stop,,548.9831206778387,935.1148840516827,37.499955620541705,127.02697161236954,,,,timeout
dyn_pax_717,1101.0,2026-09-07 09:18:21,-506191135#2,residential|bus_stop,,236.19733776439384,769.6838415951818,37.49840622577806,127.02347432089968,,,,timeout
dyn_pax_718,1103.0,2026-09-07 09:18:23,1056882877#3,residential|company|restaurant,,365.79280968467333,433.0557487307964,37.495398294451746,127.02501948586043,1387.0,284.0,taxi_14,picked
dyn_pax_719,1106.0,2026-09-07 09:18:26,1229817205#0,company|subway_entrance|bus_stop,,599.2457558679199,652.2907550986157,37.497417346160496,127.02760695963683,,,,timeout
dyn_pax_720,1108.0,2026-09-07 09:18:28,375049565#6,restaurant|subway_entrance|bus_stop,,789.5153251748014,798.8522330112556,37.49877353199428,127.02972351946808,1550.0,442.0,taxi_49,picked
dyn_pax_721,1111.0,2026-09-07 09:18:31,218873820#0,restaurant|subway_entrance|bus_stop,,628.9829311132032,562.4061665928522,37.49661325243901,127.02796447999128,,,,timeout
dyn_pax_722,1113.0,2026-09-07 09:18:33,178441450#1,residential|company|restaurant|bus_stop,,282.90243066757296,609.4157395563556,37.496971320837204,127.02404044855805,1366.0,253.0,taxi_15,picked
dyn_pax_723,1114.0,2026-09-07 09:18:34,117790045#3,restaurant,,504.6202003222114,1382.6101305390487,37.50397841113055,127.02636386411817,1609.0,495.0,taxi_respawn_17,picked
dyn_pax_724,1114.0,2026-09-07 09:18:34,521766175#1,company|restaurant|subway_entrance,,332.9365590021661,1411.5585828157227,37.504206724109,127.02441570308932,,,,timeout
dyn_pax_725,1117.0,2026-09-07 09:18:37,218873820#0,restaurant|subway_entrance|bus_stop,,628.9829311132032,562.4061665928522,37.49661325243901,127.02796447999128,,,,timeout
dyn_pax_726,1118.0,2026-09-07 09:18:38,-417933645#2,company|restaurant|subway_entrance,,701.1658676593129,719.5455833044954,37.49804244093877,127.02874337560036,,,,timeout
dyn_pax_727,1120.0,2026-09-07 09:18:40,520307304#0,school|subway_entrance|bus_stop,,602.6035134310263,763.145495629718,37.498416594724866,127.02761864854104,,,,timeout
dyn_pax_728,1120.0,2026-09-07 09:18:40,1376141182#0,bus_stop,,385.7154046370183,1301.0311255965628,37.50322104370192,127.02503873135461,,,,timeout
dyn_pax_729,1121.0,2026-09-07 09:18:41,375049565#6,restaurant|subway_entrance|bus_stop,,789.5153251748014,798.8522330112556,37.49877353199428,127.02972351946808,,,,timeout
dyn_pax_730,1125.0,2026-09-07 09:18:45,-1011529829#3,residential|restaurant,,246.84006179949273,776.1178104815556,37.49846619888778,127.02359312469504,1474.0,349.0,taxi_3,picked
dyn_pax_731,1126.0,2026-09-07 09:18:46,218873820#0,restaurant|subway_entrance|bus_stop,,628.9829311132032,562.4061665928522,37.49661325243901,127.02796447999128,,,,timeout
dyn_pax_732,1129.0,2026-09-07 09:18:49,975332778#1,bus_stop,,681.6099970732737,721.9380561808346,37.49806030190971,127.02852170075586,1187.0,58.0,taxi_0,picked
dyn_pax_733,1129.0,2026-09-07 09:18:49,521766180#1,company|restaurant|bus_stop,,466.73410130235357,1169.2838037446552,37.502049542882666,127.02598608796039,1827.0,698.0,taxi_35,picked
dyn_pax_734,1131.0,2026-09-07 09:18:51,218877837#2,company|restaurant|bus_stop,,479.4555212141038,978.0213907550284,37.500328997763305,127.02617530290202,,,,timeout
dyn_pax_735,1131.0,2026-09-07 09:18:51,-417933645#1,restaurant,,753.9829961438405,551.6859834676363,37.49654027420169,127.02938030242663,1189.0,58.0,taxi_11,picked
dyn_pax_736,1131.0,2026-09-07 09:18:51,417750342#0,residential,,845.3624953099543,1340.16590884019,37.50366039527634,127.03022681464076,1236.0,105.0,taxi_40,picked
dyn_pax_737,1132.0,2026-09-07 09:18:52,-1537068129#0,restaurant,,962.1540281232122,1146.7630824504436,37.50194018104768,127.03159317410272,1396.0,264.0,taxi_33,picked
dyn_pax_738,1132.0,2026-09-07 09:18:52,-417933642#1,restaurant,,972.7851169931362,629.1778231901285,37.49727960321316,127.03183581048214,1243.0,111.0,taxi_16,picked
dyn_pax_739,1134.0,2026-09-07 09:18:54,218857636#1,residential|company|restaurant|bus_stop,,297.92905089287035,623.2061345250047,37.49709839153085,127.02420706961871,,,,timeout
dyn_pax_740,1135.0,2026-09-07 09:18:55,521766175#1,company|restaurant|subway_entrance,,332.9365590021661,1411.5585828157227,37.504206724109,127.02441570308932,,,,timeout
dyn_pax_741,1135.0,2026-09-07 09:18:55,1117538957#3,restaurant|subway_entrance|bus_stop,,465.5082521847807,644.8780924026132,37.49732530507706,127.02609663221197,,,,timeout
dyn_pax_742,1137.0,2026-09-07 09:18:57,521766175#3,company|restaurant|subway_entrance|bus_stop,,373.6701172395771,1298.610217621072,37.50319695740621,127.02490310718325,,,,timeout
dyn_pax_743,1138.0,2026-09-07 09:18:58,375049565#6,restaurant|subway_entrance|bus_stop,,789.5153251748014,798.8522330112556,37.49877353199428,127.02972351946808,,,,timeout
dyn_pax_744,1139.0,2026-09-07 09:18:59,-239954462#0,company,,177.59108854633376,1424.6091910087337,37.50429488616932,127.02265605240045,1167.0,28.0,taxi_47,picked
dyn_pax_745,1140.0,2026-09-07 09:19:00,1117538957#3,restaurant|subway_entrance|bus_stop,,465.5082521847807,644.8780924026132,37.49732530507706,127.02609663221197,,,,timeout
dyn_pax_746,1141.0,2026-09-07 09:19:01,541692164#1,subway_entrance,,271.6277521231475,1406.6420105391767,37.5041508337347,127.02372362926798,1448.0,307.0,taxi_respawn_26,picked
dyn_pax_747,1143.0,2026-09-07 09:19:03,480850873,company|restaurant|bus_stop,,548.1935052770749,708.5896639848544,37.49791486187585,127.0270163956136,1623.0,480.0,taxi_respawn_8,picked
dyn_pax_748,1144.0,2026-09-07 09:19:04,375049565#6,restaurant|subway_entrance|bus_stop,,789.5153251748014,798.8522330112556,37.49877353199428,127.02972351946808,,,,timeout
dyn_pax_749,1146.0,2026-09-07 09:19:06,218877837#2,company|restaurant|bus_stop,,479.4555212141038,978.0213907550284,37.500328997763305,127.02617530290202,,,,timeout
dyn_pax_750,1146.0,2026-09-07 09:19:06,521770119#0,restaurant|bus_stop,,548.9831206778387,935.1148840516827,37.499955620541705,127.02697161236954,,,,timeout
dyn_pax_751,1147.0,2026-09-07 09:19:07,521770119#1,restaurant|bus_stop,,527.3115514435282,995.8620162900467,37.50049875494786,127.02671217090477,1385.0,238.0,taxi_47,picked
dyn_pax_752,1148.0,2026-09-07 09:19:08,117823785#0,company|restaurant,,1360.8740206736493,851.0492627492013,37.499351351792384,127.0361713398344,,,,timeout
dyn_pax_753,1149.0,2026-09-07 09:19:09,-541692164#2,subway_entrance,,317.7122087179151,1441.0296574375257,37.504469327730426,127.0242365566347,,,,timeout
dyn_pax_754,1150.0,2026-09-07 09:19:10,1229817205#0,company|subway_entrance|bus_stop,,599.2457558679199,652.2907550986157,37.497417346160496,127.02760695963683,,,,timeout
dyn_pax_755,1155.0,2026-09-07 09:19:15,1229817205#0,company|subway_entrance|bus_stop,,599.2457558679199,652.2907550986157,37.497417346160496,127.02760695963683,,,,timeout
dyn_pax_756,1155.0,2026-09-07 09:19:15,178441450#1,residential|company|restaurant|bus_stop,,282.90243066757296,609.4157395563556,37.496971320837204,127.02404044855805,,,,timeout
dyn_pax_757,1158.0,2026-09-07 09:19:18,521770119#0,restaurant|bus_stop,,548.9831206778387,935.1148840516827,37.499955620541705,127.02697161236954,,,,timeout
dyn_pax_758,1160.0,2026-09-07 09:19:20,520307304#0,school|subway_entrance|bus_stop,,602.6035134310263,763.145495629718,37.498416594724866,127.02761864854104,,,,timeout
dyn_pax_759,1161.0,2026-09-07 09:19:21,1229817205#1,residential|bus_stop,,631.6400080768872,572.7061575261558,37.49670653972221,127.02799208080955,1248.0,87.0,taxi_respawn_23,picked
dyn_pax_760,1163.0,2026-09-07 09:19:23,542367267#1,company|restaurant,,199.26981683313872,1381.121508122661,37.50390724154084,127.02291151664822,1263.0,100.0,taxi_32,picked
dyn_pax_761,1166.0,2026-09-07 09:19:26,1229817205#0,company|subway_entrance|bus_stop,,599.2457558679199,652.2907550986157,37.497417346160496,127.02760695963683,,,,timeout
dyn_pax_762,1167.0,2026-09-07 09:19:27,521766180#1,company|restaurant|bus_stop,,466.73410130235357,1169.2838037446552,37.502049542882666,127.02598608796039,2133.0,966.0,taxi_1,picked
dyn_pax_763,1169.0,2026-09-07 09:19:29,-417933645#2,company|restaurant|subway_entrance,,701.1658676593129,719.5455833044954,37.49804244093877,127.02874337560036,,,,timeout
dyn_pax_764,1172.0,2026-09-07 09:19:32,494824662#3,company|restaurant|subway_entrance,,729.424850252167,406.6843378518681,37.49522941823122,127.02913698209235,1508.0,336.0,taxi_32,picked
dyn_pax_765,1173.0,2026-09-07 09:19:33,375049565#6,restaurant|subway_entrance|bus_stop,,789.5153251748014,798.8522330112556,37.49877353199428,127.02972351946808,,,,timeout
dyn_pax_766,1175.0,2026-09-07 09:19:35,117790041#3,restaurant,,485.8172797724441,1249.4366376844557,37.50277519064896,127.0261828476699,1229.0,54.0,taxi_respawn_20,picked
dyn_pax_767,1176.0,2026-09-07 09:19:36,521770116#2,company|restaurant|bus_stop,,432.3182248087171,1108.514093563608,37.50149560521279,127.02561136613096,1399.0,223.0,taxi_17,picked
dyn_pax_768,1176.0,2026-09-07 09:19:36,417933642#0,restaurant|bus_stop,,1041.0954363710525,463.30841921497654,37.49579826441859,127.03264736696761,,,,timeout
dyn_pax_769,1177.0,2026-09-07 09:19:37,1117538957#3,restaurant|subway_entrance|bus_stop,,465.5082521847807,644.8780924026132,37.49732530507706,127.02609663221197,,,,timeout
dyn_pax_770,1178.0,2026-09-07 09:19:38,218873820#0,restaurant|subway_entrance|bus_stop,,628.9829311132032,562.4061665928522,37.49661325243901,127.02796447999128,,,,timeout
dyn_pax_771,1178.0,2026-09-07 09:19:38,-239954462#0,company,,177.59108854633376,1424.6091910087337,37.50429488616932,127.02265605240045,1314.0,136.0,taxi_respawn_15,picked
dyn_pax_772,1180.0,2026-09-07 09:19:40,375049565#6,restaurant|subway_entrance|bus_stop,,789.5153251748014,798.8522330112556,37.49877353199428,127.02972351946808,,,,timeout
dyn_pax_773,1181.0,2026-09-07 09:19:41,218864491#0,restaurant|bus_stop,,769.9803916976219,760.1217113917903,37.49842094941813,127.02951181742357,,,,timeout
dyn_pax_774,1181.0,2026-09-07 09:19:41,-117790062#4,company,,666.6267400273903,1210.7400577041187,37.50246075614395,127.02823646445898,,,,timeout
dyn_pax_775,1183.0,2026-09-07 09:19:43,1117538957#3,restaurant|subway_entrance|bus_stop,,465.5082521847807,644.8780924026132,37.49732530507706,127.02609663221197,,,,timeout
dyn_pax_776,1183.0,2026-09-07 09:19:43,-504509918#2,company|restaurant|bus_stop,,398.9694242295193,827.4758220967593,37.49895762305832,127.02530099003066,1492.0,309.0,taxi_25,picked
dyn_pax_777,1184.0,2026-09-07 09:19:44,1117538957#3,restaurant|subway_entrance|bus_stop,,465.5082521847807,644.8780924026132,37.49732530507706,127.02609663221197,,,,timeout
dyn_pax_778,1187.0,2026-09-07 09:19:47,1376141182#0,bus_stop,,385.7154046370183,1301.0311255965628,37.50322104370192,127.02503873135461,,,,timeout
dyn_pax_779,1188.0,2026-09-07 09:19:48,-557469234,restaurant,,929.7298817515857,1030.9986809445256,37.50089122514563,127.03125394368278,1405.0,217.0,taxi_respawn_28,picked
dyn_pax_780,1189.0,2026-09-07 09:19:49,975332778#1,bus_stop,,681.6099970732737,721.9380561808346,37.49806030190971,127.02852170075586,1498.0,309.0,taxi_26,picked
dyn_pax_781,1190.0,2026-09-07 09:19:50,178441450#1,residential|company|restaurant|bus_stop,,282.90243066757296,609.4157395563556,37.496971320837204,127.02404044855805,,,,timeout
dyn_pax_782,1192.0,2026-09-07 09:19:52,-129731717#1,residential|company|restaurant,,188.433090102474,1374.3511058470413,37.503844200149025,127.0227905913032,1286.0,94.0,taxi_1,picked
dyn_pax_783,1193.0,2026-09-07 09:19:53,541692164#1,subway_entrance,,271.6277521231475,1406.6420105391767,37.5041508337347,127.02372362926798,1453.0,260.0,taxi_respawn_30,picked
dyn_pax_784,1195.0,2026-09-07 09:19:55,-417933645#2,company|restaurant|subway_entrance,,701.1658676593129,719.5455833044954,37.49804244093877,127.02874337560036,,,,timeout
dyn_pax_785,1201.0,2026-09-07 09:20:01,-504509918#2,company|restaurant|bus_stop,,398.9694242295193,827.4758220967593,37.49895762305832,127.02530099003066,1511.0,310.0,taxi_respawn_33,picked
dyn_pax_786,1202.0,2026-09-07 09:20:02,506191135#3,residential|company|restaurant|bus_stop,,238.79972345576414,789.4714057742513,37.49858497042428,127.023499044737,,,,timeout
dyn_pax_787,1204.0,2026-09-07 09:20:04,494824662#3,company|restaurant|subway_entrance,,729.424850252167,406.6843378518681,37.49522941823122,127.02913698209235,,,,timeout
dyn_pax_788,1206.0,2026-09-07 09:20:06,506191135#3,residential|company|restaurant|bus_stop,,238.79972345576414,789.4714057742513,37.49858497042428,127.023499044737,,,,timeout
dyn_pax_789,1207.0,2026-09-07 09:20:07,494824662#3,company|restaurant|subway_entrance,,729.424850252167,406.6843378518681,37.49522941823122,127.02913698209235,,,,timeout
dyn_pax_790,1208.0,2026-09-07 09:20:08,1376141183#0,bus_stop,,548.2528111146681,901.2117688498424,37.49965007283687,127.02697139402301,,,,timeout
dyn_pax_791,1208.0,2026-09-07 09:20:08,-309155295#1,residential|restaurant,,820.2174803017108,588.0239695218922,37.496880113093034,127.03012056506905,1224.0,16.0,taxi_respawn_28,picked
dyn_pax_792,1209.0,2026-09-07 09:20:09,375049565#6,restaurant|subway_entrance|bus_stop,,789.5153251748014,798.8522330112556,37.49877353199428,127.02972351946808,,,,timeout
dyn_pax_793,1210.0,2026-09-07 09:20:10,-504509918#2,company|restaurant|bus_stop,,398.9694242295193,827.4758220967593,37.49895762305832,127.02530099003066,1605.0,395.0,taxi_respawn_35,picked
dyn_pax_794,1211.0,2026-09-07 09:20:11,975332778#1,bus_stop,,681.6099970732737,721.9380561808346,37.49806030190971,127.02852170075586,1501.0,290.0,taxi_37,picked
dyn_pax_795,1213.0,2026-09-07 09:20:13,-417933645#2,company|restaurant|subway_entrance,,701.1658676593129,719.5455833044954,37.49804244093877,127.02874337560036,,,,timeout
dyn_pax_796,1213.0,2026-09-07 09:20:13,541692164#1,subway_entrance,,271.6277521231475,1406.6420105391767,37.5041508337347,127.02372362926798,1542.0,329.0,taxi_respawn_16,picked
dyn_pax_797,1214.0,2026-09-07 09:20:14,-1537068129#0,restaurant,,962.1540281232122,1146.7630824504436,37.50194018104768,127.03159317410272,1403.0,189.0,taxi_19,picked
dyn_pax_798,1215.0,2026-09-07 09:20:15,520307304#0,school|subway_entrance|bus_stop,,602.6035134310263,763.145495629718,37.498416594724866,127.02761864854104,,,,timeout
dyn_pax_799,1215.0,2026-09-07 09:20:15,117790039#0,restaurant,,1059.1652257347846,901.0190091909938,37.49974471524068,127.0327481916661,1288.0,73.0,taxi_30,picked
dyn_pax_800,1216.0,2026-09-07 09:20:16,523141074#0,company|restaurant|subway_entrance,,524.0338794858329,871.4890157117229,37.4993777454413,127.02670460634431,1403.0,187.0,taxi_23,picked
dyn_pax_801,1217.0,2026-09-07 09:20:17,-504227067#3,restaurant,,527.7289520354611,471.5483450335965,37.495775653483,127.02684121970124,1634.0,417.0,taxi_16,picked
dyn_pax_802,1218.0,2026-09-07 09:20:18,417933645#2,residential|company|restaurant,,757.7944798520502,568.4010952306102,37.496691568512986,127.02941943794849,1310.0,92.0,taxi_9,picked
dyn_pax_803,1219.0,2026-09-07 09:20:19,521770116#2,company|restaurant|bus_stop,,432.3182248087171,1108.514093563608,37.50149560521279,127.02561136613096,1381.0,162.0,taxi_49,picked
dyn_pax_804,1221.0,2026-09-07 09:20:21,178441450#1,residential|company|restaurant|bus_stop,,282.90243066757296,609.4157395563556,37.496971320837204,127.02404044855805,,,,timeout
dyn_pax_805,1221.0,2026-09-07 09:20:21,417933645#2,residential|company|restaurant,,757.7944798520502,568.4010952306102,37.496691568512986,127.02941943794849,1373.0,152.0,taxi_respawn_6,picked
dyn_pax_806,1222.0,2026-09-07 09:20:22,521770116#2,company|restaurant|bus_stop,,432.3182248087171,1108.514093563608,37.50149560521279,127.02561136613096,1356.0,134.0,taxi_respawn_9,picked
dyn_pax_807,1222.0,2026-09-07 09:20:22,523141074#0,company|restaurant|subway_entrance,,524.0338794858329,871.4890157117229,37.4993777454413,127.02670460634431,1557.0,335.0,taxi_38,picked
dyn_pax_808,1222.0,2026-09-07 09:20:22,-504227067#3,restaurant,,527.7289520354611,471.5483450335965,37.495775653483,127.02684121970124,,,,timeout
dyn_pax_809,1225.0,2026-09-07 09:20:25,523141074#0,company|restaurant|subway_entrance,,524.0338794858329,871.4890157117229,37.4993777454413,127.02670460634431,1577.0,352.0,taxi_respawn_7,picked
dyn_pax_810,1228.0,2026-09-07 09:20:28,-129731858#1,restaurant,,779.3164249772793,838.8541978668718,37.49913195860003,127.0295987323456,1585.0,357.0,taxi_15,picked
dyn_pax_811,1228.0,2026-09-07 09:20:28,-256787796#7,restaurant,,650.4923169509016,809.9698095387197,37.49884744554127,127.02814900895488,1410.0,182.0,taxi_11,picked
dyn_pax_812,1230.0,2026-09-07 09:20:30,178441450#1,residential|company|restaurant|bus_stop,,282.90243066757296,609.4157395563556,37.496971320837204,127.02404044855805,,,,timeout
dyn_pax_813,1232.0,2026-09-07 09:20:32,129731834#0,school,,229.35227593843302,780.2499709424674,37.498500113124294,127.02339441737757,,,,timeout
dyn_pax_814,1233.0,2026-09-07 09:20:33,1376141182#0,bus_stop,,385.7154046370183,1301.0311255965628,37.50322104370192,127.02503873135461,,,,timeout
dyn_pax_815,1235.0,2026-09-07 09:20:35,-542367267#1,bus_stop,,247.51018316686128,1414.7184918773391,37.504219024473855,127.02344900430944,1362.0,127.0,taxi_38,picked
dyn_pax_816,1236.0,2026-09-07 09:20:36,1117538958#3,bus_stop,,160.18899290588462,540.6019911995099,37.49632820280781,127.02266936696756,1275.0,39.0,taxi_21,picked
dyn_pax_817,1237.0,2026-09-07 09:20:37,-417933646#4,company|restaurant,,761.9867537178288,747.7080569325292,37.49830761500862,127.02942437673002,1299.0,62.0,taxi_respawn_13,picked
dyn_pax_818,1238.0,2026-09-07 09:20:38,541692164#1,subway_entrance,,271.6277521231475,1406.6420105391767,37.5041508337347,127.02372362926798,1571.0,333.0,taxi_respawn_26,picked
dyn_pax_819,1239.0,2026-09-07 09:20:39,-541692164#2,subway_entrance,,317.7122087179151,1441.0296574375257,37.504469327730426,127.0242365566347,,,,timeout
dyn_pax_820,1239.0,2026-09-07 09:20:39,-239954462#0,company,,177.59108854633376,1424.6091910087337,37.50429488616932,127.02265605240045,1323.0,84.0,taxi_7,picked
dyn_pax_821,1241.0,2026-09-07 09:20:41,520307304#0,school|subway_entrance|bus_stop,,602.6035134310263,763.145495629718,37.498416594724866,127.02761864854104,,,,timeout
dyn_pax_822,1242.0,2026-09-07 09:20:42,1117538957#3,restaurant|subway_entrance|bus_stop,,465.5082521847807,644.8780924026132,37.49732530507706,127.02609663221197,,,,timeout
dyn_pax_823,1242.0,2026-09-07 09:20:42,802110008,restaurant,,567.9368588148042,1294.4290295528247,37.503196013251454,127.02710071947062,1721.0,479.0,taxi_19,picked
dyn_pax_824,1245.0,2026-09-07 09:20:45,521770119#0,restaurant|bus_stop,,548.9831206778387,935.1148840516827,37.499955620541705,127.02697161236954,,,,timeout
dyn_pax_825,1245.0,2026-09-07 09:20:45,1056882877#3,residential|company|restaurant,,365.79280968467333,433.0557487307964,37.495398294451746,127.02501948586043,1584.0,339.0,taxi_respawn_34,picked
dyn_pax_826,1247.0,2026-09-07 09:20:47,-504509918#2,company|restaurant|bus_stop,,398.9694242295193,827.4758220967593,37.49895762305832,127.02530099003066,1629.0,382.0,taxi_respawn_3,picked
dyn_pax_827,1248.0,2026-09-07 09:20:48,1117538957#3,restaurant|subway_entrance|bus_stop,,465.5082521847807,644.8780924026132,37.49732530507706,127.02609663221197,,,,timeout
dyn_pax_828,1249.0,2026-09-07 09:20:49,-523141073,residential|company,,283.47995026542384,1109.9635024546676,37.50148051131825,127.02392811188028,1349.0,100.0,taxi_4,picked
dyn_pax_829,1250.0,2026-09-07 09:20:50,1117538957#3,restaurant|subway_entrance|bus_stop,,465.5082521847807,644.8780924026132,37.49732530507706,127.02609663221197,,,,timeout
dyn_pax_830,1253.0,2026-09-07 09:20:53,521766175#3,company|restaurant|subway_entrance|bus_stop,,373.6701172395771,1298.610217621072,37.50319695740621,127.02490310718325,,,,timeout
dyn_pax_831,1255.0,2026-09-07 09:20:55,-504509918#2,company|restaurant|bus_stop,,398.9694242295193,827.4758220967593,37.49895762305832,127.02530099003066,1677.0,422.0,taxi_3,picked
dyn_pax_832,1257.0,2026-09-07 09:20:57,375049565#6,restaurant|subway_entrance|bus_stop,,789.5153251748014,798.8522330112556,37.49877353199428,127.02972351946808,,,,timeout
dyn_pax_833,1258.0,2026-09-07 09:20:58,218864491#0,restaurant|bus_stop,,769.9803916976219,760.1217113917903,37.49842094941813,127.02951181742357,,,,timeout
dyn_pax_834,1259.0,2026-09-07 09:20:59,218877837#2,company|restaurant|bus_stop,,479.4555212141038,978.0213907550284,37.500328997763305,127.02617530290202,,,,timeout
dyn_pax_835,1259.0,2026-09-07 09:20:59,-417933642#4,restaurant,,907.3718228697127,805.8014682006251,37.49885835910486,127.03105443169989,1376.0,117.0,taxi_respawn_3,picked
dyn_pax_836,1260.0,2026-09-07 09:21:00,-506191135#22,residential|company|restaurant|bus_stop,,38.693950105848444,1321.9513167019495,37.50334380565249,127.02110990869835,1452.0,192.0,taxi_respawn_2,picked
dyn_pax_837,1261.0,2026-09-07 09:21:01,1117538957#3,restaurant|subway_entrance|bus_stop,,465.5082521847807,644.8780924026132,37.49732530507706,127.02609663221197,,,,timeout
dyn_pax_838,1261.0,2026-09-07 09:21:01,305539406,company|restaurant|subway_entrance,,566.389495917364,736.5285064605782,37.49816998085155,127.02721550408178,,,,timeout
dyn_pax_839,1264.0,2026-09-07 09:21:04,309155295#1,restaurant,,764.2225196982893,558.1760304781078,37.4966006705371,127.0294945363528,1304.0,40.0,taxi_34,picked
dyn_pax_840,1267.0,2026-09-07 09:21:07,305539406,company|restaurant|subway_entrance,,566.389495917364,736.5285064605782,37.49816998085155,127.02721550408178,,,,timeout
dyn_pax_841,1268.0,2026-09-07 09:21:08,1229817205#1,residential|bus_stop,,631.6400080768872,572.7061575261558,37.49670653972221,127.02799208080955,,,,timeout
dyn_pax_842,1269.0,2026-09-07 09:21:09,-1011529829#3,residential|restaurant,,246.84006179949273,776.1178104815556,37.49846619888778,127.02359312469504,1532.0,263.0,taxi_respawn_24,picked
dyn_pax_843,1270.0,2026-09-07 09:21:10,521766182#1,company|restaurant|subway_entrance,,681.695169875507,539.6867345716422,37.496418539503196,127.02856584056028,,,,timeout
dyn_pax_844,1271.0,2026-09-07 09:21:11,-541692164#2,subway_entrance,,317.7122087179151,1441.0296574375257,37.504469327730426,127.0242365566347,,,,timeout
dyn_pax_845,1272.0,2026-09-07 09:21:12,521766175#1,company|restaurant|subway_entrance,,332.9365590021661,1411.5585828157227,37.504206724109,127.02441570308932,,,,timeout
dyn_pax_846,1273.0,2026-09-07 09:21:13,521766182#1,company|restaurant|subway_entrance,,681.695169875507,539.6867345716422,37.496418539503196,127.02856584056028,,,,timeout
dyn_pax_847,1276.0,2026-09-07 09:21:16,1117538957#3,restaurant|subway_entrance|bus_stop,,465.5082521847807,644.8780924026132,37.49732530507706,127.02609663221197,,,,timeout
dyn_pax_848,1276.0,2026-09-07 09:21:16,504227067#0,restaurant,,638.7551174354396,526.833121212444,37.49629464408366,127.02808339614947,1617.0,341.0,taxi_45,picked
dyn_pax_849,1276.0,2026-09-07 09:21:16,-557469300#1,restaurant,,739.5265057687212,1049.0561556697721,37.5010180173999,127.02909905278416,1429.0,153.0,taxi_respawn_17,picked
dyn_pax_850,1278.0,2026-09-07 09:21:18,521766175#3,company|restaurant|subway_entrance|bus_stop,,373.6701172395771,1298.610217621072,37.50319695740621,127.02490310718325,,,,timeout
dyn_pax_851,1279.0,2026-09-07 09:21:19,480850873,company|restaurant|bus_stop,,548.1935052770749,708.5896639848544,37.49791486187585,127.0270163956136,,,,timeout
dyn_pax_852,1279.0,2026-09-07 09:21:19,521770116#2,company|restaurant|bus_stop,,432.3182248087171,1108.514093563608,37.50149560521279,127.02561136613096,1367.0,88.0,taxi_12,picked
dyn_pax_853,1280.0,2026-09-07 09:21:20,256787796#0,restaurant,,530.944358998998,1120.7521543106918,37.50162448989409,127.02672362781294,1366.0,86.0,taxi_28,picked
dyn_pax_854,1281.0,2026-09-07 09:21:21,521770119#0,restaurant|bus_stop,,548.9831206778387,935.1148840516827,37.499955620541705,127.02697161236954,,,,timeout
dyn_pax_855,1282.0,2026-09-07 09:21:22,218873820#0,restaurant|subway_entrance|bus_stop,,628.9829311132032,562.4061665928522,37.49661325243901,127.02796447999128,,,,timeout
dyn_pax_856,1284.0,2026-09-07 09:21:24,417750337#3,restaurant,,561.9223834850405,1183.7905002369655,37.50219821136863,127.02705894855978,,,,timeout
dyn_pax_857,1285.0,2026-09-07 09:21:25,1117538957#3,restaurant|subway_entrance|bus_stop,,465.5082521847807,644.8780924026132,37.49732530507706,127.02609663221197,,,,timeout
dyn_pax_858,1287.0,2026-09-07 09:21:27,521766182#1,company|restaurant|subway_entrance,,681.695169875507,539.6867345716422,37.496418539503196,127.02856584056028,,,,timeout
dyn_pax_859,1288.0,2026-09-07 09:21:28,-541692164#2,subway_entrance,,317.7122087179151,1441.0296574375257,37.504469327730426,127.0242365566347,,,,timeout
dyn_pax_860,1290.0,2026-09-07 09:21:30,480850873,company|restaurant|bus_stop,,548.1935052770749,708.5896639848544,37.49791486187585,127.0270163956136,,,,timeout
dyn_pax_861,1293.0,2026-09-07 09:21:33,1376141182#0,bus_stop,,385.7154046370183,1301.0311255965628,37.50322104370192,127.02503873135461,,,,timeout
dyn_pax_862,1295.0,2026-09-07 09:21:35,417731530,company|restaurant,,191.66975375905443,1429.5779711342507,37.5043423120142,127.02281406437154,1336.0,41.0,taxi_45,picked
dyn_pax_863,1295.0,2026-09-07 09:21:35,417933645#2,residential|company|restaurant,,757.7944798520502,568.4010952306102,37.496691568512986,127.02941943794849,1546.0,251.0,taxi_respawn_14,picked
dyn_pax_864,1296.0,2026-09-07 09:21:36,521770119#0,restaurant|bus_stop,,548.9831206778387,935.1148840516827,37.499955620541705,127.02697161236954,,,,timeout
dyn_pax_865,1298.0,2026-09-07 09:21:38,805827757#0,restaurant,,762.3138727549854,912.1862152730512,37.49978934916138,127.02938912364917,1489.0,191.0,taxi_30,picked
dyn_pax_866,1299.0,2026-09-07 09:21:39,417933642#0,restaurant|bus_stop,,1041.0954363710525,463.30841921497654,37.49579826441859,127.03264736696761,,,,timeout
dyn_pax_867,1299.0,2026-09-07 09:21:39,-417750336#5,restaurant,,886.0343029737398,891.1232225857099,37.499622942823265,127.030792984823,1375.0,76.0,taxi_respawn_27,picked
dyn_pax_868,1301.0,2026-09-07 09:21:41,218857636#1,residential|company|restaurant|bus_stop,,297.92905089287035,623.2061345250047,37.49709839153085,127.02420706961871,,,,timeout
dyn_pax_869,1301.0,2026-09-07 09:21:41,256787796#6,restaurant,,626.4884087870183,851.7135990963859,37.499218954480725,127.02786771303293,,,,timeout
dyn_pax_870,1304.0,2026-09-07 09:21:44,178441450#1,residential|company|restaurant|bus_stop,,282.90243066757296,609.4157395563556,37.496971320837204,127.02404044855805,,,,timeout
dyn_pax_871,1304.0,2026-09-07 09:21:44,1117538957#0,company|restaurant,,312.91680439510856,589.5311930299885,37.49679787270139,127.0243845203811,1581.0,277.0,taxi_respawn_19,picked
dyn_pax_872,1305.0,2026-09-07 09:21:45,506191135#3,residential|company|restaurant|bus_stop,,238.79972345576414,789.4714057742513,37.49858497042428,127.023499044737,,,,timeout
dyn_pax_873,1305.0,2026-09-07 09:21:45,117790045#2,restaurant,,537.9561568342307,1283.7183624175188,37.50309386389003,127.02676426064505,1364.0,59.0,taxi_6,picked
dyn_pax_874,1308.0,2026-09-07 09:21:48,218873820#0,restaurant|subway_entrance|bus_stop,,628.9829311132032,562.4061665928522,37.49661325243901,127.02796447999128,,,,timeout
dyn_pax_875,1309.0,2026-09-07 09:21:49,1011529829#0,school,,381.1393135972994,834.2751815073392,37.49901550234899,127.0250977784903,1491.0,182.0,taxi_respawn_32,picked
dyn_pax_876,1311.0,2026-09-07 09:21:51,1117538958#3,bus_stop,,160.18899290588462,540.6019911995099,37.49632820280781,127.02266936696756,1389.0,78.0,taxi_21,picked
dyn_pax_877,1311.0,2026-09-07 09:21:51,-117790051#4,restaurant,,448.3479635094145,1379.7889979949318,37.50394236073409,127.02572824341395,1589.0,278.0,taxi_8,picked
dyn_pax_878,1312.0,2026-09-07 09:21:52,-379232155,restaurant,,999.2800162208075,449.1965960198298,37.495663263085994,127.03217793178025,,,,timeout
dyn_pax_879,1314.0,2026-09-07 09:21:54,1229817205#0,company|subway_entrance|bus_stop,,599.2457558679199,652.2907550986157,37.497417346160496,127.02760695963683,,,,timeout
dyn_pax_880,1315.0,2026-09-07 09:21:55,-379232161#3,restaurant,,957.578372934647,431.27964063812743,37.495494003443426,127.03171068469486,,,,timeout
dyn_pax_881,1316.0,2026-09-07 09:21:56,1117538957#3,restaurant|subway_entrance|bus_stop,,465.5082521847807,644.8780924026132,37.49732530507706,127.02609663221197,,,,timeout
dyn_pax_882,1317.0,2026-09-07 09:21:57,1376141182#0,bus_stop,,385.7154046370183,1301.0311255965628,37.50322104370192,127.02503873135461,,,,timeout
dyn_pax_883,1318.0,2026-09-07 09:21:58,256787796#5,restaurant,,616.3422671393917,878.7532899245961,37.49946062055924,127.02774658517313,,,,timeout
dyn_pax_884,1320.0,2026-09-07 09:22:00,417750337#3,restaurant,,561.9223834850405,1183.7905002369655,37.50219821136863,127.02705894855978,,,,timeout
dyn_pax_885,1321.0,2026-09-07 09:22:01,-506191135#2,residential|bus_stop,,236.19733776439384,769.6838415951818,37.49840622577806,127.02347432089968,,,,timeout
dyn_pax_886,1322.0,2026-09-07 09:22:02,1117538957#3,restaurant|subway_entrance|bus_stop,,465.5082521847807,644.8780924026132,37.49732530507706,127.02609663221197,,,,timeout
dyn_pax_887,1326.0,2026-09-07 09:22:06,-379232133,restaurant,,887.8909311741835,528.8139035551092,37.496359489964284,127.03089971288236,1585.0,259.0,taxi_13,picked
dyn_pax_888,1328.0,2026-09-07 09:22:08,375049565#6,restaurant|subway_entrance|bus_stop,,789.5153251748014,798.8522330112556,37.49877353199428,127.02972351946808,,,,timeout
dyn_pax_889,1328.0,2026-09-07 09:22:08,521770116#2,company|restaurant|bus_stop,,432.3182248087171,1108.514093563608,37.50149560521279,127.02561136613096,1570.0,242.0,taxi_2,picked
dyn_pax_890,1330.0,2026-09-07 09:22:10,-541692164#2,subway_entrance,,317.7122087179151,1441.0296574375257,37.504469327730426,127.0242365566347,,,,timeout
dyn_pax_891,1331.0,2026-09-07 09:22:11,521766175#3,company|restaurant|subway_entrance|bus_stop,,373.6701172395771,1298.610217621072,37.50319695740621,127.02490310718325,,,,timeout
dyn_pax_892,1331.0,2026-09-07 09:22:11,117823785#0,company|restaurant,,1360.8740206736493,851.0492627492013,37.499351351792384,127.0361713398344,,,,timeout
dyn_pax_893,1332.0,2026-09-07 09:22:12,521770116#2,company|restaurant|bus_stop,,432.3182248087171,1108.514093563608,37.50149560521279,127.02561136613096,1660.0,328.0,taxi_respawn_38,picked
dyn_pax_894,1332.0,2026-09-07 09:22:12,-117823785#1,restaurant,,983.1954817367493,635.6880668681273,37.49734021138362,127.03195197441553,1429.0,97.0,taxi_respawn_11,picked
dyn_pax_895,1334.0,2026-09-07 09:22:14,523141074#0,company|restaurant|subway_entrance,,524.0338794858329,871.4890157117229,37.4993777454413,127.02670460634431,,,,timeout
dyn_pax_896,1334.0,2026-09-07 09:22:14,-117790062#4,company,,666.6267400273903,1210.7400577041187,37.50246075614395,127.02823646445898,1719.0,385.0,taxi_respawn_18,picked
dyn_pax_897,1336.0,2026-09-07 09:22:16,218857636#1,residential|company|restaurant|bus_stop,,297.92905089287035,623.2061345250047,37.49709839153085,127.02420706961871,,,,timeout
dyn_pax_898,1338.0,2026-09-07 09:22:18,129731857#2,company,,789.9847076009492,845.2662126154856,37.499191732762846,127.02971783662417,1602.0,264.0,taxi_44,picked
dyn_pax_899,1340.0,2026-09-07 09:22:20,541692164#1,subway_entrance,,271.6277521231475,1406.6420105391767,37.5041508337347,127.02372362926798,1628.0,288.0,taxi_10,picked
dyn_pax_900,1342.0,2026-09-07 09:22:22,1117538957#3,restaurant|subway_entrance|bus_stop,,465.5082521847807,644.8780924026132,37.49732530507706,127.02609663221197,,,,timeout
dyn_pax_901,1343.0,2026-09-07 09:22:23,1376141182#0,bus_stop,,385.7154046370183,1301.0311255965628,37.50322104370192,127.02503873135461,,,,timeout
dyn_pax_902,1343.0,2026-09-07 09:22:23,1229817205#1,residential|bus_stop,,631.6400080768872,572.7061575261558,37.49670653972221,127.02799208080955,,,,timeout
dyn_pax_903,1348.0,2026-09-07 09:22:28,1117538958#3,bus_stop,,160.18899290588462,540.6019911995099,37.49632820280781,127.02266936696756,1447.0,99.0,taxi_respawn_31,picked
dyn_pax_904,1349.0,2026-09-07 09:22:29,-129731721#2,company|restaurant,,388.6558839574922,820.9778890483499,37.49889713764622,127.02518592115393,,,,timeout
dyn_pax_905,1350.0,2026-09-07 09:22:30,1117538957#3,restaurant|subway_entrance|bus_stop,,465.5082521847807,644.8780924026132,37.49732530507706,127.02609663221197,,,,timeout
dyn_pax_906,1356.0,2026-09-07 09:22:36,521766182#1,company|restaurant|subway_entrance,,681.695169875507,539.6867345716422,37.496418539503196,127.02856584056028,,,,timeout
dyn_pax_907,1357.0,2026-09-07 09:22:37,178441450#1,residential|company|restaurant|bus_stop,,282.90243066757296,609.4157395563556,37.496971320837204,127.02404044855805,,,,timeout
dyn_pax_908,1357.0,2026-09-07 09:22:37,504227067#0,restaurant,,638.7551174354396,526.833121212444,37.49629464408366,127.02808339614947,,,,timeout
dyn_pax_909,1359.0,2026-09-07 09:22:39,494824662#3,company|restaurant|subway_entrance,,729.424850252167,406.6843378518681,37.49522941823122,127.02913698209235,,,,timeout
dyn_pax_910,1360.0,2026-09-07 09:22:40,1117538958#3,bus_stop,,160.18899290588462,540.6019911995099,37.49632820280781,127.02266936696756,1544.0,184.0,taxi_respawn_9,picked
dyn_pax_911,1361.0,2026-09-07 09:22:41,417933642#2,residential|restaurant,,976.5976168723116,645.9370182109647,37.49743129415275,127.0318749523804,1392.0,31.0,taxi_respawn_10,picked
dyn_pax_912,1363.0,2026-09-07 09:22:43,520307304#0,school|subway_entrance|bus_stop,,602.6035134310263,763.145495629718,37.498416594724866,127.02761864854104,,,,timeout
dyn_pax_913,1365.0,2026-09-07 09:22:45,520307304#0,school|subway_entrance|bus_stop,,602.6035134310263,763.145495629718,37.498416594724866,127.02761864854104,,,,timeout
dyn_pax_914,1366.0,2026-09-07 09:22:46,521770119#1,restaurant|bus_stop,,527.3115514435282,995.8620162900467,37.50049875494786,127.02671217090477,1464.0,98.0,taxi_respawn_12,picked
dyn_pax_915,1367.0,2026-09-07 09:22:47,-379463134#6,restaurant,,651.5506250710082,1319.679135788758,37.50343926652266,127.02804017641046,1621.0,254.0,taxi_respawn_20,picked
dyn_pax_916,1368.0,2026-09-07 09:22:48,218857636#1,residential|company|restaurant|bus_stop,,297.92905089287035,623.2061345250047,37.49709839153085,127.02420706961871,,,,timeout
dyn_pax_917,1368.0,2026-09-07 09:22:48,129731720#0,residential|company|restaurant,,292.10678712231254,1113.150773394943,37.50151085547559,127.02402489828896,1388.0,20.0,taxi_18,picked
dyn_pax_918,1369.0,2026-09-07 09:22:49,178441450#1,residential|company|restaurant|bus_stop,,282.90243066757296,609.4157395563556,37.496971320837204,127.02404044855805,,,,timeout
dyn_pax_919,1371.0,2026-09-07 09:22:51,305539406,company|restaurant|subway_entrance,,566.389495917364,736.5285064605782,37.49816998085155,127.02721550408178,,,,timeout
dyn_pax_920,1372.0,2026-09-07 09:22:52,305539406,company|restaurant|subway_entrance,,566.389495917364,736.5285064605782,37.49816998085155,127.02721550408178,,,,timeout
dyn_pax_921,1373.0,2026-09-07 09:22:53,520307304#0,school|subway_entrance|bus_stop,,602.6035134310263,763.145495629718,37.498416594724866,127.02761864854104,,,,timeout
dyn_pax_922,1374.0,2026-09-07 09:22:54,521766175#3,company|restaurant|subway_entrance|bus_stop,,373.6701172395771,1298.610217621072,37.50319695740621,127.02490310718325,,,,timeout
dyn_pax_923,1374.0,2026-09-07 09:22:54,129731859#1,restaurant,,770.318180095484,905.1374216517651,37.499727361620906,127.02948129560598,1506.0,132.0,taxi_43,picked
dyn_pax_924,1375.0,2026-09-07 09:22:55,375049565#6,restaurant|subway_entrance|bus_stop,,789.5153251748014,798.8522330112556,37.49877353199428,127.02972351946808,,,,timeout
dyn_pax_925,1376.0,2026-09-07 09:22:56,-541692164#2,subway_entrance,,317.7122087179151,1441.0296574375257,37.504469327730426,127.0242365566347,,,,timeout
dyn_pax_926,1377.0,2026-09-07 09:22:57,218873820#0,restaurant|subway_entrance|bus_stop,,628.9829311132032,562.4061665928522,37.49661325243901,127.02796447999128,,,,timeout
dyn_pax_927,1378.0,2026-09-07 09:22:58,521766180#1,company|restaurant|bus_stop,,466.73410130235357,1169.2838037446552,37.502049542882666,127.02598608796039,,,,timeout
dyn_pax_928,1379.0,2026-09-07 09:22:59,218873820#0,restaurant|subway_entrance|bus_stop,,628.9829311132032,562.4061665928522,37.49661325243901,127.02796447999128,,,,timeout
dyn_pax_929,1380.0,2026-09-07 09:23:00,178441450#1,residential|company|restaurant|bus_stop,,282.90243066757296,609.4157395563556,37.496971320837204,127.02404044855805,,,,timeout
dyn_pax_930,1382.0,2026-09-07 09:23:02,218873820#0,restaurant|subway_entrance|bus_stop,,628.9829311132032,562.4061665928522,37.49661325243901,127.02796447999128,,,,timeout
dyn_pax_931,1383.0,2026-09-07 09:23:03,1376141183#0,bus_stop,,548.2528111146681,901.2117688498424,37.49965007283687,127.02697139402301,,,,timeout
dyn_pax_932,1384.0,2026-09-07 09:23:04,521770119#1,restaurant|bus_stop,,527.3115514435282,995.8620162900467,37.50049875494786,127.02671217090477,,,,timeout
dyn_pax_933,1385.0,2026-09-07 09:23:05,-541692164#2,subway_entrance,,317.7122087179151,1441.0296574375257,37.504469327730426,127.0242365566347,,,,timeout
dyn_pax_934,1388.0,2026-09-07 09:23:08,218864491#0,restaurant|bus_stop,,769.9803916976219,760.1217113917903,37.49842094941813,127.02951181742357,,,,timeout
dyn_pax_935,1389.0,2026-09-07 09:23:09,218873820#0,restaurant|subway_entrance|bus_stop,,628.9829311132032,562.4061665928522,37.49661325243901,127.02796447999128,,,,timeout
dyn_pax_936,1391.0,2026-09-07 09:23:11,1117538957#3,restaurant|subway_entrance|bus_stop,,465.5082521847807,644.8780924026132,37.49732530507706,127.02609663221197,,,,timeout
dyn_pax_937,1392.0,2026-09-07 09:23:12,521766175#3,company|restaurant|subway_entrance|bus_stop,,373.6701172395771,1298.610217621072,37.50319695740621,127.02490310718325,,,,timeout
dyn_pax_938,1394.0,2026-09-07 09:23:14,805827756#0,restaurant,,725.8600087193602,932.9429066344904,37.49996945301828,127.02897203227693,1580.0,186.0,taxi_19,picked
dyn_pax_939,1395.0,2026-09-07 09:23:15,218873820#0,restaurant|subway_entrance|bus_stop,,628.9829311132032,562.4061665928522,37.49661325243901,127.02796447999128,,,,timeout
dyn_pax_940,1395.0,2026-09-07 09:23:15,504227065,company,,441.32681628575455,666.8408278135128,37.497518581743364,127.0258180180219,1438.0,43.0,taxi_respawn_23,picked
dyn_pax_941,1396.0,2026-09-07 09:23:16,494824662#3,company|restaurant|subway_entrance,,729.424850252167,406.6843378518681,37.49522941823122,127.02913698209235,,,,timeout
dyn_pax_942,1399.0,2026-09-07 09:23:19,178441450#1,residential|company|restaurant|bus_stop,,282.90243066757296,609.4157395563556,37.496971320837204,127.02404044855805,,,,timeout
dyn_pax_943,1400.0,2026-09-07 09:23:20,521770119#0,restaurant|bus_stop,,548.9831206778387,935.1148840516827,37.499955620541705,127.02697161236954,,,,timeout
dyn_pax_944,1402.0,2026-09-07 09:23:22,541692164#1,subway_entrance,,271.6277521231475,1406.6420105391767,37.5041508337347,127.02372362926798,,,,timeout
dyn_pax_945,1403.0,2026-09-07 09:23:23,-117790045#0,restaurant,,544.8147652988505,1238.053441474183,37.50268379633789,127.0268526423962,1428.0,25.0,taxi_respawn_29,picked
dyn_pax_946,1406.0,2026-09-07 09:23:26,1537068130#0,residential,,915.247444986279,1279.656751811989,37.50312848832193,127.03103134780491,1663.0,257.0,taxi_34,picked
dyn_pax_947,1411.0,2026-09-07 09:23:31,-417933645#2,company|restaurant|subway_entrance,,701.1658676593129,719.5455833044954,37.49804244093877,127.02874337560036,,,,timeout
dyn_pax_948,1412.0,2026-09-07 09:23:32,521770119#0,restaurant|bus_stop,,548.9831206778387,935.1148840516827,37.499955620541705,127.02697161236954,,,,timeout
dyn_pax_949,1412.0,2026-09-07 09:23:32,218857636#1,residential|company|restaurant|bus_stop,,297.92905089287035,623.2061345250047,37.49709839153085,127.02420706961871,,,,timeout
dyn_pax_950,1415.0,2026-09-07 09:23:35,494824662#3,company|restaurant|subway_entrance,,729.424850252167,406.6843378518681,37.49522941823122,127.02913698209235,,,,timeout
dyn_pax_951,1417.0,2026-09-07 09:23:37,375049565#6,restaurant|subway_entrance|bus_stop,,789.5153251748014,798.8522330112556,37.49877353199428,127.02972351946808,,,,timeout
dyn_pax_952,1417.0,2026-09-07 09:23:37,-417933646#1,residential|restaurant,,826.6019869456061,577.8075382253838,37.49678928421788,127.03019516859905,1837.0,420.0,taxi_respawn_10,picked
dyn_pax_953,1418.0,2026-09-07 09:23:38,305539406,company|restaurant|subway_entrance,,566.389495917364,736.5285064605782,37.49816998085155,127.02721550408178,,,,timeout
dyn_pax_954,1422.0,2026-09-07 09:23:42,521770119#0,restaurant|bus_stop,,548.9831206778387,935.1148840516827,37.499955620541705,127.02697161236954,,,,timeout
dyn_pax_955,1425.0,2026-09-07 09:23:45,521766175#3,company|restaurant|subway_entrance|bus_stop,,373.6701172395771,1298.610217621072,37.50319695740621,127.02490310718325,,,,timeout
dyn_pax_956,1426.0,2026-09-07 09:23:46,1376141183#0,bus_stop,,548.2528111146681,901.2117688498424,37.49965007283687,127.02697139402301,,,,timeout
dyn_pax_957,1426.0,2026-09-07 09:23:46,521770119#1,restaurant|bus_stop,,527.3115514435282,995.8620162900467,37.50049875494786,127.02671217090477,,,,timeout
dyn_pax_958,1428.0,2026-09-07 09:23:48,1117538957#3,restaurant|subway_entrance|bus_stop,,465.5082521847807,644.8780924026132,37.49732530507706,127.02609663221197,,,,timeout
dyn_pax_959,1429.0,2026-09-07 09:23:49,975332778#1,bus_stop,,681.6099970732737,721.9380561808346,37.49806030190971,127.02852170075586,1506.0,77.0,taxi_respawn_27,picked
dyn_pax_960,1432.0,2026-09-07 09:23:52,-506191135#22,residential|company|restaurant|bus_stop,,38.693950105848444,1321.9513167019495,37.50334380565249,127.02110990869835,1502.0,70.0,taxi_24,picked
dyn_pax_961,1434.0,2026-09-07 09:23:54,218873820#0,restaurant|subway_entrance|bus_stop,,628.9829311132032,562.4061665928522,37.49661325243901,127.02796447999128,,,,timeout
dyn_pax_962,1435.0,2026-09-07 09:23:55,-504509918#2,company|restaurant|bus_stop,,398.9694242295193,827.4758220967593,37.49895762305832,127.02530099003066,,,,timeout
dyn_pax_963,1435.0,2026-09-07 09:23:55,-523141073,residential|company,,283.47995026542384,1109.9635024546676,37.50148051131825,127.02392811188028,1557.0,122.0,taxi_27,picked
dyn_pax_964,1438.0,2026-09-07 09:23:58,417933645#0,residential|restaurant,,823.1026288816429,385.61625104994533,37.49505730126708,127.03020109557775,1762.0,324.0,taxi_respawn_34,picked
dyn_pax_965,1440.0,2026-09-07 09:24:00,178441450#1,residential|company|restaurant|bus_stop,,282.90243066757296,609.4157395563556,37.496971320837204,127.02404044855805,,,,timeout
dyn_pax_966,1443.0,2026-09-07 09:24:03,218873820#0,restaurant|subway_entrance|bus_stop,,628.9829311132032,562.4061665928522,37.49661325243901,127.02796447999128,,,,timeout
dyn_pax_967,1445.0,2026-09-07 09:24:05,-506191135#22,residential|company|restaurant|bus_stop,,38.693950105848444,1321.9513167019495,37.50334380565249,127.02110990869835,1651.0,206.0,taxi_respawn_32,picked
dyn_pax_968,1448.0,2026-09-07 09:24:08,521766175#1,company|restaurant|subway_entrance,,332.9365590021661,1411.5585828157227,37.504206724109,127.02441570308932,,,,timeout
dyn_pax_969,1448.0,2026-09-07 09:24:08,-417750337#1,restaurant,,620.0756768942672,1248.4347545200121,37.5027915312318,127.02770116938098,1886.0,438.0,taxi_respawn_30,picked
dyn_pax_970,1449.0,2026-09-07 09:24:09,1117538958#3,bus_stop,,160.18899290588462,540.6019911995099,37.49632820280781,127.02266936696756,1579.0,130.0,taxi_respawn_25,picked
dyn_pax_971,1452.0,2026-09-07 09:24:12,1117538957#3,restaurant|subway_entrance|bus_stop,,465.5082521847807,644.8780924026132,37.49732530507706,127.02609663221197,,,,timeout
dyn_pax_972,1453.0,2026-09-07 09:24:13,-379463130#1,restaurant,,595.1104652489141,1131.7345077296688,37.50173554422087,127.02744655088388,1797.0,344.0,taxi_2,picked
dyn_pax_973,1454.0,2026-09-07 09:24:14,-1056882877#5,company|restaurant,,302.41102899925136,583.0415396467946,37.496737424712585,127.0242672800979,1940.0,486.0,taxi_42,picked
dyn_pax_974,1455.0,2026-09-07 09:24:15,521766182#1,company|restaurant|subway_entrance,,681.695169875507,539.6867345716422,37.496418539503196,127.02856584056028,,,,timeout
dyn_pax_975,1456.0,2026-09-07 09:24:16,541692164#1,subway_entrance,,271.6277521231475,1406.6420105391767,37.5041508337347,127.02372362926798,,,,timeout
dyn_pax_976,1457.0,2026-09-07 09:24:17,975332778#1,bus_stop,,681.6099970732737,721.9380561808346,37.49806030190971,127.02852170075586,1562.0,105.0,taxi_respawn_6,picked
dyn_pax_977,1457.0,2026-09-07 09:24:17,520307304#0,school|subway_entrance|bus_stop,,602.6035134310263,763.145495629718,37.498416594724866,127.02761864854104,,,,timeout
dyn_pax_978,1461.0,2026-09-07 09:24:21,417933642#0,restaurant|bus_stop,,1041.0954363710525,463.30841921497654,37.49579826441859,127.03264736696761,,,,timeout
dyn_pax_979,1461.0,2026-09-07 09:24:21,628232693#0,company|restaurant,,644.2623295929467,660.168099777976,37.49749680792099,127.0281140674837,1621.0,160.0,taxi_4,picked
dyn_pax_980,1462.0,2026-09-07 09:24:22,1117538957#0,company|restaurant,,312.91680439510856,589.5311930299885,37.49679787270139,127.0243845203811,1587.0,125.0,taxi_respawn_21,picked
dyn_pax_981,1463.0,2026-09-07 09:24:23,521766175#1,company|restaurant|subway_entrance,,332.9365590021661,1411.5585828157227,37.504206724109,127.02441570308932,,,,timeout
dyn_pax_982,1465.0,2026-09-07 09:24:25,521770119#1,restaurant|bus_stop,,527.3115514435282,995.8620162900467,37.50049875494786,127.02671217090477,,,,timeout
dyn_pax_983,1466.0,2026-09-07 09:24:26,520307304#0,school|subway_entrance|bus_stop,,602.6035134310263,763.145495629718,37.498416594724866,127.02761864854104,,,,timeout
dyn_pax_984,1466.0,2026-09-07 09:24:26,129733424#0,restaurant,,719.7944869540754,1033.9950883209078,37.500878618503414,127.0288795122034,1890.0,424.0,taxi_respawn_18,picked
dyn_pax_985,1468.0,2026-09-07 09:24:28,375049565#6,restaurant|subway_entrance|bus_stop,,789.5153251748014,798.8522330112556,37.49877353199428,127.02972351946808,,,,timeout
dyn_pax_986,1470.0,2026-09-07 09:24:30,1117538957#3,restaurant|subway_entrance|bus_stop,,465.5082521847807,644.8780924026132,37.49732530507706,127.02609663221197,,,,timeout
dyn_pax_987,1470.0,2026-09-07 09:24:30,218877837#2,company|restaurant|bus_stop,,479.4555212141038,978.0213907550284,37.500328997763305,127.02617530290202,,,,timeout
dyn_pax_988,1471.0,2026-09-07 09:24:31,218873820#0,restaurant|subway_entrance|bus_stop,,628.9829311132032,562.4061665928522,37.49661325243901,127.02796447999128,,,,timeout
dyn_pax_989,1471.0,2026-09-07 09:24:31,-506191135#22,residential|company|restaurant|bus_stop,,38.693950105848444,1321.9513167019495,37.50334380565249,127.02110990869835,,,,timeout
dyn_pax_990,1472.0,2026-09-07 09:24:32,1229817205#0,company|subway_entrance|bus_stop,,599.2457558679199,652.2907550986157,37.497417346160496,127.02760695963683,,,,timeout
dyn_pax_991,1474.0,2026-09-07 09:24:34,1229817205#0,company|subway_entrance|bus_stop,,599.2457558679199,652.2907550986157,37.497417346160496,127.02760695963683,,,,timeout
dyn_pax_992,1475.0,2026-09-07 09:24:35,1376141183#0,bus_stop,,548.2528111146681,901.2117688498424,37.49965007283687,127.02697139402301,,,,timeout
dyn_pax_993,1475.0,2026-09-07 09:24:35,256787796#8,restaurant,,646.6563496183319,793.2391486514691,37.49869600620777,127.02810960194483,,,,timeout
dyn_pax_994,1478.0,2026-09-07 09:24:38,417933642#0,restaurant|bus_stop,,1041.0954363710525,463.30841921497654,37.49579826441859,127.03264736696761,,,,timeout
dyn_pax_995,1479.0,2026-09-07 09:24:39,417731530,company|restaurant,,191.66975375905443,1429.5779711342507,37.5043423120142,127.02281406437154,1513.0,34.0,taxi_respawn_36,picked
dyn_pax_996,1480.0,2026-09-07 09:24:40,417933642#0,restaurant|bus_stop,,1041.0954363710525,463.30841921497654,37.49579826441859,127.03264736696761,,,,timeout
dyn_pax_997,1481.0,2026-09-07 09:24:41,1376141183#0,bus_stop,,548.2528111146681,901.2117688498424,37.49965007283687,127.02697139402301,,,,timeout
dyn_pax_998,1481.0,2026-09-07 09:24:41,218877837#0,company,,455.71990885566936,1045.563527646426,37.50093295148158,127.02589090425857,1758.0,277.0,taxi_respawn_5,picked
dyn_pax_999,1483.0,2026-09-07 09:24:43,521770116#2,company|restaurant|bus_stop,,432.3182248087171,1108.514093563608,37.50149560521279,127.02561136613096,1666.0,183.0,taxi_respawn_4,picked
dyn_pax_1000,1484.0,2026-09-07 09:24:44,218873820#0,restaurant|subway_entrance|bus_stop,,628.9829311132032,562.4061665928522,37.49661325243901,127.02796447999128,,,,timeout
dyn_pax_1001,1485.0,2026-09-07 09:24:45,256787796#5,restaurant,,616.3422671393917,878.7532899245961,37.49946062055924,127.02774658517313,1575.0,90.0,taxi_respawn_28,picked
dyn_pax_1002,1486.0,2026-09-07 09:24:46,521766175#3,company|restaurant|subway_entrance|bus_stop,,373.6701172395771,1298.610217621072,37.50319695740621,127.02490310718325,1540.0,54.0,taxi_14,picked
dyn_pax_1003,1487.0,2026-09-07 09:24:47,1376141183#0,bus_stop,,548.2528111146681,901.2117688498424,37.49965007283687,127.02697139402301,1549.0,62.0,taxi_46,picked
dyn_pax_1004,1489.0,2026-09-07 09:24:49,521770119#1,restaurant|bus_stop,,527.3115514435282,995.8620162900467,37.50049875494786,127.02671217090477,,,,timeout
dyn_pax_1005,1489.0,2026-09-07 09:24:49,239962780#1,company|restaurant,,78.091042197054,1418.7355011637856,37.504223128704645,127.02153236485597,1772.0,283.0,taxi_10,picked
dyn_pax_1006,1491.0,2026-09-07 09:24:51,305539406,company|restaurant|subway_entrance,,566.389495917364,736.5285064605782,37.49816998085155,127.02721550408178,1525.0,34.0,taxi_40,picked
dyn_pax_1007,1491.0,2026-09-07 09:24:51,-256787796#4,restaurant,,620.2926176327408,895.5374521094307,37.49961256354246,127.02778727239327,1659.0,168.0,taxi_respawn_2,picked
dyn_pax_1008,1492.0,2026-09-07 09:24:52,521770116#2,company|restaurant|bus_stop,,432.3182248087171,1108.514093563608,37.50149560521279,127.02561136613096,1656.0,164.0,taxi_41,picked
dyn_pax_1009,1493.0,2026-09-07 09:24:53,504227067#4,residential|restaurant,,502.84500120553366,479.2066548114549,37.49583994070096,127.02655806263846,1849.0,356.0,taxi_15,picked
dyn_pax_1010,1494.0,2026-09-07 09:24:54,1229817205#0,company|subway_entrance|bus_stop,,599.2457558679199,652.2907550986157,37.497417346160496,127.02760695963683,1622.0,128.0,taxi_respawn_31,picked
dyn_pax_1011,1497.0,2026-09-07 09:24:57,1229817205#1,residential|bus_stop,,631.6400080768872,572.7061575261558,37.49670653972221,127.02799208080955,1675.0,178.0,taxi_0,picked
dyn_pax_1012,1498.0,2026-09-07 09:24:58,-417933645#2,company|restaurant|subway_entrance,,701.1658676593129,719.5455833044954,37.49804244093877,127.02874337560036,1605.0,107.0,taxi_11,picked
dyn_pax_1013,1500.0,2026-09-07 09:25:00,218877837#2,company|restaurant|bus_stop,,479.4555212141038,978.0213907550284,37.500328997763305,127.02617530290202,1639.0,139.0,taxi_14,picked
dyn_pax_1014,1501.0,2026-09-07 09:25:01,-506191135#22,residential|company|restaurant|bus_stop,,38.693950105848444,1321.9513167019495,37.50334380565249,127.02110990869835,1616.0,115.0,taxi_respawn_13,picked
dyn_pax_1015,1503.0,2026-09-07 09:25:03,521766175#3,company|restaurant|subway_entrance|bus_stop,,373.6701172395771,1298.610217621072,37.50319695740621,127.02490310718325,1629.0,126.0,taxi_21,picked
dyn_pax_1016,1506.0,2026-09-07 09:25:06,117790039#0,restaurant,,1059.1652257347846,901.0190091909938,37.49974471524068,127.0327481916661,1586.0,80.0,taxi_respawn_15,picked
dyn_pax_1017,1509.0,2026-09-07 09:25:09,1229817205#0,company|subway_entrance|bus_stop,,599.2457558679199,652.2907550986157,37.497417346160496,127.02760695963683,1711.0,202.0,taxi_32,picked
dyn_pax_1018,1510.0,2026-09-07 09:25:10,1229817205#1,residential|bus_stop,,631.6400080768872,572.7061575261558,37.49670653972221,127.02799208080955,1708.0,198.0,taxi_respawn_9,picked
dyn_pax_1019,1512.0,2026-09-07 09:25:12,218873820#0,restaurant|subway_entrance|bus_stop,,628.9829311132032,562.4061665928522,37.49661325243901,127.02796447999128,2087.0,575.0,taxi_10,picked
dyn_pax_1020,1514.0,2026-09-07 09:25:14,521766175#1,company|restaurant|subway_entrance,,332.9365590021661,1411.5585828157227,37.504206724109,127.02441570308932,,,,timeout
dyn_pax_1021,1515.0,2026-09-07 09:25:15,218877837#2,company|restaurant|bus_stop,,479.4555212141038,978.0213907550284,37.500328997763305,127.02617530290202,,,,timeout
dyn_pax_1022,1519.0,2026-09-07 09:25:19,-417933645#1,restaurant,,753.9829961438405,551.6859834676363,37.49654027420169,127.02938030242663,1590.0,71.0,taxi_31,picked
dyn_pax_1023,1520.0,2026-09-07 09:25:20,1117538957#3,restaurant|subway_entrance|bus_stop,,465.5082521847807,644.8780924026132,37.49732530507706,127.02609663221197,1642.0,122.0,taxi_23,picked
dyn_pax_1024,1520.0,2026-09-07 09:25:20,417933646#2,residential|restaurant,,830.3119525357222,594.5819430897021,37.496941093289735,127.0302331440542,1619.0,99.0,taxi_7,picked
dyn_pax_1025,1520.0,2026-09-07 09:25:20,178441450#1,residential|company|restaurant|bus_stop,,282.90243066757296,609.4157395563556,37.496971320837204,127.02404044855805,1643.0,123.0,taxi_33,picked
dyn_pax_1026,1521.0,2026-09-07 09:25:21,521770119#1,restaurant|bus_stop,,527.3115514435282,995.8620162900467,37.50049875494786,127.02671217090477,,,,timeout
dyn_pax_1027,1523.0,2026-09-07 09:25:23,521766175#1,company|restaurant|subway_entrance,,332.9365590021661,1411.5585828157227,37.504206724109,127.02441570308932,,,,timeout
dyn_pax_1028,1524.0,2026-09-07 09:25:24,506191135#3,residential|company|restaurant|bus_stop,,238.79972345576414,789.4714057742513,37.49858497042428,127.023499044737,1662.0,138.0,taxi_respawn_36,picked
dyn_pax_1029,1526.0,2026-09-07 09:25:26,521766180#1,company|restaurant|bus_stop,,466.73410130235357,1169.2838037446552,37.502049542882666,127.02598608796039,2087.0,561.0,taxi_respawn_24,picked
dyn_pax_1030,1527.0,2026-09-07 09:25:27,521766180#1,company|restaurant|bus_stop,,466.73410130235357,1169.2838037446552,37.502049542882666,127.02598608796039,1885.0,358.0,taxi_17,picked
dyn_pax_1031,1529.0,2026-09-07 09:25:29,521766180#1,company|restaurant|bus_stop,,466.73410130235357,1169.2838037446552,37.502049542882666,127.02598608796039,2092.0,563.0,taxi_37,picked
dyn_pax_1032,1530.0,2026-09-07 09:25:30,1229817205#0,company|subway_entrance|bus_stop,,599.2457558679199,652.2907550986157,37.497417346160496,127.02760695963683,2071.0,541.0,taxi_49,picked
dyn_pax_1033,1533.0,2026-09-07 09:25:33,375049565#6,restaurant|subway_entrance|bus_stop,,789.5153251748014,798.8522330112556,37.49877353199428,127.02972351946808,1683.0,150.0,taxi_respawn_27,picked
dyn_pax_1034,1535.0,2026-09-07 09:25:35,218857636#1,residential|company|restaurant|bus_stop,,297.92905089287035,623.2061345250047,37.49709839153085,127.02420706961871,1686.0,151.0,taxi_27,picked
dyn_pax_1035,1536.0,2026-09-07 09:25:36,520307304#0,school|subway_entrance|bus_stop,,602.6035134310263,763.145495629718,37.498416594724866,127.02761864854104,,,,timeout
dyn_pax_1036,1538.0,2026-09-07 09:25:38,521766175#1,company|restaurant|subway_entrance,,332.9365590021661,1411.5585828157227,37.504206724109,127.02441570308932,,,,timeout
dyn_pax_1037,1538.0,2026-09-07 09:25:38,379463134#3,restaurant,,544.2510512741843,1273.4484249309019,37.503002538586315,127.0268378740983,1684.0,146.0,taxi_43,picked
dyn_pax_1038,1540.0,2026-09-07 09:25:40,178441450#1,residential|company|restaurant|bus_stop,,282.90243066757296,609.4157395563556,37.496971320837204,127.02404044855805,1759.0,219.0,taxi_respawn_26,picked
dyn_pax_1039,1541.0,2026-09-07 09:25:41,1117538958#3,bus_stop,,160.18899290588462,540.6019911995099,37.49632820280781,127.02266936696756,1573.0,32.0,taxi_28,picked
dyn_pax_1040,1543.0,2026-09-07 09:25:43,218873820#0,restaurant|subway_entrance|bus_stop,,628.9829311132032,562.4061665928522,37.49661325243901,127.02796447999128,,,,timeout
dyn_pax_1041,1546.0,2026-09-07 09:25:46,521766182#1,company|restaurant|subway_entrance,,681.695169875507,539.6867345716422,37.496418539503196,127.02856584056028,1657.0,111.0,taxi_37,picked
dyn_pax_1042,1547.0,2026-09-07 09:25:47,218864491#0,restaurant|bus_stop,,769.9803916976219,760.1217113917903,37.49842094941813,127.02951181742357,,,,timeout
dyn_pax_1043,1548.0,2026-09-07 09:25:48,-129731721#2,company|restaurant,,388.6558839574922,820.9778890483499,37.49889713764622,127.02518592115393,,,,timeout
dyn_pax_1044,1549.0,2026-09-07 09:25:49,218873820#0,restaurant|subway_entrance|bus_stop,,628.9829311132032,562.4061665928522,37.49661325243901,127.02796447999128,,,,timeout
dyn_pax_1045,1550.0,2026-09-07 09:25:50,521766182#1,company|restaurant|subway_entrance,,681.695169875507,539.6867345716422,37.496418539503196,127.02856584056028,1671.0,121.0,taxi_18,picked
dyn_pax_1046,1555.0,2026-09-07 09:25:55,506191135#3,residential|company|restaurant|bus_stop,,238.79972345576414,789.4714057742513,37.49858497042428,127.023499044737,1888.0,333.0,taxi_21,picked
dyn_pax_1047,1556.0,2026-09-07 09:25:56,520307304#0,school|subway_entrance|bus_stop,,602.6035134310263,763.145495629718,37.498416594724866,127.02761864854104,,,,timeout
dyn_pax_1048,1559.0,2026-09-07 09:25:59,521770119#1,restaurant|bus_stop,,527.3115514435282,995.8620162900467,37.50049875494786,127.02671217090477,,,,timeout
dyn_pax_1049,1560.0,2026-09-07 09:26:00,417933642#0,restaurant|bus_stop,,1041.0954363710525,463.30841921497654,37.49579826441859,127.03264736696761,,,,timeout
dyn_pax_1050,1561.0,2026-09-07 09:26:01,521766180#1,company|restaurant|bus_stop,,466.73410130235357,1169.2838037446552,37.502049542882666,127.02598608796039,2096.0,535.0,taxi_respawn_23,picked
dyn_pax_1051,1563.0,2026-09-07 09:26:03,521766180#1,company|restaurant|bus_stop,,466.73410130235357,1169.2838037446552,37.502049542882666,127.02598608796039,2101.0,538.0,taxi_44,picked
dyn_pax_1052,1564.0,2026-09-07 09:26:04,521766175#3,company|restaurant|subway_entrance|bus_stop,,373.6701172395771,1298.610217621072,37.50319695740621,127.02490310718325,1722.0,158.0,taxi_respawn_33,picked
dyn_pax_1053,1566.0,2026-09-07 09:26:06,1117538957#3,restaurant|subway_entrance|bus_stop,,465.5082521847807,644.8780924026132,37.49732530507706,127.02609663221197,1740.0,174.0,taxi_respawn_16,picked
dyn_pax_1054,1566.0,2026-09-07 09:26:06,-504227067#3,restaurant,,527.7289520354611,471.5483450335965,37.495775653483,127.02684121970124,1626.0,60.0,taxi_29,picked
dyn_pax_1055,1567.0,2026-09-07 09:26:07,305539406,company|restaurant|subway_entrance,,566.389495917364,736.5285064605782,37.49816998085155,127.02721550408178,1708.0,141.0,taxi_39,picked
dyn_pax_1056,1568.0,2026-09-07 09:26:08,417933645#2,residential|company|restaurant,,757.7944798520502,568.4010952306102,37.496691568512986,127.02941943794849,1632.0,64.0,taxi_42,picked
dyn_pax_1057,1570.0,2026-09-07 09:26:10,218877837#2,company|restaurant|bus_stop,,479.4555212141038,978.0213907550284,37.500328997763305,127.02617530290202,,,,timeout
dyn_pax_1058,1571.0,2026-09-07 09:26:11,218873820#0,restaurant|subway_entrance|bus_stop,,628.9829311132032,562.4061665928522,37.49661325243901,127.02796447999128,,,,timeout
dyn_pax_1059,1572.0,2026-09-07 09:26:12,521766175#3,company|restaurant|subway_entrance|bus_stop,,373.6701172395771,1298.610217621072,37.50319695740621,127.02490310718325,,,,timeout
dyn_pax_1060,1573.0,2026-09-07 09:26:13,521770119#1,restaurant|bus_stop,,527.3115514435282,995.8620162900467,37.50049875494786,127.02671217090477,,,,timeout
dyn_pax_1061,1575.0,2026-09-07 09:26:15,1229817205#0,company|subway_entrance|bus_stop,,599.2457558679199,652.2907550986157,37.497417346160496,127.02760695963683,,,,timeout
dyn_pax_1062,1576.0,2026-09-07 09:26:16,218877837#2,company|restaurant|bus_stop,,479.4555212141038,978.0213907550284,37.500328997763305,127.02617530290202,,,,timeout
dyn_pax_1063,1577.0,2026-09-07 09:26:17,218873820#0,restaurant|subway_entrance|bus_stop,,628.9829311132032,562.4061665928522,37.49661325243901,127.02796447999128,,,,timeout
dyn_pax_1064,1578.0,2026-09-07 09:26:18,305539406,company|restaurant|subway_entrance,,566.389495917364,736.5285064605782,37.49816998085155,127.02721550408178,1978.0,400.0,taxi_43,picked
dyn_pax_1065,1581.0,2026-09-07 09:26:21,-417933645#2,company|restaurant|subway_entrance,,701.1658676593129,719.5455833044954,37.49804244093877,127.02874337560036,1694.0,113.0,taxi_20,picked
dyn_pax_1066,1585.0,2026-09-07 09:26:25,521770119#0,restaurant|bus_stop,,548.9831206778387,935.1148840516827,37.499955620541705,127.02697161236954,,,,timeout
dyn_pax_1067,1587.0,2026-09-07 09:26:27,-129731717#1,residential|company|restaurant,,188.433090102474,1374.3511058470413,37.503844200149025,127.0227905913032,1676.0,89.0,taxi_47,picked
dyn_pax_1068,1589.0,2026-09-07 09:26:29,494824662#3,company|restaurant|subway_entrance,,729.424850252167,406.6843378518681,37.49522941823122,127.02913698209235,1906.0,317.0,taxi_respawn_13,picked
dyn_pax_1069,1589.0,2026-09-07 09:26:29,256787796#6,restaurant,,626.4884087870183,851.7135990963859,37.499218954480725,127.02786771303293,,,,timeout
dyn_pax_1070,1591.0,2026-09-07 09:26:31,521766182#1,company|restaurant|subway_entrance,,681.695169875507,539.6867345716422,37.496418539503196,127.02856584056028,1684.0,93.0,taxi_respawn_30,picked
dyn_pax_1071,1592.0,2026-09-07 09:26:32,990628460#0,restaurant,,624.9193131653682,704.9656163236222,37.49789670602668,127.02788475117727,,,,timeout
dyn_pax_1072,1593.0,2026-09-07 09:26:33,506191135#3,residential|company|restaurant|bus_stop,,238.79972345576414,789.4714057742513,37.49858497042428,127.023499044737,1895.0,302.0,taxi_41,picked
dyn_pax_1073,1595.0,2026-09-07 09:26:35,417933642#0,restaurant|bus_stop,,1041.0954363710525,463.30841921497654,37.49579826441859,127.03264736696761,,,,timeout
dyn_pax_1074,1595.0,2026-09-07 09:26:35,129731859#4,restaurant,,948.3176585840322,968.5888771831698,37.50033252074231,127.03147887955224,1652.0,57.0,taxi_48,picked
dyn_pax_1075,1596.0,2026-09-07 09:26:36,521770119#1,restaurant|bus_stop,,527.3115514435282,995.8620162900467,37.50049875494786,127.02671217090477,,,,timeout
dyn_pax_1076,1597.0,2026-09-07 09:26:37,-417933645#2,company|restaurant|subway_entrance,,701.1658676593129,719.5455833044954,37.49804244093877,127.02874337560036,1706.0,109.0,taxi_26,picked
dyn_pax_1077,1599.0,2026-09-07 09:26:39,521766175#3,company|restaurant|subway_entrance|bus_stop,,373.6701172395771,1298.610217621072,37.50319695740621,127.02490310718325,,,,timeout
dyn_pax_1078,1600.0,2026-09-07 09:26:40,-417750337#0,restaurant,,672.8749254632385,1321.3640627464144,37.50345847130562,127.02828089713113,1652.0,52.0,taxi_9,picked
dyn_pax_1079,1602.0,2026-09-07 09:26:42,218864491#0,restaurant|bus_stop,,769.9803916976219,760.1217113917903,37.49842094941813,127.02951181742357,,,,timeout
dyn_pax_1080,1602.0,2026-09-07 09:26:42,-417750337#4,restaurant,,542.6552277079157,1139.0745154802132,37.5017917560025,127.02685169754334,1875.0,273.0,taxi_respawn_19,picked
dyn_pax_1081,1604.0,2026-09-07 09:26:44,1229817205#0,company|subway_entrance|bus_stop,,599.2457558679199,652.2907550986157,37.497417346160496,127.02760695963683,,,,timeout
dyn_pax_1082,1604.0,2026-09-07 09:26:44,1056882877#3,residential|company|restaurant,,365.79280968467333,433.0557487307964,37.495398294451746,127.02501948586043,1716.0,112.0,taxi_45,picked
dyn_pax_1083,1605.0,2026-09-07 09:26:45,494824662#3,company|restaurant|subway_entrance,,729.424850252167,406.6843378518681,37.49522941823122,127.02913698209235,2076.0,471.0,taxi_respawn_35,picked
dyn_pax_1084,1605.0,2026-09-07 09:26:45,-542367267#0,company,,179.75773525047865,1390.7576253945435,37.50399035207237,127.02268859703804,1698.0,93.0,taxi_respawn_29,picked
dyn_pax_1085,1607.0,2026-09-07 09:26:47,375049565#6,restaurant|subway_entrance|bus_stop,,789.5153251748014,798.8522330112556,37.49877353199428,127.02972351946808,2032.0,425.0,taxi_47,picked
dyn_pax_1086,1609.0,2026-09-07 09:26:49,117790039#0,restaurant,,1059.1652257347846,901.0190091909938,37.49974471524068,127.0327481916661,1748.0,139.0,taxi_24,picked
dyn_pax_1087,1610.0,2026-09-07 09:26:50,-417933645#2,company|restaurant|subway_entrance,,701.1658676593129,719.5455833044954,37.49804244093877,127.02874337560036,1763.0,153.0,taxi_28,picked
dyn_pax_1088,1611.0,2026-09-07 09:26:51,521766182#1,company|restaurant|subway_entrance,,681.695169875507,539.6867345716422,37.496418539503196,127.02856584056028,1785.0,174.0,taxi_40,picked
dyn_pax_1089,1612.0,2026-09-07 09:26:52,-504509918#2,company|restaurant|bus_stop,,398.9694242295193,827.4758220967593,37.49895762305832,127.02530099003066,1672.0,60.0,taxi_30,picked
dyn_pax_1090,1612.0,2026-09-07 09:26:52,-506191135#2,residential|bus_stop,,236.19733776439384,769.6838415951818,37.49840622577806,127.02347432089968,1708.0,96.0,taxi_38,picked
dyn_pax_1091,1615.0,2026-09-07 09:26:55,1117538957#3,restaurant|subway_entrance|bus_stop,,465.5082521847807,644.8780924026132,37.49732530507706,127.02609663221197,1819.0,204.0,taxi_12,picked
dyn_pax_1092,1618.0,2026-09-07 09:26:58,494824662#3,company|restaurant|subway_entrance,,729.424850252167,406.6843378518681,37.49522941823122,127.02913698209235,,,,timeout
dyn_pax_1093,1619.0,2026-09-07 09:26:59,-506191135#22,residential|company|restaurant|bus_stop,,38.693950105848444,1321.9513167019495,37.50334380565249,127.02110990869835,2049.0,430.0,taxi_33,picked
dyn_pax_1094,1620.0,2026-09-07 09:27:00,117790051#4,restaurant,,495.1920534812603,1378.4842065286966,37.50393946166789,127.02625823552458,1809.0,189.0,taxi_13,picked
dyn_pax_1095,1621.0,2026-09-07 09:27:01,218857636#1,residential|company|restaurant|bus_stop,,297.92905089287035,623.2061345250047,37.49709839153085,127.02420706961871,1940.0,319.0,taxi_9,picked
dyn_pax_1096,1622.0,2026-09-07 09:27:02,521770116#2,company|restaurant|bus_stop,,432.3182248087171,1108.514093563608,37.50149560521279,127.02561136613096,1630.0,8.0,taxi_12,picked
dyn_pax_1097,1624.0,2026-09-07 09:27:04,521770119#1,restaurant|bus_stop,,527.3115514435282,995.8620162900467,37.50049875494786,127.02671217090477,,,,timeout
dyn_pax_1098,1627.0,2026-09-07 09:27:07,375049565#6,restaurant|subway_entrance|bus_stop,,789.5153251748014,798.8522330112556,37.49877353199428,127.02972351946808,2044.0,417.0,taxi_15,picked
dyn_pax_1099,1628.0,2026-09-07 09:27:08,541692164#1,subway_entrance,,271.6277521231475,1406.6420105391767,37.5041508337347,127.02372362926798,1765.0,137.0,taxi_25,picked
dyn_pax_1100,1630.0,2026-09-07 09:27:10,-541692164#2,subway_entrance,,317.7122087179151,1441.0296574375257,37.504469327730426,127.0242365566347,,,,timeout
dyn_pax_1101,1632.0,2026-09-07 09:27:12,219837933#0,residential|company,,49.0199205680682,1328.1480294371383,37.503401583976704,127.02122519296726,1758.0,126.0,taxi_respawn_28,picked
dyn_pax_1102,1633.0,2026-09-07 09:27:13,521766175#1,company|restaurant|subway_entrance,,332.9365590021661,1411.5585828157227,37.504206724109,127.02441570308932,,,,timeout
dyn_pax_1103,1635.0,2026-09-07 09:27:15,521766175#3,company|restaurant|subway_entrance|bus_stop,,373.6701172395771,1298.610217621072,37.50319695740621,127.02490310718325,,,,timeout
dyn_pax_1104,1636.0,2026-09-07 09:27:16,375049565#6,restaurant|subway_entrance|bus_stop,,789.5153251748014,798.8522330112556,37.49877353199428,127.02972351946808,2038.0,402.0,taxi_respawn_32,picked
dyn_pax_1105,1636.0,2026-09-07 09:27:16,-379463134#6,restaurant,,651.5506250710082,1319.679135788758,37.50343926652266,127.02804017641046,2143.0,507.0,taxi_11,picked
dyn_pax_1106,1636.0,2026-09-07 09:27:16,521766180#1,company|restaurant|bus_stop,,466.73410130235357,1169.2838037446552,37.502049542882666,127.02598608796039,2112.0,476.0,taxi_respawn_25,picked
dyn_pax_1107,1638.0,2026-09-07 09:27:18,1229817205#1,residential|bus_stop,,631.6400080768872,572.7061575261558,37.49670653972221,127.02799208080955,1829.0,191.0,taxi_8,picked
dyn_pax_1108,1640.0,2026-09-07 09:27:20,-129731721#2,company|restaurant,,388.6558839574922,820.9778890483499,37.49889713764622,127.02518592115393,2092.0,452.0,taxi_respawn_15,picked
dyn_pax_1109,1641.0,2026-09-07 09:27:21,1229817205#1,residential|bus_stop,,631.6400080768872,572.7061575261558,37.49670653972221,127.02799208080955,1927.0,286.0,taxi_respawn_37,picked
dyn_pax_1110,1642.0,2026-09-07 09:27:22,506191135#3,residential|company|restaurant|bus_stop,,238.79972345576414,789.4714057742513,37.49858497042428,127.023499044737,1977.0,335.0,taxi_respawn_21,picked
dyn_pax_1111,1643.0,2026-09-07 09:27:23,990628460#0,restaurant,,624.9193131653682,704.9656163236222,37.49789670602668,127.02788475117727,,,,timeout
dyn_pax_1112,1645.0,2026-09-07 09:27:25,521770116#2,company|restaurant|bus_stop,,432.3182248087171,1108.514093563608,37.50149560521279,127.02561136613096,1745.0,100.0,taxi_respawn_22,picked
dyn_pax_1113,1647.0,2026-09-07 09:27:27,375049565#6,restaurant|subway_entrance|bus_stop,,789.5153251748014,798.8522330112556,37.49877353199428,127.02972351946808,2063.0,416.0,taxi_17,picked
dyn_pax_1114,1650.0,2026-09-07 09:27:30,523141074#0,company|restaurant|subway_entrance,,524.0338794858329,871.4890157117229,37.4993777454413,127.02670460634431,2122.0,472.0,taxi_46,picked
dyn_pax_1115,1652.0,2026-09-07 09:27:32,256787796#6,restaurant,,626.4884087870183,851.7135990963859,37.499218954480725,127.02786771303293,,,,timeout
dyn_pax_1116,1653.0,2026-09-07 09:27:33,178441450#1,residential|company|restaurant|bus_stop,,282.90243066757296,609.4157395563556,37.496971320837204,127.02404044855805,1988.0,335.0,taxi_48,picked
dyn_pax_1117,1654.0,2026-09-07 09:27:34,1117538957#3,restaurant|subway_entrance|bus_stop,,465.5082521847807,644.8780924026132,37.49732530507706,127.02609663221197,1837.0,183.0,taxi_respawn_4,picked
dyn_pax_1118,1656.0,2026-09-07 09:27:36,218857636#1,residential|company|restaurant|bus_stop,,297.92905089287035,623.2061345250047,37.49709839153085,127.02420706961871,2090.0,434.0,taxi_respawn_9,picked
dyn_pax_1119,1657.0,2026-09-07 09:27:37,975332778#1,bus_stop,,681.6099970732737,721.9380561808346,37.49806030190971,127.02852170075586,1916.0,259.0,taxi_respawn_33,picked
dyn_pax_1120,1657.0,2026-09-07 09:27:37,-129731717#1,residential|company|restaurant,,188.433090102474,1374.3511058470413,37.503844200149025,127.0227905913032,1694.0,37.0,taxi_respawn_11,picked
dyn_pax_1121,1657.0,2026-09-07 09:27:37,-417933646#1,residential|restaurant,,826.6019869456061,577.8075382253838,37.49678928421788,127.03019516859905,1711.0,54.0,taxi_respawn_10,picked
dyn_pax_1122,1661.0,2026-09-07 09:27:41,-129731858#3,restaurant,,760.2046779472714,898.6469063162286,37.49966698472747,127.02936848203807,1751.0,90.0,taxi_respawn_14,picked
dyn_pax_1123,1664.0,2026-09-07 09:27:44,521766175#1,company|restaurant|subway_entrance,,332.9365590021661,1411.5585828157227,37.504206724109,127.02441570308932,,,,timeout
dyn_pax_1124,1665.0,2026-09-07 09:27:45,178441450#1,residential|company|restaurant|bus_stop,,282.90243066757296,609.4157395563556,37.496971320837204,127.02404044855805,2028.0,363.0,taxi_28,picked
dyn_pax_1125,1667.0,2026-09-07 09:27:47,480850873,company|restaurant|bus_stop,,548.1935052770749,708.5896639848544,37.49791486187585,127.0270163956136,2075.0,408.0,taxi_26,picked
dyn_pax_1126,1667.0,2026-09-07 09:27:47,178441450#1,residential|company|restaurant|bus_stop,,282.90243066757296,609.4157395563556,37.496971320837204,127.02404044855805,2036.0,369.0,taxi_22,picked
dyn_pax_1127,1668.0,2026-09-07 09:27:48,1229817205#0,company|subway_entrance|bus_stop,,599.2457558679199,652.2907550986157,37.497417346160496,127.02760695963683,2249.0,581.0,taxi_24,picked
dyn_pax_1128,1670.0,2026-09-07 09:27:50,417933642#2,residential|restaurant,,976.5976168723116,645.9370182109647,37.49743129415275,127.0318749523804,2169.0,499.0,taxi_8,picked
dyn_pax_1129,1671.0,2026-09-07 09:27:51,375049565#6,restaurant|subway_entrance|bus_stop,,789.5153251748014,798.8522330112556,37.49877353199428,127.02972351946808,2110.0,439.0,taxi_respawn_27,picked
dyn_pax_1130,1673.0,2026-09-07 09:27:53,1376141183#0,bus_stop,,548.2528111146681,901.2117688498424,37.49965007283687,127.02697139402301,1862.0,189.0,taxi_respawn_20,picked
dyn_pax_1131,1674.0,2026-09-07 09:27:54,-542367267#1,bus_stop,,247.51018316686128,1414.7184918773391,37.504219024473855,127.02344900430944,1718.0,44.0,taxi_6,picked
dyn_pax_1132,1674.0,2026-09-07 09:27:54,628232693#0,company|restaurant,,644.2623295929467,660.168099777976,37.49749680792099,127.0281140674837,1708.0,34.0,taxi_respawn_12,picked
dyn_pax_1133,1674.0,2026-09-07 09:27:54,375049565#6,restaurant|subway_entrance|bus_stop,,789.5153251748014,798.8522330112556,37.49877353199428,127.02972351946808,,,,timeout
dyn_pax_1134,1675.0,2026-09-07 09:27:55,-256787796#1,restaurant,,578.741609978934,1014.5790766049616,37.500677080058935,127.02728924469663,1787.0,112.0,taxi_31,picked
dyn_pax_1135,1676.0,2026-09-07 09:27:56,1376141182#0,bus_stop,,385.7154046370183,1301.0311255965628,37.50322104370192,127.02503873135461,,,,timeout
dyn_pax_1136,1677.0,2026-09-07 09:27:57,521770119#0,restaurant|bus_stop,,548.9831206778387,935.1148840516827,37.499955620541705,127.02697161236954,2103.0,426.0,taxi_45,picked
dyn_pax_1137,1682.0,2026-09-07 09:28:02,1117538957#3,restaurant|subway_entrance|bus_stop,,465.5082521847807,644.8780924026132,37.49732530507706,127.02609663221197,1851.0,169.0,taxi_27,picked
dyn_pax_1138,1684.0,2026-09-07 09:28:04,-506191135#2,residential|bus_stop,,236.19733776439384,769.6838415951818,37.49840622577806,127.02347432089968,1799.0,115.0,taxi_respawn_3,picked
dyn_pax_1139,1687.0,2026-09-07 09:28:07,375049565#6,restaurant|subway_entrance|bus_stop,,789.5153251748014,798.8522330112556,37.49877353199428,127.02972351946808,,,,timeout
dyn_pax_1140,1688.0,2026-09-07 09:28:08,375049565#6,restaurant|subway_entrance|bus_stop,,789.5153251748014,798.8522330112556,37.49877353199428,127.02972351946808,,,,timeout
dyn_pax_1141,1690.0,2026-09-07 09:28:10,521766180#1,company|restaurant|bus_stop,,466.73410130235357,1169.2838037446552,37.502049542882666,127.02598608796039,2189.0,499.0,taxi_25,picked
dyn_pax_1142,1690.0,2026-09-07 09:28:10,504509918#0,residential|restaurant,,511.83203920742636,882.9034728009249,37.49947826486711,127.02656393710718,1734.0,44.0,taxi_respawn_37,picked
dyn_pax_1143,1693.0,2026-09-07 09:28:13,-541692164#2,subway_entrance,,317.7122087179151,1441.0296574375257,37.504469327730426,127.0242365566347,,,,timeout
dyn_pax_1144,1693.0,2026-09-07 09:28:13,504227069,residential|restaurant,,587.1158993285404,291.7776336445087,37.494167438547194,127.02755526357365,,,,timeout
dyn_pax_1145,1694.0,2026-09-07 09:28:14,1117538957#3,restaurant|subway_entrance|bus_stop,,465.5082521847807,644.8780924026132,37.49732530507706,127.02609663221197,1914.0,220.0,taxi_respawn_36,picked
dyn_pax_1146,1695.0,2026-09-07 09:28:15,-805827765,restaurant,,955.7439147780814,1157.0835718820576,37.50203194319751,127.03151825266303,1854.0,159.0,taxi_respawn_31,picked
dyn_pax_1147,1696.0,2026-09-07 09:28:16,1117538957#3,restaurant|subway_entrance|bus_stop,,465.5082521847807,644.8780924026132,37.49732530507706,127.02609663221197,2105.0,409.0,taxi_respawn_28,picked
dyn_pax_1148,1696.0,2026-09-07 09:28:16,379463134#2,restaurant,,492.9894267673794,1254.822149661426,37.50282506050825,127.0262626667944,1751.0,55.0,taxi_respawn_6,picked
dyn_pax_1149,1697.0,2026-09-07 09:28:17,480850873,company|restaurant|bus_stop,,548.1935052770749,708.5896639848544,37.49791486187585,127.0270163956136,2116.0,419.0,taxi_respawn_34,picked
dyn_pax_1150,1699.0,2026-09-07 09:28:19,494824662#3,company|restaurant|subway_entrance,,729.424850252167,406.6843378518681,37.49522941823122,127.02913698209235,,,,timeout
dyn_pax_1151,1700.0,2026-09-07 09:28:20,-541692164#2,subway_entrance,,317.7122087179151,1441.0296574375257,37.504469327730426,127.0242365566347,,,,timeout
dyn_pax_1152,1700.0,2026-09-07 09:28:20,975332778#0,restaurant,,667.9217791522676,716.9366930139246,37.49801266412058,127.02836812020041,1773.0,73.0,taxi_49,picked
dyn_pax_1153,1703.0,2026-09-07 09:28:23,1229817205#0,company|subway_entrance|bus_stop,,599.2457558679199,652.2907550986157,37.497417346160496,127.02760695963683,,,,timeout
dyn_pax_1154,1704.0,2026-09-07 09:28:24,129731857#1,residential|restaurant,,656.8212873140518,799.6615847813327,37.498755780674834,127.02822301071001,,,,timeout
dyn_pax_1155,1708.0,2026-09-07 09:28:28,541692164#1,subway_entrance,,271.6277521231475,1406.6420105391767,37.5041508337347,127.02372362926798,1812.0,104.0,taxi_22,picked
dyn_pax_1156,1710.0,2026-09-07 09:28:30,541692164#1,subway_entrance,,271.6277521231475,1406.6420105391767,37.5041508337347,127.02372362926798,1817.0,107.0,taxi_respawn_35,picked
dyn_pax_1157,1710.0,2026-09-07 09:28:30,-256787796#4,restaurant,,620.2926176327408,895.5374521094307,37.49961256354246,127.02778727239327,1914.0,204.0,taxi_2,picked
dyn_pax_1158,1711.0,2026-09-07 09:28:31,494824662#3,company|restaurant|subway_entrance,,729.424850252167,406.6843378518681,37.49522941823122,127.02913698209235,,,,timeout
dyn_pax_1159,1712.0,2026-09-07 09:28:32,504509918#0,residential|restaurant,,511.83203920742636,882.9034728009249,37.49947826486711,127.02656393710718,1918.0,206.0,taxi_respawn_28,picked
dyn_pax_1160,1713.0,2026-09-07 09:28:33,541692164#1,subway_entrance,,271.6277521231475,1406.6420105391767,37.5041508337347,127.02372362926798,1899.0,186.0,taxi_32,picked
dyn_pax_1161,1714.0,2026-09-07 09:28:34,541692164#1,subway_entrance,,271.6277521231475,1406.6420105391767,37.5041508337347,127.02372362926798,1909.0,195.0,taxi_25,picked
dyn_pax_1162,1716.0,2026-09-07 09:28:36,521770119#0,restaurant|bus_stop,,548.9831206778387,935.1148840516827,37.499955620541705,127.02697161236954,2127.0,411.0,taxi_respawn_6,picked
dyn_pax_1163,1717.0,2026-09-07 09:28:37,178441450#1,residential|company|restaurant|bus_stop,,282.90243066757296,609.4157395563556,37.496971320837204,127.02404044855805,2168.0,451.0,taxi_respawn_12,picked
dyn_pax_1164,1719.0,2026-09-07 09:28:39,521766182#1,company|restaurant|subway_entrance,,681.695169875507,539.6867345716422,37.496418539503196,127.02856584056028,1890.0,171.0,taxi_0,picked
dyn_pax_1165,1720.0,2026-09-07 09:28:40,218873820#0,restaurant|subway_entrance|bus_stop,,628.9829311132032,562.4061665928522,37.49661325243901,127.02796447999128,2188.0,468.0,taxi_42,picked
dyn_pax_1166,1722.0,2026-09-07 09:28:42,-542367267#1,bus_stop,,247.51018316686128,1414.7184918773391,37.504219024473855,127.02344900430944,1780.0,58.0,taxi_respawn_7,picked
dyn_pax_1167,1723.0,2026-09-07 09:28:43,480850873,company|restaurant|bus_stop,,548.1935052770749,708.5896639848544,37.49791486187585,127.0270163956136,2084.0,361.0,taxi_19,picked
dyn_pax_1168,1725.0,2026-09-07 09:28:45,218877837#2,company|restaurant|bus_stop,,479.4555212141038,978.0213907550284,37.500328997763305,127.02617530290202,2129.0,404.0,taxi_respawn_21,picked
dyn_pax_1169,1727.0,2026-09-07 09:28:47,218857636#1,residential|company|restaurant|bus_stop,,297.92905089287035,623.2061345250047,37.49709839153085,127.02420706961871,,,,timeout
dyn_pax_1170,1727.0,2026-09-07 09:28:47,417933645#2,residential|company|restaurant,,757.7944798520502,568.4010952306102,37.496691568512986,127.02941943794849,1766.0,39.0,taxi_respawn_15,picked
dyn_pax_1171,1728.0,2026-09-07 09:28:48,375049565#6,restaurant|subway_entrance|bus_stop,,789.5153251748014,798.8522330112556,37.49877353199428,127.02972351946808,,,,timeout
dyn_pax_1172,1729.0,2026-09-07 09:28:49,-504509918#2,company|restaurant|bus_stop,,398.9694242295193,827.4758220967593,37.49895762305832,127.02530099003066,2071.0,342.0,taxi_32,picked
dyn_pax_1173,1731.0,2026-09-07 09:28:51,-506191135#2,residential|bus_stop,,236.19733776439384,769.6838415951818,37.49840622577806,127.02347432089968,,,,timeout
dyn_pax_1174,1733.0,2026-09-07 09:28:53,521770116#2,company|restaurant|bus_stop,,432.3182248087171,1108.514093563608,37.50149560521279,127.02561136613096,1837.0,104.0,taxi_14,picked
dyn_pax_1175,1734.0,2026-09-07 09:28:54,521770116#2,company|restaurant|bus_stop,,432.3182248087171,1108.514093563608,37.50149560521279,127.02561136613096,2103.0,369.0,taxi_14,picked
dyn_pax_1176,1735.0,2026-09-07 09:28:55,-129731858#3,restaurant,,760.2046779472714,898.6469063162286,37.49966698472747,127.02936848203807,1841.0,106.0,taxi_33,picked
dyn_pax_1177,1736.0,2026-09-07 09:28:56,218873820#0,restaurant|subway_entrance|bus_stop,,628.9829311132032,562.4061665928522,37.49661325243901,127.02796447999128,,,,timeout
dyn_pax_1178,1737.0,2026-09-07 09:28:57,521770116#2,company|restaurant|bus_stop,,432.3182248087171,1108.514093563608,37.50149560521279,127.02561136613096,1988.0,251.0,taxi_respawn_2,picked
dyn_pax_1179,1737.0,2026-09-07 09:28:57,-504509918#2,company|restaurant|bus_stop,,398.9694242295193,827.4758220967593,37.49895762305832,127.02530099003066,2138.0,401.0,taxi_respawn_2,picked
dyn_pax_1180,1740.0,2026-09-07 09:29:00,178441450#1,residential|company|restaurant|bus_stop,,282.90243066757296,609.4157395563556,37.496971320837204,127.02404044855805,2216.0,476.0,taxi_47,picked
dyn_pax_1181,1740.0,2026-09-07 09:29:00,1229817205#0,company|subway_entrance|bus_stop,,599.2457558679199,652.2907550986157,37.497417346160496,127.02760695963683,,,,timeout
dyn_pax_1182,1743.0,2026-09-07 09:29:03,1229817205#1,residential|bus_stop,,631.6400080768872,572.7061575261558,37.49670653972221,127.02799208080955,1978.0,235.0,taxi_respawn_3,picked
dyn_pax_1183,1743.0,2026-09-07 09:29:03,-256787796#1,restaurant,,578.741609978934,1014.5790766049616,37.500677080058935,127.02728924469663,,,,timeout
dyn_pax_1184,1744.0,2026-09-07 09:29:04,-379232155,restaurant,,999.2800162208075,449.1965960198298,37.495663263085994,127.03217793178025,,,,timeout
dyn_pax_1185,1745.0,2026-09-07 09:29:05,-506191135#22,residential|company|restaurant|bus_stop,,38.693950105848444,1321.9513167019495,37.50334380565249,127.02110990869835,2134.0,389.0,taxi_18,picked
dyn_pax_1186,1746.0,2026-09-07 09:29:06,1117538957#3,restaurant|subway_entrance|bus_stop,,465.5082521847807,644.8780924026132,37.49732530507706,127.02609663221197,,,,timeout
dyn_pax_1187,1746.0,2026-09-07 09:29:06,-1537068129#0,restaurant,,962.1540281232122,1146.7630824504436,37.50194018104768,127.03159317410272,1966.0,220.0,taxi_3,picked
dyn_pax_1188,1747.0,2026-09-07 09:29:07,521770116#2,company|restaurant|bus_stop,,432.3182248087171,1108.514093563608,37.50149560521279,127.02561136613096,2294.0,547.0,taxi_respawn_20,picked
dyn_pax_1189,1748.0,2026-09-07 09:29:08,-504509918#2,company|restaurant|bus_stop,,398.9694242295193,827.4758220967593,37.49895762305832,127.02530099003066,2215.0,467.0,taxi_respawn_32,picked
dyn_pax_1190,1751.0,2026-09-07 09:29:11,218857636#1,residential|company|restaurant|bus_stop,,297.92905089287035,623.2061345250047,37.49709839153085,127.02420706961871,,,,timeout
dyn_pax_1191,1752.0,2026-09-07 09:29:12,1229817205#0,company|subway_entrance|bus_stop,,599.2457558679199,652.2907550986157,37.497417346160496,127.02760695963683,,,,timeout
dyn_pax_1192,1752.0,2026-09-07 09:29:12,1117538958#2,company,,104.12900552775619,520.131995808405,37.496133188537314,127.02204040818502,1817.0,65.0,taxi_39,picked
dyn_pax_1193,1754.0,2026-09-07 09:29:14,1229817205#1,residential|bus_stop,,631.6400080768872,572.7061575261558,37.49670653972221,127.02799208080955,2246.0,492.0,taxi_respawn_28,picked
dyn_pax_1194,1756.0,2026-09-07 09:29:16,305539406,company|restaurant|subway_entrance,,566.389495917364,736.5285064605782,37.49816998085155,127.02721550408178,1986.0,230.0,taxi_respawn_14,picked
dyn_pax_1195,1758.0,2026-09-07 09:29:18,239962780#1,company|restaurant,,78.091042197054,1418.7355011637856,37.504223128704645,127.02153236485597,2209.0,451.0,taxi_34,picked
dyn_pax_1196,1759.0,2026-09-07 09:29:19,494824662#3,company|restaurant|subway_entrance,,729.424850252167,406.6843378518681,37.49522941823122,127.02913698209235,,,,timeout
dyn_pax_1197,1759.0,2026-09-07 09:29:19,-417933646#4,company|restaurant,,761.9867537178288,747.7080569325292,37.49830761500862,127.02942437673002,,,,timeout
dyn_pax_1198,1760.0,2026-09-07 09:29:20,975332778#1,bus_stop,,681.6099970732737,721.9380561808346,37.49806030190971,127.02852170075586,2000.0,240.0,taxi_respawn_7,picked
dyn_pax_1199,1760.0,2026-09-07 09:29:20,218864491#0,restaurant|bus_stop,,769.9803916976219,760.1217113917903,37.49842094941813,127.02951181742357,,,,timeout
dyn_pax_1200,1762.0,2026-09-07 09:29:22,975332778#1,bus_stop,,681.6099970732737,721.9380561808346,37.49806030190971,127.02852170075586,,,,timeout
dyn_pax_1201,1763.0,2026-09-07 09:29:23,375049565#6,restaurant|subway_entrance|bus_stop,,789.5153251748014,798.8522330112556,37.49877353199428,127.02972351946808,,,,timeout
dyn_pax_1202,1764.0,2026-09-07 09:29:24,117790039#3,restaurant,,1021.8645860465238,1004.4924062015546,37.500669811640854,127.03230197280303,1815.0,51.0,taxi_respawn_17,picked
dyn_pax_1203,1765.0,2026-09-07 09:29:25,1376141183#0,bus_stop,,548.2528111146681,901.2117688498424,37.49965007283687,127.02697139402301,,,,timeout
dyn_pax_1204,1766.0,2026-09-07 09:29:26,521766182#1,company|restaurant|subway_entrance,,681.695169875507,539.6867345716422,37.496418539503196,127.02856584056028,,,,timeout
dyn_pax_1205,1768.0,2026-09-07 09:29:28,480850873,company|restaurant|bus_stop,,548.1935052770749,708.5896639848544,37.49791486187585,127.0270163956136,2212.0,444.0,taxi_14,picked
dyn_pax_1206,1769.0,2026-09-07 09:29:29,-417750336#5,restaurant,,886.0343029737398,891.1232225857099,37.499622942823265,127.030792984823,1905.0,136.0,taxi_respawn_8,picked
dyn_pax_1207,1771.0,2026-09-07 09:29:31,506191135#3,residential|company|restaurant|bus_stop,,238.79972345576414,789.4714057742513,37.49858497042428,127.023499044737,2190.0,419.0,taxi_respawn_30,picked
dyn_pax_1208,1772.0,2026-09-07 09:29:32,541692164#1,subway_entrance,,271.6277521231475,1406.6420105391767,37.5041508337347,127.02372362926798,1903.0,131.0,taxi_18,picked
dyn_pax_1209,1774.0,2026-09-07 09:29:34,520307304#0,school|subway_entrance|bus_stop,,602.6035134310263,763.145495629718,37.498416594724866,127.02761864854104,,,,timeout
dyn_pax_1210,1774.0,2026-09-07 09:29:34,1117538957#3,restaurant|subway_entrance|bus_stop,,465.5082521847807,644.8780924026132,37.49732530507706,127.02609663221197,2273.0,499.0,taxi_respawn_27,picked
dyn_pax_1211,1777.0,2026-09-07 09:29:37,541692164#1,subway_entrance,,271.6277521231475,1406.6420105391767,37.5041508337347,127.02372362926798,2036.0,259.0,taxi_23,picked
dyn_pax_1212,1777.0,2026-09-07 09:29:37,-309155295#4,residential|restaurant,,966.4689567179357,639.4784987131154,37.49737120494098,127.0317619612052,1827.0,50.0,taxi_29,picked
dyn_pax_1213,1780.0,2026-09-07 09:29:40,1117538958#3,bus_stop,,160.18899290588462,540.6019911995099,37.49632820280781,127.02266936696756,1831.0,51.0,taxi_46,picked
dyn_pax_1214,1781.0,2026-09-07 09:29:41,117790062#7,restaurant,,610.3314045210797,1078.999817662281,37.50126336859982,127.02763115548898,2129.0,348.0,taxi_respawn_19,picked
dyn_pax_1215,1785.0,2026-09-07 09:29:45,375049565#6,restaurant|subway_entrance|bus_stop,,789.5153251748014,798.8522330112556,37.49877353199428,127.02972351946808,,,,timeout
dyn_pax_1216,1786.0,2026-09-07 09:29:46,521770119#0,restaurant|bus_stop,,548.9831206778387,935.1148840516827,37.499955620541705,127.02697161236954,,,,timeout
dyn_pax_1217,1786.0,2026-09-07 09:29:46,506191135#3,residential|company|restaurant|bus_stop,,238.79972345576414,789.4714057742513,37.49858497042428,127.023499044737,2206.0,420.0,taxi_2,picked
dyn_pax_1218,1788.0,2026-09-07 09:29:48,218873820#0,restaurant|subway_entrance|bus_stop,,628.9829311132032,562.4061665928522,37.49661325243901,127.02796447999128,,,,timeout
dyn_pax_1219,1789.0,2026-09-07 09:29:49,1229817205#0,company|subway_entrance|bus_stop,,599.2457558679199,652.2907550986157,37.497417346160496,127.02760695963683,2429.0,640.0,taxi_respawn_21,picked
dyn_pax_1220,1791.0,2026-09-07 09:29:51,1376141182#0,bus_stop,,385.7154046370183,1301.0311255965628,37.50322104370192,127.02503873135461,,,,timeout
dyn_pax_1221,1792.0,2026-09-07 09:29:52,521770119#0,restaurant|bus_stop,,548.9831206778387,935.1148840516827,37.499955620541705,127.02697161236954,,,,timeout
dyn_pax_1222,1794.0,2026-09-07 09:29:54,-541692164#2,subway_entrance,,317.7122087179151,1441.0296574375257,37.504469327730426,127.0242365566347,2261.0,467.0,taxi_respawn_5,picked
dyn_pax_1223,1794.0,2026-09-07 09:29:54,309155295#1,restaurant,,764.2225196982893,558.1760304781078,37.4966006705371,127.0294945363528,1840.0,46.0,taxi_respawn_38,picked
dyn_pax_1224,1796.0,2026-09-07 09:29:56,504227067#0,restaurant,,638.7551174354396,526.833121212444,37.49629464408366,127.02808339614947,1911.0,115.0,taxi_4,picked
dyn_pax_1225,1797.0,2026-09-07 09:29:57,1117538957#3,restaurant|subway_entrance|bus_stop,,465.5082521847807,644.8780924026132,37.49732530507706,127.02609663221197,,,,timeout
dyn_pax_1226,1798.0,2026-09-07 09:29:58,218857636#1,residential|company|restaurant|bus_stop,,297.92905089287035,623.2061345250047,37.49709839153085,127.02420706961871,,,,timeout
dyn_pax_1227,1800.0,2026-09-07 09:30:00,218873820#0,restaurant|subway_entrance|bus_stop,,628.9829311132032,562.4061665928522,37.49661325243901,127.02796447999128,,,,timeout
dyn_pax_1228,1803.0,2026-09-07 09:30:03,521766175#1,company|restaurant|subway_entrance,,332.9365590021661,1411.5585828157227,37.504206724109,127.02441570308932,,,,timeout
dyn_pax_1229,1804.0,2026-09-07 09:30:04,1056882877#3,residential|company|restaurant,,365.79280968467333,433.0557487307964,37.495398294451746,127.02501948586043,1922.0,118.0,taxi_24,picked
dyn_pax_1230,1805.0,2026-09-07 09:30:05,1117538957#3,restaurant|subway_entrance|bus_stop,,465.5082521847807,644.8780924026132,37.49732530507706,127.02609663221197,,,,timeout
dyn_pax_1231,1805.0,2026-09-07 09:30:05,-541692164#2,subway_entrance,,317.7122087179151,1441.0296574375257,37.504469327730426,127.0242365566347,,,,timeout
dyn_pax_1232,1806.0,2026-09-07 09:30:06,375049565#6,restaurant|subway_entrance|bus_stop,,789.5153251748014,798.8522330112556,37.49877353199428,127.02972351946808,,,,timeout
dyn_pax_1233,1808.0,2026-09-07 09:30:08,218873820#0,restaurant|subway_entrance|bus_stop,,628.9829311132032,562.4061665928522,37.49661325243901,127.02796447999128,,,,timeout
dyn_pax_1234,1809.0,2026-09-07 09:30:09,218873820#0,restaurant|subway_entrance|bus_stop,,628.9829311132032,562.4061665928522,37.49661325243901,127.02796447999128,,,,timeout
dyn_pax_1235,1811.0,2026-09-07 09:30:11,521766182#1,company|restaurant|subway_entrance,,681.695169875507,539.6867345716422,37.496418539503196,127.02856584056028,,,,timeout
dyn_pax_1236,1811.0,2026-09-07 09:30:11,375049565#6,restaurant|subway_entrance|bus_stop,,789.5153251748014,798.8522330112556,37.49877353199428,127.02972351946808,,,,timeout
dyn_pax_1237,1812.0,2026-09-07 09:30:12,-379463130#1,restaurant,,595.1104652489141,1131.7345077296688,37.50173554422087,127.02744655088388,,,,timeout
dyn_pax_1238,1814.0,2026-09-07 09:30:14,541692164#1,subway_entrance,,271.6277521231475,1406.6420105391767,37.5041508337347,127.02372362926798,2213.0,399.0,taxi_23,picked
dyn_pax_1239,1814.0,2026-09-07 09:30:14,129731859#3,restaurant,,873.6090416568148,941.272009001338,37.50007235670303,127.03064062663523,1952.0,138.0,taxi_respawn_16,picked
dyn_pax_1240,1814.0,2026-09-07 09:30:14,375049565#6,restaurant|subway_entrance|bus_stop,,789.5153251748014,798.8522330112556,37.49877353199428,127.02972351946808,,,,timeout
dyn_pax_1241,1815.0,2026-09-07 09:30:15,178441450#1,residential|company|restaurant|bus_stop,,282.90243066757296,609.4157395563556,37.496971320837204,127.02404044855805,2232.0,417.0,taxi_35,picked
dyn_pax_1242,1818.0,2026-09-07 09:30:18,521770119#0,restaurant|bus_stop,,548.9831206778387,935.1148840516827,37.499955620541705,127.02697161236954,,,,timeout
dyn_pax_1243,1818.0,2026-09-07 09:30:18,129731720#0,residential|company|restaurant,,292.10678712231254,1113.150773394943,37.50151085547559,127.02402489828896,1965.0,147.0,taxi_30,picked
dyn_pax_1244,1818.0,2026-09-07 09:30:18,26163000#0,restaurant,,655.1679463942612,1215.3400880972458,37.50250003106797,127.02810580802628,2078.0,260.0,taxi_respawn_33,picked
dyn_pax_1245,1818.0,2026-09-07 09:30:18,1229817205#0,company|subway_entrance|bus_stop,,599.2457558679199,652.2907550986157,37.497417346160496,127.02760695963683,,,,timeout
dyn_pax_1246,1820.0,2026-09-07 09:30:20,1229817205#0,company|subway_entrance|bus_stop,,599.2457558679199,652.2907550986157,37.497417346160496,127.02760695963683,,,,timeout
dyn_pax_1247,1823.0,2026-09-07 09:30:23,521766180#1,company|restaurant|bus_stop,,466.73410130235357,1169.2838037446552,37.502049542882666,127.02598608796039,2106.0,283.0,taxi_36,picked
dyn_pax_1248,1823.0,2026-09-07 09:30:23,-1011529829#3,residential|restaurant,,246.84006179949273,776.1178104815556,37.49846619888778,127.02359312469504,1892.0,69.0,taxi_respawn_5,picked
dyn_pax_1249,1823.0,2026-09-07 09:30:23,417933645#2,residential|company|restaurant,,757.7944798520502,568.4010952306102,37.496691568512986,127.02941943794849,1857.0,34.0,taxi_respawn_32,picked
dyn_pax_1250,1826.0,2026-09-07 09:30:26,-504509918#2,company|restaurant|bus_stop,,398.9694242295193,827.4758220967593,37.49895762305832,127.02530099003066,,,,timeout
dyn_pax_1251,1828.0,2026-09-07 09:30:28,521766175#1,company|restaurant|subway_entrance,,332.9365590021661,1411.5585828157227,37.504206724109,127.02441570308932,,,,timeout
dyn_pax_1252,1829.0,2026-09-07 09:30:29,523141074#0,company|restaurant|subway_entrance,,524.0338794858329,871.4890157117229,37.4993777454413,127.02670460634431,2302.0,473.0,taxi_respawn_9,picked
dyn_pax_1253,1831.0,2026-09-07 09:30:31,-117790045#1,restaurant,,534.0975884889299,1266.9858058167179,37.502942402865294,127.02672459950128,1928.0,97.0,taxi_31,picked
dyn_pax_1254,1832.0,2026-09-07 09:30:32,521770119#1,restaurant|bus_stop,,527.3115514435282,995.8620162900467,37.50049875494786,127.02671217090477,2258.0,426.0,taxi_respawn_18,picked
dyn_pax_1255,1832.0,2026-09-07 09:30:32,-913950883#1,residential|company|restaurant,,391.36286393582424,840.6655979518604,37.49907500229157,127.0252118555046,1945.0,113.0,taxi_7,picked
dyn_pax_1256,1834.0,2026-09-07 09:30:34,541692164#1,subway_entrance,,271.6277521231475,1406.6420105391767,37.5041508337347,127.02372362926798,,,,timeout
dyn_pax_1257,1836.0,2026-09-07 09:30:36,-379232133,restaurant,,887.8909311741835,528.8139035551092,37.496359489964284,127.03089971288236,,,,timeout
dyn_pax_1258,1837.0,2026-09-07 09:30:37,417933642#0,restaurant|bus_stop,,1041.0954363710525,463.30841921497654,37.49579826441859,127.03264736696761,,,,timeout
dyn_pax_1259,1840.0,2026-09-07 09:30:40,218864491#0,restaurant|bus_stop,,769.9803916976219,760.1217113917903,37.49842094941813,127.02951181742357,,,,timeout
dyn_pax_1260,1841.0,2026-09-07 09:30:41,521766175#1,company|restaurant|subway_entrance,,332.9365590021661,1411.5585828157227,37.504206724109,127.02441570308932,,,,timeout
dyn_pax_1261,1844.0,2026-09-07 09:30:44,218857636#1,residential|company|restaurant|bus_stop,,297.92905089287035,623.2061345250047,37.49709839153085,127.02420706961871,,,,timeout
dyn_pax_1262,1846.0,2026-09-07 09:30:46,-417933645#2,company|restaurant|subway_entrance,,701.1658676593129,719.5455833044954,37.49804244093877,127.02874337560036,1912.0,66.0,taxi_6,picked
dyn_pax_1263,1847.0,2026-09-07 09:30:47,-417933645#2,company|restaurant|subway_entrance,,701.1658676593129,719.5455833044954,37.49804244093877,127.02874337560036,1919.0,72.0,taxi_40,picked
dyn_pax_1264,1848.0,2026-09-07 09:30:48,-256787796#8,restaurant,,666.7735412908731,765.3811461974922,37.49844885044044,127.02834365925706,2208.0,360.0,taxi_3,picked
dyn_pax_1265,1848.0,2026-09-07 09:30:48,379463134#3,restaurant,,544.2510512741843,1273.4484249309019,37.503002538586315,127.0268378740983,1885.0,37.0,taxi_respawn_12,picked
dyn_pax_1266,1851.0,2026-09-07 09:30:51,523141074#0,company|restaurant|subway_entrance,,524.0338794858329,871.4890157117229,37.4993777454413,127.02670460634431,2307.0,456.0,taxi_16,picked
dyn_pax_1267,1852.0,2026-09-07 09:30:52,218877837#2,company|restaurant|bus_stop,,479.4555212141038,978.0213907550284,37.500328997763305,127.02617530290202,2285.0,433.0,taxi_15,picked
dyn_pax_1268,1855.0,2026-09-07 09:30:55,494824662#3,company|restaurant|subway_entrance,,729.424850252167,406.6843378518681,37.49522941823122,127.02913698209235,2355.0,500.0,taxi_33,picked
dyn_pax_1269,1857.0,2026-09-07 09:30:57,521766182#1,company|restaurant|subway_entrance,,681.695169875507,539.6867345716422,37.496418539503196,127.02856584056028,,,,timeout
dyn_pax_1270,1860.0,2026-09-07 09:31:00,218873820#0,restaurant|subway_entrance|bus_stop,,628.9829311132032,562.4061665928522,37.49661325243901,127.02796447999128,,,,timeout
dyn_pax_1271,1861.0,2026-09-07 09:31:01,129731834#0,school,,229.35227593843302,780.2499709424674,37.498500113124294,127.02339441737757,,,,timeout
dyn_pax_1272,1862.0,2026-09-07 09:31:02,309155295#2,restaurant,,836.915506927576,584.1196133409687,37.49684809051661,127.03031028233906,,,,timeout
dyn_pax_1273,1863.0,2026-09-07 09:31:03,541692164#1,subway_entrance,,271.6277521231475,1406.6420105391767,37.5041508337347,127.02372362926798,,,,timeout
dyn_pax_1274,1863.0,2026-09-07 09:31:03,521766180#1,company|restaurant|bus_stop,,466.73410130235357,1169.2838037446552,37.502049542882666,127.02598608796039,,,,timeout
dyn_pax_1275,1864.0,2026-09-07 09:31:04,-805827765,restaurant,,955.7439147780814,1157.0835718820576,37.50203194319751,127.03151825266303,1963.0,99.0,taxi_respawn_6,picked
dyn_pax_1276,1866.0,2026-09-07 09:31:06,975332778#1,bus_stop,,681.6099970732737,721.9380561808346,37.49806030190971,127.02852170075586,2278.0,412.0,taxi_respawn_29,picked
dyn_pax_1277,1867.0,2026-09-07 09:31:07,-504509918#2,company|restaurant|bus_stop,,398.9694242295193,827.4758220967593,37.49895762305832,127.02530099003066,,,,timeout
dyn_pax_1278,1868.0,2026-09-07 09:31:08,129731859#4,restaurant,,948.3176585840322,968.5888771831698,37.50033252074231,127.03147887955224,1952.0,84.0,taxi_respawn_27,picked
dyn_pax_1279,1870.0,2026-09-07 09:31:10,975332778#1,bus_stop,,681.6099970732737,721.9380561808346,37.49806030190971,127.02852170075586,,,,timeout
dyn_pax_1280,1873.0,2026-09-07 09:31:13,521766182#1,company|restaurant|subway_entrance,,681.695169875507,539.6867345716422,37.496418539503196,127.02856584056028,,,,timeout
dyn_pax_1281,1874.0,2026-09-07 09:31:14,218873820#0,restaurant|subway_entrance|bus_stop,,628.9829311132032,562.4061665928522,37.49661325243901,127.02796447999128,,,,timeout
dyn_pax_1282,1875.0,2026-09-07 09:31:15,417933642#0,restaurant|bus_stop,,1041.0954363710525,463.30841921497654,37.49579826441859,127.03264736696761,,,,timeout
dyn_pax_1283,1877.0,2026-09-07 09:31:17,218877837#2,company|restaurant|bus_stop,,479.4555212141038,978.0213907550284,37.500328997763305,127.02617530290202,,,,timeout
dyn_pax_1284,1878.0,2026-09-07 09:31:18,-504509918#2,company|restaurant|bus_stop,,398.9694242295193,827.4758220967593,37.49895762305832,127.02530099003066,,,,timeout
dyn_pax_1285,1880.0,2026-09-07 09:31:20,178441450#1,residential|company|restaurant|bus_stop,,282.90243066757296,609.4157395563556,37.496971320837204,127.02404044855805,2225.0,345.0,taxi_17,picked
dyn_pax_1286,1881.0,2026-09-07 09:31:21,523141074#0,company|restaurant|subway_entrance,,524.0338794858329,871.4890157117229,37.4993777454413,127.02670460634431,,,,timeout
dyn_pax_1287,1881.0,2026-09-07 09:31:21,-506191135#2,residential|bus_stop,,236.19733776439384,769.6838415951818,37.49840622577806,127.02347432089968,,,,timeout
dyn_pax_1288,1883.0,2026-09-07 09:31:23,521766175#3,company|restaurant|subway_entrance|bus_stop,,373.6701172395771,1298.610217621072,37.50319695740621,127.02490310718325,2189.0,306.0,taxi_respawn_3,picked
dyn_pax_1289,1884.0,2026-09-07 09:31:24,218873820#0,restaurant|subway_entrance|bus_stop,,628.9829311132032,562.4061665928522,37.49661325243901,127.02796447999128,,,,timeout
dyn_pax_1290,1885.0,2026-09-07 09:31:25,-417933646#1,residential|restaurant,,826.6019869456061,577.8075382253838,37.49678928421788,127.03019516859905,2286.0,401.0,taxi_respawn_37,picked
dyn_pax_1291,1886.0,2026-09-07 09:31:26,521770119#0,restaurant|bus_stop,,548.9831206778387,935.1148840516827,37.499955620541705,127.02697161236954,,,,timeout
dyn_pax_1292,1887.0,2026-09-07 09:31:27,-506191135#22,residential|company|restaurant|bus_stop,,38.693950105848444,1321.9513167019495,37.50334380565249,127.02110990869835,2216.0,329.0,taxi_respawn_38,picked
dyn_pax_1293,1888.0,2026-09-07 09:31:28,-506191135#22,residential|company|restaurant|bus_stop,,38.693950105848444,1321.9513167019495,37.50334380565249,127.02110990869835,2259.0,371.0,taxi_32,picked
dyn_pax_1294,1889.0,2026-09-07 09:31:29,178441450#1,residential|company|restaurant|bus_stop,,282.90243066757296,609.4157395563556,37.496971320837204,127.02404044855805,,,,timeout
dyn_pax_1295,1890.0,2026-09-07 09:31:30,-417933645#2,company|restaurant|subway_entrance,,701.1658676593129,719.5455833044954,37.49804244093877,127.02874337560036,2167.0,277.0,taxi_41,picked
dyn_pax_1296,1892.0,2026-09-07 09:31:32,523141074#0,company|restaurant|subway_entrance,,524.0338794858329,871.4890157117229,37.4993777454413,127.02670460634431,,,,timeout
dyn_pax_1297,1892.0,2026-09-07 09:31:32,117790062#7,restaurant,,610.3314045210797,1078.999817662281,37.50126336859982,127.02763115548898,2313.0,421.0,taxi_9,picked
dyn_pax_1298,1893.0,2026-09-07 09:31:33,523141074#0,company|restaurant|subway_entrance,,524.0338794858329,871.4890157117229,37.4993777454413,127.02670460634431,,,,timeout
dyn_pax_1299,1893.0,2026-09-07 09:31:33,417933642#2,residential|restaurant,,976.5976168723116,645.9370182109647,37.49743129415275,127.0318749523804,2278.0,385.0,taxi_respawn_35,picked
dyn_pax_1300,1896.0,2026-09-07 09:31:36,-504509918#2,company|restaurant|bus_stop,,398.9694242295193,827.4758220967593,37.49895762305832,127.02530099003066,,,,timeout
dyn_pax_1301,1898.0,2026-09-07 09:31:38,218873820#0,restaurant|subway_entrance|bus_stop,,628.9829311132032,562.4061665928522,37.49661325243901,127.02796447999128,,,,timeout
dyn_pax_1302,1898.0,2026-09-07 09:31:38,506191135#3,residential|company|restaurant|bus_stop,,238.79972345576414,789.4714057742513,37.49858497042428,127.023499044737,2264.0,366.0,taxi_31,picked
dyn_pax_1303,1900.0,2026-09-07 09:31:40,1229817205#0,company|subway_entrance|bus_stop,,599.2457558679199,652.2907550986157,37.497417346160496,127.02760695963683,,,,timeout
dyn_pax_1304,1901.0,2026-09-07 09:31:41,-541692164#2,subway_entrance,,317.7122087179151,1441.0296574375257,37.504469327730426,127.0242365566347,,,,timeout
dyn_pax_1305,1901.0,2026-09-07 09:31:41,504509918#0,residential|restaurant,,511.83203920742636,882.9034728009249,37.49947826486711,127.02656393710718,2077.0,176.0,taxi_respawn_31,picked
dyn_pax_1306,1903.0,2026-09-07 09:31:43,521766175#3,company|restaurant|subway_entrance|bus_stop,,373.6701172395771,1298.610217621072,37.50319695740621,127.02490310718325,,,,timeout
dyn_pax_1307,1904.0,2026-09-07 09:31:44,218877837#2,company|restaurant|bus_stop,,479.4555212141038,978.0213907550284,37.500328997763305,127.02617530290202,,,,timeout
dyn_pax_1308,1904.0,2026-09-07 09:31:44,521766182#1,company|restaurant|subway_entrance,,681.695169875507,539.6867345716422,37.496418539503196,127.02856584056028,,,,timeout
dyn_pax_1309,1906.0,2026-09-07 09:31:46,-541692164#2,subway_entrance,,317.7122087179151,1441.0296574375257,37.504469327730426,127.0242365566347,,,,timeout
dyn_pax_1310,1909.0,2026-09-07 09:31:49,305539406,company|restaurant|subway_entrance,,566.389495917364,736.5285064605782,37.49816998085155,127.02721550408178,2245.0,336.0,taxi_respawn_11,picked
dyn_pax_1311,1910.0,2026-09-07 09:31:50,975332778#1,bus_stop,,681.6099970732737,721.9380561808346,37.49806030190971,127.02852170075586,,,,timeout
dyn_pax_1312,1910.0,2026-09-07 09:31:50,494824662#3,company|restaurant|subway_entrance,,729.424850252167,406.6843378518681,37.49522941823122,127.02913698209235,2382.0,472.0,taxi_43,picked
dyn_pax_1313,1912.0,2026-09-07 09:31:52,-542367267#1,bus_stop,,247.51018316686128,1414.7184918773391,37.504219024473855,127.02344900430944,1991.0,79.0,taxi_20,picked
dyn_pax_1314,1915.0,2026-09-07 09:31:55,1117538958#3,bus_stop,,160.18899290588462,540.6019911995099,37.49632820280781,127.02266936696756,1938.0,23.0,taxi_34,picked
dyn_pax_1315,1916.0,2026-09-07 09:31:56,375049565#6,restaurant|subway_entrance|bus_stop,,789.5153251748014,798.8522330112556,37.49877353199428,127.02972351946808,,,,timeout
dyn_pax_1316,1918.0,2026-09-07 09:31:58,-504509918#2,company|restaurant|bus_stop,,398.9694242295193,827.4758220967593,37.49895762305832,127.02530099003066,,,,timeout
dyn_pax_1317,1919.0,2026-09-07 09:31:59,218864491#0,restaurant|bus_stop,,769.9803916976219,760.1217113917903,37.49842094941813,127.02951181742357,,,,timeout
dyn_pax_1318,1920.0,2026-09-07 09:32:00,-506191135#22,residential|company|restaurant|bus_stop,,38.693950105848444,1321.9513167019495,37.50334380565249,127.02110990869835,,,,timeout
dyn_pax_1319,1922.0,2026-09-07 09:32:02,494824662#3,company|restaurant|subway_entrance,,729.424850252167,406.6843378518681,37.49522941823122,127.02913698209235,,,,timeout
dyn_pax_1320,1923.0,2026-09-07 09:32:03,218873820#0,restaurant|subway_entrance|bus_stop,,628.9829311132032,562.4061665928522,37.49661325243901,127.02796447999128,,,,timeout
dyn_pax_1321,1926.0,2026-09-07 09:32:06,520307304#0,school|subway_entrance|bus_stop,,602.6035134310263,763.145495629718,37.498416594724866,127.02761864854104,,,,timeout
dyn_pax_1322,1927.0,2026-09-07 09:32:07,1229817205#0,company|subway_entrance|bus_stop,,599.2457558679199,652.2907550986157,37.497417346160496,127.02760695963683,,,,timeout
dyn_pax_1323,1927.0,2026-09-07 09:32:07,-417750337#0,restaurant,,672.8749254632385,1321.3640627464144,37.50345847130562,127.02828089713113,1986.0,59.0,taxi_respawn_29,picked
dyn_pax_1324,1929.0,2026-09-07 09:32:09,521766182#1,company|restaurant|subway_entrance,,681.695169875507,539.6867345716422,37.496418539503196,127.02856584056028,,,,timeout
dyn_pax_1325,1932.0,2026-09-07 09:32:12,375049565#6,restaurant|subway_entrance|bus_stop,,789.5153251748014,798.8522330112556,37.49877353199428,127.02972351946808,,,,timeout
dyn_pax_1326,1933.0,2026-09-07 09:32:13,521766175#1,company|restaurant|subway_entrance,,332.9365590021661,1411.5585828157227,37.504206724109,127.02441570308932,,,,timeout
dyn_pax_1327,1935.0,2026-09-07 09:32:15,-506191135#22,residential|company|restaurant|bus_stop,,38.693950105848444,1321.9513167019495,37.50334380565249,127.02110990869835,,,,timeout
dyn_pax_1328,1939.0,2026-09-07 09:32:19,521766175#1,company|restaurant|subway_entrance,,332.9365590021661,1411.5585828157227,37.504206724109,127.02441570308932,,,,timeout
dyn_pax_1329,1942.0,2026-09-07 09:32:22,218877837#2,company|restaurant|bus_stop,,479.4555212141038,978.0213907550284,37.500328997763305,127.02617530290202,,,,timeout
dyn_pax_1330,1944.0,2026-09-07 09:32:24,480850873,company|restaurant|bus_stop,,548.1935052770749,708.5896639848544,37.49791486187585,127.0270163956136,2435.0,491.0,taxi_29,picked
dyn_pax_1331,1945.0,2026-09-07 09:32:25,218877837#2,company|restaurant|bus_stop,,479.4555212141038,978.0213907550284,37.500328997763305,127.02617530290202,2452.0,507.0,taxi_37,picked
dyn_pax_1332,1945.0,2026-09-07 09:32:25,1229817205#1,residential|bus_stop,,631.6400080768872,572.7061575261558,37.49670653972221,127.02799208080955,2334.0,389.0,taxi_24,picked
dyn_pax_1333,1946.0,2026-09-07 09:32:26,-379232133,restaurant,,887.8909311741835,528.8139035551092,37.496359489964284,127.03089971288236,,,,timeout
dyn_pax_1334,1949.0,2026-09-07 09:32:29,521766180#1,company|restaurant|bus_stop,,466.73410130235357,1169.2838037446552,37.502049542882666,127.02598608796039,,,,timeout
dyn_pax_1335,1951.0,2026-09-07 09:32:31,379463134#3,restaurant,,544.2510512741843,1273.4484249309019,37.503002538586315,127.0268378740983,2220.0,269.0,taxi_respawn_22,picked
dyn_pax_1336,1951.0,2026-09-07 09:32:31,494824662#3,company|restaurant|subway_entrance,,729.424850252167,406.6843378518681,37.49522941823122,127.02913698209235,,,,timeout
dyn_pax_1337,1952.0,2026-09-07 09:32:32,1117538957#3,restaurant|subway_entrance|bus_stop,,465.5082521847807,644.8780924026132,37.49732530507706,127.02609663221197,2367.0,415.0,taxi_6,picked
dyn_pax_1338,1953.0,2026-09-07 09:32:33,480850873,company|restaurant|bus_stop,,548.1935052770749,708.5896639848544,37.49791486187585,127.0270163956136,,,,timeout
dyn_pax_1339,1955.0,2026-09-07 09:32:35,375049565#6,restaurant|subway_entrance|bus_stop,,789.5153251748014,798.8522330112556,37.49877353199428,127.02972351946808,,,,timeout
dyn_pax_1340,1956.0,2026-09-07 09:32:36,520307304#0,school|subway_entrance|bus_stop,,602.6035134310263,763.145495629718,37.498416594724866,127.02761864854104,,,,timeout
dyn_pax_1341,1956.0,2026-09-07 09:32:36,129733424#0,restaurant,,719.7944869540754,1033.9950883209078,37.500878618503414,127.0288795122034,2114.0,158.0,taxi_29,picked
dyn_pax_1342,1958.0,2026-09-07 09:32:38,521766175#3,company|restaurant|subway_entrance|bus_stop,,373.6701172395771,1298.610217621072,37.50319695740621,127.02490310718325,,,,timeout
dyn_pax_1343,1958.0,2026-09-07 09:32:38,117790041#2,restaurant,,441.66460303662666,1376.669936706078,37.50391299976682,127.0256534125234,2009.0,51.0,taxi_respawn_17,picked
dyn_pax_1344,1959.0,2026-09-07 09:32:39,1376141183#0,bus_stop,,548.2528111146681,901.2117688498424,37.49965007283687,127.02697139402301,,,,timeout
dyn_pax_1345,1959.0,2026-09-07 09:32:39,-417933642#1,restaurant,,972.7851169931362,629.1778231901285,37.49727960321316,127.03183581048214,,,,timeout
dyn_pax_1346,1960.0,2026-09-07 09:32:40,1117538957#3,restaurant|subway_entrance|bus_stop,,465.5082521847807,644.8780924026132,37.49732530507706,127.02609663221197,2371.0,411.0,taxi_11,picked
dyn_pax_1347,1961.0,2026-09-07 09:32:41,1376141183#0,bus_stop,,548.2528111146681,901.2117688498424,37.49965007283687,127.02697139402301,,,,timeout
dyn_pax_1348,1962.0,2026-09-07 09:32:42,541692164#1,subway_entrance,,271.6277521231475,1406.6420105391767,37.5041508337347,127.02372362926798,,,,timeout
dyn_pax_1349,1962.0,2026-09-07 09:32:42,504227069,residential|restaurant,,587.1158993285404,291.7776336445087,37.494167438547194,127.02755526357365,,,,timeout
dyn_pax_1350,1964.0,2026-09-07 09:32:44,218873820#0,restaurant|subway_entrance|bus_stop,,628.9829311132032,562.4061665928522,37.49661325243901,127.02796447999128,,,,timeout
dyn_pax_1351,1964.0,2026-09-07 09:32:44,1117538957#3,restaurant|subway_entrance|bus_stop,,465.5082521847807,644.8780924026132,37.49732530507706,127.02609663221197,2375.0,411.0,taxi_1,picked
dyn_pax_1352,1966.0,2026-09-07 09:32:46,-256787796#4,restaurant,,620.2926176327408,895.5374521094307,37.49961256354246,127.02778727239327,2018.0,52.0,taxi_respawn_10,picked
dyn_pax_1353,1966.0,2026-09-07 09:32:46,117790039#3,restaurant,,1021.8645860465238,1004.4924062015546,37.500669811640854,127.03230197280303,2008.0,42.0,taxi_respawn_11,picked
dyn_pax_1354,1968.0,2026-09-07 09:32:48,218873820#0,restaurant|subway_entrance|bus_stop,,628.9829311132032,562.4061665928522,37.49661325243901,127.02796447999128,,,,timeout
dyn_pax_1355,1970.0,2026-09-07 09:32:50,504512001,restaurant,,488.2111633916996,684.0143948730154,37.497682147346794,127.02634403725544,2013.0,43.0,taxi_16,picked
dyn_pax_1356,1972.0,2026-09-07 09:32:52,256787796#0,restaurant,,530.944358998998,1120.7521543106918,37.50162448989409,127.02672362781294,2123.0,151.0,taxi_respawn_29,picked
dyn_pax_1357,1973.0,2026-09-07 09:32:53,1117538957#3,restaurant|subway_entrance|bus_stop,,465.5082521847807,644.8780924026132,37.49732530507706,127.02609663221197,2447.0,474.0,taxi_respawn_13,picked
dyn_pax_1358,1975.0,2026-09-07 09:32:55,1229817205#1,residential|bus_stop,,631.6400080768872,572.7061575261558,37.49670653972221,127.02799208080955,2365.0,390.0,taxi_3,picked
dyn_pax_1359,1976.0,2026-09-07 09:32:56,520307304#0,school|subway_entrance|bus_stop,,602.6035134310263,763.145495629718,37.498416594724866,127.02761864854104,,,,timeout
dyn_pax_1360,1976.0,2026-09-07 09:32:56,506191135#3,residential|company|restaurant|bus_stop,,238.79972345576414,789.4714057742513,37.49858497042428,127.023499044737,2326.0,350.0,taxi_49,picked
dyn_pax_1361,1977.0,2026-09-07 09:32:57,218857636#1,residential|company|restaurant|bus_stop,,297.92905089287035,623.2061345250047,37.49709839153085,127.02420706961871,,,,timeout
dyn_pax_1362,1978.0,2026-09-07 09:32:58,-417933645#2,company|restaurant|subway_entrance,,701.1658676593129,719.5455833044954,37.49804244093877,127.02874337560036,2386.0,408.0,taxi_17,picked
dyn_pax_1363,1978.0,2026-09-07 09:32:58,-379463134#2,restaurant,,527.5499142349145,1277.2476095039178,37.503033607059436,127.02664812966836,2275.0,297.0,taxi_38,picked
dyn_pax_1364,1979.0,2026-09-07 09:32:59,1229817205#1,residential|bus_stop,,631.6400080768872,572.7061575261558,37.49670653972221,127.02799208080955,2407.0,428.0,taxi_respawn_5,picked
dyn_pax_1365,1979.0,2026-09-07 09:32:59,504227067#0,restaurant,,638.7551174354396,526.833121212444,37.49629464408366,127.02808339614947,2025.0,46.0,taxi_respawn_5,picked
dyn_pax_1366,1981.0,2026-09-07 09:33:01,521766182#1,company|restaurant|subway_entrance,,681.695169875507,539.6867345716422,37.496418539503196,127.02856584056028,,,,timeout
dyn_pax_1367,1982.0,2026-09-07 09:33:02,480850873,company|restaurant|bus_stop,,548.1935052770749,708.5896639848544,37.49791486187585,127.0270163956136,,,,timeout
dyn_pax_1368,1984.0,2026-09-07 09:33:04,1229817205#0,company|subway_entrance|bus_stop,,599.2457558679199,652.2907550986157,37.497417346160496,127.02760695963683,,,,timeout
dyn_pax_1369,1985.0,2026-09-07 09:33:05,305539406,company|restaurant|subway_entrance,,566.389495917364,736.5285064605782,37.49816998085155,127.02721550408178,2286.0,301.0,taxi_respawn_15,picked
dyn_pax_1370,1987.0,2026-09-07 09:33:07,494824662#3,company|restaurant|subway_entrance,,729.424850252167,406.6843378518681,37.49522941823122,127.02913698209235,,,,timeout
dyn_pax_1371,1987.0,2026-09-07 09:33:07,521766175#1,company|restaurant|subway_entrance,,332.9365590021661,1411.5585828157227,37.504206724109,127.02441570308932,,,,timeout
dyn_pax_1372,1988.0,2026-09-07 09:33:08,1117538957#3,restaurant|subway_entrance|bus_stop,,465.5082521847807,644.8780924026132,37.49732530507706,127.02609663221197,,,,timeout
dyn_pax_1373,1988.0,2026-09-07 09:33:08,117823785#0,company|restaurant,,1360.8740206736493,851.0492627492013,37.499351351792384,127.0361713398344,,,,timeout
dyn_pax_1374,1990.0,2026-09-07 09:33:10,521770116#2,company|restaurant|bus_stop,,432.3182248087171,1108.514093563608,37.50149560521279,127.02561136613096,2261.0,271.0,taxi_respawn_7,picked
dyn_pax_1375,1990.0,2026-09-07 09:33:10,521766175#3,company|restaurant|subway_entrance|bus_stop,,373.6701172395771,1298.610217621072,37.50319695740621,127.02490310718325,,,,timeout
dyn_pax_1376,1991.0,2026-09-07 09:33:11,-541692164#2,subway_entrance,,317.7122087179151,1441.0296574375257,37.504469327730426,127.0242365566347,,,,timeout
dyn_pax_1377,1992.0,2026-09-07 09:33:12,-379232155,restaurant,,999.2800162208075,449.1965960198298,37.495663263085994,127.03217793178025,,,,timeout
dyn_pax_1378,1993.0,2026-09-07 09:33:13,521766175#3,company|restaurant|subway_entrance|bus_stop,,373.6701172395771,1298.610217621072,37.50319695740621,127.02490310718325,,,,timeout
dyn_pax_1379,1994.0,2026-09-07 09:33:14,520307304#0,school|subway_entrance|bus_stop,,602.6035134310263,763.145495629718,37.498416594724866,127.02761864854104,,,,timeout
dyn_pax_1380,1995.0,2026-09-07 09:33:15,-506191135#22,residential|company|restaurant|bus_stop,,38.693950105848444,1321.9513167019495,37.50334380565249,127.02110990869835,2488.0,493.0,taxi_27,picked
dyn_pax_1381,1995.0,2026-09-07 09:33:15,379232155,restaurant,,946.0567570824509,480.05346239194995,37.49593120335224,127.03156888346594,2198.0,203.0,taxi_7,picked
dyn_pax_1382,2001.0,2026-09-07 09:33:21,521770119#0,restaurant|bus_stop,,548.9831206778387,935.1148840516827,37.499955620541705,127.02697161236954,,,,timeout
dyn_pax_1383,2003.0,2026-09-07 09:33:23,521766175#3,company|restaurant|subway_entrance|bus_stop,,373.6701172395771,1298.610217621072,37.50319695740621,127.02490310718325,,,,timeout
dyn_pax_1384,2004.0,2026-09-07 09:33:24,178441450#1,residential|company|restaurant|bus_stop,,282.90243066757296,609.4157395563556,37.496971320837204,127.02404044855805,2484.0,480.0,taxi_respawn_32,picked
dyn_pax_1385,2004.0,2026-09-07 09:33:24,521770116#2,company|restaurant|bus_stop,,432.3182248087171,1108.514093563608,37.50149560521279,127.02561136613096,2387.0,383.0,taxi_respawn_31,picked
dyn_pax_1386,2005.0,2026-09-07 09:33:25,417933642#0,restaurant|bus_stop,,1041.0954363710525,463.30841921497654,37.49579826441859,127.03264736696761,,,,timeout
dyn_pax_1387,2007.0,2026-09-07 09:33:27,218873820#0,restaurant|subway_entrance|bus_stop,,628.9829311132032,562.4061665928522,37.49661325243901,127.02796447999128,,,,timeout
dyn_pax_1388,2008.0,2026-09-07 09:33:28,1117538957#3,restaurant|subway_entrance|bus_stop,,465.5082521847807,644.8780924026132,37.49732530507706,127.02609663221197,2551.0,543.0,taxi_43,picked
dyn_pax_1389,2010.0,2026-09-07 09:33:30,375049565#6,restaurant|subway_entrance|bus_stop,,789.5153251748014,798.8522330112556,37.49877353199428,127.02972351946808,,,,timeout
dyn_pax_1390,2011.0,2026-09-07 09:33:31,520307304#0,school|subway_entrance|bus_stop,,602.6035134310263,763.145495629718,37.498416594724866,127.02761864854104,,,,timeout
dyn_pax_1391,2014.0,2026-09-07 09:33:34,521766175#3,company|restaurant|subway_entrance|bus_stop,,373.6701172395771,1298.610217621072,37.50319695740621,127.02490310718325,,,,timeout
dyn_pax_1392,2016.0,2026-09-07 09:33:36,520307304#0,school|subway_entrance|bus_stop,,602.6035134310263,763.145495629718,37.498416594724866,127.02761864854104,,,,timeout
dyn_pax_1393,2017.0,2026-09-07 09:33:37,520307304#0,school|subway_entrance|bus_stop,,602.6035134310263,763.145495629718,37.498416594724866,127.02761864854104,,,,timeout
dyn_pax_1394,2019.0,2026-09-07 09:33:39,1376141183#0,bus_stop,,548.2528111146681,901.2117688498424,37.49965007283687,127.02697139402301,,,,timeout
dyn_pax_1395,2021.0,2026-09-07 09:33:41,542367267#1,company|restaurant,,199.26981683313872,1381.121508122661,37.50390724154084,127.02291151664822,2032.0,11.0,taxi_respawn_26,picked
dyn_pax_1396,2022.0,2026-09-07 09:33:42,521766175#1,company|restaurant|subway_entrance,,332.9365590021661,1411.5585828157227,37.504206724109,127.02441570308932,,,,timeout
dyn_pax_1397,2024.0,2026-09-07 09:33:44,-504509918#2,company|restaurant|bus_stop,,398.9694242295193,827.4758220967593,37.49895762305832,127.02530099003066,,,,timeout
dyn_pax_1398,2025.0,2026-09-07 09:33:45,305539406,company|restaurant|subway_entrance,,566.389495917364,736.5285064605782,37.49816998085155,127.02721550408178,2338.0,313.0,taxi_respawn_13,picked
dyn_pax_1399,2027.0,2026-09-07 09:33:47,1117538957#3,restaurant|subway_entrance|bus_stop,,465.5082521847807,644.8780924026132,37.49732530507706,127.02609663221197,,,,timeout
dyn_pax_1400,2028.0,2026-09-07 09:33:48,-506191135#2,residential|bus_stop,,236.19733776439384,769.6838415951818,37.49840622577806,127.02347432089968,,,,timeout
dyn_pax_1401,2030.0,2026-09-07 09:33:50,-504509918#2,company|restaurant|bus_stop,,398.9694242295193,827.4758220967593,37.49895762305832,127.02530099003066,,,,timeout
dyn_pax_1402,2030.0,2026-09-07 09:33:50,-417933646#4,company|restaurant,,761.9867537178288,747.7080569325292,37.49830761500862,127.02942437673002,2430.0,400.0,taxi_respawn_35,picked
dyn_pax_1403,2031.0,2026-09-07 09:33:51,218873820#0,restaurant|subway_entrance|bus_stop,,628.9829311132032,562.4061665928522,37.49661325243901,127.02796447999128,,,,timeout
dyn_pax_1404,2033.0,2026-09-07 09:33:53,218877837#2,company|restaurant|bus_stop,,479.4555212141038,978.0213907550284,37.500328997763305,127.02617530290202,,,,timeout
dyn_pax_1405,2034.0,2026-09-07 09:33:54,975332778#1,bus_stop,,681.6099970732737,721.9380561808346,37.49806030190971,127.02852170075586,2437.0,403.0,taxi_respawn_24,picked
dyn_pax_1406,2036.0,2026-09-07 09:33:56,417933642#0,restaurant|bus_stop,,1041.0954363710525,463.30841921497654,37.49579826441859,127.03264736696761,,,,timeout
dyn_pax_1407,2037.0,2026-09-07 09:33:57,1117538958#3,bus_stop,,160.18899290588462,540.6019911995099,37.49632820280781,127.02266936696756,2096.0,59.0,taxi_13,picked
dyn_pax_1408,2039.0,2026-09-07 09:33:59,-541692164#2,subway_entrance,,317.7122087179151,1441.0296574375257,37.504469327730426,127.0242365566347,,,,timeout
dyn_pax_1409,2040.0,2026-09-07 09:34:00,1117538957#3,restaurant|subway_entrance|bus_stop,,465.5082521847807,644.8780924026132,37.49732530507706,127.02609663221197,2568.0,528.0,taxi_20,picked
dyn_pax_1410,2042.0,2026-09-07 09:34:02,375049565#6,restaurant|subway_entrance|bus_stop,,789.5153251748014,798.8522330112556,37.49877353199428,127.02972351946808,,,,timeout
dyn_pax_1411,2044.0,2026-09-07 09:34:04,521766175#3,company|restaurant|subway_entrance|bus_stop,,373.6701172395771,1298.610217621072,37.50319695740621,127.02490310718325,2528.0,484.0,taxi_respawn_22,picked
dyn_pax_1412,2044.0,2026-09-07 09:34:04,218864491#0,restaurant|bus_stop,,769.9803916976219,760.1217113917903,37.49842094941813,127.02951181742357,,,,timeout
dyn_pax_1413,2045.0,2026-09-07 09:34:05,-541692164#2,subway_entrance,,317.7122087179151,1441.0296574375257,37.504469327730426,127.0242365566347,,,,timeout
dyn_pax_1414,2048.0,2026-09-07 09:34:08,1117538958#3,bus_stop,,160.18899290588462,540.6019911995099,37.49632820280781,127.02266936696756,2334.0,286.0,taxi_respawn_8,picked
dyn_pax_1415,2051.0,2026-09-07 09:34:11,218873820#0,restaurant|subway_entrance|bus_stop,,628.9829311132032,562.4061665928522,37.49661325243901,127.02796447999128,2628.0,577.0,taxi_respawn_26,picked
dyn_pax_1416,2054.0,2026-09-07 09:34:14,-506191135#2,residential|bus_stop,,236.19733776439384,769.6838415951818,37.49840622577806,127.02347432089968,,,,timeout
dyn_pax_1417,2054.0,2026-09-07 09:34:14,256787796#5,restaurant,,616.3422671393917,878.7532899245961,37.49946062055924,127.02774658517313,2365.0,311.0,taxi_39,picked
dyn_pax_1418,2056.0,2026-09-07 09:34:16,218864491#0,restaurant|bus_stop,,769.9803916976219,760.1217113917903,37.49842094941813,127.02951181742357,,,,timeout
dyn_pax_1419,2057.0,2026-09-07 09:34:17,375049565#6,restaurant|subway_entrance|bus_stop,,789.5153251748014,798.8522330112556,37.49877353199428,127.02972351946808,2572.0,515.0,taxi_31,picked
dyn_pax_1420,2059.0,2026-09-07 09:34:19,1229817205#0,company|subway_entrance|bus_stop,,599.2457558679199,652.2907550986157,37.497417346160496,127.02760695963683,,,,timeout
dyn_pax_1421,2062.0,2026-09-07 09:34:22,494824662#3,company|restaurant|subway_entrance,,729.424850252167,406.6843378518681,37.49522941823122,127.02913698209235,,,,timeout
dyn_pax_1422,2063.0,2026-09-07 09:34:23,521770119#0,restaurant|bus_stop,,548.9831206778387,935.1148840516827,37.499955620541705,127.02697161236954,,,,timeout
dyn_pax_1423,2063.0,2026-09-07 09:34:23,1229817205#1,residential|bus_stop,,631.6400080768872,572.7061575261558,37.49670653972221,127.02799208080955,2428.0,365.0,taxi_respawn_38,picked
dyn_pax_1424,2063.0,2026-09-07 09:34:23,-256787796#7,restaurant,,650.4923169509016,809.9698095387197,37.49884744554127,127.02814900895488,,,,timeout
dyn_pax_1425,2065.0,2026-09-07 09:34:25,218877837#2,company|restaurant|bus_stop,,479.4555212141038,978.0213907550284,37.500328997763305,127.02617530290202,,,,timeout
dyn_pax_1426,2065.0,2026-09-07 09:34:25,-309155295#4,residential|restaurant,,966.4689567179357,639.4784987131154,37.49737120494098,127.0317619612052,2346.0,281.0,taxi_13,picked
dyn_pax_1427,2067.0,2026-09-07 09:34:27,1229817205#1,residential|bus_stop,,631.6400080768872,572.7061575261558,37.49670653972221,127.02799208080955,2545.0,478.0,taxi_respawn_6,picked
dyn_pax_1428,2069.0,2026-09-07 09:34:29,-379463134#2,restaurant,,527.5499142349145,1277.2476095039178,37.503033607059436,127.02664812966836,2309.0,240.0,taxi_respawn_6,picked
dyn_pax_1429,2070.0,2026-09-07 09:34:30,1117538957#3,restaurant|subway_entrance|bus_stop,,465.5082521847807,644.8780924026132,37.49732530507706,127.02609663221197,,,,timeout
dyn_pax_1430,2071.0,2026-09-07 09:34:31,506191135#3,residential|company|restaurant|bus_stop,,238.79972345576414,789.4714057742513,37.49858497042428,127.023499044737,2320.0,249.0,taxi_10,picked
dyn_pax_1431,2071.0,2026-09-07 09:34:31,-417750354#0,residential,,923.3498430372201,1041.2071047119894,37.5009819832587,127.03117938951307,2188.0,117.0,taxi_respawn_17,picked
dyn_pax_1432,2073.0,2026-09-07 09:34:33,-417933645#2,company|restaurant|subway_entrance,,701.1658676593129,719.5455833044954,37.49804244093877,127.02874337560036,2467.0,394.0,taxi_respawn_11,picked
dyn_pax_1433,2074.0,2026-09-07 09:34:34,1229817205#0,company|subway_entrance|bus_stop,,599.2457558679199,652.2907550986157,37.497417346160496,127.02760695963683,,,,timeout
dyn_pax_1434,2075.0,2026-09-07 09:34:35,-1056882877#5,company|restaurant,,302.41102899925136,583.0415396467946,37.496737424712585,127.0242672800979,2121.0,46.0,taxi_respawn_37,picked
dyn_pax_1435,2076.0,2026-09-07 09:34:36,1117538957#3,restaurant|subway_entrance|bus_stop,,465.5082521847807,644.8780924026132,37.49732530507706,127.02609663221197,,,,timeout
dyn_pax_1436,2077.0,2026-09-07 09:34:37,521766175#1,company|restaurant|subway_entrance,,332.9365590021661,1411.5585828157227,37.504206724109,127.02441570308932,,,,timeout
dyn_pax_1437,2079.0,2026-09-07 09:34:39,1117538958#3,bus_stop,,160.18899290588462,540.6019911995099,37.49632820280781,127.02266936696756,2369.0,290.0,taxi_8,picked
dyn_pax_1438,2080.0,2026-09-07 09:34:40,1376141182#0,bus_stop,,385.7154046370183,1301.0311255965628,37.50322104370192,127.02503873135461,,,,timeout
dyn_pax_1439,2080.0,2026-09-07 09:34:40,379463134#2,restaurant,,492.9894267673794,1254.822149661426,37.50282506050825,127.0262626667944,2279.0,199.0,taxi_respawn_19,picked
dyn_pax_1440,2081.0,2026-09-07 09:34:41,520307304#0,school|subway_entrance|bus_stop,,602.6035134310263,763.145495629718,37.498416594724866,127.02761864854104,,,,timeout
dyn_pax_1441,2082.0,2026-09-07 09:34:42,520307304#0,school|subway_entrance|bus_stop,,602.6035134310263,763.145495629718,37.498416594724866,127.02761864854104,,,,timeout
dyn_pax_1442,2083.0,2026-09-07 09:34:43,1229817205#0,company|subway_entrance|bus_stop,,599.2457558679199,652.2907550986157,37.497417346160496,127.02760695963683,,,,timeout
dyn_pax_1443,2085.0,2026-09-07 09:34:45,1229817205#1,residential|bus_stop,,631.6400080768872,572.7061575261558,37.49670653972221,127.02799208080955,,,,timeout
dyn_pax_1444,2086.0,2026-09-07 09:34:46,1376141183#0,bus_stop,,548.2528111146681,901.2117688498424,37.49965007283687,127.02697139402301,,,,timeout
dyn_pax_1445,2086.0,2026-09-07 09:34:46,129733424#0,restaurant,,719.7944869540754,1033.9950883209078,37.500878618503414,127.0288795122034,2416.0,330.0,taxi_respawn_3,picked
dyn_pax_1446,2088.0,2026-09-07 09:34:48,521766182#1,company|restaurant|subway_entrance,,681.695169875507,539.6867345716422,37.496418539503196,127.02856584056028,2528.0,440.0,taxi_respawn_33,picked
dyn_pax_1447,2088.0,2026-09-07 09:34:48,541692164#1,subway_entrance,,271.6277521231475,1406.6420105391767,37.5041508337347,127.02372362926798,,,,timeout
dyn_pax_1448,2089.0,2026-09-07 09:34:49,218857636#1,residential|company|restaurant|bus_stop,,297.92905089287035,623.2061345250047,37.49709839153085,127.02420706961871,2571.0,482.0,taxi_respawn_30,picked
dyn_pax_1449,2091.0,2026-09-07 09:34:51,375049565#6,restaurant|subway_entrance|bus_stop,,789.5153251748014,798.8522330112556,37.49877353199428,127.02972351946808,2564.0,473.0,taxi_respawn_31,picked
dyn_pax_1450,2091.0,2026-09-07 09:34:51,504512001,restaurant,,488.2111633916996,684.0143948730154,37.497682147346794,127.02634403725544,2103.0,12.0,taxi_9,picked
dyn_pax_1451,2093.0,2026-09-07 09:34:53,417933642#0,restaurant|bus_stop,,1041.0954363710525,463.30841921497654,37.49579826441859,127.03264736696761,2585.0,492.0,taxi_24,picked
dyn_pax_1452,2093.0,2026-09-07 09:34:53,129731721#0,company|restaurant,,451.4485582282947,673.334514427724,37.497578992002325,127.0259309178301,2578.0,485.0,taxi_19,picked
dyn_pax_1453,2094.0,2026-09-07 09:34:54,305539406,company|restaurant|subway_entrance,,566.389495917364,736.5285064605782,37.49816998085155,127.02721550408178,2453.0,359.0,taxi_35,picked
dyn_pax_1454,2096.0,2026-09-07 09:34:56,1376141183#0,bus_stop,,548.2528111146681,901.2117688498424,37.49965007283687,127.02697139402301,,,,timeout
dyn_pax_1455,2097.0,2026-09-07 09:34:57,1117538958#3,bus_stop,,160.18899290588462,540.6019911995099,37.49632820280781,127.02266936696756,2443.0,346.0,taxi_respawn_10,picked
dyn_pax_1456,2099.0,2026-09-07 09:34:59,375049565#6,restaurant|subway_entrance|bus_stop,,789.5153251748014,798.8522330112556,37.49877353199428,127.02972351946808,,,,timeout
dyn_pax_1457,2102.0,2026-09-07 09:35:02,-504509918#2,company|restaurant|bus_stop,,398.9694242295193,827.4758220967593,37.49895762305832,127.02530099003066,,,,timeout
dyn_pax_1458,2103.0,2026-09-07 09:35:03,1229817205#0,company|subway_entrance|bus_stop,,599.2457558679199,652.2907550986157,37.497417346160496,127.02760695963683,,,,timeout
dyn_pax_1459,2104.0,2026-09-07 09:35:04,-117790045#1,restaurant,,534.0975884889299,1266.9858058167179,37.502942402865294,127.02672459950128,2268.0,164.0,taxi_respawn_16,picked
dyn_pax_1460,2105.0,2026-09-07 09:35:05,1376141182#0,bus_stop,,385.7154046370183,1301.0311255965628,37.50322104370192,127.02503873135461,,,,timeout
dyn_pax_1461,2106.0,2026-09-07 09:35:06,218873820#0,restaurant|subway_entrance|bus_stop,,628.9829311132032,562.4061665928522,37.49661325243901,127.02796447999128,,,,timeout
dyn_pax_1462,2108.0,2026-09-07 09:35:08,1229817205#0,company|subway_entrance|bus_stop,,599.2457558679199,652.2907550986157,37.497417346160496,127.02760695963683,,,,timeout
dyn_pax_1463,2109.0,2026-09-07 09:35:09,417933642#0,restaurant|bus_stop,,1041.0954363710525,463.30841921497654,37.49579826441859,127.03264736696761,,,,timeout
dyn_pax_1464,2110.0,2026-09-07 09:35:10,480850873,company|restaurant|bus_stop,,548.1935052770749,708.5896639848544,37.49791486187585,127.0270163956136,,,,timeout
dyn_pax_1465,2111.0,2026-09-07 09:35:11,218877837#2,company|restaurant|bus_stop,,479.4555212141038,978.0213907550284,37.500328997763305,127.02617530290202,,,,timeout
dyn_pax_1466,2112.0,2026-09-07 09:35:12,523141074#0,company|restaurant|subway_entrance,,524.0338794858329,871.4890157117229,37.4993777454413,127.02670460634431,2438.0,326.0,taxi_45,picked
dyn_pax_1467,2114.0,2026-09-07 09:35:14,218864491#0,restaurant|bus_stop,,769.9803916976219,760.1217113917903,37.49842094941813,127.02951181742357,,,,timeout
dyn_pax_1468,2116.0,2026-09-07 09:35:16,520307304#0,school|subway_entrance|bus_stop,,602.6035134310263,763.145495629718,37.498416594724866,127.02761864854104,,,,timeout
dyn_pax_1469,2117.0,2026-09-07 09:35:17,-504509918#2,company|restaurant|bus_stop,,398.9694242295193,827.4758220967593,37.49895762305832,127.02530099003066,,,,timeout
dyn_pax_1470,2118.0,2026-09-07 09:35:18,521766182#1,company|restaurant|subway_entrance,,681.695169875507,539.6867345716422,37.496418539503196,127.02856584056028,2536.0,418.0,taxi_30,picked
dyn_pax_1471,2119.0,2026-09-07 09:35:19,1376141182#0,bus_stop,,385.7154046370183,1301.0311255965628,37.50322104370192,127.02503873135461,,,,timeout
dyn_pax_1472,2120.0,2026-09-07 09:35:20,1376141182#0,bus_stop,,385.7154046370183,1301.0311255965628,37.50322104370192,127.02503873135461,,,,timeout
dyn_pax_1473,2122.0,2026-09-07 09:35:22,218857636#1,residential|company|restaurant|bus_stop,,297.92905089287035,623.2061345250047,37.49709839153085,127.02420706961871,2578.0,456.0,taxi_25,picked
dyn_pax_1474,2122.0,2026-09-07 09:35:22,521766180#1,company|restaurant|bus_stop,,466.73410130235357,1169.2838037446552,37.502049542882666,127.02598608796039,2814.0,692.0,taxi_48,picked
dyn_pax_1475,2123.0,2026-09-07 09:35:23,1229817205#0,company|subway_entrance|bus_stop,,599.2457558679199,652.2907550986157,37.497417346160496,127.02760695963683,,,,timeout
dyn_pax_1476,2125.0,2026-09-07 09:35:25,-417933645#2,company|restaurant|subway_entrance,,701.1658676593129,719.5455833044954,37.49804244093877,127.02874337560036,,,,timeout
dyn_pax_1477,2126.0,2026-09-07 09:35:26,520307304#0,school|subway_entrance|bus_stop,,602.6035134310263,763.145495629718,37.498416594724866,127.02761864854104,,,,timeout
dyn_pax_1478,2128.0,2026-09-07 09:35:28,521770119#0,restaurant|bus_stop,,548.9831206778387,935.1148840516827,37.499955620541705,127.02697161236954,,,,timeout
dyn_pax_1479,2129.0,2026-09-07 09:35:29,523141074#0,company|restaurant|subway_entrance,,524.0338794858329,871.4890157117229,37.4993777454413,127.02670460634431,2443.0,314.0,taxi_20,picked
dyn_pax_1480,2131.0,2026-09-07 09:35:31,-504509918#2,company|restaurant|bus_stop,,398.9694242295193,827.4758220967593,37.49895762305832,127.02530099003066,,,,timeout
dyn_pax_1481,2133.0,2026-09-07 09:35:33,504227069,residential|restaurant,,587.1158993285404,291.7776336445087,37.494167438547194,127.02755526357365,,,,timeout
dyn_pax_1482,2134.0,2026-09-07 09:35:34,218873820#0,restaurant|subway_entrance|bus_stop,,628.9829311132032,562.4061665928522,37.49661325243901,127.02796447999128,,,,timeout
dyn_pax_1483,2135.0,2026-09-07 09:35:35,1229817205#1,residential|bus_stop,,631.6400080768872,572.7061575261558,37.49670653972221,127.02799208080955,2596.0,461.0,taxi_17,picked
dyn_pax_1484,2136.0,2026-09-07 09:35:36,-117790045#3,restaurant,,459.7597996777886,1476.3698694609513,37.50481454718326,127.02583436303603,,,,timeout
dyn_pax_1485,2136.0,2026-09-07 09:35:36,-506191135#2,residential|bus_stop,,236.19733776439384,769.6838415951818,37.49840622577806,127.02347432089968,,,,timeout
dyn_pax_1486,2137.0,2026-09-07 09:35:37,309155295#0,company|restaurant,,688.2712938579457,529.5739965525526,37.49632868191341,127.02864258735015,2214.0,77.0,taxi_43,picked
dyn_pax_1487,2137.0,2026-09-07 09:35:37,-129731721#2,company|restaurant,,388.6558839574922,820.9778890483499,37.49889713764622,127.02518592115393,,,,timeout
dyn_pax_1488,2139.0,2026-09-07 09:35:39,1229817205#0,company|subway_entrance|bus_stop,,599.2457558679199,652.2907550986157,37.497417346160496,127.02760695963683,,,,timeout
dyn_pax_1489,2139.0,2026-09-07 09:35:39,-1011529829#3,residential|restaurant,,246.84006179949273,776.1178104815556,37.49846619888778,127.02359312469504,,,,timeout
dyn_pax_1490,2140.0,2026-09-07 09:35:40,1117538958#3,bus_stop,,160.18899290588462,540.6019911995099,37.49632820280781,127.02266936696756,2546.0,406.0,taxi_respawn_36,picked
dyn_pax_1491,2142.0,2026-09-07 09:35:42,1117538958#3,bus_stop,,160.18899290588462,540.6019911995099,37.49632820280781,127.02266936696756,2584.0,442.0,taxi_3,picked
dyn_pax_1492,2142.0,2026-09-07 09:35:42,542367267#1,company|restaurant,,199.26981683313872,1381.121508122661,37.50390724154084,127.02291151664822,2163.0,21.0,taxi_respawn_8,picked
dyn_pax_1493,2143.0,2026-09-07 09:35:43,-541692164#2,subway_entrance,,317.7122087179151,1441.0296574375257,37.504469327730426,127.0242365566347,,,,timeout
dyn_pax_1494,2144.0,2026-09-07 09:35:44,309155295#0,company|restaurant,,688.2712938579457,529.5739965525526,37.49632868191341,127.02864258735015,2236.0,92.0,taxi_22,picked
dyn_pax_1495,2149.0,2026-09-07 09:35:49,521766180#1,company|restaurant|bus_stop,,466.73410130235357,1169.2838037446552,37.502049542882666,127.02598608796039,3118.0,969.0,taxi_respawn_14,picked
dyn_pax_1496,2151.0,2026-09-07 09:35:51,541692164#1,subway_entrance,,271.6277521231475,1406.6420105391767,37.5041508337347,127.02372362926798,,,,timeout
dyn_pax_1497,2151.0,2026-09-07 09:35:51,-417933645#2,company|restaurant|subway_entrance,,701.1658676593129,719.5455833044954,37.49804244093877,127.02874337560036,,,,timeout
dyn_pax_1498,2152.0,2026-09-07 09:35:52,1229817205#0,company|subway_entrance|bus_stop,,599.2457558679199,652.2907550986157,37.497417346160496,127.02760695963683,,,,timeout
dyn_pax_1499,2153.0,2026-09-07 09:35:53,-557469234,restaurant,,929.7298817515857,1030.9986809445256,37.50089122514563,127.03125394368278,2222.0,69.0,taxi_respawn_10,picked
dyn_pax_1500,2154.0,2026-09-07 09:35:54,1117538957#3,restaurant|subway_entrance|bus_stop,,465.5082521847807,644.8780924026132,37.49732530507706,127.02609663221197,2642.0,488.0,taxi_12,picked
dyn_pax_1501,2154.0,2026-09-07 09:35:54,-129731717#1,residential|company|restaurant,,188.433090102474,1374.3511058470413,37.503844200149025,127.0227905913032,2243.0,89.0,taxi_respawn_14,picked
dyn_pax_1502,2155.0,2026-09-07 09:35:55,218864491#0,restaurant|bus_stop,,769.9803916976219,760.1217113917903,37.49842094941813,127.02951181742357,,,,timeout
dyn_pax_1503,2158.0,2026-09-07 09:35:58,1376141183#0,bus_stop,,548.2528111146681,901.2117688498424,37.49965007283687,127.02697139402301,,,,timeout
dyn_pax_1504,2161.0,2026-09-07 09:36:01,178441450#1,residential|company|restaurant|bus_stop,,282.90243066757296,609.4157395563556,37.496971320837204,127.02404044855805,2494.0,333.0,taxi_23,picked
dyn_pax_1505,2162.0,2026-09-07 09:36:02,-129731834#1,residential,,78.2122165689223,720.9585140244731,37.49793738265588,127.02169964763026,,,,timeout
dyn_pax_1506,2163.0,2026-09-07 09:36:03,521770116#2,company|restaurant|bus_stop,,432.3182248087171,1108.514093563608,37.50149560521279,127.02561136613096,2479.0,316.0,taxi_46,picked
dyn_pax_1507,2165.0,2026-09-07 09:36:05,520307304#0,school|subway_entrance|bus_stop,,602.6035134310263,763.145495629718,37.498416594724866,127.02761864854104,,,,timeout
dyn_pax_1508,2165.0,2026-09-07 09:36:05,-805827765,restaurant,,955.7439147780814,1157.0835718820576,37.50203194319751,127.03151825266303,2205.0,40.0,taxi_20,picked
dyn_pax_1509,2165.0,2026-09-07 09:36:05,218877837#2,company|restaurant|bus_stop,,479.4555212141038,978.0213907550284,37.500328997763305,127.02617530290202,,,,timeout
dyn_pax_1510,2166.0,2026-09-07 09:36:06,417933642#0,restaurant|bus_stop,,1041.0954363710525,463.30841921497654,37.49579826441859,127.03264736696761,,,,timeout
dyn_pax_1511,2169.0,2026-09-07 09:36:09,1376141182#0,bus_stop,,385.7154046370183,1301.0311255965628,37.50322104370192,127.02503873135461,,,,timeout
dyn_pax_1512,2171.0,2026-09-07 09:36:11,541692164#1,subway_entrance,,271.6277521231475,1406.6420105391767,37.5041508337347,127.02372362926798,,,,timeout
dyn_pax_1513,2171.0,2026-09-07 09:36:11,178441450#1,residential|company|restaurant|bus_stop,,282.90243066757296,609.4157395563556,37.496971320837204,127.02404044855805,2576.0,405.0,taxi_0,picked
dyn_pax_1514,2172.0,2026-09-07 09:36:12,494824662#3,company|restaurant|subway_entrance,,729.424850252167,406.6843378518681,37.49522941823122,127.02913698209235,2726.0,554.0,taxi_respawn_5,picked
dyn_pax_1515,2174.0,2026-09-07 09:36:14,521770116#2,company|restaurant|bus_stop,,432.3182248087171,1108.514093563608,37.50149560521279,127.02561136613096,2556.0,382.0,taxi_respawn_12,picked
dyn_pax_1516,2175.0,2026-09-07 09:36:15,494824662#3,company|restaurant|subway_entrance,,729.424850252167,406.6843378518681,37.49522941823122,127.02913698209235,2720.0,545.0,taxi_23,picked
dyn_pax_1517,2176.0,2026-09-07 09:36:16,-417933646#4,company|restaurant,,761.9867537178288,747.7080569325292,37.49830761500862,127.02942437673002,2528.0,352.0,taxi_28,picked
dyn_pax_1518,2177.0,2026-09-07 09:36:17,521766175#3,company|restaurant|subway_entrance|bus_stop,,373.6701172395771,1298.610217621072,37.50319695740621,127.02490310718325,,,,timeout
dyn_pax_1519,2179.0,2026-09-07 09:36:19,305539406,company|restaurant|subway_entrance,,566.389495917364,736.5285064605782,37.49816998085155,127.02721550408178,2468.0,289.0,taxi_32,picked
dyn_pax_1520,2179.0,2026-09-07 09:36:19,-129731857#1,restaurant,,773.0987126859483,849.1784152186673,37.4992237894183,127.02952598601298,2371.0,192.0,taxi_25,picked
dyn_pax_1521,2180.0,2026-09-07 09:36:20,-376649996#1,company,,349.947152138941,1.6182517984103069,37.49150877654974,127.02494272030683,,,,timeout
dyn_pax_1522,2181.0,2026-09-07 09:36:21,129731857#1,residential|restaurant,,656.8212873140518,799.6615847813327,37.498755780674834,127.02822301071001,,,,timeout
dyn_pax_1523,2182.0,2026-09-07 09:36:22,-1011529829#3,residential|restaurant,,246.84006179949273,776.1178104815556,37.49846619888778,127.02359312469504,,,,timeout
dyn_pax_1524,2184.0,2026-09-07 09:36:24,-506191135#2,residential|bus_stop,,236.19733776439384,769.6838415951818,37.49840622577806,127.02347432089968,,,,timeout
dyn_pax_1525,2185.0,2026-09-07 09:36:25,-129731717#1,residential|company|restaurant,,188.433090102474,1374.3511058470413,37.503844200149025,127.0227905913032,2436.0,251.0,taxi_respawn_17,picked
dyn_pax_1526,2186.0,2026-09-07 09:36:26,521770119#1,restaurant|bus_stop,,527.3115514435282,995.8620162900467,37.50049875494786,127.02671217090477,2279.0,93.0,taxi_30,picked
dyn_pax_1527,2186.0,2026-09-07 09:36:26,417933646#2,residential|restaurant,,830.3119525357222,594.5819430897021,37.496941093289735,127.0302331440542,2447.0,261.0,taxi_26,picked
dyn_pax_1528,2188.0,2026-09-07 09:36:28,521766175#3,company|restaurant|subway_entrance|bus_stop,,373.6701172395771,1298.610217621072,37.50319695740621,127.02490310718325,,,,timeout
dyn_pax_1529,2188.0,2026-09-07 09:36:28,-379463134#1,restaurant,,479.36604535588674,1259.6870258351425,37.50286630987452,127.02610747054479,2206.0,18.0,taxi_44,picked
dyn_pax_1530,2189.0,2026-09-07 09:36:29,521766175#3,company|restaurant|subway_entrance|bus_stop,,373.6701172395771,1298.610217621072,37.50319695740621,127.02490310718325,,,,timeout
dyn_pax_1531,2191.0,2026-09-07 09:36:31,521766182#1,company|restaurant|subway_entrance,,681.695169875507,539.6867345716422,37.496418539503196,127.02856584056028,2685.0,494.0,taxi_29,picked
dyn_pax_1532,2192.0,2026-09-07 09:36:32,305539406,company|restaurant|subway_entrance,,566.389495917364,736.5285064605782,37.49816998085155,127.02721550408178,2608.0,416.0,taxi_respawn_16,picked
dyn_pax_1533,2194.0,2026-09-07 09:36:34,-506191135#2,residential|bus_stop,,236.19733776439384,769.6838415951818,37.49840622577806,127.02347432089968,,,,timeout
dyn_pax_1534,2194.0,2026-09-07 09:36:34,129731721#0,company|restaurant,,451.4485582282947,673.334514427724,37.497578992002325,127.0259309178301,2239.0,45.0,taxi_0,picked
dyn_pax_1535,2194.0,2026-09-07 09:36:34,117790036#1,company,,849.7103307162836,1232.6514730855474,37.50269269072902,127.03030143103514,2270.0,76.0,taxi_36,picked
dyn_pax_1536,2195.0,2026-09-07 09:36:35,520307304#0,school|subway_entrance|bus_stop,,602.6035134310263,763.145495629718,37.498416594724866,127.02761864854104,,,,timeout
dyn_pax_1537,2197.0,2026-09-07 09:36:37,494824662#3,company|restaurant|subway_entrance,,729.424850252167,406.6843378518681,37.49522941823122,127.02913698209235,,,,timeout
dyn_pax_1538,2198.0,2026-09-07 09:36:38,218857636#1,residential|company|restaurant|bus_stop,,297.92905089287035,623.2061345250047,37.49709839153085,127.02420706961871,,,,timeout
dyn_pax_1539,2201.0,2026-09-07 09:36:41,480850873,company|restaurant|bus_stop,,548.1935052770749,708.5896639848544,37.49791486187585,127.0270163956136,,,,timeout
dyn_pax_1540,2201.0,2026-09-07 09:36:41,521766180#1,company|restaurant|bus_stop,,466.73410130235357,1169.2838037446552,37.502049542882666,127.02598608796039,3431.0,1230.0,taxi_18,picked
dyn_pax_1541,2203.0,2026-09-07 09:36:43,1229817205#1,residential|bus_stop,,631.6400080768872,572.7061575261558,37.49670653972221,127.02799208080955,,,,timeout
dyn_pax_1542,2204.0,2026-09-07 09:36:44,1117538957#3,restaurant|subway_entrance|bus_stop,,465.5082521847807,644.8780924026132,37.49732530507706,127.02609663221197,,,,timeout
dyn_pax_1543,2204.0,2026-09-07 09:36:44,1537068130#0,residential,,915.247444986279,1279.656751811989,37.50312848832193,127.03103134780491,2259.0,55.0,taxi_respawn_33,picked
dyn_pax_1544,2205.0,2026-09-07 09:36:45,805827756#0,restaurant,,725.8600087193602,932.9429066344904,37.49996945301828,127.02897203227693,2475.0,270.0,taxi_21,picked
dyn_pax_1545,2206.0,2026-09-07 09:36:46,129731720#0,residential|company|restaurant,,292.10678712231254,1113.150773394943,37.50151085547559,127.02402489828896,2213.0,7.0,taxi_26,picked
dyn_pax_1546,2207.0,2026-09-07 09:36:47,-504509918#2,company|restaurant|bus_stop,,398.9694242295193,827.4758220967593,37.49895762305832,127.02530099003066,,,,timeout
dyn_pax_1547,2207.0,2026-09-07 09:36:47,-129731852,restaurant,,721.4959946165901,929.589824990092,37.499938423771525,127.02892348366522,2483.0,276.0,taxi_2,picked
dyn_pax_1548,2208.0,2026-09-07 09:36:48,494824662#3,company|restaurant|subway_entrance,,729.424850252167,406.6843378518681,37.49522941823122,127.02913698209235,,,,timeout
dyn_pax_1549,2209.0,2026-09-07 09:36:49,375049565#6,restaurant|subway_entrance|bus_stop,,789.5153251748014,798.8522330112556,37.49877353199428,127.02972351946808,2722.0,513.0,taxi_respawn_18,picked
dyn_pax_1550,2210.0,2026-09-07 09:36:50,117823785#0,company|restaurant,,1360.8740206736493,851.0492627492013,37.499351351792384,127.0361713398344,2519.0,309.0,taxi_9,picked
dyn_pax_1551,2214.0,2026-09-07 09:36:54,218877837#2,company|restaurant|bus_stop,,479.4555212141038,978.0213907550284,37.500328997763305,127.02617530290202,,,,timeout
dyn_pax_1552,2215.0,2026-09-07 09:36:55,218877837#2,company|restaurant|bus_stop,,479.4555212141038,978.0213907550284,37.500328997763305,127.02617530290202,,,,timeout
dyn_pax_1553,2216.0,2026-09-07 09:36:56,-256787796#7,restaurant,,650.4923169509016,809.9698095387197,37.49884744554127,127.02814900895488,,,,timeout
dyn_pax_1554,2217.0,2026-09-07 09:36:57,417933642#0,restaurant|bus_stop,,1041.0954363710525,463.30841921497654,37.49579826441859,127.03264736696761,,,,timeout
dyn_pax_1555,2218.0,2026-09-07 09:36:58,375049565#6,restaurant|subway_entrance|bus_stop,,789.5153251748014,798.8522330112556,37.49877353199428,127.02972351946808,2686.0,468.0,taxi_2,picked
dyn_pax_1556,2220.0,2026-09-07 09:37:00,305539406,company|restaurant|subway_entrance,,566.389495917364,736.5285064605782,37.49816998085155,127.02721550408178,2627.0,407.0,taxi_respawn_21,picked
dyn_pax_1557,2221.0,2026-09-07 09:37:01,521770119#0,restaurant|bus_stop,,548.9831206778387,935.1148840516827,37.499955620541705,127.02697161236954,,,,timeout
dyn_pax_1558,2223.0,2026-09-07 09:37:03,506191135#3,residential|company|restaurant|bus_stop,,238.79972345576414,789.4714057742513,37.49858497042428,127.023499044737,2425.0,202.0,taxi_12,picked
dyn_pax_1559,2223.0,2026-09-07 09:37:03,-504509918#2,company|restaurant|bus_stop,,398.9694242295193,827.4758220967593,37.49895762305832,127.02530099003066,,,,timeout
dyn_pax_1560,2224.0,2026-09-07 09:37:04,521770119#0,restaurant|bus_stop,,548.9831206778387,935.1148840516827,37.499955620541705,127.02697161236954,,,,timeout
dyn_pax_1561,2226.0,2026-09-07 09:37:06,218857636#1,residential|company|restaurant|bus_stop,,297.92905089287035,623.2061345250047,37.49709839153085,127.02420706961871,,,,timeout
dyn_pax_1562,2227.0,2026-09-07 09:37:07,-542367267#1,bus_stop,,247.51018316686128,1414.7184918773391,37.504219024473855,127.02344900430944,2307.0,80.0,taxi_12,picked
dyn_pax_1563,2229.0,2026-09-07 09:37:09,1376141182#0,bus_stop,,385.7154046370183,1301.0311255965628,37.50322104370192,127.02503873135461,,,,timeout
dyn_pax_1564,2229.0,2026-09-07 09:37:09,-417750336#5,restaurant,,886.0343029737398,891.1232225857099,37.499622942823265,127.030792984823,2308.0,79.0,taxi_respawn_26,picked
dyn_pax_1565,2231.0,2026-09-07 09:37:11,521770119#1,restaurant|bus_stop,,527.3115514435282,995.8620162900467,37.50049875494786,127.02671217090477,2481.0,250.0,taxi_4,picked
dyn_pax_1566,2232.0,2026-09-07 09:37:12,541692164#1,subway_entrance,,271.6277521231475,1406.6420105391767,37.5041508337347,127.02372362926798,,,,timeout
dyn_pax_1567,2233.0,2026-09-07 09:37:13,178441450#1,residential|company|restaurant|bus_stop,,282.90243066757296,609.4157395563556,37.496971320837204,127.02404044855805,2602.0,369.0,taxi_47,picked
dyn_pax_1568,2234.0,2026-09-07 09:37:14,521766175#1,company|restaurant|subway_entrance,,332.9365590021661,1411.5585828157227,37.504206724109,127.02441570308932,,,,timeout
dyn_pax_1569,2235.0,2026-09-07 09:37:15,494824662#3,company|restaurant|subway_entrance,,729.424850252167,406.6843378518681,37.49522941823122,127.02913698209235,2783.0,548.0,taxi_31,picked
dyn_pax_1570,2238.0,2026-09-07 09:37:18,521770119#0,restaurant|bus_stop,,548.9831206778387,935.1148840516827,37.499955620541705,127.02697161236954,,,,timeout
dyn_pax_1571,2241.0,2026-09-07 09:37:21,-542367267#1,bus_stop,,247.51018316686128,1414.7184918773391,37.504219024473855,127.02344900430944,2391.0,150.0,taxi_respawn_4,picked
dyn_pax_1572,2241.0,2026-09-07 09:37:21,1117538957#3,restaurant|subway_entrance|bus_stop,,465.5082521847807,644.8780924026132,37.49732530507706,127.02609663221197,,,,timeout
dyn_pax_1573,2243.0,2026-09-07 09:37:23,-542367267#1,bus_stop,,247.51018316686128,1414.7184918773391,37.504219024473855,127.02344900430944,2532.0,289.0,taxi_respawn_29,picked
dyn_pax_1574,2246.0,2026-09-07 09:37:26,521766182#1,company|restaurant|subway_entrance,,681.695169875507,539.6867345716422,37.496418539503196,127.02856584056028,,,,timeout
dyn_pax_1575,2247.0,2026-09-07 09:37:27,523141074#0,company|restaurant|subway_entrance,,524.0338794858329,871.4890157117229,37.4993777454413,127.02670460634431,2714.0,467.0,taxi_respawn_29,picked
dyn_pax_1576,2247.0,2026-09-07 09:37:27,542367267#1,company|restaurant,,199.26981683313872,1381.121508122661,37.50390724154084,127.02291151664822,2302.0,55.0,taxi_28,picked
dyn_pax_1577,2249.0,2026-09-07 09:37:29,218873820#0,restaurant|subway_entrance|bus_stop,,628.9829311132032,562.4061665928522,37.49661325243901,127.02796447999128,2742.0,493.0,taxi_7,picked
dyn_pax_1578,2249.0,2026-09-07 09:37:29,256787796#5,restaurant,,616.3422671393917,878.7532899245961,37.49946062055924,127.02774658517313,,,,timeout
dyn_pax_1579,2252.0,2026-09-07 09:37:32,521766182#1,company|restaurant|subway_entrance,,681.695169875507,539.6867345716422,37.496418539503196,127.02856584056028,,,,timeout
dyn_pax_1580,2253.0,2026-09-07 09:37:33,520307304#0,school|subway_entrance|bus_stop,,602.6035134310263,763.145495629718,37.498416594724866,127.02761864854104,,,,timeout
dyn_pax_1581,2255.0,2026-09-07 09:37:35,521770116#2,company|restaurant|bus_stop,,432.3182248087171,1108.514093563608,37.50149560521279,127.02561136613096,2653.0,398.0,taxi_40,picked
dyn_pax_1582,2256.0,2026-09-07 09:37:36,129731834#0,school,,229.35227593843302,780.2499709424674,37.498500113124294,127.02339441737757,,,,timeout
dyn_pax_1583,2258.0,2026-09-07 09:37:38,178441450#1,residential|company|restaurant|bus_stop,,282.90243066757296,609.4157395563556,37.496971320837204,127.02404044855805,2764.0,506.0,taxi_36,picked
dyn_pax_1584,2258.0,2026-09-07 09:37:38,256787796#8,restaurant,,646.6563496183319,793.2391486514691,37.49869600620777,127.02810960194483,,,,timeout
dyn_pax_1585,2261.0,2026-09-07 09:37:41,375049565#6,restaurant|subway_entrance|bus_stop,,789.5153251748014,798.8522330112556,37.49877353199428,127.02972351946808,,,,timeout
dyn_pax_1586,2261.0,2026-09-07 09:37:41,375049565#2,restaurant,,1048.966709229659,894.5327467658005,37.49968436369115,127.03263441305876,2408.0,147.0,taxi_36,picked
dyn_pax_1587,2262.0,2026-09-07 09:37:42,117790051#2,restaurant,,558.5532373104973,1361.778638311631,37.503800946163,127.02697864469606,2292.0,30.0,taxi_21,picked
dyn_pax_1588,2263.0,2026-09-07 09:37:43,-542367267#1,bus_stop,,247.51018316686128,1414.7184918773391,37.504219024473855,127.02344900430944,2520.0,257.0,taxi_respawn_8,picked
dyn_pax_1589,2266.0,2026-09-07 09:37:46,-417933646#1,residential|restaurant,,826.6019869456061,577.8075382253838,37.49678928421788,127.03019516859905,2438.0,172.0,taxi_44,picked
dyn_pax_1590,2266.0,2026-09-07 09:37:46,504227069,residential|restaurant,,587.1158993285404,291.7776336445087,37.494167438547194,127.02755526357365,,,,timeout
dyn_pax_1591,2267.0,2026-09-07 09:37:47,-506191135#2,residential|bus_stop,,236.19733776439384,769.6838415951818,37.49840622577806,127.02347432089968,,,,timeout
dyn_pax_1592,2270.0,2026-09-07 09:37:50,218873820#0,restaurant|subway_entrance|bus_stop,,628.9829311132032,562.4061665928522,37.49661325243901,127.02796447999128,2814.0,544.0,taxi_44,picked
dyn_pax_1593,2271.0,2026-09-07 09:37:51,379463130#0,restaurant,,544.1425087303844,1128.5419490598922,37.501697156429024,127.02687101205116,2369.0,98.0,taxi_respawn_2,picked
dyn_pax_1594,2272.0,2026-09-07 09:37:52,1229817205#0,company|subway_entrance|bus_stop,,599.2457558679199,652.2907550986157,37.497417346160496,127.02760695963683,,,,timeout
dyn_pax_1595,2275.0,2026-09-07 09:37:55,520307304#0,school|subway_entrance|bus_stop,,602.6035134310263,763.145495629718,37.498416594724866,127.02761864854104,,,,timeout
dyn_pax_1596,2278.0,2026-09-07 09:37:58,-417933645#2,company|restaurant|subway_entrance,,701.1658676593129,719.5455833044954,37.49804244093877,127.02874337560036,,,,timeout
dyn_pax_1597,2279.0,2026-09-07 09:37:59,494824662#3,company|restaurant|subway_entrance,,729.424850252167,406.6843378518681,37.49522941823122,127.02913698209235,,,,timeout
dyn_pax_1598,2281.0,2026-09-07 09:38:01,218857636#1,residential|company|restaurant|bus_stop,,297.92905089287035,623.2061345250047,37.49709839153085,127.02420706961871,,,,timeout
dyn_pax_1599,2283.0,2026-09-07 09:38:03,1376141183#0,bus_stop,,548.2528111146681,901.2117688498424,37.49965007283687,127.02697139402301,,,,timeout
dyn_pax_1600,2284.0,2026-09-07 09:38:04,521766182#1,company|restaurant|subway_entrance,,681.695169875507,539.6867345716422,37.496418539503196,127.02856584056028,,,,timeout
dyn_pax_1601,2286.0,2026-09-07 09:38:06,218857636#1,residential|company|restaurant|bus_stop,,297.92905089287035,623.2061345250047,37.49709839153085,127.02420706961871,,,,timeout
dyn_pax_1602,2288.0,2026-09-07 09:38:08,1117538957#3,restaurant|subway_entrance|bus_stop,,465.5082521847807,644.8780924026132,37.49732530507706,127.02609663221197,,,,timeout
dyn_pax_1603,2290.0,2026-09-07 09:38:10,480850873,company|restaurant|bus_stop,,548.1935052770749,708.5896639848544,37.49791486187585,127.0270163956136,2793.0,503.0,taxi_6,picked
dyn_pax_1604,2291.0,2026-09-07 09:38:11,218873820#0,restaurant|subway_entrance|bus_stop,,628.9829311132032,562.4061665928522,37.49661325243901,127.02796447999128,2809.0,518.0,taxi_15,picked
dyn_pax_1605,2292.0,2026-09-07 09:38:12,480850873,company|restaurant|bus_stop,,548.1935052770749,708.5896639848544,37.49791486187585,127.0270163956136,,,,timeout
dyn_pax_1606,2293.0,2026-09-07 09:38:13,521766182#1,company|restaurant|subway_entrance,,681.695169875507,539.6867345716422,37.496418539503196,127.02856584056028,,,,timeout
dyn_pax_1607,2294.0,2026-09-07 09:38:14,-309155295#1,residential|restaurant,,820.2174803017108,588.0239695218922,37.496880113093034,127.03012056506905,2431.0,137.0,taxi_respawn_25,picked
dyn_pax_1608,2295.0,2026-09-07 09:38:15,218857636#1,residential|company|restaurant|bus_stop,,297.92905089287035,623.2061345250047,37.49709839153085,127.02420706961871,,,,timeout
dyn_pax_1609,2295.0,2026-09-07 09:38:15,504509918#0,residential|restaurant,,511.83203920742636,882.9034728009249,37.49947826486711,127.02656393710718,2385.0,90.0,taxi_respawn_30,picked
dyn_pax_1610,2298.0,2026-09-07 09:38:18,480850873,company|restaurant|bus_stop,,548.1935052770749,708.5896639848544,37.49791486187585,127.0270163956136,,,,timeout
dyn_pax_1611,2298.0,2026-09-07 09:38:18,-913950883#1,residential|company|restaurant,,391.36286393582424,840.6655979518604,37.49907500229157,127.0252118555046,2575.0,277.0,taxi_respawn_9,picked
dyn_pax_1612,2299.0,2026-09-07 09:38:19,1117538958#3,bus_stop,,160.18899290588462,540.6019911995099,37.49632820280781,127.02266936696756,2716.0,417.0,taxi_3,picked
dyn_pax_1613,2301.0,2026-09-07 09:38:21,520307304#0,school|subway_entrance|bus_stop,,602.6035134310263,763.145495629718,37.498416594724866,127.02761864854104,,,,timeout
dyn_pax_1614,2302.0,2026-09-07 09:38:22,1117538957#3,restaurant|subway_entrance|bus_stop,,465.5082521847807,644.8780924026132,37.49732530507706,127.02609663221197,,,,timeout
dyn_pax_1615,2302.0,2026-09-07 09:38:22,-523141073,residential|company,,283.47995026542384,1109.9635024546676,37.50148051131825,127.02392811188028,2416.0,114.0,taxi_47,picked
dyn_pax_1616,2304.0,2026-09-07 09:38:24,218873820#0,restaurant|subway_entrance|bus_stop,,628.9829311132032,562.4061665928522,37.49661325243901,127.02796447999128,,,,timeout
dyn_pax_1617,2305.0,2026-09-07 09:38:25,541692164#1,subway_entrance,,271.6277521231475,1406.6420105391767,37.5041508337347,127.02372362926798,,,,timeout
dyn_pax_1618,2307.0,2026-09-07 09:38:27,975332778#1,bus_stop,,681.6099970732737,721.9380561808346,37.49806030190971,127.02852170075586,2660.0,353.0,taxi_respawn_15,picked
dyn_pax_1619,2310.0,2026-09-07 09:38:30,521766175#3,company|restaurant|subway_entrance|bus_stop,,373.6701172395771,1298.610217621072,37.50319695740621,127.02490310718325,,,,timeout
dyn_pax_1620,2312.0,2026-09-07 09:38:32,-417933645#2,company|restaurant|subway_entrance,,701.1658676593129,719.5455833044954,37.49804244093877,127.02874337560036,,,,timeout
dyn_pax_1621,2313.0,2026-09-07 09:38:33,-417933645#2,company|restaurant|subway_entrance,,701.1658676593129,719.5455833044954,37.49804244093877,127.02874337560036,,,,timeout
dyn_pax_1622,2315.0,2026-09-07 09:38:35,1117538958#3,bus_stop,,160.18899290588462,540.6019911995099,37.49632820280781,127.02266936696756,2721.0,406.0,taxi_45,picked
dyn_pax_1623,2316.0,2026-09-07 09:38:36,-506191135#2,residential|bus_stop,,236.19733776439384,769.6838415951818,37.49840622577806,127.02347432089968,,,,timeout
dyn_pax_1624,2316.0,2026-09-07 09:38:36,375049565#2,restaurant,,1048.966709229659,894.5327467658005,37.49968436369115,127.03263441305876,2490.0,174.0,taxi_respawn_15,picked
dyn_pax_1625,2318.0,2026-09-07 09:38:38,1229817205#0,company|subway_entrance|bus_stop,,599.2457558679199,652.2907550986157,37.497417346160496,127.02760695963683,,,,timeout
dyn_pax_1626,2318.0,2026-09-07 09:38:38,628232693#0,company|restaurant,,644.2623295929467,660.168099777976,37.49749680792099,127.0281140674837,,,,timeout
dyn_pax_1627,2319.0,2026-09-07 09:38:39,520307304#0,school|subway_entrance|bus_stop,,602.6035134310263,763.145495629718,37.498416594724866,127.02761864854104,,,,timeout
dyn_pax_1628,2321.0,2026-09-07 09:38:41,379463134#3,restaurant,,544.2510512741843,1273.4484249309019,37.503002538586315,127.0268378740983,2380.0,59.0,taxi_38,picked
dyn_pax_1629,2322.0,2026-09-07 09:38:42,521770119#1,restaurant|bus_stop,,527.3115514435282,995.8620162900467,37.50049875494786,127.02671217090477,2891.0,569.0,taxi_26,picked
dyn_pax_1630,2324.0,2026-09-07 09:38:44,218864491#0,restaurant|bus_stop,,769.9803916976219,760.1217113917903,37.49842094941813,127.02951181742357,,,,timeout
dyn_pax_1631,2325.0,2026-09-07 09:38:45,218864491#0,restaurant|bus_stop,,769.9803916976219,760.1217113917903,37.49842094941813,127.02951181742357,,,,timeout
dyn_pax_1632,2328.0,2026-09-07 09:38:48,218864491#0,restaurant|bus_stop,,769.9803916976219,760.1217113917903,37.49842094941813,127.02951181742357,,,,timeout
dyn_pax_1633,2328.0,2026-09-07 09:38:48,256787796#2,restaurant,,573.8171824012851,1000.9225059734806,37.50055312725627,127.02723680274495,2439.0,111.0,taxi_7,picked
dyn_pax_1634,2329.0,2026-09-07 09:38:49,520307304#0,school|subway_entrance|bus_stop,,602.6035134310263,763.145495629718,37.498416594724866,127.02761864854104,,,,timeout
dyn_pax_1635,2330.0,2026-09-07 09:38:50,541692164#1,subway_entrance,,271.6277521231475,1406.6420105391767,37.5041508337347,127.02372362926798,,,,timeout
dyn_pax_1636,2330.0,2026-09-07 09:38:50,1117538957#3,restaurant|subway_entrance|bus_stop,,465.5082521847807,644.8780924026132,37.49732530507706,127.02609663221197,,,,timeout
dyn_pax_1637,2330.0,2026-09-07 09:38:50,520307304#2,restaurant,,553.737131666575,902.6336565846188,37.499663917706236,127.02703306650038,2476.0,146.0,taxi_13,picked
dyn_pax_1638,2332.0,2026-09-07 09:38:52,-504509918#2,company|restaurant|bus_stop,,398.9694242295193,827.4758220967593,37.49895762305832,127.02530099003066,2753.0,421.0,taxi_respawn_11,picked
dyn_pax_1639,2333.0,2026-09-07 09:38:53,-506191135#22,residential|company|restaurant|bus_stop,,38.693950105848444,1321.9513167019495,37.50334380565249,127.02110990869835,2523.0,190.0,taxi_8,picked
dyn_pax_1640,2333.0,2026-09-07 09:38:53,506191135#3,residential|company|restaurant|bus_stop,,238.79972345576414,789.4714057742513,37.49858497042428,127.023499044737,2566.0,233.0,taxi_respawn_7,picked
dyn_pax_1641,2335.0,2026-09-07 09:38:55,218864491#0,restaurant|bus_stop,,769.9803916976219,760.1217113917903,37.49842094941813,127.02951181742357,,,,timeout
dyn_pax_1642,2338.0,2026-09-07 09:38:58,1229817205#0,company|subway_entrance|bus_stop,,599.2457558679199,652.2907550986157,37.497417346160496,127.02760695963683,,,,timeout
dyn_pax_1643,2338.0,2026-09-07 09:38:58,521766182#1,company|restaurant|subway_entrance,,681.695169875507,539.6867345716422,37.496418539503196,127.02856584056028,,,,timeout
dyn_pax_1644,2339.0,2026-09-07 09:38:59,1229817205#0,company|subway_entrance|bus_stop,,599.2457558679199,652.2907550986157,37.497417346160496,127.02760695963683,,,,timeout
dyn_pax_1645,2341.0,2026-09-07 09:39:01,218877837#2,company|restaurant|bus_stop,,479.4555212141038,978.0213907550284,37.500328997763305,127.02617530290202,2817.0,476.0,taxi_respawn_21,picked
dyn_pax_1646,2342.0,2026-09-07 09:39:02,218857636#1,residential|company|restaurant|bus_stop,,297.92905089287035,623.2061345250047,37.49709839153085,127.02420706961871,,,,timeout
dyn_pax_1647,2342.0,2026-09-07 09:39:02,521766180#1,company|restaurant|bus_stop,,466.73410130235357,1169.2838037446552,37.502049542882666,127.02598608796039,,,,unpicked
dyn_pax_1648,2345.0,2026-09-07 09:39:05,521770119#1,restaurant|bus_stop,,527.3115514435282,995.8620162900467,37.50049875494786,127.02671217090477,,,,timeout
dyn_pax_1649,2347.0,2026-09-07 09:39:07,-504509918#2,company|restaurant|bus_stop,,398.9694242295193,827.4758220967593,37.49895762305832,127.02530099003066,,,,timeout
dyn_pax_1650,2348.0,2026-09-07 09:39:08,1229817205#1,residential|bus_stop,,631.6400080768872,572.7061575261558,37.49670653972221,127.02799208080955,2821.0,473.0,taxi_24,picked
dyn_pax_1651,2350.0,2026-09-07 09:39:10,1229817205#1,residential|bus_stop,,631.6400080768872,572.7061575261558,37.49670653972221,127.02799208080955,2828.0,478.0,taxi_respawn_27,picked
dyn_pax_1652,2350.0,2026-09-07 09:39:10,117790045#2,restaurant,,537.9561568342307,1283.7183624175188,37.50309386389003,127.02676426064505,2477.0,127.0,taxi_34,picked
dyn_pax_1653,2351.0,2026-09-07 09:39:11,521770116#2,company|restaurant|bus_stop,,432.3182248087171,1108.514093563608,37.50149560521279,127.02561136613096,2528.0,177.0,taxi_16,picked
dyn_pax_1654,2351.0,2026-09-07 09:39:11,417933645#0,residential|restaurant,,823.1026288816429,385.61625104994533,37.49505730126708,127.03020109557775,,,,timeout
dyn_pax_1655,2355.0,2026-09-07 09:39:15,521766175#3,company|restaurant|subway_entrance|bus_stop,,373.6701172395771,1298.610217621072,37.50319695740621,127.02490310718325,,,,timeout
dyn_pax_1656,2356.0,2026-09-07 09:39:16,218873820#0,restaurant|subway_entrance|bus_stop,,628.9829311132032,562.4061665928522,37.49661325243901,127.02796447999128,2897.0,541.0,taxi_respawn_3,picked
dyn_pax_1657,2356.0,2026-09-07 09:39:16,506191135#3,residential|company|restaurant|bus_stop,,238.79972345576414,789.4714057742513,37.49858497042428,127.023499044737,,,,timeout
dyn_pax_1658,2357.0,2026-09-07 09:39:17,805827756#0,restaurant,,725.8600087193602,932.9429066344904,37.49996945301828,127.02897203227693,2580.0,223.0,taxi_respawn_3,picked
dyn_pax_1659,2358.0,2026-09-07 09:39:18,521770119#0,restaurant|bus_stop,,548.9831206778387,935.1148840516827,37.499955620541705,127.02697161236954,,,,timeout
dyn_pax_1660,2359.0,2026-09-07 09:39:19,1229817205#0,company|subway_entrance|bus_stop,,599.2457558679199,652.2907550986157,37.497417346160496,127.02760695963683,,,,timeout
dyn_pax_1661,2360.0,2026-09-07 09:39:20,-504509918#2,company|restaurant|bus_stop,,398.9694242295193,827.4758220967593,37.49895762305832,127.02530099003066,,,,timeout
dyn_pax_1662,2361.0,2026-09-07 09:39:21,-542367267#1,bus_stop,,247.51018316686128,1414.7184918773391,37.504219024473855,127.02344900430944,2617.0,256.0,taxi_respawn_2,picked
dyn_pax_1663,2362.0,2026-09-07 09:39:22,1229817205#0,company|subway_entrance|bus_stop,,599.2457558679199,652.2907550986157,37.497417346160496,127.02760695963683,,,,timeout
dyn_pax_1664,2364.0,2026-09-07 09:39:24,521766182#1,company|restaurant|subway_entrance,,681.695169875507,539.6867345716422,37.496418539503196,127.02856584056028,,,,timeout
dyn_pax_1665,2364.0,2026-09-07 09:39:24,129731859#1,restaurant,,770.318180095484,905.1374216517651,37.499727361620906,127.02948129560598,2396.0,32.0,taxi_22,picked
dyn_pax_1666,2365.0,2026-09-07 09:39:25,1229817205#0,company|subway_entrance|bus_stop,,599.2457558679199,652.2907550986157,37.497417346160496,127.02760695963683,,,,timeout
dyn_pax_1667,2368.0,2026-09-07 09:39:28,520307304#0,school|subway_entrance|bus_stop,,602.6035134310263,763.145495629718,37.498416594724866,127.02761864854104,,,,timeout
dyn_pax_1668,2370.0,2026-09-07 09:39:30,523141074#0,company|restaurant|subway_entrance,,524.0338794858329,871.4890157117229,37.4993777454413,127.02670460634431,2752.0,382.0,taxi_respawn_24,picked
dyn_pax_1669,2371.0,2026-09-07 09:39:31,218857636#1,residential|company|restaurant|bus_stop,,297.92905089287035,623.2061345250047,37.49709839153085,127.02420706961871,,,,timeout
dyn_pax_1670,2374.0,2026-09-07 09:39:34,-504509918#2,company|restaurant|bus_stop,,398.9694242295193,827.4758220967593,37.49895762305832,127.02530099003066,,,,timeout
dyn_pax_1671,2376.0,2026-09-07 09:39:36,975332778#1,bus_stop,,681.6099970732737,721.9380561808346,37.49806030190971,127.02852170075586,2827.0,451.0,taxi_respawn_5,picked
dyn_pax_1672,2377.0,2026-09-07 09:39:37,521766182#1,company|restaurant|subway_entrance,,681.695169875507,539.6867345716422,37.496418539503196,127.02856584056028,,,,timeout
dyn_pax_1673,2379.0,2026-09-07 09:39:39,178441450#1,residential|company|restaurant|bus_stop,,282.90243066757296,609.4157395563556,37.496971320837204,127.02404044855805,2776.0,397.0,taxi_46,picked
dyn_pax_1674,2381.0,2026-09-07 09:39:41,541692164#1,subway_entrance,,271.6277521231475,1406.6420105391767,37.5041508337347,127.02372362926798,,,,timeout
dyn_pax_1675,2382.0,2026-09-07 09:39:42,521766175#3,company|restaurant|subway_entrance|bus_stop,,373.6701172395771,1298.610217621072,37.50319695740621,127.02490310718325,2885.0,503.0,taxi_30,picked
dyn_pax_1676,2385.0,2026-09-07 09:39:45,218873820#0,restaurant|subway_entrance|bus_stop,,628.9829311132032,562.4061665928522,37.49661325243901,127.02796447999128,,,,timeout
dyn_pax_1677,2387.0,2026-09-07 09:39:47,975332778#1,bus_stop,,681.6099970732737,721.9380561808346,37.49806030190971,127.02852170075586,,,,timeout
dyn_pax_1678,2387.0,2026-09-07 09:39:47,218864491#0,restaurant|bus_stop,,769.9803916976219,760.1217113917903,37.49842094941813,127.02951181742357,,,,timeout
dyn_pax_1679,2390.0,2026-09-07 09:39:50,305539406,company|restaurant|subway_entrance,,566.389495917364,736.5285064605782,37.49816998085155,127.02721550408178,2649.0,259.0,taxi_respawn_22,picked
dyn_pax_1680,2391.0,2026-09-07 09:39:51,1117538957#3,restaurant|subway_entrance|bus_stop,,465.5082521847807,644.8780924026132,37.49732530507706,127.02609663221197,,,,timeout
dyn_pax_1681,2391.0,2026-09-07 09:39:51,521766182#1,company|restaurant|subway_entrance,,681.695169875507,539.6867345716422,37.496418539503196,127.02856584056028,,,,timeout
dyn_pax_1682,2392.0,2026-09-07 09:39:52,-417933646#4,company|restaurant,,761.9867537178288,747.7080569325292,37.49830761500862,127.02942437673002,,,,timeout
dyn_pax_1683,2393.0,2026-09-07 09:39:53,521766175#1,company|restaurant|subway_entrance,,332.9365590021661,1411.5585828157227,37.504206724109,127.02441570308932,,,,timeout
dyn_pax_1684,2393.0,2026-09-07 09:39:53,-129731717#1,residential|company|restaurant,,188.433090102474,1374.3511058470413,37.503844200149025,127.0227905913032,2445.0,52.0,taxi_10,picked
dyn_pax_1685,2394.0,2026-09-07 09:39:54,521770119#1,restaurant|bus_stop,,527.3115514435282,995.8620162900467,37.50049875494786,127.02671217090477,,,,timeout
dyn_pax_1686,2396.0,2026-09-07 09:39:56,541692164#1,subway_entrance,,271.6277521231475,1406.6420105391767,37.5041508337347,127.02372362926798,,,,timeout
dyn_pax_1687,2397.0,2026-09-07 09:39:57,1376141182#0,bus_stop,,385.7154046370183,1301.0311255965628,37.50322104370192,127.02503873135461,,,,timeout
dyn_pax_1688,2398.0,2026-09-07 09:39:58,375049565#6,restaurant|subway_entrance|bus_stop,,789.5153251748014,798.8522330112556,37.49877353199428,127.02972351946808,2869.0,471.0,taxi_37,picked
dyn_pax_1689,2399.0,2026-09-07 09:39:59,1229817205#1,residential|bus_stop,,631.6400080768872,572.7061575261558,37.49670653972221,127.02799208080955,,,,timeout
dyn_pax_1690,2400.0,2026-09-07 09:40:00,494824662#3,company|restaurant|subway_entrance,,729.424850252167,406.6843378518681,37.49522941823122,127.02913698209235,,,,timeout
dyn_pax_1691,2401.0,2026-09-07 09:40:01,-117823785#1,restaurant,,983.1954817367493,635.6880668681273,37.49734021138362,127.03195197441553,2525.0,124.0,taxi_42,picked
dyn_pax_1692,2401.0,2026-09-07 09:40:01,-1537068129#0,restaurant,,962.1540281232122,1146.7630824504436,37.50194018104768,127.03159317410272,2482.0,81.0,taxi_respawn_37,picked
dyn_pax_1693,2402.0,2026-09-07 09:40:02,520307304#0,school|subway_entrance|bus_stop,,602.6035134310263,763.145495629718,37.498416594724866,127.02761864854104,,,,timeout
dyn_pax_1694,2402.0,2026-09-07 09:40:02,129731857#1,residential|restaurant,,656.8212873140518,799.6615847813327,37.498755780674834,127.02822301071001,,,,timeout
dyn_pax_1695,2404.0,2026-09-07 09:40:04,541692164#1,subway_entrance,,271.6277521231475,1406.6420105391767,37.5041508337347,127.02372362926798,,,,timeout
dyn_pax_1696,2405.0,2026-09-07 09:40:05,521770119#0,restaurant|bus_stop,,548.9831206778387,935.1148840516827,37.499955620541705,127.02697161236954,,,,timeout
dyn_pax_1697,2407.0,2026-09-07 09:40:07,218873820#0,restaurant|subway_entrance|bus_stop,,628.9829311132032,562.4061665928522,37.49661325243901,127.02796447999128,2986.0,579.0,taxi_respawn_13,picked
dyn_pax_1698,2408.0,2026-09-07 09:40:08,-542367267#1,bus_stop,,247.51018316686128,1414.7184918773391,37.504219024473855,127.02344900430944,2638.0,230.0,taxi_respawn_19,picked
dyn_pax_1699,2410.0,2026-09-07 09:40:10,-504509918#2,company|restaurant|bus_stop,,398.9694242295193,827.4758220967593,37.49895762305832,127.02530099003066,,,,timeout
dyn_pax_1700,2410.0,2026-09-07 09:40:10,129731834#0,school,,229.35227593843302,780.2499709424674,37.498500113124294,127.02339441737757,,,,timeout
dyn_pax_1701,2413.0,2026-09-07 09:40:13,520307304#0,school|subway_entrance|bus_stop,,602.6035134310263,763.145495629718,37.498416594724866,127.02761864854104,,,,timeout
dyn_pax_1702,2414.0,2026-09-07 09:40:14,417933642#0,restaurant|bus_stop,,1041.0954363710525,463.30841921497654,37.49579826441859,127.03264736696761,,,,timeout
dyn_pax_1703,2415.0,2026-09-07 09:40:15,417750337#1,restaurant,,654.3039749436668,1311.1147669608317,37.50336263595113,127.02807333923603,2465.0,50.0,taxi_15,picked
dyn_pax_1704,2416.0,2026-09-07 09:40:16,-542367267#1,bus_stop,,247.51018316686128,1414.7184918773391,37.504219024473855,127.02344900430944,2665.0,249.0,taxi_10,picked
dyn_pax_1705,2416.0,2026-09-07 09:40:16,-239954462#0,company,,177.59108854633376,1424.6091910087337,37.50429488616932,127.02265605240045,2468.0,52.0,taxi_respawn_28,picked
dyn_pax_1706,2417.0,2026-09-07 09:40:17,1376141183#0,bus_stop,,548.2528111146681,901.2117688498424,37.49965007283687,127.02697139402301,,,,timeout
dyn_pax_1707,2421.0,2026-09-07 09:40:21,-309155295#4,residential|restaurant,,966.4689567179357,639.4784987131154,37.49737120494098,127.0317619612052,2540.0,119.0,taxi_33,picked
dyn_pax_1708,2421.0,2026-09-07 09:40:21,480850873,company|restaurant|bus_stop,,548.1935052770749,708.5896639848544,37.49791486187585,127.0270163956136,,,,timeout
dyn_pax_1709,2422.0,2026-09-07 09:40:22,-417933645#2,company|restaurant|subway_entrance,,701.1658676593129,719.5455833044954,37.49804244093877,127.02874337560036,,,,timeout
dyn_pax_1710,2423.0,2026-09-07 09:40:23,521766175#3,company|restaurant|subway_entrance|bus_stop,,373.6701172395771,1298.610217621072,37.50319695740621,127.02490310718325,2899.0,476.0,taxi_33,picked
dyn_pax_1711,2425.0,2026-09-07 09:40:25,523141074#0,company|restaurant|subway_entrance,,524.0338794858329,871.4890157117229,37.4993777454413,127.02670460634431,2887.0,462.0,taxi_43,picked
dyn_pax_1712,2427.0,2026-09-07 09:40:27,521770116#2,company|restaurant|bus_stop,,432.3182248087171,1108.514093563608,37.50149560521279,127.02561136613096,2648.0,221.0,taxi_22,picked
dyn_pax_1713,2428.0,2026-09-07 09:40:28,375049565#6,restaurant|subway_entrance|bus_stop,,789.5153251748014,798.8522330112556,37.49877353199428,127.02972351946808,,,,timeout
dyn_pax_1714,2428.0,2026-09-07 09:40:28,239962780#1,company|restaurant,,78.091042197054,1418.7355011637856,37.504223128704645,127.02153236485597,2462.0,34.0,taxi_respawn_23,picked
dyn_pax_1715,2429.0,2026-09-07 09:40:29,542367267#1,company|restaurant,,199.26981683313872,1381.121508122661,37.50390724154084,127.02291151664822,2488.0,59.0,taxi_41,picked
dyn_pax_1716,2430.0,2026-09-07 09:40:30,1117538957#3,restaurant|subway_entrance|bus_stop,,465.5082521847807,644.8780924026132,37.49732530507706,127.02609663221197,,,,timeout
dyn_pax_1717,2430.0,2026-09-07 09:40:30,520307304#2,restaurant,,553.737131666575,902.6336565846188,37.499663917706236,127.02703306650038,2574.0,144.0,taxi_38,picked
dyn_pax_1718,2431.0,2026-09-07 09:40:31,521766175#3,company|restaurant|subway_entrance|bus_stop,,373.6701172395771,1298.610217621072,37.50319695740621,127.02490310718325,2909.0,478.0,taxi_40,picked
dyn_pax_1719,2433.0,2026-09-07 09:40:33,521766180#1,company|restaurant|bus_stop,,466.73410130235357,1169.2838037446552,37.502049542882666,127.02598608796039,3163.0,730.0,taxi_respawn_23,picked
dyn_pax_1720,2434.0,2026-09-07 09:40:34,-542367267#1,bus_stop,,247.51018316686128,1414.7184918773391,37.504219024473855,127.02344900430944,2658.0,224.0,taxi_respawn_32,picked
dyn_pax_1721,2436.0,2026-09-07 09:40:36,-506191135#2,residential|bus_stop,,236.19733776439384,769.6838415951818,37.49840622577806,127.02347432089968,,,,timeout
dyn_pax_1722,2437.0,2026-09-07 09:40:37,-541692164#2,subway_entrance,,317.7122087179151,1441.0296574375257,37.504469327730426,127.0242365566347,,,,timeout
dyn_pax_1723,2438.0,2026-09-07 09:40:38,256787796#5,restaurant,,616.3422671393917,878.7532899245961,37.49946062055924,127.02774658517313,,,,timeout
dyn_pax_1724,2439.0,2026-09-07 09:40:39,521766175#3,company|restaurant|subway_entrance|bus_stop,,373.6701172395771,1298.610217621072,37.50319695740621,127.02490310718325,,,,timeout
dyn_pax_1725,2441.0,2026-09-07 09:40:41,504509918#0,residential|restaurant,,511.83203920742636,882.9034728009249,37.49947826486711,127.02656393710718,2473.0,32.0,taxi_respawn_18,picked
dyn_pax_1726,2442.0,2026-09-07 09:40:42,375049565#6,restaurant|subway_entrance|bus_stop,,789.5153251748014,798.8522330112556,37.49877353199428,127.02972351946808,,,,timeout
dyn_pax_1727,2443.0,2026-09-07 09:40:43,218857636#1,residential|company|restaurant|bus_stop,,297.92905089287035,623.2061345250047,37.49709839153085,127.02420706961871,,,,timeout
dyn_pax_1728,2446.0,2026-09-07 09:40:46,1376141183#0,bus_stop,,548.2528111146681,901.2117688498424,37.49965007283687,127.02697139402301,,,,timeout
dyn_pax_1729,2448.0,2026-09-07 09:40:48,1376141182#0,bus_stop,,385.7154046370183,1301.0311255965628,37.50322104370192,127.02503873135461,,,,timeout
dyn_pax_1730,2449.0,2026-09-07 09:40:49,541692164#1,subway_entrance,,271.6277521231475,1406.6420105391767,37.5041508337347,127.02372362926798,,,,timeout
dyn_pax_1731,2450.0,2026-09-07 09:40:50,-417750337#4,restaurant,,542.6552277079157,1139.0745154802132,37.5017917560025,127.02685169754334,2679.0,229.0,taxi_34,picked
dyn_pax_1732,2451.0,2026-09-07 09:40:51,1229817205#0,company|subway_entrance|bus_stop,,599.2457558679199,652.2907550986157,37.497417346160496,127.02760695963683,,,,timeout
dyn_pax_1733,2453.0,2026-09-07 09:40:53,-417933645#2,company|restaurant|subway_entrance,,701.1658676593129,719.5455833044954,37.49804244093877,127.02874337560036,,,,timeout
dyn_pax_1734,2453.0,2026-09-07 09:40:53,129731859#6,restaurant,,984.8051641629477,982.1134039896856,37.50046123095764,127.0318882391282,2749.0,296.0,taxi_respawn_28,picked
dyn_pax_1735,2454.0,2026-09-07 09:40:54,1229817205#1,residential|bus_stop,,631.6400080768872,572.7061575261558,37.49670653972221,127.02799208080955,2913.0,459.0,taxi_respawn_28,picked
dyn_pax_1736,2456.0,2026-09-07 09:40:56,521766175#3,company|restaurant|subway_entrance|bus_stop,,373.6701172395771,1298.610217621072,37.50319695740621,127.02490310718325,,,,timeout
dyn_pax_1737,2457.0,2026-09-07 09:40:57,218877837#2,company|restaurant|bus_stop,,479.4555212141038,978.0213907550284,37.500328997763305,127.02617530290202,,,,timeout
dyn_pax_1738,2460.0,2026-09-07 09:41:00,520307304#0,school|subway_entrance|bus_stop,,602.6035134310263,763.145495629718,37.498416594724866,127.02761864854104,,,,timeout
dyn_pax_1739,2461.0,2026-09-07 09:41:01,256787796#2,restaurant,,573.8171824012851,1000.9225059734806,37.50055312725627,127.02723680274495,2475.0,14.0,taxi_respawn_20,picked
dyn_pax_1740,2462.0,2026-09-07 09:41:02,417933642#0,restaurant|bus_stop,,1041.0954363710525,463.30841921497654,37.49579826441859,127.03264736696761,,,,timeout
dyn_pax_1741,2463.0,2026-09-07 09:41:03,305539406,company|restaurant|subway_entrance,,566.389495917364,736.5285064605782,37.49816998085155,127.02721550408178,2659.0,196.0,taxi_41,picked
dyn_pax_1742,2464.0,2026-09-07 09:41:04,239962780#1,company|restaurant,,78.091042197054,1418.7355011637856,37.504223128704645,127.02153236485597,2696.0,232.0,taxi_27,picked
dyn_pax_1743,2465.0,2026-09-07 09:41:05,521766182#1,company|restaurant|subway_entrance,,681.695169875507,539.6867345716422,37.496418539503196,127.02856584056028,,,,timeout
dyn_pax_1744,2466.0,2026-09-07 09:41:06,521766182#1,company|restaurant|subway_entrance,,681.695169875507,539.6867345716422,37.496418539503196,127.02856584056028,,,,timeout
dyn_pax_1745,2468.0,2026-09-07 09:41:08,541692164#1,subway_entrance,,271.6277521231475,1406.6420105391767,37.5041508337347,127.02372362926798,,,,timeout
dyn_pax_1746,2468.0,2026-09-07 09:41:08,218857636#1,residential|company|restaurant|bus_stop,,297.92905089287035,623.2061345250047,37.49709839153085,127.02420706961871,,,,timeout
dyn_pax_1747,2469.0,2026-09-07 09:41:09,-542367267#1,bus_stop,,247.51018316686128,1414.7184918773391,37.504219024473855,127.02344900430944,2714.0,245.0,taxi_16,picked
dyn_pax_1748,2471.0,2026-09-07 09:41:11,521766175#3,company|restaurant|subway_entrance|bus_stop,,373.6701172395771,1298.610217621072,37.50319695740621,127.02490310718325,,,,timeout
dyn_pax_1749,2472.0,2026-09-07 09:41:12,-506191135#2,residential|bus_stop,,236.19733776439384,769.6838415951818,37.49840622577806,127.02347432089968,,,,timeout
dyn_pax_1750,2474.0,2026-09-07 09:41:14,417933642#0,restaurant|bus_stop,,1041.0954363710525,463.30841921497654,37.49579826441859,127.03264736696761,,,,timeout
dyn_pax_1751,2476.0,2026-09-07 09:41:16,1229817205#1,residential|bus_stop,,631.6400080768872,572.7061575261558,37.49670653972221,127.02799208080955,2922.0,446.0,taxi_27,picked
dyn_pax_1752,2477.0,2026-09-07 09:41:17,521770116#2,company|restaurant|bus_stop,,432.3182248087171,1108.514093563608,37.50149560521279,127.02561136613096,2734.0,257.0,taxi_respawn_10,picked
dyn_pax_1753,2479.0,2026-09-07 09:41:19,1117538958#3,bus_stop,,160.18899290588462,540.6019911995099,37.49632820280781,127.02266936696756,2727.0,248.0,taxi_respawn_31,picked
dyn_pax_1754,2480.0,2026-09-07 09:41:20,305539406,company|restaurant|subway_entrance,,566.389495917364,736.5285064605782,37.49816998085155,127.02721550408178,,,,timeout
dyn_pax_1755,2482.0,2026-09-07 09:41:22,521766182#1,company|restaurant|subway_entrance,,681.695169875507,539.6867345716422,37.496418539503196,127.02856584056028,,,,timeout
dyn_pax_1756,2483.0,2026-09-07 09:41:23,1229817205#0,company|subway_entrance|bus_stop,,599.2457558679199,652.2907550986157,37.497417346160496,127.02760695963683,,,,timeout
dyn_pax_1757,2484.0,2026-09-07 09:41:24,129731857#2,company,,789.9847076009492,845.2662126154856,37.499191732762846,127.02971783662417,2585.0,101.0,taxi_36,picked
dyn_pax_1758,2486.0,2026-09-07 09:41:26,305539406,company|restaurant|subway_entrance,,566.389495917364,736.5285064605782,37.49816998085155,127.02721550408178,,,,timeout
dyn_pax_1759,2488.0,2026-09-07 09:41:28,1117538957#3,restaurant|subway_entrance|bus_stop,,465.5082521847807,644.8780924026132,37.49732530507706,127.02609663221197,,,,timeout
dyn_pax_1760,2488.0,2026-09-07 09:41:28,417750337#1,restaurant,,654.3039749436668,1311.1147669608317,37.50336263595113,127.02807333923603,2548.0,60.0,taxi_39,picked
dyn_pax_1761,2488.0,2026-09-07 09:41:28,129731859#0,restaurant,,636.6446621144157,858.1896913104493,37.49927921090336,127.0279810114602,,,,timeout
dyn_pax_1762,2489.0,2026-09-07 09:41:29,218873820#0,restaurant|subway_entrance|bus_stop,,628.9829311132032,562.4061665928522,37.49661325243901,127.02796447999128,,,,timeout
dyn_pax_1763,2490.0,2026-09-07 09:41:30,-506191135#2,residential|bus_stop,,236.19733776439384,769.6838415951818,37.49840622577806,127.02347432089968,,,,timeout
dyn_pax_1764,2491.0,2026-09-07 09:41:31,494824662#3,company|restaurant|subway_entrance,,729.424850252167,406.6843378518681,37.49522941823122,127.02913698209235,,,,timeout
dyn_pax_1765,2492.0,2026-09-07 09:41:32,178441450#1,residential|company|restaurant|bus_stop,,282.90243066757296,609.4157395563556,37.496971320837204,127.02404044855805,2770.0,278.0,taxi_respawn_30,picked
dyn_pax_1766,2492.0,2026-09-07 09:41:32,129731852,restaurant,,626.5739131314494,885.3301415107766,37.499521799012015,127.0278607124155,2731.0,239.0,taxi_respawn_17,picked
dyn_pax_1767,2494.0,2026-09-07 09:41:34,506191135#3,residential|company|restaurant|bus_stop,,238.79972345576414,789.4714057742513,37.49858497042428,127.023499044737,,,,timeout
dyn_pax_1768,2495.0,2026-09-07 09:41:35,975332778#1,bus_stop,,681.6099970732737,721.9380561808346,37.49806030190971,127.02852170075586,2910.0,415.0,taxi_16,picked
dyn_pax_1769,2497.0,2026-09-07 09:41:37,375049565#6,restaurant|subway_entrance|bus_stop,,789.5153251748014,798.8522330112556,37.49877353199428,127.02972351946808,,,,timeout
dyn_pax_1770,2499.0,2026-09-07 09:41:39,1229817205#0,company|subway_entrance|bus_stop,,599.2457558679199,652.2907550986157,37.497417346160496,127.02760695963683,,,,timeout
dyn_pax_1771,2500.0,2026-09-07 09:41:40,218873820#0,restaurant|subway_entrance|bus_stop,,628.9829311132032,562.4061665928522,37.49661325243901,127.02796447999128,,,,timeout
dyn_pax_1772,2502.0,2026-09-07 09:41:42,-541692164#2,subway_entrance,,317.7122087179151,1441.0296574375257,37.504469327730426,127.0242365566347,,,,timeout
dyn_pax_1773,2503.0,2026-09-07 09:41:43,218873820#0,restaurant|subway_entrance|bus_stop,,628.9829311132032,562.4061665928522,37.49661325243901,127.02796447999128,,,,timeout
dyn_pax_1774,2505.0,2026-09-07 09:41:45,1117538957#3,restaurant|subway_entrance|bus_stop,,465.5082521847807,644.8780924026132,37.49732530507706,127.02609663221197,3008.0,503.0,taxi_43,picked
dyn_pax_1775,2506.0,2026-09-07 09:41:46,417933642#0,restaurant|bus_stop,,1041.0954363710525,463.30841921497654,37.49579826441859,127.03264736696761,,,,timeout
dyn_pax_1776,2508.0,2026-09-07 09:41:48,375049565#6,restaurant|subway_entrance|bus_stop,,789.5153251748014,798.8522330112556,37.49877353199428,127.02972351946808,,,,timeout
dyn_pax_1777,2509.0,2026-09-07 09:41:49,-504509918#2,company|restaurant|bus_stop,,398.9694242295193,827.4758220967593,37.49895762305832,127.02530099003066,,,,timeout
dyn_pax_1778,2511.0,2026-09-07 09:41:51,1117538957#3,restaurant|subway_entrance|bus_stop,,465.5082521847807,644.8780924026132,37.49732530507706,127.02609663221197,,,,timeout
dyn_pax_1779,2511.0,2026-09-07 09:41:51,-417750337#6,restaurant,,503.6615133291097,1089.1021319971503,37.50133422142063,127.0264226479345,3472.0,961.0,taxi_49,picked
dyn_pax_1780,2512.0,2026-09-07 09:41:52,521766175#3,company|restaurant|subway_entrance|bus_stop,,373.6701172395771,1298.610217621072,37.50319695740621,127.02490310718325,,,,timeout
dyn_pax_1781,2514.0,2026-09-07 09:41:54,-542367267#1,bus_stop,,247.51018316686128,1414.7184918773391,37.504219024473855,127.02344900430944,2799.0,285.0,taxi_8,picked
dyn_pax_1782,2515.0,2026-09-07 09:41:55,178441450#1,residential|company|restaurant|bus_stop,,282.90243066757296,609.4157395563556,37.496971320837204,127.02404044855805,2783.0,268.0,taxi_respawn_7,picked
dyn_pax_1783,2517.0,2026-09-07 09:41:57,417933642#0,restaurant|bus_stop,,1041.0954363710525,463.30841921497654,37.49579826441859,127.03264736696761,,,,timeout
dyn_pax_1784,2518.0,2026-09-07 09:41:58,975332778#1,bus_stop,,681.6099970732737,721.9380561808346,37.49806030190971,127.02852170075586,,,,timeout
dyn_pax_1785,2520.0,2026-09-07 09:42:00,480850873,company|restaurant|bus_stop,,548.1935052770749,708.5896639848544,37.49791486187585,127.0270163956136,,,,timeout
dyn_pax_1786,2521.0,2026-09-07 09:42:01,-542367267#1,bus_stop,,247.51018316686128,1414.7184918773391,37.504219024473855,127.02344900430944,2785.0,264.0,taxi_13,picked
dyn_pax_1787,2523.0,2026-09-07 09:42:03,218873820#0,restaurant|subway_entrance|bus_stop,,628.9829311132032,562.4061665928522,37.49661325243901,127.02796447999128,,,,timeout
dyn_pax_1788,2525.0,2026-09-07 09:42:05,-541692164#2,subway_entrance,,317.7122087179151,1441.0296574375257,37.504469327730426,127.0242365566347,,,,timeout
dyn_pax_1789,2526.0,2026-09-07 09:42:06,-506191135#22,residential|company|restaurant|bus_stop,,38.693950105848444,1321.9513167019495,37.50334380565249,127.02110990869835,2961.0,435.0,taxi_respawn_18,picked
dyn_pax_1790,2528.0,2026-09-07 09:42:08,305539406,company|restaurant|subway_entrance,,566.389495917364,736.5285064605782,37.49816998085155,127.02721550408178,,,,timeout
dyn_pax_1791,2528.0,2026-09-07 09:42:08,218864491#0,restaurant|bus_stop,,769.9803916976219,760.1217113917903,37.49842094941813,127.02951181742357,,,,timeout
dyn_pax_1792,2528.0,2026-09-07 09:42:08,178441450#1,residential|company|restaurant|bus_stop,,282.90243066757296,609.4157395563556,37.496971320837204,127.02404044855805,2845.0,317.0,taxi_respawn_9,picked
dyn_pax_1793,2530.0,2026-09-07 09:42:10,219837933#0,residential|company,,49.0199205680682,1328.1480294371383,37.503401583976704,127.02122519296726,2544.0,14.0,taxi_respawn_4,picked
dyn_pax_1794,2532.0,2026-09-07 09:42:12,-417933645#2,company|restaurant|subway_entrance,,701.1658676593129,719.5455833044954,37.49804244093877,127.02874337560036,3032.0,500.0,taxi_15,picked
dyn_pax_1795,2534.0,2026-09-07 09:42:14,-542367267#1,bus_stop,,247.51018316686128,1414.7184918773391,37.504219024473855,127.02344900430944,2987.0,453.0,taxi_42,picked
dyn_pax_1796,2534.0,2026-09-07 09:42:14,-417933645#1,restaurant,,753.9829961438405,551.6859834676363,37.49654027420169,127.02938030242663,2665.0,131.0,taxi_28,picked
dyn_pax_1797,2535.0,2026-09-07 09:42:15,-504509918#2,company|restaurant|bus_stop,,398.9694242295193,827.4758220967593,37.49895762305832,127.02530099003066,,,,timeout
dyn_pax_1798,2536.0,2026-09-07 09:42:16,218857636#1,residential|company|restaurant|bus_stop,,297.92905089287035,623.2061345250047,37.49709839153085,127.02420706961871,,,,timeout
dyn_pax_1799,2537.0,2026-09-07 09:42:17,521766175#3,company|restaurant|subway_entrance|bus_stop,,373.6701172395771,1298.610217621072,37.50319695740621,127.02490310718325,,,,timeout
dyn_pax_1800,2538.0,2026-09-07 09:42:18,-506191135#2,residential|bus_stop,,236.19733776439384,769.6838415951818,37.49840622577806,127.02347432089968,,,,timeout
dyn_pax_1801,2540.0,2026-09-07 09:42:20,541692164#1,subway_entrance,,271.6277521231475,1406.6420105391767,37.5041508337347,127.02372362926798,,,,timeout
dyn_pax_1802,2540.0,2026-09-07 09:42:20,-417933645#2,company|restaurant|subway_entrance,,701.1658676593129,719.5455833044954,37.49804244093877,127.02874337560036,,,,timeout
dyn_pax_1803,2543.0,2026-09-07 09:42:23,-541692164#2,subway_entrance,,317.7122087179151,1441.0296574375257,37.504469327730426,127.0242365566347,,,,timeout
dyn_pax_1804,2543.0,2026-09-07 09:42:23,417750337#2,restaurant,,602.0112566641748,1239.22102407953,37.50270511928559,127.02749909599581,2596.0,53.0,taxi_respawn_27,picked
dyn_pax_1805,2544.0,2026-09-07 09:42:24,-541692164#2,subway_entrance,,317.7122087179151,1441.0296574375257,37.504469327730426,127.0242365566347,,,,timeout
dyn_pax_1806,2544.0,2026-09-07 09:42:24,117790039#0,restaurant,,1059.1652257347846,901.0190091909938,37.49974471524068,127.0327481916661,2823.0,279.0,taxi_respawn_4,picked
dyn_pax_1807,2548.0,2026-09-07 09:42:28,218857636#1,residential|company|restaurant|bus_stop,,297.92905089287035,623.2061345250047,37.49709839153085,127.02420706961871,,,,timeout
dyn_pax_1808,2549.0,2026-09-07 09:42:29,1229817205#0,company|subway_entrance|bus_stop,,599.2457558679199,652.2907550986157,37.497417346160496,127.02760695963683,,,,timeout
dyn_pax_1809,2550.0,2026-09-07 09:42:30,-309155295#1,residential|restaurant,,820.2174803017108,588.0239695218922,37.496880113093034,127.03012056506905,2697.0,147.0,taxi_37,picked
dyn_pax_1810,2551.0,2026-09-07 09:42:31,218873820#0,restaurant|subway_entrance|bus_stop,,628.9829311132032,562.4061665928522,37.49661325243901,127.02796447999128,,,,timeout
dyn_pax_1811,2552.0,2026-09-07 09:42:32,129731859#6,restaurant,,984.8051641629477,982.1134039896856,37.50046123095764,127.0318882391282,2910.0,358.0,taxi_respawn_16,picked
dyn_pax_1812,2552.0,2026-09-07 09:42:32,-256787796#7,restaurant,,650.4923169509016,809.9698095387197,37.49884744554127,127.02814900895488,,,,timeout
dyn_pax_1813,2552.0,2026-09-07 09:42:32,129731721#0,company|restaurant,,451.4485582282947,673.334514427724,37.497578992002325,127.0259309178301,2597.0,45.0,taxi_respawn_35,picked
dyn_pax_1814,2554.0,2026-09-07 09:42:34,521770116#2,company|restaurant|bus_stop,,432.3182248087171,1108.514093563608,37.50149560521279,127.02561136613096,3104.0,550.0,taxi_30,picked
dyn_pax_1815,2554.0,2026-09-07 09:42:34,375049565#2,restaurant,,1048.966709229659,894.5327467658005,37.49968436369115,127.03263441305876,2662.0,108.0,taxi_respawn_33,picked
dyn_pax_1816,2555.0,2026-09-07 09:42:35,375049565#6,restaurant|subway_entrance|bus_stop,,789.5153251748014,798.8522330112556,37.49877353199428,127.02972351946808,3033.0,478.0,taxi_respawn_9,picked
dyn_pax_1817,2557.0,2026-09-07 09:42:37,1117538957#3,restaurant|subway_entrance|bus_stop,,465.5082521847807,644.8780924026132,37.49732530507706,127.02609663221197,,,,timeout
dyn_pax_1818,2558.0,2026-09-07 09:42:38,-506191135#22,residential|company|restaurant|bus_stop,,38.693950105848444,1321.9513167019495,37.50334380565249,127.02110990869835,2983.0,425.0,taxi_respawn_24,picked
dyn_pax_1819,2559.0,2026-09-07 09:42:39,-129731721#2,company|restaurant,,388.6558839574922,820.9778890483499,37.49889713764622,127.02518592115393,2733.0,174.0,taxi_4,picked
dyn_pax_1820,2559.0,2026-09-07 09:42:39,117790041#2,restaurant,,441.66460303662666,1376.669936706078,37.50391299976682,127.0256534125234,2619.0,60.0,taxi_respawn_34,picked
dyn_pax_1821,2560.0,2026-09-07 09:42:40,541692164#1,subway_entrance,,271.6277521231475,1406.6420105391767,37.5041508337347,127.02372362926798,,,,timeout
dyn_pax_1822,2561.0,2026-09-07 09:42:41,521770116#2,company|restaurant|bus_stop,,432.3182248087171,1108.514093563608,37.50149560521279,127.02561136613096,3094.0,533.0,taxi_respawn_30,picked
dyn_pax_1823,2563.0,2026-09-07 09:42:43,218873820#0,restaurant|subway_entrance|bus_stop,,628.9829311132032,562.4061665928522,37.49661325243901,127.02796447999128,,,,timeout
dyn_pax_1824,2564.0,2026-09-07 09:42:44,1229817205#1,residential|bus_stop,,631.6400080768872,572.7061575261558,37.49670653972221,127.02799208080955,,,,timeout
dyn_pax_1825,2564.0,2026-09-07 09:42:44,1229817205#1,residential|bus_stop,,631.6400080768872,572.7061575261558,37.49670653972221,127.02799208080955,,,,timeout
dyn_pax_1826,2566.0,2026-09-07 09:42:46,541692164#1,subway_entrance,,271.6277521231475,1406.6420105391767,37.5041508337347,127.02372362926798,,,,timeout
dyn_pax_1827,2567.0,2026-09-07 09:42:47,521766175#3,company|restaurant|subway_entrance|bus_stop,,373.6701172395771,1298.610217621072,37.50319695740621,127.02490310718325,,,,timeout
dyn_pax_1828,2569.0,2026-09-07 09:42:49,975332778#1,bus_stop,,681.6099970732737,721.9380561808346,37.49806030190971,127.02852170075586,,,,timeout
dyn_pax_1829,2571.0,2026-09-07 09:42:51,305539406,company|restaurant|subway_entrance,,566.389495917364,736.5285064605782,37.49816998085155,127.02721550408178,,,,timeout
dyn_pax_1830,2571.0,2026-09-07 09:42:51,1537068130#0,residential,,915.247444986279,1279.656751811989,37.50312848832193,127.03103134780491,2606.0,35.0,taxi_respawn_13,picked
dyn_pax_1831,2572.0,2026-09-07 09:42:52,521770119#0,restaurant|bus_stop,,548.9831206778387,935.1148840516827,37.499955620541705,127.02697161236954,,,,timeout
dyn_pax_1832,2574.0,2026-09-07 09:42:54,-541692164#2,subway_entrance,,317.7122087179151,1441.0296574375257,37.504469327730426,127.0242365566347,,,,timeout
dyn_pax_1833,2575.0,2026-09-07 09:42:55,1229817205#0,company|subway_entrance|bus_stop,,599.2457558679199,652.2907550986157,37.497417346160496,127.02760695963683,,,,timeout
dyn_pax_1834,2577.0,2026-09-07 09:42:57,541692164#1,subway_entrance,,271.6277521231475,1406.6420105391767,37.5041508337347,127.02372362926798,,,,timeout
dyn_pax_1835,2578.0,2026-09-07 09:42:58,-504509918#2,company|restaurant|bus_stop,,398.9694242295193,827.4758220967593,37.49895762305832,127.02530099003066,3112.0,534.0,taxi_respawn_29,picked
dyn_pax_1836,2578.0,2026-09-07 09:42:58,117790036#1,company,,849.7103307162836,1232.6514730855474,37.50269269072902,127.03030143103514,2664.0,86.0,taxi_respawn_20,picked
dyn_pax_1837,2581.0,2026-09-07 09:43:01,1117538957#3,restaurant|subway_entrance|bus_stop,,465.5082521847807,644.8780924026132,37.49732530507706,127.02609663221197,,,,timeout
dyn_pax_1838,2583.0,2026-09-07 09:43:03,521766175#3,company|restaurant|subway_entrance|bus_stop,,373.6701172395771,1298.610217621072,37.50319695740621,127.02490310718325,,,,timeout
dyn_pax_1839,2584.0,2026-09-07 09:43:04,218864491#0,restaurant|bus_stop,,769.9803916976219,760.1217113917903,37.49842094941813,127.02951181742357,,,,timeout
dyn_pax_1840,2584.0,2026-09-07 09:43:04,-379232155,restaurant,,999.2800162208075,449.1965960198298,37.495663263085994,127.03217793178025,,,,timeout
dyn_pax_1841,2586.0,2026-09-07 09:43:06,506191135#3,residential|company|restaurant|bus_stop,,238.79972345576414,789.4714057742513,37.49858497042428,127.023499044737,3075.0,489.0,taxi_39,picked
dyn_pax_1842,2590.0,2026-09-07 09:43:10,218873820#0,restaurant|subway_entrance|bus_stop,,628.9829311132032,562.4061665928522,37.49661325243901,127.02796447999128,,,,timeout
dyn_pax_1843,2590.0,2026-09-07 09:43:10,-805827765,restaurant,,955.7439147780814,1157.0835718820576,37.50203194319751,127.03151825266303,2623.0,33.0,taxi_21,picked
dyn_pax_1844,2591.0,2026-09-07 09:43:11,480850873,company|restaurant|bus_stop,,548.1935052770749,708.5896639848544,37.49791486187585,127.0270163956136,3058.0,467.0,taxi_28,picked
dyn_pax_1845,2592.0,2026-09-07 09:43:12,1117538957#3,restaurant|subway_entrance|bus_stop,,465.5082521847807,644.8780924026132,37.49732530507706,127.02609663221197,,,,timeout
dyn_pax_1846,2593.0,2026-09-07 09:43:13,218877837#2,company|restaurant|bus_stop,,479.4555212141038,978.0213907550284,37.500328997763305,127.02617530290202,2990.0,397.0,taxi_respawn_11,picked
dyn_pax_1847,2593.0,2026-09-07 09:43:13,-117790051#4,restaurant,,448.3479635094145,1379.7889979949318,37.50394236073409,127.02572824341395,2772.0,179.0,taxi_21,picked
dyn_pax_1848,2595.0,2026-09-07 09:43:15,-542367267#1,bus_stop,,247.51018316686128,1414.7184918773391,37.504219024473855,127.02344900430944,3077.0,482.0,taxi_respawn_10,picked
dyn_pax_1849,2595.0,2026-09-07 09:43:15,521770116#2,company|restaurant|bus_stop,,432.3182248087171,1108.514093563608,37.50149560521279,127.02561136613096,,,,timeout
dyn_pax_1850,2597.0,2026-09-07 09:43:17,-542367267#1,bus_stop,,247.51018316686128,1414.7184918773391,37.504219024473855,127.02344900430944,,,,timeout
dyn_pax_1851,2598.0,2026-09-07 09:43:18,375049565#6,restaurant|subway_entrance|bus_stop,,789.5153251748014,798.8522330112556,37.49877353199428,127.02972351946808,,,,timeout
dyn_pax_1852,2598.0,2026-09-07 09:43:18,628232693#0,company|restaurant,,644.2623295929467,660.168099777976,37.49749680792099,127.0281140674837,,,,timeout
dyn_pax_1853,2600.0,2026-09-07 09:43:20,1117538958#3,bus_stop,,160.18899290588462,540.6019911995099,37.49632820280781,127.02266936696756,2768.0,168.0,taxi_respawn_6,picked
dyn_pax_1854,2601.0,2026-09-07 09:43:21,417933642#0,restaurant|bus_stop,,1041.0954363710525,463.30841921497654,37.49579826441859,127.03264736696761,,,,timeout
dyn_pax_1855,2603.0,2026-09-07 09:43:23,541692164#1,subway_entrance,,271.6277521231475,1406.6420105391767,37.5041508337347,127.02372362926798,,,,timeout
dyn_pax_1856,2604.0,2026-09-07 09:43:24,375049565#6,restaurant|subway_entrance|bus_stop,,789.5153251748014,798.8522330112556,37.49877353199428,127.02972351946808,,,,timeout
dyn_pax_1857,2605.0,2026-09-07 09:43:25,218873820#0,restaurant|subway_entrance|bus_stop,,628.9829311132032,562.4061665928522,37.49661325243901,127.02796447999128,,,,timeout
dyn_pax_1858,2606.0,2026-09-07 09:43:26,975332778#1,bus_stop,,681.6099970732737,721.9380561808346,37.49806030190971,127.02852170075586,,,,timeout
dyn_pax_1859,2607.0,2026-09-07 09:43:27,-506191135#2,residential|bus_stop,,236.19733776439384,769.6838415951818,37.49840622577806,127.02347432089968,,,,timeout
dyn_pax_1860,2608.0,2026-09-07 09:43:28,117823785#0,company|restaurant,,1360.8740206736493,851.0492627492013,37.499351351792384,127.0361713398344,,,,timeout
dyn_pax_1861,2609.0,2026-09-07 09:43:29,218877837#2,company|restaurant|bus_stop,,479.4555212141038,978.0213907550284,37.500328997763305,127.02617530290202,,,,timeout
dyn_pax_1862,2610.0,2026-09-07 09:43:30,520307304#0,school|subway_entrance|bus_stop,,602.6035134310263,763.145495629718,37.498416594724866,127.02761864854104,,,,timeout
dyn_pax_1863,2611.0,2026-09-07 09:43:31,239962780#1,company|restaurant,,78.091042197054,1418.7355011637856,37.504223128704645,127.02153236485597,2802.0,191.0,taxi_1,picked
dyn_pax_1864,2612.0,2026-09-07 09:43:32,521766175#3,company|restaurant|subway_entrance|bus_stop,,373.6701172395771,1298.610217621072,37.50319695740621,127.02490310718325,,,,timeout
dyn_pax_1865,2612.0,2026-09-07 09:43:32,-1056882877#5,company|restaurant,,302.41102899925136,583.0415396467946,37.496737424712585,127.0242672800979,2676.0,64.0,taxi_32,picked
dyn_pax_1866,2613.0,2026-09-07 09:43:33,521766175#3,company|restaurant|subway_entrance|bus_stop,,373.6701172395771,1298.610217621072,37.50319695740621,127.02490310718325,,,,timeout
dyn_pax_1867,2615.0,2026-09-07 09:43:35,305539406,company|restaurant|subway_entrance,,566.389495917364,736.5285064605782,37.49816998085155,127.02721550408178,,,,timeout
dyn_pax_1868,2616.0,2026-09-07 09:43:36,-541692164#2,subway_entrance,,317.7122087179151,1441.0296574375257,37.504469327730426,127.0242365566347,,,,timeout
dyn_pax_1869,2618.0,2026-09-07 09:43:38,1117538958#3,bus_stop,,160.18899290588462,540.6019911995099,37.49632820280781,127.02266936696756,2845.0,227.0,taxi_19,picked
dyn_pax_1870,2620.0,2026-09-07 09:43:40,-417933645#2,company|restaurant|subway_entrance,,701.1658676593129,719.5455833044954,37.49804244093877,127.02874337560036,,,,timeout
dyn_pax_1871,2621.0,2026-09-07 09:43:41,520307304#0,school|subway_entrance|bus_stop,,602.6035134310263,763.145495629718,37.498416594724866,127.02761864854104,,,,timeout
dyn_pax_1872,2626.0,2026-09-07 09:43:46,523141074#0,company|restaurant|subway_entrance,,524.0338794858329,871.4890157117229,37.4993777454413,127.02670460634431,2932.0,306.0,taxi_respawn_22,picked
dyn_pax_1873,2626.0,2026-09-07 09:43:46,26163000#3,restaurant,,602.970622715944,1275.0711016561868,37.50302824900089,127.02750144434575,2687.0,61.0,taxi_respawn_25,picked
dyn_pax_1874,2627.0,2026-09-07 09:43:47,218873820#0,restaurant|subway_entrance|bus_stop,,628.9829311132032,562.4061665928522,37.49661325243901,127.02796447999128,,,,timeout
dyn_pax_1875,2629.0,2026-09-07 09:43:49,521766175#3,company|restaurant|subway_entrance|bus_stop,,373.6701172395771,1298.610217621072,37.50319695740621,127.02490310718325,,,,timeout
dyn_pax_1876,2630.0,2026-09-07 09:43:50,975332778#1,bus_stop,,681.6099970732737,721.9380561808346,37.49806030190971,127.02852170075586,,,,timeout
dyn_pax_1877,2632.0,2026-09-07 09:43:52,1229817205#0,company|subway_entrance|bus_stop,,599.2457558679199,652.2907550986157,37.497417346160496,127.02760695963683,,,,timeout
dyn_pax_1878,2632.0,2026-09-07 09:43:52,1376141182#0,bus_stop,,385.7154046370183,1301.0311255965628,37.50322104370192,127.02503873135461,,,,timeout
dyn_pax_1879,2633.0,2026-09-07 09:43:53,-506191135#2,residential|bus_stop,,236.19733776439384,769.6838415951818,37.49840622577806,127.02347432089968,3134.0,501.0,taxi_42,picked
dyn_pax_1880,2636.0,2026-09-07 09:43:56,-506191135#22,residential|company|restaurant|bus_stop,,38.693950105848444,1321.9513167019495,37.50334380565249,127.02110990869835,2970.0,334.0,taxi_36,picked
dyn_pax_1881,2638.0,2026-09-07 09:43:58,218877837#2,company|restaurant|bus_stop,,479.4555212141038,978.0213907550284,37.500328997763305,127.02617530290202,,,,timeout
dyn_pax_1882,2638.0,2026-09-07 09:43:58,521770116#2,company|restaurant|bus_stop,,432.3182248087171,1108.514093563608,37.50149560521279,127.02561136613096,,,,timeout
dyn_pax_1883,2639.0,2026-09-07 09:43:59,541692164#1,subway_entrance,,271.6277521231475,1406.6420105391767,37.5041508337347,127.02372362926798,,,,timeout
dyn_pax_1884,2641.0,2026-09-07 09:44:01,305539406,company|restaurant|subway_entrance,,566.389495917364,736.5285064605782,37.49816998085155,127.02721550408178,3148.0,507.0,taxi_respawn_16,picked
dyn_pax_1885,2643.0,2026-09-07 09:44:03,305539406,company|restaurant|subway_entrance,,566.389495917364,736.5285064605782,37.49816998085155,127.02721550408178,,,,timeout
dyn_pax_1886,2644.0,2026-09-07 09:44:04,218857636#1,residential|company|restaurant|bus_stop,,297.92905089287035,623.2061345250047,37.49709839153085,127.02420706961871,,,,timeout
dyn_pax_1887,2645.0,2026-09-07 09:44:05,218857636#1,residential|company|restaurant|bus_stop,,297.92905089287035,623.2061345250047,37.49709839153085,127.02420706961871,,,,timeout
dyn_pax_1888,2647.0,2026-09-07 09:44:07,218873820#0,restaurant|subway_entrance|bus_stop,,628.9829311132032,562.4061665928522,37.49661325243901,127.02796447999128,,,,timeout
dyn_pax_1889,2650.0,2026-09-07 09:44:10,218857636#1,residential|company|restaurant|bus_stop,,297.92905089287035,623.2061345250047,37.49709839153085,127.02420706961871,,,,timeout
dyn_pax_1890,2652.0,2026-09-07 09:44:12,417933642#0,restaurant|bus_stop,,1041.0954363710525,463.30841921497654,37.49579826441859,127.03264736696761,,,,timeout
dyn_pax_1891,2652.0,2026-09-07 09:44:12,520307304#0,school|subway_entrance|bus_stop,,602.6035134310263,763.145495629718,37.498416594724866,127.02761864854104,,,,timeout
dyn_pax_1892,2653.0,2026-09-07 09:44:13,541692164#1,subway_entrance,,271.6277521231475,1406.6420105391767,37.5041508337347,127.02372362926798,,,,timeout
dyn_pax_1893,2655.0,2026-09-07 09:44:15,541692164#1,subway_entrance,,271.6277521231475,1406.6420105391767,37.5041508337347,127.02372362926798,,,,timeout
dyn_pax_1894,2656.0,2026-09-07 09:44:16,375049565#6,restaurant|subway_entrance|bus_stop,,789.5153251748014,798.8522330112556,37.49877353199428,127.02972351946808,,,,timeout
dyn_pax_1895,2658.0,2026-09-07 09:44:18,218864491#0,restaurant|bus_stop,,769.9803916976219,760.1217113917903,37.49842094941813,127.02951181742357,,,,timeout
dyn_pax_1896,2658.0,2026-09-07 09:44:18,506191135#3,residential|company|restaurant|bus_stop,,238.79972345576414,789.4714057742513,37.49858497042428,127.023499044737,,,,timeout
dyn_pax_1897,2658.0,2026-09-07 09:44:18,-417750336#3,school|company,,868.1859178511071,948.5147012398835,37.50013657861005,127.03057759421064,2728.0,70.0,taxi_39,picked
dyn_pax_1898,2659.0,2026-09-07 09:44:19,520307304#0,school|subway_entrance|bus_stop,,602.6035134310263,763.145495629718,37.498416594724866,127.02761864854104,,,,timeout
dyn_pax_1899,2659.0,2026-09-07 09:44:19,-117790045#0,restaurant,,544.8147652988505,1238.053441474183,37.50268379633789,127.0268526423962,2815.0,156.0,taxi_respawn_2,picked
dyn_pax_1900,2661.0,2026-09-07 09:44:21,521766175#1,company|restaurant|subway_entrance,,332.9365590021661,1411.5585828157227,37.504206724109,127.02441570308932,,,,timeout
dyn_pax_1901,2662.0,2026-09-07 09:44:22,375049565#6,restaurant|subway_entrance|bus_stop,,789.5153251748014,798.8522330112556,37.49877353199428,127.02972351946808,,,,timeout
dyn_pax_1902,2662.0,2026-09-07 09:44:22,-309155295#1,residential|restaurant,,820.2174803017108,588.0239695218922,37.496880113093034,127.03012056506905,2685.0,23.0,taxi_42,picked
dyn_pax_1903,2664.0,2026-09-07 09:44:24,375049565#6,restaurant|subway_entrance|bus_stop,,789.5153251748014,798.8522330112556,37.49877353199428,127.02972351946808,,,,timeout
dyn_pax_1904,2665.0,2026-09-07 09:44:25,506191135#3,residential|company|restaurant|bus_stop,,238.79972345576414,789.4714057742513,37.49858497042428,127.023499044737,,,,timeout
dyn_pax_1905,2667.0,2026-09-07 09:44:27,521770119#1,restaurant|bus_stop,,527.3115514435282,995.8620162900467,37.50049875494786,127.02671217090477,2976.0,309.0,taxi_48,picked
dyn_pax_1906,2669.0,2026-09-07 09:44:29,521770116#2,company|restaurant|bus_stop,,432.3182248087171,1108.514093563608,37.50149560521279,127.02561136613096,3172.0,503.0,taxi_21,picked
dyn_pax_1907,2669.0,2026-09-07 09:44:29,178441450#1,residential|company|restaurant|bus_stop,,282.90243066757296,609.4157395563556,37.496971320837204,127.02404044855805,2855.0,186.0,taxi_10,picked
dyn_pax_1908,2670.0,2026-09-07 09:44:30,521770119#0,restaurant|bus_stop,,548.9831206778387,935.1148840516827,37.499955620541705,127.02697161236954,,,,timeout
dyn_pax_1909,2672.0,2026-09-07 09:44:32,218873820#0,restaurant|subway_entrance|bus_stop,,628.9829311132032,562.4061665928522,37.49661325243901,127.02796447999128,,,,timeout
dyn_pax_1910,2673.0,2026-09-07 09:44:33,520307304#0,school|subway_entrance|bus_stop,,602.6035134310263,763.145495629718,37.498416594724866,127.02761864854104,,,,timeout
dyn_pax_1911,2675.0,2026-09-07 09:44:35,1376141182#0,bus_stop,,385.7154046370183,1301.0311255965628,37.50322104370192,127.02503873135461,,,,timeout
dyn_pax_1912,2675.0,2026-09-07 09:44:35,-913950883#1,residential|company|restaurant,,391.36286393582424,840.6655979518604,37.49907500229157,127.0252118555046,2841.0,166.0,taxi_47,picked
dyn_pax_1913,2677.0,2026-09-07 09:44:37,417750342#0,residential,,845.3624953099543,1340.16590884019,37.50366039527634,127.03022681464076,2752.0,75.0,taxi_respawn_8,picked
dyn_pax_1914,2678.0,2026-09-07 09:44:38,218857636#1,residential|company|restaurant|bus_stop,,297.92905089287035,623.2061345250047,37.49709839153085,127.02420706961871,,,,timeout
dyn_pax_1915,2678.0,2026-09-07 09:44:38,-309155295#2,restaurant,,851.6644930724242,598.8503866590313,37.496983571544654,127.03047355257749,2921.0,243.0,taxi_4,picked
dyn_pax_1916,2679.0,2026-09-07 09:44:39,520307304#0,school|subway_entrance|bus_stop,,602.6035134310263,763.145495629718,37.498416594724866,127.02761864854104,,,,timeout
dyn_pax_1917,2679.0,2026-09-07 09:44:39,309155295#2,restaurant,,836.915506927576,584.1196133409687,37.49684809051661,127.03031028233906,2714.0,35.0,taxi_respawn_36,picked
dyn_pax_1918,2680.0,2026-09-07 09:44:40,-1011529829#3,residential|restaurant,,246.84006179949273,776.1178104815556,37.49846619888778,127.02359312469504,2847.0,167.0,taxi_respawn_32,picked
dyn_pax_1919,2681.0,2026-09-07 09:44:41,520307304#0,school|subway_entrance|bus_stop,,602.6035134310263,763.145495629718,37.498416594724866,127.02761864854104,,,,timeout
dyn_pax_1920,2684.0,2026-09-07 09:44:44,1376141183#0,bus_stop,,548.2528111146681,901.2117688498424,37.49965007283687,127.02697139402301,3022.0,338.0,taxi_respawn_32,picked
dyn_pax_1921,2685.0,2026-09-07 09:44:45,-504509918#2,company|restaurant|bus_stop,,398.9694242295193,827.4758220967593,37.49895762305832,127.02530099003066,,,,timeout
dyn_pax_1922,2687.0,2026-09-07 09:44:47,1229817205#0,company|subway_entrance|bus_stop,,599.2457558679199,652.2907550986157,37.497417346160496,127.02760695963683,,,,timeout
dyn_pax_1923,2688.0,2026-09-07 09:44:48,1117538958#3,bus_stop,,160.18899290588462,540.6019911995099,37.49632820280781,127.02266936696756,2895.0,207.0,taxi_29,picked
dyn_pax_1924,2690.0,2026-09-07 09:44:50,521766175#3,company|restaurant|subway_entrance|bus_stop,,373.6701172395771,1298.610217621072,37.50319695740621,127.02490310718325,,,,timeout
dyn_pax_1925,2695.0,2026-09-07 09:44:55,523141074#0,company|restaurant|subway_entrance,,524.0338794858329,871.4890157117229,37.4993777454413,127.02670460634431,3113.0,418.0,taxi_19,picked
dyn_pax_1926,2698.0,2026-09-07 09:44:58,494824662#3,company|restaurant|subway_entrance,,729.424850252167,406.6843378518681,37.49522941823122,127.02913698209235,3223.0,525.0,taxi_respawn_11,picked
dyn_pax_1927,2699.0,2026-09-07 09:44:59,520307304#0,school|subway_entrance|bus_stop,,602.6035134310263,763.145495629718,37.498416594724866,127.02761864854104,,,,timeout
dyn_pax_1928,2704.0,2026-09-07 09:45:04,375049565#6,restaurant|subway_entrance|bus_stop,,789.5153251748014,798.8522330112556,37.49877353199428,127.02972351946808,,,,timeout
dyn_pax_1929,2705.0,2026-09-07 09:45:05,494824662#3,company|restaurant|subway_entrance,,729.424850252167,406.6843378518681,37.49522941823122,127.02913698209235,,,,timeout
dyn_pax_1930,2707.0,2026-09-07 09:45:07,494824662#3,company|restaurant|subway_entrance,,729.424850252167,406.6843378518681,37.49522941823122,127.02913698209235,,,,timeout
dyn_pax_1931,2707.0,2026-09-07 09:45:07,-26163000#3,restaurant,,588.7487146070255,1286.0705793093782,37.50312464930957,127.02733802606956,2782.0,75.0,taxi_respawn_25,picked
dyn_pax_1932,2708.0,2026-09-07 09:45:08,541692164#1,subway_entrance,,271.6277521231475,1406.6420105391767,37.5041508337347,127.02372362926798,,,,timeout
dyn_pax_1933,2710.0,2026-09-07 09:45:10,520307304#0,school|subway_entrance|bus_stop,,602.6035134310263,763.145495629718,37.498416594724866,127.02761864854104,,,,timeout
dyn_pax_1934,2710.0,2026-09-07 09:45:10,521766175#3,company|restaurant|subway_entrance|bus_stop,,373.6701172395771,1298.610217621072,37.50319695740621,127.02490310718325,,,,timeout
dyn_pax_1935,2711.0,2026-09-07 09:45:11,506191135#3,residential|company|restaurant|bus_stop,,238.79972345576414,789.4714057742513,37.49858497042428,127.023499044737,3228.0,517.0,taxi_respawn_6,picked
dyn_pax_1936,2713.0,2026-09-07 09:45:13,521766175#1,company|restaurant|subway_entrance,,332.9365590021661,1411.5585828157227,37.504206724109,127.02441570308932,,,,timeout
dyn_pax_1937,2716.0,2026-09-07 09:45:16,218873820#0,restaurant|subway_entrance|bus_stop,,628.9829311132032,562.4061665928522,37.49661325243901,127.02796447999128,,,,timeout
dyn_pax_1938,2716.0,2026-09-07 09:45:16,480850873,company|restaurant|bus_stop,,548.1935052770749,708.5896639848544,37.49791486187585,127.0270163956136,,,,timeout
dyn_pax_1939,2719.0,2026-09-07 09:45:19,375049565#6,restaurant|subway_entrance|bus_stop,,789.5153251748014,798.8522330112556,37.49877353199428,127.02972351946808,,,,timeout
dyn_pax_1940,2721.0,2026-09-07 09:45:21,506191135#3,residential|company|restaurant|bus_stop,,238.79972345576414,789.4714057742513,37.49858497042428,127.023499044737,,,,timeout
dyn_pax_1941,2722.0,2026-09-07 09:45:22,218873820#0,restaurant|subway_entrance|bus_stop,,628.9829311132032,562.4061665928522,37.49661325243901,127.02796447999128,,,,timeout
dyn_pax_1942,2724.0,2026-09-07 09:45:24,480850873,company|restaurant|bus_stop,,548.1935052770749,708.5896639848544,37.49791486187585,127.0270163956136,,,,timeout
dyn_pax_1943,2726.0,2026-09-07 09:45:26,129731720#0,residential|company|restaurant,,292.10678712231254,1113.150773394943,37.50151085547559,127.02402489828896,2798.0,72.0,taxi_22,picked
dyn_pax_1944,2727.0,2026-09-07 09:45:27,-506191135#2,residential|bus_stop,,236.19733776439384,769.6838415951818,37.49840622577806,127.02347432089968,3225.0,498.0,taxi_respawn_10,picked
dyn_pax_1945,2728.0,2026-09-07 09:45:28,521770119#0,restaurant|bus_stop,,548.9831206778387,935.1148840516827,37.499955620541705,127.02697161236954,,,,timeout
dyn_pax_1946,2730.0,2026-09-07 09:45:30,218864491#0,restaurant|bus_stop,,769.9803916976219,760.1217113917903,37.49842094941813,127.02951181742357,,,,timeout
dyn_pax_1947,2731.0,2026-09-07 09:45:31,1229817205#0,company|subway_entrance|bus_stop,,599.2457558679199,652.2907550986157,37.497417346160496,127.02760695963683,,,,timeout
dyn_pax_1948,2731.0,2026-09-07 09:45:31,117790039#3,restaurant,,1021.8645860465238,1004.4924062015546,37.500669811640854,127.03230197280303,2776.0,45.0,taxi_respawn_12,picked
dyn_pax_1949,2732.0,2026-09-07 09:45:32,-256787796#4,restaurant,,620.2926176327408,895.5374521094307,37.49961256354246,127.02778727239327,2942.0,210.0,taxi_38,picked
dyn_pax_1950,2733.0,2026-09-07 09:45:33,375049565#6,restaurant|subway_entrance|bus_stop,,789.5153251748014,798.8522330112556,37.49877353199428,127.02972351946808,,,,timeout
dyn_pax_1951,2734.0,2026-09-07 09:45:34,521766175#1,company|restaurant|subway_entrance,,332.9365590021661,1411.5585828157227,37.504206724109,127.02441570308932,,,,timeout
dyn_pax_1952,2737.0,2026-09-07 09:45:37,521766175#1,company|restaurant|subway_entrance,,332.9365590021661,1411.5585828157227,37.504206724109,127.02441570308932,,,,timeout
dyn_pax_1953,2737.0,2026-09-07 09:45:37,-417933646#1,residential|restaurant,,826.6019869456061,577.8075382253838,37.49678928421788,127.03019516859905,2803.0,66.0,taxi_17,picked
dyn_pax_1954,2739.0,2026-09-07 09:45:39,1229817205#1,residential|bus_stop,,631.6400080768872,572.7061575261558,37.49670653972221,127.02799208080955,3091.0,352.0,taxi_16,picked
dyn_pax_1955,2741.0,2026-09-07 09:45:41,218877837#0,company,,455.71990885566936,1045.563527646426,37.50093295148158,127.02589090425857,2896.0,155.0,taxi_2,picked
dyn_pax_1956,2742.0,2026-09-07 09:45:42,521766175#1,company|restaurant|subway_entrance,,332.9365590021661,1411.5585828157227,37.504206724109,127.02441570308932,,,,timeout
dyn_pax_1957,2744.0,2026-09-07 09:45:44,-417933645#2,company|restaurant|subway_entrance,,701.1658676593129,719.5455833044954,37.49804244093877,127.02874337560036,,,,timeout
dyn_pax_1958,2744.0,2026-09-07 09:45:44,256787796#2,restaurant,,573.8171824012851,1000.9225059734806,37.50055312725627,127.02723680274495,,,,timeout
dyn_pax_1959,2745.0,2026-09-07 09:45:45,-506191135#22,residential|company|restaurant|bus_stop,,38.693950105848444,1321.9513167019495,37.50334380565249,127.02110990869835,3082.0,337.0,taxi_respawn_34,picked
dyn_pax_1960,2746.0,2026-09-07 09:45:46,-379232161#3,restaurant,,957.578372934647,431.27964063812743,37.495494003443426,127.03171068469486,,,,timeout
dyn_pax_1961,2746.0,2026-09-07 09:45:46,309155295#3,restaurant,,868.2249250208004,595.011595969151,37.496952113096654,127.03066169877924,2785.0,39.0,taxi_38,picked
dyn_pax_1962,2747.0,2026-09-07 09:45:47,-504509918#2,company|restaurant|bus_stop,,398.9694242295193,827.4758220967593,37.49895762305832,127.02530099003066,,,,timeout
dyn_pax_1963,2747.0,2026-09-07 09:45:47,-417933645#2,company|restaurant|subway_entrance,,701.1658676593129,719.5455833044954,37.49804244093877,127.02874337560036,,,,timeout
dyn_pax_1964,2747.0,2026-09-07 09:45:47,219837933#0,residential|company,,49.0199205680682,1328.1480294371383,37.503401583976704,127.02122519296726,2959.0,212.0,taxi_8,picked
dyn_pax_1965,2748.0,2026-09-07 09:45:48,523141074#0,company|restaurant|subway_entrance,,524.0338794858329,871.4890157117229,37.4993777454413,127.02670460634431,3118.0,370.0,taxi_respawn_5,picked
dyn_pax_1966,2748.0,2026-09-07 09:45:48,309155295#0,company|restaurant,,688.2712938579457,529.5739965525526,37.49632868191341,127.02864258735015,2797.0,49.0,taxi_respawn_15,picked
dyn_pax_1967,2750.0,2026-09-07 09:45:50,375049565#6,restaurant|subway_entrance|bus_stop,,789.5153251748014,798.8522330112556,37.49877353199428,127.02972351946808,,,,timeout
dyn_pax_1968,2751.0,2026-09-07 09:45:51,975332778#1,bus_stop,,681.6099970732737,721.9380561808346,37.49806030190971,127.02852170075586,,,,timeout
dyn_pax_1969,2752.0,2026-09-07 09:45:52,-379232161#3,restaurant,,957.578372934647,431.27964063812743,37.495494003443426,127.03171068469486,,,,timeout
dyn_pax_1970,2752.0,2026-09-07 09:45:52,-417933645#2,company|restaurant|subway_entrance,,701.1658676593129,719.5455833044954,37.49804244093877,127.02874337560036,,,,timeout
dyn_pax_1971,2753.0,2026-09-07 09:45:53,375049565#6,restaurant|subway_entrance|bus_stop,,789.5153251748014,798.8522330112556,37.49877353199428,127.02972351946808,,,,timeout
dyn_pax_1972,2753.0,2026-09-07 09:45:53,218873820#0,restaurant|subway_entrance|bus_stop,,628.9829311132032,562.4061665928522,37.49661325243901,127.02796447999128,,,,timeout
dyn_pax_1973,2753.0,2026-09-07 09:45:53,-506191135#22,residential|company|restaurant|bus_stop,,38.693950105848444,1321.9513167019495,37.50334380565249,127.02110990869835,3020.0,267.0,taxi_12,picked
dyn_pax_1974,2754.0,2026-09-07 09:45:54,506191135#3,residential|company|restaurant|bus_stop,,238.79972345576414,789.4714057742513,37.49858497042428,127.023499044737,3279.0,525.0,taxi_respawn_15,picked
dyn_pax_1975,2756.0,2026-09-07 09:45:56,541692164#1,subway_entrance,,271.6277521231475,1406.6420105391767,37.5041508337347,127.02372362926798,,,,timeout
dyn_pax_1976,2757.0,2026-09-07 09:45:57,-417933645#2,company|restaurant|subway_entrance,,701.1658676593129,719.5455833044954,37.49804244093877,127.02874337560036,,,,timeout
dyn_pax_1977,2757.0,2026-09-07 09:45:57,-417750336#3,school|company,,868.1859178511071,948.5147012398835,37.50013657861005,127.03057759421064,2933.0,176.0,taxi_respawn_6,picked
dyn_pax_1978,2759.0,2026-09-07 09:45:59,523141074#0,company|restaurant|subway_entrance,,524.0338794858329,871.4890157117229,37.4993777454413,127.02670460634431,3122.0,363.0,taxi_respawn_3,picked
dyn_pax_1979,2760.0,2026-09-07 09:46:00,521770116#2,company|restaurant|bus_stop,,432.3182248087171,1108.514093563608,37.50149560521279,127.02561136613096,3380.0,620.0,taxi_41,picked
dyn_pax_1980,2762.0,2026-09-07 09:46:02,523141074#0,company|restaurant|subway_entrance,,524.0338794858329,871.4890157117229,37.4993777454413,127.02670460634431,3202.0,440.0,taxi_respawn_22,picked
dyn_pax_1981,2763.0,2026-09-07 09:46:03,309155295#2,restaurant,,836.915506927576,584.1196133409687,37.49684809051661,127.03031028233906,3119.0,356.0,taxi_respawn_38,picked
dyn_pax_1982,2764.0,2026-09-07 09:46:04,521766175#3,company|restaurant|subway_entrance|bus_stop,,373.6701172395771,1298.610217621072,37.50319695740621,127.02490310718325,3247.0,483.0,taxi_respawn_35,picked
dyn_pax_1983,2765.0,2026-09-07 09:46:05,480850873,company|restaurant|bus_stop,,548.1935052770749,708.5896639848544,37.49791486187585,127.0270163956136,,,,timeout
dyn_pax_1984,2766.0,2026-09-07 09:46:06,-805827765,restaurant,,955.7439147780814,1157.0835718820576,37.50203194319751,127.03151825266303,2909.0,143.0,taxi_respawn_8,picked
dyn_pax_1985,2767.0,2026-09-07 09:46:07,494824662#3,company|restaurant|subway_entrance,,729.424850252167,406.6843378518681,37.49522941823122,127.02913698209235,,,,timeout
dyn_pax_1986,2767.0,2026-09-07 09:46:07,417731530,company|restaurant,,191.66975375905443,1429.5779711342507,37.5043423120142,127.02281406437154,2906.0,139.0,taxi_respawn_29,picked
dyn_pax_1987,2768.0,2026-09-07 09:46:08,-542367267#1,bus_stop,,247.51018316686128,1414.7184918773391,37.504219024473855,127.02344900430944,3145.0,377.0,taxi_36,picked
dyn_pax_1988,2770.0,2026-09-07 09:46:10,417933642#0,restaurant|bus_stop,,1041.0954363710525,463.30841921497654,37.49579826441859,127.03264736696761,,,,timeout
dyn_pax_1989,2771.0,2026-09-07 09:46:11,218857636#1,residential|company|restaurant|bus_stop,,297.92905089287035,623.2061345250047,37.49709839153085,127.02420706961871,3190.0,419.0,taxi_respawn_26,picked
dyn_pax_1990,2773.0,2026-09-07 09:46:13,218857636#1,residential|company|restaurant|bus_stop,,297.92905089287035,623.2061345250047,37.49709839153085,127.02420706961871,3221.0,448.0,taxi_13,picked
dyn_pax_1991,2776.0,2026-09-07 09:46:16,480850873,company|restaurant|bus_stop,,548.1935052770749,708.5896639848544,37.49791486187585,127.0270163956136,,,,timeout
dyn_pax_1992,2777.0,2026-09-07 09:46:17,521766175#1,company|restaurant|subway_entrance,,332.9365590021661,1411.5585828157227,37.504206724109,127.02441570308932,,,,timeout
dyn_pax_1993,2779.0,2026-09-07 09:46:19,523141074#0,company|restaurant|subway_entrance,,524.0338794858329,871.4890157117229,37.4993777454413,127.02670460634431,,,,timeout
dyn_pax_1994,2780.0,2026-09-07 09:46:20,1117538958#3,bus_stop,,160.18899290588462,540.6019911995099,37.49632820280781,127.02266936696756,2904.0,124.0,taxi_respawn_10,picked
dyn_pax_1995,2782.0,2026-09-07 09:46:22,-504509918#2,company|restaurant|bus_stop,,398.9694242295193,827.4758220967593,37.49895762305832,127.02530099003066,,,,timeout
dyn_pax_1996,2783.0,2026-09-07 09:46:23,541692164#1,subway_entrance,,271.6277521231475,1406.6420105391767,37.5041508337347,127.02372362926798,,,,timeout
dyn_pax_1997,2785.0,2026-09-07 09:46:25,1117538958#3,bus_stop,,160.18899290588462,540.6019911995099,37.49632820280781,127.02266936696756,2993.0,208.0,taxi_21,picked
dyn_pax_1998,2787.0,2026-09-07 09:46:27,218864491#0,restaurant|bus_stop,,769.9803916976219,760.1217113917903,37.49842094941813,127.02951181742357,,,,timeout
dyn_pax_1999,2788.0,2026-09-07 09:46:28,218873820#0,restaurant|subway_entrance|bus_stop,,628.9829311132032,562.4061665928522,37.49661325243901,127.02796447999128,3437.0,649.0,taxi_1,picked
dyn_pax_2000,2788.0,2026-09-07 09:46:28,379463134#4,restaurant,,574.4815382344308,1284.0756787717605,37.50310398350559,127.02717717678497,2880.0,92.0,taxi_respawn_35,picked
dyn_pax_2001,2791.0,2026-09-07 09:46:31,975332778#1,bus_stop,,681.6099970732737,721.9380561808346,37.49806030190971,127.02852170075586,3294.0,503.0,taxi_37,picked
dyn_pax_2002,2793.0,2026-09-07 09:46:33,-506191135#2,residential|bus_stop,,236.19733776439384,769.6838415951818,37.49840622577806,127.02347432089968,,,,timeout
dyn_pax_2003,2794.0,2026-09-07 09:46:34,-506191135#2,residential|bus_stop,,236.19733776439384,769.6838415951818,37.49840622577806,127.02347432089968,,,,timeout
dyn_pax_2004,2796.0,2026-09-07 09:46:36,1117538957#3,restaurant|subway_entrance|bus_stop,,465.5082521847807,644.8780924026132,37.49732530507706,127.02609663221197,,,,timeout
dyn_pax_2005,2797.0,2026-09-07 09:46:37,494824662#3,company|restaurant|subway_entrance,,729.424850252167,406.6843378518681,37.49522941823122,127.02913698209235,,,,timeout
dyn_pax_2006,2799.0,2026-09-07 09:46:39,521766175#3,company|restaurant|subway_entrance|bus_stop,,373.6701172395771,1298.610217621072,37.50319695740621,127.02490310718325,3274.0,475.0,taxi_respawn_4,picked
dyn_pax_2007,2799.0,2026-09-07 09:46:39,117790039#3,restaurant,,1021.8645860465238,1004.4924062015546,37.500669811640854,127.03230197280303,2954.0,155.0,taxi_41,picked
dyn_pax_2008,2802.0,2026-09-07 09:46:42,417933642#0,restaurant|bus_stop,,1041.0954363710525,463.30841921497654,37.49579826441859,127.03264736696761,,,,timeout
dyn_pax_2009,2803.0,2026-09-07 09:46:43,1229817205#0,company|subway_entrance|bus_stop,,599.2457558679199,652.2907550986157,37.497417346160496,127.02760695963683,,,,timeout
dyn_pax_2010,2805.0,2026-09-07 09:46:45,521766175#3,company|restaurant|subway_entrance|bus_stop,,373.6701172395771,1298.610217621072,37.50319695740621,127.02490310718325,,,,timeout
dyn_pax_2011,2806.0,2026-09-07 09:46:46,521766175#1,company|restaurant|subway_entrance,,332.9365590021661,1411.5585828157227,37.504206724109,127.02441570308932,,,,timeout
dyn_pax_2012,2808.0,2026-09-07 09:46:48,417933642#0,restaurant|bus_stop,,1041.0954363710525,463.30841921497654,37.49579826441859,127.03264736696761,,,,timeout
dyn_pax_2013,2809.0,2026-09-07 09:46:49,305539406,company|restaurant|subway_entrance,,566.389495917364,736.5285064605782,37.49816998085155,127.02721550408178,3157.0,348.0,taxi_respawn_8,picked
dyn_pax_2014,2811.0,2026-09-07 09:46:51,521770119#0,restaurant|bus_stop,,548.9831206778387,935.1148840516827,37.499955620541705,127.02697161236954,,,,timeout
dyn_pax_2015,2813.0,2026-09-07 09:46:53,1229817205#0,company|subway_entrance|bus_stop,,599.2457558679199,652.2907550986157,37.497417346160496,127.02760695963683,,,,timeout
dyn_pax_2016,2815.0,2026-09-07 09:46:55,-417750336#5,restaurant,,886.0343029737398,891.1232225857099,37.499622942823265,127.030792984823,2838.0,23.0,taxi_41,picked
dyn_pax_2017,2816.0,2026-09-07 09:46:56,480850873,company|restaurant|bus_stop,,548.1935052770749,708.5896639848544,37.49791486187585,127.0270163956136,,,,timeout
dyn_pax_2018,2817.0,2026-09-07 09:46:57,1376141183#0,bus_stop,,548.2528111146681,901.2117688498424,37.49965007283687,127.02697139402301,3095.0,278.0,taxi_0,picked
dyn_pax_2019,2820.0,2026-09-07 09:47:00,305539406,company|restaurant|subway_entrance,,566.389495917364,736.5285064605782,37.49816998085155,127.02721550408178,,,,timeout
dyn_pax_2020,2820.0,2026-09-07 09:47:00,417933645#2,residential|company|restaurant,,757.7944798520502,568.4010952306102,37.496691568512986,127.02941943794849,3007.0,187.0,taxi_respawn_7,picked
dyn_pax_2021,2822.0,2026-09-07 09:47:02,520307304#0,school|subway_entrance|bus_stop,,602.6035134310263,763.145495629718,37.498416594724866,127.02761864854104,,,,timeout
dyn_pax_2022,2822.0,2026-09-07 09:47:02,-129731721#2,company|restaurant,,388.6558839574922,820.9778890483499,37.49889713764622,127.02518592115393,,,,timeout
dyn_pax_2023,2822.0,2026-09-07 09:47:02,542367267#1,company|restaurant,,199.26981683313872,1381.121508122661,37.50390724154084,127.02291151664822,2954.0,132.0,taxi_6,picked
dyn_pax_2024,2823.0,2026-09-07 09:47:03,178441450#1,residential|company|restaurant|bus_stop,,282.90243066757296,609.4157395563556,37.496971320837204,127.02404044855805,2951.0,128.0,taxi_respawn_20,picked
dyn_pax_2025,2824.0,2026-09-07 09:47:04,218857636#1,residential|company|restaurant|bus_stop,,297.92905089287035,623.2061345250047,37.49709839153085,127.02420706961871,3297.0,473.0,taxi_38,picked
dyn_pax_2026,2825.0,2026-09-07 09:47:05,521766175#1,company|restaurant|subway_entrance,,332.9365590021661,1411.5585828157227,37.504206724109,127.02441570308932,,,,timeout
dyn_pax_2027,2825.0,2026-09-07 09:47:05,523141074#0,company|restaurant|subway_entrance,,524.0338794858329,871.4890157117229,37.4993777454413,127.02670460634431,,,,timeout
dyn_pax_2028,2826.0,2026-09-07 09:47:06,523141074#0,company|restaurant|subway_entrance,,524.0338794858329,871.4890157117229,37.4993777454413,127.02670460634431,3357.0,531.0,taxi_13,picked
dyn_pax_2029,2828.0,2026-09-07 09:47:08,-542367267#1,bus_stop,,247.51018316686128,1414.7184918773391,37.504219024473855,127.02344900430944,3203.0,375.0,taxi_respawn_13,picked
dyn_pax_2030,2829.0,2026-09-07 09:47:09,521766182#1,company|restaurant|subway_entrance,,681.695169875507,539.6867345716422,37.496418539503196,127.02856584056028,3203.0,374.0,taxi_47,picked
dyn_pax_2031,2831.0,2026-09-07 09:47:11,-541692164#2,subway_entrance,,317.7122087179151,1441.0296574375257,37.504469327730426,127.0242365566347,,,,timeout
dyn_pax_2032,2831.0,2026-09-07 09:47:11,504227066#0,restaurant,,519.2210823013057,487.78345043316773,37.49592029712161,127.02674117912406,2893.0,62.0,taxi_45,picked
dyn_pax_2033,2832.0,2026-09-07 09:47:12,521766175#3,company|restaurant|subway_entrance|bus_stop,,373.6701172395771,1298.610217621072,37.50319695740621,127.02490310718325,,,,timeout
dyn_pax_2034,2832.0,2026-09-07 09:47:12,-379463130#1,restaurant,,595.1104652489141,1131.7345077296688,37.50173554422087,127.02744655088388,2879.0,47.0,taxi_respawn_25,picked
dyn_pax_2035,2836.0,2026-09-07 09:47:16,218877837#2,company|restaurant|bus_stop,,479.4555212141038,978.0213907550284,37.500328997763305,127.02617530290202,3180.0,344.0,taxi_17,picked
dyn_pax_2036,2837.0,2026-09-07 09:47:17,506191135#3,residential|company|restaurant|bus_stop,,238.79972345576414,789.4714057742513,37.49858497042428,127.023499044737,3305.0,468.0,taxi_respawn_27,picked
dyn_pax_2037,2839.0,2026-09-07 09:47:19,305539406,company|restaurant|subway_entrance,,566.389495917364,736.5285064605782,37.49816998085155,127.02721550408178,,,,timeout
dyn_pax_2038,2840.0,2026-09-07 09:47:20,494824662#3,company|restaurant|subway_entrance,,729.424850252167,406.6843378518681,37.49522941823122,127.02913698209235,,,,timeout
dyn_pax_2039,2840.0,2026-09-07 09:47:20,1537068130#0,residential,,915.247444986279,1279.656751811989,37.50312848832193,127.03103134780491,2932.0,92.0,taxi_respawn_19,picked
dyn_pax_2040,2842.0,2026-09-07 09:47:22,-541692164#2,subway_entrance,,317.7122087179151,1441.0296574375257,37.504469327730426,127.0242365566347,,,,timeout
dyn_pax_2041,2843.0,2026-09-07 09:47:23,521770116#2,company|restaurant|bus_stop,,432.3182248087171,1108.514093563608,37.50149560521279,127.02561136613096,3259.0,416.0,taxi_36,picked
dyn_pax_2042,2843.0,2026-09-07 09:47:23,129731721#0,company|restaurant,,451.4485582282947,673.334514427724,37.497578992002325,127.0259309178301,2921.0,78.0,taxi_respawn_38,picked
dyn_pax_2043,2844.0,2026-09-07 09:47:24,-506191135#22,residential|company|restaurant|bus_stop,,38.693950105848444,1321.9513167019495,37.50334380565249,127.02110990869835,3072.0,228.0,taxi_44,picked
dyn_pax_2044,2845.0,2026-09-07 09:47:25,521766175#1,company|restaurant|subway_entrance,,332.9365590021661,1411.5585828157227,37.504206724109,127.02441570308932,,,,timeout
dyn_pax_2045,2845.0,2026-09-07 09:47:25,117790041#2,restaurant,,441.66460303662666,1376.669936706078,37.50391299976682,127.0256534125234,,,,timeout
dyn_pax_2046,2845.0,2026-09-07 09:47:25,-256787796#5,restaurant,,631.1882908445458,865.4152262944223,37.499343270516576,127.02791760566556,3025.0,180.0,taxi_respawn_35,picked
dyn_pax_2047,2846.0,2026-09-07 09:47:26,1229817205#0,company|subway_entrance|bus_stop,,599.2457558679199,652.2907550986157,37.497417346160496,127.02760695963683,,,,timeout
dyn_pax_2048,2848.0,2026-09-07 09:47:28,975332778#1,bus_stop,,681.6099970732737,721.9380561808346,37.49806030190971,127.02852170075586,3364.0,516.0,taxi_45,picked
dyn_pax_2049,2849.0,2026-09-07 09:47:29,1229817205#0,company|subway_entrance|bus_stop,,599.2457558679199,652.2907550986157,37.497417346160496,127.02760695963683,,,,timeout
dyn_pax_2050,2849.0,2026-09-07 09:47:29,-309155295#2,restaurant,,851.6644930724242,598.8503866590313,37.496983571544654,127.03047355257749,3226.0,377.0,taxi_45,picked
dyn_pax_2051,2851.0,2026-09-07 09:47:31,1229817205#1,residential|bus_stop,,631.6400080768872,572.7061575261558,37.49670653972221,127.02799208080955,3257.0,406.0,taxi_respawn_18,picked
dyn_pax_2052,2854.0,2026-09-07 09:47:34,218857636#1,residential|company|restaurant|bus_stop,,297.92905089287035,623.2061345250047,37.49709839153085,127.02420706961871,,,,timeout
dyn_pax_2053,2855.0,2026-09-07 09:47:35,521766180#1,company|restaurant|bus_stop,,466.73410130235357,1169.2838037446552,37.502049542882666,127.02598608796039,3523.0,668.0,taxi_22,picked
dyn_pax_2054,2857.0,2026-09-07 09:47:37,521766180#1,company|restaurant|bus_stop,,466.73410130235357,1169.2838037446552,37.502049542882666,127.02598608796039,3528.0,671.0,taxi_34,picked
dyn_pax_2055,2857.0,2026-09-07 09:47:37,521770116#2,company|restaurant|bus_stop,,432.3182248087171,1108.514093563608,37.50149560521279,127.02561136613096,3267.0,410.0,taxi_44,picked
dyn_pax_2056,2859.0,2026-09-07 09:47:39,218873820#0,restaurant|subway_entrance|bus_stop,,628.9829311132032,562.4061665928522,37.49661325243901,127.02796447999128,,,,timeout
dyn_pax_2057,2860.0,2026-09-07 09:47:40,521766182#1,company|restaurant|subway_entrance,,681.695169875507,539.6867345716422,37.496418539503196,127.02856584056028,3291.0,431.0,taxi_respawn_5,picked
dyn_pax_2058,2862.0,2026-09-07 09:47:42,375049565#6,restaurant|subway_entrance|bus_stop,,789.5153251748014,798.8522330112556,37.49877353199428,127.02972351946808,,,,timeout
dyn_pax_2059,2863.0,2026-09-07 09:47:43,1376141183#0,bus_stop,,548.2528111146681,901.2117688498424,37.49965007283687,127.02697139402301,,,,timeout
dyn_pax_2060,2866.0,2026-09-07 09:47:46,523141074#0,company|restaurant|subway_entrance,,524.0338794858329,871.4890157117229,37.4993777454413,127.02670460634431,3383.0,517.0,taxi_respawn_7,picked
dyn_pax_2061,2866.0,2026-09-07 09:47:46,1117538957#3,restaurant|subway_entrance|bus_stop,,465.5082521847807,644.8780924026132,37.49732530507706,127.02609663221197,,,,timeout
dyn_pax_2062,2868.0,2026-09-07 09:47:48,-541692164#2,subway_entrance,,317.7122087179151,1441.0296574375257,37.504469327730426,127.0242365566347,,,,timeout
dyn_pax_2063,2869.0,2026-09-07 09:47:49,521766175#3,company|restaurant|subway_entrance|bus_stop,,373.6701172395771,1298.610217621072,37.50319695740621,127.02490310718325,,,,timeout
dyn_pax_2064,2870.0,2026-09-07 09:47:50,520307304#0,school|subway_entrance|bus_stop,,602.6035134310263,763.145495629718,37.498416594724866,127.02761864854104,,,,timeout
dyn_pax_2065,2871.0,2026-09-07 09:47:51,1376141183#0,bus_stop,,548.2528111146681,901.2117688498424,37.49965007283687,127.02697139402301,,,,timeout
dyn_pax_2066,2872.0,2026-09-07 09:47:52,-504509918#2,company|restaurant|bus_stop,,398.9694242295193,827.4758220967593,37.49895762305832,127.02530099003066,3381.0,509.0,taxi_respawn_14,picked
dyn_pax_2067,2873.0,2026-09-07 09:47:53,218857636#1,residential|company|restaurant|bus_stop,,297.92905089287035,623.2061345250047,37.49709839153085,127.02420706961871,,,,timeout
dyn_pax_2068,2874.0,2026-09-07 09:47:54,-506191135#22,residential|company|restaurant|bus_stop,,38.693950105848444,1321.9513167019495,37.50334380565249,127.02110990869835,3106.0,232.0,taxi_respawn_4,picked
dyn_pax_2069,2875.0,2026-09-07 09:47:55,-504509918#2,company|restaurant|bus_stop,,398.9694242295193,827.4758220967593,37.49895762305832,127.02530099003066,,,,timeout
dyn_pax_2070,2877.0,2026-09-07 09:47:57,417933645#0,residential|restaurant,,823.1026288816429,385.61625104994533,37.49505730126708,127.03020109557775,,,,timeout
dyn_pax_2071,2878.0,2026-09-07 09:47:58,541692164#1,subway_entrance,,271.6277521231475,1406.6420105391767,37.5041508337347,127.02372362926798,3351.0,473.0,taxi_respawn_30,picked
dyn_pax_2072,2880.0,2026-09-07 09:48:00,-542367267#1,bus_stop,,247.51018316686128,1414.7184918773391,37.504219024473855,127.02344900430944,3280.0,400.0,taxi_respawn_19,picked
dyn_pax_2073,2880.0,2026-09-07 09:48:00,-417933645#2,company|restaurant|subway_entrance,,701.1658676593129,719.5455833044954,37.49804244093877,127.02874337560036,,,,timeout
dyn_pax_2074,2881.0,2026-09-07 09:48:01,1229817205#0,company|subway_entrance|bus_stop,,599.2457558679199,652.2907550986157,37.497417346160496,127.02760695963683,,,,timeout
dyn_pax_2075,2883.0,2026-09-07 09:48:03,178441450#1,residential|company|restaurant|bus_stop,,282.90243066757296,609.4157395563556,37.496971320837204,127.02404044855805,3051.0,168.0,taxi_respawn_27,picked
dyn_pax_2076,2885.0,2026-09-07 09:48:05,521766182#1,company|restaurant|subway_entrance,,681.695169875507,539.6867345716422,37.496418539503196,127.02856584056028,3341.0,456.0,taxi_respawn_28,picked
dyn_pax_2077,2886.0,2026-09-07 09:48:06,1229817205#0,company|subway_entrance|bus_stop,,599.2457558679199,652.2907550986157,37.497417346160496,127.02760695963683,,,,timeout
dyn_pax_2078,2887.0,2026-09-07 09:48:07,117823785#0,company|restaurant,,1360.8740206736493,851.0492627492013,37.499351351792384,127.0361713398344,,,,timeout
dyn_pax_2079,2888.0,2026-09-07 09:48:08,178441450#1,residential|company|restaurant|bus_stop,,282.90243066757296,609.4157395563556,37.496971320837204,127.02404044855805,3126.0,238.0,taxi_respawn_18,picked
dyn_pax_2080,2891.0,2026-09-07 09:48:11,1229817205#1,residential|bus_stop,,631.6400080768872,572.7061575261558,37.49670653972221,127.02799208080955,,,,timeout
dyn_pax_2081,2892.0,2026-09-07 09:48:12,521766180#1,company|restaurant|bus_stop,,466.73410130235357,1169.2838037446552,37.502049542882666,127.02598608796039,3535.0,643.0,taxi_respawn_12,picked
dyn_pax_2082,2892.0,2026-09-07 09:48:12,178441450#1,residential|company|restaurant|bus_stop,,282.90243066757296,609.4157395563556,37.496971320837204,127.02404044855805,3116.0,224.0,taxi_32,picked
dyn_pax_2083,2892.0,2026-09-07 09:48:12,129731721#0,company|restaurant,,451.4485582282947,673.334514427724,37.497578992002325,127.0259309178301,3295.0,403.0,taxi_respawn_31,picked
dyn_pax_2084,2894.0,2026-09-07 09:48:14,218877837#2,company|restaurant|bus_stop,,479.4555212141038,978.0213907550284,37.500328997763305,127.02617530290202,,,,timeout
dyn_pax_2085,2895.0,2026-09-07 09:48:15,-542367267#1,bus_stop,,247.51018316686128,1414.7184918773391,37.504219024473855,127.02344900430944,3351.0,456.0,taxi_respawn_16,picked
dyn_pax_2086,2896.0,2026-09-07 09:48:16,129731859#3,restaurant,,873.6090416568148,941.272009001338,37.50007235670303,127.03064062663523,2916.0,20.0,taxi_32,picked
dyn_pax_2087,2897.0,2026-09-07 09:48:17,523141074#0,company|restaurant|subway_entrance,,524.0338794858329,871.4890157117229,37.4993777454413,127.02670460634431,3389.0,492.0,taxi_19,picked
dyn_pax_2088,2898.0,2026-09-07 09:48:18,1229817205#0,company|subway_entrance|bus_stop,,599.2457558679199,652.2907550986157,37.497417346160496,127.02760695963683,,,,timeout
dyn_pax_2089,2899.0,2026-09-07 09:48:19,521766180#1,company|restaurant|bus_stop,,466.73410130235357,1169.2838037446552,37.502049542882666,127.02598608796039,3541.0,642.0,taxi_3,picked
dyn_pax_2090,2900.0,2026-09-07 09:48:20,-541692164#2,subway_entrance,,317.7122087179151,1441.0296574375257,37.504469327730426,127.0242365566347,,,,timeout
dyn_pax_2091,2901.0,2026-09-07 09:48:21,521770119#1,restaurant|bus_stop,,527.3115514435282,995.8620162900467,37.50049875494786,127.02671217090477,,,,timeout
dyn_pax_2092,2901.0,2026-09-07 09:48:21,-417933645#2,company|restaurant|subway_entrance,,701.1658676593129,719.5455833044954,37.49804244093877,127.02874337560036,,,,timeout
dyn_pax_2093,2903.0,2026-09-07 09:48:23,-557469300#1,restaurant,,739.5265057687212,1049.0561556697721,37.5010180173999,127.02909905278416,2970.0,67.0,taxi_31,picked
dyn_pax_2094,2904.0,2026-09-07 09:48:24,521766175#3,company|restaurant|subway_entrance|bus_stop,,373.6701172395771,1298.610217621072,37.50319695740621,127.02490310718325,,,,timeout
dyn_pax_2095,2905.0,2026-09-07 09:48:25,-26163000#1,restaurant,,613.3034084576574,1234.0026207389662,37.50266024308643,127.02762801542576,3249.0,344.0,taxi_2,picked
dyn_pax_2096,2905.0,2026-09-07 09:48:25,-117790045#0,restaurant,,544.8147652988505,1238.053441474183,37.50268379633789,127.0268526423962,3167.0,262.0,taxi_6,picked
dyn_pax_2097,2906.0,2026-09-07 09:48:26,521766175#3,company|restaurant|subway_entrance|bus_stop,,373.6701172395771,1298.610217621072,37.50319695740621,127.02490310718325,,,,timeout
dyn_pax_2098,2908.0,2026-09-07 09:48:28,218864491#0,restaurant|bus_stop,,769.9803916976219,760.1217113917903,37.49842094941813,127.02951181742357,,,,timeout
dyn_pax_2099,2908.0,2026-09-07 09:48:28,-129731834#1,residential,,78.2122165689223,720.9585140244731,37.49793738265588,127.02169964763026,,,,timeout
dyn_pax_2100,2909.0,2026-09-07 09:48:29,-417933645#2,company|restaurant|subway_entrance,,701.1658676593129,719.5455833044954,37.49804244093877,127.02874337560036,,,,timeout
dyn_pax_2101,2911.0,2026-09-07 09:48:31,375049565#6,restaurant|subway_entrance|bus_stop,,789.5153251748014,798.8522330112556,37.49877353199428,127.02972351946808,,,,timeout
dyn_pax_2102,2912.0,2026-09-07 09:48:32,521770116#2,company|restaurant|bus_stop,,432.3182248087171,1108.514093563608,37.50149560521279,127.02561136613096,3545.0,633.0,taxi_16,picked
dyn_pax_2103,2914.0,2026-09-07 09:48:34,417933642#0,restaurant|bus_stop,,1041.0954363710525,463.30841921497654,37.49579826441859,127.03264736696761,3392.0,478.0,taxi_6,picked
dyn_pax_2104,2915.0,2026-09-07 09:48:35,375049565#6,restaurant|subway_entrance|bus_stop,,789.5153251748014,798.8522330112556,37.49877353199428,127.02972351946808,,,,timeout
dyn_pax_2105,2917.0,2026-09-07 09:48:37,521770119#0,restaurant|bus_stop,,548.9831206778387,935.1148840516827,37.499955620541705,127.02697161236954,,,,timeout
dyn_pax_2106,2918.0,2026-09-07 09:48:38,218873820#0,restaurant|subway_entrance|bus_stop,,628.9829311132032,562.4061665928522,37.49661325243901,127.02796447999128,,,,timeout
dyn_pax_2107,2920.0,2026-09-07 09:48:40,218873820#0,restaurant|subway_entrance|bus_stop,,628.9829311132032,562.4061665928522,37.49661325243901,127.02796447999128,,,,timeout
dyn_pax_2108,2921.0,2026-09-07 09:48:41,521770119#0,restaurant|bus_stop,,548.9831206778387,935.1148840516827,37.499955620541705,127.02697161236954,,,,timeout
dyn_pax_2109,2923.0,2026-09-07 09:48:43,-541692164#2,subway_entrance,,317.7122087179151,1441.0296574375257,37.504469327730426,127.0242365566347,,,,timeout
dyn_pax_2110,2924.0,2026-09-07 09:48:44,1117538958#3,bus_stop,,160.18899290588462,540.6019911995099,37.49632820280781,127.02266936696756,3086.0,162.0,taxi_respawn_2,picked
dyn_pax_2111,2926.0,2026-09-07 09:48:46,-506191135#22,residential|company|restaurant|bus_stop,,38.693950105848444,1321.9513167019495,37.50334380565249,127.02110990869835,3119.0,193.0,taxi_respawn_15,picked
dyn_pax_2112,2927.0,2026-09-07 09:48:47,521770116#2,company|restaurant|bus_stop,,432.3182248087171,1108.514093563608,37.50149560521279,127.02561136613096,3540.0,613.0,taxi_40,picked
dyn_pax_2113,2929.0,2026-09-07 09:48:49,523141074#0,company|restaurant|subway_entrance,,524.0338794858329,871.4890157117229,37.4993777454413,127.02670460634431,3434.0,505.0,taxi_26,picked
dyn_pax_2114,2929.0,2026-09-07 09:48:49,-417750337#0,restaurant,,672.8749254632385,1321.3640627464144,37.50345847130562,127.02828089713113,3236.0,307.0,taxi_14,picked
dyn_pax_2115,2931.0,2026-09-07 09:48:51,305539406,company|restaurant|subway_entrance,,566.389495917364,736.5285064605782,37.49816998085155,127.02721550408178,,,,timeout
dyn_pax_2116,2932.0,2026-09-07 09:48:52,975332778#1,bus_stop,,681.6099970732737,721.9380561808346,37.49806030190971,127.02852170075586,3411.0,479.0,taxi_14,picked
dyn_pax_2117,2934.0,2026-09-07 09:48:54,375049565#6,restaurant|subway_entrance|bus_stop,,789.5153251748014,798.8522330112556,37.49877353199428,127.02972351946808,,,,timeout
dyn_pax_2118,2935.0,2026-09-07 09:48:55,417933642#0,restaurant|bus_stop,,1041.0954363710525,463.30841921497654,37.49579826441859,127.03264736696761,,,,timeout
dyn_pax_2119,2936.0,2026-09-07 09:48:56,129731859#1,restaurant,,770.318180095484,905.1374216517651,37.499727361620906,127.02948129560598,,,,timeout
dyn_pax_2120,2937.0,2026-09-07 09:48:57,520307304#0,school|subway_entrance|bus_stop,,602.6035134310263,763.145495629718,37.498416594724866,127.02761864854104,,,,timeout
dyn_pax_2121,2937.0,2026-09-07 09:48:57,129733424#1,restaurant,,625.7652907028337,1027.567371479777,37.50080296382065,127.02781785674841,3215.0,278.0,taxi_respawn_36,picked
dyn_pax_2122,2938.0,2026-09-07 09:48:58,975332778#1,bus_stop,,681.6099970732737,721.9380561808346,37.49806030190971,127.02852170075586,3442.0,504.0,taxi_respawn_25,picked
dyn_pax_2123,2940.0,2026-09-07 09:49:00,-504227067#3,restaurant,,527.7289520354611,471.5483450335965,37.495775653483,127.02684121970124,3067.0,127.0,taxi_29,picked
dyn_pax_2124,2941.0,2026-09-07 09:49:01,417933642#0,restaurant|bus_stop,,1041.0954363710525,463.30841921497654,37.49579826441859,127.03264736696761,,,,timeout
dyn_pax_2125,2943.0,2026-09-07 09:49:03,506191135#3,residential|company|restaurant|bus_stop,,238.79972345576414,789.4714057742513,37.49858497042428,127.023499044737,3349.0,406.0,taxi_35,picked
dyn_pax_2126,2943.0,2026-09-07 09:49:03,117790045#2,restaurant,,537.9561568342307,1283.7183624175188,37.50309386389003,127.02676426064505,3133.0,190.0,taxi_respawn_32,picked
dyn_pax_2127,2944.0,2026-09-07 09:49:04,218864491#0,restaurant|bus_stop,,769.9803916976219,760.1217113917903,37.49842094941813,127.02951181742357,,,,timeout
dyn_pax_2128,2946.0,2026-09-07 09:49:06,494824662#3,company|restaurant|subway_entrance,,729.424850252167,406.6843378518681,37.49522941823122,127.02913698209235,3434.0,488.0,taxi_24,picked
dyn_pax_2129,2947.0,2026-09-07 09:49:07,-541692164#2,subway_entrance,,317.7122087179151,1441.0296574375257,37.504469327730426,127.0242365566347,,,,timeout
dyn_pax_2130,2950.0,2026-09-07 09:49:10,494824662#3,company|restaurant|subway_entrance,,729.424850252167,406.6843378518681,37.49522941823122,127.02913698209235,,,,timeout
dyn_pax_2131,2950.0,2026-09-07 09:49:10,417731530,company|restaurant,,191.66975375905443,1429.5779711342507,37.5043423120142,127.02281406437154,2968.0,18.0,taxi_respawn_17,picked
dyn_pax_2132,2952.0,2026-09-07 09:49:12,-506191135#22,residential|company|restaurant|bus_stop,,38.693950105848444,1321.9513167019495,37.50334380565249,127.02110990869835,3124.0,172.0,taxi_24,picked
dyn_pax_2133,2953.0,2026-09-07 09:49:13,1117538957#3,restaurant|subway_entrance|bus_stop,,465.5082521847807,644.8780924026132,37.49732530507706,127.02609663221197,,,,timeout
dyn_pax_2134,2955.0,2026-09-07 09:49:15,-129731717#1,residential|company|restaurant,,188.433090102474,1374.3511058470413,37.503844200149025,127.0227905913032,3016.0,61.0,taxi_respawn_21,picked
dyn_pax_2135,2957.0,2026-09-07 09:49:17,-506191135#22,residential|company|restaurant|bus_stop,,38.693950105848444,1321.9513167019495,37.50334380565249,127.02110990869835,3171.0,214.0,taxi_27,picked
dyn_pax_2136,2958.0,2026-09-07 09:49:18,375049565#6,restaurant|subway_entrance|bus_stop,,789.5153251748014,798.8522330112556,37.49877353199428,127.02972351946808,,,,timeout
dyn_pax_2137,2959.0,2026-09-07 09:49:19,-117790039#2,company|restaurant,,1017.0012393074795,990.846024966068,37.5005459641277,127.03225021068775,3015.0,56.0,taxi_13,picked
dyn_pax_2138,2960.0,2026-09-07 09:49:20,375049565#6,restaurant|subway_entrance|bus_stop,,789.5153251748014,798.8522330112556,37.49877353199428,127.02972351946808,,,,timeout
dyn_pax_2139,2961.0,2026-09-07 09:49:21,523141074#0,company|restaurant|subway_entrance,,524.0338794858329,871.4890157117229,37.4993777454413,127.02670460634431,,,,timeout
dyn_pax_2140,2961.0,2026-09-07 09:49:21,480850873,company|restaurant|bus_stop,,548.1935052770749,708.5896639848544,37.49791486187585,127.0270163956136,3422.0,461.0,taxi_8,picked
dyn_pax_2141,2963.0,2026-09-07 09:49:23,1229817205#1,residential|bus_stop,,631.6400080768872,572.7061575261558,37.49670653972221,127.02799208080955,,,,timeout
dyn_pax_2142,2964.0,2026-09-07 09:49:24,521770119#0,restaurant|bus_stop,,548.9831206778387,935.1148840516827,37.499955620541705,127.02697161236954,,,,timeout
dyn_pax_2143,2964.0,2026-09-07 09:49:24,1117538957#3,restaurant|subway_entrance|bus_stop,,465.5082521847807,644.8780924026132,37.49732530507706,127.02609663221197,,,,timeout
dyn_pax_2144,2966.0,2026-09-07 09:49:26,218877837#2,company|restaurant|bus_stop,,479.4555212141038,978.0213907550284,37.500328997763305,127.02617530290202,,,,timeout
dyn_pax_2145,2967.0,2026-09-07 09:49:27,375049565#6,restaurant|subway_entrance|bus_stop,,789.5153251748014,798.8522330112556,37.49877353199428,127.02972351946808,,,,timeout
dyn_pax_2146,2968.0,2026-09-07 09:49:28,117790041#2,restaurant,,441.66460303662666,1376.669936706078,37.50391299976682,127.0256534125234,,,,timeout
dyn_pax_2147,2969.0,2026-09-07 09:49:29,1117538957#3,restaurant|subway_entrance|bus_stop,,465.5082521847807,644.8780924026132,37.49732530507706,127.02609663221197,,,,timeout
dyn_pax_2148,2970.0,2026-09-07 09:49:30,1376141183#0,bus_stop,,548.2528111146681,901.2117688498424,37.49965007283687,127.02697139402301,,,,timeout
dyn_pax_2149,2972.0,2026-09-07 09:49:32,1376141183#0,bus_stop,,548.2528111146681,901.2117688498424,37.49965007283687,127.02697139402301,,,,timeout
dyn_pax_2150,2973.0,2026-09-07 09:49:33,520307304#0,school|subway_entrance|bus_stop,,602.6035134310263,763.145495629718,37.498416594724866,127.02761864854104,,,,timeout
dyn_pax_2151,2973.0,2026-09-07 09:49:33,521770119#1,restaurant|bus_stop,,527.3115514435282,995.8620162900467,37.50049875494786,127.02671217090477,,,,timeout
dyn_pax_2152,2974.0,2026-09-07 09:49:34,521770119#0,restaurant|bus_stop,,548.9831206778387,935.1148840516827,37.499955620541705,127.02697161236954,,,,timeout
dyn_pax_2153,2975.0,2026-09-07 09:49:35,-541692164#2,subway_entrance,,317.7122087179151,1441.0296574375257,37.504469327730426,127.0242365566347,,,,timeout
dyn_pax_2154,2976.0,2026-09-07 09:49:36,218873820#0,restaurant|subway_entrance|bus_stop,,628.9829311132032,562.4061665928522,37.49661325243901,127.02796447999128,,,,timeout
dyn_pax_2155,2978.0,2026-09-07 09:49:38,1376141183#0,bus_stop,,548.2528111146681,901.2117688498424,37.49965007283687,127.02697139402301,,,,timeout
dyn_pax_2156,2980.0,2026-09-07 09:49:40,541692164#1,subway_entrance,,271.6277521231475,1406.6420105391767,37.5041508337347,127.02372362926798,3432.0,452.0,taxi_33,picked
dyn_pax_2157,2981.0,2026-09-07 09:49:41,-504509918#2,company|restaurant|bus_stop,,398.9694242295193,827.4758220967593,37.49895762305832,127.02530099003066,,,,timeout
dyn_pax_2158,2983.0,2026-09-07 09:49:43,218857636#1,residential|company|restaurant|bus_stop,,297.92905089287035,623.2061345250047,37.49709839153085,127.02420706961871,3428.0,445.0,taxi_respawn_35,picked
dyn_pax_2159,2985.0,2026-09-07 09:49:45,504509918#0,residential|restaurant,,511.83203920742636,882.9034728009249,37.49947826486711,127.02656393710718,3010.0,25.0,taxi_11,picked
dyn_pax_2160,2986.0,2026-09-07 09:49:46,375049565#6,restaurant|subway_entrance|bus_stop,,789.5153251748014,798.8522330112556,37.49877353199428,127.02972351946808,,,,timeout
dyn_pax_2161,2987.0,2026-09-07 09:49:47,218864491#0,restaurant|bus_stop,,769.9803916976219,760.1217113917903,37.49842094941813,127.02951181742357,3462.0,475.0,taxi_10,picked
dyn_pax_2162,2988.0,2026-09-07 09:49:48,521770116#2,company|restaurant|bus_stop,,432.3182248087171,1108.514093563608,37.50149560521279,127.02561136613096,3551.0,563.0,taxi_27,picked
dyn_pax_2163,2989.0,2026-09-07 09:49:49,520307304#0,school|subway_entrance|bus_stop,,602.6035134310263,763.145495629718,37.498416594724866,127.02761864854104,,,,timeout
dyn_pax_2164,2990.0,2026-09-07 09:49:50,975332778#1,bus_stop,,681.6099970732737,721.9380561808346,37.49806030190971,127.02852170075586,,,,timeout
dyn_pax_2165,2990.0,2026-09-07 09:49:50,-1537068129#0,restaurant,,962.1540281232122,1146.7630824504436,37.50194018104768,127.03159317410272,3035.0,45.0,taxi_10,picked
dyn_pax_2166,2991.0,2026-09-07 09:49:51,117790041#3,restaurant,,485.8172797724441,1249.4366376844557,37.50277519064896,127.0261828476699,3031.0,40.0,taxi_35,picked
dyn_pax_2167,2992.0,2026-09-07 09:49:52,-506191135#2,residential|bus_stop,,236.19733776439384,769.6838415951818,37.49840622577806,127.02347432089968,3374.0,382.0,taxi_respawn_10,picked
dyn_pax_2168,2993.0,2026-09-07 09:49:53,-506191135#22,residential|company|restaurant|bus_stop,,38.693950105848444,1321.9513167019495,37.50334380565249,127.02110990869835,,,,timeout
dyn_pax_2169,2993.0,2026-09-07 09:49:53,305539406,company|restaurant|subway_entrance,,566.389495917364,736.5285064605782,37.49816998085155,127.02721550408178,,,,timeout
dyn_pax_2170,2994.0,2026-09-07 09:49:54,1117538957#3,restaurant|subway_entrance|bus_stop,,465.5082521847807,644.8780924026132,37.49732530507706,127.02609663221197,,,,timeout
dyn_pax_2171,2995.0,2026-09-07 09:49:55,541692164#1,subway_entrance,,271.6277521231475,1406.6420105391767,37.5041508337347,127.02372362926798,3460.0,465.0,taxi_respawn_30,picked
dyn_pax_2172,2998.0,2026-09-07 09:49:58,521770119#0,restaurant|bus_stop,,548.9831206778387,935.1148840516827,37.499955620541705,127.02697161236954,,,,timeout
dyn_pax_2173,2999.0,2026-09-07 09:49:59,218864491#0,restaurant|bus_stop,,769.9803916976219,760.1217113917903,37.49842094941813,127.02951181742357,,,,timeout
dyn_pax_2174,3000.0,2026-09-07 09:50:00,1376141182#0,bus_stop,,385.7154046370183,1301.0311255965628,37.50322104370192,127.02503873135461,,,,timeout
dyn_pax_2175,3001.0,2026-09-07 09:50:01,1117538958#3,bus_stop,,160.18899290588462,540.6019911995099,37.49632820280781,127.02266936696756,3129.0,128.0,taxi_respawn_24,picked
dyn_pax_2176,3001.0,2026-09-07 09:50:01,-129731858#3,restaurant,,760.2046779472714,898.6469063162286,37.49966698472747,127.02936848203807,3112.0,111.0,taxi_2,picked
dyn_pax_2177,3003.0,2026-09-07 09:50:03,218877837#2,company|restaurant|bus_stop,,479.4555212141038,978.0213907550284,37.500328997763305,127.02617530290202,,,,timeout
dyn_pax_2178,3004.0,2026-09-07 09:50:04,1229817205#0,company|subway_entrance|bus_stop,,599.2457558679199,652.2907550986157,37.497417346160496,127.02760695963683,,,,timeout
dyn_pax_2179,3007.0,2026-09-07 09:50:07,1376141183#0,bus_stop,,548.2528111146681,901.2117688498424,37.49965007283687,127.02697139402301,,,,timeout
dyn_pax_2180,3008.0,2026-09-07 09:50:08,379463134#4,restaurant,,574.4815382344308,1284.0756787717605,37.50310398350559,127.02717717678497,3180.0,172.0,taxi_31,picked
dyn_pax_2181,3010.0,2026-09-07 09:50:10,218877837#2,company|restaurant|bus_stop,,479.4555212141038,978.0213907550284,37.500328997763305,127.02617530290202,,,,timeout
dyn_pax_2182,3012.0,2026-09-07 09:50:12,-417933645#2,company|restaurant|subway_entrance,,701.1658676593129,719.5455833044954,37.49804244093877,127.02874337560036,3441.0,429.0,taxi_respawn_4,picked
dyn_pax_2183,3013.0,2026-09-07 09:50:13,521766175#1,company|restaurant|subway_entrance,,332.9365590021661,1411.5585828157227,37.504206724109,127.02441570308932,,,,timeout
dyn_pax_2184,3013.0,2026-09-07 09:50:13,802110008,restaurant,,567.9368588148042,1294.4290295528247,37.503196013251454,127.02710071947062,3502.0,489.0,taxi_12,picked
dyn_pax_2185,3015.0,2026-09-07 09:50:15,-506191135#2,residential|bus_stop,,236.19733776439384,769.6838415951818,37.49840622577806,127.02347432089968,,,,timeout
dyn_pax_2186,3015.0,2026-09-07 09:50:15,521770119#3,restaurant,,495.372237145516,1095.557338436544,37.501390805360316,127.0263273901891,3464.0,449.0,taxi_23,picked
dyn_pax_2187,3015.0,2026-09-07 09:50:15,504227065,company,,441.32681628575455,666.8408278135128,37.497518581743364,127.0258180180219,3260.0,245.0,taxi_respawn_29,picked
dyn_pax_2188,3016.0,2026-09-07 09:50:16,523141074#0,company|restaurant|subway_entrance,,524.0338794858329,871.4890157117229,37.4993777454413,127.02670460634431,,,,timeout
dyn_pax_2189,3018.0,2026-09-07 09:50:18,494824662#3,company|restaurant|subway_entrance,,729.424850252167,406.6843378518681,37.49522941823122,127.02913698209235,,,,timeout
dyn_pax_2190,3018.0,2026-09-07 09:50:18,-417750337#1,restaurant,,620.0756768942672,1248.4347545200121,37.5027915312318,127.02770116938098,3288.0,270.0,taxi_25,picked
dyn_pax_2191,3019.0,2026-09-07 09:50:19,541692164#1,subway_entrance,,271.6277521231475,1406.6420105391767,37.5041508337347,127.02372362926798,3524.0,505.0,taxi_37,picked
dyn_pax_2192,3019.0,2026-09-07 09:50:19,-417933645#1,restaurant,,753.9829961438405,551.6859834676363,37.49654027420169,127.02938030242663,3272.0,253.0,taxi_respawn_3,picked
dyn_pax_2193,3021.0,2026-09-07 09:50:21,1376141182#0,bus_stop,,385.7154046370183,1301.0311255965628,37.50322104370192,127.02503873135461,,,,timeout
dyn_pax_2194,3022.0,2026-09-07 09:50:22,218877837#2,company|restaurant|bus_stop,,479.4555212141038,978.0213907550284,37.500328997763305,127.02617530290202,,,,timeout
dyn_pax_2195,3023.0,2026-09-07 09:50:23,-523141073,residential|company,,283.47995026542384,1109.9635024546676,37.50148051131825,127.02392811188028,3151.0,128.0,taxi_40,picked
dyn_pax_2196,3025.0,2026-09-07 09:50:25,521770119#0,restaurant|bus_stop,,548.9831206778387,935.1148840516827,37.499955620541705,127.02697161236954,,,,timeout
dyn_pax_2197,3027.0,2026-09-07 09:50:27,178441450#1,residential|company|restaurant|bus_stop,,282.90243066757296,609.4157395563556,37.496971320837204,127.02404044855805,3187.0,160.0,taxi_4,picked
dyn_pax_2198,3028.0,2026-09-07 09:50:28,305539406,company|restaurant|subway_entrance,,566.389495917364,736.5285064605782,37.49816998085155,127.02721550408178,,,,timeout
dyn_pax_2199,3028.0,2026-09-07 09:50:28,417933642#2,residential|restaurant,,976.5976168723116,645.9370182109647,37.49743129415275,127.0318749523804,3339.0,311.0,taxi_respawn_2,picked
dyn_pax_2200,3029.0,2026-09-07 09:50:29,1117538958#3,bus_stop,,160.18899290588462,540.6019911995099,37.49632820280781,127.02266936696756,3172.0,143.0,taxi_28,picked
dyn_pax_2201,3030.0,2026-09-07 09:50:30,218873820#0,restaurant|subway_entrance|bus_stop,,628.9829311132032,562.4061665928522,37.49661325243901,127.02796447999128,,,,timeout
dyn_pax_2202,3032.0,2026-09-07 09:50:32,375049565#6,restaurant|subway_entrance|bus_stop,,789.5153251748014,798.8522330112556,37.49877353199428,127.02972351946808,3544.0,512.0,taxi_2,picked
dyn_pax_2203,3033.0,2026-09-07 09:50:33,375049565#6,restaurant|subway_entrance|bus_stop,,789.5153251748014,798.8522330112556,37.49877353199428,127.02972351946808,,,,timeout
dyn_pax_2204,3033.0,2026-09-07 09:50:33,178441450#1,residential|company|restaurant|bus_stop,,282.90243066757296,609.4157395563556,37.496971320837204,127.02404044855805,3294.0,261.0,taxi_respawn_8,picked
dyn_pax_2205,3035.0,2026-09-07 09:50:35,520307304#0,school|subway_entrance|bus_stop,,602.6035134310263,763.145495629718,37.498416594724866,127.02761864854104,,,,timeout
dyn_pax_2206,3036.0,2026-09-07 09:50:36,1229817205#0,company|subway_entrance|bus_stop,,599.2457558679199,652.2907550986157,37.497417346160496,127.02760695963683,,,,timeout
dyn_pax_2207,3038.0,2026-09-07 09:50:38,1229817205#0,company|subway_entrance|bus_stop,,599.2457558679199,652.2907550986157,37.497417346160496,127.02760695963683,,,,timeout
dyn_pax_2208,3039.0,2026-09-07 09:50:39,506191135#3,residential|company|restaurant|bus_stop,,238.79972345576414,789.4714057742513,37.49858497042428,127.023499044737,3511.0,472.0,taxi_respawn_3,picked
dyn_pax_2209,3041.0,2026-09-07 09:50:41,521766180#1,company|restaurant|bus_stop,,466.73410130235357,1169.2838037446552,37.502049542882666,127.02598608796039,3546.0,505.0,taxi_30,picked
dyn_pax_2210,3041.0,2026-09-07 09:50:41,309155295#1,restaurant,,764.2225196982893,558.1760304781078,37.4966006705371,127.0294945363528,3119.0,78.0,taxi_45,picked
dyn_pax_2211,3042.0,2026-09-07 09:50:42,521770116#2,company|restaurant|bus_stop,,432.3182248087171,1108.514093563608,37.50149560521279,127.02561136613096,3561.0,519.0,taxi_respawn_15,picked
dyn_pax_2212,3044.0,2026-09-07 09:50:44,-542367267#1,bus_stop,,247.51018316686128,1414.7184918773391,37.504219024473855,127.02344900430944,3346.0,302.0,taxi_28,picked
dyn_pax_2213,3044.0,2026-09-07 09:50:44,504227066#0,restaurant,,519.2210823013057,487.78345043316773,37.49592029712161,127.02674117912406,3110.0,66.0,taxi_37,picked
dyn_pax_2214,3045.0,2026-09-07 09:50:45,1229817205#0,company|subway_entrance|bus_stop,,599.2457558679199,652.2907550986157,37.497417346160496,127.02760695963683,,,,timeout
dyn_pax_2215,3046.0,2026-09-07 09:50:46,-417750354#0,residential,,923.3498430372201,1041.2071047119894,37.5009819832587,127.03117938951307,3392.0,346.0,taxi_39,picked
dyn_pax_2216,3047.0,2026-09-07 09:50:47,521766180#1,company|restaurant|bus_stop,,466.73410130235357,1169.2838037446552,37.502049542882666,127.02598608796039,3552.0,505.0,taxi_7,picked
dyn_pax_2217,3047.0,2026-09-07 09:50:47,-129731852,restaurant,,721.4959946165901,929.589824990092,37.499938423771525,127.02892348366522,3073.0,26.0,taxi_38,picked
dyn_pax_2218,3048.0,2026-09-07 09:50:48,521770119#1,restaurant|bus_stop,,527.3115514435282,995.8620162900467,37.50049875494786,127.02671217090477,,,,timeout
dyn_pax_2219,3050.0,2026-09-07 09:50:50,523141074#0,company|restaurant|subway_entrance,,524.0338794858329,871.4890157117229,37.4993777454413,127.02670460634431,,,,timeout
dyn_pax_2220,3050.0,2026-09-07 09:50:50,521770119#0,restaurant|bus_stop,,548.9831206778387,935.1148840516827,37.499955620541705,127.02697161236954,,,,timeout
dyn_pax_2221,3050.0,2026-09-07 09:50:50,523141074#0,company|restaurant|subway_entrance,,524.0338794858329,871.4890157117229,37.4993777454413,127.02670460634431,,,,timeout
dyn_pax_2222,3052.0,2026-09-07 09:50:52,-504509918#2,company|restaurant|bus_stop,,398.9694242295193,827.4758220967593,37.49895762305832,127.02530099003066,3562.0,510.0,taxi_respawn_34,picked
dyn_pax_2223,3053.0,2026-09-07 09:50:53,1376141182#0,bus_stop,,385.7154046370183,1301.0311255965628,37.50322104370192,127.02503873135461,,,,timeout
dyn_pax_2224,3054.0,2026-09-07 09:50:54,521766175#3,company|restaurant|subway_entrance|bus_stop,,373.6701172395771,1298.610217621072,37.50319695740621,127.02490310718325,3426.0,372.0,taxi_0,picked
dyn_pax_2225,3054.0,2026-09-07 09:50:54,309155295#3,restaurant,,868.2249250208004,595.011595969151,37.496952113096654,127.03066169877924,3163.0,109.0,taxi_8,picked
dyn_pax_2226,3055.0,2026-09-07 09:50:55,975332778#1,bus_stop,,681.6099970732737,721.9380561808346,37.49806030190971,127.02852170075586,3559.0,504.0,taxi_respawn_9,picked
dyn_pax_2227,3056.0,2026-09-07 09:50:56,521766180#1,company|restaurant|bus_stop,,466.73410130235357,1169.2838037446552,37.502049542882666,127.02598608796039,3558.0,502.0,taxi_46,picked
dyn_pax_2228,3058.0,2026-09-07 09:50:58,375049565#6,restaurant|subway_entrance|bus_stop,,789.5153251748014,798.8522330112556,37.49877353199428,127.02972351946808,,,,timeout
dyn_pax_2229,3059.0,2026-09-07 09:50:59,506191135#3,residential|company|restaurant|bus_stop,,238.79972345576414,789.4714057742513,37.49858497042428,127.023499044737,,,,timeout
dyn_pax_2230,3062.0,2026-09-07 09:51:02,520307304#0,school|subway_entrance|bus_stop,,602.6035134310263,763.145495629718,37.498416594724866,127.02761864854104,,,,timeout
dyn_pax_2231,3064.0,2026-09-07 09:51:04,494824662#3,company|restaurant|subway_entrance,,729.424850252167,406.6843378518681,37.49522941823122,127.02913698209235,,,,timeout
dyn_pax_2232,3065.0,2026-09-07 09:51:05,1117538957#3,restaurant|subway_entrance|bus_stop,,465.5082521847807,644.8780924026132,37.49732530507706,127.02609663221197,,,,timeout
dyn_pax_2233,3066.0,2026-09-07 09:51:06,521770116#2,company|restaurant|bus_stop,,432.3182248087171,1108.514093563608,37.50149560521279,127.02561136613096,,,,unpicked
dyn_pax_2234,3067.0,2026-09-07 09:51:07,1229817205#1,residential|bus_stop,,631.6400080768872,572.7061575261558,37.49670653972221,127.02799208080955,,,,timeout
dyn_pax_2235,3067.0,2026-09-07 09:51:07,-256787796#4,restaurant,,620.2926176327408,895.5374521094307,37.49961256354246,127.02778727239327,3094.0,27.0,taxi_1,picked
dyn_pax_2236,3068.0,2026-09-07 09:51:08,541692164#1,subway_entrance,,271.6277521231475,1406.6420105391767,37.5041508337347,127.02372362926798,,,,timeout
dyn_pax_2237,3070.0,2026-09-07 09:51:10,521766182#1,company|restaurant|subway_entrance,,681.695169875507,539.6867345716422,37.496418539503196,127.02856584056028,3428.0,358.0,taxi_respawn_26,picked
dyn_pax_2238,3071.0,2026-09-07 09:51:11,218877837#2,company|restaurant|bus_stop,,479.4555212141038,978.0213907550284,37.500328997763305,127.02617530290202,,,,timeout
dyn_pax_2239,3071.0,2026-09-07 09:51:11,494824662#3,company|restaurant|subway_entrance,,729.424850252167,406.6843378518681,37.49522941823122,127.02913698209235,,,,timeout
dyn_pax_2240,3073.0,2026-09-07 09:51:13,520307304#0,school|subway_entrance|bus_stop,,602.6035134310263,763.145495629718,37.498416594724866,127.02761864854104,,,,timeout
dyn_pax_2241,3075.0,2026-09-07 09:51:15,480850873,company|restaurant|bus_stop,,548.1935052770749,708.5896639848544,37.49791486187585,127.0270163956136,3556.0,481.0,taxi_8,picked
dyn_pax_2242,3075.0,2026-09-07 09:51:15,117790051#2,restaurant,,558.5532373104973,1361.778638311631,37.503800946163,127.02697864469606,,,,timeout
dyn_pax_2243,3076.0,2026-09-07 09:51:16,218873820#0,restaurant|subway_entrance|bus_stop,,628.9829311132032,562.4061665928522,37.49661325243901,127.02796447999128,,,,timeout
dyn_pax_2244,3077.0,2026-09-07 09:51:17,-504509918#2,company|restaurant|bus_stop,,398.9694242295193,827.4758220967593,37.49895762305832,127.02530099003066,3567.0,490.0,taxi_42,picked
dyn_pax_2245,3078.0,2026-09-07 09:51:18,178441450#1,residential|company|restaurant|bus_stop,,282.90243066757296,609.4157395563556,37.496971320837204,127.02404044855805,,,,timeout
dyn_pax_2246,3079.0,2026-09-07 09:51:19,521766180#1,company|restaurant|bus_stop,,466.73410130235357,1169.2838037446552,37.502049542882666,127.02598608796039,3564.0,485.0,taxi_47,picked
dyn_pax_2247,3081.0,2026-09-07 09:51:21,218873820#0,restaurant|subway_entrance|bus_stop,,628.9829311132032,562.4061665928522,37.49661325243901,127.02796447999128,,,,timeout
dyn_pax_2248,3081.0,2026-09-07 09:51:21,129731857#1,residential|restaurant,,656.8212873140518,799.6615847813327,37.498755780674834,127.02822301071001,,,,timeout
dyn_pax_2249,3082.0,2026-09-07 09:51:22,975332778#1,bus_stop,,681.6099970732737,721.9380561808346,37.49806030190971,127.02852170075586,,,,timeout
dyn_pax_2250,3082.0,2026-09-07 09:51:22,520307304#0,school|subway_entrance|bus_stop,,602.6035134310263,763.145495629718,37.498416594724866,127.02761864854104,,,,timeout
dyn_pax_2251,3083.0,2026-09-07 09:51:23,-417750336#5,restaurant,,886.0343029737398,891.1232225857099,37.499622942823265,127.030792984823,3525.0,442.0,taxi_32,picked
dyn_pax_2252,3084.0,2026-09-07 09:51:24,521770119#1,restaurant|bus_stop,,527.3115514435282,995.8620162900467,37.50049875494786,127.02671217090477,,,,timeout
dyn_pax_2253,3084.0,2026-09-07 09:51:24,-26163000#3,restaurant,,588.7487146070255,1286.0705793093782,37.50312464930957,127.02733802606956,3513.0,429.0,taxi_respawn_31,picked
dyn_pax_2254,3085.0,2026-09-07 09:51:25,541692164#1,subway_entrance,,271.6277521231475,1406.6420105391767,37.5041508337347,127.02372362926798,,,,timeout
dyn_pax_2255,3087.0,2026-09-07 09:51:27,218877837#2,company|restaurant|bus_stop,,479.4555212141038,978.0213907550284,37.500328997763305,127.02617530290202,,,,timeout
dyn_pax_2256,3087.0,2026-09-07 09:51:27,417933642#0,restaurant|bus_stop,,1041.0954363710525,463.30841921497654,37.49579826441859,127.03264736696761,,,,timeout
dyn_pax_2257,3088.0,2026-09-07 09:51:28,1117538958#3,bus_stop,,160.18899290588462,540.6019911995099,37.49632820280781,127.02266936696756,3219.0,131.0,taxi_11,picked
dyn_pax_2258,3090.0,2026-09-07 09:51:30,218873820#0,restaurant|subway_entrance|bus_stop,,628.9829311132032,562.4061665928522,37.49661325243901,127.02796447999128,,,,timeout
dyn_pax_2259,3091.0,2026-09-07 09:51:31,506191135#3,residential|company|restaurant|bus_stop,,238.79972345576414,789.4714057742513,37.49858497042428,127.023499044737,,,,timeout
dyn_pax_2260,3092.0,2026-09-07 09:51:32,-504509918#2,company|restaurant|bus_stop,,398.9694242295193,827.4758220967593,37.49895762305832,127.02530099003066,,,,timeout
dyn_pax_2261,3093.0,2026-09-07 09:51:33,-506191135#2,residential|bus_stop,,236.19733776439384,769.6838415951818,37.49840622577806,127.02347432089968,3535.0,442.0,taxi_respawn_11,picked
dyn_pax_2262,3095.0,2026-09-07 09:51:35,-129731717#1,residential|company|restaurant,,188.433090102474,1374.3511058470413,37.503844200149025,127.0227905913032,3150.0,55.0,taxi_20,picked
dyn_pax_2263,3096.0,2026-09-07 09:51:36,521766182#1,company|restaurant|subway_entrance,,681.695169875507,539.6867345716422,37.496418539503196,127.02856584056028,,,,timeout
dyn_pax_2264,3096.0,2026-09-07 09:51:36,375049565#2,restaurant,,1048.966709229659,894.5327467658005,37.49968436369115,127.03263441305876,3355.0,259.0,taxi_respawn_21,picked
dyn_pax_2265,3096.0,2026-09-07 09:51:36,494824662#3,company|restaurant|subway_entrance,,729.424850252167,406.6843378518681,37.49522941823122,127.02913698209235,,,,timeout
dyn_pax_2266,3097.0,2026-09-07 09:51:37,521766175#1,company|restaurant|subway_entrance,,332.9365590021661,1411.5585828157227,37.504206724109,127.02441570308932,,,,timeout
dyn_pax_2267,3099.0,2026-09-07 09:51:39,975332778#1,bus_stop,,681.6099970732737,721.9380561808346,37.49806030190971,127.02852170075586,,,,timeout
dyn_pax_2268,3102.0,2026-09-07 09:51:42,1229817205#0,company|subway_entrance|bus_stop,,599.2457558679199,652.2907550986157,37.497417346160496,127.02760695963683,,,,unpicked
dyn_pax_2269,3102.0,2026-09-07 09:51:42,-523141073,residential|company,,283.47995026542384,1109.9635024546676,37.50148051131825,127.02392811188028,3331.0,229.0,taxi_48,picked
dyn_pax_2270,3104.0,2026-09-07 09:51:44,1376141182#0,bus_stop,,385.7154046370183,1301.0311255965628,37.50322104370192,127.02503873135461,,,,unpicked
dyn_pax_2271,3105.0,2026-09-07 09:51:45,494824662#3,company|restaurant|subway_entrance,,729.424850252167,406.6843378518681,37.49522941823122,127.02913698209235,,,,unpicked
dyn_pax_2272,3107.0,2026-09-07 09:51:47,520307304#0,school|subway_entrance|bus_stop,,602.6035134310263,763.145495629718,37.498416594724866,127.02761864854104,,,,unpicked
dyn_pax_2273,3108.0,2026-09-07 09:51:48,218877837#2,company|restaurant|bus_stop,,479.4555212141038,978.0213907550284,37.500328997763305,127.02617530290202,,,,unpicked
dyn_pax_2274,3110.0,2026-09-07 09:51:50,218864491#0,restaurant|bus_stop,,769.9803916976219,760.1217113917903,37.49842094941813,127.02951181742357,3549.0,439.0,taxi_respawn_28,picked
dyn_pax_2275,3111.0,2026-09-07 09:51:51,1376141183#0,bus_stop,,548.2528111146681,901.2117688498424,37.49965007283687,127.02697139402301,,,,unpicked
dyn_pax_2276,3111.0,2026-09-07 09:51:51,494824662#3,company|restaurant|subway_entrance,,729.424850252167,406.6843378518681,37.49522941823122,127.02913698209235,,,,unpicked
dyn_pax_2277,3113.0,2026-09-07 09:51:53,506191135#3,residential|company|restaurant|bus_stop,,238.79972345576414,789.4714057742513,37.49858497042428,127.023499044737,,,,unpicked
dyn_pax_2278,3114.0,2026-09-07 09:51:54,218864491#0,restaurant|bus_stop,,769.9803916976219,760.1217113917903,37.49842094941813,127.02951181742357,,,,unpicked
dyn_pax_2279,3114.0,2026-09-07 09:51:54,417933646#2,residential|restaurant,,830.3119525357222,594.5819430897021,37.496941093289735,127.0302331440542,3270.0,156.0,taxi_29,picked
dyn_pax_2280,3114.0,2026-09-07 09:51:54,-504227066#3,restaurant,,449.3214735737982,636.1754008755333,37.497243849267164,127.02591568328045,3249.0,135.0,taxi_15,picked
dyn_pax_2281,3116.0,2026-09-07 09:51:56,-506191135#22,residential|company|restaurant|bus_stop,,38.693950105848444,1321.9513167019495,37.50334380565249,127.02110990869835,,,,unpicked
dyn_pax_2282,3117.0,2026-09-07 09:51:57,417933642#0,restaurant|bus_stop,,1041.0954363710525,463.30841921497654,37.49579826441859,127.03264736696761,,,,unpicked
dyn_pax_2283,3117.0,2026-09-07 09:51:57,523141074#0,company|restaurant|subway_entrance,,524.0338794858329,871.4890157117229,37.4993777454413,127.02670460634431,,,,unpicked
dyn_pax_2284,3119.0,2026-09-07 09:51:59,521766180#1,company|restaurant|bus_stop,,466.73410130235357,1169.2838037446552,37.502049542882666,127.02598608796039,3570.0,451.0,taxi_respawn_20,picked
dyn_pax_2285,3120.0,2026-09-07 09:52:00,541692164#1,subway_entrance,,271.6277521231475,1406.6420105391767,37.5041508337347,127.02372362926798,,,,unpicked
dyn_pax_2286,3122.0,2026-09-07 09:52:02,417750337#2,restaurant,,602.0112566641748,1239.22102407953,37.50270511928559,127.02749909599581,,,,unpicked
dyn_pax_2287,3123.0,2026-09-07 09:52:03,219837933#0,residential|company,,49.0199205680682,1328.1480294371383,37.503401583976704,127.02122519296726,3139.0,16.0,taxi_respawn_28,picked
dyn_pax_2288,3124.0,2026-09-07 09:52:04,178441450#1,residential|company|restaurant|bus_stop,,282.90243066757296,609.4157395563556,37.496971320837204,127.02404044855805,,,,unpicked
dyn_pax_2289,3124.0,2026-09-07 09:52:04,218873820#0,restaurant|subway_entrance|bus_stop,,628.9829311132032,562.4061665928522,37.49661325243901,127.02796447999128,,,,unpicked
dyn_pax_2290,3125.0,2026-09-07 09:52:05,-506191135#22,residential|company|restaurant|bus_stop,,38.693950105848444,1321.9513167019495,37.50334380565249,127.02110990869835,,,,unpicked
dyn_pax_2291,3126.0,2026-09-07 09:52:06,-117790051#4,restaurant,,448.3479635094145,1379.7889979949318,37.50394236073409,127.02572824341395,3192.0,66.0,taxi_10,picked
dyn_pax_2292,3127.0,2026-09-07 09:52:07,1117538958#3,bus_stop,,160.18899290588462,540.6019911995099,37.49632820280781,127.02266936696756,3465.0,338.0,taxi_respawn_23,picked
dyn_pax_2293,3128.0,2026-09-07 09:52:08,521766175#3,company|restaurant|subway_entrance|bus_stop,,373.6701172395771,1298.610217621072,37.50319695740621,127.02490310718325,,,,unpicked
dyn_pax_2294,3130.0,2026-09-07 09:52:10,521766175#3,company|restaurant|subway_entrance|bus_stop,,373.6701172395771,1298.610217621072,37.50319695740621,127.02490310718325,,,,unpicked
dyn_pax_2295,3131.0,2026-09-07 09:52:11,1117538957#3,restaurant|subway_entrance|bus_stop,,465.5082521847807,644.8780924026132,37.49732530507706,127.02609663221197,,,,unpicked
dyn_pax_2296,3133.0,2026-09-07 09:52:13,521766175#3,company|restaurant|subway_entrance|bus_stop,,373.6701172395771,1298.610217621072,37.50319695740621,127.02490310718325,,,,unpicked
dyn_pax_2297,3134.0,2026-09-07 09:52:14,-541692164#2,subway_entrance,,317.7122087179151,1441.0296574375257,37.504469327730426,127.0242365566347,,,,unpicked
dyn_pax_2298,3135.0,2026-09-07 09:52:15,-129731717#1,residential|company|restaurant,,188.433090102474,1374.3511058470413,37.503844200149025,127.0227905913032,3164.0,29.0,taxi_33,picked
dyn_pax_2299,3136.0,2026-09-07 09:52:16,1117538957#3,restaurant|subway_entrance|bus_stop,,465.5082521847807,644.8780924026132,37.49732530507706,127.02609663221197,,,,unpicked
dyn_pax_2300,3136.0,2026-09-07 09:52:16,417750354#1,restaurant,,919.2899707887079,1024.6134421491665,37.5008317366974,127.03113741131199,3446.0,310.0,taxi_20,picked
dyn_pax_2301,3137.0,2026-09-07 09:52:17,521766175#1,company|restaurant|subway_entrance,,332.9365590021661,1411.5585828157227,37.504206724109,127.02441570308932,,,,unpicked
dyn_pax_2302,3139.0,2026-09-07 09:52:19,218864491#0,restaurant|bus_stop,,769.9803916976219,760.1217113917903,37.49842094941813,127.02951181742357,,,,unpicked
dyn_pax_2303,3140.0,2026-09-07 09:52:20,1117538957#3,restaurant|subway_entrance|bus_stop,,465.5082521847807,644.8780924026132,37.49732530507706,127.02609663221197,,,,unpicked
dyn_pax_2304,3142.0,2026-09-07 09:52:22,-506191135#22,residential|company|restaurant|bus_stop,,38.693950105848444,1321.9513167019495,37.50334380565249,127.02110990869835,,,,unpicked
dyn_pax_2305,3143.0,2026-09-07 09:52:23,521766175#3,company|restaurant|subway_entrance|bus_stop,,373.6701172395771,1298.610217621072,37.50319695740621,127.02490310718325,,,,unpicked
dyn_pax_2306,3145.0,2026-09-07 09:52:25,305539406,company|restaurant|subway_entrance,,566.389495917364,736.5285064605782,37.49816998085155,127.02721550408178,,,,unpicked
dyn_pax_2307,3147.0,2026-09-07 09:52:27,218873820#0,restaurant|subway_entrance|bus_stop,,628.9829311132032,562.4061665928522,37.49661325243901,127.02796447999128,,,,unpicked
dyn_pax_2308,3148.0,2026-09-07 09:52:28,218873820#0,restaurant|subway_entrance|bus_stop,,628.9829311132032,562.4061665928522,37.49661325243901,127.02796447999128,,,,unpicked
dyn_pax_2309,3150.0,2026-09-07 09:52:30,521766180#1,company|restaurant|bus_stop,,466.73410130235357,1169.2838037446552,37.502049542882666,127.02598608796039,,,,unpicked
dyn_pax_2310,3151.0,2026-09-07 09:52:31,-504509918#2,company|restaurant|bus_stop,,398.9694242295193,827.4758220967593,37.49895762305832,127.02530099003066,,,,unpicked
dyn_pax_2311,3153.0,2026-09-07 09:52:33,506191135#3,residential|company|restaurant|bus_stop,,238.79972345576414,789.4714057742513,37.49858497042428,127.023499044737,,,,unpicked
dyn_pax_2312,3153.0,2026-09-07 09:52:33,218857636#1,residential|company|restaurant|bus_stop,,297.92905089287035,623.2061345250047,37.49709839153085,127.02420706961871,,,,unpicked
dyn_pax_2313,3154.0,2026-09-07 09:52:34,219837933#0,residential|company,,49.0199205680682,1328.1480294371383,37.503401583976704,127.02122519296726,3302.0,148.0,taxi_respawn_24,picked
dyn_pax_2314,3156.0,2026-09-07 09:52:36,1117538957#3,restaurant|subway_entrance|bus_stop,,465.5082521847807,644.8780924026132,37.49732530507706,127.02609663221197,,,,unpicked
dyn_pax_2315,3156.0,2026-09-07 09:52:36,129731859#0,restaurant,,636.6446621144157,858.1896913104493,37.49927921090336,127.0279810114602,3334.0,178.0,taxi_10,picked
dyn_pax_2316,3157.0,2026-09-07 09:52:37,521766175#1,company|restaurant|subway_entrance,,332.9365590021661,1411.5585828157227,37.504206724109,127.02441570308932,,,,unpicked
dyn_pax_2317,3159.0,2026-09-07 09:52:39,521766182#1,company|restaurant|subway_entrance,,681.695169875507,539.6867345716422,37.496418539503196,127.02856584056028,,,,unpicked
dyn_pax_2318,3160.0,2026-09-07 09:52:40,521766175#1,company|restaurant|subway_entrance,,332.9365590021661,1411.5585828157227,37.504206724109,127.02441570308932,,,,unpicked
dyn_pax_2319,3162.0,2026-09-07 09:52:42,1376141182#0,bus_stop,,385.7154046370183,1301.0311255965628,37.50322104370192,127.02503873135461,,,,unpicked
dyn_pax_2320,3162.0,2026-09-07 09:52:42,-309155295#1,residential|restaurant,,820.2174803017108,588.0239695218922,37.496880113093034,127.03012056506905,3520.0,358.0,taxi_14,picked
dyn_pax_2321,3162.0,2026-09-07 09:52:42,-309155295#2,restaurant,,851.6644930724242,598.8503866590313,37.496983571544654,127.03047355257749,3440.0,278.0,taxi_15,picked
dyn_pax_2322,3163.0,2026-09-07 09:52:43,417933642#0,restaurant|bus_stop,,1041.0954363710525,463.30841921497654,37.49579826441859,127.03264736696761,,,,unpicked
dyn_pax_2323,3163.0,2026-09-07 09:52:43,-417750337#1,restaurant,,620.0756768942672,1248.4347545200121,37.5027915312318,127.02770116938098,3341.0,178.0,taxi_respawn_38,picked
dyn_pax_2324,3164.0,2026-09-07 09:52:44,521770119#1,restaurant|bus_stop,,527.3115514435282,995.8620162900467,37.50049875494786,127.02671217090477,,,,unpicked
dyn_pax_2325,3165.0,2026-09-07 09:52:45,218877837#2,company|restaurant|bus_stop,,479.4555212141038,978.0213907550284,37.500328997763305,127.02617530290202,,,,unpicked
dyn_pax_2326,3166.0,2026-09-07 09:52:46,521770119#0,restaurant|bus_stop,,548.9831206778387,935.1148840516827,37.499955620541705,127.02697161236954,,,,unpicked
dyn_pax_2327,3167.0,2026-09-07 09:52:47,-417933646#1,residential|restaurant,,826.6019869456061,577.8075382253838,37.49678928421788,127.03019516859905,3237.0,70.0,taxi_respawn_25,picked
dyn_pax_2328,3168.0,2026-09-07 09:52:48,-541692164#2,subway_entrance,,317.7122087179151,1441.0296574375257,37.504469327730426,127.0242365566347,,,,unpicked
dyn_pax_2329,3169.0,2026-09-07 09:52:49,521766175#3,company|restaurant|subway_entrance|bus_stop,,373.6701172395771,1298.610217621072,37.50319695740621,127.02490310718325,,,,unpicked
dyn_pax_2330,3171.0,2026-09-07 09:52:51,305539406,company|restaurant|subway_entrance,,566.389495917364,736.5285064605782,37.49816998085155,127.02721550408178,,,,unpicked
dyn_pax_2331,3173.0,2026-09-07 09:52:53,-506191135#22,residential|company|restaurant|bus_stop,,38.693950105848444,1321.9513167019495,37.50334380565249,127.02110990869835,,,,unpicked
dyn_pax_2332,3174.0,2026-09-07 09:52:54,218864491#0,restaurant|bus_stop,,769.9803916976219,760.1217113917903,37.49842094941813,127.02951181742357,,,,unpicked
dyn_pax_2333,3175.0,2026-09-07 09:52:55,1117538957#3,restaurant|subway_entrance|bus_stop,,465.5082521847807,644.8780924026132,37.49732530507706,127.02609663221197,,,,unpicked
dyn_pax_2334,3176.0,2026-09-07 09:52:56,1376141183#0,bus_stop,,548.2528111146681,901.2117688498424,37.49965007283687,127.02697139402301,,,,unpicked
dyn_pax_2335,3177.0,2026-09-07 09:52:57,218873820#0,restaurant|subway_entrance|bus_stop,,628.9829311132032,562.4061665928522,37.49661325243901,127.02796447999128,,,,unpicked
dyn_pax_2336,3177.0,2026-09-07 09:52:57,417933646#2,residential|restaurant,,830.3119525357222,594.5819430897021,37.496941093289735,127.0302331440542,,,,unpicked
dyn_pax_2337,3179.0,2026-09-07 09:52:59,218873820#0,restaurant|subway_entrance|bus_stop,,628.9829311132032,562.4061665928522,37.49661325243901,127.02796447999128,,,,unpicked
dyn_pax_2338,3179.0,2026-09-07 09:52:59,-417933646#1,residential|restaurant,,826.6019869456061,577.8075382253838,37.49678928421788,127.03019516859905,3528.0,349.0,taxi_respawn_2,picked
dyn_pax_2339,3180.0,2026-09-07 09:53:00,218857636#1,residential|company|restaurant|bus_stop,,297.92905089287035,623.2061345250047,37.49709839153085,127.02420706961871,,,,unpicked
dyn_pax_2340,3180.0,2026-09-07 09:53:00,-129731857#2,restaurant,,875.7452923990509,884.8037873845144,37.499564075208866,127.03067814538078,3534.0,354.0,taxi_41,picked
dyn_pax_2341,3182.0,2026-09-07 09:53:02,523141074#0,company|restaurant|subway_entrance,,524.0338794858329,871.4890157117229,37.4993777454413,127.02670460634431,,,,unpicked
dyn_pax_2342,3182.0,2026-09-07 09:53:02,239962780#1,company|restaurant,,78.091042197054,1418.7355011637856,37.504223128704645,127.02153236485597,3261.0,79.0,taxi_respawn_9,picked
dyn_pax_2343,3183.0,2026-09-07 09:53:03,1376141182#0,bus_stop,,385.7154046370183,1301.0311255965628,37.50322104370192,127.02503873135461,,,,unpicked
dyn_pax_2344,3185.0,2026-09-07 09:53:05,1229817205#1,residential|bus_stop,,631.6400080768872,572.7061575261558,37.49670653972221,127.02799208080955,,,,unpicked
dyn_pax_2345,3187.0,2026-09-07 09:53:07,-379463124,restaurant,,592.9390816363945,1268.4136255899298,37.5029663815994,127.02738959394404,3216.0,29.0,taxi_respawn_33,picked
dyn_pax_2346,3188.0,2026-09-07 09:53:08,305539406,company|restaurant|subway_entrance,,566.389495917364,736.5285064605782,37.49816998085155,127.02721550408178,,,,unpicked
dyn_pax_2347,3189.0,2026-09-07 09:53:09,218857636#1,residential|company|restaurant|bus_stop,,297.92905089287035,623.2061345250047,37.49709839153085,127.02420706961871,,,,unpicked
dyn_pax_2348,3191.0,2026-09-07 09:53:11,541692164#1,subway_entrance,,271.6277521231475,1406.6420105391767,37.5041508337347,127.02372362926798,,,,unpicked
dyn_pax_2349,3191.0,2026-09-07 09:53:11,305539406,company|restaurant|subway_entrance,,566.389495917364,736.5285064605782,37.49816998085155,127.02721550408178,,,,unpicked
dyn_pax_2350,3192.0,2026-09-07 09:53:12,417933642#0,restaurant|bus_stop,,1041.0954363710525,463.30841921497654,37.49579826441859,127.03264736696761,,,,unpicked
dyn_pax_2351,3192.0,2026-09-07 09:53:12,-417933645#2,company|restaurant|subway_entrance,,701.1658676593129,719.5455833044954,37.49804244093877,127.02874337560036,,,,unpicked
dyn_pax_2352,3194.0,2026-09-07 09:53:14,480850873,company|restaurant|bus_stop,,548.1935052770749,708.5896639848544,37.49791486187585,127.0270163956136,3599.0,405.0,taxi_25,picked
dyn_pax_2353,3196.0,2026-09-07 09:53:16,520307304#0,school|subway_entrance|bus_stop,,602.6035134310263,763.145495629718,37.498416594724866,127.02761864854104,,,,unpicked
dyn_pax_2354,3197.0,2026-09-07 09:53:17,521770119#1,restaurant|bus_stop,,527.3115514435282,995.8620162900467,37.50049875494786,127.02671217090477,,,,unpicked
dyn_pax_2355,3197.0,2026-09-07 09:53:17,129731859#3,restaurant,,873.6090416568148,941.272009001338,37.50007235670303,127.03064062663523,3238.0,41.0,taxi_respawn_17,picked
dyn_pax_2356,3198.0,2026-09-07 09:53:18,494824662#3,company|restaurant|subway_entrance,,729.424850252167,406.6843378518681,37.49522941823122,127.02913698209235,,,,unpicked
dyn_pax_2357,3199.0,2026-09-07 09:53:19,521766182#1,company|restaurant|subway_entrance,,681.695169875507,539.6867345716422,37.496418539503196,127.02856584056028,,,,unpicked
dyn_pax_2358,3200.0,2026-09-07 09:53:20,520307304#0,school|subway_entrance|bus_stop,,602.6035134310263,763.145495629718,37.498416594724866,127.02761864854104,,,,unpicked
dyn_pax_2359,3202.0,2026-09-07 09:53:22,480850873,company|restaurant|bus_stop,,548.1935052770749,708.5896639848544,37.49791486187585,127.0270163956136,,,,unpicked
dyn_pax_2360,3203.0,2026-09-07 09:53:23,218857636#1,residential|company|restaurant|bus_stop,,297.92905089287035,623.2061345250047,37.49709839153085,127.02420706961871,,,,unpicked
dyn_pax_2361,3203.0,2026-09-07 09:53:23,-129731717#1,residential|company|restaurant,,188.433090102474,1374.3511058470413,37.503844200149025,127.0227905913032,3427.0,224.0,taxi_respawn_32,picked
dyn_pax_2362,3205.0,2026-09-07 09:53:25,521766175#3,company|restaurant|subway_entrance|bus_stop,,373.6701172395771,1298.610217621072,37.50319695740621,127.02490310718325,,,,unpicked
dyn_pax_2363,3206.0,2026-09-07 09:53:26,218873820#0,restaurant|subway_entrance|bus_stop,,628.9829311132032,562.4061665928522,37.49661325243901,127.02796447999128,,,,unpicked
dyn_pax_2364,3208.0,2026-09-07 09:53:28,975332778#1,bus_stop,,681.6099970732737,721.9380561808346,37.49806030190971,127.02852170075586,,,,unpicked
dyn_pax_2365,3208.0,2026-09-07 09:53:28,628232693#0,company|restaurant,,644.2623295929467,660.168099777976,37.49749680792099,127.0281140674837,3424.0,216.0,taxi_respawn_28,picked
dyn_pax_2366,3209.0,2026-09-07 09:53:29,1376141182#0,bus_stop,,385.7154046370183,1301.0311255965628,37.50322104370192,127.02503873135461,,,,unpicked
dyn_pax_2367,3211.0,2026-09-07 09:53:31,375049565#6,restaurant|subway_entrance|bus_stop,,789.5153251748014,798.8522330112556,37.49877353199428,127.02972351946808,,,,unpicked
dyn_pax_2368,3212.0,2026-09-07 09:53:32,520307304#0,school|subway_entrance|bus_stop,,602.6035134310263,763.145495629718,37.498416594724866,127.02761864854104,,,,unpicked
dyn_pax_2369,3213.0,2026-09-07 09:53:33,129731857#1,residential|restaurant,,656.8212873140518,799.6615847813327,37.498755780674834,127.02822301071001,,,,unpicked
dyn_pax_2370,3214.0,2026-09-07 09:53:34,-541692164#2,subway_entrance,,317.7122087179151,1441.0296574375257,37.504469327730426,127.0242365566347,,,,unpicked
dyn_pax_2371,3215.0,2026-09-07 09:53:35,521766175#3,company|restaurant|subway_entrance|bus_stop,,373.6701172395771,1298.610217621072,37.50319695740621,127.02490310718325,,,,unpicked
dyn_pax_2372,3216.0,2026-09-07 09:53:36,417750354#1,restaurant,,919.2899707887079,1024.6134421491665,37.5008317366974,127.03113741131199,,,,unpicked
dyn_pax_2373,3217.0,2026-09-07 09:53:37,305539406,company|restaurant|subway_entrance,,566.389495917364,736.5285064605782,37.49816998085155,127.02721550408178,,,,unpicked
dyn_pax_2374,3219.0,2026-09-07 09:53:39,521766175#1,company|restaurant|subway_entrance,,332.9365590021661,1411.5585828157227,37.504206724109,127.02441570308932,,,,unpicked
dyn_pax_2375,3220.0,2026-09-07 09:53:40,520307304#0,school|subway_entrance|bus_stop,,602.6035134310263,763.145495629718,37.498416594724866,127.02761864854104,,,,unpicked
dyn_pax_2376,3220.0,2026-09-07 09:53:40,1229817205#0,company|subway_entrance|bus_stop,,599.2457558679199,652.2907550986157,37.497417346160496,127.02760695963683,,,,unpicked
dyn_pax_2377,3222.0,2026-09-07 09:53:42,218864491#0,restaurant|bus_stop,,769.9803916976219,760.1217113917903,37.49842094941813,127.02951181742357,,,,unpicked
dyn_pax_2378,3223.0,2026-09-07 09:53:43,521766182#1,company|restaurant|subway_entrance,,681.695169875507,539.6867345716422,37.496418539503196,127.02856584056028,,,,unpicked
dyn_pax_2379,3224.0,2026-09-07 09:53:44,-417750354#0,residential,,923.3498430372201,1041.2071047119894,37.5009819832587,127.03117938951307,3406.0,182.0,taxi_respawn_36,picked
dyn_pax_2380,3225.0,2026-09-07 09:53:45,494824662#3,company|restaurant|subway_entrance,,729.424850252167,406.6843378518681,37.49522941823122,127.02913698209235,,,,unpicked
dyn_pax_2381,3225.0,2026-09-07 09:53:45,520307304#0,school|subway_entrance|bus_stop,,602.6035134310263,763.145495629718,37.498416594724866,127.02761864854104,,,,unpicked
dyn_pax_2382,3226.0,2026-09-07 09:53:46,1117538957#3,restaurant|subway_entrance|bus_stop,,465.5082521847807,644.8780924026132,37.49732530507706,127.02609663221197,,,,unpicked
dyn_pax_2383,3228.0,2026-09-07 09:53:48,1376141182#0,bus_stop,,385.7154046370183,1301.0311255965628,37.50322104370192,127.02503873135461,,,,unpicked
dyn_pax_2384,3229.0,2026-09-07 09:53:49,1117538957#3,restaurant|subway_entrance|bus_stop,,465.5082521847807,644.8780924026132,37.49732530507706,127.02609663221197,,,,unpicked
dyn_pax_2385,3231.0,2026-09-07 09:53:51,375049565#6,restaurant|subway_entrance|bus_stop,,789.5153251748014,798.8522330112556,37.49877353199428,127.02972351946808,,,,unpicked
dyn_pax_2386,3231.0,2026-09-07 09:53:51,-504509918#2,company|restaurant|bus_stop,,398.9694242295193,827.4758220967593,37.49895762305832,127.02530099003066,,,,unpicked
dyn_pax_2387,3232.0,2026-09-07 09:53:52,523141074#0,company|restaurant|subway_entrance,,524.0338794858329,871.4890157117229,37.4993777454413,127.02670460634431,,,,unpicked
dyn_pax_2388,3234.0,2026-09-07 09:53:54,-504509918#2,company|restaurant|bus_stop,,398.9694242295193,827.4758220967593,37.49895762305832,127.02530099003066,,,,unpicked
dyn_pax_2389,3234.0,2026-09-07 09:53:54,417933645#0,residential|restaurant,,823.1026288816429,385.61625104994533,37.49505730126708,127.03020109557775,3456.0,222.0,taxi_respawn_29,picked
dyn_pax_2390,3235.0,2026-09-07 09:53:55,521766182#1,company|restaurant|subway_entrance,,681.695169875507,539.6867345716422,37.496418539503196,127.02856584056028,,,,unpicked
dyn_pax_2391,3235.0,2026-09-07 09:53:55,521766182#1,company|restaurant|subway_entrance,,681.695169875507,539.6867345716422,37.496418539503196,127.02856584056028,,,,unpicked
dyn_pax_2392,3237.0,2026-09-07 09:53:57,218864491#0,restaurant|bus_stop,,769.9803916976219,760.1217113917903,37.49842094941813,127.02951181742357,,,,unpicked
dyn_pax_2393,3238.0,2026-09-07 09:53:58,1229817205#1,residential|bus_stop,,631.6400080768872,572.7061575261558,37.49670653972221,127.02799208080955,,,,unpicked
dyn_pax_2394,3241.0,2026-09-07 09:54:01,521766182#1,company|restaurant|subway_entrance,,681.695169875507,539.6867345716422,37.496418539503196,127.02856584056028,,,,unpicked
dyn_pax_2395,3242.0,2026-09-07 09:54:02,521766182#1,company|restaurant|subway_entrance,,681.695169875507,539.6867345716422,37.496418539503196,127.02856584056028,,,,unpicked
dyn_pax_2396,3243.0,2026-09-07 09:54:03,521766175#1,company|restaurant|subway_entrance,,332.9365590021661,1411.5585828157227,37.504206724109,127.02441570308932,,,,unpicked
dyn_pax_2397,3243.0,2026-09-07 09:54:03,504512001,restaurant,,488.2111633916996,684.0143948730154,37.497682147346794,127.02634403725544,,,,unpicked
dyn_pax_2398,3245.0,2026-09-07 09:54:05,-504509918#2,company|restaurant|bus_stop,,398.9694242295193,827.4758220967593,37.49895762305832,127.02530099003066,,,,unpicked
dyn_pax_2399,3246.0,2026-09-07 09:54:06,218864491#0,restaurant|bus_stop,,769.9803916976219,760.1217113917903,37.49842094941813,127.02951181742357,,,,unpicked
dyn_pax_2400,3248.0,2026-09-07 09:54:08,521766180#1,company|restaurant|bus_stop,,466.73410130235357,1169.2838037446552,37.502049542882666,127.02598608796039,,,,unpicked
dyn_pax_2401,3249.0,2026-09-07 09:54:09,520307304#0,school|subway_entrance|bus_stop,,602.6035134310263,763.145495629718,37.498416594724866,127.02761864854104,,,,unpicked
dyn_pax_2402,3250.0,2026-09-07 09:54:10,521766180#1,company|restaurant|bus_stop,,466.73410130235357,1169.2838037446552,37.502049542882666,127.02598608796039,,,,unpicked
dyn_pax_2403,3251.0,2026-09-07 09:54:11,520307304#0,school|subway_entrance|bus_stop,,602.6035134310263,763.145495629718,37.498416594724866,127.02761864854104,,,,unpicked
dyn_pax_2404,3252.0,2026-09-07 09:54:12,523141074#0,company|restaurant|subway_entrance,,524.0338794858329,871.4890157117229,37.4993777454413,127.02670460634431,,,,unpicked
dyn_pax_2405,3252.0,2026-09-07 09:54:12,417933642#2,residential|restaurant,,976.5976168723116,645.9370182109647,37.49743129415275,127.0318749523804,,,,unpicked
dyn_pax_2406,3253.0,2026-09-07 09:54:13,305539406,company|restaurant|subway_entrance,,566.389495917364,736.5285064605782,37.49816998085155,127.02721550408178,,,,unpicked
dyn_pax_2407,3254.0,2026-09-07 09:54:14,1376141182#0,bus_stop,,385.7154046370183,1301.0311255965628,37.50322104370192,127.02503873135461,,,,unpicked
dyn_pax_2408,3255.0,2026-09-07 09:54:15,375049565#6,restaurant|subway_entrance|bus_stop,,789.5153251748014,798.8522330112556,37.49877353199428,127.02972351946808,,,,unpicked
dyn_pax_2409,3257.0,2026-09-07 09:54:17,1229817205#1,residential|bus_stop,,631.6400080768872,572.7061575261558,37.49670653972221,127.02799208080955,,,,unpicked
dyn_pax_2410,3258.0,2026-09-07 09:54:18,417933642#0,restaurant|bus_stop,,1041.0954363710525,463.30841921497654,37.49579826441859,127.03264736696761,,,,unpicked
dyn_pax_2411,3258.0,2026-09-07 09:54:18,1229817205#0,company|subway_entrance|bus_stop,,599.2457558679199,652.2907550986157,37.497417346160496,127.02760695963683,,,,unpicked
dyn_pax_2412,3260.0,2026-09-07 09:54:20,218873820#0,restaurant|subway_entrance|bus_stop,,628.9829311132032,562.4061665928522,37.49661325243901,127.02796447999128,,,,unpicked
dyn_pax_2413,3260.0,2026-09-07 09:54:20,-117790039#2,company|restaurant,,1017.0012393074795,990.846024966068,37.5005459641277,127.03225021068775,3382.0,122.0,taxi_respawn_11,picked
dyn_pax_2414,3261.0,2026-09-07 09:54:21,305539406,company|restaurant|subway_entrance,,566.389495917364,736.5285064605782,37.49816998085155,127.02721550408178,,,,unpicked
dyn_pax_2415,3261.0,2026-09-07 09:54:21,-379463134#6,restaurant,,651.5506250710082,1319.679135788758,37.50343926652266,127.02804017641046,,,,unpicked
dyn_pax_2416,3263.0,2026-09-07 09:54:23,523141074#0,company|restaurant|subway_entrance,,524.0338794858329,871.4890157117229,37.4993777454413,127.02670460634431,,,,unpicked
dyn_pax_2417,3266.0,2026-09-07 09:54:26,521766180#1,company|restaurant|bus_stop,,466.73410130235357,1169.2838037446552,37.502049542882666,127.02598608796039,,,,unpicked
dyn_pax_2418,3267.0,2026-09-07 09:54:27,-506191135#22,residential|company|restaurant|bus_stop,,38.693950105848444,1321.9513167019495,37.50334380565249,127.02110990869835,,,,unpicked
dyn_pax_2419,3268.0,2026-09-07 09:54:28,521766175#3,company|restaurant|subway_entrance|bus_stop,,373.6701172395771,1298.610217621072,37.50319695740621,127.02490310718325,,,,unpicked
dyn_pax_2420,3269.0,2026-09-07 09:54:29,218873820#0,restaurant|subway_entrance|bus_stop,,628.9829311132032,562.4061665928522,37.49661325243901,127.02796447999128,,,,unpicked
dyn_pax_2421,3270.0,2026-09-07 09:54:30,129731858#2,restaurant,,783.9672744139122,855.548332172334,37.49928322221005,127.02964736483162,,,,unpicked
dyn_pax_2422,3271.0,2026-09-07 09:54:31,305539406,company|restaurant|subway_entrance,,566.389495917364,736.5285064605782,37.49816998085155,127.02721550408178,,,,unpicked
dyn_pax_2423,3272.0,2026-09-07 09:54:32,1376141183#0,bus_stop,,548.2528111146681,901.2117688498424,37.49965007283687,127.02697139402301,,,,unpicked
dyn_pax_2424,3272.0,2026-09-07 09:54:32,-117790051#4,restaurant,,448.3479635094145,1379.7889979949318,37.50394236073409,127.02572824341395,3599.0,327.0,taxi_23,picked
dyn_pax_2425,3274.0,2026-09-07 09:54:34,-506191135#22,residential|company|restaurant|bus_stop,,38.693950105848444,1321.9513167019495,37.50334380565249,127.02110990869835,,,,unpicked
dyn_pax_2426,3275.0,2026-09-07 09:54:35,1117538958#3,bus_stop,,160.18899290588462,540.6019911995099,37.49632820280781,127.02266936696756,3524.0,249.0,taxi_43,picked
dyn_pax_2427,3275.0,2026-09-07 09:54:35,129733424#1,restaurant,,625.7652907028337,1027.567371479777,37.50080296382065,127.02781785674841,3295.0,20.0,taxi_32,picked
dyn_pax_2428,3277.0,2026-09-07 09:54:37,541692164#1,subway_entrance,,271.6277521231475,1406.6420105391767,37.5041508337347,127.02372362926798,,,,unpicked
dyn_pax_2429,3280.0,2026-09-07 09:54:40,-504509918#2,company|restaurant|bus_stop,,398.9694242295193,827.4758220967593,37.49895762305832,127.02530099003066,,,,unpicked
dyn_pax_2430,3281.0,2026-09-07 09:54:41,375049565#6,restaurant|subway_entrance|bus_stop,,789.5153251748014,798.8522330112556,37.49877353199428,127.02972351946808,,,,unpicked
dyn_pax_2431,3281.0,2026-09-07 09:54:41,504227066#0,restaurant,,519.2210823013057,487.78345043316773,37.49592029712161,127.02674117912406,3349.0,68.0,taxi_respawn_22,picked
dyn_pax_2432,3282.0,2026-09-07 09:54:42,379232155,restaurant,,946.0567570824509,480.05346239194995,37.49593120335224,127.03156888346594,,,,unpicked
dyn_pax_2433,3283.0,2026-09-07 09:54:43,521766182#1,company|restaurant|subway_entrance,,681.695169875507,539.6867345716422,37.496418539503196,127.02856584056028,,,,unpicked
dyn_pax_2434,3283.0,2026-09-07 09:54:43,1376141183#0,bus_stop,,548.2528111146681,901.2117688498424,37.49965007283687,127.02697139402301,,,,unpicked
dyn_pax_2435,3284.0,2026-09-07 09:54:44,521766175#1,company|restaurant|subway_entrance,,332.9365590021661,1411.5585828157227,37.504206724109,127.02441570308932,,,,unpicked
dyn_pax_2436,3284.0,2026-09-07 09:54:44,-129731721#2,company|restaurant,,388.6558839574922,820.9778890483499,37.49889713764622,127.02518592115393,,,,unpicked
dyn_pax_2437,3286.0,2026-09-07 09:54:46,-417933645#2,company|restaurant|subway_entrance,,701.1658676593129,719.5455833044954,37.49804244093877,127.02874337560036,,,,unpicked
dyn_pax_2438,3287.0,2026-09-07 09:54:47,375049565#6,restaurant|subway_entrance|bus_stop,,789.5153251748014,798.8522330112556,37.49877353199428,127.02972351946808,,,,unpicked
dyn_pax_2439,3288.0,2026-09-07 09:54:48,417750354#1,restaurant,,919.2899707887079,1024.6134421491665,37.5008317366974,127.03113741131199,,,,unpicked
dyn_pax_2440,3291.0,2026-09-07 09:54:51,975332778#1,bus_stop,,681.6099970732737,721.9380561808346,37.49806030190971,127.02852170075586,,,,unpicked
dyn_pax_2441,3292.0,2026-09-07 09:54:52,521766180#1,company|restaurant|bus_stop,,466.73410130235357,1169.2838037446552,37.502049542882666,127.02598608796039,,,,unpicked
dyn_pax_2442,3294.0,2026-09-07 09:54:54,521766175#3,company|restaurant|subway_entrance|bus_stop,,373.6701172395771,1298.610217621072,37.50319695740621,127.02490310718325,,,,unpicked
dyn_pax_2443,3295.0,2026-09-07 09:54:55,-506191135#22,residential|company|restaurant|bus_stop,,38.693950105848444,1321.9513167019495,37.50334380565249,127.02110990869835,,,,unpicked
dyn_pax_2444,3297.0,2026-09-07 09:54:57,521770119#1,restaurant|bus_stop,,527.3115514435282,995.8620162900467,37.50049875494786,127.02671217090477,,,,unpicked
dyn_pax_2445,3297.0,2026-09-07 09:54:57,239962780#1,company|restaurant,,78.091042197054,1418.7355011637856,37.504223128704645,127.02153236485597,3511.0,214.0,taxi_36,picked
dyn_pax_2446,3298.0,2026-09-07 09:54:58,520307304#0,school|subway_entrance|bus_stop,,602.6035134310263,763.145495629718,37.498416594724866,127.02761864854104,,,,unpicked
dyn_pax_2447,3298.0,2026-09-07 09:54:58,504227067#0,restaurant,,638.7551174354396,526.833121212444,37.49629464408366,127.02808339614947,3572.0,274.0,taxi_respawn_24,picked
dyn_pax_2448,3300.0,2026-09-07 09:55:00,375049565#6,restaurant|subway_entrance|bus_stop,,789.5153251748014,798.8522330112556,37.49877353199428,127.02972351946808,,,,unpicked
dyn_pax_2449,3301.0,2026-09-07 09:55:01,494824662#3,company|restaurant|subway_entrance,,729.424850252167,406.6843378518681,37.49522941823122,127.02913698209235,,,,unpicked
dyn_pax_2450,3301.0,2026-09-07 09:55:01,521766182#1,company|restaurant|subway_entrance,,681.695169875507,539.6867345716422,37.496418539503196,127.02856584056028,,,,unpicked
dyn_pax_2451,3303.0,2026-09-07 09:55:03,1117538958#3,bus_stop,,160.18899290588462,540.6019911995099,37.49632820280781,127.02266936696756,3531.0,228.0,taxi_respawn_27,picked
dyn_pax_2452,3304.0,2026-09-07 09:55:04,523141074#0,company|restaurant|subway_entrance,,524.0338794858329,871.4890157117229,37.4993777454413,127.02670460634431,,,,unpicked
dyn_pax_2453,3304.0,2026-09-07 09:55:04,129731859#1,restaurant,,770.318180095484,905.1374216517651,37.499727361620906,127.02948129560598,,,,unpicked
dyn_pax_2454,3305.0,2026-09-07 09:55:05,309155295#2,restaurant,,836.915506927576,584.1196133409687,37.49684809051661,127.03031028233906,,,,unpicked
dyn_pax_2455,3306.0,2026-09-07 09:55:06,1229817205#1,residential|bus_stop,,631.6400080768872,572.7061575261558,37.49670653972221,127.02799208080955,,,,unpicked
dyn_pax_2456,3307.0,2026-09-07 09:55:07,521766175#3,company|restaurant|subway_entrance|bus_stop,,373.6701172395771,1298.610217621072,37.50319695740621,127.02490310718325,,,,unpicked
dyn_pax_2457,3309.0,2026-09-07 09:55:09,218864491#0,restaurant|bus_stop,,769.9803916976219,760.1217113917903,37.49842094941813,127.02951181742357,,,,unpicked
dyn_pax_2458,3310.0,2026-09-07 09:55:10,506191135#3,residential|company|restaurant|bus_stop,,238.79972345576414,789.4714057742513,37.49858497042428,127.023499044737,,,,unpicked
dyn_pax_2459,3312.0,2026-09-07 09:55:12,521766175#3,company|restaurant|subway_entrance|bus_stop,,373.6701172395771,1298.610217621072,37.50319695740621,127.02490310718325,,,,unpicked
dyn_pax_2460,3313.0,2026-09-07 09:55:13,1376141183#0,bus_stop,,548.2528111146681,901.2117688498424,37.49965007283687,127.02697139402301,,,,unpicked
dyn_pax_2461,3315.0,2026-09-07 09:55:15,521770116#2,company|restaurant|bus_stop,,432.3182248087171,1108.514093563608,37.50149560521279,127.02561136613096,,,,unpicked
dyn_pax_2462,3317.0,2026-09-07 09:55:17,521766175#3,company|restaurant|subway_entrance|bus_stop,,373.6701172395771,1298.610217621072,37.50319695740621,127.02490310718325,,,,unpicked
dyn_pax_2463,3318.0,2026-09-07 09:55:18,1229817205#0,company|subway_entrance|bus_stop,,599.2457558679199,652.2907550986157,37.497417346160496,127.02760695963683,,,,unpicked
dyn_pax_2464,3320.0,2026-09-07 09:55:20,520307304#0,school|subway_entrance|bus_stop,,602.6035134310263,763.145495629718,37.498416594724866,127.02761864854104,,,,unpicked
dyn_pax_2465,3321.0,2026-09-07 09:55:21,1376141182#0,bus_stop,,385.7154046370183,1301.0311255965628,37.50322104370192,127.02503873135461,,,,unpicked
dyn_pax_2466,3323.0,2026-09-07 09:55:23,-506191135#2,residential|bus_stop,,236.19733776439384,769.6838415951818,37.49840622577806,127.02347432089968,,,,unpicked
dyn_pax_2467,3324.0,2026-09-07 09:55:24,305539406,company|restaurant|subway_entrance,,566.389495917364,736.5285064605782,37.49816998085155,127.02721550408178,,,,unpicked
dyn_pax_2468,3325.0,2026-09-07 09:55:25,-417750354#1,restaurant,,946.150029211292,974.2465578508335,37.500383078435064,127.03145303198383,3409.0,84.0,taxi_2,picked
dyn_pax_2469,3326.0,2026-09-07 09:55:26,1376141182#0,bus_stop,,385.7154046370183,1301.0311255965628,37.50322104370192,127.02503873135461,,,,unpicked
dyn_pax_2470,3327.0,2026-09-07 09:55:27,375049565#6,restaurant|subway_entrance|bus_stop,,789.5153251748014,798.8522330112556,37.49877353199428,127.02972351946808,,,,unpicked
dyn_pax_2471,3329.0,2026-09-07 09:55:29,-504509918#2,company|restaurant|bus_stop,,398.9694242295193,827.4758220967593,37.49895762305832,127.02530099003066,,,,unpicked
dyn_pax_2472,3329.0,2026-09-07 09:55:29,417750337#1,restaurant,,654.3039749436668,1311.1147669608317,37.50336263595113,127.02807333923603,,,,unpicked
dyn_pax_2473,3330.0,2026-09-07 09:55:30,541692164#1,subway_entrance,,271.6277521231475,1406.6420105391767,37.5041508337347,127.02372362926798,,,,unpicked
dyn_pax_2474,3330.0,2026-09-07 09:55:30,-557469234,restaurant,,929.7298817515857,1030.9986809445256,37.50089122514563,127.03125394368278,,,,unpicked
dyn_pax_2475,3332.0,2026-09-07 09:55:32,521766182#1,company|restaurant|subway_entrance,,681.695169875507,539.6867345716422,37.496418539503196,127.02856584056028,,,,unpicked
dyn_pax_2476,3332.0,2026-09-07 09:55:32,129731720#0,residential|company|restaurant,,292.10678712231254,1113.150773394943,37.50151085547559,127.02402489828896,3494.0,162.0,taxi_17,picked
dyn_pax_2477,3333.0,2026-09-07 09:55:33,1229817205#1,residential|bus_stop,,631.6400080768872,572.7061575261558,37.49670653972221,127.02799208080955,,,,unpicked
dyn_pax_2478,3335.0,2026-09-07 09:55:35,521770119#1,restaurant|bus_stop,,527.3115514435282,995.8620162900467,37.50049875494786,127.02671217090477,,,,unpicked
dyn_pax_2479,3336.0,2026-09-07 09:55:36,480850873,company|restaurant|bus_stop,,548.1935052770749,708.5896639848544,37.49791486187585,127.0270163956136,,,,unpicked
dyn_pax_2480,3338.0,2026-09-07 09:55:38,975332778#1,bus_stop,,681.6099970732737,721.9380561808346,37.49806030190971,127.02852170075586,,,,unpicked
dyn_pax_2481,3340.0,2026-09-07 09:55:40,1376141182#0,bus_stop,,385.7154046370183,1301.0311255965628,37.50322104370192,127.02503873135461,,,,unpicked
dyn_pax_2482,3341.0,2026-09-07 09:55:41,521766182#1,company|restaurant|subway_entrance,,681.695169875507,539.6867345716422,37.496418539503196,127.02856584056028,,,,unpicked
dyn_pax_2483,3343.0,2026-09-07 09:55:43,218873820#0,restaurant|subway_entrance|bus_stop,,628.9829311132032,562.4061665928522,37.49661325243901,127.02796447999128,,,,unpicked
dyn_pax_2484,3344.0,2026-09-07 09:55:44,218877837#2,company|restaurant|bus_stop,,479.4555212141038,978.0213907550284,37.500328997763305,127.02617530290202,,,,unpicked
dyn_pax_2485,3346.0,2026-09-07 09:55:46,-541692164#2,subway_entrance,,317.7122087179151,1441.0296574375257,37.504469327730426,127.0242365566347,,,,unpicked
dyn_pax_2486,3347.0,2026-09-07 09:55:47,-504509918#2,company|restaurant|bus_stop,,398.9694242295193,827.4758220967593,37.49895762305832,127.02530099003066,,,,unpicked
dyn_pax_2487,3349.0,2026-09-07 09:55:49,506191135#3,residential|company|restaurant|bus_stop,,238.79972345576414,789.4714057742513,37.49858497042428,127.023499044737,,,,unpicked
dyn_pax_2488,3350.0,2026-09-07 09:55:50,521766175#3,company|restaurant|subway_entrance|bus_stop,,373.6701172395771,1298.610217621072,37.50319695740621,127.02490310718325,,,,unpicked
dyn_pax_2489,3352.0,2026-09-07 09:55:52,1229817205#1,residential|bus_stop,,631.6400080768872,572.7061575261558,37.49670653972221,127.02799208080955,,,,unpicked
dyn_pax_2490,3353.0,2026-09-07 09:55:53,494824662#3,company|restaurant|subway_entrance,,729.424850252167,406.6843378518681,37.49522941823122,127.02913698209235,,,,unpicked
dyn_pax_2491,3355.0,2026-09-07 09:55:55,494824662#3,company|restaurant|subway_entrance,,729.424850252167,406.6843378518681,37.49522941823122,127.02913698209235,,,,unpicked
dyn_pax_2492,3356.0,2026-09-07 09:55:56,218873820#0,restaurant|subway_entrance|bus_stop,,628.9829311132032,562.4061665928522,37.49661325243901,127.02796447999128,,,,unpicked
dyn_pax_2493,3356.0,2026-09-07 09:55:56,117790041#2,restaurant,,441.66460303662666,1376.669936706078,37.50391299976682,127.0256534125234,,,,unpicked
dyn_pax_2494,3358.0,2026-09-07 09:55:58,218857636#1,residential|company|restaurant|bus_stop,,297.92905089287035,623.2061345250047,37.49709839153085,127.02420706961871,,,,unpicked
dyn_pax_2495,3359.0,2026-09-07 09:55:59,-417933645#2,company|restaurant|subway_entrance,,701.1658676593129,719.5455833044954,37.49804244093877,127.02874337560036,,,,unpicked
dyn_pax_2496,3361.0,2026-09-07 09:56:01,975332778#1,bus_stop,,681.6099970732737,721.9380561808346,37.49806030190971,127.02852170075586,,,,unpicked
dyn_pax_2497,3362.0,2026-09-07 09:56:02,417933645#2,residential|company|restaurant,,757.7944798520502,568.4010952306102,37.496691568512986,127.02941943794849,3408.0,46.0,taxi_respawn_33,picked
dyn_pax_2498,3363.0,2026-09-07 09:56:03,1117538957#3,restaurant|subway_entrance|bus_stop,,465.5082521847807,644.8780924026132,37.49732530507706,127.02609663221197,,,,unpicked
dyn_pax_2499,3364.0,2026-09-07 09:56:04,1376141183#0,bus_stop,,548.2528111146681,901.2117688498424,37.49965007283687,127.02697139402301,,,,unpicked
dyn_pax_2500,3365.0,2026-09-07 09:56:05,975332778#0,restaurant,,667.9217791522676,716.9366930139246,37.49801266412058,127.02836812020041,,,,unpicked
dyn_pax_2501,3366.0,2026-09-07 09:56:06,-541692164#2,subway_entrance,,317.7122087179151,1441.0296574375257,37.504469327730426,127.0242365566347,,,,unpicked
dyn_pax_2502,3367.0,2026-09-07 09:56:07,521770119#0,restaurant|bus_stop,,548.9831206778387,935.1148840516827,37.499955620541705,127.02697161236954,,,,unpicked
dyn_pax_2503,3369.0,2026-09-07 09:56:09,541692164#1,subway_entrance,,271.6277521231475,1406.6420105391767,37.5041508337347,127.02372362926798,,,,unpicked
dyn_pax_2504,3370.0,2026-09-07 09:56:10,218873820#0,restaurant|subway_entrance|bus_stop,,628.9829311132032,562.4061665928522,37.49661325243901,127.02796447999128,,,,unpicked
dyn_pax_2505,3372.0,2026-09-07 09:56:12,521766180#1,company|restaurant|bus_stop,,466.73410130235357,1169.2838037446552,37.502049542882666,127.02598608796039,,,,unpicked
dyn_pax_2506,3373.0,2026-09-07 09:56:13,521766182#1,company|restaurant|subway_entrance,,681.695169875507,539.6867345716422,37.496418539503196,127.02856584056028,,,,unpicked
dyn_pax_2507,3375.0,2026-09-07 09:56:15,521766175#3,company|restaurant|subway_entrance|bus_stop,,373.6701172395771,1298.610217621072,37.50319695740621,127.02490310718325,,,,unpicked
dyn_pax_2508,3376.0,2026-09-07 09:56:16,1117538958#3,bus_stop,,160.18899290588462,540.6019911995099,37.49632820280781,127.02266936696756,3557.0,181.0,taxi_respawn_14,picked
dyn_pax_2509,3378.0,2026-09-07 09:56:18,1229817205#0,company|subway_entrance|bus_stop,,599.2457558679199,652.2907550986157,37.497417346160496,127.02760695963683,,,,unpicked
dyn_pax_2510,3379.0,2026-09-07 09:56:19,417933642#0,restaurant|bus_stop,,1041.0954363710525,463.30841921497654,37.49579826441859,127.03264736696761,,,,unpicked
dyn_pax_2511,3381.0,2026-09-07 09:56:21,521770119#1,restaurant|bus_stop,,527.3115514435282,995.8620162900467,37.50049875494786,127.02671217090477,,,,unpicked
dyn_pax_2512,3382.0,2026-09-07 09:56:22,541692164#1,subway_entrance,,271.6277521231475,1406.6420105391767,37.5041508337347,127.02372362926798,,,,unpicked
dyn_pax_2513,3384.0,2026-09-07 09:56:24,-506191135#22,residential|company|restaurant|bus_stop,,38.693950105848444,1321.9513167019495,37.50334380565249,127.02110990869835,,,,unpicked
dyn_pax_2514,3385.0,2026-09-07 09:56:25,1229817205#0,company|subway_entrance|bus_stop,,599.2457558679199,652.2907550986157,37.497417346160496,127.02760695963683,,,,unpicked
dyn_pax_2515,3387.0,2026-09-07 09:56:27,1229817205#0,company|subway_entrance|bus_stop,,599.2457558679199,652.2907550986157,37.497417346160496,127.02760695963683,,,,unpicked
dyn_pax_2516,3388.0,2026-09-07 09:56:28,-417933646#1,residential|restaurant,,826.6019869456061,577.8075382253838,37.49678928421788,127.03019516859905,,,,unpicked
dyn_pax_2517,3388.0,2026-09-07 09:56:28,-117823785#1,restaurant,,983.1954817367493,635.6880668681273,37.49734021138362,127.03195197441553,3464.0,76.0,taxi_respawn_8,picked
dyn_pax_2518,3389.0,2026-09-07 09:56:29,-506191135#2,residential|bus_stop,,236.19733776439384,769.6838415951818,37.49840622577806,127.02347432089968,,,,unpicked
dyn_pax_2519,3390.0,2026-09-07 09:56:30,-541692164#2,subway_entrance,,317.7122087179151,1441.0296574375257,37.504469327730426,127.0242365566347,,,,unpicked
dyn_pax_2520,3391.0,2026-09-07 09:56:31,521766175#1,company|restaurant|subway_entrance,,332.9365590021661,1411.5585828157227,37.504206724109,127.02441570308932,,,,unpicked
dyn_pax_2521,3392.0,2026-09-07 09:56:32,218857636#1,residential|company|restaurant|bus_stop,,297.92905089287035,623.2061345250047,37.49709839153085,127.02420706961871,,,,unpicked
dyn_pax_2522,3392.0,2026-09-07 09:56:32,117790041#3,restaurant,,485.8172797724441,1249.4366376844557,37.50277519064896,127.0261828476699,3425.0,33.0,taxi_respawn_13,picked
dyn_pax_2523,3393.0,2026-09-07 09:56:33,523141074#0,company|restaurant|subway_entrance,,524.0338794858329,871.4890157117229,37.4993777454413,127.02670460634431,,,,unpicked
dyn_pax_2524,3393.0,2026-09-07 09:56:33,542367267#1,company|restaurant,,199.26981683313872,1381.121508122661,37.50390724154084,127.02291151664822,3409.0,16.0,taxi_11,picked
dyn_pax_2525,3394.0,2026-09-07 09:56:34,480850873,company|restaurant|bus_stop,,548.1935052770749,708.5896639848544,37.49791486187585,127.0270163956136,,,,unpicked
dyn_pax_2526,3395.0,2026-09-07 09:56:35,1376141183#0,bus_stop,,548.2528111146681,901.2117688498424,37.49965007283687,127.02697139402301,,,,unpicked
dyn_pax_2527,3396.0,2026-09-07 09:56:36,1117538957#3,restaurant|subway_entrance|bus_stop,,465.5082521847807,644.8780924026132,37.49732530507706,127.02609663221197,,,,unpicked
dyn_pax_2528,3396.0,2026-09-07 09:56:36,-913950883#1,residential|company|restaurant,,391.36286393582424,840.6655979518604,37.49907500229157,127.0252118555046,,,,unpicked
dyn_pax_2529,3398.0,2026-09-07 09:56:38,521766182#1,company|restaurant|subway_entrance,,681.695169875507,539.6867345716422,37.496418539503196,127.02856584056028,,,,unpicked
dyn_pax_2530,3399.0,2026-09-07 09:56:39,218864491#0,restaurant|bus_stop,,769.9803916976219,760.1217113917903,37.49842094941813,127.02951181742357,,,,unpicked
dyn_pax_2531,3400.0,2026-09-07 09:56:40,417933642#2,residential|restaurant,,976.5976168723116,645.9370182109647,37.49743129415275,127.0318749523804,,,,unpicked
dyn_pax_2532,3401.0,2026-09-07 09:56:41,-541692164#2,subway_entrance,,317.7122087179151,1441.0296574375257,37.504469327730426,127.0242365566347,,,,unpicked
dyn_pax_2533,3401.0,2026-09-07 09:56:41,504227067#0,restaurant,,638.7551174354396,526.833121212444,37.49629464408366,127.02808339614947,,,,unpicked
dyn_pax_2534,3402.0,2026-09-07 09:56:42,218864491#0,restaurant|bus_stop,,769.9803916976219,760.1217113917903,37.49842094941813,127.02951181742357,,,,unpicked
dyn_pax_2535,3403.0,2026-09-07 09:56:43,417933645#0,residential|restaurant,,823.1026288816429,385.61625104994533,37.49505730126708,127.03020109557775,,,,unpicked
dyn_pax_2536,3404.0,2026-09-07 09:56:44,375049565#6,restaurant|subway_entrance|bus_stop,,789.5153251748014,798.8522330112556,37.49877353199428,127.02972351946808,,,,unpicked
dyn_pax_2537,3405.0,2026-09-07 09:56:45,520307304#0,school|subway_entrance|bus_stop,,602.6035134310263,763.145495629718,37.498416594724866,127.02761864854104,,,,unpicked
dyn_pax_2538,3405.0,2026-09-07 09:56:45,-504227066#3,restaurant,,449.3214735737982,636.1754008755333,37.497243849267164,127.02591568328045,3442.0,37.0,taxi_respawn_17,picked
dyn_pax_2539,3407.0,2026-09-07 09:56:47,1229817205#0,company|subway_entrance|bus_stop,,599.2457558679199,652.2907550986157,37.497417346160496,127.02760695963683,,,,unpicked
dyn_pax_2540,3408.0,2026-09-07 09:56:48,178441450#1,residential|company|restaurant|bus_stop,,282.90243066757296,609.4157395563556,37.496971320837204,127.02404044855805,,,,unpicked
dyn_pax_2541,3410.0,2026-09-07 09:56:50,218857636#1,residential|company|restaurant|bus_stop,,297.92905089287035,623.2061345250047,37.49709839153085,127.02420706961871,,,,unpicked
dyn_pax_2542,3411.0,2026-09-07 09:56:51,219837933#0,residential|company,,49.0199205680682,1328.1480294371383,37.503401583976704,127.02122519296726,,,,unpicked
dyn_pax_2543,3412.0,2026-09-07 09:56:52,521770116#2,company|restaurant|bus_stop,,432.3182248087171,1108.514093563608,37.50149560521279,127.02561136613096,,,,unpicked
dyn_pax_2544,3413.0,2026-09-07 09:56:53,521766175#3,company|restaurant|subway_entrance|bus_stop,,373.6701172395771,1298.610217621072,37.50319695740621,127.02490310718325,,,,unpicked
dyn_pax_2545,3413.0,2026-09-07 09:56:53,506191135#3,residential|company|restaurant|bus_stop,,238.79972345576414,789.4714057742513,37.49858497042428,127.023499044737,,,,unpicked
dyn_pax_2546,3415.0,2026-09-07 09:56:55,521766175#3,company|restaurant|subway_entrance|bus_stop,,373.6701172395771,1298.610217621072,37.50319695740621,127.02490310718325,,,,unpicked
dyn_pax_2547,3416.0,2026-09-07 09:56:56,375049565#6,restaurant|subway_entrance|bus_stop,,789.5153251748014,798.8522330112556,37.49877353199428,127.02972351946808,,,,unpicked
dyn_pax_2548,3418.0,2026-09-07 09:56:58,1376141182#0,bus_stop,,385.7154046370183,1301.0311255965628,37.50322104370192,127.02503873135461,,,,unpicked
dyn_pax_2549,3419.0,2026-09-07 09:56:59,1376141183#0,bus_stop,,548.2528111146681,901.2117688498424,37.49965007283687,127.02697139402301,,,,unpicked
dyn_pax_2550,3421.0,2026-09-07 09:57:01,178441450#1,residential|company|restaurant|bus_stop,,282.90243066757296,609.4157395563556,37.496971320837204,127.02404044855805,,,,unpicked
dyn_pax_2551,3422.0,2026-09-07 09:57:02,375049565#6,restaurant|subway_entrance|bus_stop,,789.5153251748014,798.8522330112556,37.49877353199428,127.02972351946808,,,,unpicked
dyn_pax_2552,3423.0,2026-09-07 09:57:03,-1011529829#3,residential|restaurant,,246.84006179949273,776.1178104815556,37.49846619888778,127.02359312469504,3517.0,94.0,taxi_19,picked
dyn_pax_2553,3424.0,2026-09-07 09:57:04,1229817205#0,company|subway_entrance|bus_stop,,599.2457558679199,652.2907550986157,37.497417346160496,127.02760695963683,,,,unpicked
dyn_pax_2554,3424.0,2026-09-07 09:57:04,504227069,residential|restaurant,,587.1158993285404,291.7776336445087,37.494167438547194,127.02755526357365,,,,unpicked
dyn_pax_2555,3425.0,2026-09-07 09:57:05,-417933645#2,company|restaurant|subway_entrance,,701.1658676593129,719.5455833044954,37.49804244093877,127.02874337560036,,,,unpicked
dyn_pax_2556,3427.0,2026-09-07 09:57:07,-542367267#1,bus_stop,,247.51018316686128,1414.7184918773391,37.504219024473855,127.02344900430944,3437.0,10.0,taxi_respawn_18,picked
dyn_pax_2557,3427.0,2026-09-07 09:57:07,117823785#0,company|restaurant,,1360.8740206736493,851.0492627492013,37.499351351792384,127.0361713398344,,,,unpicked
dyn_pax_2558,3428.0,2026-09-07 09:57:08,523141074#0,company|restaurant|subway_entrance,,524.0338794858329,871.4890157117229,37.4993777454413,127.02670460634431,,,,unpicked
dyn_pax_2559,3428.0,2026-09-07 09:57:08,520307304#0,school|subway_entrance|bus_stop,,602.6035134310263,763.145495629718,37.498416594724866,127.02761864854104,,,,unpicked
dyn_pax_2560,3429.0,2026-09-07 09:57:09,-417750354#0,residential,,923.3498430372201,1041.2071047119894,37.5009819832587,127.03117938951307,3496.0,67.0,taxi_respawn_5,picked
dyn_pax_2561,3430.0,2026-09-07 09:57:10,975332778#1,bus_stop,,681.6099970732737,721.9380561808346,37.49806030190971,127.02852170075586,,,,unpicked
dyn_pax_2562,3431.0,2026-09-07 09:57:11,523141074#0,company|restaurant|subway_entrance,,524.0338794858329,871.4890157117229,37.4993777454413,127.02670460634431,,,,unpicked
dyn_pax_2563,3431.0,2026-09-07 09:57:11,-309155295#2,restaurant,,851.6644930724242,598.8503866590313,37.496983571544654,127.03047355257749,,,,unpicked
dyn_pax_2564,3433.0,2026-09-07 09:57:13,1117538958#3,bus_stop,,160.18899290588462,540.6019911995099,37.49632820280781,127.02266936696756,3543.0,110.0,taxi_respawn_6,picked
dyn_pax_2565,3435.0,2026-09-07 09:57:15,1117538957#3,restaurant|subway_entrance|bus_stop,,465.5082521847807,644.8780924026132,37.49732530507706,127.02609663221197,,,,unpicked
dyn_pax_2566,3436.0,2026-09-07 09:57:16,-504509918#2,company|restaurant|bus_stop,,398.9694242295193,827.4758220967593,37.49895762305832,127.02530099003066,,,,unpicked
dyn_pax_2567,3436.0,2026-09-07 09:57:16,521766175#3,company|restaurant|subway_entrance|bus_stop,,373.6701172395771,1298.610217621072,37.50319695740621,127.02490310718325,,,,unpicked
dyn_pax_2568,3437.0,2026-09-07 09:57:17,504227067#4,residential|restaurant,,502.84500120553366,479.2066548114549,37.49583994070096,127.02655806263846,3516.0,79.0,taxi_28,picked
dyn_pax_2569,3438.0,2026-09-07 09:57:18,218873820#0,restaurant|subway_entrance|bus_stop,,628.9829311132032,562.4061665928522,37.49661325243901,127.02796447999128,,,,unpicked
dyn_pax_2570,3438.0,2026-09-07 09:57:18,379463134#0,company,,445.604196565268,1237.9330600893716,37.50266396162017,127.02573088108544,3493.0,55.0,taxi_13,picked
dyn_pax_2571,3438.0,2026-09-07 09:57:18,218873820#0,restaurant|subway_entrance|bus_stop,,628.9829311132032,562.4061665928522,37.49661325243901,127.02796447999128,,,,unpicked
dyn_pax_2572,3439.0,2026-09-07 09:57:19,-506191135#22,residential|company|restaurant|bus_stop,,38.693950105848444,1321.9513167019495,37.50334380565249,127.02110990869835,,,,unpicked
dyn_pax_2573,3439.0,2026-09-07 09:57:19,-379463134#6,restaurant,,651.5506250710082,1319.679135788758,37.50343926652266,127.02804017641046,,,,unpicked
dyn_pax_2574,3440.0,2026-09-07 09:57:20,309155295#0,company|restaurant,,688.2712938579457,529.5739965525526,37.49632868191341,127.02864258735015,,,,unpicked
dyn_pax_2575,3441.0,2026-09-07 09:57:21,494824662#3,company|restaurant|subway_entrance,,729.424850252167,406.6843378518681,37.49522941823122,127.02913698209235,,,,unpicked
dyn_pax_2576,3441.0,2026-09-07 09:57:21,-504509918#2,company|restaurant|bus_stop,,398.9694242295193,827.4758220967593,37.49895762305832,127.02530099003066,,,,unpicked
dyn_pax_2577,3442.0,2026-09-07 09:57:22,417933642#0,restaurant|bus_stop,,1041.0954363710525,463.30841921497654,37.49579826441859,127.03264736696761,,,,unpicked
dyn_pax_2578,3444.0,2026-09-07 09:57:24,178441450#1,residential|company|restaurant|bus_stop,,282.90243066757296,609.4157395563556,37.496971320837204,127.02404044855805,,,,unpicked
dyn_pax_2579,3445.0,2026-09-07 09:57:25,521770119#1,restaurant|bus_stop,,527.3115514435282,995.8620162900467,37.50049875494786,127.02671217090477,,,,unpicked
dyn_pax_2580,3447.0,2026-09-07 09:57:27,-506191135#2,residential|bus_stop,,236.19733776439384,769.6838415951818,37.49840622577806,127.02347432089968,,,,unpicked
dyn_pax_2581,3448.0,2026-09-07 09:57:28,-541692164#2,subway_entrance,,317.7122087179151,1441.0296574375257,37.504469327730426,127.0242365566347,,,,unpicked
dyn_pax_2582,3450.0,2026-09-07 09:57:30,-504509918#2,company|restaurant|bus_stop,,398.9694242295193,827.4758220967593,37.49895762305832,127.02530099003066,,,,unpicked
dyn_pax_2583,3451.0,2026-09-07 09:57:31,218873820#0,restaurant|subway_entrance|bus_stop,,628.9829311132032,562.4061665928522,37.49661325243901,127.02796447999128,,,,unpicked
dyn_pax_2584,3451.0,2026-09-07 09:57:31,541692164#1,subway_entrance,,271.6277521231475,1406.6420105391767,37.5041508337347,127.02372362926798,,,,unpicked
dyn_pax_2585,3453.0,2026-09-07 09:57:33,-506191135#22,residential|company|restaurant|bus_stop,,38.693950105848444,1321.9513167019495,37.50334380565249,127.02110990869835,,,,unpicked
dyn_pax_2586,3454.0,2026-09-07 09:57:34,-417933645#2,company|restaurant|subway_entrance,,701.1658676593129,719.5455833044954,37.49804244093877,127.02874337560036,,,,unpicked
dyn_pax_2587,3456.0,2026-09-07 09:57:36,521766175#1,company|restaurant|subway_entrance,,332.9365590021661,1411.5585828157227,37.504206724109,127.02441570308932,,,,unpicked
dyn_pax_2588,3456.0,2026-09-07 09:57:36,256787796#6,restaurant,,626.4884087870183,851.7135990963859,37.499218954480725,127.02786771303293,,,,unpicked
dyn_pax_2589,3457.0,2026-09-07 09:57:37,1376141182#0,bus_stop,,385.7154046370183,1301.0311255965628,37.50322104370192,127.02503873135461,,,,unpicked
dyn_pax_2590,3459.0,2026-09-07 09:57:39,218873820#0,restaurant|subway_entrance|bus_stop,,628.9829311132032,562.4061665928522,37.49661325243901,127.02796447999128,,,,unpicked
dyn_pax_2591,3461.0,2026-09-07 09:57:41,-506191135#2,residential|bus_stop,,236.19733776439384,769.6838415951818,37.49840622577806,127.02347432089968,,,,unpicked
dyn_pax_2592,3462.0,2026-09-07 09:57:42,305539406,company|restaurant|subway_entrance,,566.389495917364,736.5285064605782,37.49816998085155,127.02721550408178,,,,unpicked
dyn_pax_2593,3462.0,2026-09-07 09:57:42,-541692164#2,subway_entrance,,317.7122087179151,1441.0296574375257,37.504469327730426,127.0242365566347,,,,unpicked
dyn_pax_2594,3463.0,2026-09-07 09:57:43,-379463130#1,restaurant,,595.1104652489141,1131.7345077296688,37.50173554422087,127.02744655088388,,,,unpicked
dyn_pax_2595,3464.0,2026-09-07 09:57:44,417933642#0,restaurant|bus_stop,,1041.0954363710525,463.30841921497654,37.49579826441859,127.03264736696761,,,,unpicked
dyn_pax_2596,3464.0,2026-09-07 09:57:44,239962780#1,company|restaurant,,78.091042197054,1418.7355011637856,37.504223128704645,127.02153236485597,,,,unpicked
dyn_pax_2597,3465.0,2026-09-07 09:57:45,975332778#1,bus_stop,,681.6099970732737,721.9380561808346,37.49806030190971,127.02852170075586,,,,unpicked
dyn_pax_2598,3467.0,2026-09-07 09:57:47,521770116#2,company|restaurant|bus_stop,,432.3182248087171,1108.514093563608,37.50149560521279,127.02561136613096,,,,unpicked
dyn_pax_2599,3468.0,2026-09-07 09:57:48,521766182#1,company|restaurant|subway_entrance,,681.695169875507,539.6867345716422,37.496418539503196,127.02856584056028,,,,unpicked
dyn_pax_2600,3468.0,2026-09-07 09:57:48,129733424#0,restaurant,,719.7944869540754,1033.9950883209078,37.500878618503414,127.0288795122034,,,,unpicked
dyn_pax_2601,3469.0,2026-09-07 09:57:49,129731721#0,company|restaurant,,451.4485582282947,673.334514427724,37.497578992002325,127.0259309178301,,,,unpicked
dyn_pax_2602,3470.0,2026-09-07 09:57:50,521770119#1,restaurant|bus_stop,,527.3115514435282,995.8620162900467,37.50049875494786,127.02671217090477,,,,unpicked
dyn_pax_2603,3471.0,2026-09-07 09:57:51,1117538957#3,restaurant|subway_entrance|bus_stop,,465.5082521847807,644.8780924026132,37.49732530507706,127.02609663221197,,,,unpicked
dyn_pax_2604,3473.0,2026-09-07 09:57:53,417933642#0,restaurant|bus_stop,,1041.0954363710525,463.30841921497654,37.49579826441859,127.03264736696761,,,,unpicked
dyn_pax_2605,3474.0,2026-09-07 09:57:54,218877837#2,company|restaurant|bus_stop,,479.4555212141038,978.0213907550284,37.500328997763305,127.02617530290202,,,,unpicked
dyn_pax_2606,3474.0,2026-09-07 09:57:54,520307304#0,school|subway_entrance|bus_stop,,602.6035134310263,763.145495629718,37.498416594724866,127.02761864854104,,,,unpicked
dyn_pax_2607,3475.0,2026-09-07 09:57:55,219837933#0,residential|company,,49.0199205680682,1328.1480294371383,37.503401583976704,127.02122519296726,,,,unpicked
dyn_pax_2608,3476.0,2026-09-07 09:57:56,541692164#1,subway_entrance,,271.6277521231475,1406.6420105391767,37.5041508337347,127.02372362926798,,,,unpicked
dyn_pax_2609,3477.0,2026-09-07 09:57:57,480850873,company|restaurant|bus_stop,,548.1935052770749,708.5896639848544,37.49791486187585,127.0270163956136,,,,unpicked
dyn_pax_2610,3479.0,2026-09-07 09:57:59,521766180#1,company|restaurant|bus_stop,,466.73410130235357,1169.2838037446552,37.502049542882666,127.02598608796039,,,,unpicked
dyn_pax_2611,3480.0,2026-09-07 09:58:00,-506191135#22,residential|company|restaurant|bus_stop,,38.693950105848444,1321.9513167019495,37.50334380565249,127.02110990869835,,,,unpicked
dyn_pax_2612,3482.0,2026-09-07 09:58:02,506191135#3,residential|company|restaurant|bus_stop,,238.79972345576414,789.4714057742513,37.49858497042428,127.023499044737,,,,unpicked
dyn_pax_2613,3482.0,2026-09-07 09:58:02,218877837#2,company|restaurant|bus_stop,,479.4555212141038,978.0213907550284,37.500328997763305,127.02617530290202,,,,unpicked
dyn_pax_2614,3484.0,2026-09-07 09:58:04,417933642#0,restaurant|bus_stop,,1041.0954363710525,463.30841921497654,37.49579826441859,127.03264736696761,,,,unpicked
dyn_pax_2615,3485.0,2026-09-07 09:58:05,480850873,company|restaurant|bus_stop,,548.1935052770749,708.5896639848544,37.49791486187585,127.0270163956136,,,,unpicked
dyn_pax_2616,3486.0,2026-09-07 09:58:06,309155295#2,restaurant,,836.915506927576,584.1196133409687,37.49684809051661,127.03031028233906,,,,unpicked
dyn_pax_2617,3486.0,2026-09-07 09:58:06,628232693#0,company|restaurant,,644.2623295929467,660.168099777976,37.49749680792099,127.0281140674837,,,,unpicked
dyn_pax_2618,3487.0,2026-09-07 09:58:07,375049565#6,restaurant|subway_entrance|bus_stop,,789.5153251748014,798.8522330112556,37.49877353199428,127.02972351946808,,,,unpicked
dyn_pax_2619,3487.0,2026-09-07 09:58:07,-557469300#1,restaurant,,739.5265057687212,1049.0561556697721,37.5010180173999,127.02909905278416,,,,unpicked
dyn_pax_2620,3488.0,2026-09-07 09:58:08,521766175#1,company|restaurant|subway_entrance,,332.9365590021661,1411.5585828157227,37.504206724109,127.02441570308932,,,,unpicked
dyn_pax_2621,3488.0,2026-09-07 09:58:08,129731859#1,restaurant,,770.318180095484,905.1374216517651,37.499727361620906,127.02948129560598,,,,unpicked
dyn_pax_2622,3490.0,2026-09-07 09:58:10,480850873,company|restaurant|bus_stop,,548.1935052770749,708.5896639848544,37.49791486187585,127.0270163956136,,,,unpicked
dyn_pax_2623,3491.0,2026-09-07 09:58:11,494824662#3,company|restaurant|subway_entrance,,729.424850252167,406.6843378518681,37.49522941823122,127.02913698209235,,,,unpicked
dyn_pax_2624,3493.0,2026-09-07 09:58:13,1229817205#0,company|subway_entrance|bus_stop,,599.2457558679199,652.2907550986157,37.497417346160496,127.02760695963683,,,,unpicked
dyn_pax_2625,3494.0,2026-09-07 09:58:14,-417933645#2,company|restaurant|subway_entrance,,701.1658676593129,719.5455833044954,37.49804244093877,127.02874337560036,,,,unpicked
dyn_pax_2626,3496.0,2026-09-07 09:58:16,520307304#0,school|subway_entrance|bus_stop,,602.6035134310263,763.145495629718,37.498416594724866,127.02761864854104,,,,unpicked
dyn_pax_2627,3497.0,2026-09-07 09:58:17,218877837#2,company|restaurant|bus_stop,,479.4555212141038,978.0213907550284,37.500328997763305,127.02617530290202,,,,unpicked
dyn_pax_2628,3499.0,2026-09-07 09:58:19,218873820#0,restaurant|subway_entrance|bus_stop,,628.9829311132032,562.4061665928522,37.49661325243901,127.02796447999128,,,,unpicked
dyn_pax_2629,3499.0,2026-09-07 09:58:19,-379463124,restaurant,,592.9390816363945,1268.4136255899298,37.5029663815994,127.02738959394404,,,,unpicked
dyn_pax_2630,3500.0,2026-09-07 09:58:20,305539406,company|restaurant|subway_entrance,,566.389495917364,736.5285064605782,37.49816998085155,127.02721550408178,,,,unpicked
dyn_pax_2631,3503.0,2026-09-07 09:58:23,520307304#0,school|subway_entrance|bus_stop,,602.6035134310263,763.145495629718,37.498416594724866,127.02761864854104,,,,unpicked
dyn_pax_2632,3505.0,2026-09-07 09:58:25,521770119#1,restaurant|bus_stop,,527.3115514435282,995.8620162900467,37.50049875494786,127.02671217090477,,,,unpicked
dyn_pax_2633,3507.0,2026-09-07 09:58:27,1229817205#1,residential|bus_stop,,631.6400080768872,572.7061575261558,37.49670653972221,127.02799208080955,,,,unpicked
dyn_pax_2634,3507.0,2026-09-07 09:58:27,218873820#0,restaurant|subway_entrance|bus_stop,,628.9829311132032,562.4061665928522,37.49661325243901,127.02796447999128,,,,unpicked
dyn_pax_2635,3507.0,2026-09-07 09:58:27,-117823785#1,restaurant,,983.1954817367493,635.6880668681273,37.49734021138362,127.03195197441553,,,,unpicked
dyn_pax_2636,3508.0,2026-09-07 09:58:28,178441450#1,residential|company|restaurant|bus_stop,,282.90243066757296,609.4157395563556,37.496971320837204,127.02404044855805,,,,unpicked
dyn_pax_2637,3510.0,2026-09-07 09:58:30,521770119#1,restaurant|bus_stop,,527.3115514435282,995.8620162900467,37.50049875494786,127.02671217090477,,,,unpicked
dyn_pax_2638,3510.0,2026-09-07 09:58:30,178441450#1,residential|company|restaurant|bus_stop,,282.90243066757296,609.4157395563556,37.496971320837204,127.02404044855805,,,,unpicked
dyn_pax_2639,3511.0,2026-09-07 09:58:31,218873820#0,restaurant|subway_entrance|bus_stop,,628.9829311132032,562.4061665928522,37.49661325243901,127.02796447999128,,,,unpicked
dyn_pax_2640,3513.0,2026-09-07 09:58:33,218873820#0,restaurant|subway_entrance|bus_stop,,628.9829311132032,562.4061665928522,37.49661325243901,127.02796447999128,,,,unpicked
dyn_pax_2641,3514.0,2026-09-07 09:58:34,-504509918#2,company|restaurant|bus_stop,,398.9694242295193,827.4758220967593,37.49895762305832,127.02530099003066,,,,unpicked
dyn_pax_2642,3516.0,2026-09-07 09:58:36,480850873,company|restaurant|bus_stop,,548.1935052770749,708.5896639848544,37.49791486187585,127.0270163956136,,,,unpicked
dyn_pax_2643,3516.0,2026-09-07 09:58:36,375049565#6,restaurant|subway_entrance|bus_stop,,789.5153251748014,798.8522330112556,37.49877353199428,127.02972351946808,,,,unpicked
dyn_pax_2644,3517.0,2026-09-07 09:58:37,218857636#1,residential|company|restaurant|bus_stop,,297.92905089287035,623.2061345250047,37.49709839153085,127.02420706961871,,,,unpicked
dyn_pax_2645,3517.0,2026-09-07 09:58:37,379463134#3,restaurant,,544.2510512741843,1273.4484249309019,37.503002538586315,127.0268378740983,,,,unpicked
dyn_pax_2646,3519.0,2026-09-07 09:58:39,-542367267#1,bus_stop,,247.51018316686128,1414.7184918773391,37.504219024473855,127.02344900430944,,,,unpicked
dyn_pax_2647,3520.0,2026-09-07 09:58:40,218873820#0,restaurant|subway_entrance|bus_stop,,628.9829311132032,562.4061665928522,37.49661325243901,127.02796447999128,,,,unpicked
dyn_pax_2648,3522.0,2026-09-07 09:58:42,1229817205#1,residential|bus_stop,,631.6400080768872,572.7061575261558,37.49670653972221,127.02799208080955,,,,unpicked
dyn_pax_2649,3523.0,2026-09-07 09:58:43,305539406,company|restaurant|subway_entrance,,566.389495917364,736.5285064605782,37.49816998085155,127.02721550408178,,,,unpicked
dyn_pax_2650,3523.0,2026-09-07 09:58:43,-541692164#2,subway_entrance,,317.7122087179151,1441.0296574375257,37.504469327730426,127.0242365566347,,,,unpicked
dyn_pax_2651,3525.0,2026-09-07 09:58:45,523141074#0,company|restaurant|subway_entrance,,524.0338794858329,871.4890157117229,37.4993777454413,127.02670460634431,,,,unpicked
dyn_pax_2652,3526.0,2026-09-07 09:58:46,-542367267#1,bus_stop,,247.51018316686128,1414.7184918773391,37.504219024473855,127.02344900430944,,,,unpicked
dyn_pax_2653,3528.0,2026-09-07 09:58:48,-504509918#2,company|restaurant|bus_stop,,398.9694242295193,827.4758220967593,37.49895762305832,127.02530099003066,,,,unpicked
dyn_pax_2654,3529.0,2026-09-07 09:58:49,-506191135#22,residential|company|restaurant|bus_stop,,38.693950105848444,1321.9513167019495,37.50334380565249,127.02110990869835,,,,unpicked
dyn_pax_2655,3531.0,2026-09-07 09:58:51,521766180#1,company|restaurant|bus_stop,,466.73410130235357,1169.2838037446552,37.502049542882666,127.02598608796039,,,,unpicked
dyn_pax_2656,3533.0,2026-09-07 09:58:53,218873820#0,restaurant|subway_entrance|bus_stop,,628.9829311132032,562.4061665928522,37.49661325243901,127.02796447999128,,,,unpicked
dyn_pax_2657,3534.0,2026-09-07 09:58:54,-506191135#22,residential|company|restaurant|bus_stop,,38.693950105848444,1321.9513167019495,37.50334380565249,127.02110990869835,,,,unpicked
dyn_pax_2658,3535.0,2026-09-07 09:58:55,379232155,restaurant,,946.0567570824509,480.05346239194995,37.49593120335224,127.03156888346594,,,,unpicked
dyn_pax_2659,3536.0,2026-09-07 09:58:56,1117538957#3,restaurant|subway_entrance|bus_stop,,465.5082521847807,644.8780924026132,37.49732530507706,127.02609663221197,,,,unpicked
dyn_pax_2660,3537.0,2026-09-07 09:58:57,218873820#0,restaurant|subway_entrance|bus_stop,,628.9829311132032,562.4061665928522,37.49661325243901,127.02796447999128,,,,unpicked
dyn_pax_2661,3539.0,2026-09-07 09:58:59,1117538958#3,bus_stop,,160.18899290588462,540.6019911995099,37.49632820280781,127.02266936696756,,,,unpicked
dyn_pax_2662,3540.0,2026-09-07 09:59:00,1376141183#0,bus_stop,,548.2528111146681,901.2117688498424,37.49965007283687,127.02697139402301,,,,unpicked
dyn_pax_2663,3541.0,2026-09-07 09:59:01,-309155295#1,residential|restaurant,,820.2174803017108,588.0239695218922,37.496880113093034,127.03012056506905,,,,unpicked
dyn_pax_2664,3542.0,2026-09-07 09:59:02,521770116#2,company|restaurant|bus_stop,,432.3182248087171,1108.514093563608,37.50149560521279,127.02561136613096,,,,unpicked
dyn_pax_2665,3542.0,2026-09-07 09:59:02,379463134#0,company,,445.604196565268,1237.9330600893716,37.50266396162017,127.02573088108544,3573.0,31.0,taxi_24,picked
dyn_pax_2666,3543.0,2026-09-07 09:59:03,520307304#0,school|subway_entrance|bus_stop,,602.6035134310263,763.145495629718,37.498416594724866,127.02761864854104,,,,unpicked
dyn_pax_2667,3544.0,2026-09-07 09:59:04,504227066#0,restaurant,,519.2210823013057,487.78345043316773,37.49592029712161,127.02674117912406,,,,unpicked
dyn_pax_2668,3545.0,2026-09-07 09:59:05,506191135#3,residential|company|restaurant|bus_stop,,238.79972345576414,789.4714057742513,37.49858497042428,127.023499044737,,,,unpicked
dyn_pax_2669,3546.0,2026-09-07 09:59:06,541692164#1,subway_entrance,,271.6277521231475,1406.6420105391767,37.5041508337347,127.02372362926798,,,,unpicked
dyn_pax_2670,3546.0,2026-09-07 09:59:06,129731859#4,restaurant,,948.3176585840322,968.5888771831698,37.50033252074231,127.03147887955224,,,,unpicked
dyn_pax_2671,3548.0,2026-09-07 09:59:08,375049565#6,restaurant|subway_entrance|bus_stop,,789.5153251748014,798.8522330112556,37.49877353199428,127.02972351946808,,,,unpicked
dyn_pax_2672,3549.0,2026-09-07 09:59:09,-504509918#2,company|restaurant|bus_stop,,398.9694242295193,827.4758220967593,37.49895762305832,127.02530099003066,,,,unpicked
dyn_pax_2673,3550.0,2026-09-07 09:59:10,504509918#0,residential|restaurant,,511.83203920742636,882.9034728009249,37.49947826486711,127.02656393710718,,,,unpicked
dyn_pax_2674,3551.0,2026-09-07 09:59:11,1229817205#0,company|subway_entrance|bus_stop,,599.2457558679199,652.2907550986157,37.497417346160496,127.02760695963683,,,,unpicked
dyn_pax_2675,3552.0,2026-09-07 09:59:12,218877837#2,company|restaurant|bus_stop,,479.4555212141038,978.0213907550284,37.500328997763305,127.02617530290202,,,,unpicked
dyn_pax_2676,3554.0,2026-09-07 09:59:14,520307304#0,school|subway_entrance|bus_stop,,602.6035134310263,763.145495629718,37.498416594724866,127.02761864854104,,,,unpicked
dyn_pax_2677,3556.0,2026-09-07 09:59:16,305539406,company|restaurant|subway_entrance,,566.389495917364,736.5285064605782,37.49816998085155,127.02721550408178,,,,unpicked
dyn_pax_2678,3557.0,2026-09-07 09:59:17,218873820#0,restaurant|subway_entrance|bus_stop,,628.9829311132032,562.4061665928522,37.49661325243901,127.02796447999128,,,,unpicked
dyn_pax_2679,3559.0,2026-09-07 09:59:19,417933642#0,restaurant|bus_stop,,1041.0954363710525,463.30841921497654,37.49579826441859,127.03264736696761,,,,unpicked
dyn_pax_2680,3560.0,2026-09-07 09:59:20,-541692164#2,subway_entrance,,317.7122087179151,1441.0296574375257,37.504469327730426,127.0242365566347,,,,unpicked
dyn_pax_2681,3562.0,2026-09-07 09:59:22,521766182#1,company|restaurant|subway_entrance,,681.695169875507,539.6867345716422,37.496418539503196,127.02856584056028,,,,unpicked
dyn_pax_2682,3563.0,2026-09-07 09:59:23,-506191135#2,residential|bus_stop,,236.19733776439384,769.6838415951818,37.49840622577806,127.02347432089968,,,,unpicked
dyn_pax_2683,3564.0,2026-09-07 09:59:24,218864491#0,restaurant|bus_stop,,769.9803916976219,760.1217113917903,37.49842094941813,127.02951181742357,,,,unpicked
dyn_pax_2684,3564.0,2026-09-07 09:59:24,417731530,company|restaurant,,191.66975375905443,1429.5779711342507,37.5043423120142,127.02281406437154,3595.0,31.0,taxi_39,picked
dyn_pax_2685,3565.0,2026-09-07 09:59:25,375049565#6,restaurant|subway_entrance|bus_stop,,789.5153251748014,798.8522330112556,37.49877353199428,127.02972351946808,,,,unpicked
dyn_pax_2686,3565.0,2026-09-07 09:59:25,417933642#0,restaurant|bus_stop,,1041.0954363710525,463.30841921497654,37.49579826441859,127.03264736696761,,,,unpicked
dyn_pax_2687,3566.0,2026-09-07 09:59:26,520307304#0,school|subway_entrance|bus_stop,,602.6035134310263,763.145495629718,37.498416594724866,127.02761864854104,,,,unpicked
dyn_pax_2688,3568.0,2026-09-07 09:59:28,1229817205#0,company|subway_entrance|bus_stop,,599.2457558679199,652.2907550986157,37.497417346160496,127.02760695963683,,,,unpicked
dyn_pax_2689,3568.0,2026-09-07 09:59:28,129731858#2,restaurant,,783.9672744139122,855.548332172334,37.49928322221005,127.02964736483162,,,,unpicked
dyn_pax_2690,3569.0,2026-09-07 09:59:29,218877837#2,company|restaurant|bus_stop,,479.4555212141038,978.0213907550284,37.500328997763305,127.02617530290202,,,,unpicked
dyn_pax_2691,3571.0,2026-09-07 09:59:31,521770116#2,company|restaurant|bus_stop,,432.3182248087171,1108.514093563608,37.50149560521279,127.02561136613096,,,,unpicked
dyn_pax_2692,3572.0,2026-09-07 09:59:32,523141074#0,company|restaurant|subway_entrance,,524.0338794858329,871.4890157117229,37.4993777454413,127.02670460634431,,,,unpicked
dyn_pax_2693,3573.0,2026-09-07 09:59:33,-417933645#2,company|restaurant|subway_entrance,,701.1658676593129,719.5455833044954,37.49804244093877,127.02874337560036,,,,unpicked
dyn_pax_2694,3574.0,2026-09-07 09:59:34,1376141183#0,bus_stop,,548.2528111146681,901.2117688498424,37.49965007283687,127.02697139402301,,,,unpicked
dyn_pax_2695,3574.0,2026-09-07 09:59:34,805827756#0,restaurant,,725.8600087193602,932.9429066344904,37.49996945301828,127.02897203227693,,,,unpicked
dyn_pax_2696,3575.0,2026-09-07 09:59:35,-542367267#1,bus_stop,,247.51018316686128,1414.7184918773391,37.504219024473855,127.02344900430944,,,,unpicked
dyn_pax_2697,3575.0,2026-09-07 09:59:35,-256787796#5,restaurant,,631.1882908445458,865.4152262944223,37.499343270516576,127.02791760566556,,,,unpicked
dyn_pax_2698,3576.0,2026-09-07 09:59:36,-506191135#22,residential|company|restaurant|bus_stop,,38.693950105848444,1321.9513167019495,37.50334380565249,127.02110990869835,,,,unpicked
dyn_pax_2699,3577.0,2026-09-07 09:59:37,-417933645#2,company|restaurant|subway_entrance,,701.1658676593129,719.5455833044954,37.49804244093877,127.02874337560036,,,,unpicked
dyn_pax_2700,3577.0,2026-09-07 09:59:37,520307304#2,restaurant,,553.737131666575,902.6336565846188,37.499663917706236,127.02703306650038,,,,unpicked
dyn_pax_2701,3577.0,2026-09-07 09:59:37,805827757#0,restaurant,,762.3138727549854,912.1862152730512,37.49978934916138,127.02938912364917,,,,unpicked
dyn_pax_2702,3579.0,2026-09-07 09:59:39,521770116#2,company|restaurant|bus_stop,,432.3182248087171,1108.514093563608,37.50149560521279,127.02561136613096,,,,unpicked
dyn_pax_2703,3579.0,2026-09-07 09:59:39,-504227066#3,restaurant,,449.3214735737982,636.1754008755333,37.497243849267164,127.02591568328045,,,,unpicked
dyn_pax_2704,3580.0,2026-09-07 09:59:40,523141074#0,company|restaurant|subway_entrance,,524.0338794858329,871.4890157117229,37.4993777454413,127.02670460634431,,,,unpicked
dyn_pax_2705,3582.0,2026-09-07 09:59:42,1229817205#0,company|subway_entrance|bus_stop,,599.2457558679199,652.2907550986157,37.497417346160496,127.02760695963683,,,,unpicked
dyn_pax_2706,3583.0,2026-09-07 09:59:43,-506191135#2,residential|bus_stop,,236.19733776439384,769.6838415951818,37.49840622577806,127.02347432089968,,,,unpicked
dyn_pax_2707,3585.0,2026-09-07 09:59:45,1229817205#1,residential|bus_stop,,631.6400080768872,572.7061575261558,37.49670653972221,127.02799208080955,,,,unpicked
dyn_pax_2708,3586.0,2026-09-07 09:59:46,520307304#0,school|subway_entrance|bus_stop,,602.6035134310263,763.145495629718,37.498416594724866,127.02761864854104,,,,unpicked
dyn_pax_2709,3586.0,2026-09-07 09:59:46,129731721#0,company|restaurant,,451.4485582282947,673.334514427724,37.497578992002325,127.0259309178301,,,,unpicked
dyn_pax_2710,3588.0,2026-09-07 09:59:48,218864491#0,restaurant|bus_stop,,769.9803916976219,760.1217113917903,37.49842094941813,127.02951181742357,,,,unpicked
dyn_pax_2711,3589.0,2026-09-07 09:59:49,218873820#0,restaurant|subway_entrance|bus_stop,,628.9829311132032,562.4061665928522,37.49661325243901,127.02796447999128,,,,unpicked
dyn_pax_2712,3589.0,2026-09-07 09:59:49,521770119#1,restaurant|bus_stop,,527.3115514435282,995.8620162900467,37.50049875494786,127.02671217090477,,,,unpicked
dyn_pax_2713,3591.0,2026-09-07 09:59:51,521766182#1,company|restaurant|subway_entrance,,681.695169875507,539.6867345716422,37.496418539503196,127.02856584056028,,,,unpicked
dyn_pax_2714,3591.0,2026-09-07 09:59:51,521766180#1,company|restaurant|bus_stop,,466.73410130235357,1169.2838037446552,37.502049542882666,127.02598608796039,,,,unpicked
dyn_pax_2715,3592.0,2026-09-07 09:59:52,417933642#0,restaurant|bus_stop,,1041.0954363710525,463.30841921497654,37.49579826441859,127.03264736696761,,,,unpicked
dyn_pax_2716,3592.0,2026-09-07 09:59:52,-117790062#4,company,,666.6267400273903,1210.7400577041187,37.50246075614395,127.02823646445898,,,,unpicked
dyn_pax_2717,3593.0,2026-09-07 09:59:53,-129731857#2,restaurant,,875.7452923990509,884.8037873845144,37.499564075208866,127.03067814538078,,,,unpicked
dyn_pax_2718,3594.0,2026-09-07 09:59:54,521770116#2,company|restaurant|bus_stop,,432.3182248087171,1108.514093563608,37.50149560521279,127.02561136613096,,,,unpicked
dyn_pax_2719,3594.0,2026-09-07 09:59:54,178441450#1,residential|company|restaurant|bus_stop,,282.90243066757296,609.4157395563556,37.496971320837204,127.02404044855805,,,,unpicked
dyn_pax_2720,3595.0,2026-09-07 09:59:55,218873820#0,restaurant|subway_entrance|bus_stop,,628.9829311132032,562.4061665928522,37.49661325243901,127.02796447999128,,,,unpicked
dyn_pax_2721,3597.0,2026-09-07 09:59:57,218873820#0,restaurant|subway_entrance|bus_stop,,628.9829311132032,562.4061665928522,37.49661325243901,127.02796447999128,,,,unpicked
dyn_pax_2722,3598.0,2026-09-07 09:59:58,1229817205#1,residential|bus_stop,,631.6400080768872,572.7061575261558,37.49670653972221,127.02799208080955,,,,unpicked
dyn_pax_2723,3598.0,2026-09-07 09:59:58,504509918#0,residential|restaurant,,511.83203920742636,882.9034728009249,37.49947826486711,127.02656393710718,,,,unpicked
dyn_pax_2724,3600.0,2026-09-07 10:00:00,975332778#1,bus_stop,,681.6099970732737,721.9380561808346,37.49806030190971,127.02852170075586,,,,unpicked
