person_id,request_sec,pickup_datetime,edge_id,origin_zone,dest_category,x,y,latitude,longitude,pickup_sec,wait_sec,taxi_id,status
dyn_pax_1,3.0,2026-09-07 09:00:03,1229817205#0,company|subway_entrance|bus_stop,,599.2457558679199,652.2907550986157,37.497417346160496,127.02760695963683,100.0,97.0,taxi_respawn_15,picked
dyn_pax_2,4.0,2026-09-07 09:00:04,375049565#2,restaurant,,1048.966709229659,894.5327467658005,37.49968436369115,127.03263441305876,182.0,178.0,taxi_43,picked
dyn_pax_3,5.0,2026-09-07 09:00:05,-417933646#4,company|restaurant,,761.9867537178288,747.7080569325292,37.49830761500862,127.02942437673002,119.0,114.0,taxi_respawn_17,picked
dyn_pax_4,9.0,2026-09-07 09:00:09,1117538957#3,restaurant|subway_entrance|bus_stop,,465.5082521847807,644.8780924026132,37.49732530507706,127.02609663221197,21.0,12.0,taxi_39,picked
dyn_pax_5,9.0,2026-09-07 09:00:09,-557469234,restaurant,,929.7298817515857,1030.9986809445256,37.50089122514563,127.03125394368278,106.0,97.0,taxi_26,picked
dyn_pax_6,11.0,2026-09-07 09:00:11,506191135#3,residential|company|restaurant|bus_stop,,238.79972345576414,789.4714057742513,37.49858497042428,127.023499044737,20.0,9.0,taxi_5,picked
dyn_pax_7,14.0,2026-09-07 09:00:14,417933645#0,residential|restaurant,,823.1026288816429,385.61625104994533,37.49505730126708,127.03020109557775,73.0,59.0,taxi_12,picked
dyn_pax_8,17.0,2026-09-07 09:00:17,218877837#2,company|restaurant|bus_stop,,479.4555212141038,978.0213907550284,37.500328997763305,127.02617530290202,134.0,117.0,taxi_15,picked
dyn_pax_10,18.0,2026-09-07 09:00:18,-805827765,restaurant,,955.7439147780814,1157.0835718820576,37.50203194319751,127.03151825266303,45.0,27.0,taxi_6,picked
dyn_pax_9,18.0,2026-09-07 09:00:18,520307304#0,school|subway_entrance|bus_stop,,602.6035134310263,763.145495629718,37.498416594724866,127.02761864854104,46.0,28.0,taxi_16,picked
dyn_pax_11,21.0,2026-09-07 09:00:21,129731720#0,residential|company|restaurant,,292.10678712231254,1113.150773394943,37.50151085547559,127.02402489828896,210.0,189.0,taxi_47,picked
dyn_pax_12,22.0,2026-09-07 09:00:22,-117790031#1,restaurant,,730.7814463439225,1053.3410552584976,37.501054966737435,127.02899915797848,86.0,64.0,taxi_4,picked
dyn_pax_13,23.0,2026-09-07 09:00:23,375049565#6,restaurant|subway_entrance|bus_stop,,789.5153251748014,798.8522330112556,37.49877353199428,127.02972351946808,67.0,44.0,taxi_25,picked
dyn_pax_14,24.0,2026-09-07 09:00:24,480850873,company|restaurant|bus_stop,,548.1935052770749,708.5896639848544,37.49791486187585,127.0270163956136,47.0,23.0,taxi_respawn_28,picked
dyn_pax_15,28.0,2026-09-07 09:00:28,1117538958#3,bus_stop,,160.18899290588462,540.6019911995099,37.49632820280781,127.02266936696756,65.0,37.0,taxi_respawn_29,picked
dyn_pax_16,28.0,2026-09-07 09:00:28,218857636#1,residential|company|restaurant|bus_stop,,297.92905089287035,623.2061345250047,37.49709839153085,127.02420706961871,50.0,22.0,taxi_40,picked
dyn_pax_17,29.0,2026-09-07 09:00:29,521766175#1,company|restaurant|subway_entrance,,332.9365590021661,1411.5585828157227,37.504206724109,127.02441570308932,38.0,9.0,taxi_23,picked
dyn_pax_18,29.0,2026-09-07 09:00:29,129731857#1,residential|restaurant,,656.8212873140518,799.6615847813327,37.498755780674834,127.02822301071001,154.0,125.0,taxi_respawn_14,picked
dyn_pax_19,29.0,2026-09-07 09:00:29,-379463134#6,restaurant,,651.5506250710082,1319.679135788758,37.50343926652266,127.02804017641046,48.0,19.0,taxi_respawn_31,picked
dyn_pax_20,32.0,2026-09-07 09:00:32,218873820#0,restaurant|subway_entrance|bus_stop,,628.9829311132032,562.4061665928522,37.49661325243901,127.02796447999128,117.0,85.0,taxi_1,picked
dyn_pax_21,34.0,2026-09-07 09:00:34,521766175#3,company|restaurant|subway_entrance|bus_stop,,373.6701172395771,1298.610217621072,37.50319695740621,127.02490310718325,53.0,19.0,taxi_31,picked
dyn_pax_22,35.0,2026-09-07 09:00:35,218877837#2,company|restaurant|bus_stop,,479.4555212141038,978.0213907550284,37.500328997763305,127.02617530290202,141.0,106.0,taxi_35,picked
dyn_pax_23,37.0,2026-09-07 09:00:37,504227067#4,residential|restaurant,,502.84500120553366,479.2066548114549,37.49583994070096,127.02655806263846,138.0,101.0,taxi_11,picked
dyn_pax_24,39.0,2026-09-07 09:00:39,26163000#0,restaurant,,655.1679463942612,1215.3400880972458,37.50250003106797,127.02810580802628,67.0,28.0,taxi_respawn_35,picked
dyn_pax_25,40.0,2026-09-07 09:00:40,1229817205#1,residential|bus_stop,,631.6400080768872,572.7061575261558,37.49670653972221,127.02799208080955,140.0,100.0,taxi_respawn_22,picked
dyn_pax_26,43.0,2026-09-07 09:00:43,1117538958#3,bus_stop,,160.18899290588462,540.6019911995099,37.49632820280781,127.02266936696756,55.0,12.0,taxi_3,picked
dyn_pax_27,44.0,2026-09-07 09:00:44,506191135#3,residential|company|restaurant|bus_stop,,238.79972345576414,789.4714057742513,37.49858497042428,127.023499044737,48.0,4.0,taxi_respawn_25,picked
dyn_pax_28,44.0,2026-09-07 09:00:44,521766175#1,company|restaurant|subway_entrance,,332.9365590021661,1411.5585828157227,37.504206724109,127.02441570308932,50.0,6.0,taxi_36,picked
dyn_pax_29,46.0,2026-09-07 09:00:46,-417933646#4,company|restaurant,,761.9867537178288,747.7080569325292,37.49830761500862,127.02942437673002,148.0,102.0,taxi_29,picked
dyn_pax_30,49.0,2026-09-07 09:00:49,1117538957#3,restaurant|subway_entrance|bus_stop,,465.5082521847807,644.8780924026132,37.49732530507706,127.02609663221197,79.0,30.0,taxi_respawn_13,picked
dyn_pax_31,49.0,2026-09-07 09:00:49,628232693#0,company|restaurant,,644.2623295929467,660.168099777976,37.49749680792099,127.0281140674837,163.0,114.0,taxi_respawn_16,picked
dyn_pax_32,50.0,2026-09-07 09:00:50,-129731721#2,company|restaurant,,388.6558839574922,820.9778890483499,37.49889713764622,127.02518592115393,96.0,46.0,taxi_respawn_26,picked
dyn_pax_33,51.0,2026-09-07 09:00:51,218877837#2,company|restaurant|bus_stop,,479.4555212141038,978.0213907550284,37.500328997763305,127.02617530290202,69.0,18.0,taxi_32,picked
dyn_pax_34,52.0,2026-09-07 09:00:52,-309155295#1,residential|restaurant,,820.2174803017108,588.0239695218922,37.496880113093034,127.03012056506905,131.0,79.0,taxi_respawn_12,picked
dyn_pax_35,56.0,2026-09-07 09:00:56,417933646#2,residential|restaurant,,830.3119525357222,594.5819430897021,37.496941093289735,127.0302331440542,137.0,81.0,taxi_42,picked
dyn_pax_36,57.0,2026-09-07 09:00:57,218857636#1,residential|company|restaurant|bus_stop,,297.92905089287035,623.2061345250047,37.49709839153085,127.02420706961871,102.0,45.0,taxi_20,picked
dyn_pax_37,58.0,2026-09-07 09:00:58,239962780#1,company|restaurant,,78.091042197054,1418.7355011637856,37.504223128704645,127.02153236485597,86.0,28.0,taxi_respawn_6,picked
dyn_pax_38,60.0,2026-09-07 09:01:00,375049565#6,restaurant|subway_entrance|bus_stop,,789.5153251748014,798.8522330112556,37.49877353199428,127.02972351946808,108.0,48.0,taxi_respawn_2,picked
dyn_pax_39,64.0,2026-09-07 09:01:04,375049565#6,restaurant|subway_entrance|bus_stop,,789.5153251748014,798.8522330112556,37.49877353199428,127.02972351946808,113.0,49.0,taxi_respawn_18,picked
dyn_pax_40,64.0,2026-09-07 09:01:04,521770119#1,restaurant|bus_stop,,527.3115514435282,995.8620162900467,37.50049875494786,127.02671217090477,113.0,49.0,taxi_respawn_4,picked
dyn_pax_41,66.0,2026-09-07 09:01:06,218873820#0,restaurant|subway_entrance|bus_stop,,628.9829311132032,562.4061665928522,37.49661325243901,127.02796447999128,122.0,56.0,taxi_respawn_38,picked
dyn_pax_42,67.0,2026-09-07 09:01:07,1376141183#0,bus_stop,,548.2528111146681,901.2117688498424,37.49965007283687,127.02697139402301,175.0,108.0,taxi_18,picked
dyn_pax_43,67.0,2026-09-07 09:01:07,-417933645#1,restaurant,,753.9829961438405,551.6859834676363,37.49654027420169,127.02938030242663,148.0,81.0,taxi_19,picked
dyn_pax_44,69.0,2026-09-07 09:01:09,975332778#1,bus_stop,,681.6099970732737,721.9380561808346,37.49806030190971,127.02852170075586,144.0,75.0,taxi_respawn_24,picked
dyn_pax_45,72.0,2026-09-07 09:01:12,178441450#1,residential|company|restaurant|bus_stop,,282.90243066757296,609.4157395563556,37.496971320837204,127.02404044855805,113.0,41.0,taxi_13,picked
dyn_pax_46,73.0,2026-09-07 09:01:13,218873820#0,restaurant|subway_entrance|bus_stop,,628.9829311132032,562.4061665928522,37.49661325243901,127.02796447999128,135.0,62.0,taxi_17,picked
dyn_pax_47,75.0,2026-09-07 09:01:15,218873820#0,restaurant|subway_entrance|bus_stop,,628.9829311132032,562.4061665928522,37.49661325243901,127.02796447999128,197.0,122.0,taxi_24,picked
dyn_pax_48,77.0,2026-09-07 09:01:17,-506191135#2,residential|bus_stop,,236.19733776439384,769.6838415951818,37.49840622577806,127.02347432089968,96.0,19.0,taxi_27,picked
dyn_pax_49,78.0,2026-09-07 09:01:18,-504509918#2,company|restaurant|bus_stop,,398.9694242295193,827.4758220967593,37.49895762305832,127.02530099003066,110.0,32.0,taxi_respawn_1,picked
dyn_pax_50,80.0,2026-09-07 09:01:20,-417933645#2,company|restaurant|subway_entrance,,701.1658676593129,719.5455833044954,37.49804244093877,127.02874337560036,171.0,91.0,taxi_respawn_33,picked
dyn_pax_51,81.0,2026-09-07 09:01:21,-417933645#2,company|restaurant|subway_entrance,,701.1658676593129,719.5455833044954,37.49804244093877,127.02874337560036,222.0,141.0,taxi_respawn_9,picked
dyn_pax_52,82.0,2026-09-07 09:01:22,975332778#1,bus_stop,,681.6099970732737,721.9380561808346,37.49806030190971,127.02852170075586,170.0,88.0,taxi_7,picked
dyn_pax_53,83.0,2026-09-07 09:01:23,1117538958#3,bus_stop,,160.18899290588462,540.6019911995099,37.49632820280781,127.02266936696756,115.0,32.0,taxi_44,picked
dyn_pax_54,84.0,2026-09-07 09:01:24,480850873,company|restaurant|bus_stop,,548.1935052770749,708.5896639848544,37.49791486187585,127.0270163956136,157.0,73.0,taxi_38,picked
dyn_pax_55,84.0,2026-09-07 09:01:24,-117790045#1,restaurant,,534.0975884889299,1266.9858058167179,37.502942402865294,127.02672459950128,213.0,129.0,taxi_respawn_34,picked
dyn_pax_56,92.0,2026-09-07 09:01:32,521770119#1,restaurant|bus_stop,,527.3115514435282,995.8620162900467,37.50049875494786,127.02671217090477,177.0,85.0,taxi_0,picked
dyn_pax_57,93.0,2026-09-07 09:01:33,1117538958#3,bus_stop,,160.18899290588462,540.6019911995099,37.49632820280781,127.02266936696756,120.0,27.0,taxi_respawn_32,picked
dyn_pax_58,95.0,2026-09-07 09:01:35,218857636#1,residential|company|restaurant|bus_stop,,297.92905089287035,623.2061345250047,37.49709839153085,127.02420706961871,212.0,117.0,taxi_22,picked
dyn_pax_59,95.0,2026-09-07 09:01:35,-129731717#1,residential|company|restaurant,,188.433090102474,1374.3511058470413,37.503844200149025,127.0227905913032,210.0,115.0,taxi_45,picked
dyn_pax_60,96.0,2026-09-07 09:01:36,-417933645#2,company|restaurant|subway_entrance,,701.1658676593129,719.5455833044954,37.49804244093877,127.02874337560036,180.0,84.0,taxi_28,picked
dyn_pax_61,97.0,2026-09-07 09:01:37,117790045#2,restaurant,,537.9561568342307,1283.7183624175188,37.50309386389003,127.02676426064505,225.0,128.0,taxi_respawn_8,picked
dyn_pax_62,99.0,2026-09-07 09:01:39,417750337#2,restaurant,,602.0112566641748,1239.22102407953,37.50270511928559,127.02749909599581,147.0,48.0,taxi_10,picked
dyn_pax_63,102.0,2026-09-07 09:01:42,26163000#3,restaurant,,602.970622715944,1275.0711016561868,37.50302824900089,127.02750144434575,299.0,197.0,taxi_41,picked
dyn_pax_64,105.0,2026-09-07 09:01:45,417731530,company|restaurant,,191.66975375905443,1429.5779711342507,37.5043423120142,127.02281406437154,114.0,9.0,taxi_46,picked
dyn_pax_65,106.0,2026-09-07 09:01:46,-417933645#2,company|restaurant|subway_entrance,,701.1658676593129,719.5455833044954,37.49804244093877,127.02874337560036,248.0,142.0,taxi_respawn_30,picked
dyn_pax_66,107.0,2026-09-07 09:01:47,1056882877#3,residential|company|restaurant,,365.79280968467333,433.0557487307964,37.495398294451746,127.02501948586043,171.0,64.0,taxi_respawn_23,picked
dyn_pax_67,110.0,2026-09-07 09:01:50,-417750336#3,school|company,,868.1859178511071,948.5147012398835,37.50013657861005,127.03057759421064,227.0,117.0,taxi_30,picked
dyn_pax_68,114.0,2026-09-07 09:01:54,-129731852,restaurant,,721.4959946165901,929.589824990092,37.499938423771525,127.02892348366522,299.0,185.0,taxi_9,picked
dyn_pax_69,115.0,2026-09-07 09:01:55,1117538957#3,restaurant|subway_entrance|bus_stop,,465.5082521847807,644.8780924026132,37.49732530507706,127.02609663221197,189.0,74.0,taxi_49,picked
dyn_pax_70,117.0,2026-09-07 09:01:57,417731530,company|restaurant,,191.66975375905443,1429.5779711342507,37.5043423120142,127.02281406437154,122.0,5.0,taxi_2,picked
dyn_pax_71,118.0,2026-09-07 09:01:58,218857636#1,residential|company|restaurant|bus_stop,,297.92905089287035,623.2061345250047,37.49709839153085,127.02420706961871,171.0,53.0,taxi_respawn_11,picked
dyn_pax_72,119.0,2026-09-07 09:01:59,1376141182#0,bus_stop,,385.7154046370183,1301.0311255965628,37.50322104370192,127.02503873135461,133.0,14.0,taxi_48,picked
dyn_pax_73,123.0,2026-09-07 09:02:03,494824662#3,company|restaurant|subway_entrance,,729.424850252167,406.6843378518681,37.49522941823122,127.02913698209235,315.0,192.0,taxi_33,picked
dyn_pax_74,124.0,2026-09-07 09:02:04,521770116#2,company|restaurant|bus_stop,,432.3182248087171,1108.514093563608,37.50149560521279,127.02561136613096,214.0,90.0,taxi_respawn_5,picked
dyn_pax_75,124.0,2026-09-07 09:02:04,805827757#0,restaurant,,762.3138727549854,912.1862152730512,37.49978934916138,127.02938912364917,302.0,178.0,taxi_respawn_20,picked
dyn_pax_76,127.0,2026-09-07 09:02:07,1117538958#3,bus_stop,,160.18899290588462,540.6019911995099,37.49632820280781,127.02266936696756,276.0,149.0,taxi_8,picked
dyn_pax_77,129.0,2026-09-07 09:02:09,1229817205#0,company|subway_entrance|bus_stop,,599.2457558679199,652.2907550986157,37.497417346160496,127.02760695963683,212.0,83.0,taxi_respawn_28,picked
dyn_pax_78,132.0,2026-09-07 09:02:12,375049565#6,restaurant|subway_entrance|bus_stop,,789.5153251748014,798.8522330112556,37.49877353199428,127.02972351946808,294.0,162.0,taxi_respawn_10,picked
dyn_pax_79,133.0,2026-09-07 09:02:13,975332778#1,bus_stop,,681.6099970732737,721.9380561808346,37.49806030190971,127.02852170075586,265.0,132.0,taxi_respawn_19,picked
dyn_pax_80,135.0,2026-09-07 09:02:15,541692164#1,subway_entrance,,271.6277521231475,1406.6420105391767,37.5041508337347,127.02372362926798,190.0,55.0,taxi_respawn_3,picked
dyn_pax_81,136.0,2026-09-07 09:02:16,417750342#0,residential,,845.3624953099543,1340.16590884019,37.50366039527634,127.03022681464076,351.0,215.0,taxi_37,picked
dyn_pax_82,138.0,2026-09-07 09:02:18,521766182#1,company|restaurant|subway_entrance,,681.695169875507,539.6867345716422,37.496418539503196,127.02856584056028,316.0,178.0,taxi_respawn_21,picked
dyn_pax_83,140.0,2026-09-07 09:02:20,1229817205#0,company|subway_entrance|bus_stop,,599.2457558679199,652.2907550986157,37.497417346160496,127.02760695963683,261.0,121.0,taxi_respawn_27,picked
dyn_pax_84,141.0,2026-09-07 09:02:21,218864491#0,restaurant|bus_stop,,769.9803916976219,760.1217113917903,37.49842094941813,127.02951181742357,277.0,136.0,taxi_respawn_7,picked
dyn_pax_85,141.0,2026-09-07 09:02:21,521766175#3,company|restaurant|subway_entrance|bus_stop,,373.6701172395771,1298.610217621072,37.50319695740621,127.02490310718325,223.0,82.0,taxi_respawn_37,picked
dyn_pax_86,142.0,2026-09-07 09:02:22,178441450#1,residential|company|restaurant|bus_stop,,282.90243066757296,609.4157395563556,37.496971320837204,127.02404044855805,256.0,114.0,taxi_14,picked
dyn_pax_87,144.0,2026-09-07 09:02:24,521770116#2,company|restaurant|bus_stop,,432.3182248087171,1108.514093563608,37.50149560521279,127.02561136613096,245.0,101.0,taxi_21,picked
dyn_pax_88,145.0,2026-09-07 09:02:25,-417933645#2,company|restaurant|subway_entrance,,701.1658676593129,719.5455833044954,37.49804244093877,127.02874337560036,378.0,233.0,taxi_34,picked
dyn_pax_89,146.0,2026-09-07 09:02:26,129731834#0,school,,229.35227593843302,780.2499709424674,37.498500113124294,127.02339441737757,263.0,117.0,taxi_respawn_36,picked
dyn_pax_90,152.0,2026-09-07 09:02:32,520307304#0,school|subway_entrance|bus_stop,,602.6035134310263,763.145495629718,37.498416594724866,127.02761864854104,,,,timeout
dyn_pax_91,153.0,2026-09-07 09:02:33,1229817205#1,residential|bus_stop,,631.6400080768872,572.7061575261558,37.49670653972221,127.02799208080955,274.0,121.0,taxi_12,picked
dyn_pax_92,156.0,2026-09-07 09:02:36,1376141183#0,bus_stop,,548.2528111146681,901.2117688498424,37.49965007283687,127.02697139402301,,,,timeout
dyn_pax_93,158.0,2026-09-07 09:02:38,375049565#6,restaurant|subway_entrance|bus_stop,,789.5153251748014,798.8522330112556,37.49877353199428,127.02972351946808,,,,timeout
dyn_pax_94,161.0,2026-09-07 09:02:41,541692164#1,subway_entrance,,271.6277521231475,1406.6420105391767,37.5041508337347,127.02372362926798,208.0,47.0,taxi_40,picked
dyn_pax_95,168.0,2026-09-07 09:02:48,506191135#3,residential|company|restaurant|bus_stop,,238.79972345576414,789.4714057742513,37.49858497042428,127.023499044737,,,,timeout
dyn_pax_96,168.0,2026-09-07 09:02:48,-417750336#5,restaurant,,886.0343029737398,891.1232225857099,37.499622942823265,127.030792984823,250.0,82.0,taxi_16,picked
dyn_pax_97,169.0,2026-09-07 09:02:49,521766182#1,company|restaurant|subway_entrance,,681.695169875507,539.6867345716422,37.496418539503196,127.02856584056028,413.0,244.0,taxi_respawn_6,picked
dyn_pax_98,170.0,2026-09-07 09:02:50,523141074#0,company|restaurant|subway_entrance,,524.0338794858329,871.4890157117229,37.4993777454413,127.02670460634431,,,,timeout
dyn_pax_100,173.0,2026-09-07 09:02:53,-117790045#1,restaurant,,534.0975884889299,1266.9858058167179,37.502942402865294,127.02672459950128,348.0,175.0,taxi_31,picked
dyn_pax_99,173.0,2026-09-07 09:02:53,178441450#1,residential|company|restaurant|bus_stop,,282.90243066757296,609.4157395563556,37.496971320837204,127.02404044855805,368.0,195.0,taxi_respawn_23,picked
dyn_pax_101,175.0,2026-09-07 09:02:55,375049565#6,restaurant|subway_entrance|bus_stop,,789.5153251748014,798.8522330112556,37.49877353199428,127.02972351946808,312.0,137.0,taxi_32,picked
dyn_pax_102,176.0,2026-09-07 09:02:56,480850873,company|restaurant|bus_stop,,548.1935052770749,708.5896639848544,37.49791486187585,127.0270163956136,,,,timeout
dyn_pax_103,179.0,2026-09-07 09:02:59,1117538957#3,restaurant|subway_entrance|bus_stop,,465.5082521847807,644.8780924026132,37.49732530507706,127.02609663221197,386.0,207.0,taxi_22,picked
dyn_pax_104,181.0,2026-09-07 09:03:01,218873820#0,restaurant|subway_entrance|bus_stop,,628.9829311132032,562.4061665928522,37.49661325243901,127.02796447999128,378.0,197.0,taxi_6,picked
dyn_pax_105,185.0,2026-09-07 09:03:05,521766175#3,company|restaurant|subway_entrance|bus_stop,,373.6701172395771,1298.610217621072,37.50319695740621,127.02490310718325,568.0,383.0,taxi_28,picked
dyn_pax_106,185.0,2026-09-07 09:03:05,305539406,company|restaurant|subway_entrance,,566.389495917364,736.5285064605782,37.49816998085155,127.02721550408178,313.0,128.0,taxi_46,picked
dyn_pax_107,188.0,2026-09-07 09:03:08,1376141183#0,bus_stop,,548.2528111146681,901.2117688498424,37.49965007283687,127.02697139402301,292.0,104.0,taxi_respawn_4,picked
dyn_pax_108,188.0,2026-09-07 09:03:08,628232693#0,company|restaurant,,644.2623295929467,660.168099777976,37.49749680792099,127.0281140674837,276.0,88.0,taxi_36,picked
dyn_pax_109,189.0,2026-09-07 09:03:09,805827757#0,restaurant,,762.3138727549854,912.1862152730512,37.49978934916138,127.02938912364917,309.0,120.0,taxi_respawn_14,picked
dyn_pax_110,190.0,2026-09-07 09:03:10,305539406,company|restaurant|subway_entrance,,566.389495917364,736.5285064605782,37.49816998085155,127.02721550408178,626.0,436.0,taxi_33,picked
dyn_pax_111,191.0,2026-09-07 09:03:11,1056882877#3,residential|company|restaurant,,365.79280968467333,433.0557487307964,37.495398294451746,127.02501948586043,315.0,124.0,taxi_respawn_11,picked
dyn_pax_112,193.0,2026-09-07 09:03:13,521766182#1,company|restaurant|subway_entrance,,681.695169875507,539.6867345716422,37.496418539503196,127.02856584056028,306.0,113.0,taxi_5,picked
dyn_pax_113,199.0,2026-09-07 09:03:19,218864491#0,restaurant|bus_stop,,769.9803916976219,760.1217113917903,37.49842094941813,127.02951181742357,269.0,70.0,taxi_respawn_31,picked
dyn_pax_114,202.0,2026-09-07 09:03:22,1117538957#3,restaurant|subway_entrance|bus_stop,,465.5082521847807,644.8780924026132,37.49732530507706,127.02609663221197,380.0,178.0,taxi_respawn_16,picked
dyn_pax_115,203.0,2026-09-07 09:03:23,-129731834#1,residential,,78.2122165689223,720.9585140244731,37.49793738265588,127.02169964763026,320.0,117.0,taxi_respawn_32,picked
dyn_pax_116,204.0,2026-09-07 09:03:24,-417750337#4,restaurant,,542.6552277079157,1139.0745154802132,37.5017917560025,127.02685169754334,353.0,149.0,taxi_18,picked
dyn_pax_117,204.0,2026-09-07 09:03:24,1117538957#3,restaurant|subway_entrance|bus_stop,,465.5082521847807,644.8780924026132,37.49732530507706,127.02609663221197,402.0,198.0,taxi_respawn_28,picked
dyn_pax_118,212.0,2026-09-07 09:03:32,506191135#3,residential|company|restaurant|bus_stop,,238.79972345576414,789.4714057742513,37.49858497042428,127.023499044737,280.0,68.0,taxi_20,picked
dyn_pax_119,213.0,2026-09-07 09:03:33,-504509918#2,company|restaurant|bus_stop,,398.9694242295193,827.4758220967593,37.49895762305832,127.02530099003066,260.0,47.0,taxi_15,picked
dyn_pax_120,214.0,2026-09-07 09:03:34,1229817205#0,company|subway_entrance|bus_stop,,599.2457558679199,652.2907550986157,37.497417346160496,127.02760695963683,669.0,455.0,taxi_respawn_34,picked
dyn_pax_121,215.0,2026-09-07 09:03:35,521766175#3,company|restaurant|subway_entrance|bus_stop,,373.6701172395771,1298.610217621072,37.50319695740621,127.02490310718325,658.0,443.0,taxi_49,picked
dyn_pax_122,216.0,2026-09-07 09:03:36,218873820#0,restaurant|subway_entrance|bus_stop,,628.9829311132032,562.4061665928522,37.49661325243901,127.02796447999128,641.0,425.0,taxi_respawn_19,picked
dyn_pax_123,216.0,2026-09-07 09:03:36,417731530,company|restaurant,,191.66975375905443,1429.5779711342507,37.5043423120142,127.02281406437154,242.0,26.0,taxi_25,picked
dyn_pax_124,217.0,2026-09-07 09:03:37,975332778#1,bus_stop,,681.6099970732737,721.9380561808346,37.49806030190971,127.02852170075586,311.0,94.0,taxi_respawn_33,picked
dyn_pax_125,221.0,2026-09-07 09:03:41,1376141182#0,bus_stop,,385.7154046370183,1301.0311255965628,37.50322104370192,127.02503873135461,480.0,259.0,taxi_respawn_13,picked
dyn_pax_126,221.0,2026-09-07 09:03:41,-379463134#2,restaurant,,527.5499142349145,1277.2476095039178,37.503033607059436,127.02664812966836,270.0,49.0,taxi_10,picked
dyn_pax_127,223.0,2026-09-07 09:03:43,256787796#5,restaurant,,616.3422671393917,878.7532899245961,37.49946062055924,127.02774658517313,507.0,284.0,taxi_37,picked
dyn_pax_128,223.0,2026-09-07 09:03:43,521770119#1,restaurant|bus_stop,,527.3115514435282,995.8620162900467,37.50049875494786,127.02671217090477,385.0,162.0,taxi_respawn_26,picked
dyn_pax_129,227.0,2026-09-07 09:03:47,305539406,company|restaurant|subway_entrance,,566.389495917364,736.5285064605782,37.49816998085155,127.02721550408178,,,,timeout
dyn_pax_130,229.0,2026-09-07 09:03:49,480850873,company|restaurant|bus_stop,,548.1935052770749,708.5896639848544,37.49791486187585,127.0270163956136,,,,timeout
dyn_pax_131,230.0,2026-09-07 09:03:50,523141074#0,company|restaurant|subway_entrance,,524.0338794858329,871.4890157117229,37.4993777454413,127.02670460634431,324.0,94.0,taxi_3,picked
dyn_pax_132,231.0,2026-09-07 09:03:51,520307304#0,school|subway_entrance|bus_stop,,602.6035134310263,763.145495629718,37.498416594724866,127.02761864854104,547.0,316.0,taxi_10,picked
dyn_pax_133,231.0,2026-09-07 09:03:51,-542367267#1,bus_stop,,247.51018316686128,1414.7184918773391,37.504219024473855,127.02344900430944,315.0,84.0,taxi_39,picked
dyn_pax_134,232.0,2026-09-07 09:03:52,417933642#0,restaurant|bus_stop,,1041.0954363710525,463.30841921497654,37.49579826441859,127.03264736696761,,,,timeout
dyn_pax_135,233.0,2026-09-07 09:03:53,541692164#1,subway_entrance,,271.6277521231475,1406.6420105391767,37.5041508337347,127.02372362926798,460.0,227.0,taxi_21,picked
dyn_pax_136,234.0,2026-09-07 09:03:54,305539406,company|restaurant|subway_entrance,,566.389495917364,736.5285064605782,37.49816998085155,127.02721550408178,,,,timeout
dyn_pax_137,242.0,2026-09-07 09:04:02,494824662#3,company|restaurant|subway_entrance,,729.424850252167,406.6843378518681,37.49522941823122,127.02913698209235,507.0,265.0,taxi_respawn_10,picked
dyn_pax_138,242.0,2026-09-07 09:04:02,523141074#0,company|restaurant|subway_entrance,,524.0338794858329,871.4890157117229,37.4993777454413,127.02670460634431,412.0,170.0,taxi_respawn_18,picked
dyn_pax_139,244.0,2026-09-07 09:04:04,1229817205#0,company|subway_entrance|bus_stop,,599.2457558679199,652.2907550986157,37.497417346160496,127.02760695963683,811.0,567.0,taxi_respawn_9,picked
dyn_pax_140,245.0,2026-09-07 09:04:05,504227067#4,residential|restaurant,,502.84500120553366,479.2066548114549,37.49583994070096,127.02655806263846,367.0,122.0,taxi_17,picked
dyn_pax_141,247.0,2026-09-07 09:04:07,521770119#1,restaurant|bus_stop,,527.3115514435282,995.8620162900467,37.50049875494786,127.02671217090477,394.0,147.0,taxi_2,picked
dyn_pax_142,248.0,2026-09-07 09:04:08,521770119#1,restaurant|bus_stop,,527.3115514435282,995.8620162900467,37.50049875494786,127.02671217090477,,,,timeout
dyn_pax_143,248.0,2026-09-07 09:04:08,129731721#0,company|restaurant,,451.4485582282947,673.334514427724,37.497578992002325,127.0259309178301,503.0,255.0,taxi_27,picked
dyn_pax_144,250.0,2026-09-07 09:04:10,218857636#1,residential|company|restaurant|bus_stop,,297.92905089287035,623.2061345250047,37.49709839153085,127.02420706961871,502.0,252.0,taxi_respawn_22,picked
dyn_pax_145,250.0,2026-09-07 09:04:10,521770116#2,company|restaurant|bus_stop,,432.3182248087171,1108.514093563608,37.50149560521279,127.02561136613096,373.0,123.0,taxi_respawn_12,picked
dyn_pax_146,250.0,2026-09-07 09:04:10,-506191135#2,residential|bus_stop,,236.19733776439384,769.6838415951818,37.49840622577806,127.02347432089968,343.0,93.0,taxi_respawn_35,picked
dyn_pax_147,251.0,2026-09-07 09:04:11,-506191135#2,residential|bus_stop,,236.19733776439384,769.6838415951818,37.49840622577806,127.02347432089968,360.0,109.0,taxi_respawn_3,picked
dyn_pax_148,252.0,2026-09-07 09:04:12,178441450#1,residential|company|restaurant|bus_stop,,282.90243066757296,609.4157395563556,37.496971320837204,127.02404044855805,305.0,53.0,taxi_48,picked
dyn_pax_149,253.0,2026-09-07 09:04:13,521770116#2,company|restaurant|bus_stop,,432.3182248087171,1108.514093563608,37.50149560521279,127.02561136613096,380.0,127.0,taxi_respawn_24,picked
dyn_pax_150,256.0,2026-09-07 09:04:16,-542367267#1,bus_stop,,247.51018316686128,1414.7184918773391,37.504219024473855,127.02344900430944,457.0,201.0,taxi_respawn_37,picked
dyn_pax_151,257.0,2026-09-07 09:04:17,504512001,restaurant,,488.2111633916996,684.0143948730154,37.497682147346794,127.02634403725544,481.0,224.0,taxi_respawn_38,picked
dyn_pax_152,259.0,2026-09-07 09:04:19,506191135#3,residential|company|restaurant|bus_stop,,238.79972345576414,789.4714057742513,37.49858497042428,127.023499044737,371.0,112.0,taxi_35,picked
dyn_pax_153,260.0,2026-09-07 09:04:20,1229817205#0,company|subway_entrance|bus_stop,,599.2457558679199,652.2907550986157,37.497417346160496,127.02760695963683,,,,timeout
dyn_pax_154,261.0,2026-09-07 09:04:21,-309155295#2,restaurant,,851.6644930724242,598.8503866590313,37.496983571544654,127.03047355257749,333.0,72.0,taxi_4,picked
dyn_pax_155,263.0,2026-09-07 09:04:23,1117538957#3,restaurant|subway_entrance|bus_stop,,465.5082521847807,644.8780924026132,37.49732530507706,127.02609663221197,415.0,152.0,taxi_respawn_27,picked
dyn_pax_156,264.0,2026-09-07 09:04:24,117790036#1,company,,849.7103307162836,1232.6514730855474,37.50269269072902,127.03030143103514,310.0,46.0,taxi_23,picked
dyn_pax_157,265.0,2026-09-07 09:04:25,494824662#3,company|restaurant|subway_entrance,,729.424850252167,406.6843378518681,37.49522941823122,127.02913698209235,549.0,284.0,taxi_34,picked
dyn_pax_158,266.0,2026-09-07 09:04:26,218877837#2,company|restaurant|bus_stop,,479.4555212141038,978.0213907550284,37.500328997763305,127.02617530290202,740.0,474.0,taxi_18,picked
dyn_pax_159,270.0,2026-09-07 09:04:30,506191135#3,residential|company|restaurant|bus_stop,,238.79972345576414,789.4714057742513,37.49858497042428,127.023499044737,626.0,356.0,taxi_6,picked
dyn_pax_160,273.0,2026-09-07 09:04:33,-541692164#2,subway_entrance,,317.7122087179151,1441.0296574375257,37.504469327730426,127.0242365566347,,,,timeout
dyn_pax_161,274.0,2026-09-07 09:04:34,520307304#0,school|subway_entrance|bus_stop,,602.6035134310263,763.145495629718,37.498416594724866,127.02761864854104,,,,timeout
dyn_pax_162,274.0,2026-09-07 09:04:34,239962780#1,company|restaurant,,78.091042197054,1418.7355011637856,37.504223128704645,127.02153236485597,668.0,394.0,taxi_16,picked
dyn_pax_163,275.0,2026-09-07 09:04:35,480850873,company|restaurant|bus_stop,,548.1935052770749,708.5896639848544,37.49791486187585,127.0270163956136,945.0,670.0,taxi_respawn_25,picked
dyn_pax_164,276.0,2026-09-07 09:04:36,521770119#1,restaurant|bus_stop,,527.3115514435282,995.8620162900467,37.50049875494786,127.02671217090477,,,,timeout
dyn_pax_165,278.0,2026-09-07 09:04:38,-129731721#2,company|restaurant,,388.6558839574922,820.9778890483499,37.49889713764622,127.02518592115393,414.0,136.0,taxi_13,picked
dyn_pax_166,278.0,2026-09-07 09:04:38,-417933646#1,residential|restaurant,,826.6019869456061,577.8075382253838,37.49678928421788,127.03019516859905,358.0,80.0,taxi_respawn_1,picked
dyn_pax_167,279.0,2026-09-07 09:04:39,218877837#2,company|restaurant|bus_stop,,479.4555212141038,978.0213907550284,37.500328997763305,127.02617530290202,,,,timeout
dyn_pax_168,281.0,2026-09-07 09:04:41,504227069,residential|restaurant,,587.1158993285404,291.7776336445087,37.494167438547194,127.02755526357365,,,,timeout
dyn_pax_169,283.0,2026-09-07 09:04:43,178441450#1,residential|company|restaurant|bus_stop,,282.90243066757296,609.4157395563556,37.496971320837204,127.02404044855805,311.0,28.0,taxi_respawn_2,picked
dyn_pax_170,285.0,2026-09-07 09:04:45,494824662#3,company|restaurant|subway_entrance,,729.424850252167,406.6843378518681,37.49522941823122,127.02913698209235,,,,timeout
dyn_pax_171,286.0,2026-09-07 09:04:46,521766175#3,company|restaurant|subway_entrance|bus_stop,,373.6701172395771,1298.610217621072,37.50319695740621,127.02490310718325,457.0,171.0,taxi_20,picked
dyn_pax_172,287.0,2026-09-07 09:04:47,417933646#2,residential|restaurant,,830.3119525357222,594.5819430897021,37.496941093289735,127.0302331440542,339.0,52.0,taxi_respawn_25,picked
dyn_pax_173,288.0,2026-09-07 09:04:48,375049565#6,restaurant|subway_entrance|bus_stop,,789.5153251748014,798.8522330112556,37.49877353199428,127.02972351946808,469.0,181.0,taxi_respawn_34,picked
dyn_pax_174,293.0,2026-09-07 09:04:53,521770116#2,company|restaurant|bus_stop,,432.3182248087171,1108.514093563608,37.50149560521279,127.02561136613096,574.0,281.0,taxi_respawn_5,picked
dyn_pax_175,293.0,2026-09-07 09:04:53,-417750337#4,restaurant,,542.6552277079157,1139.0745154802132,37.5017917560025,127.02685169754334,411.0,118.0,taxi_respawn_29,picked
dyn_pax_176,299.0,2026-09-07 09:04:59,1117538957#3,restaurant|subway_entrance|bus_stop,,465.5082521847807,644.8780924026132,37.49732530507706,127.02609663221197,556.0,257.0,taxi_respawn_4,picked
dyn_pax_177,302.0,2026-09-07 09:05:02,520307304#0,school|subway_entrance|bus_stop,,602.6035134310263,763.145495629718,37.498416594724866,127.02761864854104,,,,timeout
dyn_pax_178,302.0,2026-09-07 09:05:02,129731859#3,restaurant,,873.6090416568148,941.272009001338,37.50007235670303,127.03064062663523,339.0,37.0,taxi_43,picked
dyn_pax_179,304.0,2026-09-07 09:05:04,417750354#1,restaurant,,919.2899707887079,1024.6134421491665,37.5008317366974,127.03113741131199,362.0,58.0,taxi_respawn_15,picked
dyn_pax_180,305.0,2026-09-07 09:05:05,541692164#1,subway_entrance,,271.6277521231475,1406.6420105391767,37.5041508337347,127.02372362926798,737.0,432.0,taxi_43,picked
dyn_pax_181,306.0,2026-09-07 09:05:06,480850873,company|restaurant|bus_stop,,548.1935052770749,708.5896639848544,37.49791486187585,127.0270163956136,,,,timeout
dyn_pax_182,308.0,2026-09-07 09:05:08,-417933645#2,company|restaurant|subway_entrance,,701.1658676593129,719.5455833044954,37.49804244093877,127.02874337560036,609.0,301.0,taxi_45,picked
dyn_pax_183,309.0,2026-09-07 09:05:09,-506191135#22,residential|company|restaurant|bus_stop,,38.693950105848444,1321.9513167019495,37.50334380565249,127.02110990869835,325.0,16.0,taxi_38,picked
dyn_pax_184,309.0,2026-09-07 09:05:09,506191135#3,residential|company|restaurant|bus_stop,,238.79972345576414,789.4714057742513,37.49858497042428,127.023499044737,632.0,323.0,taxi_47,picked
dyn_pax_185,309.0,2026-09-07 09:05:09,-506191135#2,residential|bus_stop,,236.19733776439384,769.6838415951818,37.49840622577806,127.02347432089968,410.0,101.0,taxi_47,picked
dyn_pax_186,311.0,2026-09-07 09:05:11,521766182#1,company|restaurant|subway_entrance,,681.695169875507,539.6867345716422,37.496418539503196,127.02856584056028,400.0,89.0,taxi_36,picked
dyn_pax_187,314.0,2026-09-07 09:05:14,1229817205#0,company|subway_entrance|bus_stop,,599.2457558679199,652.2907550986157,37.497417346160496,127.02760695963683,,,,timeout
dyn_pax_188,314.0,2026-09-07 09:05:14,375049565#6,restaurant|subway_entrance|bus_stop,,789.5153251748014,798.8522330112556,37.49877353199428,127.02972351946808,422.0,108.0,taxi_respawn_30,picked
dyn_pax_189,315.0,2026-09-07 09:05:15,521766175#1,company|restaurant|subway_entrance,,332.9365590021661,1411.5585828157227,37.504206724109,127.02441570308932,,,,timeout
dyn_pax_190,316.0,2026-09-07 09:05:16,-542367267#1,bus_stop,,247.51018316686128,1414.7184918773391,37.504219024473855,127.02344900430944,462.0,146.0,taxi_respawn_5,picked
dyn_pax_191,317.0,2026-09-07 09:05:17,375049565#6,restaurant|subway_entrance|bus_stop,,789.5153251748014,798.8522330112556,37.49877353199428,127.02972351946808,436.0,119.0,taxi_9,picked
dyn_pax_192,318.0,2026-09-07 09:05:18,494824662#3,company|restaurant|subway_entrance,,729.424850252167,406.6843378518681,37.49522941823122,127.02913698209235,,,,timeout
dyn_pax_193,319.0,2026-09-07 09:05:19,1117538957#3,restaurant|subway_entrance|bus_stop,,465.5082521847807,644.8780924026132,37.49732530507706,127.02609663221197,591.0,272.0,taxi_44,picked
dyn_pax_194,320.0,2026-09-07 09:05:20,256787796#2,restaurant,,573.8171824012851,1000.9225059734806,37.50055312725627,127.02723680274495,380.0,60.0,taxi_16,picked
dyn_pax_195,322.0,2026-09-07 09:05:22,523141074#0,company|restaurant|subway_entrance,,524.0338794858329,871.4890157117229,37.4993777454413,127.02670460634431,593.0,271.0,taxi_respawn_20,picked
dyn_pax_196,325.0,2026-09-07 09:05:25,218873820#0,restaurant|subway_entrance|bus_stop,,628.9829311132032,562.4061665928522,37.49661325243901,127.02796447999128,559.0,234.0,taxi_26,picked
dyn_pax_197,326.0,2026-09-07 09:05:26,-506191135#22,residential|company|restaurant|bus_stop,,38.693950105848444,1321.9513167019495,37.50334380565249,127.02110990869835,428.0,102.0,taxi_29,picked
dyn_pax_198,328.0,2026-09-07 09:05:28,218877837#2,company|restaurant|bus_stop,,479.4555212141038,978.0213907550284,37.500328997763305,127.02617530290202,,,,timeout
dyn_pax_199,329.0,2026-09-07 09:05:29,521766175#1,company|restaurant|subway_entrance,,332.9365590021661,1411.5585828157227,37.504206724109,127.02441570308932,,,,timeout
dyn_pax_200,331.0,2026-09-07 09:05:31,178441450#1,residential|company|restaurant|bus_stop,,282.90243066757296,609.4157395563556,37.496971320837204,127.02404044855805,596.0,265.0,taxi_respawn_27,picked
dyn_pax_201,331.0,2026-09-07 09:05:31,521766175#1,company|restaurant|subway_entrance,,332.9365590021661,1411.5585828157227,37.504206724109,127.02441570308932,,,,timeout
dyn_pax_202,332.0,2026-09-07 09:05:32,-504509918#2,company|restaurant|bus_stop,,398.9694242295193,827.4758220967593,37.49895762305832,127.02530099003066,416.0,84.0,taxi_11,picked
dyn_pax_203,332.0,2026-09-07 09:05:32,-417750336#3,school|company,,868.1859178511071,948.5147012398835,37.50013657861005,127.03057759421064,402.0,70.0,taxi_1,picked
dyn_pax_204,334.0,2026-09-07 09:05:34,521766180#1,company|restaurant|bus_stop,,466.73410130235357,1169.2838037446552,37.502049542882666,127.02598608796039,705.0,371.0,taxi_respawn_17,picked
dyn_pax_205,334.0,2026-09-07 09:05:34,504509918#0,residential|restaurant,,511.83203920742636,882.9034728009249,37.49947826486711,127.02656393710718,370.0,36.0,taxi_respawn_22,picked
dyn_pax_206,335.0,2026-09-07 09:05:35,521770119#1,restaurant|bus_stop,,527.3115514435282,995.8620162900467,37.50049875494786,127.02671217090477,,,,timeout
dyn_pax_207,337.0,2026-09-07 09:05:37,523141074#0,company|restaurant|subway_entrance,,524.0338794858329,871.4890157117229,37.4993777454413,127.02670460634431,599.0,262.0,taxi_respawn_33,picked
dyn_pax_208,338.0,2026-09-07 09:05:38,129731852,restaurant,,626.5739131314494,885.3301415107766,37.499521799012015,127.0278607124155,398.0,60.0,taxi_10,picked
dyn_pax_209,340.0,2026-09-07 09:05:40,375049565#6,restaurant|subway_entrance|bus_stop,,789.5153251748014,798.8522330112556,37.49877353199428,127.02972351946808,512.0,172.0,taxi_respawn_36,picked
dyn_pax_210,341.0,2026-09-07 09:05:41,1117538957#0,company|restaurant,,312.91680439510856,589.5311930299885,37.49679787270139,127.0243845203811,411.0,70.0,taxi_40,picked
dyn_pax_211,342.0,2026-09-07 09:05:42,379463134#4,restaurant,,574.4815382344308,1284.0756787717605,37.50310398350559,127.02717717678497,383.0,41.0,taxi_42,picked
dyn_pax_212,344.0,2026-09-07 09:05:44,-379232161#3,restaurant,,957.578372934647,431.27964063812743,37.495494003443426,127.03171068469486,,,,timeout
dyn_pax_213,345.0,2026-09-07 09:05:45,521770119#0,restaurant|bus_stop,,548.9831206778387,935.1148840516827,37.499955620541705,127.02697161236954,,,,timeout
dyn_pax_214,348.0,2026-09-07 09:05:48,520307304#0,school|subway_entrance|bus_stop,,602.6035134310263,763.145495629718,37.498416594724866,127.02761864854104,,,,timeout
dyn_pax_215,349.0,2026-09-07 09:05:49,-117790039#2,company|restaurant,,1017.0012393074795,990.846024966068,37.5005459641277,127.03225021068775,389.0,40.0,taxi_30,picked
dyn_pax_216,351.0,2026-09-07 09:05:51,520307304#0,school|subway_entrance|bus_stop,,602.6035134310263,763.145495629718,37.498416594724866,127.02761864854104,,,,timeout
dyn_pax_217,353.0,2026-09-07 09:05:53,417933646#2,residential|restaurant,,830.3119525357222,594.5819430897021,37.496941093289735,127.0302331440542,396.0,43.0,taxi_44,picked
dyn_pax_218,355.0,2026-09-07 09:05:55,975332778#1,bus_stop,,681.6099970732737,721.9380561808346,37.49806030190971,127.02852170075586,476.0,121.0,taxi_25,picked
dyn_pax_219,358.0,2026-09-07 09:05:58,218857636#1,residential|company|restaurant|bus_stop,,297.92905089287035,623.2061345250047,37.49709839153085,127.02420706961871,560.0,202.0,taxi_18,picked
dyn_pax_220,361.0,2026-09-07 09:06:01,218877837#2,company|restaurant|bus_stop,,479.4555212141038,978.0213907550284,37.500328997763305,127.02617530290202,,,,timeout
dyn_pax_221,361.0,2026-09-07 09:06:01,379232155,restaurant,,946.0567570824509,480.05346239194995,37.49593120335224,127.03156888346594,470.0,109.0,taxi_respawn_31,picked
dyn_pax_222,363.0,2026-09-07 09:06:03,218864491#0,restaurant|bus_stop,,769.9803916976219,760.1217113917903,37.49842094941813,127.02951181742357,,,,timeout
dyn_pax_223,365.0,2026-09-07 09:06:05,521766175#3,company|restaurant|subway_entrance|bus_stop,,373.6701172395771,1298.610217621072,37.50319695740621,127.02490310718325,664.0,299.0,taxi_0,picked
dyn_pax_224,366.0,2026-09-07 09:06:06,-506191135#22,residential|company|restaurant|bus_stop,,38.693950105848444,1321.9513167019495,37.50334380565249,127.02110990869835,433.0,67.0,taxi_14,picked
dyn_pax_225,367.0,2026-09-07 09:06:07,1117538958#2,company,,104.12900552775619,520.131995808405,37.496133188537314,127.02204040818502,390.0,23.0,taxi_15,picked
dyn_pax_226,368.0,2026-09-07 09:06:08,417933642#0,restaurant|bus_stop,,1041.0954363710525,463.30841921497654,37.49579826441859,127.03264736696761,,,,timeout
dyn_pax_227,368.0,2026-09-07 09:06:08,178441450#1,residential|company|restaurant|bus_stop,,282.90243066757296,609.4157395563556,37.496971320837204,127.02404044855805,787.0,419.0,taxi_17,picked
dyn_pax_228,369.0,2026-09-07 09:06:09,-506191135#22,residential|company|restaurant|bus_stop,,38.693950105848444,1321.9513167019495,37.50334380565249,127.02110990869835,644.0,275.0,taxi_14,picked
dyn_pax_229,371.0,2026-09-07 09:06:11,-506191135#22,residential|company|restaurant|bus_stop,,38.693950105848444,1321.9513167019495,37.50334380565249,127.02110990869835,650.0,279.0,taxi_respawn_37,picked
dyn_pax_230,372.0,2026-09-07 09:06:12,305539406,company|restaurant|subway_entrance,,566.389495917364,736.5285064605782,37.49816998085155,127.02721550408178,,,,timeout
dyn_pax_231,372.0,2026-09-07 09:06:12,129731720#0,residential|company|restaurant,,292.10678712231254,1113.150773394943,37.50151085547559,127.02402489828896,,,,timeout
dyn_pax_232,374.0,2026-09-07 09:06:14,520307304#0,school|subway_entrance|bus_stop,,602.6035134310263,763.145495629718,37.498416594724866,127.02761864854104,,,,timeout
dyn_pax_233,380.0,2026-09-07 09:06:20,480850873,company|restaurant|bus_stop,,548.1935052770749,708.5896639848544,37.49791486187585,127.0270163956136,,,,timeout
dyn_pax_234,383.0,2026-09-07 09:06:23,1117538958#3,bus_stop,,160.18899290588462,540.6019911995099,37.49632820280781,127.02266936696756,574.0,191.0,taxi_31,picked
dyn_pax_235,384.0,2026-09-07 09:06:24,-506191135#2,residential|bus_stop,,236.19733776439384,769.6838415951818,37.49840622577806,127.02347432089968,693.0,309.0,taxi_respawn_1,picked
dyn_pax_236,388.0,2026-09-07 09:06:28,375049565#6,restaurant|subway_entrance|bus_stop,,789.5153251748014,798.8522330112556,37.49877353199428,127.02972351946808,555.0,167.0,taxi_30,picked
dyn_pax_237,389.0,2026-09-07 09:06:29,417933642#0,restaurant|bus_stop,,1041.0954363710525,463.30841921497654,37.49579826441859,127.03264736696761,,,,timeout
dyn_pax_238,392.0,2026-09-07 09:06:32,521770119#1,restaurant|bus_stop,,527.3115514435282,995.8620162900467,37.50049875494786,127.02671217090477,,,,timeout
dyn_pax_239,395.0,2026-09-07 09:06:35,494824662#3,company|restaurant|subway_entrance,,729.424850252167,406.6843378518681,37.49522941823122,127.02913698209235,,,,timeout
dyn_pax_240,398.0,2026-09-07 09:06:38,417750337#1,restaurant,,654.3039749436668,1311.1147669608317,37.50336263595113,127.02807333923603,755.0,357.0,taxi_10,picked
dyn_pax_241,398.0,2026-09-07 09:06:38,-417750354#1,restaurant,,946.150029211292,974.2465578508335,37.500383078435064,127.03145303198383,461.0,63.0,taxi_respawn_14,picked
dyn_pax_242,400.0,2026-09-07 09:06:40,521770119#1,restaurant|bus_stop,,527.3115514435282,995.8620162900467,37.50049875494786,127.02671217090477,,,,timeout
dyn_pax_243,401.0,2026-09-07 09:06:41,1117538957#3,restaurant|subway_entrance|bus_stop,,465.5082521847807,644.8780924026132,37.49732530507706,127.02609663221197,657.0,256.0,taxi_29,picked
dyn_pax_244,402.0,2026-09-07 09:06:42,975332778#0,restaurant,,667.9217791522676,716.9366930139246,37.49801266412058,127.02836812020041,491.0,89.0,taxi_respawn_7,picked
dyn_pax_245,403.0,2026-09-07 09:06:43,375049565#6,restaurant|subway_entrance|bus_stop,,789.5153251748014,798.8522330112556,37.49877353199428,127.02972351946808,548.0,145.0,taxi_42,picked
dyn_pax_246,405.0,2026-09-07 09:06:45,117790036#1,company,,849.7103307162836,1232.6514730855474,37.50269269072902,127.03030143103514,492.0,87.0,taxi_41,picked
dyn_pax_247,406.0,2026-09-07 09:06:46,506191135#3,residential|company|restaurant|bus_stop,,238.79972345576414,789.4714057742513,37.49858497042428,127.023499044737,714.0,308.0,taxi_respawn_30,picked
dyn_pax_248,407.0,2026-09-07 09:06:47,523141074#0,company|restaurant|subway_entrance,,524.0338794858329,871.4890157117229,37.4993777454413,127.02670460634431,675.0,268.0,taxi_respawn_26,picked
dyn_pax_249,411.0,2026-09-07 09:06:51,541692164#1,subway_entrance,,271.6277521231475,1406.6420105391767,37.5041508337347,127.02372362926798,763.0,352.0,taxi_20,picked
dyn_pax_250,412.0,2026-09-07 09:06:52,379232155,restaurant,,946.0567570824509,480.05346239194995,37.49593120335224,127.03156888346594,489.0,77.0,taxi_respawn_8,picked
dyn_pax_251,414.0,2026-09-07 09:06:54,1376141182#0,bus_stop,,385.7154046370183,1301.0311255965628,37.50322104370192,127.02503873135461,,,,timeout
dyn_pax_252,415.0,2026-09-07 09:06:55,520307304#0,school|subway_entrance|bus_stop,,602.6035134310263,763.145495629718,37.498416594724866,127.02761864854104,,,,timeout
dyn_pax_253,417.0,2026-09-07 09:06:57,521766175#3,company|restaurant|subway_entrance|bus_stop,,373.6701172395771,1298.610217621072,37.50319695740621,127.02490310718325,813.0,396.0,taxi_42,picked
dyn_pax_254,418.0,2026-09-07 09:06:58,521770119#1,restaurant|bus_stop,,527.3115514435282,995.8620162900467,37.50049875494786,127.02671217090477,,,,timeout
dyn_pax_255,421.0,2026-09-07 09:07:01,218864491#0,restaurant|bus_stop,,769.9803916976219,760.1217113917903,37.49842094941813,127.02951181742357,,,,timeout
dyn_pax_256,421.0,2026-09-07 09:07:01,1229817205#1,residential|bus_stop,,631.6400080768872,572.7061575261558,37.49670653972221,127.02799208080955,561.0,140.0,taxi_7,picked
dyn_pax_257,423.0,2026-09-07 09:07:03,-542367267#1,bus_stop,,247.51018316686128,1414.7184918773391,37.504219024473855,127.02344900430944,523.0,100.0,taxi_32,picked
dyn_pax_258,423.0,2026-09-07 09:07:03,520307304#0,school|subway_entrance|bus_stop,,602.6035134310263,763.145495629718,37.498416594724866,127.02761864854104,,,,timeout
dyn_pax_259,424.0,2026-09-07 09:07:04,1229817205#1,residential|bus_stop,,631.6400080768872,572.7061575261558,37.49670653972221,127.02799208080955,567.0,143.0,taxi_19,picked
dyn_pax_260,424.0,2026-09-07 09:07:04,523141074#0,company|restaurant|subway_entrance,,524.0338794858329,871.4890157117229,37.4993777454413,127.02670460634431,729.0,305.0,taxi_25,picked
dyn_pax_261,426.0,2026-09-07 09:07:06,129731859#0,restaurant,,636.6446621144157,858.1896913104493,37.49927921090336,127.0279810114602,588.0,162.0,taxi_17,picked
dyn_pax_262,426.0,2026-09-07 09:07:06,219837933#0,residential|company,,49.0199205680682,1328.1480294371383,37.503401583976704,127.02122519296726,602.0,176.0,taxi_respawn_25,picked
dyn_pax_263,427.0,2026-09-07 09:07:07,-506191135#2,residential|bus_stop,,236.19733776439384,769.6838415951818,37.49840622577806,127.02347432089968,,,,timeout
dyn_pax_264,429.0,2026-09-07 09:07:09,-504509918#2,company|restaurant|bus_stop,,398.9694242295193,827.4758220967593,37.49895762305832,127.02530099003066,453.0,24.0,taxi_respawn_9,picked
dyn_pax_265,429.0,2026-09-07 09:07:09,379463134#0,company,,445.604196565268,1237.9330600893716,37.50266396162017,127.02573088108544,447.0,18.0,taxi_respawn_21,picked
dyn_pax_266,432.0,2026-09-07 09:07:12,975332778#1,bus_stop,,681.6099970732737,721.9380561808346,37.49806030190971,127.02852170075586,487.0,55.0,taxi_45,picked
dyn_pax_267,433.0,2026-09-07 09:07:13,521766180#1,company|restaurant|bus_stop,,466.73410130235357,1169.2838037446552,37.502049542882666,127.02598608796039,1010.0,577.0,taxi_3,picked
dyn_pax_268,435.0,2026-09-07 09:07:15,-129731717#1,residential|company|restaurant,,188.433090102474,1374.3511058470413,37.503844200149025,127.0227905913032,450.0,15.0,taxi_0,picked
dyn_pax_269,436.0,2026-09-07 09:07:16,417933645#0,residential|restaurant,,823.1026288816429,385.61625104994533,37.49505730126708,127.03020109557775,,,,timeout
dyn_pax_270,437.0,2026-09-07 09:07:17,-417933645#2,company|restaurant|subway_entrance,,701.1658676593129,719.5455833044954,37.49804244093877,127.02874337560036,639.0,202.0,taxi_35,picked
dyn_pax_271,441.0,2026-09-07 09:07:21,521770119#1,restaurant|bus_stop,,527.3115514435282,995.8620162900467,37.50049875494786,127.02671217090477,,,,timeout
dyn_pax_272,444.0,2026-09-07 09:07:24,-506191135#2,residential|bus_stop,,236.19733776439384,769.6838415951818,37.49840622577806,127.02347432089968,,,,timeout
dyn_pax_273,449.0,2026-09-07 09:07:29,256787796#2,restaurant,,573.8171824012851,1000.9225059734806,37.50055312725627,127.02723680274495,,,,timeout
dyn_pax_274,452.0,2026-09-07 09:07:32,480850873,company|restaurant|bus_stop,,548.1935052770749,708.5896639848544,37.49791486187585,127.0270163956136,,,,timeout
dyn_pax_275,453.0,2026-09-07 09:07:33,1117538957#3,restaurant|subway_entrance|bus_stop,,465.5082521847807,644.8780924026132,37.49732530507706,127.02609663221197,690.0,237.0,taxi_26,picked
dyn_pax_276,455.0,2026-09-07 09:07:35,1117538957#3,restaurant|subway_entrance|bus_stop,,465.5082521847807,644.8780924026132,37.49732530507706,127.02609663221197,748.0,293.0,taxi_respawn_3,picked
dyn_pax_277,456.0,2026-09-07 09:07:36,520307304#0,school|subway_entrance|bus_stop,,602.6035134310263,763.145495629718,37.498416594724866,127.02761864854104,,,,timeout
dyn_pax_278,458.0,2026-09-07 09:07:38,1117538957#3,restaurant|subway_entrance|bus_stop,,465.5082521847807,644.8780924026132,37.49732530507706,127.02609663221197,723.0,265.0,taxi_7,picked
dyn_pax_279,458.0,2026-09-07 09:07:38,129731859#3,restaurant,,873.6090416568148,941.272009001338,37.50007235670303,127.03064062663523,477.0,19.0,taxi_5,picked
dyn_pax_280,458.0,2026-09-07 09:07:38,-417750337#2,restaurant,,578.5487433358253,1191.18897592047,37.50226799999912,127.02724519016736,,,,timeout
dyn_pax_281,460.0,2026-09-07 09:07:40,218857636#1,residential|company|restaurant|bus_stop,,297.92905089287035,623.2061345250047,37.49709839153085,127.02420706961871,,,,timeout
dyn_pax_282,463.0,2026-09-07 09:07:43,975332778#1,bus_stop,,681.6099970732737,721.9380561808346,37.49806030190971,127.02852170075586,631.0,168.0,taxi_respawn_28,picked
dyn_pax_283,464.0,2026-09-07 09:07:44,521766175#1,company|restaurant|subway_entrance,,332.9365590021661,1411.5585828157227,37.504206724109,127.02441570308932,,,,timeout
dyn_pax_284,465.0,2026-09-07 09:07:45,1229817205#1,residential|bus_stop,,631.6400080768872,572.7061575261558,37.49670653972221,127.02799208080955,482.0,17.0,taxi_43,picked
dyn_pax_285,466.0,2026-09-07 09:07:46,521770116#2,company|restaurant|bus_stop,,432.3182248087171,1108.514093563608,37.50149560521279,127.02561136613096,798.0,332.0,taxi_13,picked
dyn_pax_286,467.0,2026-09-07 09:07:47,521766182#1,company|restaurant|subway_entrance,,681.695169875507,539.6867345716422,37.496418539503196,127.02856584056028,512.0,45.0,taxi_12,picked
dyn_pax_287,467.0,2026-09-07 09:07:47,-129731857#2,restaurant,,875.7452923990509,884.8037873845144,37.499564075208866,127.03067814538078,590.0,123.0,taxi_15,picked
dyn_pax_288,467.0,2026-09-07 09:07:47,218864491#0,restaurant|bus_stop,,769.9803916976219,760.1217113917903,37.49842094941813,127.02951181742357,,,,timeout
dyn_pax_289,468.0,2026-09-07 09:07:48,-417933645#2,company|restaurant|subway_entrance,,701.1658676593129,719.5455833044954,37.49804244093877,127.02874337560036,,,,timeout
dyn_pax_290,469.0,2026-09-07 09:07:49,1229817205#0,company|subway_entrance|bus_stop,,599.2457558679199,652.2907550986157,37.497417346160496,127.02760695963683,,,,timeout
dyn_pax_291,469.0,2026-09-07 09:07:49,-117790039#4,restaurant,,976.1736160857955,1107.3942396063046,37.50158817580974,127.03176100793065,529.0,60.0,taxi_8,picked
dyn_pax_292,470.0,2026-09-07 09:07:50,1376141183#0,bus_stop,,548.2528111146681,901.2117688498424,37.49965007283687,127.02697139402301,872.0,402.0,taxi_18,picked
dyn_pax_293,471.0,2026-09-07 09:07:51,26163000#0,restaurant,,655.1679463942612,1215.3400880972458,37.50250003106797,127.02810580802628,732.0,261.0,taxi_respawn_14,picked
dyn_pax_294,472.0,2026-09-07 09:07:52,521766175#1,company|restaurant|subway_entrance,,332.9365590021661,1411.5585828157227,37.504206724109,127.02441570308932,,,,timeout
dyn_pax_295,472.0,2026-09-07 09:07:52,117790045#3,restaurant,,504.6202003222114,1382.6101305390487,37.50397841113055,127.02636386411817,636.0,164.0,taxi_respawn_11,picked
dyn_pax_296,473.0,2026-09-07 09:07:53,504509918#0,residential|restaurant,,511.83203920742636,882.9034728009249,37.49947826486711,127.02656393710718,495.0,22.0,taxi_23,picked
dyn_pax_297,475.0,2026-09-07 09:07:55,239962780#1,company|restaurant,,78.091042197054,1418.7355011637856,37.504223128704645,127.02153236485597,758.0,283.0,taxi_21,picked
dyn_pax_298,476.0,2026-09-07 09:07:56,218873820#0,restaurant|subway_entrance|bus_stop,,628.9829311132032,562.4061665928522,37.49661325243901,127.02796447999128,647.0,171.0,taxi_respawn_12,picked
dyn_pax_299,478.0,2026-09-07 09:07:58,-541692164#2,subway_entrance,,317.7122087179151,1441.0296574375257,37.504469327730426,127.0242365566347,816.0,338.0,taxi_8,picked
dyn_pax_300,481.0,2026-09-07 09:08:01,129733424#0,restaurant,,719.7944869540754,1033.9950883209078,37.500878618503414,127.0288795122034,,,,timeout
dyn_pax_301,484.0,2026-09-07 09:08:04,521766180#1,company|restaurant|bus_stop,,466.73410130235357,1169.2838037446552,37.502049542882666,127.02598608796039,1315.0,831.0,taxi_24,picked
dyn_pax_302,486.0,2026-09-07 09:08:06,521770116#2,company|restaurant|bus_stop,,432.3182248087171,1108.514093563608,37.50149560521279,127.02561136613096,862.0,376.0,taxi_28,picked
dyn_pax_303,486.0,2026-09-07 09:08:06,-417750336#3,school|company,,868.1859178511071,948.5147012398835,37.50013657861005,127.03057759421064,586.0,100.0,taxi_respawn_14,picked
dyn_pax_304,488.0,2026-09-07 09:08:08,309155295#2,restaurant,,836.915506927576,584.1196133409687,37.49684809051661,127.03031028233906,883.0,395.0,taxi_25,picked
dyn_pax_305,489.0,2026-09-07 09:08:09,521766180#1,company|restaurant|bus_stop,,466.73410130235357,1169.2838037446552,37.502049542882666,127.02598608796039,663.0,174.0,taxi_11,picked
dyn_pax_306,490.0,2026-09-07 09:08:10,-506191135#2,residential|bus_stop,,236.19733776439384,769.6838415951818,37.49840622577806,127.02347432089968,,,,timeout
dyn_pax_307,490.0,2026-09-07 09:08:10,-379463124,restaurant,,592.9390816363945,1268.4136255899298,37.5029663815994,127.02738959394404,560.0,70.0,taxi_respawn_18,picked
dyn_pax_308,491.0,2026-09-07 09:08:11,-417750354#1,restaurant,,946.150029211292,974.2465578508335,37.500383078435064,127.03145303198383,551.0,60.0,taxi_48,picked
dyn_pax_309,493.0,2026-09-07 09:08:13,521770119#0,restaurant|bus_stop,,548.9831206778387,935.1148840516827,37.499955620541705,127.02697161236954,,,,timeout
dyn_pax_310,495.0,2026-09-07 09:08:15,375049565#6,restaurant|subway_entrance|bus_stop,,789.5153251748014,798.8522330112556,37.49877353199428,127.02972351946808,603.0,108.0,taxi_respawn_3,picked
dyn_pax_311,497.0,2026-09-07 09:08:17,-26163000#3,restaurant,,588.7487146070255,1286.0705793093782,37.50312464930957,127.02733802606956,509.0,12.0,taxi_respawn_29,picked
dyn_pax_312,499.0,2026-09-07 09:08:19,178441450#1,residential|company|restaurant|bus_stop,,282.90243066757296,609.4157395563556,37.496971320837204,127.02404044855805,776.0,277.0,taxi_respawn_5,picked
dyn_pax_313,501.0,2026-09-07 09:08:21,506191135#3,residential|company|restaurant|bus_stop,,238.79972345576414,789.4714057742513,37.49858497042428,127.023499044737,799.0,298.0,taxi_36,picked
dyn_pax_314,502.0,2026-09-07 09:08:22,521766175#3,company|restaurant|subway_entrance|bus_stop,,373.6701172395771,1298.610217621072,37.50319695740621,127.02490310718325,829.0,327.0,taxi_31,picked
dyn_pax_315,505.0,2026-09-07 09:08:25,-541692164#2,subway_entrance,,317.7122087179151,1441.0296574375257,37.504469327730426,127.0242365566347,,,,timeout
dyn_pax_316,507.0,2026-09-07 09:08:27,-504509918#2,company|restaurant|bus_stop,,398.9694242295193,827.4758220967593,37.49895762305832,127.02530099003066,539.0,32.0,taxi_38,picked
dyn_pax_317,509.0,2026-09-07 09:08:29,218873820#0,restaurant|subway_entrance|bus_stop,,628.9829311132032,562.4061665928522,37.49661325243901,127.02796447999128,828.0,319.0,taxi_41,picked
dyn_pax_318,512.0,2026-09-07 09:08:32,521766175#3,company|restaurant|subway_entrance|bus_stop,,373.6701172395771,1298.610217621072,37.50319695740621,127.02490310718325,846.0,334.0,taxi_37,picked
dyn_pax_319,512.0,2026-09-07 09:08:32,417933645#2,residential|company|restaurant,,757.7944798520502,568.4010952306102,37.496691568512986,127.02941943794849,643.0,131.0,taxi_34,picked
dyn_pax_320,513.0,2026-09-07 09:08:33,521770119#0,restaurant|bus_stop,,548.9831206778387,935.1148840516827,37.499955620541705,127.02697161236954,,,,timeout
dyn_pax_321,515.0,2026-09-07 09:08:35,521766175#3,company|restaurant|subway_entrance|bus_stop,,373.6701172395771,1298.610217621072,37.50319695740621,127.02490310718325,855.0,340.0,taxi_respawn_19,picked
dyn_pax_322,516.0,2026-09-07 09:08:36,494824662#3,company|restaurant|subway_entrance,,729.424850252167,406.6843378518681,37.49522941823122,127.02913698209235,979.0,463.0,taxi_47,picked
dyn_pax_323,518.0,2026-09-07 09:08:38,541692164#1,subway_entrance,,271.6277521231475,1406.6420105391767,37.5041508337347,127.02372362926798,827.0,309.0,taxi_respawn_12,picked
dyn_pax_324,518.0,2026-09-07 09:08:38,506191135#3,residential|company|restaurant|bus_stop,,238.79972345576414,789.4714057742513,37.49858497042428,127.023499044737,819.0,301.0,taxi_respawn_33,picked
dyn_pax_325,519.0,2026-09-07 09:08:39,218857636#1,residential|company|restaurant|bus_stop,,297.92905089287035,623.2061345250047,37.49709839153085,127.02420706961871,,,,timeout
dyn_pax_326,521.0,2026-09-07 09:08:41,218857636#1,residential|company|restaurant|bus_stop,,297.92905089287035,623.2061345250047,37.49709839153085,127.02420706961871,,,,timeout
dyn_pax_327,524.0,2026-09-07 09:08:44,218873820#0,restaurant|subway_entrance|bus_stop,,628.9829311132032,562.4061665928522,37.49661325243901,127.02796447999128,,,,timeout
dyn_pax_328,524.0,2026-09-07 09:08:44,117790062#7,restaurant,,610.3314045210797,1078.999817662281,37.50126336859982,127.02763115548898,,,,timeout
dyn_pax_329,528.0,2026-09-07 09:08:48,521766175#3,company|restaurant|subway_entrance|bus_stop,,373.6701172395771,1298.610217621072,37.50319695740621,127.02490310718325,,,,timeout
dyn_pax_330,532.0,2026-09-07 09:08:52,305539406,company|restaurant|subway_entrance,,566.389495917364,736.5285064605782,37.49816998085155,127.02721550408178,897.0,365.0,taxi_respawn_8,picked
dyn_pax_331,535.0,2026-09-07 09:08:55,-506191135#22,residential|company|restaurant|bus_stop,,38.693950105848444,1321.9513167019495,37.50334380565249,127.02110990869835,694.0,159.0,taxi_36,picked
dyn_pax_332,539.0,2026-09-07 09:08:59,520307304#0,school|subway_entrance|bus_stop,,602.6035134310263,763.145495629718,37.498416594724866,127.02761864854104,,,,timeout
dyn_pax_333,540.0,2026-09-07 09:09:00,417750337#1,restaurant,,654.3039749436668,1311.1147669608317,37.50336263595113,127.02807333923603,909.0,369.0,taxi_49,picked
dyn_pax_334,542.0,2026-09-07 09:09:02,523141074#0,company|restaurant|subway_entrance,,524.0338794858329,871.4890157117229,37.4993777454413,127.02670460634431,1041.0,499.0,taxi_respawn_33,picked
dyn_pax_335,543.0,2026-09-07 09:09:03,-1011529829#3,residential|restaurant,,246.84006179949273,776.1178104815556,37.49846619888778,127.02359312469504,657.0,114.0,taxi_37,picked
dyn_pax_336,544.0,2026-09-07 09:09:04,1117538958#3,bus_stop,,160.18899290588462,540.6019911995099,37.49632820280781,127.02266936696756,653.0,109.0,taxi_2,picked
dyn_pax_337,544.0,2026-09-07 09:09:04,-805827765,restaurant,,955.7439147780814,1157.0835718820576,37.50203194319751,127.03151825266303,764.0,220.0,taxi_respawn_22,picked
dyn_pax_338,545.0,2026-09-07 09:09:05,523141074#0,company|restaurant|subway_entrance,,524.0338794858329,871.4890157117229,37.4993777454413,127.02670460634431,1047.0,502.0,taxi_4,picked
dyn_pax_339,547.0,2026-09-07 09:09:07,521770116#2,company|restaurant|bus_stop,,432.3182248087171,1108.514093563608,37.50149560521279,127.02561136613096,917.0,370.0,taxi_respawn_26,picked
dyn_pax_340,548.0,2026-09-07 09:09:08,975332778#1,bus_stop,,681.6099970732737,721.9380561808346,37.49806030190971,127.02852170075586,666.0,118.0,taxi_respawn_8,picked
dyn_pax_341,550.0,2026-09-07 09:09:10,541692164#1,subway_entrance,,271.6277521231475,1406.6420105391767,37.5041508337347,127.02372362926798,914.0,364.0,taxi_20,picked
dyn_pax_342,555.0,2026-09-07 09:09:15,494824662#3,company|restaurant|subway_entrance,,729.424850252167,406.6843378518681,37.49522941823122,127.02913698209235,995.0,440.0,taxi_23,picked
dyn_pax_343,557.0,2026-09-07 09:09:17,-523141073,residential|company,,283.47995026542384,1109.9635024546676,37.50148051131825,127.02392811188028,867.0,310.0,taxi_43,picked
dyn_pax_344,562.0,2026-09-07 09:09:22,1229817205#1,residential|bus_stop,,631.6400080768872,572.7061575261558,37.49670653972221,127.02799208080955,658.0,96.0,taxi_1,picked
dyn_pax_345,563.0,2026-09-07 09:09:23,417731530,company|restaurant,,191.66975375905443,1429.5779711342507,37.5043423120142,127.02281406437154,595.0,32.0,taxi_respawn_24,picked
dyn_pax_346,565.0,2026-09-07 09:09:25,-417933642#1,restaurant,,972.7851169931362,629.1778231901285,37.49727960321316,127.03183581048214,630.0,65.0,taxi_9,picked
dyn_pax_347,565.0,2026-09-07 09:09:25,117790039#3,restaurant,,1021.8645860465238,1004.4924062015546,37.500669811640854,127.03230197280303,689.0,124.0,taxi_12,picked
dyn_pax_348,567.0,2026-09-07 09:09:27,1117538958#3,bus_stop,,160.18899290588462,540.6019911995099,37.49632820280781,127.02266936696756,673.0,106.0,taxi_respawn_36,picked
dyn_pax_349,568.0,2026-09-07 09:09:28,218877837#2,company|restaurant|bus_stop,,479.4555212141038,978.0213907550284,37.500328997763305,127.02617530290202,921.0,353.0,taxi_respawn_4,picked
dyn_pax_350,568.0,2026-09-07 09:09:28,521770116#2,company|restaurant|bus_stop,,432.3182248087171,1108.514093563608,37.50149560521279,127.02561136613096,1035.0,467.0,taxi_1,picked
dyn_pax_351,569.0,2026-09-07 09:09:29,379232155,restaurant,,946.0567570824509,480.05346239194995,37.49593120335224,127.03156888346594,735.0,166.0,taxi_9,picked
dyn_pax_352,571.0,2026-09-07 09:09:31,521766175#3,company|restaurant|subway_entrance|bus_stop,,373.6701172395771,1298.610217621072,37.50319695740621,127.02490310718325,,,,timeout
dyn_pax_353,572.0,2026-09-07 09:09:32,117790039#3,restaurant,,1021.8645860465238,1004.4924062015546,37.500669811640854,127.03230197280303,704.0,132.0,taxi_respawn_13,picked
dyn_pax_354,574.0,2026-09-07 09:09:34,-417933645#2,company|restaurant|subway_entrance,,701.1658676593129,719.5455833044954,37.49804244093877,127.02874337560036,,,,timeout
dyn_pax_355,578.0,2026-09-07 09:09:38,-417750337#1,restaurant,,620.0756768942672,1248.4347545200121,37.5027915312318,127.02770116938098,702.0,124.0,taxi_respawn_32,picked
dyn_pax_356,579.0,2026-09-07 09:09:39,521766175#3,company|restaurant|subway_entrance|bus_stop,,373.6701172395771,1298.610217621072,37.50319695740621,127.02490310718325,1083.0,504.0,taxi_44,picked
dyn_pax_357,581.0,2026-09-07 09:09:41,1537068130#0,residential,,915.247444986279,1279.656751811989,37.50312848832193,127.03103134780491,1046.0,465.0,taxi_0,picked
dyn_pax_358,584.0,2026-09-07 09:09:44,521766175#1,company|restaurant|subway_entrance,,332.9365590021661,1411.5585828157227,37.504206724109,127.02441570308932,,,,timeout
dyn_pax_359,584.0,2026-09-07 09:09:44,-129731717#1,residential|company|restaurant,,188.433090102474,1374.3511058470413,37.503844200149025,127.0227905913032,740.0,156.0,taxi_5,picked
dyn_pax_360,585.0,2026-09-07 09:09:45,520307304#0,school|subway_entrance|bus_stop,,602.6035134310263,763.145495629718,37.498416594724866,127.02761864854104,,,,timeout
dyn_pax_361,587.0,2026-09-07 09:09:47,494824662#3,company|restaurant|subway_entrance,,729.424850252167,406.6843378518681,37.49522941823122,127.02913698209235,1140.0,553.0,taxi_43,picked
dyn_pax_362,588.0,2026-09-07 09:09:48,-542367267#1,bus_stop,,247.51018316686128,1414.7184918773391,37.504219024473855,127.02344900430944,610.0,22.0,taxi_4,picked
dyn_pax_363,590.0,2026-09-07 09:09:50,1117538958#3,bus_stop,,160.18899290588462,540.6019911995099,37.49632820280781,127.02266936696756,732.0,142.0,taxi_respawn_20,picked
dyn_pax_364,591.0,2026-09-07 09:09:51,375049565#6,restaurant|subway_entrance|bus_stop,,789.5153251748014,798.8522330112556,37.49877353199428,127.02972351946808,978.0,387.0,taxi_48,picked
dyn_pax_365,591.0,2026-09-07 09:09:51,218877837#0,company,,455.71990885566936,1045.563527646426,37.50093295148158,127.02589090425857,863.0,272.0,taxi_respawn_29,picked
dyn_pax_366,594.0,2026-09-07 09:09:54,523141074#0,company|restaurant|subway_entrance,,524.0338794858329,871.4890157117229,37.4993777454413,127.02670460634431,1103.0,509.0,taxi_29,picked
dyn_pax_367,596.0,2026-09-07 09:09:56,805827756#0,restaurant,,725.8600087193602,932.9429066344904,37.49996945301828,127.02897203227693,,,,timeout
dyn_pax_368,597.0,2026-09-07 09:09:57,541692164#1,subway_entrance,,271.6277521231475,1406.6420105391767,37.5041508337347,127.02372362926798,1004.0,407.0,taxi_38,picked
dyn_pax_369,598.0,2026-09-07 09:09:58,1537068130#0,residential,,915.247444986279,1279.656751811989,37.50312848832193,127.03103134780491,,,,timeout
dyn_pax_370,598.0,2026-09-07 09:09:58,-417750337#4,restaurant,,542.6552277079157,1139.0745154802132,37.5017917560025,127.02685169754334,,,,timeout
dyn_pax_371,599.0,2026-09-07 09:09:59,218873820#0,restaurant|subway_entrance|bus_stop,,628.9829311132032,562.4061665928522,37.49661325243901,127.02796447999128,1187.0,588.0,taxi_34,picked
dyn_pax_372,600.0,2026-09-07 09:10:00,1117538958#3,bus_stop,,160.18899290588462,540.6019911995099,37.49632820280781,127.02266936696756,779.0,179.0,taxi_4,picked
dyn_pax_373,602.0,2026-09-07 09:10:02,417750354#1,restaurant,,919.2899707887079,1024.6134421491665,37.5008317366974,127.03113741131199,1087.0,485.0,taxi_respawn_21,picked
dyn_pax_374,603.0,2026-09-07 09:10:03,305539406,company|restaurant|subway_entrance,,566.389495917364,736.5285064605782,37.49816998085155,127.02721550408178,,,,timeout
dyn_pax_375,604.0,2026-09-07 09:10:04,1229817205#1,residential|bus_stop,,631.6400080768872,572.7061575261558,37.49670653972221,127.02799208080955,972.0,368.0,taxi_9,picked
dyn_pax_376,608.0,2026-09-07 09:10:08,-256787796#8,restaurant,,666.7735412908731,765.3811461974922,37.49844885044044,127.02834365925706,792.0,184.0,taxi_48,picked
dyn_pax_377,608.0,2026-09-07 09:10:08,129731858#2,restaurant,,783.9672744139122,855.548332172334,37.49928322221005,127.02964736483162,,,,timeout
dyn_pax_378,610.0,2026-09-07 09:10:10,506191135#3,residential|company|restaurant|bus_stop,,238.79972345576414,789.4714057742513,37.49858497042428,127.023499044737,879.0,269.0,taxi_respawn_30,picked
dyn_pax_379,611.0,2026-09-07 09:10:11,1376141183#0,bus_stop,,548.2528111146681,901.2117688498424,37.49965007283687,127.02697139402301,,,,timeout
dyn_pax_380,614.0,2026-09-07 09:10:14,521766175#3,company|restaurant|subway_entrance|bus_stop,,373.6701172395771,1298.610217621072,37.50319695740621,127.02490310718325,,,,timeout
dyn_pax_381,616.0,2026-09-07 09:10:16,1376141183#0,bus_stop,,548.2528111146681,901.2117688498424,37.49965007283687,127.02697139402301,,,,timeout
dyn_pax_382,617.0,2026-09-07 09:10:17,541692164#1,subway_entrance,,271.6277521231475,1406.6420105391767,37.5041508337347,127.02372362926798,1010.0,393.0,taxi_respawn_9,picked
dyn_pax_383,619.0,2026-09-07 09:10:19,1229817205#1,residential|bus_stop,,631.6400080768872,572.7061575261558,37.49670653972221,127.02799208080955,1016.0,397.0,taxi_46,picked
dyn_pax_384,619.0,2026-09-07 09:10:19,494824662#3,company|restaurant|subway_entrance,,729.424850252167,406.6843378518681,37.49522941823122,127.02913698209235,,,,timeout
dyn_pax_385,621.0,2026-09-07 09:10:21,-309155295#1,residential|restaurant,,820.2174803017108,588.0239695218922,37.496880113093034,127.03012056506905,740.0,119.0,taxi_45,picked
dyn_pax_386,622.0,2026-09-07 09:10:22,521766175#3,company|restaurant|subway_entrance|bus_stop,,373.6701172395771,1298.610217621072,37.50319695740621,127.02490310718325,,,,timeout
dyn_pax_387,623.0,2026-09-07 09:10:23,541692164#1,subway_entrance,,271.6277521231475,1406.6420105391767,37.5041508337347,127.02372362926798,1015.0,392.0,taxi_respawn_30,picked
dyn_pax_388,623.0,2026-09-07 09:10:23,129731859#3,restaurant,,873.6090416568148,941.272009001338,37.50007235670303,127.03064062663523,746.0,123.0,taxi_30,picked
dyn_pax_389,625.0,2026-09-07 09:10:25,-542367267#1,bus_stop,,247.51018316686128,1414.7184918773391,37.504219024473855,127.02344900430944,677.0,52.0,taxi_23,picked
dyn_pax_390,625.0,2026-09-07 09:10:25,-913950883#1,residential|company|restaurant,,391.36286393582424,840.6655979518604,37.49907500229157,127.0252118555046,719.0,94.0,taxi_27,picked
dyn_pax_391,627.0,2026-09-07 09:10:27,523141074#0,company|restaurant|subway_entrance,,524.0338794858329,871.4890157117229,37.4993777454413,127.02670460634431,1106.0,479.0,taxi_41,picked
dyn_pax_392,628.0,2026-09-07 09:10:28,218864491#0,restaurant|bus_stop,,769.9803916976219,760.1217113917903,37.49842094941813,127.02951181742357,,,,timeout
dyn_pax_393,628.0,2026-09-07 09:10:28,309155295#3,restaurant,,868.2249250208004,595.011595969151,37.496952113096654,127.03066169877924,846.0,218.0,taxi_respawn_27,picked
dyn_pax_394,630.0,2026-09-07 09:10:30,305539406,company|restaurant|subway_entrance,,566.389495917364,736.5285064605782,37.49816998085155,127.02721550408178,1137.0,507.0,taxi_respawn_33,picked
dyn_pax_395,631.0,2026-09-07 09:10:31,521770119#1,restaurant|bus_stop,,527.3115514435282,995.8620162900467,37.50049875494786,127.02671217090477,,,,timeout
dyn_pax_396,631.0,2026-09-07 09:10:31,-417933645#2,company|restaurant|subway_entrance,,701.1658676593129,719.5455833044954,37.49804244093877,127.02874337560036,,,,timeout
dyn_pax_397,636.0,2026-09-07 09:10:36,1117538957#3,restaurant|subway_entrance|bus_stop,,465.5082521847807,644.8780924026132,37.49732530507706,127.02609663221197,814.0,178.0,taxi_respawn_24,picked
dyn_pax_398,637.0,2026-09-07 09:10:37,1117538957#3,restaurant|subway_entrance|bus_stop,,465.5082521847807,644.8780924026132,37.49732530507706,127.02609663221197,823.0,186.0,taxi_respawn_10,picked
dyn_pax_399,639.0,2026-09-07 09:10:39,521766175#1,company|restaurant|subway_entrance,,332.9365590021661,1411.5585828157227,37.504206724109,127.02441570308932,1371.0,732.0,taxi_respawn_28,picked
dyn_pax_400,642.0,2026-09-07 09:10:42,-542367267#1,bus_stop,,247.51018316686128,1414.7184918773391,37.504219024473855,127.02344900430944,742.0,100.0,taxi_32,picked
dyn_pax_401,643.0,2026-09-07 09:10:43,1117538957#3,restaurant|subway_entrance|bus_stop,,465.5082521847807,644.8780924026132,37.49732530507706,127.02609663221197,832.0,189.0,taxi_respawn_20,picked
dyn_pax_402,643.0,2026-09-07 09:10:43,-417750354#0,residential,,923.3498430372201,1041.2071047119894,37.5009819832587,127.03117938951307,955.0,312.0,taxi_17,picked
dyn_pax_403,644.0,2026-09-07 09:10:44,1117538958#3,bus_stop,,160.18899290588462,540.6019911995099,37.49632820280781,127.02266936696756,913.0,269.0,taxi_12,picked
dyn_pax_404,646.0,2026-09-07 09:10:46,1117538957#3,restaurant|subway_entrance|bus_stop,,465.5082521847807,644.8780924026132,37.49732530507706,127.02609663221197,919.0,273.0,taxi_22,picked
dyn_pax_405,646.0,2026-09-07 09:10:46,178441450#1,residential|company|restaurant|bus_stop,,282.90243066757296,609.4157395563556,37.496971320837204,127.02404044855805,933.0,287.0,taxi_respawn_36,picked
dyn_pax_406,648.0,2026-09-07 09:10:48,541692164#1,subway_entrance,,271.6277521231475,1406.6420105391767,37.5041508337347,127.02372362926798,,,,timeout
dyn_pax_407,655.0,2026-09-07 09:10:55,-379232161#3,restaurant,,957.578372934647,431.27964063812743,37.495494003443426,127.03171068469486,,,,timeout
dyn_pax_408,656.0,2026-09-07 09:10:56,506191135#3,residential|company|restaurant|bus_stop,,238.79972345576414,789.4714057742513,37.49858497042428,127.023499044737,1029.0,373.0,taxi_respawn_5,picked
dyn_pax_409,656.0,2026-09-07 09:10:56,-256787796#8,restaurant,,666.7735412908731,765.3811461974922,37.49844885044044,127.02834365925706,1045.0,389.0,taxi_27,picked
dyn_pax_410,657.0,2026-09-07 09:10:57,504227069,residential|restaurant,,587.1158993285404,291.7776336445087,37.494167438547194,127.02755526357365,,,,timeout
dyn_pax_411,657.0,2026-09-07 09:10:57,-913950883#1,residential|company|restaurant,,391.36286393582424,840.6655979518604,37.49907500229157,127.0252118555046,772.0,115.0,taxi_respawn_15,picked
dyn_pax_412,659.0,2026-09-07 09:10:59,379463134#2,restaurant,,492.9894267673794,1254.822149661426,37.50282506050825,127.0262626667944,700.0,41.0,taxi_38,picked
dyn_pax_413,660.0,2026-09-07 09:11:00,-504509918#2,company|restaurant|bus_stop,,398.9694242295193,827.4758220967593,37.49895762305832,127.02530099003066,801.0,141.0,taxi_0,picked
dyn_pax_414,662.0,2026-09-07 09:11:02,-541692164#2,subway_entrance,,317.7122087179151,1441.0296574375257,37.504469327730426,127.0242365566347,,,,timeout
dyn_pax_415,663.0,2026-09-07 09:11:03,520307304#0,school|subway_entrance|bus_stop,,602.6035134310263,763.145495629718,37.498416594724866,127.02761864854104,,,,timeout
dyn_pax_416,663.0,2026-09-07 09:11:03,-523141073,residential|company,,283.47995026542384,1109.9635024546676,37.50148051131825,127.02392811188028,982.0,319.0,taxi_32,picked
dyn_pax_417,665.0,2026-09-07 09:11:05,520307304#0,school|subway_entrance|bus_stop,,602.6035134310263,763.145495629718,37.498416594724866,127.02761864854104,,,,timeout
dyn_pax_418,666.0,2026-09-07 09:11:06,1117538957#3,restaurant|subway_entrance|bus_stop,,465.5082521847807,644.8780924026132,37.49732530507706,127.02609663221197,1010.0,344.0,taxi_42,picked
dyn_pax_419,668.0,2026-09-07 09:11:08,521766175#1,company|restaurant|subway_entrance,,332.9365590021661,1411.5585828157227,37.504206724109,127.02441570308932,,,,timeout
dyn_pax_420,669.0,2026-09-07 09:11:09,218873820#0,restaurant|subway_entrance|bus_stop,,628.9829311132032,562.4061665928522,37.49661325243901,127.02796447999128,,,,timeout
dyn_pax_421,670.0,2026-09-07 09:11:10,117790045#3,restaurant,,504.6202003222114,1382.6101305390487,37.50397841113055,127.02636386411817,907.0,237.0,taxi_respawn_2,picked
dyn_pax_422,671.0,2026-09-07 09:11:11,523141074#0,company|restaurant|subway_entrance,,524.0338794858329,871.4890157117229,37.4993777454413,127.02670460634431,,,,timeout
dyn_pax_423,672.0,2026-09-07 09:11:12,975332778#1,bus_stop,,681.6099970732737,721.9380561808346,37.49806030190971,127.02852170075586,861.0,189.0,taxi_2,picked
dyn_pax_424,674.0,2026-09-07 09:11:14,1376141183#0,bus_stop,,548.2528111146681,901.2117688498424,37.49965007283687,127.02697139402301,,,,timeout
dyn_pax_425,675.0,2026-09-07 09:11:15,129731859#0,restaurant,,636.6446621144157,858.1896913104493,37.49927921090336,127.0279810114602,972.0,297.0,taxi_respawn_21,picked
dyn_pax_426,676.0,2026-09-07 09:11:16,-504509918#2,company|restaurant|bus_stop,,398.9694242295193,827.4758220967593,37.49895762305832,127.02530099003066,873.0,197.0,taxi_33,picked
dyn_pax_427,678.0,2026-09-07 09:11:18,417933645#2,residential|company|restaurant,,757.7944798520502,568.4010952306102,37.496691568512986,127.02941943794849,1012.0,334.0,taxi_21,picked
dyn_pax_428,679.0,2026-09-07 09:11:19,521770116#2,company|restaurant|bus_stop,,432.3182248087171,1108.514093563608,37.50149560521279,127.02561136613096,939.0,260.0,taxi_37,picked
dyn_pax_429,682.0,2026-09-07 09:11:22,305539406,company|restaurant|subway_entrance,,566.389495917364,736.5285064605782,37.49816998085155,127.02721550408178,,,,timeout
dyn_pax_430,683.0,2026-09-07 09:11:23,-504509918#2,company|restaurant|bus_stop,,398.9694242295193,827.4758220967593,37.49895762305832,127.02530099003066,928.0,245.0,taxi_respawn_13,picked
dyn_pax_431,686.0,2026-09-07 09:11:26,305539406,company|restaurant|subway_entrance,,566.389495917364,736.5285064605782,37.49816998085155,127.02721550408178,,,,timeout
dyn_pax_432,688.0,2026-09-07 09:11:28,975332778#1,bus_stop,,681.6099970732737,721.9380561808346,37.49806030190971,127.02852170075586,1173.0,485.0,taxi_18,picked
dyn_pax_433,689.0,2026-09-07 09:11:29,480850873,company|restaurant|bus_stop,,548.1935052770749,708.5896639848544,37.49791486187585,127.0270163956136,991.0,302.0,taxi_33,picked
dyn_pax_434,691.0,2026-09-07 09:11:31,218857636#1,residential|company|restaurant|bus_stop,,297.92905089287035,623.2061345250047,37.49709839153085,127.02420706961871,1089.0,398.0,taxi_respawn_13,picked
dyn_pax_435,692.0,2026-09-07 09:11:32,494824662#3,company|restaurant|subway_entrance,,729.424850252167,406.6843378518681,37.49522941823122,127.02913698209235,,,,timeout
dyn_pax_436,693.0,2026-09-07 09:11:33,-417933646#4,company|restaurant,,761.9867537178288,747.7080569325292,37.49830761500862,127.02942437673002,1048.0,355.0,taxi_respawn_14,picked
dyn_pax_437,695.0,2026-09-07 09:11:35,-117823785#1,restaurant,,983.1954817367493,635.6880668681273,37.49734021138362,127.03195197441553,751.0,56.0,taxi_respawn_21,picked
dyn_pax_438,697.0,2026-09-07 09:11:37,521766175#1,company|restaurant|subway_entrance,,332.9365590021661,1411.5585828157227,37.504206724109,127.02441570308932,,,,timeout
dyn_pax_439,697.0,2026-09-07 09:11:37,480850873,company|restaurant|bus_stop,,548.1935052770749,708.5896639848544,37.49791486187585,127.0270163956136,1125.0,428.0,taxi_respawn_19,picked
dyn_pax_440,698.0,2026-09-07 09:11:38,-417933645#1,restaurant,,753.9829961438405,551.6859834676363,37.49654027420169,127.02938030242663,1088.0,390.0,taxi_23,picked
dyn_pax_441,702.0,2026-09-07 09:11:42,1376141182#0,bus_stop,,385.7154046370183,1301.0311255965628,37.50322104370192,127.02503873135461,,,,timeout
dyn_pax_442,703.0,2026-09-07 09:11:43,1229817205#0,company|subway_entrance|bus_stop,,599.2457558679199,652.2907550986157,37.497417346160496,127.02760695963683,1261.0,558.0,taxi_respawn_36,picked
dyn_pax_443,705.0,2026-09-07 09:11:45,520307304#0,school|subway_entrance|bus_stop,,602.6035134310263,763.145495629718,37.498416594724866,127.02761864854104,,,,timeout
dyn_pax_444,706.0,2026-09-07 09:11:46,-417933645#2,company|restaurant|subway_entrance,,701.1658676593129,719.5455833044954,37.49804244093877,127.02874337560036,,,,timeout
dyn_pax_445,708.0,2026-09-07 09:11:48,375049565#6,restaurant|subway_entrance|bus_stop,,789.5153251748014,798.8522330112556,37.49877353199428,127.02972351946808,1011.0,303.0,taxi_5,picked
dyn_pax_446,711.0,2026-09-07 09:11:51,-417933645#2,company|restaurant|subway_entrance,,701.1658676593129,719.5455833044954,37.49804244093877,127.02874337560036,,,,timeout
dyn_pax_447,712.0,2026-09-07 09:11:52,521766182#1,company|restaurant|subway_entrance,,681.695169875507,539.6867345716422,37.496418539503196,127.02856584056028,978.0,266.0,taxi_25,picked
dyn_pax_448,714.0,2026-09-07 09:11:54,541692164#1,subway_entrance,,271.6277521231475,1406.6420105391767,37.5041508337347,127.02372362926798,,,,timeout
dyn_pax_449,714.0,2026-09-07 09:11:54,-379463134#2,restaurant,,527.5499142349145,1277.2476095039178,37.503033607059436,127.02664812966836,1196.0,482.0,taxi_38,picked
dyn_pax_450,720.0,2026-09-07 09:12:00,218864491#0,restaurant|bus_stop,,769.9803916976219,760.1217113917903,37.49842094941813,127.02951181742357,,,,timeout
dyn_pax_451,726.0,2026-09-07 09:12:06,1376141183#0,bus_stop,,548.2528111146681,901.2117688498424,37.49965007283687,127.02697139402301,1209.0,483.0,taxi_40,picked
dyn_pax_452,728.0,2026-09-07 09:12:08,521766175#1,company|restaurant|subway_entrance,,332.9365590021661,1411.5585828157227,37.504206724109,127.02441570308932,,,,timeout
dyn_pax_453,728.0,2026-09-07 09:12:08,557469234,restaurant,,982.7249512156621,987.801549540822,37.50051207965727,127.03186337298402,826.0,98.0,taxi_34,picked
dyn_pax_454,729.0,2026-09-07 09:12:09,-504509918#2,company|restaurant|bus_stop,,398.9694242295193,827.4758220967593,37.49895762305832,127.02530099003066,957.0,228.0,taxi_respawn_18,picked
dyn_pax_455,729.0,2026-09-07 09:12:09,-129731717#1,residential|company|restaurant,,188.433090102474,1374.3511058470413,37.503844200149025,127.0227905913032,856.0,127.0,taxi_respawn_16,picked
dyn_pax_456,732.0,2026-09-07 09:12:12,494824662#3,company|restaurant|subway_entrance,,729.424850252167,406.6843378518681,37.49522941823122,127.02913698209235,,,,timeout
dyn_pax_457,733.0,2026-09-07 09:12:13,218873820#0,restaurant|subway_entrance|bus_stop,,628.9829311132032,562.4061665928522,37.49661325243901,127.02796447999128,,,,timeout
dyn_pax_458,734.0,2026-09-07 09:12:14,520307304#0,school|subway_entrance|bus_stop,,602.6035134310263,763.145495629718,37.498416594724866,127.02761864854104,,,,timeout
dyn_pax_459,735.0,2026-09-07 09:12:15,218873820#0,restaurant|subway_entrance|bus_stop,,628.9829311132032,562.4061665928522,37.49661325243901,127.02796447999128,,,,timeout
dyn_pax_460,736.0,2026-09-07 09:12:16,379463130#0,restaurant,,544.1425087303844,1128.5419490598922,37.501697156429024,127.02687101205116,1229.0,493.0,taxi_8,picked
dyn_pax_461,737.0,2026-09-07 09:12:17,520307304#0,school|subway_entrance|bus_stop,,602.6035134310263,763.145495629718,37.498416594724866,127.02761864854104,,,,timeout
dyn_pax_462,739.0,2026-09-07 09:12:19,417933646#2,residential|restaurant,,830.3119525357222,594.5819430897021,37.496941093289735,127.0302331440542,830.0,91.0,taxi_respawn_1,picked
dyn_pax_463,741.0,2026-09-07 09:12:21,521766175#3,company|restaurant|subway_entrance|bus_stop,,373.6701172395771,1298.610217621072,37.50319695740621,127.02490310718325,1175.0,434.0,taxi_33,picked
dyn_pax_464,743.0,2026-09-07 09:12:23,1376141183#0,bus_stop,,548.2528111146681,901.2117688498424,37.49965007283687,127.02697139402301,,,,timeout
dyn_pax_465,743.0,2026-09-07 09:12:23,1229817205#1,residential|bus_stop,,631.6400080768872,572.7061575261558,37.49670653972221,127.02799208080955,1110.0,367.0,taxi_10,picked
dyn_pax_466,744.0,2026-09-07 09:12:24,218873820#0,restaurant|subway_entrance|bus_stop,,628.9829311132032,562.4061665928522,37.49661325243901,127.02796447999128,,,,timeout
dyn_pax_467,745.0,2026-09-07 09:12:25,417933645#0,residential|restaurant,,823.1026288816429,385.61625104994533,37.49505730126708,127.03020109557775,970.0,225.0,taxi_respawn_27,picked
dyn_pax_468,746.0,2026-09-07 09:12:26,523141074#0,company|restaurant|subway_entrance,,524.0338794858329,871.4890157117229,37.4993777454413,127.02670460634431,,,,timeout
dyn_pax_469,748.0,2026-09-07 09:12:28,-506191135#2,residential|bus_stop,,236.19733776439384,769.6838415951818,37.49840622577806,127.02347432089968,,,,timeout
dyn_pax_470,755.0,2026-09-07 09:12:35,494824662#3,company|restaurant|subway_entrance,,729.424850252167,406.6843378518681,37.49522941823122,127.02913698209235,,,,timeout
dyn_pax_471,756.0,2026-09-07 09:12:36,520307304#0,school|subway_entrance|bus_stop,,602.6035134310263,763.145495629718,37.498416594724866,127.02761864854104,,,,timeout
dyn_pax_472,757.0,2026-09-07 09:12:37,1376141183#0,bus_stop,,548.2528111146681,901.2117688498424,37.49965007283687,127.02697139402301,,,,timeout
dyn_pax_473,758.0,2026-09-07 09:12:38,541692164#1,subway_entrance,,271.6277521231475,1406.6420105391767,37.5041508337347,127.02372362926798,,,,timeout
dyn_pax_474,760.0,2026-09-07 09:12:40,218877837#0,company,,455.71990885566936,1045.563527646426,37.50093295148158,127.02589090425857,937.0,177.0,taxi_respawn_28,picked
dyn_pax_475,763.0,2026-09-07 09:12:43,521766175#3,company|restaurant|subway_entrance|bus_stop,,373.6701172395771,1298.610217621072,37.50319695740621,127.02490310718325,,,,timeout
dyn_pax_476,765.0,2026-09-07 09:12:45,-256787796#4,restaurant,,620.2926176327408,895.5374521094307,37.49961256354246,127.02778727239327,1078.0,313.0,taxi_respawn_2,picked
dyn_pax_477,766.0,2026-09-07 09:12:46,218864491#0,restaurant|bus_stop,,769.9803916976219,760.1217113917903,37.49842094941813,127.02951181742357,,,,timeout
dyn_pax_478,769.0,2026-09-07 09:12:49,-506191135#2,residential|bus_stop,,236.19733776439384,769.6838415951818,37.49840622577806,127.02347432089968,,,,timeout
dyn_pax_479,769.0,2026-09-07 09:12:49,-117790051#4,restaurant,,448.3479635094145,1379.7889979949318,37.50394236073409,127.02572824341395,918.0,149.0,taxi_45,picked
dyn_pax_480,769.0,2026-09-07 09:12:49,521770116#2,company|restaurant|bus_stop,,432.3182248087171,1108.514093563608,37.50149560521279,127.02561136613096,1002.0,233.0,taxi_respawn_15,picked
dyn_pax_481,771.0,2026-09-07 09:12:51,521766175#3,company|restaurant|subway_entrance|bus_stop,,373.6701172395771,1298.610217621072,37.50319695740621,127.02490310718325,,,,timeout
dyn_pax_482,773.0,2026-09-07 09:12:53,-26163000#1,restaurant,,613.3034084576574,1234.0026207389662,37.50266024308643,127.02762801542576,824.0,51.0,taxi_46,picked
dyn_pax_483,774.0,2026-09-07 09:12:54,1229817205#0,company|subway_entrance|bus_stop,,599.2457558679199,652.2907550986157,37.497417346160496,127.02760695963683,,,,timeout
dyn_pax_484,775.0,2026-09-07 09:12:55,417750354#1,restaurant,,919.2899707887079,1024.6134421491665,37.5008317366974,127.03113741131199,1240.0,465.0,taxi_35,picked
dyn_pax_485,777.0,2026-09-07 09:12:57,506191135#3,residential|company|restaurant|bus_stop,,238.79972345576414,789.4714057742513,37.49858497042428,127.023499044737,1047.0,270.0,taxi_20,picked
dyn_pax_486,778.0,2026-09-07 09:12:58,521766175#3,company|restaurant|subway_entrance|bus_stop,,373.6701172395771,1298.610217621072,37.50319695740621,127.02490310718325,,,,timeout
dyn_pax_487,778.0,2026-09-07 09:12:58,1011529829#0,school,,381.1393135972994,834.2751815073392,37.49901550234899,127.0250977784903,863.0,85.0,taxi_respawn_6,picked
dyn_pax_488,783.0,2026-09-07 09:13:03,218877837#2,company|restaurant|bus_stop,,479.4555212141038,978.0213907550284,37.500328997763305,127.02617530290202,1122.0,339.0,taxi_respawn_16,picked
dyn_pax_489,783.0,2026-09-07 09:13:03,129731859#3,restaurant,,873.6090416568148,941.272009001338,37.50007235670303,127.03064062663523,,,,timeout
dyn_pax_490,785.0,2026-09-07 09:13:05,117790039#3,restaurant,,1021.8645860465238,1004.4924062015546,37.500669811640854,127.03230197280303,853.0,68.0,taxi_30,picked
dyn_pax_491,787.0,2026-09-07 09:13:07,521766175#3,company|restaurant|subway_entrance|bus_stop,,373.6701172395771,1298.610217621072,37.50319695740621,127.02490310718325,,,,timeout
dyn_pax_492,790.0,2026-09-07 09:13:10,-542367267#1,bus_stop,,247.51018316686128,1414.7184918773391,37.504219024473855,127.02344900430944,858.0,68.0,taxi_respawn_7,picked
dyn_pax_493,791.0,2026-09-07 09:13:11,129731859#1,restaurant,,770.318180095484,905.1374216517651,37.499727361620906,127.02948129560598,1178.0,387.0,taxi_27,picked
dyn_pax_494,793.0,2026-09-07 09:13:13,178441450#1,residential|company|restaurant|bus_stop,,282.90243066757296,609.4157395563556,37.496971320837204,127.02404044855805,998.0,205.0,taxi_16,picked
dyn_pax_495,800.0,2026-09-07 09:13:20,1229817205#0,company|subway_entrance|bus_stop,,599.2457558679199,652.2907550986157,37.497417346160496,127.02760695963683,,,,timeout
dyn_pax_496,801.0,2026-09-07 09:13:21,975332778#1,bus_stop,,681.6099970732737,721.9380561808346,37.49806030190971,127.02852170075586,1296.0,495.0,taxi_respawn_4,picked
dyn_pax_497,804.0,2026-09-07 09:13:24,218873820#0,restaurant|subway_entrance|bus_stop,,628.9829311132032,562.4061665928522,37.49661325243901,127.02796447999128,1372.0,568.0,taxi_41,picked
dyn_pax_498,804.0,2026-09-07 09:13:24,-239954462#0,company,,177.59108854633376,1424.6091910087337,37.50429488616932,127.02265605240045,825.0,21.0,taxi_15,picked
dyn_pax_499,806.0,2026-09-07 09:13:26,417933642#0,restaurant|bus_stop,,1041.0954363710525,463.30841921497654,37.49579826441859,127.03264736696761,999.0,193.0,taxi_respawn_22,picked
dyn_pax_500,807.0,2026-09-07 09:13:27,218873820#0,restaurant|subway_entrance|bus_stop,,628.9829311132032,562.4061665928522,37.49661325243901,127.02796447999128,1367.0,560.0,taxi_respawn_19,picked
dyn_pax_501,810.0,2026-09-07 09:13:30,1056882877#3,residential|company|restaurant,,365.79280968467333,433.0557487307964,37.495398294451746,127.02501948586043,1086.0,276.0,taxi_respawn_4,picked
dyn_pax_502,812.0,2026-09-07 09:13:32,-379232155,restaurant,,999.2800162208075,449.1965960198298,37.495663263085994,127.03217793178025,1169.0,357.0,taxi_respawn_25,picked
dyn_pax_503,815.0,2026-09-07 09:13:35,1117538957#3,restaurant|subway_entrance|bus_stop,,465.5082521847807,644.8780924026132,37.49732530507706,127.02609663221197,,,,timeout
dyn_pax_504,815.0,2026-09-07 09:13:35,-417933646#1,residential|restaurant,,826.6019869456061,577.8075382253838,37.49678928421788,127.03019516859905,920.0,105.0,taxi_respawn_14,picked
dyn_pax_505,816.0,2026-09-07 09:13:36,218873820#0,restaurant|subway_entrance|bus_stop,,628.9829311132032,562.4061665928522,37.49661325243901,127.02796447999128,,,,timeout
dyn_pax_506,817.0,2026-09-07 09:13:37,305539406,company|restaurant|subway_entrance,,566.389495917364,736.5285064605782,37.49816998085155,127.02721550408178,,,,timeout
dyn_pax_507,818.0,2026-09-07 09:13:38,1117538957#3,restaurant|subway_entrance|bus_stop,,465.5082521847807,644.8780924026132,37.49732530507706,127.02609663221197,,,,timeout
dyn_pax_508,818.0,2026-09-07 09:13:38,-417750337#1,restaurant,,620.0756768942672,1248.4347545200121,37.5027915312318,127.02770116938098,851.0,33.0,taxi_10,picked
dyn_pax_509,819.0,2026-09-07 09:13:39,-379232161#3,restaurant,,957.578372934647,431.27964063812743,37.495494003443426,127.03171068469486,,,,timeout
dyn_pax_510,821.0,2026-09-07 09:13:41,1229817205#0,company|subway_entrance|bus_stop,,599.2457558679199,652.2907550986157,37.497417346160496,127.02760695963683,,,,timeout
dyn_pax_511,823.0,2026-09-07 09:13:43,521770119#1,restaurant|bus_stop,,527.3115514435282,995.8620162900467,37.50049875494786,127.02671217090477,,,,timeout
dyn_pax_512,823.0,2026-09-07 09:13:43,-256787796#8,restaurant,,666.7735412908731,765.3811461974922,37.49844885044044,127.02834365925706,1208.0,385.0,taxi_respawn_23,picked
dyn_pax_513,824.0,2026-09-07 09:13:44,417750337#5,restaurant,,522.3387290339521,1126.7881672814829,37.50167723806998,127.02662489231146,1314.0,490.0,taxi_37,picked
dyn_pax_514,826.0,2026-09-07 09:13:46,-506191135#22,residential|company|restaurant|bus_stop,,38.693950105848444,1321.9513167019495,37.50334380565249,127.02110990869835,872.0,46.0,taxi_respawn_31,picked
dyn_pax_515,827.0,2026-09-07 09:13:47,-417933645#1,restaurant,,753.9829961438405,551.6859834676363,37.49654027420169,127.02938030242663,,,,timeout
dyn_pax_516,829.0,2026-09-07 09:13:49,521766182#1,company|restaurant|subway_entrance,,681.695169875507,539.6867345716422,37.496418539503196,127.02856584056028,,,,timeout
dyn_pax_517,829.0,2026-09-07 09:13:49,117790062#7,restaurant,,610.3314045210797,1078.999817662281,37.50126336859982,127.02763115548898,1262.0,433.0,taxi_23,picked
dyn_pax_518,830.0,2026-09-07 09:13:50,218873820#0,restaurant|subway_entrance|bus_stop,,628.9829311132032,562.4061665928522,37.49661325243901,127.02796447999128,,,,timeout
dyn_pax_519,830.0,2026-09-07 09:13:50,-417750336#3,school|company,,868.1859178511071,948.5147012398835,37.50013657861005,127.03057759421064,,,,timeout
dyn_pax_520,831.0,2026-09-07 09:13:51,417750342#0,residential,,845.3624953099543,1340.16590884019,37.50366039527634,127.03022681464076,1095.0,264.0,taxi_15,picked
dyn_pax_521,832.0,2026-09-07 09:13:52,218864491#0,restaurant|bus_stop,,769.9803916976219,760.1217113917903,37.49842094941813,127.02951181742357,1297.0,465.0,taxi_respawn_11,picked
dyn_pax_522,833.0,2026-09-07 09:13:53,1117538957#3,restaurant|subway_entrance|bus_stop,,465.5082521847807,644.8780924026132,37.49732530507706,127.02609663221197,,,,timeout
dyn_pax_523,833.0,2026-09-07 09:13:53,-1056882877#5,company|restaurant,,302.41102899925136,583.0415396467946,37.496737424712585,127.0242672800979,1040.0,207.0,taxi_respawn_11,picked
dyn_pax_524,834.0,2026-09-07 09:13:54,218877837#2,company|restaurant|bus_stop,,479.4555212141038,978.0213907550284,37.500328997763305,127.02617530290202,1183.0,349.0,taxi_11,picked
dyn_pax_525,835.0,2026-09-07 09:13:55,375049565#6,restaurant|subway_entrance|bus_stop,,789.5153251748014,798.8522330112556,37.49877353199428,127.02972351946808,,,,timeout
dyn_pax_526,835.0,2026-09-07 09:13:55,379463134#2,restaurant,,492.9894267673794,1254.822149661426,37.50282506050825,127.0262626667944,1009.0,174.0,taxi_36,picked
dyn_pax_527,836.0,2026-09-07 09:13:56,975332778#1,bus_stop,,681.6099970732737,721.9380561808346,37.49806030190971,127.02852170075586,,,,timeout
dyn_pax_528,840.0,2026-09-07 09:14:00,-1537068129#0,restaurant,,962.1540281232122,1146.7630824504436,37.50194018104768,127.03159317410272,1023.0,183.0,taxi_6,picked
dyn_pax_529,841.0,2026-09-07 09:14:01,1229817205#0,company|subway_entrance|bus_stop,,599.2457558679199,652.2907550986157,37.497417346160496,127.02760695963683,,,,timeout
dyn_pax_530,843.0,2026-09-07 09:14:03,375049565#6,restaurant|subway_entrance|bus_stop,,789.5153251748014,798.8522330112556,37.49877353199428,127.02972351946808,,,,timeout
dyn_pax_531,845.0,2026-09-07 09:14:05,-504509918#2,company|restaurant|bus_stop,,398.9694242295193,827.4758220967593,37.49895762305832,127.02530099003066,952.0,107.0,taxi_respawn_23,picked
dyn_pax_532,849.0,2026-09-07 09:14:09,375049565#6,restaurant|subway_entrance|bus_stop,,789.5153251748014,798.8522330112556,37.49877353199428,127.02972351946808,,,,timeout
dyn_pax_533,850.0,2026-09-07 09:14:10,218873820#0,restaurant|subway_entrance|bus_stop,,628.9829311132032,562.4061665928522,37.49661325243901,127.02796447999128,,,,timeout
dyn_pax_534,850.0,2026-09-07 09:14:10,628232693#0,company|restaurant,,644.2623295929467,660.168099777976,37.49749680792099,127.0281140674837,989.0,139.0,taxi_2,picked
dyn_pax_535,852.0,2026-09-07 09:14:12,480850873,company|restaurant|bus_stop,,548.1935052770749,708.5896639848544,37.49791486187585,127.0270163956136,1079.0,227.0,taxi_respawn_18,picked
dyn_pax_536,853.0,2026-09-07 09:14:13,541692164#1,subway_entrance,,271.6277521231475,1406.6420105391767,37.5041508337347,127.02372362926798,,,,timeout
dyn_pax_537,853.0,2026-09-07 09:14:13,-417933645#2,company|restaurant|subway_entrance,,701.1658676593129,719.5455833044954,37.49804244093877,127.02874337560036,,,,timeout
dyn_pax_538,857.0,2026-09-07 09:14:17,-117790051#4,restaurant,,448.3479635094145,1379.7889979949318,37.50394236073409,127.02572824341395,1063.0,206.0,taxi_respawn_1,picked
dyn_pax_539,858.0,2026-09-07 09:14:18,521766175#3,company|restaurant|subway_entrance|bus_stop,,373.6701172395771,1298.610217621072,37.50319695740621,127.02490310718325,1360.0,502.0,taxi_respawn_33,picked
dyn_pax_540,859.0,2026-09-07 09:14:19,520307304#0,school|subway_entrance|bus_stop,,602.6035134310263,763.145495629718,37.498416594724866,127.02761864854104,,,,timeout
dyn_pax_541,859.0,2026-09-07 09:14:19,-417750337#4,restaurant,,542.6552277079157,1139.0745154802132,37.5017917560025,127.02685169754334,,,,timeout
dyn_pax_542,859.0,2026-09-07 09:14:19,-417750336#5,restaurant,,886.0343029737398,891.1232225857099,37.499622942823265,127.030792984823,912.0,53.0,taxi_6,picked
dyn_pax_543,861.0,2026-09-07 09:14:21,305539406,company|restaurant|subway_entrance,,566.389495917364,736.5285064605782,37.49816998085155,127.02721550408178,,,,timeout
dyn_pax_544,862.0,2026-09-07 09:14:22,506191135#3,residential|company|restaurant|bus_stop,,238.79972345576414,789.4714057742513,37.49858497042428,127.023499044737,1079.0,217.0,taxi_12,picked
dyn_pax_545,862.0,2026-09-07 09:14:22,129733424#3,restaurant,,568.5053070143441,1008.1195751958668,37.500616957275064,127.02717503574868,,,,timeout
dyn_pax_546,862.0,2026-09-07 09:14:22,-129731717#1,residential|company|restaurant,,188.433090102474,1374.3511058470413,37.503844200149025,127.0227905913032,995.0,133.0,taxi_respawn_34,picked
dyn_pax_547,864.0,2026-09-07 09:14:24,1117538957#3,restaurant|subway_entrance|bus_stop,,465.5082521847807,644.8780924026132,37.49732530507706,127.02609663221197,,,,timeout
dyn_pax_548,870.0,2026-09-07 09:14:30,521766175#3,company|restaurant|subway_entrance|bus_stop,,373.6701172395771,1298.610217621072,37.50319695740621,127.02490310718325,,,,timeout
dyn_pax_549,870.0,2026-09-07 09:14:30,-417933645#2,company|restaurant|subway_entrance,,701.1658676593129,719.5455833044954,37.49804244093877,127.02874337560036,,,,timeout
dyn_pax_550,873.0,2026-09-07 09:14:33,480850873,company|restaurant|bus_stop,,548.1935052770749,708.5896639848544,37.49791486187585,127.0270163956136,1308.0,435.0,taxi_respawn_1,picked
dyn_pax_551,874.0,2026-09-07 09:14:34,506191135#3,residential|company|restaurant|bus_stop,,238.79972345576414,789.4714057742513,37.49858497042428,127.023499044737,1184.0,310.0,taxi_respawn_26,picked
dyn_pax_552,875.0,2026-09-07 09:14:35,520307304#0,school|subway_entrance|bus_stop,,602.6035134310263,763.145495629718,37.498416594724866,127.02761864854104,,,,timeout
dyn_pax_553,879.0,2026-09-07 09:14:39,480850873,company|restaurant|bus_stop,,548.1935052770749,708.5896639848544,37.49791486187585,127.0270163956136,,,,timeout
dyn_pax_554,882.0,2026-09-07 09:14:42,309155295#1,restaurant,,764.2225196982893,558.1760304781078,37.4966006705371,127.0294945363528,1092.0,210.0,taxi_37,picked
dyn_pax_555,883.0,2026-09-07 09:14:43,178441450#1,residential|company|restaurant|bus_stop,,282.90243066757296,609.4157395563556,37.496971320837204,127.02404044855805,1015.0,132.0,taxi_31,picked
dyn_pax_556,885.0,2026-09-07 09:14:45,975332778#1,bus_stop,,681.6099970732737,721.9380561808346,37.49806030190971,127.02852170075586,,,,timeout
dyn_pax_557,885.0,2026-09-07 09:14:45,-117790039#2,company|restaurant,,1017.0012393074795,990.846024966068,37.5005459641277,127.03225021068775,,,,timeout
dyn_pax_558,887.0,2026-09-07 09:14:47,218873820#0,restaurant|subway_entrance|bus_stop,,628.9829311132032,562.4061665928522,37.49661325243901,127.02796447999128,,,,timeout
dyn_pax_559,890.0,2026-09-07 09:14:50,521766175#3,company|restaurant|subway_entrance|bus_stop,,373.6701172395771,1298.610217621072,37.50319695740621,127.02490310718325,,,,timeout
dyn_pax_560,892.0,2026-09-07 09:14:52,521766182#1,company|restaurant|subway_entrance,,681.695169875507,539.6867345716422,37.496418539503196,127.02856584056028,,,,timeout
dyn_pax_561,893.0,2026-09-07 09:14:53,-417933645#2,company|restaurant|subway_entrance,,701.1658676593129,719.5455833044954,37.49804244093877,127.02874337560036,,,,timeout
dyn_pax_562,895.0,2026-09-07 09:14:55,218864491#0,restaurant|bus_stop,,769.9803916976219,760.1217113917903,37.49842094941813,127.02951181742357,,,,timeout
dyn_pax_563,896.0,2026-09-07 09:14:56,521770119#1,restaurant|bus_stop,,527.3115514435282,995.8620162900467,37.50049875494786,127.02671217090477,1448.0,552.0,taxi_1,picked
dyn_pax_564,898.0,2026-09-07 09:14:58,521766175#3,company|restaurant|subway_entrance|bus_stop,,373.6701172395771,1298.610217621072,37.50319695740621,127.02490310718325,,,,timeout
dyn_pax_565,899.0,2026-09-07 09:14:59,520307304#0,school|subway_entrance|bus_stop,,602.6035134310263,763.145495629718,37.498416594724866,127.02761864854104,,,,timeout
dyn_pax_566,901.0,2026-09-07 09:15:01,521766182#1,company|restaurant|subway_entrance,,681.695169875507,539.6867345716422,37.496418539503196,127.02856584056028,,,,timeout
dyn_pax_567,902.0,2026-09-07 09:15:02,494824662#3,company|restaurant|subway_entrance,,729.424850252167,406.6843378518681,37.49522941823122,127.02913698209235,1364.0,462.0,taxi_46,picked
dyn_pax_568,904.0,2026-09-07 09:15:04,129731859#4,restaurant,,948.3176585840322,968.5888771831698,37.50033252074231,127.03147887955224,1105.0,201.0,taxi_2,picked
dyn_pax_569,905.0,2026-09-07 09:15:05,1117538957#3,restaurant|subway_entrance|bus_stop,,465.5082521847807,644.8780924026132,37.49732530507706,127.02609663221197,,,,timeout
dyn_pax_570,908.0,2026-09-07 09:15:08,-379463134#2,restaurant,,527.5499142349145,1277.2476095039178,37.503033607059436,127.02664812966836,1249.0,341.0,taxi_respawn_14,picked
dyn_pax_571,910.0,2026-09-07 09:15:10,-117790062#4,company,,666.6267400273903,1210.7400577041187,37.50246075614395,127.02823646445898,1415.0,505.0,taxi_30,picked
dyn_pax_572,911.0,2026-09-07 09:15:11,-542367267#1,bus_stop,,247.51018316686128,1414.7184918773391,37.504219024473855,127.02344900430944,998.0,87.0,taxi_35,picked
dyn_pax_573,913.0,2026-09-07 09:15:13,375049565#6,restaurant|subway_entrance|bus_stop,,789.5153251748014,798.8522330112556,37.49877353199428,127.02972351946808,,,,timeout
dyn_pax_574,915.0,2026-09-07 09:15:15,975332778#1,bus_stop,,681.6099970732737,721.9380561808346,37.49806030190971,127.02852170075586,,,,timeout
dyn_pax_575,916.0,2026-09-07 09:15:16,480850873,company|restaurant|bus_stop,,548.1935052770749,708.5896639848544,37.49791486187585,127.0270163956136,1401.0,485.0,taxi_respawn_26,picked
dyn_pax_576,917.0,2026-09-07 09:15:17,417933645#2,residential|company|restaurant,,757.7944798520502,568.4010952306102,37.496691568512986,127.02941943794849,,,,timeout
dyn_pax_577,918.0,2026-09-07 09:15:18,1376141183#0,bus_stop,,548.2528111146681,901.2117688498424,37.49965007283687,127.02697139402301,,,,timeout
dyn_pax_578,919.0,2026-09-07 09:15:19,975332778#1,bus_stop,,681.6099970732737,721.9380561808346,37.49806030190971,127.02852170075586,,,,timeout
dyn_pax_579,921.0,2026-09-07 09:15:21,521770119#1,restaurant|bus_stop,,527.3115514435282,995.8620162900467,37.50049875494786,127.02671217090477,,,,timeout
dyn_pax_580,922.0,2026-09-07 09:15:22,1117538957#3,restaurant|subway_entrance|bus_stop,,465.5082521847807,644.8780924026132,37.49732530507706,127.02609663221197,,,,timeout
dyn_pax_581,925.0,2026-09-07 09:15:25,494824662#3,company|restaurant|subway_entrance,,729.424850252167,406.6843378518681,37.49522941823122,127.02913698209235,1403.0,478.0,taxi_respawn_29,picked
dyn_pax_582,925.0,2026-09-07 09:15:25,504509918#0,residential|restaurant,,511.83203920742636,882.9034728009249,37.49947826486711,127.02656393710718,1009.0,84.0,taxi_28,picked
dyn_pax_583,930.0,2026-09-07 09:15:30,975332778#1,bus_stop,,681.6099970732737,721.9380561808346,37.49806030190971,127.02852170075586,,,,timeout
dyn_pax_584,931.0,2026-09-07 09:15:31,523141074#0,company|restaurant|subway_entrance,,524.0338794858329,871.4890157117229,37.4993777454413,127.02670460634431,1269.0,338.0,taxi_44,picked
dyn_pax_585,931.0,2026-09-07 09:15:31,-913950883#1,residential|company|restaurant,,391.36286393582424,840.6655979518604,37.49907500229157,127.0252118555046,1051.0,120.0,taxi_respawn_17,picked
dyn_pax_586,933.0,2026-09-07 09:15:33,521770119#1,restaurant|bus_stop,,527.3115514435282,995.8620162900467,37.50049875494786,127.02671217090477,,,,timeout
dyn_pax_587,934.0,2026-09-07 09:15:34,1376141182#0,bus_stop,,385.7154046370183,1301.0311255965628,37.50322104370192,127.02503873135461,1464.0,530.0,taxi_15,picked
dyn_pax_588,936.0,2026-09-07 09:15:36,521766175#3,company|restaurant|subway_entrance|bus_stop,,373.6701172395771,1298.610217621072,37.50319695740621,127.02490310718325,,,,timeout
dyn_pax_589,939.0,2026-09-07 09:15:39,521766182#1,company|restaurant|subway_entrance,,681.695169875507,539.6867345716422,37.496418539503196,127.02856584056028,,,,timeout
dyn_pax_590,941.0,2026-09-07 09:15:41,417933642#0,restaurant|bus_stop,,1041.0954363710525,463.30841921497654,37.49579826441859,127.03264736696761,1004.0,63.0,taxi_respawn_10,picked
dyn_pax_591,941.0,2026-09-07 09:15:41,-504509918#2,company|restaurant|bus_stop,,398.9694242295193,827.4758220967593,37.49895762305832,127.02530099003066,1041.0,100.0,taxi_respawn_8,picked
dyn_pax_592,941.0,2026-09-07 09:15:41,218873820#0,restaurant|subway_entrance|bus_stop,,628.9829311132032,562.4061665928522,37.49661325243901,127.02796447999128,,,,timeout
dyn_pax_593,942.0,2026-09-07 09:15:42,504227069,residential|restaurant,,587.1158993285404,291.7776336445087,37.494167438547194,127.02755526357365,,,,timeout
dyn_pax_594,944.0,2026-09-07 09:15:44,523141074#0,company|restaurant|subway_entrance,,524.0338794858329,871.4890157117229,37.4993777454413,127.02670460634431,1273.0,329.0,taxi_respawn_31,picked
dyn_pax_595,945.0,2026-09-07 09:15:45,975332778#1,bus_stop,,681.6099970732737,721.9380561808346,37.49806030190971,127.02852170075586,1451.0,506.0,taxi_40,picked
dyn_pax_596,947.0,2026-09-07 09:15:47,494824662#3,company|restaurant|subway_entrance,,729.424850252167,406.6843378518681,37.49522941823122,127.02913698209235,,,,timeout
dyn_pax_597,950.0,2026-09-07 09:15:50,218857636#1,residential|company|restaurant|bus_stop,,297.92905089287035,623.2061345250047,37.49709839153085,127.02420706961871,1190.0,240.0,taxi_respawn_10,picked
dyn_pax_598,951.0,2026-09-07 09:15:51,521766175#3,company|restaurant|subway_entrance|bus_stop,,373.6701172395771,1298.610217621072,37.50319695740621,127.02490310718325,,,,timeout
dyn_pax_599,953.0,2026-09-07 09:15:53,520307304#0,school|subway_entrance|bus_stop,,602.6035134310263,763.145495629718,37.498416594724866,127.02761864854104,,,,timeout
dyn_pax_600,954.0,2026-09-07 09:15:54,494824662#3,company|restaurant|subway_entrance,,729.424850252167,406.6843378518681,37.49522941823122,127.02913698209235,,,,timeout
dyn_pax_601,954.0,2026-09-07 09:15:54,-417933645#2,company|restaurant|subway_entrance,,701.1658676593129,719.5455833044954,37.49804244093877,127.02874337560036,,,,timeout
dyn_pax_602,955.0,2026-09-07 09:15:55,-129731858#1,restaurant,,779.3164249772793,838.8541978668718,37.49913195860003,127.0295987323456,,,,timeout
dyn_pax_603,956.0,2026-09-07 09:15:56,417933642#0,restaurant|bus_stop,,1041.0954363710525,463.30841921497654,37.49579826441859,127.03264736696761,1277.0,321.0,taxi_0,picked
dyn_pax_604,957.0,2026-09-07 09:15:57,1117538958#3,bus_stop,,160.18899290588462,540.6019911995099,37.49632820280781,127.02266936696756,970.0,13.0,taxi_41,picked
dyn_pax_605,958.0,2026-09-07 09:15:58,417933646#0,restaurant,,894.2617302193242,410.3206078764906,37.49529326349135,127.03099977850056,,,,timeout
dyn_pax_606,959.0,2026-09-07 09:15:59,975332778#1,bus_stop,,681.6099970732737,721.9380561808346,37.49806030190971,127.02852170075586,,,,timeout
dyn_pax_607,960.0,2026-09-07 09:16:00,-542367267#1,bus_stop,,247.51018316686128,1414.7184918773391,37.504219024473855,127.02344900430944,1042.0,82.0,taxi_11,picked
dyn_pax_608,962.0,2026-09-07 09:16:02,1229817205#0,company|subway_entrance|bus_stop,,599.2457558679199,652.2907550986157,37.497417346160496,127.02760695963683,,,,timeout
dyn_pax_609,964.0,2026-09-07 09:16:04,521766175#3,company|restaurant|subway_entrance|bus_stop,,373.6701172395771,1298.610217621072,37.50319695740621,127.02490310718325,,,,timeout
dyn_pax_610,968.0,2026-09-07 09:16:08,1117538958#3,bus_stop,,160.18899290588462,540.6019911995099,37.49632820280781,127.02266936696756,1004.0,36.0,taxi_13,picked
dyn_pax_611,969.0,2026-09-07 09:16:09,-417750336#5,restaurant,,886.0343029737398,891.1232225857099,37.499622942823265,127.030792984823,1208.0,239.0,taxi_1,picked
dyn_pax_612,971.0,2026-09-07 09:16:11,975332778#1,bus_stop,,681.6099970732737,721.9380561808346,37.49806030190971,127.02852170075586,,,,timeout
dyn_pax_613,973.0,2026-09-07 09:16:13,521770116#2,company|restaurant|bus_stop,,432.3182248087171,1108.514093563608,37.50149560521279,127.02561136613096,1130.0,157.0,taxi_respawn_32,picked
dyn_pax_614,973.0,2026-09-07 09:16:13,504227069,residential|restaurant,,587.1158993285404,291.7776336445087,37.494167438547194,127.02755526357365,,,,timeout
dyn_pax_615,974.0,2026-09-07 09:16:14,541692164#1,subway_entrance,,271.6277521231475,1406.6420105391767,37.5041508337347,127.02372362926798,,,,timeout
dyn_pax_616,976.0,2026-09-07 09:16:16,375049565#6,restaurant|subway_entrance|bus_stop,,789.5153251748014,798.8522330112556,37.49877353199428,127.02972351946808,,,,timeout
dyn_pax_617,977.0,2026-09-07 09:16:17,305539406,company|restaurant|subway_entrance,,566.389495917364,736.5285064605782,37.49816998085155,127.02721550408178,,,,timeout
dyn_pax_618,979.0,2026-09-07 09:16:19,-504509918#2,company|restaurant|bus_stop,,398.9694242295193,827.4758220967593,37.49895762305832,127.02530099003066,1057.0,78.0,taxi_respawn_7,picked
dyn_pax_619,980.0,2026-09-07 09:16:20,541692164#1,subway_entrance,,271.6277521231475,1406.6420105391767,37.5041508337347,127.02372362926798,,,,timeout
dyn_pax_620,983.0,2026-09-07 09:16:23,218873820#0,restaurant|subway_entrance|bus_stop,,628.9829311132032,562.4061665928522,37.49661325243901,127.02796447999128,1546.0,563.0,taxi_26,picked
dyn_pax_621,985.0,2026-09-07 09:16:25,523141074#0,company|restaurant|subway_entrance,,524.0338794858329,871.4890157117229,37.4993777454413,127.02670460634431,1302.0,317.0,taxi_2,picked
dyn_pax_622,987.0,2026-09-07 09:16:27,218873820#0,restaurant|subway_entrance|bus_stop,,628.9829311132032,562.4061665928522,37.49661325243901,127.02796447999128,,,,timeout
dyn_pax_623,988.0,2026-09-07 09:16:28,1376141182#0,bus_stop,,385.7154046370183,1301.0311255965628,37.50322104370192,127.02503873135461,,,,timeout
dyn_pax_624,990.0,2026-09-07 09:16:30,1229817205#0,company|subway_entrance|bus_stop,,599.2457558679199,652.2907550986157,37.497417346160496,127.02760695963683,,,,timeout
dyn_pax_625,991.0,2026-09-07 09:16:31,1117538957#3,restaurant|subway_entrance|bus_stop,,465.5082521847807,644.8780924026132,37.49732530507706,127.02609663221197,1462.0,471.0,taxi_respawn_25,picked
dyn_pax_626,994.0,2026-09-07 09:16:34,218877837#2,company|restaurant|bus_stop,,479.4555212141038,978.0213907550284,37.500328997763305,127.02617530290202,1205.0,211.0,taxi_16,picked
dyn_pax_627,996.0,2026-09-07 09:16:36,178441450#1,residential|company|restaurant|bus_stop,,282.90243066757296,609.4157395563556,37.496971320837204,127.02404044855805,1140.0,144.0,taxi_13,picked
dyn_pax_628,997.0,2026-09-07 09:16:37,417933642#0,restaurant|bus_stop,,1041.0954363710525,463.30841921497654,37.49579826441859,127.03264736696761,1446.0,449.0,taxi_respawn_8,picked
dyn_pax_629,997.0,2026-09-07 09:16:37,480850873,company|restaurant|bus_stop,,548.1935052770749,708.5896639848544,37.49791486187585,127.0270163956136,,,,timeout
dyn_pax_630,999.0,2026-09-07 09:16:39,1117538957#3,restaurant|subway_entrance|bus_stop,,465.5082521847807,644.8780924026132,37.49732530507706,127.02609663221197,,,,timeout
dyn_pax_631,999.0,2026-09-07 09:16:39,375049565#6,restaurant|subway_entrance|bus_stop,,789.5153251748014,798.8522330112556,37.49877353199428,127.02972351946808,,,,timeout
dyn_pax_632,1000.0,2026-09-07 09:16:40,521770116#2,company|restaurant|bus_stop,,432.3182248087171,1108.514093563608,37.50149560521279,127.02561136613096,1113.0,113.0,taxi_respawn_31,picked
dyn_pax_633,1001.0,2026-09-07 09:16:41,-117790039#2,company|restaurant,,1017.0012393074795,990.846024966068,37.5005459641277,127.03225021068775,1486.0,485.0,taxi_respawn_30,picked
dyn_pax_634,1002.0,2026-09-07 09:16:42,375049565#6,restaurant|subway_entrance|bus_stop,,789.5153251748014,798.8522330112556,37.49877353199428,127.02972351946808,,,,timeout
dyn_pax_635,1003.0,2026-09-07 09:16:43,-542367267#1,bus_stop,,247.51018316686128,1414.7184918773391,37.504219024473855,127.02344900430944,1088.0,85.0,taxi_respawn_29,picked
dyn_pax_636,1003.0,2026-09-07 09:16:43,129731859#3,restaurant,,873.6090416568148,941.272009001338,37.50007235670303,127.03064062663523,1303.0,300.0,taxi_respawn_18,picked
dyn_pax_637,1003.0,2026-09-07 09:16:43,417750337#3,restaurant,,561.9223834850405,1183.7905002369655,37.50219821136863,127.02705894855978,,,,unpicked
dyn_pax_638,1005.0,2026-09-07 09:16:45,-506191135#2,residential|bus_stop,,236.19733776439384,769.6838415951818,37.49840622577806,127.02347432089968,1284.0,279.0,taxi_3,picked
dyn_pax_639,1005.0,2026-09-07 09:16:45,129731721#0,company|restaurant,,451.4485582282947,673.334514427724,37.497578992002325,127.0259309178301,1395.0,390.0,taxi_respawn_1,picked
dyn_pax_640,1006.0,2026-09-07 09:16:46,-417750337#6,restaurant,,503.6615133291097,1089.1021319971503,37.50133422142063,127.0264226479345,1301.0,295.0,taxi_respawn_21,picked
dyn_pax_641,1006.0,2026-09-07 09:16:46,975332778#0,restaurant,,667.9217791522676,716.9366930139246,37.49801266412058,127.02836812020041,1057.0,51.0,taxi_8,picked
dyn_pax_642,1008.0,2026-09-07 09:16:48,375049565#6,restaurant|subway_entrance|bus_stop,,789.5153251748014,798.8522330112556,37.49877353199428,127.02972351946808,,,,timeout
dyn_pax_643,1009.0,2026-09-07 09:16:49,1229817205#0,company|subway_entrance|bus_stop,,599.2457558679199,652.2907550986157,37.497417346160496,127.02760695963683,,,,timeout
dyn_pax_644,1011.0,2026-09-07 09:16:51,218857636#1,residential|company|restaurant|bus_stop,,297.92905089287035,623.2061345250047,37.49709839153085,127.02420706961871,1240.0,229.0,taxi_respawn_7,picked
dyn_pax_645,1013.0,2026-09-07 09:16:53,1376141182#0,bus_stop,,385.7154046370183,1301.0311255965628,37.50322104370192,127.02503873135461,,,,timeout
dyn_pax_646,1014.0,2026-09-07 09:16:54,218864491#0,restaurant|bus_stop,,769.9803916976219,760.1217113917903,37.49842094941813,127.02951181742357,,,,timeout
dyn_pax_647,1016.0,2026-09-07 09:16:56,521766175#3,company|restaurant|subway_entrance|bus_stop,,373.6701172395771,1298.610217621072,37.50319695740621,127.02490310718325,,,,timeout
dyn_pax_648,1017.0,2026-09-07 09:16:57,375049565#6,restaurant|subway_entrance|bus_stop,,789.5153251748014,798.8522330112556,37.49877353199428,127.02972351946808,,,,timeout
dyn_pax_649,1018.0,2026-09-07 09:16:58,-379463134#2,restaurant,,527.5499142349145,1277.2476095039178,37.503033607059436,127.02664812966836,1522.0,504.0,taxi_respawn_13,picked
dyn_pax_650,1019.0,2026-09-07 09:16:59,417933646#0,restaurant,,894.2617302193242,410.3206078764906,37.49529326349135,127.03099977850056,,,,timeout
dyn_pax_651,1020.0,2026-09-07 09:17:00,-542367267#1,bus_stop,,247.51018316686128,1414.7184918773391,37.504219024473855,127.02344900430944,1097.0,77.0,taxi_respawn_12,picked
dyn_pax_652,1020.0,2026-09-07 09:17:00,-504227066#3,restaurant,,449.3214735737982,636.1754008755333,37.497243849267164,127.02591568328045,,,,timeout
dyn_pax_653,1022.0,2026-09-07 09:17:02,218864491#0,restaurant|bus_stop,,769.9803916976219,760.1217113917903,37.49842094941813,127.02951181742357,,,,timeout
dyn_pax_654,1023.0,2026-09-07 09:17:03,494824662#3,company|restaurant|subway_entrance,,729.424850252167,406.6843378518681,37.49522941823122,127.02913698209235,,,,timeout
dyn_pax_655,1025.0,2026-09-07 09:17:05,1376141183#0,bus_stop,,548.2528111146681,901.2117688498424,37.49965007283687,127.02697139402301,,,,timeout
dyn_pax_656,1026.0,2026-09-07 09:17:06,521766175#1,company|restaurant|subway_entrance,,332.9365590021661,1411.5585828157227,37.504206724109,127.02441570308932,,,,timeout
dyn_pax_657,1028.0,2026-09-07 09:17:08,521766175#3,company|restaurant|subway_entrance|bus_stop,,373.6701172395771,1298.610217621072,37.50319695740621,127.02490310718325,,,,timeout
dyn_pax_658,1028.0,2026-09-07 09:17:08,129731859#1,restaurant,,770.318180095484,905.1374216517651,37.499727361620906,127.02948129560598,,,,timeout
dyn_pax_659,1031.0,2026-09-07 09:17:11,218873820#0,restaurant|subway_entrance|bus_stop,,628.9829311132032,562.4061665928522,37.49661325243901,127.02796447999128,,,,timeout
dyn_pax_660,1032.0,2026-09-07 09:17:12,218864491#0,restaurant|bus_stop,,769.9803916976219,760.1217113917903,37.49842094941813,127.02951181742357,,,,timeout
dyn_pax_661,1034.0,2026-09-07 09:17:14,218864491#0,restaurant|bus_stop,,769.9803916976219,760.1217113917903,37.49842094941813,127.02951181742357,,,,timeout
dyn_pax_662,1039.0,2026-09-07 09:17:19,494824662#3,company|restaurant|subway_entrance,,729.424850252167,406.6843378518681,37.49522941823122,127.02913698209235,,,,timeout
dyn_pax_663,1040.0,2026-09-07 09:17:20,-506191135#22,residential|company|restaurant|bus_stop,,38.693950105848444,1321.9513167019495,37.50334380565249,127.02110990869835,1325.0,285.0,taxi_respawn_32,picked
dyn_pax_664,1043.0,2026-09-07 09:17:23,521770116#2,company|restaurant|bus_stop,,432.3182248087171,1108.514093563608,37.50149560521279,127.02561136613096,1217.0,174.0,taxi_30,picked
dyn_pax_665,1045.0,2026-09-07 09:17:25,521766175#1,company|restaurant|subway_entrance,,332.9365590021661,1411.5585828157227,37.504206724109,127.02441570308932,,,,timeout
dyn_pax_666,1046.0,2026-09-07 09:17:26,1229817205#1,residential|bus_stop,,631.6400080768872,572.7061575261558,37.49670653972221,127.02799208080955,1180.0,134.0,taxi_31,picked
dyn_pax_667,1046.0,2026-09-07 09:17:26,521770119#0,restaurant|bus_stop,,548.9831206778387,935.1148840516827,37.499955620541705,127.02697161236954,1233.0,187.0,taxi_respawn_8,picked
dyn_pax_668,1047.0,2026-09-07 09:17:27,-256787796#1,restaurant,,578.741609978934,1014.5790766049616,37.500677080058935,127.02728924469663,1543.0,496.0,taxi_43,picked
dyn_pax_669,1049.0,2026-09-07 09:17:29,1117538957#3,restaurant|subway_entrance|bus_stop,,465.5082521847807,644.8780924026132,37.49732530507706,127.02609663221197,1554.0,505.0,taxi_respawn_16,picked
dyn_pax_670,1050.0,2026-09-07 09:17:30,-309155295#4,residential|restaurant,,966.4689567179357,639.4784987131154,37.49737120494098,127.0317619612052,,,,timeout
dyn_pax_671,1051.0,2026-09-07 09:17:31,417750337#2,restaurant,,602.0112566641748,1239.22102407953,37.50270511928559,127.02749909599581,1184.0,133.0,taxi_17,picked
dyn_pax_672,1054.0,2026-09-07 09:17:34,521770119#1,restaurant|bus_stop,,527.3115514435282,995.8620162900467,37.50049875494786,127.02671217090477,,,,timeout
dyn_pax_673,1055.0,2026-09-07 09:17:35,521766175#3,company|restaurant|subway_entrance|bus_stop,,373.6701172395771,1298.610217621072,37.50319695740621,127.02490310718325,,,,timeout
dyn_pax_674,1057.0,2026-09-07 09:17:37,218873820#0,restaurant|subway_entrance|bus_stop,,628.9829311132032,562.4061665928522,37.49661325243901,127.02796447999128,,,,timeout
dyn_pax_675,1063.0,2026-09-07 09:17:43,1117538957#3,restaurant|subway_entrance|bus_stop,,465.5082521847807,644.8780924026132,37.49732530507706,127.02609663221197,,,,timeout
dyn_pax_676,1065.0,2026-09-07 09:17:45,521766180#1,company|restaurant|bus_stop,,466.73410130235357,1169.2838037446552,37.502049542882666,127.02598608796039,1307.0,242.0,taxi_28,picked
dyn_pax_677,1068.0,2026-09-07 09:17:48,480850873,company|restaurant|bus_stop,,548.1935052770749,708.5896639848544,37.49791486187585,127.0270163956136,,,,timeout
dyn_pax_678,1070.0,2026-09-07 09:17:50,504227067#4,residential|restaurant,,502.84500120553366,479.2066548114549,37.49583994070096,127.02655806263846,1175.0,105.0,taxi_9,picked
dyn_pax_679,1072.0,2026-09-07 09:17:52,375049565#6,restaurant|subway_entrance|bus_stop,,789.5153251748014,798.8522330112556,37.49877353199428,127.02972351946808,,,,timeout
dyn_pax_680,1074.0,2026-09-07 09:17:54,218873820#0,restaurant|subway_entrance|bus_stop,,628.9829311132032,562.4061665928522,37.49661325243901,127.02796447999128,,,,timeout
dyn_pax_681,1075.0,2026-09-07 09:17:55,218864491#0,restaurant|bus_stop,,769.9803916976219,760.1217113917903,37.49842094941813,127.02951181742357,,,,timeout
dyn_pax_682,1076.0,2026-09-07 09:17:56,1117538958#2,company,,104.12900552775619,520.131995808405,37.496133188537314,127.02204040818502,1317.0,241.0,taxi_26,picked
dyn_pax_683,1078.0,2026-09-07 09:17:58,375049565#6,restaurant|subway_entrance|bus_stop,,789.5153251748014,798.8522330112556,37.49877353199428,127.02972351946808,,,,timeout
dyn_pax_684,1082.0,2026-09-07 09:18:02,218873820#0,restaurant|subway_entrance|bus_stop,,628.9829311132032,562.4061665928522,37.49661325243901,127.02796447999128,,,,timeout
dyn_pax_685,1083.0,2026-09-07 09:18:03,-542367267#1,bus_stop,,247.51018316686128,1414.7184918773391,37.504219024473855,127.02344900430944,1280.0,197.0,taxi_6,picked
dyn_pax_686,1084.0,2026-09-07 09:18:04,521766175#1,company|restaurant|subway_entrance,,332.9365590021661,1411.5585828157227,37.504206724109,127.02441570308932,,,,timeout
dyn_pax_687,1084.0,2026-09-07 09:18:04,129731720#0,residential|company|restaurant,,292.10678712231254,1113.150773394943,37.50151085547559,127.02402489828896,1247.0,163.0,taxi_29,picked
dyn_pax_688,1086.0,2026-09-07 09:18:06,521770119#0,restaurant|bus_stop,,548.9831206778387,935.1148840516827,37.499955620541705,127.02697161236954,1503.0,417.0,taxi_29,picked
dyn_pax_689,1088.0,2026-09-07 09:18:08,520307304#0,school|subway_entrance|bus_stop,,602.6035134310263,763.145495629718,37.498416594724866,127.02761864854104,,,,timeout
dyn_pax_690,1091.0,2026-09-07 09:18:11,375049565#6,restaurant|subway_entrance|bus_stop,,789.5153251748014,798.8522330112556,37.49877353199428,127.02972351946808,,,,timeout
dyn_pax_691,1091.0,2026-09-07 09:18:11,-557469300#1,restaurant,,739.5265057687212,1049.0561556697721,37.5010180173999,127.02909905278416,1594.0,503.0,taxi_31,picked
dyn_pax_692,1092.0,2026-09-07 09:18:12,506191135#3,residential|company|restaurant|bus_stop,,238.79972345576414,789.4714057742513,37.49858497042428,127.023499044737,1223.0,131.0,taxi_respawn_30,picked
dyn_pax_693,1094.0,2026-09-07 09:18:14,178441450#1,residential|company|restaurant|bus_stop,,282.90243066757296,609.4157395563556,37.496971320837204,127.02404044855805,1225.0,131.0,taxi_49,picked
dyn_pax_694,1094.0,2026-09-07 09:18:14,-417933642#4,restaurant,,907.3718228697127,805.8014682006251,37.49885835910486,127.03105443169989,1267.0,173.0,taxi_respawn_34,picked
dyn_pax_695,1094.0,2026-09-07 09:18:14,117823785#0,company|restaurant,,1360.8740206736493,851.0492627492013,37.499351351792384,127.0361713398344,,,,timeout
dyn_pax_696,1095.0,2026-09-07 09:18:15,218873820#0,restaurant|subway_entrance|bus_stop,,628.9829311132032,562.4061665928522,37.49661325243901,127.02796447999128,,,,timeout
dyn_pax_697,1096.0,2026-09-07 09:18:16,1117538958#2,company,,104.12900552775619,520.131995808405,37.496133188537314,127.02204040818502,1324.0,228.0,taxi_47,picked
dyn_pax_698,1097.0,2026-09-07 09:18:17,-506191135#22,residential|company|restaurant|bus_stop,,38.693950105848444,1321.9513167019495,37.50334380565249,127.02110990869835,1527.0,430.0,taxi_0,picked
dyn_pax_699,1098.0,2026-09-07 09:18:18,1229817205#1,residential|bus_stop,,631.6400080768872,572.7061575261558,37.49670653972221,127.02799208080955,1590.0,492.0,taxi_7,picked
dyn_pax_700,1098.0,2026-09-07 09:18:18,-309155295#1,residential|restaurant,,820.2174803017108,588.0239695218922,37.496880113093034,127.03012056506905,1143.0,45.0,taxi_respawn_22,picked
dyn_pax_701,1099.0,2026-09-07 09:18:19,309155295#3,restaurant,,868.2249250208004,595.011595969151,37.496952113096654,127.03066169877924,1153.0,54.0,taxi_45,picked
dyn_pax_702,1100.0,2026-09-07 09:18:20,521766175#3,company|restaurant|subway_entrance|bus_stop,,373.6701172395771,1298.610217621072,37.50319695740621,127.02490310718325,,,,timeout
dyn_pax_703,1101.0,2026-09-07 09:18:21,-417933645#2,company|restaurant|subway_entrance,,701.1658676593129,719.5455833044954,37.49804244093877,127.02874337560036,,,,timeout
dyn_pax_704,1101.0,2026-09-07 09:18:21,218857636#1,residential|company|restaurant|bus_stop,,297.92905089287035,623.2061345250047,37.49709839153085,127.02420706961871,1315.0,214.0,taxi_respawn_9,picked
dyn_pax_705,1109.0,2026-09-07 09:18:29,218873820#0,restaurant|subway_entrance|bus_stop,,628.9829311132032,562.4061665928522,37.49661325243901,127.02796447999128,,,,timeout
dyn_pax_706,1111.0,2026-09-07 09:18:31,375049565#6,restaurant|subway_entrance|bus_stop,,789.5153251748014,798.8522330112556,37.49877353199428,127.02972351946808,1617.0,506.0,taxi_30,picked
dyn_pax_707,1112.0,2026-09-07 09:18:32,521766175#3,company|restaurant|subway_entrance|bus_stop,,373.6701172395771,1298.610217621072,37.50319695740621,127.02490310718325,,,,timeout
dyn_pax_708,1114.0,2026-09-07 09:18:34,417731530,company|restaurant,,191.66975375905443,1429.5779711342507,37.5043423120142,127.02281406437154,1384.0,270.0,taxi_respawn_7,picked
dyn_pax_709,1115.0,2026-09-07 09:18:35,1229817205#1,residential|bus_stop,,631.6400080768872,572.7061575261558,37.49670653972221,127.02799208080955,1619.0,504.0,taxi_5,picked
dyn_pax_710,1116.0,2026-09-07 09:18:36,-542367267#1,bus_stop,,247.51018316686128,1414.7184918773391,37.504219024473855,127.02344900430944,1454.0,338.0,taxi_respawn_27,picked
dyn_pax_711,1117.0,2026-09-07 09:18:37,129731859#6,restaurant,,984.8051641629477,982.1134039896856,37.50046123095764,127.0318882391282,1531.0,414.0,taxi_respawn_36,picked
dyn_pax_712,1118.0,2026-09-07 09:18:38,305539406,company|restaurant|subway_entrance,,566.389495917364,736.5285064605782,37.49816998085155,127.02721550408178,,,,timeout
dyn_pax_713,1120.0,2026-09-07 09:18:40,523141074#0,company|restaurant|subway_entrance,,524.0338794858329,871.4890157117229,37.4993777454413,127.02670460634431,1403.0,283.0,taxi_21,picked
dyn_pax_714,1120.0,2026-09-07 09:18:40,-417750354#1,restaurant,,946.150029211292,974.2465578508335,37.500383078435064,127.03145303198383,1202.0,82.0,taxi_respawn_15,picked
dyn_pax_715,1121.0,2026-09-07 09:18:41,1117538958#3,bus_stop,,160.18899290588462,540.6019911995099,37.49632820280781,127.02266936696756,1193.0,72.0,taxi_48,picked
dyn_pax_716,1124.0,2026-09-07 09:18:44,480850873,company|restaurant|bus_stop,,548.1935052770749,708.5896639848544,37.49791486187585,127.0270163956136,,,,timeout
dyn_pax_717,1126.0,2026-09-07 09:18:46,521770119#1,restaurant|bus_stop,,527.3115514435282,995.8620162900467,37.50049875494786,127.02671217090477,,,,timeout
dyn_pax_718,1127.0,2026-09-07 09:18:47,-504509918#2,company|restaurant|bus_stop,,398.9694242295193,827.4758220967593,37.49895762305832,127.02530099003066,1167.0,40.0,taxi_25,picked
dyn_pax_719,1128.0,2026-09-07 09:18:48,218857636#1,residential|company|restaurant|bus_stop,,297.92905089287035,623.2061345250047,37.49709839153085,127.02420706961871,1368.0,240.0,taxi_16,picked
dyn_pax_720,1128.0,2026-09-07 09:18:48,-542367267#1,bus_stop,,247.51018316686128,1414.7184918773391,37.504219024473855,127.02344900430944,1537.0,409.0,taxi_33,picked
dyn_pax_721,1129.0,2026-09-07 09:18:49,375049565#6,restaurant|subway_entrance|bus_stop,,789.5153251748014,798.8522330112556,37.49877353199428,127.02972351946808,,,,timeout
dyn_pax_722,1131.0,2026-09-07 09:18:51,305539406,company|restaurant|subway_entrance,,566.389495917364,736.5285064605782,37.49816998085155,127.02721550408178,,,,timeout
dyn_pax_723,1131.0,2026-09-07 09:18:51,975332778#1,bus_stop,,681.6099970732737,721.9380561808346,37.49806030190971,127.02852170075586,,,,timeout
dyn_pax_724,1132.0,2026-09-07 09:18:52,1229817205#0,company|subway_entrance|bus_stop,,599.2457558679199,652.2907550986157,37.497417346160496,127.02760695963683,,,,timeout
dyn_pax_725,1133.0,2026-09-07 09:18:53,-117790045#0,restaurant,,544.8147652988505,1238.053441474183,37.50268379633789,127.0268526423962,1288.0,155.0,taxi_17,picked
dyn_pax_726,1134.0,2026-09-07 09:18:54,1229817205#0,company|subway_entrance|bus_stop,,599.2457558679199,652.2907550986157,37.497417346160496,127.02760695963683,,,,timeout
dyn_pax_727,1134.0,2026-09-07 09:18:54,379232155,restaurant,,946.0567570824509,480.05346239194995,37.49593120335224,127.03156888346594,,,,timeout
dyn_pax_728,1134.0,2026-09-07 09:18:54,218857636#1,residential|company|restaurant|bus_stop,,297.92905089287035,623.2061345250047,37.49709839153085,127.02420706961871,1406.0,272.0,taxi_36,picked
dyn_pax_729,1137.0,2026-09-07 09:18:57,1117538957#3,restaurant|subway_entrance|bus_stop,,465.5082521847807,644.8780924026132,37.49732530507706,127.02609663221197,,,,timeout
dyn_pax_730,1137.0,2026-09-07 09:18:57,305539406,company|restaurant|subway_entrance,,566.389495917364,736.5285064605782,37.49816998085155,127.02721550408178,,,,timeout
dyn_pax_731,1138.0,2026-09-07 09:18:58,1229817205#1,residential|bus_stop,,631.6400080768872,572.7061575261558,37.49670653972221,127.02799208080955,,,,timeout
dyn_pax_732,1141.0,2026-09-07 09:19:01,218857636#1,residential|company|restaurant|bus_stop,,297.92905089287035,623.2061345250047,37.49709839153085,127.02420706961871,1384.0,243.0,taxi_respawn_16,picked
dyn_pax_733,1141.0,2026-09-07 09:19:01,1376141183#0,bus_stop,,548.2528111146681,901.2117688498424,37.49965007283687,127.02697139402301,,,,timeout
dyn_pax_734,1143.0,2026-09-07 09:19:03,521766175#3,company|restaurant|subway_entrance|bus_stop,,373.6701172395771,1298.610217621072,37.50319695740621,127.02490310718325,,,,timeout
dyn_pax_735,1144.0,2026-09-07 09:19:04,-541692164#2,subway_entrance,,317.7122087179151,1441.0296574375257,37.504469327730426,127.0242365566347,,,,timeout
dyn_pax_736,1147.0,2026-09-07 09:19:07,218873820#0,restaurant|subway_entrance|bus_stop,,628.9829311132032,562.4061665928522,37.49661325243901,127.02796447999128,,,,timeout
dyn_pax_737,1148.0,2026-09-07 09:19:08,1117538957#3,restaurant|subway_entrance|bus_stop,,465.5082521847807,644.8780924026132,37.49732530507706,127.02609663221197,,,,timeout
dyn_pax_738,1149.0,2026-09-07 09:19:09,521770119#1,restaurant|bus_stop,,527.3115514435282,995.8620162900467,37.50049875494786,127.02671217090477,,,,timeout
dyn_pax_739,1150.0,2026-09-07 09:19:10,1117538958#2,company,,104.12900552775619,520.131995808405,37.496133188537314,127.02204040818502,1380.0,230.0,taxi_48,picked
dyn_pax_740,1151.0,2026-09-07 09:19:11,521766175#1,company|restaurant|subway_entrance,,332.9365590021661,1411.5585828157227,37.504206724109,127.02441570308932,,,,timeout
dyn_pax_741,1152.0,2026-09-07 09:19:12,521766182#1,company|restaurant|subway_entrance,,681.695169875507,539.6867345716422,37.496418539503196,127.02856584056028,,,,timeout
dyn_pax_742,1153.0,2026-09-07 09:19:13,218877837#2,company|restaurant|bus_stop,,479.4555212141038,978.0213907550284,37.500328997763305,127.02617530290202,1283.0,130.0,taxi_5,picked
dyn_pax_743,1157.0,2026-09-07 09:19:17,521766175#3,company|restaurant|subway_entrance|bus_stop,,373.6701172395771,1298.610217621072,37.50319695740621,127.02490310718325,,,,timeout
dyn_pax_744,1157.0,2026-09-07 09:19:17,417750342#0,residential,,845.3624953099543,1340.16590884019,37.50366039527634,127.03022681464076,1230.0,73.0,taxi_respawn_35,picked
dyn_pax_745,1158.0,2026-09-07 09:19:18,-506191135#22,residential|company|restaurant|bus_stop,,38.693950105848444,1321.9513167019495,37.50334380565249,127.02110990869835,1579.0,421.0,taxi_respawn_20,picked
dyn_pax_746,1160.0,2026-09-07 09:19:20,975332778#1,bus_stop,,681.6099970732737,721.9380561808346,37.49806030190971,127.02852170075586,,,,timeout
dyn_pax_747,1161.0,2026-09-07 09:19:21,1376141182#0,bus_stop,,385.7154046370183,1301.0311255965628,37.50322104370192,127.02503873135461,,,,timeout
dyn_pax_748,1162.0,2026-09-07 09:19:22,-506191135#22,residential|company|restaurant|bus_stop,,38.693950105848444,1321.9513167019495,37.50334380565249,127.02110990869835,,,,timeout
dyn_pax_749,1164.0,2026-09-07 09:19:24,-506191135#2,residential|bus_stop,,236.19733776439384,769.6838415951818,37.49840622577806,127.02347432089968,1384.0,220.0,taxi_respawn_15,picked
dyn_pax_750,1167.0,2026-09-07 09:19:27,506191135#3,residential|company|restaurant|bus_stop,,238.79972345576414,789.4714057742513,37.49858497042428,127.023499044737,1466.0,299.0,taxi_27,picked
dyn_pax_751,1170.0,2026-09-07 09:19:30,494824662#3,company|restaurant|subway_entrance,,729.424850252167,406.6843378518681,37.49522941823122,127.02913698209235,,,,timeout
dyn_pax_752,1172.0,2026-09-07 09:19:32,521770119#0,restaurant|bus_stop,,548.9831206778387,935.1148840516827,37.499955620541705,127.02697161236954,,,,timeout
dyn_pax_753,1172.0,2026-09-07 09:19:32,1117538957#3,restaurant|subway_entrance|bus_stop,,465.5082521847807,644.8780924026132,37.49732530507706,127.02609663221197,,,,timeout
dyn_pax_754,1173.0,2026-09-07 09:19:33,521770116#2,company|restaurant|bus_stop,,432.3182248087171,1108.514093563608,37.50149560521279,127.02561136613096,1267.0,94.0,taxi_33,picked
dyn_pax_755,1173.0,2026-09-07 09:19:33,521766175#1,company|restaurant|subway_entrance,,332.9365590021661,1411.5585828157227,37.504206724109,127.02441570308932,,,,timeout
dyn_pax_756,1175.0,2026-09-07 09:19:35,-506191135#22,residential|company|restaurant|bus_stop,,38.693950105848444,1321.9513167019495,37.50334380565249,127.02110990869835,,,,timeout
dyn_pax_757,1176.0,2026-09-07 09:19:36,218864491#0,restaurant|bus_stop,,769.9803916976219,760.1217113917903,37.49842094941813,127.02951181742357,,,,timeout
dyn_pax_758,1176.0,2026-09-07 09:19:36,-417933645#2,company|restaurant|subway_entrance,,701.1658676593129,719.5455833044954,37.49804244093877,127.02874337560036,,,,timeout
dyn_pax_759,1178.0,2026-09-07 09:19:38,506191135#3,residential|company|restaurant|bus_stop,,238.79972345576414,789.4714057742513,37.49858497042428,127.023499044737,1487.0,309.0,taxi_respawn_35,picked
dyn_pax_760,1178.0,2026-09-07 09:19:38,-417933642#4,restaurant,,907.3718228697127,805.8014682006251,37.49885835910486,127.03105443169989,1480.0,302.0,taxi_respawn_21,picked
dyn_pax_761,1179.0,2026-09-07 09:19:39,309155295#0,company|restaurant,,688.2712938579457,529.5739965525526,37.49632868191341,127.02864258735015,1464.0,285.0,taxi_44,picked
dyn_pax_762,1181.0,2026-09-07 09:19:41,375049565#6,restaurant|subway_entrance|bus_stop,,789.5153251748014,798.8522330112556,37.49877353199428,127.02972351946808,,,,timeout
dyn_pax_763,1182.0,2026-09-07 09:19:42,542367267#1,company|restaurant,,199.26981683313872,1381.121508122661,37.50390724154084,127.02291151664822,1365.0,183.0,taxi_20,picked
dyn_pax_764,1184.0,2026-09-07 09:19:44,218877837#2,company|restaurant|bus_stop,,479.4555212141038,978.0213907550284,37.500328997763305,127.02617530290202,1402.0,218.0,taxi_31,picked
dyn_pax_765,1187.0,2026-09-07 09:19:47,975332778#1,bus_stop,,681.6099970732737,721.9380561808346,37.49806030190971,127.02852170075586,,,,timeout
dyn_pax_766,1188.0,2026-09-07 09:19:48,521766182#1,company|restaurant|subway_entrance,,681.695169875507,539.6867345716422,37.496418539503196,127.02856584056028,,,,timeout
dyn_pax_767,1190.0,2026-09-07 09:19:50,975332778#1,bus_stop,,681.6099970732737,721.9380561808346,37.49806030190971,127.02852170075586,,,,timeout
dyn_pax_768,1195.0,2026-09-07 09:19:55,417933642#2,residential|restaurant,,976.5976168723116,645.9370182109647,37.49743129415275,127.0318749523804,1584.0,389.0,taxi_respawn_29,picked
dyn_pax_769,1195.0,2026-09-07 09:19:55,-504509918#2,company|restaurant|bus_stop,,398.9694242295193,827.4758220967593,37.49895762305832,127.02530099003066,1316.0,121.0,taxi_4,picked
dyn_pax_770,1196.0,2026-09-07 09:19:56,218877837#2,company|restaurant|bus_stop,,479.4555212141038,978.0213907550284,37.500328997763305,127.02617530290202,1458.0,262.0,taxi_49,picked
dyn_pax_771,1197.0,2026-09-07 09:19:57,-523141073,residential|company,,283.47995026542384,1109.9635024546676,37.50148051131825,127.02392811188028,1364.0,167.0,taxi_25,picked
dyn_pax_772,1205.0,2026-09-07 09:20:05,-913950883#1,residential|company|restaurant,,391.36286393582424,840.6655979518604,37.49907500229157,127.0252118555046,1237.0,32.0,taxi_respawn_12,picked
dyn_pax_773,1206.0,2026-09-07 09:20:06,417933642#0,restaurant|bus_stop,,1041.0954363710525,463.30841921497654,37.49579826441859,127.03264736696761,,,,timeout
dyn_pax_774,1207.0,2026-09-07 09:20:07,375049565#6,restaurant|subway_entrance|bus_stop,,789.5153251748014,798.8522330112556,37.49877353199428,127.02972351946808,,,,timeout
dyn_pax_775,1209.0,2026-09-07 09:20:09,-379232155,restaurant,,999.2800162208075,449.1965960198298,37.495663263085994,127.03217793178025,,,,timeout
dyn_pax_776,1210.0,2026-09-07 09:20:10,506191135#3,residential|company|restaurant|bus_stop,,238.79972345576414,789.4714057742513,37.49858497042428,127.023499044737,1495.0,285.0,taxi_respawn_9,picked
dyn_pax_777,1210.0,2026-09-07 09:20:10,129731720#0,residential|company|restaurant,,292.10678712231254,1113.150773394943,37.50151085547559,127.02402489828896,1403.0,193.0,taxi_45,picked
dyn_pax_778,1212.0,2026-09-07 09:20:12,506191135#3,residential|company|restaurant|bus_stop,,238.79972345576414,789.4714057742513,37.49858497042428,127.023499044737,1576.0,364.0,taxi_8,picked
dyn_pax_779,1213.0,2026-09-07 09:20:13,521766180#1,company|restaurant|bus_stop,,466.73410130235357,1169.2838037446552,37.502049542882666,127.02598608796039,1454.0,241.0,taxi_respawn_2,picked
dyn_pax_780,1216.0,2026-09-07 09:20:16,975332778#1,bus_stop,,681.6099970732737,721.9380561808346,37.49806030190971,127.02852170075586,,,,timeout
dyn_pax_781,1216.0,2026-09-07 09:20:16,541692164#1,subway_entrance,,271.6277521231475,1406.6420105391767,37.5041508337347,127.02372362926798,,,,timeout
dyn_pax_782,1217.0,2026-09-07 09:20:17,379232155,restaurant,,946.0567570824509,480.05346239194995,37.49593120335224,127.03156888346594,,,,timeout
dyn_pax_783,1218.0,2026-09-07 09:20:18,541692164#1,subway_entrance,,271.6277521231475,1406.6420105391767,37.5041508337347,127.02372362926798,,,,timeout
dyn_pax_784,1219.0,2026-09-07 09:20:19,1117538957#3,restaurant|subway_entrance|bus_stop,,465.5082521847807,644.8780924026132,37.49732530507706,127.02609663221197,,,,timeout
dyn_pax_785,1219.0,2026-09-07 09:20:19,-309155295#1,residential|restaurant,,820.2174803017108,588.0239695218922,37.496880113093034,127.03012056506905,1257.0,38.0,taxi_respawn_5,picked
dyn_pax_786,1219.0,2026-09-07 09:20:19,309155295#2,restaurant,,836.915506927576,584.1196133409687,37.49684809051661,127.03031028233906,1402.0,183.0,taxi_35,picked
dyn_pax_787,1221.0,2026-09-07 09:20:21,-417750354#0,residential,,923.3498430372201,1041.2071047119894,37.5009819832587,127.03117938951307,1340.0,119.0,taxi_18,picked
dyn_pax_788,1222.0,2026-09-07 09:20:22,523141074#0,company|restaurant|subway_entrance,,524.0338794858329,871.4890157117229,37.4993777454413,127.02670460634431,1494.0,272.0,taxi_7,picked
dyn_pax_789,1224.0,2026-09-07 09:20:24,-541692164#2,subway_entrance,,317.7122087179151,1441.0296574375257,37.504469327730426,127.0242365566347,,,,timeout
dyn_pax_790,1224.0,2026-09-07 09:20:24,417933646#2,residential|restaurant,,830.3119525357222,594.5819430897021,37.496941093289735,127.0302331440542,1528.0,304.0,taxi_28,picked
dyn_pax_791,1226.0,2026-09-07 09:20:26,309155295#2,restaurant,,836.915506927576,584.1196133409687,37.49684809051661,127.03031028233906,,,,timeout
dyn_pax_792,1227.0,2026-09-07 09:20:27,541692164#1,subway_entrance,,271.6277521231475,1406.6420105391767,37.5041508337347,127.02372362926798,,,,timeout
dyn_pax_793,1230.0,2026-09-07 09:20:30,521766175#3,company|restaurant|subway_entrance|bus_stop,,373.6701172395771,1298.610217621072,37.50319695740621,127.02490310718325,,,,timeout
dyn_pax_794,1232.0,2026-09-07 09:20:32,305539406,company|restaurant|subway_entrance,,566.389495917364,736.5285064605782,37.49816998085155,127.02721550408178,,,,timeout
dyn_pax_795,1233.0,2026-09-07 09:20:33,-542367267#1,bus_stop,,247.51018316686128,1414.7184918773391,37.504219024473855,127.02344900430944,1718.0,485.0,taxi_22,picked
dyn_pax_796,1235.0,2026-09-07 09:20:35,-417750336#3,school|company,,868.1859178511071,948.5147012398835,37.50013657861005,127.03057759421064,1385.0,150.0,taxi_respawn_5,picked
dyn_pax_797,1236.0,2026-09-07 09:20:36,-506191135#22,residential|company|restaurant|bus_stop,,38.693950105848444,1321.9513167019495,37.50334380565249,127.02110990869835,,,,timeout
dyn_pax_798,1238.0,2026-09-07 09:20:38,1117538958#3,bus_stop,,160.18899290588462,540.6019911995099,37.49632820280781,127.02266936696756,1275.0,37.0,taxi_respawn_27,picked
dyn_pax_799,1238.0,2026-09-07 09:20:38,309155295#0,company|restaurant,,688.2712938579457,529.5739965525526,37.49632868191341,127.02864258735015,,,,timeout
dyn_pax_800,1239.0,2026-09-07 09:20:39,375049565#6,restaurant|subway_entrance|bus_stop,,789.5153251748014,798.8522330112556,37.49877353199428,127.02972351946808,,,,timeout
dyn_pax_801,1241.0,2026-09-07 09:20:41,975332778#1,bus_stop,,681.6099970732737,721.9380561808346,37.49806030190971,127.02852170075586,,,,timeout
dyn_pax_802,1242.0,2026-09-07 09:20:42,1117538957#3,restaurant|subway_entrance|bus_stop,,465.5082521847807,644.8780924026132,37.49732530507706,127.02609663221197,,,,timeout
dyn_pax_803,1244.0,2026-09-07 09:20:44,218873820#0,restaurant|subway_entrance|bus_stop,,628.9829311132032,562.4061665928522,37.49661325243901,127.02796447999128,,,,timeout
dyn_pax_804,1245.0,2026-09-07 09:20:45,1229817205#1,residential|bus_stop,,631.6400080768872,572.7061575261558,37.49670653972221,127.02799208080955,,,,timeout
dyn_pax_805,1245.0,2026-09-07 09:20:45,523141074#0,company|restaurant|subway_entrance,,524.0338794858329,871.4890157117229,37.4993777454413,127.02670460634431,1537.0,292.0,taxi_respawn_3,picked
dyn_pax_806,1249.0,2026-09-07 09:20:49,-417750354#1,restaurant,,946.150029211292,974.2465578508335,37.500383078435064,127.03145303198383,1650.0,401.0,taxi_respawn_8,picked
dyn_pax_807,1250.0,2026-09-07 09:20:50,480850873,company|restaurant|bus_stop,,548.1935052770749,708.5896639848544,37.49791486187585,127.0270163956136,,,,timeout
dyn_pax_808,1252.0,2026-09-07 09:20:52,1117538957#3,restaurant|subway_entrance|bus_stop,,465.5082521847807,644.8780924026132,37.49732530507706,127.02609663221197,,,,timeout
dyn_pax_809,1253.0,2026-09-07 09:20:53,218873820#0,restaurant|subway_entrance|bus_stop,,628.9829311132032,562.4061665928522,37.49661325243901,127.02796447999128,,,,timeout
dyn_pax_810,1255.0,2026-09-07 09:20:55,-506191135#22,residential|company|restaurant|bus_stop,,38.693950105848444,1321.9513167019495,37.50334380565249,127.02110990869835,,,,timeout
dyn_pax_811,1259.0,2026-09-07 09:20:59,218873820#0,restaurant|subway_entrance|bus_stop,,628.9829311132032,562.4061665928522,37.49661325243901,127.02796447999128,,,,timeout
dyn_pax_812,1261.0,2026-09-07 09:21:01,375049565#6,restaurant|subway_entrance|bus_stop,,789.5153251748014,798.8522330112556,37.49877353199428,127.02972351946808,,,,timeout
dyn_pax_813,1262.0,2026-09-07 09:21:02,521770119#0,restaurant|bus_stop,,548.9831206778387,935.1148840516827,37.499955620541705,127.02697161236954,,,,timeout
dyn_pax_814,1264.0,2026-09-07 09:21:04,-506191135#2,residential|bus_stop,,236.19733776439384,769.6838415951818,37.49840622577806,127.02347432089968,1442.0,178.0,taxi_5,picked
dyn_pax_815,1265.0,2026-09-07 09:21:05,480850873,company|restaurant|bus_stop,,548.1935052770749,708.5896639848544,37.49791486187585,127.0270163956136,,,,timeout
dyn_pax_816,1266.0,2026-09-07 09:21:06,521766175#1,company|restaurant|subway_entrance,,332.9365590021661,1411.5585828157227,37.504206724109,127.02441570308932,,,,timeout
dyn_pax_817,1268.0,2026-09-07 09:21:08,1229817205#1,residential|bus_stop,,631.6400080768872,572.7061575261558,37.49670653972221,127.02799208080955,,,,timeout
dyn_pax_818,1268.0,2026-09-07 09:21:08,521770119#1,restaurant|bus_stop,,527.3115514435282,995.8620162900467,37.50049875494786,127.02671217090477,,,,timeout
dyn_pax_819,1270.0,2026-09-07 09:21:10,218864491#0,restaurant|bus_stop,,769.9803916976219,760.1217113917903,37.49842094941813,127.02951181742357,,,,timeout
dyn_pax_820,1270.0,2026-09-07 09:21:10,504227069,residential|restaurant,,587.1158993285404,291.7776336445087,37.494167438547194,127.02755526357365,,,,timeout
dyn_pax_821,1271.0,2026-09-07 09:21:11,1376141182#0,bus_stop,,385.7154046370183,1301.0311255965628,37.50322104370192,127.02503873135461,,,,timeout
dyn_pax_822,1273.0,2026-09-07 09:21:13,-417933645#2,company|restaurant|subway_entrance,,701.1658676593129,719.5455833044954,37.49804244093877,127.02874337560036,,,,timeout
dyn_pax_823,1276.0,2026-09-07 09:21:16,1229817205#0,company|subway_entrance|bus_stop,,599.2457558679199,652.2907550986157,37.497417346160496,127.02760695963683,,,,timeout
dyn_pax_824,1276.0,2026-09-07 09:21:16,379463134#3,restaurant,,544.2510512741843,1273.4484249309019,37.503002538586315,127.0268378740983,1510.0,234.0,taxi_18,picked
dyn_pax_825,1278.0,2026-09-07 09:21:18,975332778#1,bus_stop,,681.6099970732737,721.9380561808346,37.49806030190971,127.02852170075586,,,,timeout
dyn_pax_826,1279.0,2026-09-07 09:21:19,-541692164#2,subway_entrance,,317.7122087179151,1441.0296574375257,37.504469327730426,127.0242365566347,,,,timeout
dyn_pax_827,1280.0,2026-09-07 09:21:20,117790051#4,restaurant,,495.1920534812603,1378.4842065286966,37.50393946166789,127.02625823552458,1542.0,262.0,taxi_respawn_5,picked
dyn_pax_828,1280.0,2026-09-07 09:21:20,117790039#3,restaurant,,1021.8645860465238,1004.4924062015546,37.500669811640854,127.03230197280303,1500.0,220.0,taxi_respawn_31,picked
dyn_pax_829,1281.0,2026-09-07 09:21:21,305539406,company|restaurant|subway_entrance,,566.389495917364,736.5285064605782,37.49816998085155,127.02721550408178,,,,timeout
dyn_pax_830,1282.0,2026-09-07 09:21:22,-506191135#2,residential|bus_stop,,236.19733776439384,769.6838415951818,37.49840622577806,127.02347432089968,1528.0,246.0,taxi_respawn_1,picked
dyn_pax_831,1284.0,2026-09-07 09:21:24,1376141183#0,bus_stop,,548.2528111146681,901.2117688498424,37.49965007283687,127.02697139402301,,,,timeout
dyn_pax_832,1285.0,2026-09-07 09:21:25,1117538957#3,restaurant|subway_entrance|bus_stop,,465.5082521847807,644.8780924026132,37.49732530507706,127.02609663221197,,,,timeout
dyn_pax_833,1288.0,2026-09-07 09:21:28,417750337#2,restaurant,,602.0112566641748,1239.22102407953,37.50270511928559,127.02749909599581,1375.0,87.0,taxi_respawn_17,picked
dyn_pax_834,1292.0,2026-09-07 09:21:32,-379232161#3,restaurant,,957.578372934647,431.27964063812743,37.495494003443426,127.03171068469486,,,,timeout
dyn_pax_835,1293.0,2026-09-07 09:21:33,218873820#0,restaurant|subway_entrance|bus_stop,,628.9829311132032,562.4061665928522,37.49661325243901,127.02796447999128,,,,timeout
dyn_pax_836,1294.0,2026-09-07 09:21:34,975332778#1,bus_stop,,681.6099970732737,721.9380561808346,37.49806030190971,127.02852170075586,,,,timeout
dyn_pax_837,1294.0,2026-09-07 09:21:34,-506191135#2,residential|bus_stop,,236.19733776439384,769.6838415951818,37.49840622577806,127.02347432089968,1564.0,270.0,taxi_39,picked
dyn_pax_838,1297.0,2026-09-07 09:21:37,-506191135#22,residential|company|restaurant|bus_stop,,38.693950105848444,1321.9513167019495,37.50334380565249,127.02110990869835,,,,timeout
dyn_pax_839,1299.0,2026-09-07 09:21:39,480850873,company|restaurant|bus_stop,,548.1935052770749,708.5896639848544,37.49791486187585,127.0270163956136,,,,timeout
dyn_pax_840,1301.0,2026-09-07 09:21:41,521766175#1,company|restaurant|subway_entrance,,332.9365590021661,1411.5585828157227,37.504206724109,127.02441570308932,,,,timeout
dyn_pax_841,1302.0,2026-09-07 09:21:42,-417750337#0,restaurant,,672.8749254632385,1321.3640627464144,37.50345847130562,127.02828089713113,1361.0,59.0,taxi_39,picked
dyn_pax_842,1304.0,2026-09-07 09:21:44,520307304#0,school|subway_entrance|bus_stop,,602.6035134310263,763.145495629718,37.498416594724866,127.02761864854104,,,,timeout
dyn_pax_843,1307.0,2026-09-07 09:21:47,-309155295#0,restaurant,,747.4684617800942,561.8059110120743,37.49663020867341,127.0293042509181,1325.0,18.0,taxi_respawn_13,picked
dyn_pax_844,1309.0,2026-09-07 09:21:49,417750337#3,restaurant,,561.9223834850405,1183.7905002369655,37.50219821136863,127.02705894855978,,,,unpicked
dyn_pax_845,1310.0,2026-09-07 09:21:50,521770119#0,restaurant|bus_stop,,548.9831206778387,935.1148840516827,37.499955620541705,127.02697161236954,,,,timeout
dyn_pax_846,1310.0,2026-09-07 09:21:50,129731858#2,restaurant,,783.9672744139122,855.548332172334,37.49928322221005,127.02964736483162,,,,timeout
dyn_pax_847,1310.0,2026-09-07 09:21:50,-256787796#7,restaurant,,650.4923169509016,809.9698095387197,37.49884744554127,127.02814900895488,,,,timeout
dyn_pax_848,1311.0,2026-09-07 09:21:51,218864491#0,restaurant|bus_stop,,769.9803916976219,760.1217113917903,37.49842094941813,127.02951181742357,,,,timeout
dyn_pax_849,1313.0,2026-09-07 09:21:53,-542367267#1,bus_stop,,247.51018316686128,1414.7184918773391,37.504219024473855,127.02344900430944,1734.0,421.0,taxi_respawn_22,picked
dyn_pax_850,1316.0,2026-09-07 09:21:56,-506191135#22,residential|company|restaurant|bus_stop,,38.693950105848444,1321.9513167019495,37.50334380565249,127.02110990869835,,,,timeout
dyn_pax_851,1317.0,2026-09-07 09:21:57,521766180#1,company|restaurant|bus_stop,,466.73410130235357,1169.2838037446552,37.502049542882666,127.02598608796039,1838.0,521.0,taxi_46,picked
dyn_pax_852,1317.0,2026-09-07 09:21:57,-117790031#1,restaurant,,730.7814463439225,1053.3410552584976,37.501054966737435,127.02899915797848,1799.0,482.0,taxi_31,picked
dyn_pax_853,1320.0,2026-09-07 09:22:00,129731852,restaurant,,626.5739131314494,885.3301415107766,37.499521799012015,127.0278607124155,1738.0,418.0,taxi_33,picked
dyn_pax_854,1322.0,2026-09-07 09:22:02,-506191135#2,residential|bus_stop,,236.19733776439384,769.6838415951818,37.49840622577806,127.02347432089968,,,,timeout
dyn_pax_855,1324.0,2026-09-07 09:22:04,805827756#0,restaurant,,725.8600087193602,932.9429066344904,37.49996945301828,127.02897203227693,1345.0,21.0,taxi_38,picked
dyn_pax_856,1326.0,2026-09-07 09:22:06,417750337#2,restaurant,,602.0112566641748,1239.22102407953,37.50270511928559,127.02749909599581,1522.0,196.0,taxi_respawn_11,picked
dyn_pax_857,1327.0,2026-09-07 09:22:07,521770119#0,restaurant|bus_stop,,548.9831206778387,935.1148840516827,37.499955620541705,127.02697161236954,,,,timeout
dyn_pax_858,1330.0,2026-09-07 09:22:10,521770119#0,restaurant|bus_stop,,548.9831206778387,935.1148840516827,37.499955620541705,127.02697161236954,,,,timeout
dyn_pax_859,1331.0,2026-09-07 09:22:11,-541692164#2,subway_entrance,,317.7122087179151,1441.0296574375257,37.504469327730426,127.0242365566347,,,,timeout
dyn_pax_860,1334.0,2026-09-07 09:22:14,375049565#6,restaurant|subway_entrance|bus_stop,,789.5153251748014,798.8522330112556,37.49877353199428,127.02972351946808,,,,timeout
dyn_pax_861,1336.0,2026-09-07 09:22:16,494824662#3,company|restaurant|subway_entrance,,729.424850252167,406.6843378518681,37.49522941823122,127.02913698209235,,,,timeout
dyn_pax_862,1336.0,2026-09-07 09:22:16,-506191135#22,residential|company|restaurant|bus_stop,,38.693950105848444,1321.9513167019495,37.50334380565249,127.02110990869835,,,,timeout
dyn_pax_863,1337.0,2026-09-07 09:22:17,541692164#1,subway_entrance,,271.6277521231475,1406.6420105391767,37.5041508337347,127.02372362926798,,,,timeout
dyn_pax_864,1337.0,2026-09-07 09:22:17,129731720#0,residential|company|restaurant,,292.10678712231254,1113.150773394943,37.50151085547559,127.02402489828896,1721.0,384.0,taxi_respawn_20,picked
dyn_pax_865,1338.0,2026-09-07 09:22:18,-417750337#1,restaurant,,620.0756768942672,1248.4347545200121,37.5027915312318,127.02770116938098,1407.0,69.0,taxi_respawn_23,picked
dyn_pax_866,1340.0,2026-09-07 09:22:20,1229817205#0,company|subway_entrance|bus_stop,,599.2457558679199,652.2907550986157,37.497417346160496,127.02760695963683,,,,timeout
dyn_pax_867,1340.0,2026-09-07 09:22:20,-417933642#4,restaurant,,907.3718228697127,805.8014682006251,37.49885835910486,127.03105443169989,1584.0,244.0,taxi_respawn_15,picked
dyn_pax_868,1342.0,2026-09-07 09:22:22,-542367267#1,bus_stop,,247.51018316686128,1414.7184918773391,37.504219024473855,127.02344900430944,1818.0,476.0,taxi_23,picked
dyn_pax_869,1343.0,2026-09-07 09:22:23,-504509918#2,company|restaurant|bus_stop,,398.9694242295193,827.4758220967593,37.49895762305832,127.02530099003066,1352.0,9.0,taxi_43,picked
dyn_pax_870,1347.0,2026-09-07 09:22:27,-506191135#2,residential|bus_stop,,236.19733776439384,769.6838415951818,37.49840622577806,127.02347432089968,,,,timeout
dyn_pax_871,1348.0,2026-09-07 09:22:28,521770119#0,restaurant|bus_stop,,548.9831206778387,935.1148840516827,37.499955620541705,127.02697161236954,,,,timeout
dyn_pax_872,1349.0,2026-09-07 09:22:29,1376141182#0,bus_stop,,385.7154046370183,1301.0311255965628,37.50322104370192,127.02503873135461,,,,timeout
dyn_pax_873,1350.0,2026-09-07 09:22:30,375049565#6,restaurant|subway_entrance|bus_stop,,789.5153251748014,798.8522330112556,37.49877353199428,127.02972351946808,,,,timeout
dyn_pax_874,1351.0,2026-09-07 09:22:31,218873820#0,restaurant|subway_entrance|bus_stop,,628.9829311132032,562.4061665928522,37.49661325243901,127.02796447999128,,,,timeout
dyn_pax_875,1353.0,2026-09-07 09:22:33,506191135#3,residential|company|restaurant|bus_stop,,238.79972345576414,789.4714057742513,37.49858497042428,127.023499044737,,,,timeout
dyn_pax_876,1354.0,2026-09-07 09:22:34,305539406,company|restaurant|subway_entrance,,566.389495917364,736.5285064605782,37.49816998085155,127.02721550408178,,,,timeout
dyn_pax_877,1355.0,2026-09-07 09:22:35,256787796#6,restaurant,,626.4884087870183,851.7135990963859,37.499218954480725,127.02786771303293,1641.0,286.0,taxi_respawn_10,picked
dyn_pax_878,1356.0,2026-09-07 09:22:36,521766175#3,company|restaurant|subway_entrance|bus_stop,,373.6701172395771,1298.610217621072,37.50319695740621,127.02490310718325,,,,timeout
dyn_pax_879,1357.0,2026-09-07 09:22:37,-542367267#1,bus_stop,,247.51018316686128,1414.7184918773391,37.504219024473855,127.02344900430944,1852.0,495.0,taxi_7,picked
dyn_pax_880,1359.0,2026-09-07 09:22:39,506191135#3,residential|company|restaurant|bus_stop,,238.79972345576414,789.4714057742513,37.49858497042428,127.023499044737,,,,timeout
dyn_pax_881,1360.0,2026-09-07 09:22:40,506191135#3,residential|company|restaurant|bus_stop,,238.79972345576414,789.4714057742513,37.49858497042428,127.023499044737,,,,timeout
dyn_pax_882,1361.0,2026-09-07 09:22:41,417750342#0,residential,,845.3624953099543,1340.16590884019,37.50366039527634,127.03022681464076,1409.0,48.0,taxi_12,picked
dyn_pax_883,1361.0,2026-09-07 09:22:41,117790051#4,restaurant,,495.1920534812603,1378.4842065286966,37.50393946166789,127.02625823552458,1679.0,318.0,taxi_respawn_33,picked
dyn_pax_884,1362.0,2026-09-07 09:22:42,1117538957#3,restaurant|subway_entrance|bus_stop,,465.5082521847807,644.8780924026132,37.49732530507706,127.02609663221197,,,,timeout
dyn_pax_885,1363.0,2026-09-07 09:22:43,521770119#0,restaurant|bus_stop,,548.9831206778387,935.1148840516827,37.499955620541705,127.02697161236954,,,,timeout
dyn_pax_886,1366.0,2026-09-07 09:22:46,218873820#0,restaurant|subway_entrance|bus_stop,,628.9829311132032,562.4061665928522,37.49661325243901,127.02796447999128,,,,timeout
dyn_pax_887,1367.0,2026-09-07 09:22:47,494824662#3,company|restaurant|subway_entrance,,729.424850252167,406.6843378518681,37.49522941823122,127.02913698209235,,,,timeout
dyn_pax_888,1368.0,2026-09-07 09:22:48,-504509918#2,company|restaurant|bus_stop,,398.9694242295193,827.4758220967593,37.49895762305832,127.02530099003066,1583.0,215.0,taxi_2,picked
dyn_pax_889,1369.0,2026-09-07 09:22:49,975332778#1,bus_stop,,681.6099970732737,721.9380561808346,37.49806030190971,127.02852170075586,,,,timeout
dyn_pax_890,1370.0,2026-09-07 09:22:50,-805827765,restaurant,,955.7439147780814,1157.0835718820576,37.50203194319751,127.03151825266303,1396.0,26.0,taxi_11,picked
dyn_pax_891,1371.0,2026-09-07 09:22:51,1229817205#0,company|subway_entrance|bus_stop,,599.2457558679199,652.2907550986157,37.497417346160496,127.02760695963683,,,,timeout
dyn_pax_892,1371.0,2026-09-07 09:22:51,417933646#2,residential|restaurant,,830.3119525357222,594.5819430897021,37.496941093289735,127.0302331440542,1642.0,271.0,taxi_respawn_32,picked
dyn_pax_893,1372.0,2026-09-07 09:22:52,178441450#1,residential|company|restaurant|bus_stop,,282.90243066757296,609.4157395563556,37.496971320837204,127.02404044855805,1452.0,80.0,taxi_3,picked
dyn_pax_894,1373.0,2026-09-07 09:22:53,1229817205#0,company|subway_entrance|bus_stop,,599.2457558679199,652.2907550986157,37.497417346160496,127.02760695963683,,,,timeout
dyn_pax_895,1373.0,2026-09-07 09:22:53,-129731721#2,company|restaurant,,388.6558839574922,820.9778890483499,37.49889713764622,127.02518592115393,1538.0,165.0,taxi_25,picked
dyn_pax_896,1374.0,2026-09-07 09:22:54,494824662#3,company|restaurant|subway_entrance,,729.424850252167,406.6843378518681,37.49522941823122,127.02913698209235,,,,timeout
dyn_pax_897,1374.0,2026-09-07 09:22:54,-309155295#4,residential|restaurant,,966.4689567179357,639.4784987131154,37.49737120494098,127.0317619612052,,,,timeout
dyn_pax_898,1375.0,2026-09-07 09:22:55,805827757#0,restaurant,,762.3138727549854,912.1862152730512,37.49978934916138,127.02938912364917,1667.0,292.0,taxi_respawn_21,picked
dyn_pax_899,1376.0,2026-09-07 09:22:56,-506191135#2,residential|bus_stop,,236.19733776439384,769.6838415951818,37.49840622577806,127.02347432089968,,,,timeout
dyn_pax_900,1376.0,2026-09-07 09:22:56,375049565#6,restaurant|subway_entrance|bus_stop,,789.5153251748014,798.8522330112556,37.49877353199428,127.02972351946808,,,,timeout
dyn_pax_901,1377.0,2026-09-07 09:22:57,218864491#0,restaurant|bus_stop,,769.9803916976219,760.1217113917903,37.49842094941813,127.02951181742357,,,,timeout
dyn_pax_902,1380.0,2026-09-07 09:23:00,506191135#3,residential|company|restaurant|bus_stop,,238.79972345576414,789.4714057742513,37.49858497042428,127.023499044737,,,,timeout
dyn_pax_903,1381.0,2026-09-07 09:23:01,-504227067#3,restaurant,,527.7289520354611,471.5483450335965,37.495775653483,127.02684121970124,1488.0,107.0,taxi_respawn_14,picked
dyn_pax_904,1382.0,2026-09-07 09:23:02,494824662#3,company|restaurant|subway_entrance,,729.424850252167,406.6843378518681,37.49522941823122,127.02913698209235,,,,timeout
dyn_pax_905,1382.0,2026-09-07 09:23:02,26163000#3,restaurant,,602.970622715944,1275.0711016561868,37.50302824900089,127.02750144434575,1485.0,103.0,taxi_respawn_10,picked
dyn_pax_906,1382.0,2026-09-07 09:23:02,1376141183#0,bus_stop,,548.2528111146681,901.2117688498424,37.49965007283687,127.02697139402301,,,,timeout
dyn_pax_907,1383.0,2026-09-07 09:23:03,-541692164#2,subway_entrance,,317.7122087179151,1441.0296574375257,37.504469327730426,127.0242365566347,,,,timeout
dyn_pax_908,1385.0,2026-09-07 09:23:05,417933642#0,restaurant|bus_stop,,1041.0954363710525,463.30841921497654,37.49579826441859,127.03264736696761,,,,timeout
dyn_pax_909,1390.0,2026-09-07 09:23:10,379463130#0,restaurant,,544.1425087303844,1128.5419490598922,37.501697156429024,127.02687101205116,,,,timeout
dyn_pax_910,1391.0,2026-09-07 09:23:11,375049565#6,restaurant|subway_entrance|bus_stop,,789.5153251748014,798.8522330112556,37.49877353199428,127.02972351946808,,,,timeout
dyn_pax_911,1392.0,2026-09-07 09:23:12,-506191135#2,residential|bus_stop,,236.19733776439384,769.6838415951818,37.49840622577806,127.02347432089968,,,,timeout
dyn_pax_912,1394.0,2026-09-07 09:23:14,1117538957#3,restaurant|subway_entrance|bus_stop,,465.5082521847807,644.8780924026132,37.49732530507706,127.02609663221197,,,,timeout
dyn_pax_913,1396.0,2026-09-07 09:23:16,520307304#0,school|subway_entrance|bus_stop,,602.6035134310263,763.145495629718,37.498416594724866,127.02761864854104,,,,timeout
dyn_pax_914,1398.0,2026-09-07 09:23:18,1056882877#3,residential|company|restaurant,,365.79280968467333,433.0557487307964,37.495398294451746,127.02501948586043,1485.0,87.0,taxi_respawn_32,picked
dyn_pax_915,1399.0,2026-09-07 09:23:19,-541692164#2,subway_entrance,,317.7122087179151,1441.0296574375257,37.504469327730426,127.0242365566347,,,,timeout
dyn_pax_916,1400.0,2026-09-07 09:23:20,521766175#3,company|restaurant|subway_entrance|bus_stop,,373.6701172395771,1298.610217621072,37.50319695740621,127.02490310718325,,,,timeout
dyn_pax_917,1403.0,2026-09-07 09:23:23,523141074#0,company|restaurant|subway_entrance,,524.0338794858329,871.4890157117229,37.4993777454413,127.02670460634431,,,,timeout
dyn_pax_918,1405.0,2026-09-07 09:23:25,375049565#6,restaurant|subway_entrance|bus_stop,,789.5153251748014,798.8522330112556,37.49877353199428,127.02972351946808,,,,timeout
dyn_pax_919,1406.0,2026-09-07 09:23:26,-542367267#1,bus_stop,,247.51018316686128,1414.7184918773391,37.504219024473855,127.02344900430944,1858.0,452.0,taxi_35,picked
dyn_pax_920,1409.0,2026-09-07 09:23:29,417933645#2,residential|company|restaurant,,757.7944798520502,568.4010952306102,37.496691568512986,127.02941943794849,1435.0,26.0,taxi_respawn_4,picked
dyn_pax_921,1411.0,2026-09-07 09:23:31,375049565#6,restaurant|subway_entrance|bus_stop,,789.5153251748014,798.8522330112556,37.49877353199428,127.02972351946808,,,,timeout
dyn_pax_922,1412.0,2026-09-07 09:23:32,1117538958#3,bus_stop,,160.18899290588462,540.6019911995099,37.49632820280781,127.02266936696756,1648.0,236.0,taxi_20,picked
dyn_pax_923,1413.0,2026-09-07 09:23:33,990628460#0,restaurant,,624.9193131653682,704.9656163236222,37.49789670602668,127.02788475117727,,,,timeout
dyn_pax_924,1414.0,2026-09-07 09:23:34,520307304#0,school|subway_entrance|bus_stop,,602.6035134310263,763.145495629718,37.498416594724866,127.02761864854104,,,,timeout
dyn_pax_925,1415.0,2026-09-07 09:23:35,-417933646#4,company|restaurant,,761.9867537178288,747.7080569325292,37.49830761500862,127.02942437673002,1744.0,329.0,taxi_41,picked
dyn_pax_926,1420.0,2026-09-07 09:23:40,521766175#1,company|restaurant|subway_entrance,,332.9365590021661,1411.5585828157227,37.504206724109,127.02441570308932,,,,timeout
dyn_pax_927,1422.0,2026-09-07 09:23:42,494824662#3,company|restaurant|subway_entrance,,729.424850252167,406.6843378518681,37.49522941823122,127.02913698209235,,,,timeout
dyn_pax_928,1425.0,2026-09-07 09:23:45,521766175#3,company|restaurant|subway_entrance|bus_stop,,373.6701172395771,1298.610217621072,37.50319695740621,127.02490310718325,,,,timeout
dyn_pax_929,1426.0,2026-09-07 09:23:46,494824662#3,company|restaurant|subway_entrance,,729.424850252167,406.6843378518681,37.49522941823122,127.02913698209235,,,,timeout
dyn_pax_930,1427.0,2026-09-07 09:23:47,-417933646#1,residential|restaurant,,826.6019869456061,577.8075382253838,37.49678928421788,127.03019516859905,1484.0,57.0,taxi_23,picked
dyn_pax_931,1430.0,2026-09-07 09:23:50,1117538957#0,company|restaurant,,312.91680439510856,589.5311930299885,37.49679787270139,127.0243845203811,1508.0,78.0,taxi_respawn_12,picked
dyn_pax_932,1431.0,2026-09-07 09:23:51,521770119#0,restaurant|bus_stop,,548.9831206778387,935.1148840516827,37.499955620541705,127.02697161236954,,,,timeout
dyn_pax_933,1432.0,2026-09-07 09:23:52,1376141183#0,bus_stop,,548.2528111146681,901.2117688498424,37.49965007283687,127.02697139402301,,,,timeout
dyn_pax_934,1434.0,2026-09-07 09:23:54,218873820#0,restaurant|subway_entrance|bus_stop,,628.9829311132032,562.4061665928522,37.49661325243901,127.02796447999128,,,,timeout
dyn_pax_935,1435.0,2026-09-07 09:23:55,-506191135#2,residential|bus_stop,,236.19733776439384,769.6838415951818,37.49840622577806,127.02347432089968,,,,timeout
dyn_pax_936,1437.0,2026-09-07 09:23:57,1229817205#1,residential|bus_stop,,631.6400080768872,572.7061575261558,37.49670653972221,127.02799208080955,,,,timeout
dyn_pax_937,1437.0,2026-09-07 09:23:57,379463134#0,company,,445.604196565268,1237.9330600893716,37.50266396162017,127.02573088108544,1478.0,41.0,taxi_respawn_18,picked
dyn_pax_938,1438.0,2026-09-07 09:23:58,-417933645#2,company|restaurant|subway_entrance,,701.1658676593129,719.5455833044954,37.49804244093877,127.02874337560036,,,,timeout
dyn_pax_939,1439.0,2026-09-07 09:23:59,-129731717#1,residential|company|restaurant,,188.433090102474,1374.3511058470413,37.503844200149025,127.0227905913032,1464.0,25.0,taxi_20,picked
dyn_pax_940,1441.0,2026-09-07 09:24:01,218873820#0,restaurant|subway_entrance|bus_stop,,628.9829311132032,562.4061665928522,37.49661325243901,127.02796447999128,,,,timeout
dyn_pax_941,1445.0,2026-09-07 09:24:05,1117538957#3,restaurant|subway_entrance|bus_stop,,465.5082521847807,644.8780924026132,37.49732530507706,127.02609663221197,,,,timeout
dyn_pax_942,1446.0,2026-09-07 09:24:06,521766175#3,company|restaurant|subway_entrance|bus_stop,,373.6701172395771,1298.610217621072,37.50319695740621,127.02490310718325,,,,timeout
dyn_pax_943,1449.0,2026-09-07 09:24:09,520307304#0,school|subway_entrance|bus_stop,,602.6035134310263,763.145495629718,37.498416594724866,127.02761864854104,,,,timeout
dyn_pax_944,1451.0,2026-09-07 09:24:11,218877837#2,company|restaurant|bus_stop,,479.4555212141038,978.0213907550284,37.500328997763305,127.02617530290202,1549.0,98.0,taxi_respawn_24,picked
dyn_pax_945,1451.0,2026-09-07 09:24:11,218877837#2,company|restaurant|bus_stop,,479.4555212141038,978.0213907550284,37.500328997763305,127.02617530290202,,,,timeout
dyn_pax_946,1452.0,2026-09-07 09:24:12,1229817205#1,residential|bus_stop,,631.6400080768872,572.7061575261558,37.49670653972221,127.02799208080955,,,,timeout
dyn_pax_947,1454.0,2026-09-07 09:24:14,523141074#0,company|restaurant|subway_entrance,,524.0338794858329,871.4890157117229,37.4993777454413,127.02670460634431,,,,timeout
dyn_pax_948,1454.0,2026-09-07 09:24:14,417933642#2,residential|restaurant,,976.5976168723116,645.9370182109647,37.49743129415275,127.0318749523804,1804.0,350.0,taxi_respawn_1,picked
dyn_pax_949,1457.0,2026-09-07 09:24:17,309155295#0,company|restaurant,,688.2712938579457,529.5739965525526,37.49632868191341,127.02864258735015,,,,timeout
dyn_pax_950,1458.0,2026-09-07 09:24:18,541692164#1,subway_entrance,,271.6277521231475,1406.6420105391767,37.5041508337347,127.02372362926798,,,,timeout
dyn_pax_951,1458.0,2026-09-07 09:24:18,480850873,company|restaurant|bus_stop,,548.1935052770749,708.5896639848544,37.49791486187585,127.0270163956136,,,,timeout
dyn_pax_952,1460.0,2026-09-07 09:24:20,1229817205#1,residential|bus_stop,,631.6400080768872,572.7061575261558,37.49670653972221,127.02799208080955,,,,timeout
dyn_pax_953,1461.0,2026-09-07 09:24:21,521766182#1,company|restaurant|subway_entrance,,681.695169875507,539.6867345716422,37.496418539503196,127.02856584056028,,,,timeout
dyn_pax_954,1463.0,2026-09-07 09:24:23,-1056882877#5,company|restaurant,,302.41102899925136,583.0415396467946,37.496737424712585,127.0242672800979,1973.0,510.0,taxi_23,picked
dyn_pax_955,1465.0,2026-09-07 09:24:25,218873820#0,restaurant|subway_entrance|bus_stop,,628.9829311132032,562.4061665928522,37.49661325243901,127.02796447999128,,,,timeout
dyn_pax_956,1466.0,2026-09-07 09:24:26,417750337#3,restaurant,,561.9223834850405,1183.7905002369655,37.50219821136863,127.02705894855978,,,,unpicked
dyn_pax_957,1468.0,2026-09-07 09:24:28,375049565#6,restaurant|subway_entrance|bus_stop,,789.5153251748014,798.8522330112556,37.49877353199428,127.02972351946808,,,,timeout
dyn_pax_958,1470.0,2026-09-07 09:24:30,1117538957#0,company|restaurant,,312.91680439510856,589.5311930299885,37.49679787270139,127.0243845203811,1582.0,112.0,taxi_37,picked
dyn_pax_959,1471.0,2026-09-07 09:24:31,521766180#1,company|restaurant|bus_stop,,466.73410130235357,1169.2838037446552,37.502049542882666,127.02598608796039,,,,timeout
dyn_pax_960,1471.0,2026-09-07 09:24:31,417933646#2,residential|restaurant,,830.3119525357222,594.5819430897021,37.496941093289735,127.0302331440542,,,,timeout
dyn_pax_961,1472.0,2026-09-07 09:24:32,218873820#0,restaurant|subway_entrance|bus_stop,,628.9829311132032,562.4061665928522,37.49661325243901,127.02796447999128,,,,timeout
dyn_pax_962,1472.0,2026-09-07 09:24:32,178441450#1,residential|company|restaurant|bus_stop,,282.90243066757296,609.4157395563556,37.496971320837204,127.02404044855805,,,,timeout
dyn_pax_963,1474.0,2026-09-07 09:24:34,521770119#0,restaurant|bus_stop,,548.9831206778387,935.1148840516827,37.499955620541705,127.02697161236954,,,,timeout
dyn_pax_964,1475.0,2026-09-07 09:24:35,305539406,company|restaurant|subway_entrance,,566.389495917364,736.5285064605782,37.49816998085155,127.02721550408178,,,,timeout
dyn_pax_965,1478.0,2026-09-07 09:24:38,1229817205#1,residential|bus_stop,,631.6400080768872,572.7061575261558,37.49670653972221,127.02799208080955,,,,timeout
dyn_pax_966,1479.0,2026-09-07 09:24:39,523141074#0,company|restaurant|subway_entrance,,524.0338794858329,871.4890157117229,37.4993777454413,127.02670460634431,,,,timeout
dyn_pax_967,1480.0,2026-09-07 09:24:40,-417750337#2,restaurant,,578.5487433358253,1191.18897592047,37.50226799999912,127.02724519016736,1581.0,101.0,taxi_respawn_33,picked
dyn_pax_968,1483.0,2026-09-07 09:24:43,417933645#2,residential|company|restaurant,,757.7944798520502,568.4010952306102,37.496691568512986,127.02941943794849,1548.0,65.0,taxi_6,picked
dyn_pax_969,1484.0,2026-09-07 09:24:44,521766175#3,company|restaurant|subway_entrance|bus_stop,,373.6701172395771,1298.610217621072,37.50319695740621,127.02490310718325,,,,timeout
dyn_pax_970,1484.0,2026-09-07 09:24:44,1117538958#3,bus_stop,,160.18899290588462,540.6019911995099,37.49632820280781,127.02266936696756,1830.0,346.0,taxi_45,picked
dyn_pax_971,1486.0,2026-09-07 09:24:46,521770116#2,company|restaurant|bus_stop,,432.3182248087171,1108.514093563608,37.50149560521279,127.02561136613096,1665.0,179.0,taxi_4,picked
dyn_pax_972,1487.0,2026-09-07 09:24:47,375049565#6,restaurant|subway_entrance|bus_stop,,789.5153251748014,798.8522330112556,37.49877353199428,127.02972351946808,,,,timeout
dyn_pax_973,1487.0,2026-09-07 09:24:47,309155295#0,company|restaurant,,688.2712938579457,529.5739965525526,37.49632868191341,127.02864258735015,,,,timeout
dyn_pax_974,1488.0,2026-09-07 09:24:48,521766180#1,company|restaurant|bus_stop,,466.73410130235357,1169.2838037446552,37.502049542882666,127.02598608796039,,,,timeout
dyn_pax_975,1489.0,2026-09-07 09:24:49,975332778#1,bus_stop,,681.6099970732737,721.9380561808346,37.49806030190971,127.02852170075586,,,,timeout
dyn_pax_976,1489.0,2026-09-07 09:24:49,521766175#3,company|restaurant|subway_entrance|bus_stop,,373.6701172395771,1298.610217621072,37.50319695740621,127.02490310718325,,,,timeout
dyn_pax_977,1489.0,2026-09-07 09:24:49,805827756#0,restaurant,,725.8600087193602,932.9429066344904,37.49996945301828,127.02897203227693,,,,timeout
dyn_pax_978,1491.0,2026-09-07 09:24:51,218877837#2,company|restaurant|bus_stop,,479.4555212141038,978.0213907550284,37.500328997763305,127.02617530290202,,,,timeout
dyn_pax_979,1494.0,2026-09-07 09:24:54,-542367267#1,bus_stop,,247.51018316686128,1414.7184918773391,37.504219024473855,127.02344900430944,1863.0,369.0,taxi_21,picked
dyn_pax_980,1494.0,2026-09-07 09:24:54,-504227066#3,restaurant,,449.3214735737982,636.1754008755333,37.497243849267164,127.02591568328045,1681.0,187.0,taxi_respawn_35,picked
dyn_pax_981,1495.0,2026-09-07 09:24:55,521770116#2,company|restaurant|bus_stop,,432.3182248087171,1108.514093563608,37.50149560521279,127.02561136613096,,,,timeout
dyn_pax_982,1496.0,2026-09-07 09:24:56,1056882877#3,residential|company|restaurant,,365.79280968467333,433.0557487307964,37.495398294451746,127.02501948586043,1575.0,79.0,taxi_41,picked
dyn_pax_983,1497.0,2026-09-07 09:24:57,521766180#1,company|restaurant|bus_stop,,466.73410130235357,1169.2838037446552,37.502049542882666,127.02598608796039,,,,timeout
dyn_pax_984,1498.0,2026-09-07 09:24:58,504227067#4,residential|restaurant,,502.84500120553366,479.2066548114549,37.49583994070096,127.02655806263846,1813.0,315.0,taxi_respawn_5,picked
dyn_pax_985,1500.0,2026-09-07 09:25:00,218857636#1,residential|company|restaurant|bus_stop,,297.92905089287035,623.2061345250047,37.49709839153085,127.02420706961871,,,,timeout
dyn_pax_986,1501.0,2026-09-07 09:25:01,-506191135#22,residential|company|restaurant|bus_stop,,38.693950105848444,1321.9513167019495,37.50334380565249,127.02110990869835,,,,timeout
dyn_pax_987,1506.0,2026-09-07 09:25:06,506191135#3,residential|company|restaurant|bus_stop,,238.79972345576414,789.4714057742513,37.49858497042428,127.023499044737,,,,timeout
dyn_pax_988,1507.0,2026-09-07 09:25:07,417933642#0,restaurant|bus_stop,,1041.0954363710525,463.30841921497654,37.49579826441859,127.03264736696761,,,,timeout
dyn_pax_989,1509.0,2026-09-07 09:25:09,1376141183#0,bus_stop,,548.2528111146681,901.2117688498424,37.49965007283687,127.02697139402301,,,,timeout
dyn_pax_990,1512.0,2026-09-07 09:25:12,379463134#2,restaurant,,492.9894267673794,1254.822149661426,37.50282506050825,127.0262626667944,1601.0,89.0,taxi_respawn_7,picked
dyn_pax_991,1515.0,2026-09-07 09:25:15,521770119#1,restaurant|bus_stop,,527.3115514435282,995.8620162900467,37.50049875494786,127.02671217090477,,,,timeout
dyn_pax_992,1517.0,2026-09-07 09:25:17,520307304#0,school|subway_entrance|bus_stop,,602.6035134310263,763.145495629718,37.498416594724866,127.02761864854104,,,,timeout
dyn_pax_993,1517.0,2026-09-07 09:25:17,-417750337#4,restaurant,,542.6552277079157,1139.0745154802132,37.5017917560025,127.02685169754334,1746.0,229.0,taxi_respawn_34,picked
dyn_pax_994,1518.0,2026-09-07 09:25:18,1117538957#3,restaurant|subway_entrance|bus_stop,,465.5082521847807,644.8780924026132,37.49732530507706,127.02609663221197,,,,timeout
dyn_pax_995,1519.0,2026-09-07 09:25:19,-417933645#2,company|restaurant|subway_entrance,,701.1658676593129,719.5455833044954,37.49804244093877,127.02874337560036,,,,timeout
dyn_pax_996,1520.0,2026-09-07 09:25:20,-506191135#2,residential|bus_stop,,236.19733776439384,769.6838415951818,37.49840622577806,127.02347432089968,,,,timeout
dyn_pax_997,1521.0,2026-09-07 09:25:21,1376141183#0,bus_stop,,548.2528111146681,901.2117688498424,37.49965007283687,127.02697139402301,,,,timeout
dyn_pax_998,1523.0,2026-09-07 09:25:23,-239954462#0,company,,177.59108854633376,1424.6091910087337,37.50429488616932,127.02265605240045,1539.0,16.0,taxi_respawn_22,picked
dyn_pax_999,1524.0,2026-09-07 09:25:24,-541692164#2,subway_entrance,,317.7122087179151,1441.0296574375257,37.504469327730426,127.0242365566347,,,,timeout
dyn_pax_1000,1525.0,2026-09-07 09:25:25,-129731717#1,residential|company|restaurant,,188.433090102474,1374.3511058470413,37.503844200149025,127.0227905913032,1620.0,95.0,taxi_38,picked
dyn_pax_1001,1529.0,2026-09-07 09:25:29,1229817205#0,company|subway_entrance|bus_stop,,599.2457558679199,652.2907550986157,37.497417346160496,127.02760695963683,,,,timeout
dyn_pax_1002,1530.0,2026-09-07 09:25:30,521766175#3,company|restaurant|subway_entrance|bus_stop,,373.6701172395771,1298.610217621072,37.50319695740621,127.02490310718325,1808.0,278.0,taxi_12,picked
dyn_pax_1003,1532.0,2026-09-07 09:25:32,521766175#3,company|restaurant|subway_entrance|bus_stop,,373.6701172395771,1298.610217621072,37.50319695740621,127.02490310718325,1822.0,290.0,taxi_respawn_29,picked
dyn_pax_1004,1532.0,2026-09-07 09:25:32,504227069,residential|restaurant,,587.1158993285404,291.7776336445087,37.494167438547194,127.02755526357365,,,,timeout
dyn_pax_1005,1534.0,2026-09-07 09:25:34,-129731852,restaurant,,721.4959946165901,929.589824990092,37.499938423771525,127.02892348366522,1681.0,147.0,taxi_18,picked
dyn_pax_1006,1535.0,2026-09-07 09:25:35,975332778#1,bus_stop,,681.6099970732737,721.9380561808346,37.49806030190971,127.02852170075586,1568.0,33.0,taxi_21,picked
dyn_pax_1007,1536.0,2026-09-07 09:25:36,520307304#0,school|subway_entrance|bus_stop,,602.6035134310263,763.145495629718,37.498416594724866,127.02761864854104,,,,timeout
dyn_pax_1008,1539.0,2026-09-07 09:25:39,-117790045#0,restaurant,,544.8147652988505,1238.053441474183,37.50268379633789,127.0268526423962,1714.0,175.0,taxi_respawn_4,picked
dyn_pax_1009,1540.0,2026-09-07 09:25:40,975332778#1,bus_stop,,681.6099970732737,721.9380561808346,37.49806030190971,127.02852170075586,1734.0,194.0,taxi_43,picked
dyn_pax_1010,1541.0,2026-09-07 09:25:41,218864491#0,restaurant|bus_stop,,769.9803916976219,760.1217113917903,37.49842094941813,127.02951181742357,,,,timeout
dyn_pax_1011,1544.0,2026-09-07 09:25:44,494824662#3,company|restaurant|subway_entrance,,729.424850252167,406.6843378518681,37.49522941823122,127.02913698209235,1896.0,352.0,taxi_respawn_7,picked
dyn_pax_1012,1545.0,2026-09-07 09:25:45,504227067#0,restaurant,,638.7551174354396,526.833121212444,37.49629464408366,127.02808339614947,,,,timeout
dyn_pax_1013,1547.0,2026-09-07 09:25:47,506191135#3,residential|company|restaurant|bus_stop,,238.79972345576414,789.4714057742513,37.49858497042428,127.023499044737,,,,timeout
dyn_pax_1014,1549.0,2026-09-07 09:25:49,521770119#0,restaurant|bus_stop,,548.9831206778387,935.1148840516827,37.499955620541705,127.02697161236954,,,,timeout
dyn_pax_1015,1550.0,2026-09-07 09:25:50,520307304#0,school|subway_entrance|bus_stop,,602.6035134310263,763.145495629718,37.498416594724866,127.02761864854104,,,,timeout
dyn_pax_1016,1552.0,2026-09-07 09:25:52,305539406,company|restaurant|subway_entrance,,566.389495917364,736.5285064605782,37.49816998085155,127.02721550408178,1977.0,425.0,taxi_33,picked
dyn_pax_1017,1553.0,2026-09-07 09:25:53,305539406,company|restaurant|subway_entrance,,566.389495917364,736.5285064605782,37.49816998085155,127.02721550408178,,,,timeout
dyn_pax_1018,1555.0,2026-09-07 09:25:55,506191135#3,residential|company|restaurant|bus_stop,,238.79972345576414,789.4714057742513,37.49858497042428,127.023499044737,,,,timeout
dyn_pax_1019,1556.0,2026-09-07 09:25:56,218864491#0,restaurant|bus_stop,,769.9803916976219,760.1217113917903,37.49842094941813,127.02951181742357,,,,timeout
dyn_pax_1020,1559.0,2026-09-07 09:25:59,218877837#2,company|restaurant|bus_stop,,479.4555212141038,978.0213907550284,37.500328997763305,127.02617530290202,2006.0,447.0,taxi_43,picked
dyn_pax_1021,1561.0,2026-09-07 09:26:01,975332778#1,bus_stop,,681.6099970732737,721.9380561808346,37.49806030190971,127.02852170075586,1766.0,205.0,taxi_25,picked
dyn_pax_1022,1563.0,2026-09-07 09:26:03,375049565#6,restaurant|subway_entrance|bus_stop,,789.5153251748014,798.8522330112556,37.49877353199428,127.02972351946808,1606.0,43.0,taxi_respawn_17,picked
dyn_pax_1023,1564.0,2026-09-07 09:26:04,521770116#2,company|restaurant|bus_stop,,432.3182248087171,1108.514093563608,37.50149560521279,127.02561136613096,,,,timeout
dyn_pax_1024,1564.0,2026-09-07 09:26:04,178441450#1,residential|company|restaurant|bus_stop,,282.90243066757296,609.4157395563556,37.496971320837204,127.02404044855805,2034.0,470.0,taxi_respawn_33,picked
dyn_pax_1025,1565.0,2026-09-07 09:26:05,309155295#0,company|restaurant,,688.2712938579457,529.5739965525526,37.49632868191341,127.02864258735015,1997.0,432.0,taxi_respawn_1,picked
dyn_pax_1026,1566.0,2026-09-07 09:26:06,-542367267#1,bus_stop,,247.51018316686128,1414.7184918773391,37.504219024473855,127.02344900430944,1648.0,82.0,taxi_24,picked
dyn_pax_1027,1566.0,2026-09-07 09:26:06,417750337#5,restaurant,,522.3387290339521,1126.7881672814829,37.50167723806998,127.02662489231146,,,,timeout
dyn_pax_1028,1568.0,2026-09-07 09:26:08,-379232161#3,restaurant,,957.578372934647,431.27964063812743,37.495494003443426,127.03171068469486,,,,timeout
dyn_pax_1029,1569.0,2026-09-07 09:26:09,520307304#0,school|subway_entrance|bus_stop,,602.6035134310263,763.145495629718,37.498416594724866,127.02761864854104,,,,timeout
dyn_pax_1030,1569.0,2026-09-07 09:26:09,309155295#2,restaurant,,836.915506927576,584.1196133409687,37.49684809051661,127.03031028233906,,,,timeout
dyn_pax_1031,1570.0,2026-09-07 09:26:10,521766175#1,company|restaurant|subway_entrance,,332.9365590021661,1411.5585828157227,37.504206724109,127.02441570308932,,,,timeout
dyn_pax_1032,1571.0,2026-09-07 09:26:11,178441450#1,residential|company|restaurant|bus_stop,,282.90243066757296,609.4157395563556,37.496971320837204,127.02404044855805,,,,timeout
dyn_pax_1033,1572.0,2026-09-07 09:26:12,523141074#0,company|restaurant|subway_entrance,,524.0338794858329,871.4890157117229,37.4993777454413,127.02670460634431,1631.0,59.0,taxi_11,picked
dyn_pax_1034,1573.0,2026-09-07 09:26:13,506191135#3,residential|company|restaurant|bus_stop,,238.79972345576414,789.4714057742513,37.49858497042428,127.023499044737,,,,timeout
dyn_pax_1035,1574.0,2026-09-07 09:26:14,521766175#3,company|restaurant|subway_entrance|bus_stop,,373.6701172395771,1298.610217621072,37.50319695740621,127.02490310718325,1832.0,258.0,taxi_22,picked
dyn_pax_1036,1574.0,2026-09-07 09:26:14,-523141073,residential|company,,283.47995026542384,1109.9635024546676,37.50148051131825,127.02392811188028,1892.0,318.0,taxi_29,picked
dyn_pax_1037,1575.0,2026-09-07 09:26:15,628232693#0,company|restaurant,,644.2623295929467,660.168099777976,37.49749680792099,127.0281140674837,1892.0,317.0,taxi_respawn_28,picked
dyn_pax_1038,1576.0,2026-09-07 09:26:16,520307304#0,school|subway_entrance|bus_stop,,602.6035134310263,763.145495629718,37.498416594724866,127.02761864854104,,,,timeout
dyn_pax_1039,1578.0,2026-09-07 09:26:18,521766175#3,company|restaurant|subway_entrance|bus_stop,,373.6701172395771,1298.610217621072,37.50319695740621,127.02490310718325,1841.0,263.0,taxi_15,picked
dyn_pax_1040,1579.0,2026-09-07 09:26:19,520307304#0,school|subway_entrance|bus_stop,,602.6035134310263,763.145495629718,37.498416594724866,127.02761864854104,,,,timeout
dyn_pax_1041,1579.0,2026-09-07 09:26:19,521766180#1,company|restaurant|bus_stop,,466.73410130235357,1169.2838037446552,37.502049542882666,127.02598608796039,1821.0,242.0,taxi_19,picked
dyn_pax_1042,1581.0,2026-09-07 09:26:21,520307304#0,school|subway_entrance|bus_stop,,602.6035134310263,763.145495629718,37.498416594724866,127.02761864854104,,,,timeout
dyn_pax_1043,1581.0,2026-09-07 09:26:21,219837933#0,residential|company,,49.0199205680682,1328.1480294371383,37.503401583976704,127.02122519296726,1779.0,198.0,taxi_0,picked
dyn_pax_1044,1581.0,2026-09-07 09:26:21,480850873,company|restaurant|bus_stop,,548.1935052770749,708.5896639848544,37.49791486187585,127.0270163956136,1893.0,312.0,taxi_respawn_23,picked
dyn_pax_1045,1585.0,2026-09-07 09:26:25,1117538957#3,restaurant|subway_entrance|bus_stop,,465.5082521847807,644.8780924026132,37.49732530507706,127.02609663221197,1654.0,69.0,taxi_respawn_19,picked
dyn_pax_1046,1587.0,2026-09-07 09:26:27,417933642#2,residential|restaurant,,976.5976168723116,645.9370182109647,37.49743129415275,127.0318749523804,1749.0,162.0,taxi_respawn_15,picked
dyn_pax_1047,1589.0,2026-09-07 09:26:29,-541692164#2,subway_entrance,,317.7122087179151,1441.0296574375257,37.504469327730426,127.0242365566347,2062.0,473.0,taxi_45,picked
dyn_pax_1048,1589.0,2026-09-07 09:26:29,-309155295#0,restaurant,,747.4684617800942,561.8059110120743,37.49663020867341,127.0293042509181,1694.0,105.0,taxi_respawn_27,picked
dyn_pax_1049,1591.0,2026-09-07 09:26:31,523141074#0,company|restaurant|subway_entrance,,524.0338794858329,871.4890157117229,37.4993777454413,127.02670460634431,1718.0,127.0,taxi_respawn_26,picked
dyn_pax_1050,1592.0,2026-09-07 09:26:32,-417933645#2,company|restaurant|subway_entrance,,701.1658676593129,719.5455833044954,37.49804244093877,127.02874337560036,2123.0,531.0,taxi_1,picked
dyn_pax_1051,1593.0,2026-09-07 09:26:33,521770116#2,company|restaurant|bus_stop,,432.3182248087171,1108.514093563608,37.50149560521279,127.02561136613096,,,,timeout
dyn_pax_1052,1595.0,2026-09-07 09:26:35,178441450#1,residential|company|restaurant|bus_stop,,282.90243066757296,609.4157395563556,37.496971320837204,127.02404044855805,,,,timeout
dyn_pax_1053,1595.0,2026-09-07 09:26:35,-26163000#3,restaurant,,588.7487146070255,1286.0705793093782,37.50312464930957,127.02733802606956,1660.0,65.0,taxi_respawn_28,picked
dyn_pax_1054,1596.0,2026-09-07 09:26:36,521770119#1,restaurant|bus_stop,,527.3115514435282,995.8620162900467,37.50049875494786,127.02671217090477,1922.0,326.0,taxi_respawn_26,picked
dyn_pax_1055,1597.0,2026-09-07 09:26:37,305539406,company|restaurant|subway_entrance,,566.389495917364,736.5285064605782,37.49816998085155,127.02721550408178,,,,timeout
dyn_pax_1056,1599.0,2026-09-07 09:26:39,1229817205#0,company|subway_entrance|bus_stop,,599.2457558679199,652.2907550986157,37.497417346160496,127.02760695963683,,,,timeout
dyn_pax_1057,1600.0,2026-09-07 09:26:40,309155295#3,restaurant,,868.2249250208004,595.011595969151,37.496952113096654,127.03066169877924,1633.0,33.0,taxi_45,picked
dyn_pax_1058,1602.0,2026-09-07 09:26:42,521770119#0,restaurant|bus_stop,,548.9831206778387,935.1148840516827,37.499955620541705,127.02697161236954,,,,timeout
dyn_pax_1059,1602.0,2026-09-07 09:26:42,417750354#1,restaurant,,919.2899707887079,1024.6134421491665,37.5008317366974,127.03113741131199,1646.0,44.0,taxi_44,picked
dyn_pax_1060,1604.0,2026-09-07 09:26:44,521766182#1,company|restaurant|subway_entrance,,681.695169875507,539.6867345716422,37.496418539503196,127.02856584056028,1786.0,182.0,taxi_17,picked
dyn_pax_1061,1604.0,2026-09-07 09:26:44,-309155295#1,residential|restaurant,,820.2174803017108,588.0239695218922,37.496880113093034,127.03012056506905,1705.0,101.0,taxi_respawn_9,picked
dyn_pax_1062,1605.0,2026-09-07 09:26:45,-541692164#2,subway_entrance,,317.7122087179151,1441.0296574375257,37.504469327730426,127.0242365566347,,,,timeout
dyn_pax_1063,1605.0,2026-09-07 09:26:45,523141074#0,company|restaurant|subway_entrance,,524.0338794858329,871.4890157117229,37.4993777454413,127.02670460634431,1752.0,147.0,taxi_28,picked
dyn_pax_1064,1607.0,2026-09-07 09:26:47,218857636#1,residential|company|restaurant|bus_stop,,297.92905089287035,623.2061345250047,37.49709839153085,127.02420706961871,1639.0,32.0,taxi_1,picked
dyn_pax_1065,1609.0,2026-09-07 09:26:49,379463134#2,restaurant,,492.9894267673794,1254.822149661426,37.50282506050825,127.0262626667944,1656.0,47.0,taxi_respawn_31,picked
dyn_pax_1066,1610.0,2026-09-07 09:26:50,494824662#3,company|restaurant|subway_entrance,,729.424850252167,406.6843378518681,37.49522941823122,127.02913698209235,1947.0,337.0,taxi_respawn_31,picked
dyn_pax_1067,1611.0,2026-09-07 09:26:51,-117823785#1,restaurant,,983.1954817367493,635.6880668681273,37.49734021138362,127.03195197441553,1919.0,308.0,taxi_5,picked
dyn_pax_1068,1612.0,2026-09-07 09:26:52,218873820#0,restaurant|subway_entrance|bus_stop,,628.9829311132032,562.4061665928522,37.49661325243901,127.02796447999128,,,,timeout
dyn_pax_1069,1612.0,2026-09-07 09:26:52,178441450#1,residential|company|restaurant|bus_stop,,282.90243066757296,609.4157395563556,37.496971320837204,127.02404044855805,,,,timeout
dyn_pax_1070,1615.0,2026-09-07 09:26:55,1229817205#1,residential|bus_stop,,631.6400080768872,572.7061575261558,37.49670653972221,127.02799208080955,1876.0,261.0,taxi_41,picked
dyn_pax_1071,1618.0,2026-09-07 09:26:58,-541692164#2,subway_entrance,,317.7122087179151,1441.0296574375257,37.504469327730426,127.0242365566347,,,,timeout
dyn_pax_1072,1619.0,2026-09-07 09:26:59,417933642#0,restaurant|bus_stop,,1041.0954363710525,463.30841921497654,37.49579826441859,127.03264736696761,,,,timeout
dyn_pax_1073,1620.0,2026-09-07 09:27:00,-129731852,restaurant,,721.4959946165901,929.589824990092,37.499938423771525,127.02892348366522,,,,timeout
dyn_pax_1074,1621.0,2026-09-07 09:27:01,1229817205#0,company|subway_entrance|bus_stop,,599.2457558679199,652.2907550986157,37.497417346160496,127.02760695963683,,,,timeout
dyn_pax_1075,1622.0,2026-09-07 09:27:02,480850873,company|restaurant|bus_stop,,548.1935052770749,708.5896639848544,37.49791486187585,127.0270163956136,1900.0,278.0,taxi_respawn_32,picked
dyn_pax_1076,1624.0,2026-09-07 09:27:04,521770119#1,restaurant|bus_stop,,527.3115514435282,995.8620162900467,37.50049875494786,127.02671217090477,,,,timeout
dyn_pax_1077,1627.0,2026-09-07 09:27:07,218857636#1,residential|company|restaurant|bus_stop,,297.92905089287035,623.2061345250047,37.49709839153085,127.02420706961871,1678.0,51.0,taxi_35,picked
dyn_pax_1078,1628.0,2026-09-07 09:27:08,541692164#1,subway_entrance,,271.6277521231475,1406.6420105391767,37.5041508337347,127.02372362926798,1899.0,271.0,taxi_24,picked
dyn_pax_1079,1630.0,2026-09-07 09:27:10,-417933645#2,company|restaurant|subway_entrance,,701.1658676593129,719.5455833044954,37.49804244093877,127.02874337560036,2107.0,477.0,taxi_41,picked
dyn_pax_1080,1632.0,2026-09-07 09:27:12,219837933#0,residential|company,,49.0199205680682,1328.1480294371383,37.503401583976704,127.02122519296726,1774.0,142.0,taxi_2,picked
dyn_pax_1081,1633.0,2026-09-07 09:27:13,305539406,company|restaurant|subway_entrance,,566.389495917364,736.5285064605782,37.49816998085155,127.02721550408178,,,,timeout
dyn_pax_1082,1635.0,2026-09-07 09:27:15,1376141183#0,bus_stop,,548.2528111146681,901.2117688498424,37.49965007283687,127.02697139402301,1730.0,95.0,taxi_respawn_13,picked
dyn_pax_1083,1636.0,2026-09-07 09:27:16,375049565#6,restaurant|subway_entrance|bus_stop,,789.5153251748014,798.8522330112556,37.49877353199428,127.02972351946808,1962.0,326.0,taxi_10,picked
dyn_pax_1084,1636.0,2026-09-07 09:27:16,-805827765,restaurant,,955.7439147780814,1157.0835718820576,37.50203194319751,127.03151825266303,1671.0,35.0,taxi_49,picked
dyn_pax_1085,1636.0,2026-09-07 09:27:16,218877837#0,company,,455.71990885566936,1045.563527646426,37.50093295148158,127.02589090425857,1905.0,269.0,taxi_respawn_11,picked
dyn_pax_1086,1638.0,2026-09-07 09:27:18,1376141182#0,bus_stop,,385.7154046370183,1301.0311255965628,37.50322104370192,127.02503873135461,1917.0,279.0,taxi_respawn_30,picked
dyn_pax_1087,1640.0,2026-09-07 09:27:20,521770116#2,company|restaurant|bus_stop,,432.3182248087171,1108.514093563608,37.50149560521279,127.02561136613096,,,,timeout
dyn_pax_1088,1641.0,2026-09-07 09:27:21,1376141182#0,bus_stop,,385.7154046370183,1301.0311255965628,37.50322104370192,127.02503873135461,2368.0,727.0,taxi_11,picked
dyn_pax_1089,1642.0,2026-09-07 09:27:22,521770116#2,company|restaurant|bus_stop,,432.3182248087171,1108.514093563608,37.50149560521279,127.02561136613096,,,,timeout
dyn_pax_1090,1643.0,2026-09-07 09:27:23,-417933645#2,company|restaurant|subway_entrance,,701.1658676593129,719.5455833044954,37.49804244093877,127.02874337560036,2165.0,522.0,taxi_respawn_32,picked
dyn_pax_1091,1645.0,2026-09-07 09:27:25,480850873,company|restaurant|bus_stop,,548.1935052770749,708.5896639848544,37.49791486187585,127.0270163956136,2135.0,490.0,taxi_39,picked
dyn_pax_1092,1647.0,2026-09-07 09:27:27,375049565#6,restaurant|subway_entrance|bus_stop,,789.5153251748014,798.8522330112556,37.49877353199428,127.02972351946808,1997.0,350.0,taxi_44,picked
dyn_pax_1093,1650.0,2026-09-07 09:27:30,1117538957#3,restaurant|subway_entrance|bus_stop,,465.5082521847807,644.8780924026132,37.49732530507706,127.02609663221197,1735.0,85.0,taxi_respawn_2,picked
dyn_pax_1094,1652.0,2026-09-07 09:27:32,-309155295#0,restaurant,,747.4684617800942,561.8059110120743,37.49663020867341,127.0293042509181,1860.0,208.0,taxi_44,picked
dyn_pax_1095,1653.0,2026-09-07 09:27:33,-542367267#1,bus_stop,,247.51018316686128,1414.7184918773391,37.504219024473855,127.02344900430944,1729.0,76.0,taxi_15,picked
dyn_pax_1096,1654.0,2026-09-07 09:27:34,1229817205#1,residential|bus_stop,,631.6400080768872,572.7061575261558,37.49670653972221,127.02799208080955,2160.0,506.0,taxi_respawn_29,picked
dyn_pax_1097,1656.0,2026-09-07 09:27:36,1229817205#0,company|subway_entrance|bus_stop,,599.2457558679199,652.2907550986157,37.497417346160496,127.02760695963683,,,,timeout
dyn_pax_1098,1657.0,2026-09-07 09:27:37,521766180#1,company|restaurant|bus_stop,,466.73410130235357,1169.2838037446552,37.502049542882666,127.02598608796039,1918.0,261.0,taxi_14,picked
dyn_pax_1099,1657.0,2026-09-07 09:27:37,521766180#1,company|restaurant|bus_stop,,466.73410130235357,1169.2838037446552,37.502049542882666,127.02598608796039,2260.0,603.0,taxi_31,picked
dyn_pax_1100,1657.0,2026-09-07 09:27:37,379463130#0,restaurant,,544.1425087303844,1128.5419490598922,37.501697156429024,127.02687101205116,1899.0,242.0,taxi_respawn_8,picked
dyn_pax_1101,1661.0,2026-09-07 09:27:41,-309155295#1,residential|restaurant,,820.2174803017108,588.0239695218922,37.496880113093034,127.03012056506905,1997.0,336.0,taxi_respawn_18,picked
dyn_pax_1102,1664.0,2026-09-07 09:27:44,305539406,company|restaurant|subway_entrance,,566.389495917364,736.5285064605782,37.49816998085155,127.02721550408178,,,,timeout
dyn_pax_1103,1665.0,2026-09-07 09:27:45,-542367267#1,bus_stop,,247.51018316686128,1414.7184918773391,37.504219024473855,127.02344900430944,1747.0,82.0,taxi_40,picked
dyn_pax_1104,1667.0,2026-09-07 09:27:47,-506191135#2,residential|bus_stop,,236.19733776439384,769.6838415951818,37.49840622577806,127.02347432089968,1975.0,308.0,taxi_respawn_29,picked
dyn_pax_1105,1667.0,2026-09-07 09:27:47,-542367267#0,company,,179.75773525047865,1390.7576253945435,37.50399035207237,127.02268859703804,1683.0,16.0,taxi_respawn_23,picked
dyn_pax_1106,1668.0,2026-09-07 09:27:48,521766182#1,company|restaurant|subway_entrance,,681.695169875507,539.6867345716422,37.496418539503196,127.02856584056028,,,,timeout
dyn_pax_1107,1670.0,2026-09-07 09:27:50,129731857#1,residential|restaurant,,656.8212873140518,799.6615847813327,37.498755780674834,127.02822301071001,,,,timeout
dyn_pax_1108,1671.0,2026-09-07 09:27:51,218857636#1,residential|company|restaurant|bus_stop,,297.92905089287035,623.2061345250047,37.49709839153085,127.02420706961871,1740.0,69.0,taxi_respawn_17,picked
dyn_pax_1109,1673.0,2026-09-07 09:27:53,521766175#3,company|restaurant|subway_entrance|bus_stop,,373.6701172395771,1298.610217621072,37.50319695740621,127.02490310718325,1994.0,321.0,taxi_25,picked
dyn_pax_1110,1674.0,2026-09-07 09:27:54,218877837#2,company|restaurant|bus_stop,,479.4555212141038,978.0213907550284,37.500328997763305,127.02617530290202,2042.0,368.0,taxi_21,picked
dyn_pax_1111,1674.0,2026-09-07 09:27:54,521766175#3,company|restaurant|subway_entrance|bus_stop,,373.6701172395771,1298.610217621072,37.50319695740621,127.02490310718325,,,,timeout
dyn_pax_1112,1674.0,2026-09-07 09:27:54,218857636#1,residential|company|restaurant|bus_stop,,297.92905089287035,623.2061345250047,37.49709839153085,127.02420706961871,1811.0,137.0,taxi_34,picked
dyn_pax_1113,1675.0,2026-09-07 09:27:55,-256787796#1,restaurant,,578.741609978934,1014.5790766049616,37.500677080058935,127.02728924469663,1721.0,46.0,taxi_10,picked
dyn_pax_1114,1676.0,2026-09-07 09:27:56,-506191135#22,residential|company|restaurant|bus_stop,,38.693950105848444,1321.9513167019495,37.50334380565249,127.02110990869835,2057.0,381.0,taxi_respawn_23,picked
dyn_pax_1115,1677.0,2026-09-07 09:27:57,1117538957#3,restaurant|subway_entrance|bus_stop,,465.5082521847807,644.8780924026132,37.49732530507706,127.02609663221197,1820.0,143.0,taxi_8,picked
dyn_pax_1116,1682.0,2026-09-07 09:28:02,1229817205#1,residential|bus_stop,,631.6400080768872,572.7061575261558,37.49670653972221,127.02799208080955,,,,timeout
dyn_pax_1117,1684.0,2026-09-07 09:28:04,218864491#0,restaurant|bus_stop,,769.9803916976219,760.1217113917903,37.49842094941813,127.02951181742357,,,,timeout
dyn_pax_1118,1687.0,2026-09-07 09:28:07,375049565#6,restaurant|subway_entrance|bus_stop,,789.5153251748014,798.8522330112556,37.49877353199428,127.02972351946808,,,,timeout
dyn_pax_1119,1688.0,2026-09-07 09:28:08,375049565#6,restaurant|subway_entrance|bus_stop,,789.5153251748014,798.8522330112556,37.49877353199428,127.02972351946808,,,,timeout
dyn_pax_1120,1690.0,2026-09-07 09:28:10,975332778#1,bus_stop,,681.6099970732737,721.9380561808346,37.49806030190971,127.02852170075586,1849.0,159.0,taxi_respawn_35,picked
dyn_pax_1121,1690.0,2026-09-07 09:28:10,521766175#1,company|restaurant|subway_entrance,,332.9365590021661,1411.5585828157227,37.504206724109,127.02441570308932,,,,timeout
dyn_pax_1122,1693.0,2026-09-07 09:28:13,-417933645#2,company|restaurant|subway_entrance,,701.1658676593129,719.5455833044954,37.49804244093877,127.02874337560036,,,,timeout
dyn_pax_1123,1693.0,2026-09-07 09:28:13,-309155295#4,residential|restaurant,,966.4689567179357,639.4784987131154,37.49737120494098,127.0317619612052,2082.0,389.0,taxi_4,picked
dyn_pax_1124,1694.0,2026-09-07 09:28:14,1229817205#1,residential|bus_stop,,631.6400080768872,572.7061575261558,37.49670653972221,127.02799208080955,,,,timeout
dyn_pax_1125,1695.0,2026-09-07 09:28:15,-379232155,restaurant,,999.2800162208075,449.1965960198298,37.495663263085994,127.03217793178025,,,,timeout
dyn_pax_1126,1696.0,2026-09-07 09:28:16,1229817205#1,residential|bus_stop,,631.6400080768872,572.7061575261558,37.49670653972221,127.02799208080955,,,,timeout
dyn_pax_1127,1696.0,2026-09-07 09:28:16,-504509918#2,company|restaurant|bus_stop,,398.9694242295193,827.4758220967593,37.49895762305832,127.02530099003066,1761.0,65.0,taxi_30,picked
dyn_pax_1128,1697.0,2026-09-07 09:28:17,628232693#0,company|restaurant,,644.2623295929467,660.168099777976,37.49749680792099,127.0281140674837,2016.0,319.0,taxi_22,picked
dyn_pax_1129,1699.0,2026-09-07 09:28:19,-541692164#2,subway_entrance,,317.7122087179151,1441.0296574375257,37.504469327730426,127.0242365566347,,,,timeout
dyn_pax_1130,1700.0,2026-09-07 09:28:20,-417933645#2,company|restaurant|subway_entrance,,701.1658676593129,719.5455833044954,37.49804244093877,127.02874337560036,2201.0,501.0,taxi_respawn_20,picked
dyn_pax_1131,1700.0,2026-09-07 09:28:20,-417750337#6,restaurant,,503.6615133291097,1089.1021319971503,37.50133422142063,127.0264226479345,2013.0,313.0,taxi_respawn_8,picked
dyn_pax_1132,1703.0,2026-09-07 09:28:23,521766182#1,company|restaurant|subway_entrance,,681.695169875507,539.6867345716422,37.496418539503196,127.02856584056028,,,,timeout
dyn_pax_1133,1704.0,2026-09-07 09:28:24,117790045#2,restaurant,,537.9561568342307,1283.7183624175188,37.50309386389003,127.02676426064505,1771.0,67.0,taxi_respawn_38,picked
dyn_pax_1134,1708.0,2026-09-07 09:28:28,541692164#1,subway_entrance,,271.6277521231475,1406.6420105391767,37.5041508337347,127.02372362926798,1910.0,202.0,taxi_respawn_21,picked
dyn_pax_1135,1710.0,2026-09-07 09:28:30,541692164#1,subway_entrance,,271.6277521231475,1406.6420105391767,37.5041508337347,127.02372362926798,1960.0,250.0,taxi_7,picked
dyn_pax_1136,1710.0,2026-09-07 09:28:30,-557469234,restaurant,,929.7298817515857,1030.9986809445256,37.50089122514563,127.03125394368278,1780.0,70.0,taxi_27,picked
dyn_pax_1137,1711.0,2026-09-07 09:28:31,-541692164#2,subway_entrance,,317.7122087179151,1441.0296574375257,37.504469327730426,127.0242365566347,,,,timeout
dyn_pax_1138,1712.0,2026-09-07 09:28:32,521766175#1,company|restaurant|subway_entrance,,332.9365590021661,1411.5585828157227,37.504206724109,127.02441570308932,,,,timeout
dyn_pax_1139,1713.0,2026-09-07 09:28:33,541692164#1,subway_entrance,,271.6277521231475,1406.6420105391767,37.5041508337347,127.02372362926798,2167.0,454.0,taxi_respawn_7,picked
dyn_pax_1140,1714.0,2026-09-07 09:28:34,541692164#1,subway_entrance,,271.6277521231475,1406.6420105391767,37.5041508337347,127.02372362926798,2172.0,458.0,taxi_respawn_31,picked
dyn_pax_1141,1716.0,2026-09-07 09:28:36,1117538957#3,restaurant|subway_entrance|bus_stop,,465.5082521847807,644.8780924026132,37.49732530507706,127.02609663221197,1936.0,220.0,taxi_2,picked
dyn_pax_1142,1717.0,2026-09-07 09:28:37,-542367267#1,bus_stop,,247.51018316686128,1414.7184918773391,37.504219024473855,127.02344900430944,1741.0,24.0,taxi_39,picked
dyn_pax_1143,1719.0,2026-09-07 09:28:39,523141074#0,company|restaurant|subway_entrance,,524.0338794858329,871.4890157117229,37.4993777454413,127.02670460634431,1852.0,133.0,taxi_42,picked
dyn_pax_1144,1720.0,2026-09-07 09:28:40,521766175#3,company|restaurant|subway_entrance|bus_stop,,373.6701172395771,1298.610217621072,37.50319695740621,127.02490310718325,,,,timeout
dyn_pax_1145,1722.0,2026-09-07 09:28:42,218877837#2,company|restaurant|bus_stop,,479.4555212141038,978.0213907550284,37.500328997763305,127.02617530290202,,,,timeout
dyn_pax_1146,1723.0,2026-09-07 09:28:43,-506191135#2,residential|bus_stop,,236.19733776439384,769.6838415951818,37.49840622577806,127.02347432089968,2100.0,377.0,taxi_10,picked
dyn_pax_1147,1725.0,2026-09-07 09:28:45,1117538958#3,bus_stop,,160.18899290588462,540.6019911995099,37.49632820280781,127.02266936696756,1821.0,96.0,taxi_4,picked
dyn_pax_1148,1727.0,2026-09-07 09:28:47,1229817205#0,company|subway_entrance|bus_stop,,599.2457558679199,652.2907550986157,37.497417346160496,127.02760695963683,,,,timeout
dyn_pax_1149,1727.0,2026-09-07 09:28:47,178441450#1,residential|company|restaurant|bus_stop,,282.90243066757296,609.4157395563556,37.496971320837204,127.02404044855805,,,,timeout
dyn_pax_1150,1728.0,2026-09-07 09:28:48,375049565#6,restaurant|subway_entrance|bus_stop,,789.5153251748014,798.8522330112556,37.49877353199428,127.02972351946808,2206.0,478.0,taxi_18,picked
dyn_pax_1151,1729.0,2026-09-07 09:28:49,218873820#0,restaurant|subway_entrance|bus_stop,,628.9829311132032,562.4061665928522,37.49661325243901,127.02796447999128,,,,timeout
dyn_pax_1152,1731.0,2026-09-07 09:28:51,218864491#0,restaurant|bus_stop,,769.9803916976219,760.1217113917903,37.49842094941813,127.02951181742357,2231.0,500.0,taxi_38,picked
dyn_pax_1153,1733.0,2026-09-07 09:28:53,480850873,company|restaurant|bus_stop,,548.1935052770749,708.5896639848544,37.49791486187585,127.0270163956136,,,,timeout
dyn_pax_1154,1734.0,2026-09-07 09:28:54,480850873,company|restaurant|bus_stop,,548.1935052770749,708.5896639848544,37.49791486187585,127.0270163956136,,,,timeout
dyn_pax_1155,1735.0,2026-09-07 09:28:55,-309155295#1,residential|restaurant,,820.2174803017108,588.0239695218922,37.496880113093034,127.03012056506905,2152.0,417.0,taxi_43,picked
dyn_pax_1156,1736.0,2026-09-07 09:28:56,375049565#6,restaurant|subway_entrance|bus_stop,,789.5153251748014,798.8522330112556,37.49877353199428,127.02972351946808,,,,timeout
dyn_pax_1157,1737.0,2026-09-07 09:28:57,480850873,company|restaurant|bus_stop,,548.1935052770749,708.5896639848544,37.49791486187585,127.0270163956136,,,,timeout
dyn_pax_1158,1737.0,2026-09-07 09:28:57,218873820#0,restaurant|subway_entrance|bus_stop,,628.9829311132032,562.4061665928522,37.49661325243901,127.02796447999128,,,,timeout
dyn_pax_1159,1740.0,2026-09-07 09:29:00,-542367267#1,bus_stop,,247.51018316686128,1414.7184918773391,37.504219024473855,127.02344900430944,1808.0,68.0,taxi_respawn_24,picked
dyn_pax_1160,1740.0,2026-09-07 09:29:00,506191135#3,residential|company|restaurant|bus_stop,,238.79972345576414,789.4714057742513,37.49858497042428,127.023499044737,,,,timeout
dyn_pax_1161,1743.0,2026-09-07 09:29:03,1376141182#0,bus_stop,,385.7154046370183,1301.0311255965628,37.50322104370192,127.02503873135461,,,,timeout
dyn_pax_1162,1743.0,2026-09-07 09:29:03,-256787796#1,restaurant,,578.741609978934,1014.5790766049616,37.500677080058935,127.02728924469663,,,,timeout
dyn_pax_1163,1744.0,2026-09-07 09:29:04,-117790031#1,restaurant,,730.7814463439225,1053.3410552584976,37.501054966737435,127.02899915797848,1817.0,73.0,taxi_6,picked
dyn_pax_1164,1745.0,2026-09-07 09:29:05,417933642#0,restaurant|bus_stop,,1041.0954363710525,463.30841921497654,37.49579826441859,127.03264736696761,,,,timeout
dyn_pax_1165,1746.0,2026-09-07 09:29:06,520307304#0,school|subway_entrance|bus_stop,,602.6035134310263,763.145495629718,37.498416594724866,127.02761864854104,,,,timeout
dyn_pax_1166,1746.0,2026-09-07 09:29:06,379232155,restaurant,,946.0567570824509,480.05346239194995,37.49593120335224,127.03156888346594,,,,timeout
dyn_pax_1167,1747.0,2026-09-07 09:29:07,-129731857#1,restaurant,,773.0987126859483,849.1784152186673,37.4992237894183,127.02952598601298,,,,timeout
dyn_pax_1168,1748.0,2026-09-07 09:29:08,218873820#0,restaurant|subway_entrance|bus_stop,,628.9829311132032,562.4061665928522,37.49661325243901,127.02796447999128,,,,timeout
dyn_pax_1169,1751.0,2026-09-07 09:29:11,1229817205#0,company|subway_entrance|bus_stop,,599.2457558679199,652.2907550986157,37.497417346160496,127.02760695963683,,,,timeout
dyn_pax_1170,1752.0,2026-09-07 09:29:12,521766182#1,company|restaurant|subway_entrance,,681.695169875507,539.6867345716422,37.496418539503196,127.02856584056028,2394.0,642.0,taxi_respawn_35,picked
dyn_pax_1171,1752.0,2026-09-07 09:29:12,219837933#0,residential|company,,49.0199205680682,1328.1480294371383,37.503401583976704,127.02122519296726,1924.0,172.0,taxi_respawn_27,picked
dyn_pax_1172,1754.0,2026-09-07 09:29:14,1376141182#0,bus_stop,,385.7154046370183,1301.0311255965628,37.50322104370192,127.02503873135461,,,,timeout
dyn_pax_1173,1756.0,2026-09-07 09:29:16,521766175#1,company|restaurant|subway_entrance,,332.9365590021661,1411.5585828157227,37.504206724109,127.02441570308932,,,,timeout
dyn_pax_1174,1758.0,2026-09-07 09:29:18,542367267#1,company|restaurant,,199.26981683313872,1381.121508122661,37.50390724154084,127.02291151664822,1804.0,46.0,taxi_respawn_18,picked
dyn_pax_1175,1759.0,2026-09-07 09:29:19,-541692164#2,subway_entrance,,317.7122087179151,1441.0296574375257,37.504469327730426,127.0242365566347,,,,timeout
dyn_pax_1176,1759.0,2026-09-07 09:29:19,990628460#0,restaurant,,624.9193131653682,704.9656163236222,37.49789670602668,127.02788475117727,,,,timeout
dyn_pax_1177,1760.0,2026-09-07 09:29:20,521766180#1,company|restaurant|bus_stop,,466.73410130235357,1169.2838037446552,37.502049542882666,127.02598608796039,2561.0,801.0,taxi_respawn_17,picked
dyn_pax_1178,1760.0,2026-09-07 09:29:20,256787796#5,restaurant,,616.3422671393917,878.7532899245961,37.49946062055924,127.02774658517313,1987.0,227.0,taxi_19,picked
dyn_pax_1179,1762.0,2026-09-07 09:29:22,521766180#1,company|restaurant|bus_stop,,466.73410130235357,1169.2838037446552,37.502049542882666,127.02598608796039,2866.0,1104.0,taxi_15,picked
dyn_pax_1180,1763.0,2026-09-07 09:29:23,218857636#1,residential|company|restaurant|bus_stop,,297.92905089287035,623.2061345250047,37.49709839153085,127.02420706961871,1843.0,80.0,taxi_respawn_25,picked
dyn_pax_1181,1764.0,2026-09-07 09:29:24,417933646#0,restaurant,,894.2617302193242,410.3206078764906,37.49529326349135,127.03099977850056,1887.0,123.0,taxi_respawn_15,picked
dyn_pax_1182,1765.0,2026-09-07 09:29:25,521766175#3,company|restaurant|subway_entrance|bus_stop,,373.6701172395771,1298.610217621072,37.50319695740621,127.02490310718325,,,,timeout
dyn_pax_1183,1766.0,2026-09-07 09:29:26,523141074#0,company|restaurant|subway_entrance,,524.0338794858329,871.4890157117229,37.4993777454413,127.02670460634431,2178.0,412.0,taxi_respawn_16,picked
dyn_pax_1184,1768.0,2026-09-07 09:29:28,-506191135#2,residential|bus_stop,,236.19733776439384,769.6838415951818,37.49840622577806,127.02347432089968,2182.0,414.0,taxi_respawn_26,picked
dyn_pax_1185,1769.0,2026-09-07 09:29:29,-417933642#1,restaurant,,972.7851169931362,629.1778231901285,37.49727960321316,127.03183581048214,2094.0,325.0,taxi_38,picked
dyn_pax_1186,1771.0,2026-09-07 09:29:31,521770116#2,company|restaurant|bus_stop,,432.3182248087171,1108.514093563608,37.50149560521279,127.02561136613096,,,,timeout
dyn_pax_1187,1772.0,2026-09-07 09:29:32,541692164#1,subway_entrance,,271.6277521231475,1406.6420105391767,37.5041508337347,127.02372362926798,2128.0,356.0,taxi_40,picked
dyn_pax_1188,1774.0,2026-09-07 09:29:34,218873820#0,restaurant|subway_entrance|bus_stop,,628.9829311132032,562.4061665928522,37.49661325243901,127.02796447999128,,,,timeout
dyn_pax_1189,1774.0,2026-09-07 09:29:34,520307304#0,school|subway_entrance|bus_stop,,602.6035134310263,763.145495629718,37.498416594724866,127.02761864854104,,,,timeout
dyn_pax_1190,1777.0,2026-09-07 09:29:37,541692164#1,subway_entrance,,271.6277521231475,1406.6420105391767,37.5041508337347,127.02372362926798,,,,timeout
dyn_pax_1191,1777.0,2026-09-07 09:29:37,256787796#8,restaurant,,646.6563496183319,793.2391486514691,37.49869600620777,127.02810960194483,2214.0,437.0,taxi_respawn_33,picked
dyn_pax_1192,1780.0,2026-09-07 09:29:40,506191135#3,residential|company|restaurant|bus_stop,,238.79972345576414,789.4714057742513,37.49858497042428,127.023499044737,,,,timeout
dyn_pax_1193,1781.0,2026-09-07 09:29:41,521770116#2,company|restaurant|bus_stop,,432.3182248087171,1108.514093563608,37.50149560521279,127.02561136613096,,,,timeout
dyn_pax_1194,1785.0,2026-09-07 09:29:45,218857636#1,residential|company|restaurant|bus_stop,,297.92905089287035,623.2061345250047,37.49709839153085,127.02420706961871,1987.0,202.0,taxi_40,picked
dyn_pax_1195,1786.0,2026-09-07 09:29:46,1117538957#3,restaurant|subway_entrance|bus_stop,,465.5082521847807,644.8780924026132,37.49732530507706,127.02609663221197,2005.0,219.0,taxi_respawn_25,picked
dyn_pax_1196,1786.0,2026-09-07 09:29:46,-913950883#1,residential|company|restaurant,,391.36286393582424,840.6655979518604,37.49907500229157,127.0252118555046,2032.0,246.0,taxi_28,picked
dyn_pax_1197,1788.0,2026-09-07 09:29:48,521766175#3,company|restaurant|subway_entrance|bus_stop,,373.6701172395771,1298.610217621072,37.50319695740621,127.02490310718325,,,,timeout
dyn_pax_1198,1789.0,2026-09-07 09:29:49,521766182#1,company|restaurant|subway_entrance,,681.695169875507,539.6867345716422,37.496418539503196,127.02856584056028,,,,timeout
dyn_pax_1199,1791.0,2026-09-07 09:29:51,-506191135#22,residential|company|restaurant|bus_stop,,38.693950105848444,1321.9513167019495,37.50334380565249,127.02110990869835,2141.0,350.0,taxi_46,picked
dyn_pax_1200,1792.0,2026-09-07 09:29:52,1117538957#3,restaurant|subway_entrance|bus_stop,,465.5082521847807,644.8780924026132,37.49732530507706,127.02609663221197,2097.0,305.0,taxi_respawn_21,picked
dyn_pax_1201,1794.0,2026-09-07 09:29:54,-417933645#2,company|restaurant|subway_entrance,,701.1658676593129,719.5455833044954,37.49804244093877,127.02874337560036,2345.0,551.0,taxi_respawn_21,picked
dyn_pax_1202,1794.0,2026-09-07 09:29:54,521770119#1,restaurant|bus_stop,,527.3115514435282,995.8620162900467,37.50049875494786,127.02671217090477,2212.0,418.0,taxi_9,picked
dyn_pax_1203,1796.0,2026-09-07 09:29:56,117790051#4,restaurant,,495.1920534812603,1378.4842065286966,37.50393946166789,127.02625823552458,1996.0,200.0,taxi_respawn_9,picked
dyn_pax_1204,1797.0,2026-09-07 09:29:57,520307304#0,school|subway_entrance|bus_stop,,602.6035134310263,763.145495629718,37.498416594724866,127.02761864854104,,,,timeout
dyn_pax_1205,1798.0,2026-09-07 09:29:58,1229817205#0,company|subway_entrance|bus_stop,,599.2457558679199,652.2907550986157,37.497417346160496,127.02760695963683,2386.0,588.0,taxi_respawn_4,picked
dyn_pax_1206,1800.0,2026-09-07 09:30:00,521766175#3,company|restaurant|subway_entrance|bus_stop,,373.6701172395771,1298.610217621072,37.50319695740621,127.02490310718325,,,,timeout
dyn_pax_1207,1803.0,2026-09-07 09:30:03,305539406,company|restaurant|subway_entrance,,566.389495917364,736.5285064605782,37.49816998085155,127.02721550408178,2253.0,450.0,taxi_22,picked
dyn_pax_1208,1804.0,2026-09-07 09:30:04,-129731721#2,company|restaurant,,388.6558839574922,820.9778890483499,37.49889713764622,127.02518592115393,1824.0,20.0,taxi_38,picked
dyn_pax_1209,1805.0,2026-09-07 09:30:05,520307304#0,school|subway_entrance|bus_stop,,602.6035134310263,763.145495629718,37.498416594724866,127.02761864854104,,,,timeout
dyn_pax_1210,1805.0,2026-09-07 09:30:05,-417933645#2,company|restaurant|subway_entrance,,701.1658676593129,719.5455833044954,37.49804244093877,127.02874337560036,,,,timeout
dyn_pax_1211,1806.0,2026-09-07 09:30:06,218857636#1,residential|company|restaurant|bus_stop,,297.92905089287035,623.2061345250047,37.49709839153085,127.02420706961871,2107.0,301.0,taxi_13,picked
dyn_pax_1212,1808.0,2026-09-07 09:30:08,375049565#6,restaurant|subway_entrance|bus_stop,,789.5153251748014,798.8522330112556,37.49877353199428,127.02972351946808,,,,timeout
dyn_pax_1213,1809.0,2026-09-07 09:30:09,521766175#3,company|restaurant|subway_entrance|bus_stop,,373.6701172395771,1298.610217621072,37.50319695740621,127.02490310718325,,,,timeout
dyn_pax_1214,1811.0,2026-09-07 09:30:11,523141074#0,company|restaurant|subway_entrance,,524.0338794858329,871.4890157117229,37.4993777454413,127.02670460634431,,,,timeout
dyn_pax_1215,1811.0,2026-09-07 09:30:11,218857636#1,residential|company|restaurant|bus_stop,,297.92905089287035,623.2061345250047,37.49709839153085,127.02420706961871,2111.0,300.0,taxi_26,picked
dyn_pax_1216,1812.0,2026-09-07 09:30:12,309155295#0,company|restaurant,,688.2712938579457,529.5739965525526,37.49632868191341,127.02864258735015,,,,timeout
dyn_pax_1217,1814.0,2026-09-07 09:30:14,541692164#1,subway_entrance,,271.6277521231475,1406.6420105391767,37.5041508337347,127.02372362926798,2353.0,539.0,taxi_respawn_24,picked
dyn_pax_1218,1814.0,2026-09-07 09:30:14,-117790045#2,restaurant,,502.6238788004042,1360.6315306450858,37.50378004402999,127.0263465049606,1969.0,155.0,taxi_30,picked
dyn_pax_1219,1814.0,2026-09-07 09:30:14,218857636#1,residential|company|restaurant|bus_stop,,297.92905089287035,623.2061345250047,37.49709839153085,127.02420706961871,,,,timeout
dyn_pax_1220,1815.0,2026-09-07 09:30:15,-542367267#1,bus_stop,,247.51018316686128,1414.7184918773391,37.504219024473855,127.02344900430944,1897.0,82.0,taxi_20,picked
dyn_pax_1221,1818.0,2026-09-07 09:30:18,1117538957#3,restaurant|subway_entrance|bus_stop,,465.5082521847807,644.8780924026132,37.49732530507706,127.02609663221197,,,,timeout
dyn_pax_1222,1818.0,2026-09-07 09:30:18,-129731717#1,residential|company|restaurant,,188.433090102474,1374.3511058470413,37.503844200149025,127.0227905913032,1847.0,29.0,taxi_11,picked
dyn_pax_1223,1818.0,2026-09-07 09:30:18,-129731858#3,restaurant,,760.2046779472714,898.6469063162286,37.49966698472747,127.02936848203807,2053.0,235.0,taxi_respawn_20,picked
dyn_pax_1224,1818.0,2026-09-07 09:30:18,506191135#3,residential|company|restaurant|bus_stop,,238.79972345576414,789.4714057742513,37.49858497042428,127.023499044737,,,,timeout
dyn_pax_1225,1820.0,2026-09-07 09:30:20,521766182#1,company|restaurant|subway_entrance,,681.695169875507,539.6867345716422,37.496418539503196,127.02856584056028,,,,timeout
dyn_pax_1226,1823.0,2026-09-07 09:30:23,975332778#1,bus_stop,,681.6099970732737,721.9380561808346,37.49806030190971,127.02852170075586,1855.0,32.0,taxi_49,picked
dyn_pax_1227,1823.0,2026-09-07 09:30:23,506191135#3,residential|company|restaurant|bus_stop,,238.79972345576414,789.4714057742513,37.49858497042428,127.023499044737,,,,timeout
dyn_pax_1228,1823.0,2026-09-07 09:30:23,178441450#1,residential|company|restaurant|bus_stop,,282.90243066757296,609.4157395563556,37.496971320837204,127.02404044855805,,,,timeout
dyn_pax_1229,1826.0,2026-09-07 09:30:26,218873820#0,restaurant|subway_entrance|bus_stop,,628.9829311132032,562.4061665928522,37.49661325243901,127.02796447999128,,,,timeout
dyn_pax_1230,1828.0,2026-09-07 09:30:28,305539406,company|restaurant|subway_entrance,,566.389495917364,736.5285064605782,37.49816998085155,127.02721550408178,,,,timeout
dyn_pax_1231,1829.0,2026-09-07 09:30:29,1117538957#3,restaurant|subway_entrance|bus_stop,,465.5082521847807,644.8780924026132,37.49732530507706,127.02609663221197,,,,timeout
dyn_pax_1232,1831.0,2026-09-07 09:30:31,628232693#0,company|restaurant,,644.2623295929467,660.168099777976,37.49749680792099,127.0281140674837,2163.0,332.0,taxi_29,picked
dyn_pax_1233,1832.0,2026-09-07 09:30:32,521770119#1,restaurant|bus_stop,,527.3115514435282,995.8620162900467,37.50049875494786,127.02671217090477,2707.0,875.0,taxi_16,picked
dyn_pax_1234,1832.0,2026-09-07 09:30:32,1229817205#0,company|subway_entrance|bus_stop,,599.2457558679199,652.2907550986157,37.497417346160496,127.02760695963683,,,,timeout
dyn_pax_1235,1834.0,2026-09-07 09:30:34,541692164#1,subway_entrance,,271.6277521231475,1406.6420105391767,37.5041508337347,127.02372362926798,,,,timeout
dyn_pax_1236,1836.0,2026-09-07 09:30:36,117823785#0,company|restaurant,,1360.8740206736493,851.0492627492013,37.499351351792384,127.0361713398344,2255.0,419.0,taxi_respawn_8,picked
dyn_pax_1237,1837.0,2026-09-07 09:30:37,178441450#1,residential|company|restaurant|bus_stop,,282.90243066757296,609.4157395563556,37.496971320837204,127.02404044855805,,,,timeout
dyn_pax_1238,1840.0,2026-09-07 09:30:40,521770119#0,restaurant|bus_stop,,548.9831206778387,935.1148840516827,37.499955620541705,127.02697161236954,,,,timeout
dyn_pax_1239,1841.0,2026-09-07 09:30:41,305539406,company|restaurant|subway_entrance,,566.389495917364,736.5285064605782,37.49816998085155,127.02721550408178,,,,timeout
dyn_pax_1240,1844.0,2026-09-07 09:30:44,1229817205#0,company|subway_entrance|bus_stop,,599.2457558679199,652.2907550986157,37.497417346160496,127.02760695963683,,,,timeout
dyn_pax_1241,1846.0,2026-09-07 09:30:46,494824662#3,company|restaurant|subway_entrance,,729.424850252167,406.6843378518681,37.49522941823122,127.02913698209235,1967.0,121.0,taxi_1,picked
dyn_pax_1242,1847.0,2026-09-07 09:30:47,494824662#3,company|restaurant|subway_entrance,,729.424850252167,406.6843378518681,37.49522941823122,127.02913698209235,2042.0,195.0,taxi_respawn_13,picked
dyn_pax_1243,1848.0,2026-09-07 09:30:48,239962780#1,company|restaurant,,78.091042197054,1418.7355011637856,37.504223128704645,127.02153236485597,2212.0,364.0,taxi_35,picked
dyn_pax_1244,1848.0,2026-09-07 09:30:48,417933645#0,residential|restaurant,,823.1026288816429,385.61625104994533,37.49505730126708,127.03020109557775,2022.0,174.0,taxi_respawn_5,picked
dyn_pax_1245,1851.0,2026-09-07 09:30:51,1117538957#3,restaurant|subway_entrance|bus_stop,,465.5082521847807,644.8780924026132,37.49732530507706,127.02609663221197,2355.0,504.0,taxi_4,picked
dyn_pax_1246,1852.0,2026-09-07 09:30:52,1117538958#3,bus_stop,,160.18899290588462,540.6019911995099,37.49632820280781,127.02266936696756,2082.0,230.0,taxi_respawn_30,picked
dyn_pax_1247,1855.0,2026-09-07 09:30:55,-541692164#2,subway_entrance,,317.7122087179151,1441.0296574375257,37.504469327730426,127.0242365566347,,,,timeout
dyn_pax_1248,1857.0,2026-09-07 09:30:57,523141074#0,company|restaurant|subway_entrance,,524.0338794858329,871.4890157117229,37.4993777454413,127.02670460634431,,,,timeout
dyn_pax_1249,1860.0,2026-09-07 09:31:00,375049565#6,restaurant|subway_entrance|bus_stop,,789.5153251748014,798.8522330112556,37.49877353199428,127.02972351946808,,,,timeout
dyn_pax_1250,1861.0,2026-09-07 09:31:01,-417750336#3,school|company,,868.1859178511071,948.5147012398835,37.50013657861005,127.03057759421064,2178.0,317.0,taxi_30,picked
dyn_pax_1251,1862.0,2026-09-07 09:31:02,504509918#0,residential|restaurant,,511.83203920742636,882.9034728009249,37.49947826486711,127.02656393710718,2021.0,159.0,taxi_respawn_35,picked
dyn_pax_1252,1863.0,2026-09-07 09:31:03,541692164#1,subway_entrance,,271.6277521231475,1406.6420105391767,37.5041508337347,127.02372362926798,2358.0,495.0,taxi_respawn_26,picked
dyn_pax_1253,1863.0,2026-09-07 09:31:03,975332778#1,bus_stop,,681.6099970732737,721.9380561808346,37.49806030190971,127.02852170075586,2013.0,150.0,taxi_42,picked
dyn_pax_1254,1864.0,2026-09-07 09:31:04,-379232155,restaurant,,999.2800162208075,449.1965960198298,37.495663263085994,127.03217793178025,,,,timeout
dyn_pax_1255,1866.0,2026-09-07 09:31:06,521766180#1,company|restaurant|bus_stop,,466.73410130235357,1169.2838037446552,37.502049542882666,127.02598608796039,3172.0,1306.0,taxi_respawn_11,picked
dyn_pax_1256,1867.0,2026-09-07 09:31:07,218873820#0,restaurant|subway_entrance|bus_stop,,628.9829311132032,562.4061665928522,37.49661325243901,127.02796447999128,,,,timeout
dyn_pax_1257,1868.0,2026-09-07 09:31:08,-26163000#3,restaurant,,588.7487146070255,1286.0705793093782,37.50312464930957,127.02733802606956,1898.0,30.0,taxi_respawn_9,picked
dyn_pax_1258,1870.0,2026-09-07 09:31:10,521766180#1,company|restaurant|bus_stop,,466.73410130235357,1169.2838037446552,37.502049542882666,127.02598608796039,3477.0,1607.0,taxi_respawn_37,picked
dyn_pax_1259,1873.0,2026-09-07 09:31:13,523141074#0,company|restaurant|subway_entrance,,524.0338794858329,871.4890157117229,37.4993777454413,127.02670460634431,2365.0,492.0,taxi_33,picked
dyn_pax_1260,1874.0,2026-09-07 09:31:14,-379463134#6,restaurant,,651.5506250710082,1319.679135788758,37.50343926652266,127.02804017641046,1989.0,115.0,taxi_respawn_14,picked
dyn_pax_1261,1875.0,2026-09-07 09:31:15,178441450#1,residential|company|restaurant|bus_stop,,282.90243066757296,609.4157395563556,37.496971320837204,127.02404044855805,,,,timeout
dyn_pax_1262,1877.0,2026-09-07 09:31:17,1117538958#3,bus_stop,,160.18899290588462,540.6019911995099,37.49632820280781,127.02266936696756,2184.0,307.0,taxi_21,picked
dyn_pax_1263,1878.0,2026-09-07 09:31:18,218873820#0,restaurant|subway_entrance|bus_stop,,628.9829311132032,562.4061665928522,37.49661325243901,127.02796447999128,,,,timeout
dyn_pax_1264,1880.0,2026-09-07 09:31:20,-542367267#1,bus_stop,,247.51018316686128,1414.7184918773391,37.504219024473855,127.02344900430944,1906.0,26.0,taxi_18,picked
dyn_pax_1265,1881.0,2026-09-07 09:31:21,1117538957#3,restaurant|subway_entrance|bus_stop,,465.5082521847807,644.8780924026132,37.49732530507706,127.02609663221197,2370.0,489.0,taxi_5,picked
dyn_pax_1266,1881.0,2026-09-07 09:31:21,178441450#1,residential|company|restaurant|bus_stop,,282.90243066757296,609.4157395563556,37.496971320837204,127.02404044855805,,,,timeout
dyn_pax_1267,1883.0,2026-09-07 09:31:23,1376141183#0,bus_stop,,548.2528111146681,901.2117688498424,37.49965007283687,127.02697139402301,,,,timeout
dyn_pax_1268,1884.0,2026-09-07 09:31:24,375049565#6,restaurant|subway_entrance|bus_stop,,789.5153251748014,798.8522330112556,37.49877353199428,127.02972351946808,,,,timeout
dyn_pax_1269,1885.0,2026-09-07 09:31:25,-129731834#1,residential,,78.2122165689223,720.9585140244731,37.49793738265588,127.02169964763026,,,,timeout
dyn_pax_1270,1886.0,2026-09-07 09:31:26,1117538957#3,restaurant|subway_entrance|bus_stop,,465.5082521847807,644.8780924026132,37.49732530507706,127.02609663221197,,,,timeout
dyn_pax_1271,1887.0,2026-09-07 09:31:27,417933642#0,restaurant|bus_stop,,1041.0954363710525,463.30841921497654,37.49579826441859,127.03264736696761,,,,timeout
dyn_pax_1272,1888.0,2026-09-07 09:31:28,1537068130#0,residential,,915.247444986279,1279.656751811989,37.50312848832193,127.03103134780491,1963.0,75.0,taxi_27,picked
dyn_pax_1273,1889.0,2026-09-07 09:31:29,-542367267#1,bus_stop,,247.51018316686128,1414.7184918773391,37.504219024473855,127.02344900430944,1994.0,105.0,taxi_39,picked
dyn_pax_1274,1890.0,2026-09-07 09:31:30,494824662#3,company|restaurant|subway_entrance,,729.424850252167,406.6843378518681,37.49522941823122,127.02913698209235,,,,timeout
dyn_pax_1275,1892.0,2026-09-07 09:31:32,1117538957#3,restaurant|subway_entrance|bus_stop,,465.5082521847807,644.8780924026132,37.49732530507706,127.02609663221197,,,,timeout
dyn_pax_1276,1892.0,2026-09-07 09:31:32,521770116#2,company|restaurant|bus_stop,,432.3182248087171,1108.514093563608,37.50149560521279,127.02561136613096,2464.0,572.0,taxi_respawn_7,picked
dyn_pax_1277,1893.0,2026-09-07 09:31:33,1117538957#3,restaurant|subway_entrance|bus_stop,,465.5082521847807,644.8780924026132,37.49732530507706,127.02609663221197,,,,timeout
dyn_pax_1278,1893.0,2026-09-07 09:31:33,-417933645#1,restaurant,,753.9829961438405,551.6859834676363,37.49654027420169,127.02938030242663,1928.0,35.0,taxi_17,picked
dyn_pax_1279,1896.0,2026-09-07 09:31:36,218873820#0,restaurant|subway_entrance|bus_stop,,628.9829311132032,562.4061665928522,37.49661325243901,127.02796447999128,,,,timeout
dyn_pax_1280,1898.0,2026-09-07 09:31:38,521766175#3,company|restaurant|subway_entrance|bus_stop,,373.6701172395771,1298.610217621072,37.50319695740621,127.02490310718325,,,,timeout
dyn_pax_1281,1898.0,2026-09-07 09:31:38,-913950883#1,residential|company|restaurant,,391.36286393582424,840.6655979518604,37.49907500229157,127.0252118555046,2122.0,224.0,taxi_6,picked
dyn_pax_1282,1900.0,2026-09-07 09:31:40,520307304#0,school|subway_entrance|bus_stop,,602.6035134310263,763.145495629718,37.498416594724866,127.02761864854104,,,,timeout
dyn_pax_1283,1901.0,2026-09-07 09:31:41,-417933645#2,company|restaurant|subway_entrance,,701.1658676593129,719.5455833044954,37.49804244093877,127.02874337560036,2376.0,475.0,taxi_respawn_29,picked
dyn_pax_1284,1901.0,2026-09-07 09:31:41,521766175#1,company|restaurant|subway_entrance,,332.9365590021661,1411.5585828157227,37.504206724109,127.02441570308932,,,,timeout
dyn_pax_1285,1903.0,2026-09-07 09:31:43,1376141183#0,bus_stop,,548.2528111146681,901.2117688498424,37.49965007283687,127.02697139402301,,,,timeout
dyn_pax_1286,1904.0,2026-09-07 09:31:44,1117538958#3,bus_stop,,160.18899290588462,540.6019911995099,37.49632820280781,127.02266936696756,2190.0,286.0,taxi_33,picked
dyn_pax_1287,1904.0,2026-09-07 09:31:44,117823785#0,company|restaurant,,1360.8740206736493,851.0492627492013,37.499351351792384,127.0361713398344,,,,timeout
dyn_pax_1288,1906.0,2026-09-07 09:31:46,-417933645#2,company|restaurant|subway_entrance,,701.1658676593129,719.5455833044954,37.49804244093877,127.02874337560036,,,,timeout
dyn_pax_1289,1909.0,2026-09-07 09:31:49,521766175#1,company|restaurant|subway_entrance,,332.9365590021661,1411.5585828157227,37.504206724109,127.02441570308932,,,,timeout
dyn_pax_1290,1910.0,2026-09-07 09:31:50,521766180#1,company|restaurant|bus_stop,,466.73410130235357,1169.2838037446552,37.502049542882666,127.02598608796039,2266.0,356.0,taxi_25,picked
dyn_pax_1291,1910.0,2026-09-07 09:31:50,117790036#1,company,,849.7103307162836,1232.6514730855474,37.50269269072902,127.03030143103514,2068.0,158.0,taxi_14,picked
dyn_pax_1292,1912.0,2026-09-07 09:31:52,218877837#2,company|restaurant|bus_stop,,479.4555212141038,978.0213907550284,37.500328997763305,127.02617530290202,2279.0,367.0,taxi_respawn_31,picked
dyn_pax_1293,1915.0,2026-09-07 09:31:55,506191135#3,residential|company|restaurant|bus_stop,,238.79972345576414,789.4714057742513,37.49858497042428,127.023499044737,,,,timeout
dyn_pax_1294,1916.0,2026-09-07 09:31:56,375049565#6,restaurant|subway_entrance|bus_stop,,789.5153251748014,798.8522330112556,37.49877353199428,127.02972351946808,,,,timeout
dyn_pax_1295,1918.0,2026-09-07 09:31:58,218873820#0,restaurant|subway_entrance|bus_stop,,628.9829311132032,562.4061665928522,37.49661325243901,127.02796447999128,,,,timeout
dyn_pax_1296,1919.0,2026-09-07 09:31:59,521770119#0,restaurant|bus_stop,,548.9831206778387,935.1148840516827,37.499955620541705,127.02697161236954,,,,timeout
dyn_pax_1297,1920.0,2026-09-07 09:32:00,1537068130#0,residential,,915.247444986279,1279.656751811989,37.50312848832193,127.03103134780491,2193.0,273.0,taxi_42,picked
dyn_pax_1298,1922.0,2026-09-07 09:32:02,117790036#1,company,,849.7103307162836,1232.6514730855474,37.50269269072902,127.03030143103514,2114.0,192.0,taxi_respawn_6,picked
dyn_pax_1299,1923.0,2026-09-07 09:32:03,521766175#3,company|restaurant|subway_entrance|bus_stop,,373.6701172395771,1298.610217621072,37.50319695740621,127.02490310718325,,,,timeout
dyn_pax_1300,1926.0,2026-09-07 09:32:06,218873820#0,restaurant|subway_entrance|bus_stop,,628.9829311132032,562.4061665928522,37.49661325243901,127.02796447999128,,,,timeout
dyn_pax_1301,1927.0,2026-09-07 09:32:07,521766182#1,company|restaurant|subway_entrance,,681.695169875507,539.6867345716422,37.496418539503196,127.02856584056028,,,,timeout
dyn_pax_1302,1927.0,2026-09-07 09:32:07,309155295#3,restaurant,,868.2249250208004,595.011595969151,37.496952113096654,127.03066169877924,2012.0,85.0,taxi_34,picked
dyn_pax_1303,1929.0,2026-09-07 09:32:09,523141074#0,company|restaurant|subway_entrance,,524.0338794858329,871.4890157117229,37.4993777454413,127.02670460634431,,,,timeout
dyn_pax_1304,1932.0,2026-09-07 09:32:12,375049565#6,restaurant|subway_entrance|bus_stop,,789.5153251748014,798.8522330112556,37.49877353199428,127.02972351946808,,,,timeout
dyn_pax_1305,1933.0,2026-09-07 09:32:13,305539406,company|restaurant|subway_entrance,,566.389495917364,736.5285064605782,37.49816998085155,127.02721550408178,2375.0,442.0,taxi_21,picked
dyn_pax_1306,1935.0,2026-09-07 09:32:15,417933642#0,restaurant|bus_stop,,1041.0954363710525,463.30841921497654,37.49579826441859,127.03264736696761,,,,timeout
dyn_pax_1307,1939.0,2026-09-07 09:32:19,305539406,company|restaurant|subway_entrance,,566.389495917364,736.5285064605782,37.49816998085155,127.02721550408178,,,,timeout
dyn_pax_1308,1942.0,2026-09-07 09:32:22,1117538958#3,bus_stop,,160.18899290588462,540.6019911995099,37.49632820280781,127.02266936696756,2195.0,253.0,taxi_19,picked
dyn_pax_1309,1944.0,2026-09-07 09:32:24,-506191135#2,residential|bus_stop,,236.19733776439384,769.6838415951818,37.49840622577806,127.02347432089968,2454.0,510.0,taxi_27,picked
dyn_pax_1310,1945.0,2026-09-07 09:32:25,1117538958#3,bus_stop,,160.18899290588462,540.6019911995099,37.49632820280781,127.02266936696756,2390.0,445.0,taxi_respawn_28,picked
dyn_pax_1311,1945.0,2026-09-07 09:32:25,-506191135#22,residential|company|restaurant|bus_stop,,38.693950105848444,1321.9513167019495,37.50334380565249,127.02110990869835,2218.0,273.0,taxi_17,picked
dyn_pax_1312,1946.0,2026-09-07 09:32:26,117823785#0,company|restaurant,,1360.8740206736493,851.0492627492013,37.499351351792384,127.0361713398344,,,,timeout
dyn_pax_1313,1949.0,2026-09-07 09:32:29,218877837#0,company,,455.71990885566936,1045.563527646426,37.50093295148158,127.02589090425857,2166.0,217.0,taxi_12,picked
dyn_pax_1314,1951.0,2026-09-07 09:32:31,417933645#0,residential|restaurant,,823.1026288816429,385.61625104994533,37.49505730126708,127.03020109557775,,,,timeout
dyn_pax_1315,1951.0,2026-09-07 09:32:31,117790036#1,company,,849.7103307162836,1232.6514730855474,37.50269269072902,127.03030143103514,2167.0,216.0,taxi_5,picked
dyn_pax_1316,1952.0,2026-09-07 09:32:32,520307304#0,school|subway_entrance|bus_stop,,602.6035134310263,763.145495629718,37.498416594724866,127.02761864854104,,,,timeout
dyn_pax_1317,1953.0,2026-09-07 09:32:33,-506191135#2,residential|bus_stop,,236.19733776439384,769.6838415951818,37.49840622577806,127.02347432089968,,,,timeout
dyn_pax_1318,1955.0,2026-09-07 09:32:35,218857636#1,residential|company|restaurant|bus_stop,,297.92905089287035,623.2061345250047,37.49709839153085,127.02420706961871,,,,timeout
dyn_pax_1319,1956.0,2026-09-07 09:32:36,218873820#0,restaurant|subway_entrance|bus_stop,,628.9829311132032,562.4061665928522,37.49661325243901,127.02796447999128,,,,timeout
dyn_pax_1320,1956.0,2026-09-07 09:32:36,417933646#2,residential|restaurant,,830.3119525357222,594.5819430897021,37.496941093289735,127.0302331440542,2354.0,398.0,taxi_46,picked
dyn_pax_1321,1958.0,2026-09-07 09:32:38,1376141183#0,bus_stop,,548.2528111146681,901.2117688498424,37.49965007283687,127.02697139402301,,,,timeout
dyn_pax_1322,1958.0,2026-09-07 09:32:38,309155295#1,restaurant,,764.2225196982893,558.1760304781078,37.4966006705371,127.0294945363528,1978.0,20.0,taxi_0,picked
dyn_pax_1323,1959.0,2026-09-07 09:32:39,521766175#3,company|restaurant|subway_entrance|bus_stop,,373.6701172395771,1298.610217621072,37.50319695740621,127.02490310718325,,,,timeout
dyn_pax_1324,1959.0,2026-09-07 09:32:39,218857636#1,residential|company|restaurant|bus_stop,,297.92905089287035,623.2061345250047,37.49709839153085,127.02420706961871,,,,timeout
dyn_pax_1325,1960.0,2026-09-07 09:32:40,520307304#0,school|subway_entrance|bus_stop,,602.6035134310263,763.145495629718,37.498416594724866,127.02761864854104,,,,timeout
dyn_pax_1326,1961.0,2026-09-07 09:32:41,521766175#3,company|restaurant|subway_entrance|bus_stop,,373.6701172395771,1298.610217621072,37.50319695740621,127.02490310718325,,,,timeout
dyn_pax_1327,1962.0,2026-09-07 09:32:42,541692164#1,subway_entrance,,271.6277521231475,1406.6420105391767,37.5041508337347,127.02372362926798,2456.0,494.0,taxi_38,picked
dyn_pax_1328,1962.0,2026-09-07 09:32:42,504227069,residential|restaurant,,587.1158993285404,291.7776336445087,37.494167438547194,127.02755526357365,,,,timeout
dyn_pax_1329,1964.0,2026-09-07 09:32:44,375049565#6,restaurant|subway_entrance|bus_stop,,789.5153251748014,798.8522330112556,37.49877353199428,127.02972351946808,,,,timeout
dyn_pax_1330,1964.0,2026-09-07 09:32:44,117790041#3,restaurant,,485.8172797724441,1249.4366376844557,37.50277519064896,127.0261828476699,2002.0,38.0,taxi_respawn_24,picked
dyn_pax_1331,1966.0,2026-09-07 09:32:46,-557469234,restaurant,,929.7298817515857,1030.9986809445256,37.50089122514563,127.03125394368278,2054.0,88.0,taxi_respawn_15,picked
dyn_pax_1332,1966.0,2026-09-07 09:32:46,417933646#0,restaurant,,894.2617302193242,410.3206078764906,37.49529326349135,127.03099977850056,,,,timeout
dyn_pax_1333,1968.0,2026-09-07 09:32:48,521766175#3,company|restaurant|subway_entrance|bus_stop,,373.6701172395771,1298.610217621072,37.50319695740621,127.02490310718325,,,,timeout
dyn_pax_1334,1970.0,2026-09-07 09:32:50,1056882877#3,residential|company|restaurant,,365.79280968467333,433.0557487307964,37.495398294451746,127.02501948586043,2255.0,285.0,taxi_respawn_18,picked
dyn_pax_1335,1972.0,2026-09-07 09:32:52,975332778#0,restaurant,,667.9217791522676,716.9366930139246,37.49801266412058,127.02836812020041,2044.0,72.0,taxi_respawn_22,picked
dyn_pax_1336,1973.0,2026-09-07 09:32:53,520307304#0,school|subway_entrance|bus_stop,,602.6035134310263,763.145495629718,37.498416594724866,127.02761864854104,,,,timeout
dyn_pax_1337,1975.0,2026-09-07 09:32:55,1376141182#0,bus_stop,,385.7154046370183,1301.0311255965628,37.50322104370192,127.02503873135461,,,,timeout
dyn_pax_1338,1976.0,2026-09-07 09:32:56,-504509918#2,company|restaurant|bus_stop,,398.9694242295193,827.4758220967593,37.49895762305832,127.02530099003066,2032.0,56.0,taxi_49,picked
dyn_pax_1339,1976.0,2026-09-07 09:32:56,-417750336#3,school|company,,868.1859178511071,948.5147012398835,37.50013657861005,127.03057759421064,2215.0,239.0,taxi_20,picked
dyn_pax_1340,1977.0,2026-09-07 09:32:57,504227067#4,residential|restaurant,,502.84500120553366,479.2066548114549,37.49583994070096,127.02655806263846,2120.0,143.0,taxi_respawn_34,picked
dyn_pax_1341,1978.0,2026-09-07 09:32:58,494824662#3,company|restaurant|subway_entrance,,729.424850252167,406.6843378518681,37.49522941823122,127.02913698209235,,,,timeout
dyn_pax_1342,1978.0,2026-09-07 09:32:58,-309155295#2,restaurant,,851.6644930724242,598.8503866590313,37.496983571544654,127.03047355257749,,,,timeout
dyn_pax_1343,1979.0,2026-09-07 09:32:59,1376141182#0,bus_stop,,385.7154046370183,1301.0311255965628,37.50322104370192,127.02503873135461,,,,timeout
dyn_pax_1344,1979.0,2026-09-07 09:32:59,117790051#4,restaurant,,495.1920534812603,1378.4842065286966,37.50393946166789,127.02625823552458,2240.0,261.0,taxi_24,picked
dyn_pax_1345,1981.0,2026-09-07 09:33:01,523141074#0,company|restaurant|subway_entrance,,524.0338794858329,871.4890157117229,37.4993777454413,127.02670460634431,,,,timeout
dyn_pax_1346,1982.0,2026-09-07 09:33:02,-506191135#2,residential|bus_stop,,236.19733776439384,769.6838415951818,37.49840622577806,127.02347432089968,,,,timeout
dyn_pax_1347,1984.0,2026-09-07 09:33:04,520307304#0,school|subway_entrance|bus_stop,,602.6035134310263,763.145495629718,37.498416594724866,127.02761864854104,,,,timeout
dyn_pax_1348,1985.0,2026-09-07 09:33:05,521766175#1,company|restaurant|subway_entrance,,332.9365590021661,1411.5585828157227,37.504206724109,127.02441570308932,,,,timeout
dyn_pax_1349,1987.0,2026-09-07 09:33:07,-541692164#2,subway_entrance,,317.7122087179151,1441.0296574375257,37.504469327730426,127.0242365566347,2437.0,450.0,taxi_30,picked
dyn_pax_1350,1987.0,2026-09-07 09:33:07,305539406,company|restaurant|subway_entrance,,566.389495917364,736.5285064605782,37.49816998085155,127.02721550408178,2488.0,501.0,taxi_39,picked
dyn_pax_1351,1988.0,2026-09-07 09:33:08,1229817205#1,residential|bus_stop,,631.6400080768872,572.7061575261558,37.49670653972221,127.02799208080955,2426.0,438.0,taxi_22,picked
dyn_pax_1352,1988.0,2026-09-07 09:33:08,1117538958#2,company,,104.12900552775619,520.131995808405,37.496133188537314,127.02204040818502,2059.0,71.0,taxi_18,picked
dyn_pax_1353,1990.0,2026-09-07 09:33:10,480850873,company|restaurant|bus_stop,,548.1935052770749,708.5896639848544,37.49791486187585,127.0270163956136,2268.0,278.0,taxi_respawn_16,picked
dyn_pax_1354,1990.0,2026-09-07 09:33:10,117790039#0,restaurant,,1059.1652257347846,901.0190091909938,37.49974471524068,127.0327481916661,2122.0,132.0,taxi_27,picked
dyn_pax_1355,1991.0,2026-09-07 09:33:11,-417933645#2,company|restaurant|subway_entrance,,701.1658676593129,719.5455833044954,37.49804244093877,127.02874337560036,,,,timeout
dyn_pax_1356,1992.0,2026-09-07 09:33:12,-117790031#1,restaurant,,730.7814463439225,1053.3410552584976,37.501054966737435,127.02899915797848,2487.0,495.0,taxi_17,picked
dyn_pax_1357,1993.0,2026-09-07 09:33:13,1229817205#0,company|subway_entrance|bus_stop,,599.2457558679199,652.2907550986157,37.497417346160496,127.02760695963683,2521.0,528.0,taxi_19,picked
dyn_pax_1358,1994.0,2026-09-07 09:33:14,218873820#0,restaurant|subway_entrance|bus_stop,,628.9829311132032,562.4061665928522,37.49661325243901,127.02796447999128,,,,timeout
dyn_pax_1359,1995.0,2026-09-07 09:33:15,417933642#0,restaurant|bus_stop,,1041.0954363710525,463.30841921497654,37.49579826441859,127.03264736696761,2493.0,498.0,taxi_31,picked
dyn_pax_1360,1995.0,2026-09-07 09:33:15,417731530,company|restaurant,,191.66975375905443,1429.5779711342507,37.5043423120142,127.02281406437154,2041.0,46.0,taxi_12,picked
dyn_pax_1361,2001.0,2026-09-07 09:33:21,1117538957#3,restaurant|subway_entrance|bus_stop,,465.5082521847807,644.8780924026132,37.49732530507706,127.02609663221197,,,,timeout
dyn_pax_1362,2003.0,2026-09-07 09:33:23,1229817205#0,company|subway_entrance|bus_stop,,599.2457558679199,652.2907550986157,37.497417346160496,127.02760695963683,,,,timeout
dyn_pax_1363,2004.0,2026-09-07 09:33:24,-542367267#1,bus_stop,,247.51018316686128,1414.7184918773391,37.504219024473855,127.02344900430944,2076.0,72.0,taxi_35,picked
dyn_pax_1364,2004.0,2026-09-07 09:33:24,-129731857#1,restaurant,,773.0987126859483,849.1784152186673,37.4992237894183,127.02952598601298,2261.0,257.0,taxi_respawn_10,picked
dyn_pax_1365,2005.0,2026-09-07 09:33:25,178441450#1,residential|company|restaurant|bus_stop,,282.90243066757296,609.4157395563556,37.496971320837204,127.02404044855805,2411.0,406.0,taxi_26,picked
dyn_pax_1366,2007.0,2026-09-07 09:33:27,375049565#6,restaurant|subway_entrance|bus_stop,,789.5153251748014,798.8522330112556,37.49877353199428,127.02972351946808,,,,timeout
dyn_pax_1367,2008.0,2026-09-07 09:33:28,1229817205#1,residential|bus_stop,,631.6400080768872,572.7061575261558,37.49670653972221,127.02799208080955,,,,timeout
dyn_pax_1368,2010.0,2026-09-07 09:33:30,375049565#6,restaurant|subway_entrance|bus_stop,,789.5153251748014,798.8522330112556,37.49877353199428,127.02972351946808,,,,timeout
dyn_pax_1369,2011.0,2026-09-07 09:33:31,-504509918#2,company|restaurant|bus_stop,,398.9694242295193,827.4758220967593,37.49895762305832,127.02530099003066,2042.0,31.0,taxi_respawn_16,picked
dyn_pax_1370,2014.0,2026-09-07 09:33:34,1229817205#0,company|subway_entrance|bus_stop,,599.2457558679199,652.2907550986157,37.497417346160496,127.02760695963683,,,,timeout
dyn_pax_1371,2016.0,2026-09-07 09:33:36,218873820#0,restaurant|subway_entrance|bus_stop,,628.9829311132032,562.4061665928522,37.49661325243901,127.02796447999128,,,,timeout
dyn_pax_1372,2017.0,2026-09-07 09:33:37,-504509918#2,company|restaurant|bus_stop,,398.9694242295193,827.4758220967593,37.49895762305832,127.02530099003066,2123.0,106.0,taxi_respawn_28,picked
dyn_pax_1373,2019.0,2026-09-07 09:33:39,521766175#3,company|restaurant|subway_entrance|bus_stop,,373.6701172395771,1298.610217621072,37.50319695740621,127.02490310718325,,,,timeout
dyn_pax_1374,2021.0,2026-09-07 09:33:41,-117790045#1,restaurant,,534.0975884889299,1266.9858058167179,37.502942402865294,127.02672459950128,2093.0,72.0,taxi_respawn_10,picked
dyn_pax_1375,2022.0,2026-09-07 09:33:42,305539406,company|restaurant|subway_entrance,,566.389495917364,736.5285064605782,37.49816998085155,127.02721550408178,,,,timeout
dyn_pax_1376,2024.0,2026-09-07 09:33:44,218873820#0,restaurant|subway_entrance|bus_stop,,628.9829311132032,562.4061665928522,37.49661325243901,127.02796447999128,,,,timeout
dyn_pax_1377,2025.0,2026-09-07 09:33:45,521766175#1,company|restaurant|subway_entrance,,332.9365590021661,1411.5585828157227,37.504206724109,127.02441570308932,,,,timeout
dyn_pax_1378,2027.0,2026-09-07 09:33:47,520307304#0,school|subway_entrance|bus_stop,,602.6035134310263,763.145495629718,37.498416594724866,127.02761864854104,,,,timeout
dyn_pax_1379,2028.0,2026-09-07 09:33:48,218864491#0,restaurant|bus_stop,,769.9803916976219,760.1217113917903,37.49842094941813,127.02951181742357,,,,timeout
dyn_pax_1380,2030.0,2026-09-07 09:33:50,218873820#0,restaurant|subway_entrance|bus_stop,,628.9829311132032,562.4061665928522,37.49661325243901,127.02796447999128,,,,timeout
dyn_pax_1381,2030.0,2026-09-07 09:33:50,-506191135#22,residential|company|restaurant|bus_stop,,38.693950105848444,1321.9513167019495,37.50334380565249,127.02110990869835,2267.0,237.0,taxi_26,picked
dyn_pax_1382,2031.0,2026-09-07 09:33:51,521766175#3,company|restaurant|subway_entrance|bus_stop,,373.6701172395771,1298.610217621072,37.50319695740621,127.02490310718325,2527.0,496.0,taxi_18,picked
dyn_pax_1383,2033.0,2026-09-07 09:33:53,1117538958#3,bus_stop,,160.18899290588462,540.6019911995099,37.49632820280781,127.02266936696756,2469.0,436.0,taxi_29,picked
dyn_pax_1384,2034.0,2026-09-07 09:33:54,521766180#1,company|restaurant|bus_stop,,466.73410130235357,1169.2838037446552,37.502049542882666,127.02598608796039,2625.0,591.0,taxi_respawn_13,picked
dyn_pax_1385,2036.0,2026-09-07 09:33:56,178441450#1,residential|company|restaurant|bus_stop,,282.90243066757296,609.4157395563556,37.496971320837204,127.02404044855805,2444.0,408.0,taxi_respawn_18,picked
dyn_pax_1386,2037.0,2026-09-07 09:33:57,506191135#3,residential|company|restaurant|bus_stop,,238.79972345576414,789.4714057742513,37.49858497042428,127.023499044737,,,,timeout
dyn_pax_1387,2039.0,2026-09-07 09:33:59,-417933645#2,company|restaurant|subway_entrance,,701.1658676593129,719.5455833044954,37.49804244093877,127.02874337560036,2550.0,511.0,taxi_respawn_26,picked
dyn_pax_1388,2040.0,2026-09-07 09:34:00,520307304#0,school|subway_entrance|bus_stop,,602.6035134310263,763.145495629718,37.498416594724866,127.02761864854104,,,,timeout
dyn_pax_1389,2042.0,2026-09-07 09:34:02,218857636#1,residential|company|restaurant|bus_stop,,297.92905089287035,623.2061345250047,37.49709839153085,127.02420706961871,,,,timeout
dyn_pax_1390,2044.0,2026-09-07 09:34:04,1229817205#0,company|subway_entrance|bus_stop,,599.2457558679199,652.2907550986157,37.497417346160496,127.02760695963683,,,,timeout
dyn_pax_1391,2044.0,2026-09-07 09:34:04,521770119#0,restaurant|bus_stop,,548.9831206778387,935.1148840516827,37.499955620541705,127.02697161236954,,,,timeout
dyn_pax_1392,2045.0,2026-09-07 09:34:05,-417933645#2,company|restaurant|subway_entrance,,701.1658676593129,719.5455833044954,37.49804244093877,127.02874337560036,,,,timeout
dyn_pax_1393,2048.0,2026-09-07 09:34:08,506191135#3,residential|company|restaurant|bus_stop,,238.79972345576414,789.4714057742513,37.49858497042428,127.023499044737,,,,timeout
dyn_pax_1394,2051.0,2026-09-07 09:34:11,375049565#6,restaurant|subway_entrance|bus_stop,,789.5153251748014,798.8522330112556,37.49877353199428,127.02972351946808,,,,timeout
dyn_pax_1395,2054.0,2026-09-07 09:34:14,218864491#0,restaurant|bus_stop,,769.9803916976219,760.1217113917903,37.49842094941813,127.02951181742357,,,,timeout
dyn_pax_1396,2054.0,2026-09-07 09:34:14,805827756#0,restaurant,,725.8600087193602,932.9429066344904,37.49996945301828,127.02897203227693,2553.0,499.0,taxi_40,picked
dyn_pax_1397,2056.0,2026-09-07 09:34:16,521770119#0,restaurant|bus_stop,,548.9831206778387,935.1148840516827,37.499955620541705,127.02697161236954,,,,timeout
dyn_pax_1398,2057.0,2026-09-07 09:34:17,375049565#6,restaurant|subway_entrance|bus_stop,,789.5153251748014,798.8522330112556,37.49877353199428,127.02972351946808,,,,timeout
dyn_pax_1399,2059.0,2026-09-07 09:34:19,521766182#1,company|restaurant|subway_entrance,,681.695169875507,539.6867345716422,37.496418539503196,127.02856584056028,,,,timeout
dyn_pax_1400,2062.0,2026-09-07 09:34:22,-541692164#2,subway_entrance,,317.7122087179151,1441.0296574375257,37.504469327730426,127.0242365566347,2527.0,465.0,taxi_24,picked
dyn_pax_1401,2063.0,2026-09-07 09:34:23,1117538957#3,restaurant|subway_entrance|bus_stop,,465.5082521847807,644.8780924026132,37.49732530507706,127.02609663221197,,,,timeout
dyn_pax_1402,2063.0,2026-09-07 09:34:23,1376141182#0,bus_stop,,385.7154046370183,1301.0311255965628,37.50322104370192,127.02503873135461,2726.0,663.0,taxi_36,picked
dyn_pax_1403,2063.0,2026-09-07 09:34:23,-129731857#2,restaurant,,875.7452923990509,884.8037873845144,37.499564075208866,127.03067814538078,2086.0,23.0,taxi_24,picked
dyn_pax_1404,2065.0,2026-09-07 09:34:25,1117538958#3,bus_stop,,160.18899290588462,540.6019911995099,37.49632820280781,127.02266936696756,2480.0,415.0,taxi_respawn_16,picked
dyn_pax_1405,2065.0,2026-09-07 09:34:25,1056882877#3,residential|company|restaurant,,365.79280968467333,433.0557487307964,37.495398294451746,127.02501948586043,2450.0,385.0,taxi_respawn_8,picked
dyn_pax_1406,2067.0,2026-09-07 09:34:27,-506191135#22,residential|company|restaurant|bus_stop,,38.693950105848444,1321.9513167019495,37.50334380565249,127.02110990869835,2310.0,243.0,taxi_respawn_5,picked
dyn_pax_1407,2069.0,2026-09-07 09:34:29,-309155295#2,restaurant,,851.6644930724242,598.8503866590313,37.496983571544654,127.03047355257749,,,,timeout
dyn_pax_1408,2070.0,2026-09-07 09:34:30,1229817205#1,residential|bus_stop,,631.6400080768872,572.7061575261558,37.49670653972221,127.02799208080955,,,,timeout
dyn_pax_1409,2071.0,2026-09-07 09:34:31,521770116#2,company|restaurant|bus_stop,,432.3182248087171,1108.514093563608,37.50149560521279,127.02561136613096,2490.0,419.0,taxi_respawn_38,picked
dyn_pax_1410,2071.0,2026-09-07 09:34:31,417933645#0,residential|restaurant,,823.1026288816429,385.61625104994533,37.49505730126708,127.03020109557775,,,,timeout
dyn_pax_1411,2073.0,2026-09-07 09:34:33,494824662#3,company|restaurant|subway_entrance,,729.424850252167,406.6843378518681,37.49522941823122,127.02913698209235,,,,timeout
dyn_pax_1412,2074.0,2026-09-07 09:34:34,521766182#1,company|restaurant|subway_entrance,,681.695169875507,539.6867345716422,37.496418539503196,127.02856584056028,,,,timeout
dyn_pax_1413,2075.0,2026-09-07 09:34:35,305539406,company|restaurant|subway_entrance,,566.389495917364,736.5285064605782,37.49816998085155,127.02721550408178,,,,timeout
dyn_pax_1414,2076.0,2026-09-07 09:34:36,520307304#0,school|subway_entrance|bus_stop,,602.6035134310263,763.145495629718,37.498416594724866,127.02761864854104,,,,timeout
dyn_pax_1415,2077.0,2026-09-07 09:34:37,305539406,company|restaurant|subway_entrance,,566.389495917364,736.5285064605782,37.49816998085155,127.02721550408178,,,,timeout
dyn_pax_1416,2079.0,2026-09-07 09:34:39,506191135#3,residential|company|restaurant|bus_stop,,238.79972345576414,789.4714057742513,37.49858497042428,127.023499044737,,,,timeout
dyn_pax_1417,2080.0,2026-09-07 09:34:40,-506191135#22,residential|company|restaurant|bus_stop,,38.693950105848444,1321.9513167019495,37.50334380565249,127.02110990869835,2514.0,434.0,taxi_42,picked
dyn_pax_1418,2080.0,2026-09-07 09:34:40,-504509918#2,company|restaurant|bus_stop,,398.9694242295193,827.4758220967593,37.49895762305832,127.02530099003066,2131.0,51.0,taxi_respawn_38,picked
dyn_pax_1419,2081.0,2026-09-07 09:34:41,-504509918#2,company|restaurant|bus_stop,,398.9694242295193,827.4758220967593,37.49895762305832,127.02530099003066,2162.0,81.0,taxi_0,picked
dyn_pax_1420,2082.0,2026-09-07 09:34:42,-504509918#2,company|restaurant|bus_stop,,398.9694242295193,827.4758220967593,37.49895762305832,127.02530099003066,2392.0,310.0,taxi_7,picked
dyn_pax_1421,2083.0,2026-09-07 09:34:43,520307304#0,school|subway_entrance|bus_stop,,602.6035134310263,763.145495629718,37.498416594724866,127.02761864854104,,,,timeout
dyn_pax_1422,2085.0,2026-09-07 09:34:45,1376141182#0,bus_stop,,385.7154046370183,1301.0311255965628,37.50322104370192,127.02503873135461,,,,timeout
dyn_pax_1423,2086.0,2026-09-07 09:34:46,521766175#3,company|restaurant|subway_entrance|bus_stop,,373.6701172395771,1298.610217621072,37.50319695740621,127.02490310718325,,,,timeout
dyn_pax_1424,2086.0,2026-09-07 09:34:46,417933646#2,residential|restaurant,,830.3119525357222,594.5819430897021,37.496941093289735,127.0302331440542,2536.0,450.0,taxi_5,picked
dyn_pax_1425,2088.0,2026-09-07 09:34:48,523141074#0,company|restaurant|subway_entrance,,524.0338794858329,871.4890157117229,37.4993777454413,127.02670460634431,2573.0,485.0,taxi_8,picked
dyn_pax_1426,2088.0,2026-09-07 09:34:48,541692164#1,subway_entrance,,271.6277521231475,1406.6420105391767,37.5041508337347,127.02372362926798,2462.0,374.0,taxi_respawn_2,picked
dyn_pax_1427,2089.0,2026-09-07 09:34:49,1229817205#0,company|subway_entrance|bus_stop,,599.2457558679199,652.2907550986157,37.497417346160496,127.02760695963683,,,,timeout
dyn_pax_1428,2091.0,2026-09-07 09:34:51,218857636#1,residential|company|restaurant|bus_stop,,297.92905089287035,623.2061345250047,37.49709839153085,127.02420706961871,,,,timeout
dyn_pax_1429,2091.0,2026-09-07 09:34:51,1056882877#3,residential|company|restaurant,,365.79280968467333,433.0557487307964,37.495398294451746,127.02501948586043,2520.0,429.0,taxi_respawn_27,picked
dyn_pax_1430,2093.0,2026-09-07 09:34:53,178441450#1,residential|company|restaurant|bus_stop,,282.90243066757296,609.4157395563556,37.496971320837204,127.02404044855805,,,,timeout
dyn_pax_1431,2093.0,2026-09-07 09:34:53,521766175#3,company|restaurant|subway_entrance|bus_stop,,373.6701172395771,1298.610217621072,37.50319695740621,127.02490310718325,,,,timeout
dyn_pax_1432,2094.0,2026-09-07 09:34:54,521766175#1,company|restaurant|subway_entrance,,332.9365590021661,1411.5585828157227,37.504206724109,127.02441570308932,,,,timeout
dyn_pax_1433,2096.0,2026-09-07 09:34:56,521766175#3,company|restaurant|subway_entrance|bus_stop,,373.6701172395771,1298.610217621072,37.50319695740621,127.02490310718325,,,,timeout
dyn_pax_1434,2097.0,2026-09-07 09:34:57,506191135#3,residential|company|restaurant|bus_stop,,238.79972345576414,789.4714057742513,37.49858497042428,127.023499044737,,,,timeout
dyn_pax_1435,2099.0,2026-09-07 09:34:59,375049565#6,restaurant|subway_entrance|bus_stop,,789.5153251748014,798.8522330112556,37.49877353199428,127.02972351946808,,,,timeout
dyn_pax_1436,2102.0,2026-09-07 09:35:02,480850873,company|restaurant|bus_stop,,548.1935052770749,708.5896639848544,37.49791486187585,127.0270163956136,2385.0,283.0,taxi_respawn_9,picked
dyn_pax_1437,2103.0,2026-09-07 09:35:03,521766182#1,company|restaurant|subway_entrance,,681.695169875507,539.6867345716422,37.496418539503196,127.02856584056028,,,,timeout
dyn_pax_1438,2104.0,2026-09-07 09:35:04,628232693#0,company|restaurant,,644.2623295929467,660.168099777976,37.49749680792099,127.0281140674837,2206.0,102.0,taxi_respawn_25,picked
dyn_pax_1439,2105.0,2026-09-07 09:35:05,-506191135#22,residential|company|restaurant|bus_stop,,38.693950105848444,1321.9513167019495,37.50334380565249,127.02110990869835,2589.0,484.0,taxi_47,picked
dyn_pax_1440,2106.0,2026-09-07 09:35:06,375049565#6,restaurant|subway_entrance|bus_stop,,789.5153251748014,798.8522330112556,37.49877353199428,127.02972351946808,,,,timeout
dyn_pax_1441,2108.0,2026-09-07 09:35:08,521766182#1,company|restaurant|subway_entrance,,681.695169875507,539.6867345716422,37.496418539503196,127.02856584056028,,,,timeout
dyn_pax_1442,2109.0,2026-09-07 09:35:09,178441450#1,residential|company|restaurant|bus_stop,,282.90243066757296,609.4157395563556,37.496971320837204,127.02404044855805,,,,timeout
dyn_pax_1443,2110.0,2026-09-07 09:35:10,256787796#0,restaurant,,530.944358998998,1120.7521543106918,37.50162448989409,127.02672362781294,2178.0,68.0,taxi_34,picked
dyn_pax_1444,2111.0,2026-09-07 09:35:11,1117538958#3,bus_stop,,160.18899290588462,540.6019911995099,37.49632820280781,127.02266936696756,2535.0,424.0,taxi_respawn_28,picked
dyn_pax_1445,2112.0,2026-09-07 09:35:12,1117538957#3,restaurant|subway_entrance|bus_stop,,465.5082521847807,644.8780924026132,37.49732530507706,127.02609663221197,,,,timeout
dyn_pax_1446,2114.0,2026-09-07 09:35:14,521770119#0,restaurant|bus_stop,,548.9831206778387,935.1148840516827,37.499955620541705,127.02697161236954,,,,timeout
dyn_pax_1447,2116.0,2026-09-07 09:35:16,218873820#0,restaurant|subway_entrance|bus_stop,,628.9829311132032,562.4061665928522,37.49661325243901,127.02796447999128,,,,timeout
dyn_pax_1448,2117.0,2026-09-07 09:35:17,218873820#0,restaurant|subway_entrance|bus_stop,,628.9829311132032,562.4061665928522,37.49661325243901,127.02796447999128,,,,timeout
dyn_pax_1449,2118.0,2026-09-07 09:35:18,117823785#0,company|restaurant,,1360.8740206736493,851.0492627492013,37.499351351792384,127.0361713398344,2577.0,459.0,taxi_14,picked
dyn_pax_1450,2119.0,2026-09-07 09:35:19,-506191135#22,residential|company|restaurant|bus_stop,,38.693950105848444,1321.9513167019495,37.50334380565249,127.02110990869835,,,,timeout
dyn_pax_1451,2120.0,2026-09-07 09:35:20,-506191135#22,residential|company|restaurant|bus_stop,,38.693950105848444,1321.9513167019495,37.50334380565249,127.02110990869835,,,,timeout
dyn_pax_1452,2122.0,2026-09-07 09:35:22,1229817205#0,company|subway_entrance|bus_stop,,599.2457558679199,652.2907550986157,37.497417346160496,127.02760695963683,2704.0,582.0,taxi_respawn_14,picked
dyn_pax_1453,2122.0,2026-09-07 09:35:22,218877837#0,company,,455.71990885566936,1045.563527646426,37.50093295148158,127.02589090425857,2278.0,156.0,taxi_10,picked
dyn_pax_1454,2123.0,2026-09-07 09:35:23,520307304#0,school|subway_entrance|bus_stop,,602.6035134310263,763.145495629718,37.498416594724866,127.02761864854104,,,,timeout
dyn_pax_1455,2125.0,2026-09-07 09:35:25,494824662#3,company|restaurant|subway_entrance,,729.424850252167,406.6843378518681,37.49522941823122,127.02913698209235,2664.0,539.0,taxi_12,picked
dyn_pax_1456,2126.0,2026-09-07 09:35:26,-504509918#2,company|restaurant|bus_stop,,398.9694242295193,827.4758220967593,37.49895762305832,127.02530099003066,2432.0,306.0,taxi_respawn_32,picked
dyn_pax_1457,2128.0,2026-09-07 09:35:28,1117538957#3,restaurant|subway_entrance|bus_stop,,465.5082521847807,644.8780924026132,37.49732530507706,127.02609663221197,,,,timeout
dyn_pax_1458,2129.0,2026-09-07 09:35:29,1117538957#3,restaurant|subway_entrance|bus_stop,,465.5082521847807,644.8780924026132,37.49732530507706,127.02609663221197,,,,timeout
dyn_pax_1459,2131.0,2026-09-07 09:35:31,218873820#0,restaurant|subway_entrance|bus_stop,,628.9829311132032,562.4061665928522,37.49661325243901,127.02796447999128,,,,timeout
dyn_pax_1460,2133.0,2026-09-07 09:35:33,-309155295#4,residential|restaurant,,966.4689567179357,639.4784987131154,37.49737120494098,127.0317619612052,2605.0,472.0,taxi_28,picked
dyn_pax_1461,2134.0,2026-09-07 09:35:34,521766175#3,company|restaurant|subway_entrance|bus_stop,,373.6701172395771,1298.610217621072,37.50319695740621,127.02490310718325,2624.0,490.0,taxi_46,picked
dyn_pax_1462,2135.0,2026-09-07 09:35:35,1376141182#0,bus_stop,,385.7154046370183,1301.0311255965628,37.50322104370192,127.02503873135461,,,,timeout
dyn_pax_1463,2136.0,2026-09-07 09:35:36,-1537068129#0,restaurant,,962.1540281232122,1146.7630824504436,37.50194018104768,127.03159317410272,2211.0,75.0,taxi_7,picked
dyn_pax_1464,2136.0,2026-09-07 09:35:36,218864491#0,restaurant|bus_stop,,769.9803916976219,760.1217113917903,37.49842094941813,127.02951181742357,,,,timeout
dyn_pax_1465,2137.0,2026-09-07 09:35:37,521770119#0,restaurant|bus_stop,,548.9831206778387,935.1148840516827,37.499955620541705,127.02697161236954,,,,timeout
dyn_pax_1466,2137.0,2026-09-07 09:35:37,117790041#2,restaurant,,441.66460303662666,1376.669936706078,37.50391299976682,127.0256534125234,2483.0,346.0,taxi_10,picked
dyn_pax_1467,2139.0,2026-09-07 09:35:39,520307304#0,school|subway_entrance|bus_stop,,602.6035134310263,763.145495629718,37.498416594724866,127.02761864854104,,,,timeout
dyn_pax_1468,2139.0,2026-09-07 09:35:39,504512001,restaurant,,488.2111633916996,684.0143948730154,37.497682147346794,127.02634403725544,,,,timeout
dyn_pax_1469,2140.0,2026-09-07 09:35:40,506191135#3,residential|company|restaurant|bus_stop,,238.79972345576414,789.4714057742513,37.49858497042428,127.023499044737,,,,timeout
dyn_pax_1470,2142.0,2026-09-07 09:35:42,506191135#3,residential|company|restaurant|bus_stop,,238.79972345576414,789.4714057742513,37.49858497042428,127.023499044737,,,,timeout
dyn_pax_1471,2142.0,2026-09-07 09:35:42,129731857#2,company,,789.9847076009492,845.2662126154856,37.499191732762846,127.02971783662417,2555.0,413.0,taxi_9,picked
dyn_pax_1472,2143.0,2026-09-07 09:35:43,-417933645#2,company|restaurant|subway_entrance,,701.1658676593129,719.5455833044954,37.49804244093877,127.02874337560036,2609.0,466.0,taxi_respawn_32,picked
dyn_pax_1473,2144.0,2026-09-07 09:35:44,480850873,company|restaurant|bus_stop,,548.1935052770749,708.5896639848544,37.49791486187585,127.0270163956136,2564.0,420.0,taxi_respawn_25,picked
dyn_pax_1474,2149.0,2026-09-07 09:35:49,975332778#1,bus_stop,,681.6099970732737,721.9380561808346,37.49806030190971,127.02852170075586,2270.0,121.0,taxi_27,picked
dyn_pax_1475,2151.0,2026-09-07 09:35:51,541692164#1,subway_entrance,,271.6277521231475,1406.6420105391767,37.5041508337347,127.02372362926798,2528.0,377.0,taxi_respawn_5,picked
dyn_pax_1476,2151.0,2026-09-07 09:35:51,494824662#3,company|restaurant|subway_entrance,,729.424850252167,406.6843378518681,37.49522941823122,127.02913698209235,,,,timeout
dyn_pax_1477,2152.0,2026-09-07 09:35:52,521766182#1,company|restaurant|subway_entrance,,681.695169875507,539.6867345716422,37.496418539503196,127.02856584056028,,,,timeout
dyn_pax_1478,2153.0,2026-09-07 09:35:53,-379463124,restaurant,,592.9390816363945,1268.4136255899298,37.5029663815994,127.02738959394404,2267.0,114.0,taxi_47,picked
dyn_pax_1479,2154.0,2026-09-07 09:35:54,1229817205#1,residential|bus_stop,,631.6400080768872,572.7061575261558,37.49670653972221,127.02799208080955,,,,timeout
dyn_pax_1480,2154.0,2026-09-07 09:35:54,-256787796#4,restaurant,,620.2926176327408,895.5374521094307,37.49961256354246,127.02778727239327,2386.0,232.0,taxi_28,picked
dyn_pax_1481,2155.0,2026-09-07 09:35:55,521770119#0,restaurant|bus_stop,,548.9831206778387,935.1148840516827,37.499955620541705,127.02697161236954,,,,timeout
dyn_pax_1482,2158.0,2026-09-07 09:35:58,521766175#3,company|restaurant|subway_entrance|bus_stop,,373.6701172395771,1298.610217621072,37.50319695740621,127.02490310718325,,,,timeout
dyn_pax_1483,2161.0,2026-09-07 09:36:01,-542367267#1,bus_stop,,247.51018316686128,1414.7184918773391,37.504219024473855,127.02344900430944,2304.0,143.0,taxi_13,picked
dyn_pax_1484,2162.0,2026-09-07 09:36:02,-506191135#2,residential|bus_stop,,236.19733776439384,769.6838415951818,37.49840622577806,127.02347432089968,2659.0,497.0,taxi_respawn_15,picked
dyn_pax_1485,2163.0,2026-09-07 09:36:03,480850873,company|restaurant|bus_stop,,548.1935052770749,708.5896639848544,37.49791486187585,127.0270163956136,2624.0,461.0,taxi_27,picked
dyn_pax_1486,2165.0,2026-09-07 09:36:05,-504509918#2,company|restaurant|bus_stop,,398.9694242295193,827.4758220967593,37.49895762305832,127.02530099003066,,,,timeout
dyn_pax_1487,2165.0,2026-09-07 09:36:05,-379232155,restaurant,,999.2800162208075,449.1965960198298,37.495663263085994,127.03217793178025,2432.0,267.0,taxi_respawn_33,picked
dyn_pax_1488,2165.0,2026-09-07 09:36:05,1117538957#0,company|restaurant,,312.91680439510856,589.5311930299885,37.49679787270139,127.0243845203811,2392.0,227.0,taxi_14,picked
dyn_pax_1489,2166.0,2026-09-07 09:36:06,178441450#1,residential|company|restaurant|bus_stop,,282.90243066757296,609.4157395563556,37.496971320837204,127.02404044855805,,,,timeout
dyn_pax_1490,2169.0,2026-09-07 09:36:09,-506191135#22,residential|company|restaurant|bus_stop,,38.693950105848444,1321.9513167019495,37.50334380565249,127.02110990869835,2664.0,495.0,taxi_38,picked
dyn_pax_1491,2171.0,2026-09-07 09:36:11,541692164#1,subway_entrance,,271.6277521231475,1406.6420105391767,37.5041508337347,127.02372362926798,2619.0,448.0,taxi_25,picked
dyn_pax_1492,2171.0,2026-09-07 09:36:11,-542367267#0,company,,179.75773525047865,1390.7576253945435,37.50399035207237,127.02268859703804,2211.0,40.0,taxi_23,picked
dyn_pax_1493,2172.0,2026-09-07 09:36:12,-541692164#2,subway_entrance,,317.7122087179151,1441.0296574375257,37.504469327730426,127.0242365566347,,,,timeout
dyn_pax_1494,2174.0,2026-09-07 09:36:14,480850873,company|restaurant|bus_stop,,548.1935052770749,708.5896639848544,37.49791486187585,127.0270163956136,,,,timeout
dyn_pax_1495,2175.0,2026-09-07 09:36:15,-541692164#2,subway_entrance,,317.7122087179151,1441.0296574375257,37.504469327730426,127.0242365566347,,,,timeout
dyn_pax_1496,2176.0,2026-09-07 09:36:16,-506191135#22,residential|company|restaurant|bus_stop,,38.693950105848444,1321.9513167019495,37.50334380565249,127.02110990869835,2668.0,492.0,taxi_22,picked
dyn_pax_1497,2177.0,2026-09-07 09:36:17,1376141183#0,bus_stop,,548.2528111146681,901.2117688498424,37.49965007283687,127.02697139402301,,,,timeout
dyn_pax_1498,2179.0,2026-09-07 09:36:19,-26163000#1,restaurant,,613.3034084576574,1234.0026207389662,37.50266024308643,127.02762801542576,2252.0,73.0,taxi_respawn_27,picked
dyn_pax_1499,2179.0,2026-09-07 09:36:19,802110008,restaurant,,567.9368588148042,1294.4290295528247,37.503196013251454,127.02710071947062,,,,timeout
dyn_pax_1500,2180.0,2026-09-07 09:36:20,521766182#1,company|restaurant|subway_entrance,,681.695169875507,539.6867345716422,37.496418539503196,127.02856584056028,,,,timeout
dyn_pax_1501,2181.0,2026-09-07 09:36:21,117790045#2,restaurant,,537.9561568342307,1283.7183624175188,37.50309386389003,127.02676426064505,,,,timeout
dyn_pax_1502,2182.0,2026-09-07 09:36:22,504512001,restaurant,,488.2111633916996,684.0143948730154,37.497682147346794,127.02634403725544,,,,timeout
dyn_pax_1503,2184.0,2026-09-07 09:36:24,218864491#0,restaurant|bus_stop,,769.9803916976219,760.1217113917903,37.49842094941813,127.02951181742357,,,,timeout
dyn_pax_1504,2185.0,2026-09-07 09:36:25,521766180#1,company|restaurant|bus_stop,,466.73410130235357,1169.2838037446552,37.502049542882666,127.02598608796039,2631.0,446.0,taxi_respawn_22,picked
dyn_pax_1505,2186.0,2026-09-07 09:36:26,521770119#1,restaurant|bus_stop,,527.3115514435282,995.8620162900467,37.50049875494786,127.02671217090477,,,,timeout
dyn_pax_1506,2186.0,2026-09-07 09:36:26,1229817205#1,residential|bus_stop,,631.6400080768872,572.7061575261558,37.49670653972221,127.02799208080955,,,,timeout
dyn_pax_1507,2188.0,2026-09-07 09:36:28,1376141183#0,bus_stop,,548.2528111146681,901.2117688498424,37.49965007283687,127.02697139402301,,,,timeout
dyn_pax_1508,2188.0,2026-09-07 09:36:28,-117790039#2,company|restaurant,,1017.0012393074795,990.846024966068,37.5005459641277,127.03225021068775,2295.0,107.0,taxi_45,picked
dyn_pax_1509,2189.0,2026-09-07 09:36:29,1229817205#0,company|subway_entrance|bus_stop,,599.2457558679199,652.2907550986157,37.497417346160496,127.02760695963683,,,,timeout
dyn_pax_1510,2191.0,2026-09-07 09:36:31,523141074#0,company|restaurant|subway_entrance,,524.0338794858329,871.4890157117229,37.4993777454413,127.02670460634431,,,,timeout
dyn_pax_1511,2192.0,2026-09-07 09:36:32,521766175#1,company|restaurant|subway_entrance,,332.9365590021661,1411.5585828157227,37.504206724109,127.02441570308932,2901.0,709.0,taxi_respawn_12,picked
dyn_pax_1512,2194.0,2026-09-07 09:36:34,218864491#0,restaurant|bus_stop,,769.9803916976219,760.1217113917903,37.49842094941813,127.02951181742357,,,,timeout
dyn_pax_1513,2194.0,2026-09-07 09:36:34,521766175#3,company|restaurant|subway_entrance|bus_stop,,373.6701172395771,1298.610217621072,37.50319695740621,127.02490310718325,,,,timeout
dyn_pax_1514,2194.0,2026-09-07 09:36:34,129731721#0,company|restaurant,,451.4485582282947,673.334514427724,37.497578992002325,127.0259309178301,2844.0,650.0,taxi_44,picked
dyn_pax_1515,2195.0,2026-09-07 09:36:35,218873820#0,restaurant|subway_entrance|bus_stop,,628.9829311132032,562.4061665928522,37.49661325243901,127.02796447999128,,,,timeout
dyn_pax_1516,2197.0,2026-09-07 09:36:37,-541692164#2,subway_entrance,,317.7122087179151,1441.0296574375257,37.504469327730426,127.0242365566347,,,,timeout
dyn_pax_1517,2198.0,2026-09-07 09:36:38,1229817205#0,company|subway_entrance|bus_stop,,599.2457558679199,652.2907550986157,37.497417346160496,127.02760695963683,,,,timeout
dyn_pax_1518,2201.0,2026-09-07 09:36:41,-506191135#2,residential|bus_stop,,236.19733776439384,769.6838415951818,37.49840622577806,127.02347432089968,,,,timeout
dyn_pax_1519,2201.0,2026-09-07 09:36:41,218877837#0,company,,455.71990885566936,1045.563527646426,37.50093295148158,127.02589090425857,2293.0,92.0,taxi_respawn_34,picked
dyn_pax_1520,2203.0,2026-09-07 09:36:43,1376141182#0,bus_stop,,385.7154046370183,1301.0311255965628,37.50322104370192,127.02503873135461,,,,timeout
dyn_pax_1521,2204.0,2026-09-07 09:36:44,1229817205#1,residential|bus_stop,,631.6400080768872,572.7061575261558,37.49670653972221,127.02799208080955,,,,timeout
dyn_pax_1522,2204.0,2026-09-07 09:36:44,417933645#2,residential|company|restaurant,,757.7944798520502,568.4010952306102,37.496691568512986,127.02941943794849,,,,timeout
dyn_pax_1523,2205.0,2026-09-07 09:36:45,-417933642#4,restaurant,,907.3718228697127,805.8014682006251,37.49885835910486,127.03105443169989,2618.0,413.0,taxi_49,picked
dyn_pax_1524,2206.0,2026-09-07 09:36:46,-129731717#1,residential|company|restaurant,,188.433090102474,1374.3511058470413,37.503844200149025,127.0227905913032,2261.0,55.0,taxi_respawn_23,picked
dyn_pax_1525,2207.0,2026-09-07 09:36:47,218873820#0,restaurant|subway_entrance|bus_stop,,628.9829311132032,562.4061665928522,37.49661325243901,127.02796447999128,,,,timeout
dyn_pax_1526,2207.0,2026-09-07 09:36:47,-309155295#4,residential|restaurant,,966.4689567179357,639.4784987131154,37.49737120494098,127.0317619612052,,,,timeout
dyn_pax_1527,2208.0,2026-09-07 09:36:48,26163000#3,restaurant,,602.970622715944,1275.0711016561868,37.50302824900089,127.02750144434575,2288.0,80.0,taxi_respawn_6,picked
dyn_pax_1528,2209.0,2026-09-07 09:36:49,218857636#1,residential|company|restaurant|bus_stop,,297.92905089287035,623.2061345250047,37.49709839153085,127.02420706961871,,,,timeout
dyn_pax_1529,2210.0,2026-09-07 09:36:50,1117538958#2,company,,104.12900552775619,520.131995808405,37.496133188537314,127.02204040818502,2281.0,71.0,taxi_respawn_14,picked
dyn_pax_1530,2214.0,2026-09-07 09:36:54,1117538958#3,bus_stop,,160.18899290588462,540.6019911995099,37.49632820280781,127.02266936696756,2627.0,413.0,taxi_respawn_9,picked
dyn_pax_1531,2215.0,2026-09-07 09:36:55,1117538958#3,bus_stop,,160.18899290588462,540.6019911995099,37.49632820280781,127.02266936696756,2640.0,425.0,taxi_respawn_18,picked
dyn_pax_1532,2216.0,2026-09-07 09:36:56,-129731857#2,restaurant,,875.7452923990509,884.8037873845144,37.499564075208866,127.03067814538078,2716.0,500.0,taxi_18,picked
dyn_pax_1533,2217.0,2026-09-07 09:36:57,178441450#1,residential|company|restaurant|bus_stop,,282.90243066757296,609.4157395563556,37.496971320837204,127.02404044855805,,,,timeout
dyn_pax_1534,2218.0,2026-09-07 09:36:58,375049565#6,restaurant|subway_entrance|bus_stop,,789.5153251748014,798.8522330112556,37.49877353199428,127.02972351946808,,,,timeout
dyn_pax_1535,2220.0,2026-09-07 09:37:00,521766175#1,company|restaurant|subway_entrance,,332.9365590021661,1411.5585828157227,37.504206724109,127.02441570308932,,,,timeout
dyn_pax_1536,2221.0,2026-09-07 09:37:01,1117538957#3,restaurant|subway_entrance|bus_stop,,465.5082521847807,644.8780924026132,37.49732530507706,127.02609663221197,,,,timeout
dyn_pax_1537,2223.0,2026-09-07 09:37:03,521770116#2,company|restaurant|bus_stop,,432.3182248087171,1108.514093563608,37.50149560521279,127.02561136613096,2579.0,356.0,taxi_35,picked
dyn_pax_1538,2223.0,2026-09-07 09:37:03,218877837#2,company|restaurant|bus_stop,,479.4555212141038,978.0213907550284,37.500328997763305,127.02617530290202,,,,timeout
dyn_pax_1539,2224.0,2026-09-07 09:37:04,1117538957#3,restaurant|subway_entrance|bus_stop,,465.5082521847807,644.8780924026132,37.49732530507706,127.02609663221197,,,,timeout
dyn_pax_1540,2226.0,2026-09-07 09:37:06,1229817205#0,company|subway_entrance|bus_stop,,599.2457558679199,652.2907550986157,37.497417346160496,127.02760695963683,,,,timeout
dyn_pax_1541,2227.0,2026-09-07 09:37:07,218877837#2,company|restaurant|bus_stop,,479.4555212141038,978.0213907550284,37.500328997763305,127.02617530290202,,,,timeout
dyn_pax_1542,2229.0,2026-09-07 09:37:09,-506191135#22,residential|company|restaurant|bus_stop,,38.693950105848444,1321.9513167019495,37.50334380565249,127.02110990869835,2673.0,444.0,taxi_respawn_21,picked
dyn_pax_1543,2229.0,2026-09-07 09:37:09,-417933642#1,restaurant,,972.7851169931362,629.1778231901285,37.49727960321316,127.03183581048214,2266.0,37.0,taxi_1,picked
dyn_pax_1544,2231.0,2026-09-07 09:37:11,1117538957#0,company|restaurant,,312.91680439510856,589.5311930299885,37.49679787270139,127.0243845203811,2398.0,167.0,taxi_respawn_1,picked
dyn_pax_1545,2232.0,2026-09-07 09:37:12,541692164#1,subway_entrance,,271.6277521231475,1406.6420105391767,37.5041508337347,127.02372362926798,2708.0,476.0,taxi_2,picked
dyn_pax_1546,2233.0,2026-09-07 09:37:13,-542367267#1,bus_stop,,247.51018316686128,1414.7184918773391,37.504219024473855,127.02344900430944,2276.0,43.0,taxi_respawn_30,picked
dyn_pax_1547,2234.0,2026-09-07 09:37:14,-417933645#2,company|restaurant|subway_entrance,,701.1658676593129,719.5455833044954,37.49804244093877,127.02874337560036,2724.0,490.0,taxi_40,picked
dyn_pax_1548,2235.0,2026-09-07 09:37:15,-541692164#2,subway_entrance,,317.7122087179151,1441.0296574375257,37.504469327730426,127.0242365566347,,,,timeout
dyn_pax_1549,2238.0,2026-09-07 09:37:18,1117538957#3,restaurant|subway_entrance|bus_stop,,465.5082521847807,644.8780924026132,37.49732530507706,127.02609663221197,,,,timeout
dyn_pax_1550,2241.0,2026-09-07 09:37:21,218877837#2,company|restaurant|bus_stop,,479.4555212141038,978.0213907550284,37.500328997763305,127.02617530290202,,,,timeout
dyn_pax_1551,2241.0,2026-09-07 09:37:21,1229817205#1,residential|bus_stop,,631.6400080768872,572.7061575261558,37.49670653972221,127.02799208080955,2742.0,501.0,taxi_respawn_34,picked
dyn_pax_1552,2243.0,2026-09-07 09:37:23,218877837#2,company|restaurant|bus_stop,,479.4555212141038,978.0213907550284,37.500328997763305,127.02617530290202,,,,timeout
dyn_pax_1553,2246.0,2026-09-07 09:37:26,523141074#0,company|restaurant|subway_entrance,,524.0338794858329,871.4890157117229,37.4993777454413,127.02670460634431,,,,timeout
dyn_pax_1554,2247.0,2026-09-07 09:37:27,1117538957#3,restaurant|subway_entrance|bus_stop,,465.5082521847807,644.8780924026132,37.49732530507706,127.02609663221197,,,,timeout
dyn_pax_1555,2247.0,2026-09-07 09:37:27,129731857#2,company,,789.9847076009492,845.2662126154856,37.499191732762846,127.02971783662417,,,,timeout
dyn_pax_1556,2249.0,2026-09-07 09:37:29,521766175#3,company|restaurant|subway_entrance|bus_stop,,373.6701172395771,1298.610217621072,37.50319695740621,127.02490310718325,,,,timeout
dyn_pax_1557,2249.0,2026-09-07 09:37:29,805827756#0,restaurant,,725.8600087193602,932.9429066344904,37.49996945301828,127.02897203227693,,,,timeout
dyn_pax_1558,2252.0,2026-09-07 09:37:32,523141074#0,company|restaurant|subway_entrance,,524.0338794858329,871.4890157117229,37.4993777454413,127.02670460634431,,,,timeout
dyn_pax_1559,2253.0,2026-09-07 09:37:33,218873820#0,restaurant|subway_entrance|bus_stop,,628.9829311132032,562.4061665928522,37.49661325243901,127.02796447999128,,,,timeout
dyn_pax_1560,2255.0,2026-09-07 09:37:35,480850873,company|restaurant|bus_stop,,548.1935052770749,708.5896639848544,37.49791486187585,127.0270163956136,,,,timeout
dyn_pax_1561,2256.0,2026-09-07 09:37:36,-417750336#3,school|company,,868.1859178511071,948.5147012398835,37.50013657861005,127.03057759421064,2540.0,284.0,taxi_respawn_6,picked
dyn_pax_1562,2258.0,2026-09-07 09:37:38,-542367267#1,bus_stop,,247.51018316686128,1414.7184918773391,37.504219024473855,127.02344900430944,2347.0,89.0,taxi_39,picked
dyn_pax_1563,2258.0,2026-09-07 09:37:38,117790051#2,restaurant,,558.5532373104973,1361.778638311631,37.503800946163,127.02697864469606,2483.0,225.0,taxi_respawn_10,picked
dyn_pax_1564,2261.0,2026-09-07 09:37:41,375049565#6,restaurant|subway_entrance|bus_stop,,789.5153251748014,798.8522330112556,37.49877353199428,127.02972351946808,,,,timeout
dyn_pax_1565,2261.0,2026-09-07 09:37:41,-913950883#1,residential|company|restaurant,,391.36286393582424,840.6655979518604,37.49907500229157,127.0252118555046,2319.0,58.0,taxi_49,picked
dyn_pax_1566,2262.0,2026-09-07 09:37:42,417933642#2,residential|restaurant,,976.5976168723116,645.9370182109647,37.49743129415275,127.0318749523804,2740.0,478.0,taxi_respawn_26,picked
dyn_pax_1567,2263.0,2026-09-07 09:37:43,218877837#2,company|restaurant|bus_stop,,479.4555212141038,978.0213907550284,37.500328997763305,127.02617530290202,,,,timeout
dyn_pax_1568,2266.0,2026-09-07 09:37:46,-129731834#1,residential,,78.2122165689223,720.9585140244731,37.49793738265588,127.02169964763026,,,,timeout
dyn_pax_1569,2266.0,2026-09-07 09:37:46,-309155295#4,residential|restaurant,,966.4689567179357,639.4784987131154,37.49737120494098,127.0317619612052,,,,timeout
dyn_pax_1570,2267.0,2026-09-07 09:37:47,218864491#0,restaurant|bus_stop,,769.9803916976219,760.1217113917903,37.49842094941813,127.02951181742357,2732.0,465.0,taxi_respawn_27,picked
dyn_pax_1571,2270.0,2026-09-07 09:37:50,521766175#3,company|restaurant|subway_entrance|bus_stop,,373.6701172395771,1298.610217621072,37.50319695740621,127.02490310718325,,,,timeout
dyn_pax_1572,2271.0,2026-09-07 09:37:51,129731859#3,restaurant,,873.6090416568148,941.272009001338,37.50007235670303,127.03064062663523,2812.0,541.0,taxi_5,picked
dyn_pax_1573,2272.0,2026-09-07 09:37:52,520307304#0,school|subway_entrance|bus_stop,,602.6035134310263,763.145495629718,37.498416594724866,127.02761864854104,,,,timeout
dyn_pax_1574,2275.0,2026-09-07 09:37:55,218873820#0,restaurant|subway_entrance|bus_stop,,628.9829311132032,562.4061665928522,37.49661325243901,127.02796447999128,,,,timeout
dyn_pax_1575,2278.0,2026-09-07 09:37:58,494824662#3,company|restaurant|subway_entrance,,729.424850252167,406.6843378518681,37.49522941823122,127.02913698209235,,,,timeout
dyn_pax_1576,2279.0,2026-09-07 09:37:59,-541692164#2,subway_entrance,,317.7122087179151,1441.0296574375257,37.504469327730426,127.0242365566347,,,,timeout
dyn_pax_1577,2281.0,2026-09-07 09:38:01,1229817205#0,company|subway_entrance|bus_stop,,599.2457558679199,652.2907550986157,37.497417346160496,127.02760695963683,,,,timeout
dyn_pax_1578,2283.0,2026-09-07 09:38:03,521766175#3,company|restaurant|subway_entrance|bus_stop,,373.6701172395771,1298.610217621072,37.50319695740621,127.02490310718325,,,,timeout
dyn_pax_1579,2284.0,2026-09-07 09:38:04,523141074#0,company|restaurant|subway_entrance,,524.0338794858329,871.4890157117229,37.4993777454413,127.02670460634431,,,,timeout
dyn_pax_1580,2286.0,2026-09-07 09:38:06,1229817205#0,company|subway_entrance|bus_stop,,599.2457558679199,652.2907550986157,37.497417346160496,127.02760695963683,,,,timeout
dyn_pax_1581,2288.0,2026-09-07 09:38:08,117790041#3,restaurant,,485.8172797724441,1249.4366376844557,37.50277519064896,127.0261828476699,2624.0,336.0,taxi_respawn_19,picked
dyn_pax_1582,2290.0,2026-09-07 09:38:10,-506191135#2,residential|bus_stop,,236.19733776439384,769.6838415951818,37.49840622577806,127.02347432089968,,,,timeout
dyn_pax_1583,2291.0,2026-09-07 09:38:11,375049565#6,restaurant|subway_entrance|bus_stop,,789.5153251748014,798.8522330112556,37.49877353199428,127.02972351946808,,,,timeout
dyn_pax_1584,2292.0,2026-09-07 09:38:12,-506191135#2,residential|bus_stop,,236.19733776439384,769.6838415951818,37.49840622577806,127.02347432089968,,,,timeout
dyn_pax_1585,2293.0,2026-09-07 09:38:13,523141074#0,company|restaurant|subway_entrance,,524.0338794858329,871.4890157117229,37.4993777454413,127.02670460634431,,,,timeout
dyn_pax_1586,2294.0,2026-09-07 09:38:14,26163000#0,restaurant,,655.1679463942612,1215.3400880972458,37.50250003106797,127.02810580802628,2352.0,58.0,taxi_43,picked
dyn_pax_1587,2295.0,2026-09-07 09:38:15,1229817205#0,company|subway_entrance|bus_stop,,599.2457558679199,652.2907550986157,37.497417346160496,127.02760695963683,,,,timeout
dyn_pax_1588,2295.0,2026-09-07 09:38:15,504227069,residential|restaurant,,587.1158993285404,291.7776336445087,37.494167438547194,127.02755526357365,,,,timeout
dyn_pax_1589,2298.0,2026-09-07 09:38:18,-506191135#2,residential|bus_stop,,236.19733776439384,769.6838415951818,37.49840622577806,127.02347432089968,,,,timeout
dyn_pax_1590,2298.0,2026-09-07 09:38:18,218857636#1,residential|company|restaurant|bus_stop,,297.92905089287035,623.2061345250047,37.49709839153085,127.02420706961871,,,,timeout
dyn_pax_1591,2299.0,2026-09-07 09:38:19,506191135#3,residential|company|restaurant|bus_stop,,238.79972345576414,789.4714057742513,37.49858497042428,127.023499044737,,,,timeout
dyn_pax_1592,2301.0,2026-09-07 09:38:21,-504509918#2,company|restaurant|bus_stop,,398.9694242295193,827.4758220967593,37.49895762305832,127.02530099003066,,,,timeout
dyn_pax_1593,2302.0,2026-09-07 09:38:22,1229817205#1,residential|bus_stop,,631.6400080768872,572.7061575261558,37.49670653972221,127.02799208080955,2757.0,455.0,taxi_25,picked
dyn_pax_1594,2302.0,2026-09-07 09:38:22,-129731717#1,residential|company|restaurant,,188.433090102474,1374.3511058470413,37.503844200149025,127.0227905913032,2323.0,21.0,taxi_12,picked
dyn_pax_1595,2304.0,2026-09-07 09:38:24,375049565#6,restaurant|subway_entrance|bus_stop,,789.5153251748014,798.8522330112556,37.49877353199428,127.02972351946808,,,,timeout
dyn_pax_1596,2305.0,2026-09-07 09:38:25,541692164#1,subway_entrance,,271.6277521231475,1406.6420105391767,37.5041508337347,127.02372362926798,2799.0,494.0,taxi_31,picked
dyn_pax_1597,2307.0,2026-09-07 09:38:27,521766180#1,company|restaurant|bus_stop,,466.73410130235357,1169.2838037446552,37.502049542882666,127.02598608796039,2514.0,207.0,taxi_0,picked
dyn_pax_1598,2310.0,2026-09-07 09:38:30,1229817205#0,company|subway_entrance|bus_stop,,599.2457558679199,652.2907550986157,37.497417346160496,127.02760695963683,,,,timeout
dyn_pax_1599,2312.0,2026-09-07 09:38:32,494824662#3,company|restaurant|subway_entrance,,729.424850252167,406.6843378518681,37.49522941823122,127.02913698209235,,,,timeout
dyn_pax_1600,2313.0,2026-09-07 09:38:33,494824662#3,company|restaurant|subway_entrance,,729.424850252167,406.6843378518681,37.49522941823122,127.02913698209235,,,,timeout
dyn_pax_1601,2315.0,2026-09-07 09:38:35,506191135#3,residential|company|restaurant|bus_stop,,238.79972345576414,789.4714057742513,37.49858497042428,127.023499044737,2820.0,505.0,taxi_respawn_9,picked
dyn_pax_1602,2316.0,2026-09-07 09:38:36,218864491#0,restaurant|bus_stop,,769.9803916976219,760.1217113917903,37.49842094941813,127.02951181742357,,,,timeout
dyn_pax_1603,2316.0,2026-09-07 09:38:36,-913950883#1,residential|company|restaurant,,391.36286393582424,840.6655979518604,37.49907500229157,127.0252118555046,2402.0,86.0,taxi_respawn_15,picked
dyn_pax_1604,2318.0,2026-09-07 09:38:38,520307304#0,school|subway_entrance|bus_stop,,602.6035134310263,763.145495629718,37.498416594724866,127.02761864854104,,,,timeout
dyn_pax_1605,2318.0,2026-09-07 09:38:38,521766175#3,company|restaurant|subway_entrance|bus_stop,,373.6701172395771,1298.610217621072,37.50319695740621,127.02490310718325,,,,timeout
dyn_pax_1606,2319.0,2026-09-07 09:38:39,-504509918#2,company|restaurant|bus_stop,,398.9694242295193,827.4758220967593,37.49895762305832,127.02530099003066,,,,timeout
dyn_pax_1607,2321.0,2026-09-07 09:38:41,417933645#0,residential|restaurant,,823.1026288816429,385.61625104994533,37.49505730126708,127.03020109557775,,,,timeout
dyn_pax_1608,2322.0,2026-09-07 09:38:42,521770119#1,restaurant|bus_stop,,527.3115514435282,995.8620162900467,37.50049875494786,127.02671217090477,2714.0,392.0,taxi_respawn_6,picked
dyn_pax_1609,2324.0,2026-09-07 09:38:44,521770119#0,restaurant|bus_stop,,548.9831206778387,935.1148840516827,37.499955620541705,127.02697161236954,,,,timeout
dyn_pax_1610,2325.0,2026-09-07 09:38:45,521770119#0,restaurant|bus_stop,,548.9831206778387,935.1148840516827,37.499955620541705,127.02697161236954,,,,timeout
dyn_pax_1611,2328.0,2026-09-07 09:38:48,521770119#0,restaurant|bus_stop,,548.9831206778387,935.1148840516827,37.499955620541705,127.02697161236954,,,,timeout
dyn_pax_1612,2328.0,2026-09-07 09:38:48,-417750337#2,restaurant,,578.5487433358253,1191.18897592047,37.50226799999912,127.02724519016736,2731.0,403.0,taxi_respawn_23,picked
dyn_pax_1613,2329.0,2026-09-07 09:38:49,520307304#0,school|subway_entrance|bus_stop,,602.6035134310263,763.145495629718,37.498416594724866,127.02761864854104,,,,timeout
dyn_pax_1614,2330.0,2026-09-07 09:38:50,541692164#1,subway_entrance,,271.6277521231475,1406.6420105391767,37.5041508337347,127.02372362926798,,,,timeout
dyn_pax_1615,2330.0,2026-09-07 09:38:50,520307304#0,school|subway_entrance|bus_stop,,602.6035134310263,763.145495629718,37.498416594724866,127.02761864854104,,,,timeout
dyn_pax_1616,2330.0,2026-09-07 09:38:50,417750337#1,restaurant,,654.3039749436668,1311.1147669608317,37.50336263595113,127.02807333923603,2401.0,71.0,taxi_40,picked
dyn_pax_1617,2332.0,2026-09-07 09:38:52,218873820#0,restaurant|subway_entrance|bus_stop,,628.9829311132032,562.4061665928522,37.49661325243901,127.02796447999128,,,,timeout
dyn_pax_1618,2333.0,2026-09-07 09:38:53,417933642#0,restaurant|bus_stop,,1041.0954363710525,463.30841921497654,37.49579826441859,127.03264736696761,,,,timeout
dyn_pax_1619,2333.0,2026-09-07 09:38:53,-417750336#3,school|company,,868.1859178511071,948.5147012398835,37.50013657861005,127.03057759421064,2741.0,408.0,taxi_20,picked
dyn_pax_1620,2335.0,2026-09-07 09:38:55,521770119#0,restaurant|bus_stop,,548.9831206778387,935.1148840516827,37.499955620541705,127.02697161236954,,,,timeout
dyn_pax_1621,2338.0,2026-09-07 09:38:58,521766182#1,company|restaurant|subway_entrance,,681.695169875507,539.6867345716422,37.496418539503196,127.02856584056028,,,,timeout
dyn_pax_1622,2338.0,2026-09-07 09:38:58,117823785#0,company|restaurant,,1360.8740206736493,851.0492627492013,37.499351351792384,127.0361713398344,,,,timeout
dyn_pax_1623,2339.0,2026-09-07 09:38:59,520307304#0,school|subway_entrance|bus_stop,,602.6035134310263,763.145495629718,37.498416594724866,127.02761864854104,,,,timeout
dyn_pax_1624,2341.0,2026-09-07 09:39:01,1117538958#3,bus_stop,,160.18899290588462,540.6019911995099,37.49632820280781,127.02266936696756,,,,timeout
dyn_pax_1625,2342.0,2026-09-07 09:39:02,1229817205#0,company|subway_entrance|bus_stop,,599.2457558679199,652.2907550986157,37.497417346160496,127.02760695963683,,,,timeout
dyn_pax_1626,2342.0,2026-09-07 09:39:02,117790062#7,restaurant,,610.3314045210797,1078.999817662281,37.50126336859982,127.02763115548898,,,,timeout
dyn_pax_1627,2345.0,2026-09-07 09:39:05,521770119#1,restaurant|bus_stop,,527.3115514435282,995.8620162900467,37.50049875494786,127.02671217090477,2841.0,496.0,taxi_37,picked
dyn_pax_1628,2347.0,2026-09-07 09:39:07,218873820#0,restaurant|subway_entrance|bus_stop,,628.9829311132032,562.4061665928522,37.49661325243901,127.02796447999128,,,,timeout
dyn_pax_1629,2348.0,2026-09-07 09:39:08,1376141182#0,bus_stop,,385.7154046370183,1301.0311255965628,37.50322104370192,127.02503873135461,3086.0,738.0,taxi_respawn_23,picked
dyn_pax_1630,2350.0,2026-09-07 09:39:10,1376141182#0,bus_stop,,385.7154046370183,1301.0311255965628,37.50322104370192,127.02503873135461,,,,timeout
dyn_pax_1631,2350.0,2026-09-07 09:39:10,-256787796#7,restaurant,,650.4923169509016,809.9698095387197,37.49884744554127,127.02814900895488,,,,timeout
dyn_pax_1632,2351.0,2026-09-07 09:39:11,480850873,company|restaurant|bus_stop,,548.1935052770749,708.5896639848544,37.49791486187585,127.0270163956136,2820.0,469.0,taxi_22,picked
dyn_pax_1633,2351.0,2026-09-07 09:39:11,-557469300#1,restaurant,,739.5265057687212,1049.0561556697721,37.5010180173999,127.02909905278416,2446.0,95.0,taxi_9,picked
dyn_pax_1634,2355.0,2026-09-07 09:39:15,1229817205#0,company|subway_entrance|bus_stop,,599.2457558679199,652.2907550986157,37.497417346160496,127.02760695963683,,,,timeout
dyn_pax_1635,2356.0,2026-09-07 09:39:16,521766175#3,company|restaurant|subway_entrance|bus_stop,,373.6701172395771,1298.610217621072,37.50319695740621,127.02490310718325,,,,timeout
dyn_pax_1636,2356.0,2026-09-07 09:39:16,-913950883#1,residential|company|restaurant,,391.36286393582424,840.6655979518604,37.49907500229157,127.0252118555046,2571.0,215.0,taxi_41,picked
dyn_pax_1637,2357.0,2026-09-07 09:39:17,-417933642#4,restaurant,,907.3718228697127,805.8014682006251,37.49885835910486,127.03105443169989,2708.0,351.0,taxi_17,picked
dyn_pax_1638,2358.0,2026-09-07 09:39:18,1117538957#3,restaurant|subway_entrance|bus_stop,,465.5082521847807,644.8780924026132,37.49732530507706,127.02609663221197,2818.0,460.0,taxi_21,picked
dyn_pax_1639,2359.0,2026-09-07 09:39:19,521766182#1,company|restaurant|subway_entrance,,681.695169875507,539.6867345716422,37.496418539503196,127.02856584056028,,,,timeout
dyn_pax_1640,2360.0,2026-09-07 09:39:20,218873820#0,restaurant|subway_entrance|bus_stop,,628.9829311132032,562.4061665928522,37.49661325243901,127.02796447999128,,,,timeout
dyn_pax_1641,2361.0,2026-09-07 09:39:21,218877837#2,company|restaurant|bus_stop,,479.4555212141038,978.0213907550284,37.500328997763305,127.02617530290202,2814.0,453.0,taxi_13,picked
dyn_pax_1642,2362.0,2026-09-07 09:39:22,521766182#1,company|restaurant|subway_entrance,,681.695169875507,539.6867345716422,37.496418539503196,127.02856584056028,,,,timeout
dyn_pax_1643,2364.0,2026-09-07 09:39:24,523141074#0,company|restaurant|subway_entrance,,524.0338794858329,871.4890157117229,37.4993777454413,127.02670460634431,,,,timeout
dyn_pax_1644,2364.0,2026-09-07 09:39:24,-379232161#3,restaurant,,957.578372934647,431.27964063812743,37.495494003443426,127.03171068469486,,,,timeout
dyn_pax_1645,2365.0,2026-09-07 09:39:25,521766182#1,company|restaurant|subway_entrance,,681.695169875507,539.6867345716422,37.496418539503196,127.02856584056028,,,,timeout
dyn_pax_1646,2368.0,2026-09-07 09:39:28,-504509918#2,company|restaurant|bus_stop,,398.9694242295193,827.4758220967593,37.49895762305832,127.02530099003066,,,,timeout
dyn_pax_1647,2370.0,2026-09-07 09:39:30,1117538957#3,restaurant|subway_entrance|bus_stop,,465.5082521847807,644.8780924026132,37.49732530507706,127.02609663221197,2826.0,456.0,taxi_respawn_19,picked
dyn_pax_1648,2371.0,2026-09-07 09:39:31,1229817205#0,company|subway_entrance|bus_stop,,599.2457558679199,652.2907550986157,37.497417346160496,127.02760695963683,,,,timeout
dyn_pax_1649,2374.0,2026-09-07 09:39:34,218873820#0,restaurant|subway_entrance|bus_stop,,628.9829311132032,562.4061665928522,37.49661325243901,127.02796447999128,,,,timeout
dyn_pax_1650,2376.0,2026-09-07 09:39:36,521766180#1,company|restaurant|bus_stop,,466.73410130235357,1169.2838037446552,37.502049542882666,127.02598608796039,2521.0,145.0,taxi_respawn_30,picked
dyn_pax_1651,2377.0,2026-09-07 09:39:37,523141074#0,company|restaurant|subway_entrance,,524.0338794858329,871.4890157117229,37.4993777454413,127.02670460634431,,,,timeout
dyn_pax_1652,2379.0,2026-09-07 09:39:39,-542367267#1,bus_stop,,247.51018316686128,1414.7184918773391,37.504219024473855,127.02344900430944,2415.0,36.0,taxi_18,picked
dyn_pax_1653,2381.0,2026-09-07 09:39:41,541692164#1,subway_entrance,,271.6277521231475,1406.6420105391767,37.5041508337347,127.02372362926798,,,,timeout
dyn_pax_1654,2382.0,2026-09-07 09:39:42,1229817205#0,company|subway_entrance|bus_stop,,599.2457558679199,652.2907550986157,37.497417346160496,127.02760695963683,,,,timeout
dyn_pax_1655,2385.0,2026-09-07 09:39:45,375049565#6,restaurant|subway_entrance|bus_stop,,789.5153251748014,798.8522330112556,37.49877353199428,127.02972351946808,,,,timeout
dyn_pax_1656,2387.0,2026-09-07 09:39:47,521766180#1,company|restaurant|bus_stop,,466.73410130235357,1169.2838037446552,37.502049542882666,127.02598608796039,2538.0,151.0,taxi_respawn_19,picked
dyn_pax_1657,2387.0,2026-09-07 09:39:47,521770119#0,restaurant|bus_stop,,548.9831206778387,935.1148840516827,37.499955620541705,127.02697161236954,,,,timeout
dyn_pax_1658,2390.0,2026-09-07 09:39:50,521766175#1,company|restaurant|subway_entrance,,332.9365590021661,1411.5585828157227,37.504206724109,127.02441570308932,,,,timeout
dyn_pax_1659,2391.0,2026-09-07 09:39:51,520307304#0,school|subway_entrance|bus_stop,,602.6035134310263,763.145495629718,37.498416594724866,127.02761864854104,,,,timeout
dyn_pax_1660,2391.0,2026-09-07 09:39:51,117823785#0,company|restaurant,,1360.8740206736493,851.0492627492013,37.499351351792384,127.0361713398344,,,,timeout
dyn_pax_1661,2392.0,2026-09-07 09:39:52,990628460#0,restaurant,,624.9193131653682,704.9656163236222,37.49789670602668,127.02788475117727,,,,timeout
dyn_pax_1662,2393.0,2026-09-07 09:39:53,305539406,company|restaurant|subway_entrance,,566.389495917364,736.5285064605782,37.49816998085155,127.02721550408178,,,,timeout
dyn_pax_1663,2393.0,2026-09-07 09:39:53,-256787796#4,restaurant,,620.2926176327408,895.5374521094307,37.49961256354246,127.02778727239327,2730.0,337.0,taxi_6,picked
dyn_pax_1664,2394.0,2026-09-07 09:39:54,521770119#1,restaurant|bus_stop,,527.3115514435282,995.8620162900467,37.50049875494786,127.02671217090477,,,,timeout
dyn_pax_1665,2396.0,2026-09-07 09:39:56,541692164#1,subway_entrance,,271.6277521231475,1406.6420105391767,37.5041508337347,127.02372362926798,,,,timeout
dyn_pax_1666,2397.0,2026-09-07 09:39:57,-506191135#22,residential|company|restaurant|bus_stop,,38.693950105848444,1321.9513167019495,37.50334380565249,127.02110990869835,2722.0,325.0,taxi_respawn_38,picked
dyn_pax_1667,2398.0,2026-09-07 09:39:58,218857636#1,residential|company|restaurant|bus_stop,,297.92905089287035,623.2061345250047,37.49709839153085,127.02420706961871,,,,timeout
dyn_pax_1668,2399.0,2026-09-07 09:39:59,1376141182#0,bus_stop,,385.7154046370183,1301.0311255965628,37.50322104370192,127.02503873135461,,,,timeout
dyn_pax_1669,2400.0,2026-09-07 09:40:00,-541692164#2,subway_entrance,,317.7122087179151,1441.0296574375257,37.504469327730426,127.0242365566347,,,,timeout
dyn_pax_1670,2401.0,2026-09-07 09:40:01,-417750337#1,restaurant,,620.0756768942672,1248.4347545200121,37.5027915312318,127.02770116938098,2485.0,84.0,taxi_45,picked
dyn_pax_1671,2401.0,2026-09-07 09:40:01,379232155,restaurant,,946.0567570824509,480.05346239194995,37.49593120335224,127.03156888346594,,,,timeout
dyn_pax_1672,2402.0,2026-09-07 09:40:02,-504509918#2,company|restaurant|bus_stop,,398.9694242295193,827.4758220967593,37.49895762305832,127.02530099003066,,,,timeout
dyn_pax_1673,2402.0,2026-09-07 09:40:02,117790045#2,restaurant,,537.9561568342307,1283.7183624175188,37.50309386389003,127.02676426064505,2748.0,346.0,taxi_respawn_31,picked
dyn_pax_1674,2404.0,2026-09-07 09:40:04,541692164#1,subway_entrance,,271.6277521231475,1406.6420105391767,37.5041508337347,127.02372362926798,,,,timeout
dyn_pax_1675,2405.0,2026-09-07 09:40:05,1117538957#3,restaurant|subway_entrance|bus_stop,,465.5082521847807,644.8780924026132,37.49732530507706,127.02609663221197,,,,timeout
dyn_pax_1676,2407.0,2026-09-07 09:40:07,375049565#6,restaurant|subway_entrance|bus_stop,,789.5153251748014,798.8522330112556,37.49877353199428,127.02972351946808,,,,timeout
dyn_pax_1677,2408.0,2026-09-07 09:40:08,218877837#2,company|restaurant|bus_stop,,479.4555212141038,978.0213907550284,37.500328997763305,127.02617530290202,2830.0,422.0,taxi_2,picked
dyn_pax_1678,2410.0,2026-09-07 09:40:10,218873820#0,restaurant|subway_entrance|bus_stop,,628.9829311132032,562.4061665928522,37.49661325243901,127.02796447999128,,,,timeout
dyn_pax_1679,2410.0,2026-09-07 09:40:10,-417750336#3,school|company,,868.1859178511071,948.5147012398835,37.50013657861005,127.03057759421064,2904.0,494.0,taxi_17,picked
dyn_pax_1680,2413.0,2026-09-07 09:40:13,218873820#0,restaurant|subway_entrance|bus_stop,,628.9829311132032,562.4061665928522,37.49661325243901,127.02796447999128,,,,timeout
dyn_pax_1681,2414.0,2026-09-07 09:40:14,178441450#1,residential|company|restaurant|bus_stop,,282.90243066757296,609.4157395563556,37.496971320837204,127.02404044855805,2755.0,341.0,taxi_respawn_35,picked
dyn_pax_1682,2415.0,2026-09-07 09:40:15,129731721#0,company|restaurant,,451.4485582282947,673.334514427724,37.497578992002325,127.0259309178301,3294.0,879.0,taxi_respawn_24,picked
dyn_pax_1683,2416.0,2026-09-07 09:40:16,218877837#2,company|restaurant|bus_stop,,479.4555212141038,978.0213907550284,37.500328997763305,127.02617530290202,,,,timeout
dyn_pax_1684,2416.0,2026-09-07 09:40:16,309155295#0,company|restaurant,,688.2712938579457,529.5739965525526,37.49632868191341,127.02864258735015,,,,timeout
dyn_pax_1685,2417.0,2026-09-07 09:40:17,521766175#3,company|restaurant|subway_entrance|bus_stop,,373.6701172395771,1298.610217621072,37.50319695740621,127.02490310718325,,,,timeout
dyn_pax_1686,2421.0,2026-09-07 09:40:21,256787796#8,restaurant,,646.6563496183319,793.2391486514691,37.49869600620777,127.02810960194483,,,,timeout
dyn_pax_1687,2421.0,2026-09-07 09:40:21,628232693#0,company|restaurant,,644.2623295929467,660.168099777976,37.49749680792099,127.0281140674837,2581.0,160.0,taxi_26,picked
dyn_pax_1688,2422.0,2026-09-07 09:40:22,494824662#3,company|restaurant|subway_entrance,,729.424850252167,406.6843378518681,37.49522941823122,127.02913698209235,,,,timeout
dyn_pax_1689,2423.0,2026-09-07 09:40:23,1229817205#0,company|subway_entrance|bus_stop,,599.2457558679199,652.2907550986157,37.497417346160496,127.02760695963683,,,,timeout
dyn_pax_1690,2425.0,2026-09-07 09:40:25,1117538957#3,restaurant|subway_entrance|bus_stop,,465.5082521847807,644.8780924026132,37.49732530507706,127.02609663221197,,,,timeout
dyn_pax_1691,2427.0,2026-09-07 09:40:27,480850873,company|restaurant|bus_stop,,548.1935052770749,708.5896639848544,37.49791486187585,127.0270163956136,2879.0,452.0,taxi_14,picked
dyn_pax_1692,2428.0,2026-09-07 09:40:28,375049565#6,restaurant|subway_entrance|bus_stop,,789.5153251748014,798.8522330112556,37.49877353199428,127.02972351946808,,,,timeout
dyn_pax_1693,2428.0,2026-09-07 09:40:28,-504227066#3,restaurant,,449.3214735737982,636.1754008755333,37.497243849267164,127.02591568328045,2738.0,310.0,taxi_respawn_30,picked
dyn_pax_1694,2429.0,2026-09-07 09:40:29,-117790045#1,restaurant,,534.0975884889299,1266.9858058167179,37.502942402865294,127.02672459950128,2859.0,430.0,taxi_respawn_7,picked
dyn_pax_1695,2430.0,2026-09-07 09:40:30,1229817205#1,residential|bus_stop,,631.6400080768872,572.7061575261558,37.49670653972221,127.02799208080955,,,,timeout
dyn_pax_1696,2430.0,2026-09-07 09:40:30,417750337#1,restaurant,,654.3039749436668,1311.1147669608317,37.50336263595113,127.02807333923603,2471.0,41.0,taxi_43,picked
dyn_pax_1697,2431.0,2026-09-07 09:40:31,1376141183#0,bus_stop,,548.2528111146681,901.2117688498424,37.49965007283687,127.02697139402301,2920.0,489.0,taxi_23,picked
dyn_pax_1698,2433.0,2026-09-07 09:40:33,975332778#1,bus_stop,,681.6099970732737,721.9380561808346,37.49806030190971,127.02852170075586,2483.0,50.0,taxi_respawn_14,picked
dyn_pax_1699,2434.0,2026-09-07 09:40:34,218877837#2,company|restaurant|bus_stop,,479.4555212141038,978.0213907550284,37.500328997763305,127.02617530290202,,,,timeout
dyn_pax_1700,2436.0,2026-09-07 09:40:36,218864491#0,restaurant|bus_stop,,769.9803916976219,760.1217113917903,37.49842094941813,127.02951181742357,,,,timeout
dyn_pax_1701,2437.0,2026-09-07 09:40:37,-417933645#2,company|restaurant|subway_entrance,,701.1658676593129,719.5455833044954,37.49804244093877,127.02874337560036,2918.0,481.0,taxi_respawn_27,picked
dyn_pax_1702,2438.0,2026-09-07 09:40:38,805827756#0,restaurant,,725.8600087193602,932.9429066344904,37.49996945301828,127.02897203227693,,,,timeout
dyn_pax_1703,2439.0,2026-09-07 09:40:39,1229817205#0,company|subway_entrance|bus_stop,,599.2457558679199,652.2907550986157,37.497417346160496,127.02760695963683,,,,timeout
dyn_pax_1704,2441.0,2026-09-07 09:40:41,521766175#1,company|restaurant|subway_entrance,,332.9365590021661,1411.5585828157227,37.504206724109,127.02441570308932,,,,timeout
dyn_pax_1705,2442.0,2026-09-07 09:40:42,375049565#6,restaurant|subway_entrance|bus_stop,,789.5153251748014,798.8522330112556,37.49877353199428,127.02972351946808,,,,timeout
dyn_pax_1706,2443.0,2026-09-07 09:40:43,1229817205#0,company|subway_entrance|bus_stop,,599.2457558679199,652.2907550986157,37.497417346160496,127.02760695963683,,,,timeout
dyn_pax_1707,2446.0,2026-09-07 09:40:46,521766175#3,company|restaurant|subway_entrance|bus_stop,,373.6701172395771,1298.610217621072,37.50319695740621,127.02490310718325,,,,timeout
dyn_pax_1708,2448.0,2026-09-07 09:40:48,-506191135#22,residential|company|restaurant|bus_stop,,38.693950105848444,1321.9513167019495,37.50334380565249,127.02110990869835,2757.0,309.0,taxi_7,picked
dyn_pax_1709,2449.0,2026-09-07 09:40:49,541692164#1,subway_entrance,,271.6277521231475,1406.6420105391767,37.5041508337347,127.02372362926798,,,,timeout
dyn_pax_1710,2450.0,2026-09-07 09:40:50,417750354#1,restaurant,,919.2899707887079,1024.6134421491665,37.5008317366974,127.03113741131199,2583.0,133.0,taxi_13,picked
dyn_pax_1711,2451.0,2026-09-07 09:40:51,520307304#0,school|subway_entrance|bus_stop,,602.6035134310263,763.145495629718,37.498416594724866,127.02761864854104,,,,timeout
dyn_pax_1712,2453.0,2026-09-07 09:40:53,494824662#3,company|restaurant|subway_entrance,,729.424850252167,406.6843378518681,37.49522941823122,127.02913698209235,,,,timeout
dyn_pax_1713,2453.0,2026-09-07 09:40:53,-379232133,restaurant,,887.8909311741835,528.8139035551092,37.496359489964284,127.03089971288236,2823.0,370.0,taxi_19,picked
dyn_pax_1714,2454.0,2026-09-07 09:40:54,1376141182#0,bus_stop,,385.7154046370183,1301.0311255965628,37.50322104370192,127.02503873135461,,,,timeout
dyn_pax_1715,2456.0,2026-09-07 09:40:56,1229817205#0,company|subway_entrance|bus_stop,,599.2457558679199,652.2907550986157,37.497417346160496,127.02760695963683,,,,timeout
dyn_pax_1716,2457.0,2026-09-07 09:40:57,1117538958#3,bus_stop,,160.18899290588462,540.6019911995099,37.49632820280781,127.02266936696756,,,,timeout
dyn_pax_1717,2460.0,2026-09-07 09:41:00,218873820#0,restaurant|subway_entrance|bus_stop,,628.9829311132032,562.4061665928522,37.49661325243901,127.02796447999128,,,,timeout
dyn_pax_1718,2461.0,2026-09-07 09:41:01,-417750337#2,restaurant,,578.5487433358253,1191.18897592047,37.50226799999912,127.02724519016736,2738.0,277.0,taxi_48,picked
dyn_pax_1719,2462.0,2026-09-07 09:41:02,178441450#1,residential|company|restaurant|bus_stop,,282.90243066757296,609.4157395563556,37.496971320837204,127.02404044855805,2853.0,391.0,taxi_4,picked
dyn_pax_1720,2463.0,2026-09-07 09:41:03,521766175#1,company|restaurant|subway_entrance,,332.9365590021661,1411.5585828157227,37.504206724109,127.02441570308932,,,,timeout
dyn_pax_1721,2464.0,2026-09-07 09:41:04,-504227066#3,restaurant,,449.3214735737982,636.1754008755333,37.497243849267164,127.02591568328045,2901.0,437.0,taxi_respawn_13,picked
dyn_pax_1722,2465.0,2026-09-07 09:41:05,523141074#0,company|restaurant|subway_entrance,,524.0338794858329,871.4890157117229,37.4993777454413,127.02670460634431,2923.0,458.0,taxi_12,picked
dyn_pax_1723,2466.0,2026-09-07 09:41:06,523141074#0,company|restaurant|subway_entrance,,524.0338794858329,871.4890157117229,37.4993777454413,127.02670460634431,,,,timeout
dyn_pax_1724,2468.0,2026-09-07 09:41:08,541692164#1,subway_entrance,,271.6277521231475,1406.6420105391767,37.5041508337347,127.02372362926798,,,,timeout
dyn_pax_1725,2468.0,2026-09-07 09:41:08,1229817205#0,company|subway_entrance|bus_stop,,599.2457558679199,652.2907550986157,37.497417346160496,127.02760695963683,,,,timeout
dyn_pax_1726,2469.0,2026-09-07 09:41:09,218877837#2,company|restaurant|bus_stop,,479.4555212141038,978.0213907550284,37.500328997763305,127.02617530290202,,,,timeout
dyn_pax_1727,2471.0,2026-09-07 09:41:11,1376141183#0,bus_stop,,548.2528111146681,901.2117688498424,37.49965007283687,127.02697139402301,2953.0,482.0,taxi_19,picked
dyn_pax_1728,2472.0,2026-09-07 09:41:12,218864491#0,restaurant|bus_stop,,769.9803916976219,760.1217113917903,37.49842094941813,127.02951181742357,,,,timeout
dyn_pax_1729,2474.0,2026-09-07 09:41:14,178441450#1,residential|company|restaurant|bus_stop,,282.90243066757296,609.4157395563556,37.496971320837204,127.02404044855805,2861.0,387.0,taxi_respawn_17,picked
dyn_pax_1730,2476.0,2026-09-07 09:41:16,1376141182#0,bus_stop,,385.7154046370183,1301.0311255965628,37.50322104370192,127.02503873135461,,,,timeout
dyn_pax_1731,2477.0,2026-09-07 09:41:17,480850873,company|restaurant|bus_stop,,548.1935052770749,708.5896639848544,37.49791486187585,127.0270163956136,,,,timeout
dyn_pax_1732,2479.0,2026-09-07 09:41:19,506191135#3,residential|company|restaurant|bus_stop,,238.79972345576414,789.4714057742513,37.49858497042428,127.023499044737,,,,timeout
dyn_pax_1733,2480.0,2026-09-07 09:41:20,-913950883#1,residential|company|restaurant,,391.36286393582424,840.6655979518604,37.49907500229157,127.0252118555046,2618.0,138.0,taxi_respawn_2,picked
dyn_pax_1734,2482.0,2026-09-07 09:41:22,523141074#0,company|restaurant|subway_entrance,,524.0338794858329,871.4890157117229,37.4993777454413,127.02670460634431,,,,timeout
dyn_pax_1735,2483.0,2026-09-07 09:41:23,521766182#1,company|restaurant|subway_entrance,,681.695169875507,539.6867345716422,37.496418539503196,127.02856584056028,,,,timeout
dyn_pax_1736,2484.0,2026-09-07 09:41:24,-504509918#2,company|restaurant|bus_stop,,398.9694242295193,827.4758220967593,37.49895762305832,127.02530099003066,2953.0,469.0,taxi_2,picked
dyn_pax_1737,2486.0,2026-09-07 09:41:26,521766175#1,company|restaurant|subway_entrance,,332.9365590021661,1411.5585828157227,37.504206724109,127.02441570308932,,,,timeout
dyn_pax_1738,2488.0,2026-09-07 09:41:28,1229817205#1,residential|bus_stop,,631.6400080768872,572.7061575261558,37.49670653972221,127.02799208080955,,,,timeout
dyn_pax_1739,2488.0,2026-09-07 09:41:28,129731721#0,company|restaurant,,451.4485582282947,673.334514427724,37.497578992002325,127.0259309178301,3388.0,900.0,taxi_11,picked
dyn_pax_1740,2488.0,2026-09-07 09:41:28,256787796#2,restaurant,,573.8171824012851,1000.9225059734806,37.50055312725627,127.02723680274495,2856.0,368.0,taxi_respawn_15,picked
dyn_pax_1741,2489.0,2026-09-07 09:41:29,375049565#6,restaurant|subway_entrance|bus_stop,,789.5153251748014,798.8522330112556,37.49877353199428,127.02972351946808,,,,timeout
dyn_pax_1742,2490.0,2026-09-07 09:41:30,178441450#1,residential|company|restaurant|bus_stop,,282.90243066757296,609.4157395563556,37.496971320837204,127.02404044855805,2874.0,384.0,taxi_43,picked
dyn_pax_1743,2491.0,2026-09-07 09:41:31,-541692164#2,subway_entrance,,317.7122087179151,1441.0296574375257,37.504469327730426,127.0242365566347,,,,timeout
dyn_pax_1744,2492.0,2026-09-07 09:41:32,-542367267#1,bus_stop,,247.51018316686128,1414.7184918773391,37.504219024473855,127.02344900430944,2528.0,36.0,taxi_respawn_34,picked
dyn_pax_1745,2492.0,2026-09-07 09:41:32,218864491#0,restaurant|bus_stop,,769.9803916976219,760.1217113917903,37.49842094941813,127.02951181742357,,,,timeout
dyn_pax_1746,2494.0,2026-09-07 09:41:34,521770116#2,company|restaurant|bus_stop,,432.3182248087171,1108.514093563608,37.50149560521279,127.02561136613096,2550.0,56.0,taxi_20,picked
dyn_pax_1747,2495.0,2026-09-07 09:41:35,521766180#1,company|restaurant|bus_stop,,466.73410130235357,1169.2838037446552,37.502049542882666,127.02598608796039,2652.0,157.0,taxi_34,picked
dyn_pax_1748,2497.0,2026-09-07 09:41:37,218857636#1,residential|company|restaurant|bus_stop,,297.92905089287035,623.2061345250047,37.49709839153085,127.02420706961871,2932.0,435.0,taxi_36,picked
dyn_pax_1749,2499.0,2026-09-07 09:41:39,520307304#0,school|subway_entrance|bus_stop,,602.6035134310263,763.145495629718,37.498416594724866,127.02761864854104,,,,timeout
dyn_pax_1750,2500.0,2026-09-07 09:41:40,375049565#6,restaurant|subway_entrance|bus_stop,,789.5153251748014,798.8522330112556,37.49877353199428,127.02972351946808,,,,timeout
dyn_pax_1751,2502.0,2026-09-07 09:41:42,-417933645#2,company|restaurant|subway_entrance,,701.1658676593129,719.5455833044954,37.49804244093877,127.02874337560036,,,,timeout
dyn_pax_1752,2503.0,2026-09-07 09:41:43,375049565#6,restaurant|subway_entrance|bus_stop,,789.5153251748014,798.8522330112556,37.49877353199428,127.02972351946808,,,,timeout
dyn_pax_1753,2505.0,2026-09-07 09:41:45,520307304#0,school|subway_entrance|bus_stop,,602.6035134310263,763.145495629718,37.498416594724866,127.02761864854104,,,,timeout
dyn_pax_1754,2506.0,2026-09-07 09:41:46,178441450#1,residential|company|restaurant|bus_stop,,282.90243066757296,609.4157395563556,37.496971320837204,127.02404044855805,2866.0,360.0,taxi_26,picked
dyn_pax_1755,2508.0,2026-09-07 09:41:48,218857636#1,residential|company|restaurant|bus_stop,,297.92905089287035,623.2061345250047,37.49709839153085,127.02420706961871,,,,timeout
dyn_pax_1756,2509.0,2026-09-07 09:41:49,218873820#0,restaurant|subway_entrance|bus_stop,,628.9829311132032,562.4061665928522,37.49661325243901,127.02796447999128,3077.0,568.0,taxi_24,picked
dyn_pax_1757,2511.0,2026-09-07 09:41:51,1229817205#1,residential|bus_stop,,631.6400080768872,572.7061575261558,37.49670653972221,127.02799208080955,,,,timeout
dyn_pax_1758,2511.0,2026-09-07 09:41:51,504227066#0,restaurant,,519.2210823013057,487.78345043316773,37.49592029712161,127.02674117912406,2570.0,59.0,taxi_1,picked
dyn_pax_1759,2512.0,2026-09-07 09:41:52,1229817205#0,company|subway_entrance|bus_stop,,599.2457558679199,652.2907550986157,37.497417346160496,127.02760695963683,,,,timeout
dyn_pax_1760,2514.0,2026-09-07 09:41:54,218877837#2,company|restaurant|bus_stop,,479.4555212141038,978.0213907550284,37.500328997763305,127.02617530290202,,,,timeout
dyn_pax_1761,2515.0,2026-09-07 09:41:55,-542367267#1,bus_stop,,247.51018316686128,1414.7184918773391,37.504219024473855,127.02344900430944,2618.0,103.0,taxi_21,picked
dyn_pax_1762,2517.0,2026-09-07 09:41:57,178441450#1,residential|company|restaurant|bus_stop,,282.90243066757296,609.4157395563556,37.496971320837204,127.02404044855805,,,,timeout
dyn_pax_1763,2518.0,2026-09-07 09:41:58,521766180#1,company|restaurant|bus_stop,,466.73410130235357,1169.2838037446552,37.502049542882666,127.02598608796039,2812.0,294.0,taxi_10,picked
dyn_pax_1764,2520.0,2026-09-07 09:42:00,-506191135#2,residential|bus_stop,,236.19733776439384,769.6838415951818,37.49840622577806,127.02347432089968,,,,timeout
dyn_pax_1765,2521.0,2026-09-07 09:42:01,218877837#2,company|restaurant|bus_stop,,479.4555212141038,978.0213907550284,37.500328997763305,127.02617530290202,,,,timeout
dyn_pax_1766,2523.0,2026-09-07 09:42:03,521766175#3,company|restaurant|subway_entrance|bus_stop,,373.6701172395771,1298.610217621072,37.50319695740621,127.02490310718325,,,,timeout
dyn_pax_1767,2525.0,2026-09-07 09:42:05,-417933645#2,company|restaurant|subway_entrance,,701.1658676593129,719.5455833044954,37.49804244093877,127.02874337560036,,,,timeout
dyn_pax_1768,2526.0,2026-09-07 09:42:06,417933642#0,restaurant|bus_stop,,1041.0954363710525,463.30841921497654,37.49579826441859,127.03264736696761,,,,timeout
dyn_pax_1769,2528.0,2026-09-07 09:42:08,521766175#1,company|restaurant|subway_entrance,,332.9365590021661,1411.5585828157227,37.504206724109,127.02441570308932,,,,timeout
dyn_pax_1770,2528.0,2026-09-07 09:42:08,521770119#0,restaurant|bus_stop,,548.9831206778387,935.1148840516827,37.499955620541705,127.02697161236954,,,,timeout
dyn_pax_1771,2528.0,2026-09-07 09:42:08,129733424#0,restaurant,,719.7944869540754,1033.9950883209078,37.500878618503414,127.0288795122034,2830.0,302.0,taxi_18,picked
dyn_pax_1772,2530.0,2026-09-07 09:42:10,239962780#1,company|restaurant,,78.091042197054,1418.7355011637856,37.504223128704645,127.02153236485597,2616.0,86.0,taxi_33,picked
dyn_pax_1773,2532.0,2026-09-07 09:42:12,494824662#3,company|restaurant|subway_entrance,,729.424850252167,406.6843378518681,37.49522941823122,127.02913698209235,3045.0,513.0,taxi_31,picked
dyn_pax_1774,2534.0,2026-09-07 09:42:14,218877837#2,company|restaurant|bus_stop,,479.4555212141038,978.0213907550284,37.500328997763305,127.02617530290202,,,,timeout
dyn_pax_1775,2534.0,2026-09-07 09:42:14,-117790045#0,restaurant,,544.8147652988505,1238.053441474183,37.50268379633789,127.0268526423962,2764.0,230.0,taxi_respawn_22,picked
dyn_pax_1776,2535.0,2026-09-07 09:42:15,218873820#0,restaurant|subway_entrance|bus_stop,,628.9829311132032,562.4061665928522,37.49661325243901,127.02796447999128,,,,timeout
dyn_pax_1777,2536.0,2026-09-07 09:42:16,129731720#0,residential|company|restaurant,,292.10678712231254,1113.150773394943,37.50151085547559,127.02402489828896,2684.0,148.0,taxi_respawn_20,picked
dyn_pax_1778,2537.0,2026-09-07 09:42:17,1376141183#0,bus_stop,,548.2528111146681,901.2117688498424,37.49965007283687,127.02697139402301,3009.0,472.0,taxi_respawn_8,picked
dyn_pax_1779,2538.0,2026-09-07 09:42:18,218864491#0,restaurant|bus_stop,,769.9803916976219,760.1217113917903,37.49842094941813,127.02951181742357,,,,timeout
dyn_pax_1780,2540.0,2026-09-07 09:42:20,541692164#1,subway_entrance,,271.6277521231475,1406.6420105391767,37.5041508337347,127.02372362926798,,,,timeout
dyn_pax_1781,2540.0,2026-09-07 09:42:20,305539406,company|restaurant|subway_entrance,,566.389495917364,736.5285064605782,37.49816998085155,127.02721550408178,,,,timeout
dyn_pax_1782,2543.0,2026-09-07 09:42:23,-417933645#2,company|restaurant|subway_entrance,,701.1658676593129,719.5455833044954,37.49804244093877,127.02874337560036,,,,timeout
dyn_pax_1783,2543.0,2026-09-07 09:42:23,-1011529829#3,residential|restaurant,,246.84006179949273,776.1178104815556,37.49846619888778,127.02359312469504,2554.0,11.0,taxi_7,picked
dyn_pax_1784,2544.0,2026-09-07 09:42:24,-417933645#2,company|restaurant|subway_entrance,,701.1658676593129,719.5455833044954,37.49804244093877,127.02874337560036,,,,timeout
dyn_pax_1785,2544.0,2026-09-07 09:42:24,379463134#2,restaurant,,492.9894267673794,1254.822149661426,37.50282506050825,127.0262626667944,2711.0,167.0,taxi_24,picked
dyn_pax_1786,2548.0,2026-09-07 09:42:28,1229817205#0,company|subway_entrance|bus_stop,,599.2457558679199,652.2907550986157,37.497417346160496,127.02760695963683,,,,timeout
dyn_pax_1787,2549.0,2026-09-07 09:42:29,520307304#0,school|subway_entrance|bus_stop,,602.6035134310263,763.145495629718,37.498416594724866,127.02761864854104,,,,timeout
dyn_pax_1788,2550.0,2026-09-07 09:42:30,26163000#0,restaurant,,655.1679463942612,1215.3400880972458,37.50250003106797,127.02810580802628,2750.0,200.0,taxi_respawn_7,picked
dyn_pax_1789,2551.0,2026-09-07 09:42:31,375049565#6,restaurant|subway_entrance|bus_stop,,789.5153251748014,798.8522330112556,37.49877353199428,127.02972351946808,3077.0,526.0,taxi_respawn_7,picked
dyn_pax_1790,2552.0,2026-09-07 09:42:32,-379232133,restaurant,,887.8909311741835,528.8139035551092,37.496359489964284,127.03089971288236,2817.0,265.0,taxi_41,picked
dyn_pax_1791,2552.0,2026-09-07 09:42:32,-129731857#2,restaurant,,875.7452923990509,884.8037873845144,37.499564075208866,127.03067814538078,2727.0,175.0,taxi_respawn_5,picked
dyn_pax_1792,2552.0,2026-09-07 09:42:32,521766175#3,company|restaurant|subway_entrance|bus_stop,,373.6701172395771,1298.610217621072,37.50319695740621,127.02490310718325,,,,timeout
dyn_pax_1793,2554.0,2026-09-07 09:42:34,480850873,company|restaurant|bus_stop,,548.1935052770749,708.5896639848544,37.49791486187585,127.0270163956136,3060.0,506.0,taxi_2,picked
dyn_pax_1794,2554.0,2026-09-07 09:42:34,-913950883#1,residential|company|restaurant,,391.36286393582424,840.6655979518604,37.49907500229157,127.0252118555046,2842.0,288.0,taxi_8,picked
dyn_pax_1795,2555.0,2026-09-07 09:42:35,375049565#6,restaurant|subway_entrance|bus_stop,,789.5153251748014,798.8522330112556,37.49877353199428,127.02972351946808,,,,timeout
dyn_pax_1796,2557.0,2026-09-07 09:42:37,520307304#0,school|subway_entrance|bus_stop,,602.6035134310263,763.145495629718,37.498416594724866,127.02761864854104,,,,timeout
dyn_pax_1797,2558.0,2026-09-07 09:42:38,417933642#0,restaurant|bus_stop,,1041.0954363710525,463.30841921497654,37.49579826441859,127.03264736696761,,,,timeout
dyn_pax_1798,2559.0,2026-09-07 09:42:39,521770116#2,company|restaurant|bus_stop,,432.3182248087171,1108.514093563608,37.50149560521279,127.02561136613096,2828.0,269.0,taxi_35,picked
dyn_pax_1799,2559.0,2026-09-07 09:42:39,309155295#1,restaurant,,764.2225196982893,558.1760304781078,37.4966006705371,127.0294945363528,2648.0,89.0,taxi_respawn_4,picked
dyn_pax_1800,2560.0,2026-09-07 09:42:40,541692164#1,subway_entrance,,271.6277521231475,1406.6420105391767,37.5041508337347,127.02372362926798,,,,timeout
dyn_pax_1801,2561.0,2026-09-07 09:42:41,480850873,company|restaurant|bus_stop,,548.1935052770749,708.5896639848544,37.49791486187585,127.0270163956136,,,,timeout
dyn_pax_1802,2563.0,2026-09-07 09:42:43,375049565#6,restaurant|subway_entrance|bus_stop,,789.5153251748014,798.8522330112556,37.49877353199428,127.02972351946808,,,,timeout
dyn_pax_1803,2564.0,2026-09-07 09:42:44,1376141182#0,bus_stop,,385.7154046370183,1301.0311255965628,37.50322104370192,127.02503873135461,,,,timeout
dyn_pax_1804,2564.0,2026-09-07 09:42:44,1376141182#0,bus_stop,,385.7154046370183,1301.0311255965628,37.50322104370192,127.02503873135461,,,,timeout
dyn_pax_1805,2566.0,2026-09-07 09:42:46,541692164#1,subway_entrance,,271.6277521231475,1406.6420105391767,37.5041508337347,127.02372362926798,,,,timeout
dyn_pax_1806,2567.0,2026-09-07 09:42:47,1376141183#0,bus_stop,,548.2528111146681,901.2117688498424,37.49965007283687,127.02697139402301,,,,timeout
dyn_pax_1807,2569.0,2026-09-07 09:42:49,521766180#1,company|restaurant|bus_stop,,466.73410130235357,1169.2838037446552,37.502049542882666,127.02598608796039,,,,timeout
dyn_pax_1808,2571.0,2026-09-07 09:42:51,521766175#1,company|restaurant|subway_entrance,,332.9365590021661,1411.5585828157227,37.504206724109,127.02441570308932,,,,timeout
dyn_pax_1809,2571.0,2026-09-07 09:42:51,417933645#2,residential|company|restaurant,,757.7944798520502,568.4010952306102,37.496691568512986,127.02941943794849,2738.0,167.0,taxi_respawn_25,picked
dyn_pax_1810,2572.0,2026-09-07 09:42:52,1117538957#3,restaurant|subway_entrance|bus_stop,,465.5082521847807,644.8780924026132,37.49732530507706,127.02609663221197,3080.0,508.0,taxi_20,picked
dyn_pax_1811,2574.0,2026-09-07 09:42:54,-417933645#2,company|restaurant|subway_entrance,,701.1658676593129,719.5455833044954,37.49804244093877,127.02874337560036,3082.0,508.0,taxi_37,picked
dyn_pax_1812,2575.0,2026-09-07 09:42:55,520307304#0,school|subway_entrance|bus_stop,,602.6035134310263,763.145495629718,37.498416594724866,127.02761864854104,,,,timeout
dyn_pax_1813,2577.0,2026-09-07 09:42:57,541692164#1,subway_entrance,,271.6277521231475,1406.6420105391767,37.5041508337347,127.02372362926798,,,,timeout
dyn_pax_1814,2578.0,2026-09-07 09:42:58,218873820#0,restaurant|subway_entrance|bus_stop,,628.9829311132032,562.4061665928522,37.49661325243901,127.02796447999128,,,,timeout
dyn_pax_1815,2578.0,2026-09-07 09:42:58,129731721#0,company|restaurant,,451.4485582282947,673.334514427724,37.497578992002325,127.0259309178301,,,,unpicked
dyn_pax_1816,2581.0,2026-09-07 09:43:01,1229817205#1,residential|bus_stop,,631.6400080768872,572.7061575261558,37.49670653972221,127.02799208080955,3056.0,475.0,taxi_14,picked
dyn_pax_1817,2583.0,2026-09-07 09:43:03,1229817205#0,company|subway_entrance|bus_stop,,599.2457558679199,652.2907550986157,37.497417346160496,127.02760695963683,,,,timeout
dyn_pax_1818,2584.0,2026-09-07 09:43:04,521770119#0,restaurant|bus_stop,,548.9831206778387,935.1148840516827,37.499955620541705,127.02697161236954,,,,timeout
dyn_pax_1819,2584.0,2026-09-07 09:43:04,-117790031#1,restaurant,,730.7814463439225,1053.3410552584976,37.501054966737435,127.02899915797848,,,,timeout
dyn_pax_1820,2586.0,2026-09-07 09:43:06,521770116#2,company|restaurant|bus_stop,,432.3182248087171,1108.514093563608,37.50149560521279,127.02561136613096,3028.0,442.0,taxi_respawn_10,picked
dyn_pax_1821,2590.0,2026-09-07 09:43:10,521766175#3,company|restaurant|subway_entrance|bus_stop,,373.6701172395771,1298.610217621072,37.50319695740621,127.02490310718325,3064.0,474.0,taxi_13,picked
dyn_pax_1822,2590.0,2026-09-07 09:43:10,-379232155,restaurant,,999.2800162208075,449.1965960198298,37.495663263085994,127.03217793178025,2749.0,159.0,taxi_49,picked
dyn_pax_1823,2591.0,2026-09-07 09:43:11,256787796#0,restaurant,,530.944358998998,1120.7521543106918,37.50162448989409,127.02672362781294,2612.0,21.0,taxi_45,picked
dyn_pax_1824,2592.0,2026-09-07 09:43:12,520307304#0,school|subway_entrance|bus_stop,,602.6035134310263,763.145495629718,37.498416594724866,127.02761864854104,,,,timeout
dyn_pax_1825,2593.0,2026-09-07 09:43:13,1117538958#3,bus_stop,,160.18899290588462,540.6019911995099,37.49632820280781,127.02266936696756,3041.0,448.0,taxi_respawn_34,picked
dyn_pax_1826,2593.0,2026-09-07 09:43:13,-379463134#2,restaurant,,527.5499142349145,1277.2476095039178,37.503033607059436,127.02664812966836,2803.0,210.0,taxi_28,picked
dyn_pax_1827,2595.0,2026-09-07 09:43:15,218877837#2,company|restaurant|bus_stop,,479.4555212141038,978.0213907550284,37.500328997763305,127.02617530290202,,,,timeout
dyn_pax_1828,2595.0,2026-09-07 09:43:15,129731720#0,residential|company|restaurant,,292.10678712231254,1113.150773394943,37.50151085547559,127.02402489828896,,,,timeout
dyn_pax_1829,2597.0,2026-09-07 09:43:17,218877837#2,company|restaurant|bus_stop,,479.4555212141038,978.0213907550284,37.500328997763305,127.02617530290202,,,,timeout
dyn_pax_1830,2598.0,2026-09-07 09:43:18,218857636#1,residential|company|restaurant|bus_stop,,297.92905089287035,623.2061345250047,37.49709839153085,127.02420706961871,3121.0,523.0,taxi_respawn_21,picked
dyn_pax_1831,2598.0,2026-09-07 09:43:18,218873820#0,restaurant|subway_entrance|bus_stop,,628.9829311132032,562.4061665928522,37.49661325243901,127.02796447999128,,,,timeout
dyn_pax_1832,2600.0,2026-09-07 09:43:20,506191135#3,residential|company|restaurant|bus_stop,,238.79972345576414,789.4714057742513,37.49858497042428,127.023499044737,,,,timeout
dyn_pax_1833,2601.0,2026-09-07 09:43:21,178441450#1,residential|company|restaurant|bus_stop,,282.90243066757296,609.4157395563556,37.496971320837204,127.02404044855805,,,,timeout
dyn_pax_1834,2603.0,2026-09-07 09:43:23,541692164#1,subway_entrance,,271.6277521231475,1406.6420105391767,37.5041508337347,127.02372362926798,,,,timeout
dyn_pax_1835,2604.0,2026-09-07 09:43:24,218857636#1,residential|company|restaurant|bus_stop,,297.92905089287035,623.2061345250047,37.49709839153085,127.02420706961871,,,,timeout
dyn_pax_1836,2605.0,2026-09-07 09:43:25,375049565#6,restaurant|subway_entrance|bus_stop,,789.5153251748014,798.8522330112556,37.49877353199428,127.02972351946808,,,,timeout
dyn_pax_1837,2606.0,2026-09-07 09:43:26,521766180#1,company|restaurant|bus_stop,,466.73410130235357,1169.2838037446552,37.502049542882666,127.02598608796039,,,,timeout
dyn_pax_1838,2607.0,2026-09-07 09:43:27,218864491#0,restaurant|bus_stop,,769.9803916976219,760.1217113917903,37.49842094941813,127.02951181742357,,,,timeout
dyn_pax_1839,2608.0,2026-09-07 09:43:28,1117538958#2,company,,104.12900552775619,520.131995808405,37.496133188537314,127.02204040818502,,,,timeout
dyn_pax_1840,2609.0,2026-09-07 09:43:29,1117538958#3,bus_stop,,160.18899290588462,540.6019911995099,37.49632820280781,127.02266936696756,,,,timeout
dyn_pax_1841,2610.0,2026-09-07 09:43:30,218873820#0,restaurant|subway_entrance|bus_stop,,628.9829311132032,562.4061665928522,37.49661325243901,127.02796447999128,,,,timeout
dyn_pax_1842,2611.0,2026-09-07 09:43:31,-504227066#3,restaurant,,449.3214735737982,636.1754008755333,37.497243849267164,127.02591568328045,,,,timeout
dyn_pax_1843,2612.0,2026-09-07 09:43:32,1229817205#0,company|subway_entrance|bus_stop,,599.2457558679199,652.2907550986157,37.497417346160496,127.02760695963683,,,,timeout
dyn_pax_1844,2612.0,2026-09-07 09:43:32,305539406,company|restaurant|subway_entrance,,566.389495917364,736.5285064605782,37.49816998085155,127.02721550408178,3071.0,459.0,taxi_36,picked
dyn_pax_1845,2613.0,2026-09-07 09:43:33,1229817205#0,company|subway_entrance|bus_stop,,599.2457558679199,652.2907550986157,37.497417346160496,127.02760695963683,,,,timeout
dyn_pax_1846,2615.0,2026-09-07 09:43:35,521766175#1,company|restaurant|subway_entrance,,332.9365590021661,1411.5585828157227,37.504206724109,127.02441570308932,,,,timeout
dyn_pax_1847,2616.0,2026-09-07 09:43:36,-417933645#2,company|restaurant|subway_entrance,,701.1658676593129,719.5455833044954,37.49804244093877,127.02874337560036,,,,timeout
dyn_pax_1848,2618.0,2026-09-07 09:43:38,506191135#3,residential|company|restaurant|bus_stop,,238.79972345576414,789.4714057742513,37.49858497042428,127.023499044737,,,,timeout
dyn_pax_1849,2620.0,2026-09-07 09:43:40,494824662#3,company|restaurant|subway_entrance,,729.424850252167,406.6843378518681,37.49522941823122,127.02913698209235,3131.0,511.0,taxi_respawn_9,picked
dyn_pax_1850,2621.0,2026-09-07 09:43:41,-504509918#2,company|restaurant|bus_stop,,398.9694242295193,827.4758220967593,37.49895762305832,127.02530099003066,3122.0,501.0,taxi_respawn_17,picked
dyn_pax_1851,2626.0,2026-09-07 09:43:46,1117538957#3,restaurant|subway_entrance|bus_stop,,465.5082521847807,644.8780924026132,37.49732530507706,127.02609663221197,,,,timeout
dyn_pax_1852,2626.0,2026-09-07 09:43:46,-117790039#4,restaurant,,976.1736160857955,1107.3942396063046,37.50158817580974,127.03176100793065,2692.0,66.0,taxi_29,picked
dyn_pax_1853,2627.0,2026-09-07 09:43:47,521766175#3,company|restaurant|subway_entrance|bus_stop,,373.6701172395771,1298.610217621072,37.50319695740621,127.02490310718325,3075.0,448.0,taxi_respawn_22,picked
dyn_pax_1854,2629.0,2026-09-07 09:43:49,1376141183#0,bus_stop,,548.2528111146681,901.2117688498424,37.49965007283687,127.02697139402301,,,,timeout
dyn_pax_1855,2630.0,2026-09-07 09:43:50,521766180#1,company|restaurant|bus_stop,,466.73410130235357,1169.2838037446552,37.502049542882666,127.02598608796039,,,,timeout
dyn_pax_1856,2632.0,2026-09-07 09:43:52,521766182#1,company|restaurant|subway_entrance,,681.695169875507,539.6867345716422,37.496418539503196,127.02856584056028,,,,timeout
dyn_pax_1857,2632.0,2026-09-07 09:43:52,-506191135#22,residential|company|restaurant|bus_stop,,38.693950105848444,1321.9513167019495,37.50334380565249,127.02110990869835,2873.0,241.0,taxi_45,picked
dyn_pax_1858,2633.0,2026-09-07 09:43:53,218864491#0,restaurant|bus_stop,,769.9803916976219,760.1217113917903,37.49842094941813,127.02951181742357,,,,timeout
dyn_pax_1859,2636.0,2026-09-07 09:43:56,417933642#0,restaurant|bus_stop,,1041.0954363710525,463.30841921497654,37.49579826441859,127.03264736696761,,,,timeout
dyn_pax_1860,2638.0,2026-09-07 09:43:58,1117538958#3,bus_stop,,160.18899290588462,540.6019911995099,37.49632820280781,127.02266936696756,,,,timeout
dyn_pax_1861,2638.0,2026-09-07 09:43:58,480850873,company|restaurant|bus_stop,,548.1935052770749,708.5896639848544,37.49791486187585,127.0270163956136,3105.0,467.0,taxi_41,picked
dyn_pax_1862,2639.0,2026-09-07 09:43:59,541692164#1,subway_entrance,,271.6277521231475,1406.6420105391767,37.5041508337347,127.02372362926798,,,,timeout
dyn_pax_1863,2641.0,2026-09-07 09:44:01,521766175#1,company|restaurant|subway_entrance,,332.9365590021661,1411.5585828157227,37.504206724109,127.02441570308932,,,,timeout
dyn_pax_1864,2643.0,2026-09-07 09:44:03,521766175#1,company|restaurant|subway_entrance,,332.9365590021661,1411.5585828157227,37.504206724109,127.02441570308932,,,,timeout
dyn_pax_1865,2644.0,2026-09-07 09:44:04,1229817205#0,company|subway_entrance|bus_stop,,599.2457558679199,652.2907550986157,37.497417346160496,127.02760695963683,,,,timeout
dyn_pax_1866,2645.0,2026-09-07 09:44:05,1229817205#0,company|subway_entrance|bus_stop,,599.2457558679199,652.2907550986157,37.497417346160496,127.02760695963683,,,,timeout
dyn_pax_1867,2647.0,2026-09-07 09:44:07,375049565#6,restaurant|subway_entrance|bus_stop,,789.5153251748014,798.8522330112556,37.49877353199428,127.02972351946808,,,,timeout
dyn_pax_1868,2650.0,2026-09-07 09:44:10,1229817205#0,company|subway_entrance|bus_stop,,599.2457558679199,652.2907550986157,37.497417346160496,127.02760695963683,,,,timeout
dyn_pax_1869,2652.0,2026-09-07 09:44:12,178441450#1,residential|company|restaurant|bus_stop,,282.90243066757296,609.4157395563556,37.496971320837204,127.02404044855805,3124.0,472.0,taxi_46,picked
dyn_pax_1870,2652.0,2026-09-07 09:44:12,-504509918#2,company|restaurant|bus_stop,,398.9694242295193,827.4758220967593,37.49895762305832,127.02530099003066,,,,timeout
dyn_pax_1871,2653.0,2026-09-07 09:44:13,541692164#1,subway_entrance,,271.6277521231475,1406.6420105391767,37.5041508337347,127.02372362926798,,,,timeout
dyn_pax_1872,2655.0,2026-09-07 09:44:15,541692164#1,subway_entrance,,271.6277521231475,1406.6420105391767,37.5041508337347,127.02372362926798,,,,timeout
dyn_pax_1873,2656.0,2026-09-07 09:44:16,375049565#6,restaurant|subway_entrance|bus_stop,,789.5153251748014,798.8522330112556,37.49877353199428,127.02972351946808,,,,timeout
dyn_pax_1874,2658.0,2026-09-07 09:44:18,521770119#0,restaurant|bus_stop,,548.9831206778387,935.1148840516827,37.499955620541705,127.02697161236954,,,,timeout
dyn_pax_1875,2658.0,2026-09-07 09:44:18,-913950883#1,residential|company|restaurant,,391.36286393582424,840.6655979518604,37.49907500229157,127.0252118555046,,,,timeout
dyn_pax_1876,2658.0,2026-09-07 09:44:18,1011529829#0,school,,381.1393135972994,834.2751815073392,37.49901550234899,127.0250977784903,2767.0,109.0,taxi_33,picked
dyn_pax_1877,2659.0,2026-09-07 09:44:19,-504509918#2,company|restaurant|bus_stop,,398.9694242295193,827.4758220967593,37.49895762305832,127.02530099003066,,,,timeout
dyn_pax_1878,2659.0,2026-09-07 09:44:19,-506191135#22,residential|company|restaurant|bus_stop,,38.693950105848444,1321.9513167019495,37.50334380565249,127.02110990869835,2976.0,317.0,taxi_34,picked
dyn_pax_1879,2661.0,2026-09-07 09:44:21,305539406,company|restaurant|subway_entrance,,566.389495917364,736.5285064605782,37.49816998085155,127.02721550408178,,,,timeout
dyn_pax_1880,2662.0,2026-09-07 09:44:22,375049565#6,restaurant|subway_entrance|bus_stop,,789.5153251748014,798.8522330112556,37.49877353199428,127.02972351946808,,,,timeout
dyn_pax_1881,2662.0,2026-09-07 09:44:22,129731720#0,residential|company|restaurant,,292.10678712231254,1113.150773394943,37.50151085547559,127.02402489828896,,,,timeout
dyn_pax_1882,2664.0,2026-09-07 09:44:24,375049565#6,restaurant|subway_entrance|bus_stop,,789.5153251748014,798.8522330112556,37.49877353199428,127.02972351946808,,,,timeout
dyn_pax_1883,2665.0,2026-09-07 09:44:25,521770116#2,company|restaurant|bus_stop,,432.3182248087171,1108.514093563608,37.50149560521279,127.02561136613096,3034.0,369.0,taxi_respawn_2,picked
dyn_pax_1884,2667.0,2026-09-07 09:44:27,521770119#1,restaurant|bus_stop,,527.3115514435282,995.8620162900467,37.50049875494786,127.02671217090477,,,,timeout
dyn_pax_1885,2669.0,2026-09-07 09:44:29,480850873,company|restaurant|bus_stop,,548.1935052770749,708.5896639848544,37.49791486187585,127.0270163956136,3150.0,481.0,taxi_6,picked
dyn_pax_1886,2669.0,2026-09-07 09:44:29,-542367267#1,bus_stop,,247.51018316686128,1414.7184918773391,37.504219024473855,127.02344900430944,2796.0,127.0,taxi_respawn_29,picked
dyn_pax_1887,2670.0,2026-09-07 09:44:30,1117538957#3,restaurant|subway_entrance|bus_stop,,465.5082521847807,644.8780924026132,37.49732530507706,127.02609663221197,,,,timeout
dyn_pax_1888,2672.0,2026-09-07 09:44:32,521766175#3,company|restaurant|subway_entrance|bus_stop,,373.6701172395771,1298.610217621072,37.50319695740621,127.02490310718325,3090.0,418.0,taxi_respawn_5,picked
dyn_pax_1889,2673.0,2026-09-07 09:44:33,-504509918#2,company|restaurant|bus_stop,,398.9694242295193,827.4758220967593,37.49895762305832,127.02530099003066,,,,timeout
dyn_pax_1890,2675.0,2026-09-07 09:44:35,-506191135#22,residential|company|restaurant|bus_stop,,38.693950105848444,1321.9513167019495,37.50334380565249,127.02110990869835,3119.0,444.0,taxi_respawn_1,picked
dyn_pax_1891,2675.0,2026-09-07 09:44:35,1229817205#0,company|subway_entrance|bus_stop,,599.2457558679199,652.2907550986157,37.497417346160496,127.02760695963683,,,,timeout
dyn_pax_1892,2677.0,2026-09-07 09:44:37,-523141073,residential|company,,283.47995026542384,1109.9635024546676,37.50148051131825,127.02392811188028,2712.0,35.0,taxi_42,picked
dyn_pax_1893,2678.0,2026-09-07 09:44:38,1229817205#0,company|subway_entrance|bus_stop,,599.2457558679199,652.2907550986157,37.497417346160496,127.02760695963683,,,,timeout
dyn_pax_1894,2678.0,2026-09-07 09:44:38,-379463130#1,restaurant,,595.1104652489141,1131.7345077296688,37.50173554422087,127.02744655088388,3179.0,501.0,taxi_respawn_35,picked
dyn_pax_1895,2679.0,2026-09-07 09:44:39,218873820#0,restaurant|subway_entrance|bus_stop,,628.9829311132032,562.4061665928522,37.49661325243901,127.02796447999128,3257.0,578.0,taxi_18,picked
dyn_pax_1896,2679.0,2026-09-07 09:44:39,504509918#0,residential|restaurant,,511.83203920742636,882.9034728009249,37.49947826486711,127.02656393710718,2838.0,159.0,taxi_0,picked
dyn_pax_1897,2680.0,2026-09-07 09:44:40,504512001,restaurant,,488.2111633916996,684.0143948730154,37.497682147346794,127.02634403725544,2703.0,23.0,taxi_0,picked
dyn_pax_1898,2681.0,2026-09-07 09:44:41,-504509918#2,company|restaurant|bus_stop,,398.9694242295193,827.4758220967593,37.49895762305832,127.02530099003066,,,,timeout
dyn_pax_1899,2684.0,2026-09-07 09:44:44,521766175#3,company|restaurant|subway_entrance|bus_stop,,373.6701172395771,1298.610217621072,37.50319695740621,127.02490310718325,3163.0,479.0,taxi_48,picked
dyn_pax_1900,2685.0,2026-09-07 09:44:45,218873820#0,restaurant|subway_entrance|bus_stop,,628.9829311132032,562.4061665928522,37.49661325243901,127.02796447999128,,,,timeout
dyn_pax_1901,2687.0,2026-09-07 09:44:47,521766182#1,company|restaurant|subway_entrance,,681.695169875507,539.6867345716422,37.496418539503196,127.02856584056028,,,,timeout
dyn_pax_1902,2688.0,2026-09-07 09:44:48,506191135#3,residential|company|restaurant|bus_stop,,238.79972345576414,789.4714057742513,37.49858497042428,127.023499044737,,,,timeout
dyn_pax_1903,2690.0,2026-09-07 09:44:50,1376141183#0,bus_stop,,548.2528111146681,901.2117688498424,37.49965007283687,127.02697139402301,,,,timeout
dyn_pax_1904,2695.0,2026-09-07 09:44:55,1117538957#3,restaurant|subway_entrance|bus_stop,,465.5082521847807,644.8780924026132,37.49732530507706,127.02609663221197,,,,timeout
dyn_pax_1905,2698.0,2026-09-07 09:44:58,-541692164#2,subway_entrance,,317.7122087179151,1441.0296574375257,37.504469327730426,127.0242365566347,,,,timeout
dyn_pax_1906,2699.0,2026-09-07 09:44:59,218873820#0,restaurant|subway_entrance|bus_stop,,628.9829311132032,562.4061665928522,37.49661325243901,127.02796447999128,,,,timeout
dyn_pax_1907,2704.0,2026-09-07 09:45:04,375049565#6,restaurant|subway_entrance|bus_stop,,789.5153251748014,798.8522330112556,37.49877353199428,127.02972351946808,3203.0,499.0,taxi_respawn_18,picked
dyn_pax_1908,2705.0,2026-09-07 09:45:05,-541692164#2,subway_entrance,,317.7122087179151,1441.0296574375257,37.504469327730426,127.0242365566347,,,,timeout
dyn_pax_1909,2707.0,2026-09-07 09:45:07,-541692164#2,subway_entrance,,317.7122087179151,1441.0296574375257,37.504469327730426,127.0242365566347,,,,timeout
dyn_pax_1910,2707.0,2026-09-07 09:45:07,129733424#1,restaurant,,625.7652907028337,1027.567371479777,37.50080296382065,127.02781785674841,,,,timeout
dyn_pax_1911,2708.0,2026-09-07 09:45:08,541692164#1,subway_entrance,,271.6277521231475,1406.6420105391767,37.5041508337347,127.02372362926798,,,,timeout
dyn_pax_1912,2710.0,2026-09-07 09:45:10,218873820#0,restaurant|subway_entrance|bus_stop,,628.9829311132032,562.4061665928522,37.49661325243901,127.02796447999128,,,,timeout
dyn_pax_1913,2710.0,2026-09-07 09:45:10,1376141183#0,bus_stop,,548.2528111146681,901.2117688498424,37.49965007283687,127.02697139402301,,,,timeout
dyn_pax_1914,2711.0,2026-09-07 09:45:11,521770116#2,company|restaurant|bus_stop,,432.3182248087171,1108.514093563608,37.50149560521279,127.02561136613096,3271.0,560.0,taxi_respawn_31,picked
dyn_pax_1915,2713.0,2026-09-07 09:45:13,305539406,company|restaurant|subway_entrance,,566.389495917364,736.5285064605782,37.49816998085155,127.02721550408178,,,,timeout
dyn_pax_1916,2716.0,2026-09-07 09:45:16,375049565#6,restaurant|subway_entrance|bus_stop,,789.5153251748014,798.8522330112556,37.49877353199428,127.02972351946808,,,,timeout
dyn_pax_1917,2716.0,2026-09-07 09:45:16,256787796#0,restaurant,,530.944358998998,1120.7521543106918,37.50162448989409,127.02672362781294,3089.0,373.0,taxi_9,picked
dyn_pax_1918,2719.0,2026-09-07 09:45:19,218857636#1,residential|company|restaurant|bus_stop,,297.92905089287035,623.2061345250047,37.49709839153085,127.02420706961871,,,,timeout
dyn_pax_1919,2721.0,2026-09-07 09:45:21,521770116#2,company|restaurant|bus_stop,,432.3182248087171,1108.514093563608,37.50149560521279,127.02561136613096,,,,timeout
dyn_pax_1920,2722.0,2026-09-07 09:45:22,375049565#6,restaurant|subway_entrance|bus_stop,,789.5153251748014,798.8522330112556,37.49877353199428,127.02972351946808,,,,timeout
dyn_pax_1921,2724.0,2026-09-07 09:45:24,-506191135#2,residential|bus_stop,,236.19733776439384,769.6838415951818,37.49840622577806,127.02347432089968,3083.0,359.0,taxi_30,picked
dyn_pax_1922,2726.0,2026-09-07 09:45:26,-129731717#1,residential|company|restaurant,,188.433090102474,1374.3511058470413,37.503844200149025,127.0227905913032,2784.0,58.0,taxi_9,picked
dyn_pax_1923,2727.0,2026-09-07 09:45:27,218864491#0,restaurant|bus_stop,,769.9803916976219,760.1217113917903,37.49842094941813,127.02951181742357,,,,timeout
dyn_pax_1924,2728.0,2026-09-07 09:45:28,1117538957#3,restaurant|subway_entrance|bus_stop,,465.5082521847807,644.8780924026132,37.49732530507706,127.02609663221197,,,,timeout
dyn_pax_1925,2730.0,2026-09-07 09:45:30,521770119#0,restaurant|bus_stop,,548.9831206778387,935.1148840516827,37.499955620541705,127.02697161236954,,,,timeout
dyn_pax_1926,2731.0,2026-09-07 09:45:31,521766182#1,company|restaurant|subway_entrance,,681.695169875507,539.6867345716422,37.496418539503196,127.02856584056028,3228.0,497.0,taxi_respawn_32,picked
dyn_pax_1927,2731.0,2026-09-07 09:45:31,417933646#0,restaurant,,894.2617302193242,410.3206078764906,37.49529326349135,127.03099977850056,,,,timeout
dyn_pax_1928,2732.0,2026-09-07 09:45:32,-557469234,restaurant,,929.7298817515857,1030.9986809445256,37.50089122514563,127.03125394368278,2830.0,98.0,taxi_29,picked
dyn_pax_1929,2733.0,2026-09-07 09:45:33,375049565#6,restaurant|subway_entrance|bus_stop,,789.5153251748014,798.8522330112556,37.49877353199428,127.02972351946808,,,,timeout
dyn_pax_1930,2734.0,2026-09-07 09:45:34,305539406,company|restaurant|subway_entrance,,566.389495917364,736.5285064605782,37.49816998085155,127.02721550408178,,,,timeout
dyn_pax_1931,2737.0,2026-09-07 09:45:37,305539406,company|restaurant|subway_entrance,,566.389495917364,736.5285064605782,37.49816998085155,127.02721550408178,,,,timeout
dyn_pax_1932,2737.0,2026-09-07 09:45:37,-129731834#1,residential,,78.2122165689223,720.9585140244731,37.49793738265588,127.02169964763026,3100.0,363.0,taxi_3,picked
dyn_pax_1933,2739.0,2026-09-07 09:45:39,1376141182#0,bus_stop,,385.7154046370183,1301.0311255965628,37.50322104370192,127.02503873135461,,,,timeout
dyn_pax_1934,2741.0,2026-09-07 09:45:41,417731530,company|restaurant,,191.66975375905443,1429.5779711342507,37.5043423120142,127.02281406437154,2966.0,225.0,taxi_respawn_32,picked
dyn_pax_1935,2742.0,2026-09-07 09:45:42,305539406,company|restaurant|subway_entrance,,566.389495917364,736.5285064605782,37.49816998085155,127.02721550408178,3249.0,507.0,taxi_respawn_21,picked
dyn_pax_1936,2744.0,2026-09-07 09:45:44,494824662#3,company|restaurant|subway_entrance,,729.424850252167,406.6843378518681,37.49522941823122,127.02913698209235,,,,timeout
dyn_pax_1937,2744.0,2026-09-07 09:45:44,-417750337#2,restaurant,,578.5487433358253,1191.18897592047,37.50226799999912,127.02724519016736,3106.0,362.0,taxi_29,picked
dyn_pax_1938,2745.0,2026-09-07 09:45:45,417933642#0,restaurant|bus_stop,,1041.0954363710525,463.30841921497654,37.49579826441859,127.03264736696761,,,,timeout
dyn_pax_1939,2746.0,2026-09-07 09:45:46,129731852,restaurant,,626.5739131314494,885.3301415107766,37.499521799012015,127.0278607124155,2945.0,199.0,taxi_49,picked
dyn_pax_1940,2746.0,2026-09-07 09:45:46,-417750336#5,restaurant,,886.0343029737398,891.1232225857099,37.499622942823265,127.030792984823,2894.0,148.0,taxi_respawn_18,picked
dyn_pax_1941,2747.0,2026-09-07 09:45:47,218873820#0,restaurant|subway_entrance|bus_stop,,628.9829311132032,562.4061665928522,37.49661325243901,127.02796447999128,,,,timeout
dyn_pax_1942,2747.0,2026-09-07 09:45:47,494824662#3,company|restaurant|subway_entrance,,729.424850252167,406.6843378518681,37.49522941823122,127.02913698209235,,,,timeout
dyn_pax_1943,2747.0,2026-09-07 09:45:47,219837933#0,residential|company,,49.0199205680682,1328.1480294371383,37.503401583976704,127.02122519296726,2919.0,172.0,taxi_46,picked
dyn_pax_1944,2748.0,2026-09-07 09:45:48,1117538957#3,restaurant|subway_entrance|bus_stop,,465.5082521847807,644.8780924026132,37.49732530507706,127.02609663221197,,,,timeout
dyn_pax_1945,2748.0,2026-09-07 09:45:48,521770119#0,restaurant|bus_stop,,548.9831206778387,935.1148840516827,37.499955620541705,127.02697161236954,,,,timeout
dyn_pax_1946,2750.0,2026-09-07 09:45:50,218857636#1,residential|company|restaurant|bus_stop,,297.92905089287035,623.2061345250047,37.49709839153085,127.02420706961871,,,,timeout
dyn_pax_1947,2751.0,2026-09-07 09:45:51,521766180#1,company|restaurant|bus_stop,,466.73410130235357,1169.2838037446552,37.502049542882666,127.02598608796039,3565.0,814.0,taxi_35,picked
dyn_pax_1948,2752.0,2026-09-07 09:45:52,129731852,restaurant,,626.5739131314494,885.3301415107766,37.499521799012015,127.0278607124155,3131.0,379.0,taxi_43,picked
dyn_pax_1949,2752.0,2026-09-07 09:45:52,305539406,company|restaurant|subway_entrance,,566.389495917364,736.5285064605782,37.49816998085155,127.02721550408178,,,,timeout
dyn_pax_1950,2753.0,2026-09-07 09:45:53,375049565#6,restaurant|subway_entrance|bus_stop,,789.5153251748014,798.8522330112556,37.49877353199428,127.02972351946808,,,,timeout
dyn_pax_1951,2753.0,2026-09-07 09:45:53,-379463134#6,restaurant,,651.5506250710082,1319.679135788758,37.50343926652266,127.02804017641046,2821.0,68.0,taxi_30,picked
dyn_pax_1952,2753.0,2026-09-07 09:45:53,1537068130#0,residential,,915.247444986279,1279.656751811989,37.50312848832193,127.03103134780491,2896.0,143.0,taxi_respawn_26,picked
dyn_pax_1953,2754.0,2026-09-07 09:45:54,521770116#2,company|restaurant|bus_stop,,432.3182248087171,1108.514093563608,37.50149560521279,127.02561136613096,3253.0,499.0,taxi_respawn_2,picked
dyn_pax_1954,2756.0,2026-09-07 09:45:56,541692164#1,subway_entrance,,271.6277521231475,1406.6420105391767,37.5041508337347,127.02372362926798,,,,timeout
dyn_pax_1955,2757.0,2026-09-07 09:45:57,494824662#3,company|restaurant|subway_entrance,,729.424850252167,406.6843378518681,37.49522941823122,127.02913698209235,,,,timeout
dyn_pax_1956,2757.0,2026-09-07 09:45:57,-117790062#4,company,,666.6267400273903,1210.7400577041187,37.50246075614395,127.02823646445898,2819.0,62.0,taxi_3,picked
dyn_pax_1957,2759.0,2026-09-07 09:45:59,1117538957#3,restaurant|subway_entrance|bus_stop,,465.5082521847807,644.8780924026132,37.49732530507706,127.02609663221197,,,,timeout
dyn_pax_1958,2760.0,2026-09-07 09:46:00,480850873,company|restaurant|bus_stop,,548.1935052770749,708.5896639848544,37.49791486187585,127.0270163956136,3236.0,476.0,taxi_respawn_27,picked
dyn_pax_1959,2762.0,2026-09-07 09:46:02,1117538957#3,restaurant|subway_entrance|bus_stop,,465.5082521847807,644.8780924026132,37.49732530507706,127.02609663221197,,,,timeout
dyn_pax_1960,2763.0,2026-09-07 09:46:03,504509918#0,residential|restaurant,,511.83203920742636,882.9034728009249,37.49947826486711,127.02656393710718,2913.0,150.0,taxi_respawn_33,picked
dyn_pax_1961,2764.0,2026-09-07 09:46:04,1376141183#0,bus_stop,,548.2528111146681,901.2117688498424,37.49965007283687,127.02697139402301,,,,timeout
dyn_pax_1962,2765.0,2026-09-07 09:46:05,-506191135#2,residential|bus_stop,,236.19733776439384,769.6838415951818,37.49840622577806,127.02347432089968,3224.0,459.0,taxi_respawn_15,picked
dyn_pax_1963,2766.0,2026-09-07 09:46:06,-379232155,restaurant,,999.2800162208075,449.1965960198298,37.495663263085994,127.03217793178025,,,,timeout
dyn_pax_1964,2767.0,2026-09-07 09:46:07,-541692164#2,subway_entrance,,317.7122087179151,1441.0296574375257,37.504469327730426,127.0242365566347,,,,timeout
dyn_pax_1965,2767.0,2026-09-07 09:46:07,129731859#0,restaurant,,636.6446621144157,858.1896913104493,37.49927921090336,127.0279810114602,,,,timeout
dyn_pax_1966,2768.0,2026-09-07 09:46:08,218877837#2,company|restaurant|bus_stop,,479.4555212141038,978.0213907550284,37.500328997763305,127.02617530290202,,,,timeout
dyn_pax_1967,2770.0,2026-09-07 09:46:10,178441450#1,residential|company|restaurant|bus_stop,,282.90243066757296,609.4157395563556,37.496971320837204,127.02404044855805,,,,timeout
dyn_pax_1968,2771.0,2026-09-07 09:46:11,1229817205#0,company|subway_entrance|bus_stop,,599.2457558679199,652.2907550986157,37.497417346160496,127.02760695963683,3420.0,649.0,taxi_respawn_22,picked
dyn_pax_1969,2773.0,2026-09-07 09:46:13,1229817205#0,company|subway_entrance|bus_stop,,599.2457558679199,652.2907550986157,37.497417346160496,127.02760695963683,,,,timeout
dyn_pax_1970,2776.0,2026-09-07 09:46:16,-506191135#2,residential|bus_stop,,236.19733776439384,769.6838415951818,37.49840622577806,127.02347432089968,3267.0,491.0,taxi_33,picked
dyn_pax_1971,2777.0,2026-09-07 09:46:17,305539406,company|restaurant|subway_entrance,,566.389495917364,736.5285064605782,37.49816998085155,127.02721550408178,,,,timeout
dyn_pax_1972,2779.0,2026-09-07 09:46:19,1117538957#3,restaurant|subway_entrance|bus_stop,,465.5082521847807,644.8780924026132,37.49732530507706,127.02609663221197,,,,timeout
dyn_pax_1973,2780.0,2026-09-07 09:46:20,506191135#3,residential|company|restaurant|bus_stop,,238.79972345576414,789.4714057742513,37.49858497042428,127.023499044737,,,,timeout
dyn_pax_1974,2782.0,2026-09-07 09:46:22,218873820#0,restaurant|subway_entrance|bus_stop,,628.9829311132032,562.4061665928522,37.49661325243901,127.02796447999128,,,,timeout
dyn_pax_1975,2783.0,2026-09-07 09:46:23,541692164#1,subway_entrance,,271.6277521231475,1406.6420105391767,37.5041508337347,127.02372362926798,,,,timeout
dyn_pax_1976,2785.0,2026-09-07 09:46:25,506191135#3,residential|company|restaurant|bus_stop,,238.79972345576414,789.4714057742513,37.49858497042428,127.023499044737,,,,timeout
dyn_pax_1977,2787.0,2026-09-07 09:46:27,521770119#0,restaurant|bus_stop,,548.9831206778387,935.1148840516827,37.499955620541705,127.02697161236954,,,,timeout
dyn_pax_1978,2788.0,2026-09-07 09:46:28,521766175#3,company|restaurant|subway_entrance|bus_stop,,373.6701172395771,1298.610217621072,37.50319695740621,127.02490310718325,3245.0,457.0,taxi_16,picked
dyn_pax_1979,2788.0,2026-09-07 09:46:28,129733424#3,restaurant,,568.5053070143441,1008.1195751958668,37.500616957275064,127.02717503574868,,,,timeout
dyn_pax_1980,2791.0,2026-09-07 09:46:31,521766180#1,company|restaurant|bus_stop,,466.73410130235357,1169.2838037446552,37.502049542882666,127.02598608796039,,,,unpicked
dyn_pax_1981,2793.0,2026-09-07 09:46:33,218864491#0,restaurant|bus_stop,,769.9803916976219,760.1217113917903,37.49842094941813,127.02951181742357,,,,timeout
dyn_pax_1982,2794.0,2026-09-07 09:46:34,218864491#0,restaurant|bus_stop,,769.9803916976219,760.1217113917903,37.49842094941813,127.02951181742357,,,,timeout
dyn_pax_1983,2796.0,2026-09-07 09:46:36,1229817205#1,residential|bus_stop,,631.6400080768872,572.7061575261558,37.49670653972221,127.02799208080955,,,,timeout
dyn_pax_1984,2797.0,2026-09-07 09:46:37,-541692164#2,subway_entrance,,317.7122087179151,1441.0296574375257,37.504469327730426,127.0242365566347,,,,timeout
dyn_pax_1985,2799.0,2026-09-07 09:46:39,1376141183#0,bus_stop,,548.2528111146681,901.2117688498424,37.49965007283687,127.02697139402301,,,,timeout
dyn_pax_1986,2799.0,2026-09-07 09:46:39,417933646#0,restaurant,,894.2617302193242,410.3206078764906,37.49529326349135,127.03099977850056,,,,timeout
dyn_pax_1987,2802.0,2026-09-07 09:46:42,178441450#1,residential|company|restaurant|bus_stop,,282.90243066757296,609.4157395563556,37.496971320837204,127.02404044855805,,,,timeout
dyn_pax_1988,2803.0,2026-09-07 09:46:43,520307304#0,school|subway_entrance|bus_stop,,602.6035134310263,763.145495629718,37.498416594724866,127.02761864854104,,,,timeout
dyn_pax_1989,2805.0,2026-09-07 09:46:45,1229817205#0,company|subway_entrance|bus_stop,,599.2457558679199,652.2907550986157,37.497417346160496,127.02760695963683,,,,timeout
dyn_pax_1990,2806.0,2026-09-07 09:46:46,305539406,company|restaurant|subway_entrance,,566.389495917364,736.5285064605782,37.49816998085155,127.02721550408178,,,,timeout
dyn_pax_1991,2808.0,2026-09-07 09:46:48,178441450#1,residential|company|restaurant|bus_stop,,282.90243066757296,609.4157395563556,37.496971320837204,127.02404044855805,,,,timeout
dyn_pax_1992,2809.0,2026-09-07 09:46:49,521766175#1,company|restaurant|subway_entrance,,332.9365590021661,1411.5585828157227,37.504206724109,127.02441570308932,,,,timeout
dyn_pax_1993,2811.0,2026-09-07 09:46:51,1117538957#3,restaurant|subway_entrance|bus_stop,,465.5082521847807,644.8780924026132,37.49732530507706,127.02609663221197,,,,timeout
dyn_pax_1994,2813.0,2026-09-07 09:46:53,520307304#0,school|subway_entrance|bus_stop,,602.6035134310263,763.145495629718,37.498416594724866,127.02761864854104,,,,timeout
dyn_pax_1995,2815.0,2026-09-07 09:46:55,-417933642#1,restaurant,,972.7851169931362,629.1778231901285,37.49727960321316,127.03183581048214,2891.0,76.0,taxi_respawn_20,picked
dyn_pax_1996,2816.0,2026-09-07 09:46:56,-506191135#2,residential|bus_stop,,236.19733776439384,769.6838415951818,37.49840622577806,127.02347432089968,3277.0,461.0,taxi_respawn_17,picked
dyn_pax_1997,2817.0,2026-09-07 09:46:57,521766175#3,company|restaurant|subway_entrance|bus_stop,,373.6701172395771,1298.610217621072,37.50319695740621,127.02490310718325,3255.0,438.0,taxi_2,picked
dyn_pax_1998,2820.0,2026-09-07 09:47:00,521766175#1,company|restaurant|subway_entrance,,332.9365590021661,1411.5585828157227,37.504206724109,127.02441570308932,,,,timeout
dyn_pax_1999,2820.0,2026-09-07 09:47:00,521770119#3,restaurant,,495.372237145516,1095.557338436544,37.501390805360316,127.0263273901891,3552.0,732.0,taxi_respawn_4,picked
dyn_pax_2000,2822.0,2026-09-07 09:47:02,-504509918#2,company|restaurant|bus_stop,,398.9694242295193,827.4758220967593,37.49895762305832,127.02530099003066,,,,timeout
dyn_pax_2001,2822.0,2026-09-07 09:47:02,117790041#2,restaurant,,441.66460303662666,1376.669936706078,37.50391299976682,127.0256534125234,2837.0,15.0,taxi_respawn_31,picked
dyn_pax_2002,2822.0,2026-09-07 09:47:02,-117790045#1,restaurant,,534.0975884889299,1266.9858058167179,37.502942402865294,127.02672459950128,2874.0,52.0,taxi_48,picked
dyn_pax_2003,2823.0,2026-09-07 09:47:03,-542367267#1,bus_stop,,247.51018316686128,1414.7184918773391,37.504219024473855,127.02344900430944,2985.0,162.0,taxi_respawn_5,picked
dyn_pax_2004,2824.0,2026-09-07 09:47:04,-417933646#4,company|restaurant,,761.9867537178288,747.7080569325292,37.49830761500862,127.02942437673002,3236.0,412.0,taxi_49,picked
dyn_pax_2005,2825.0,2026-09-07 09:47:05,305539406,company|restaurant|subway_entrance,,566.389495917364,736.5285064605782,37.49816998085155,127.02721550408178,,,,timeout
dyn_pax_2006,2825.0,2026-09-07 09:47:05,-1056882877#5,company|restaurant,,302.41102899925136,583.0415396467946,37.496737424712585,127.0242672800979,2941.0,116.0,taxi_7,picked
dyn_pax_2007,2826.0,2026-09-07 09:47:06,1117538957#3,restaurant|subway_entrance|bus_stop,,465.5082521847807,644.8780924026132,37.49732530507706,127.02609663221197,,,,timeout
dyn_pax_2008,2828.0,2026-09-07 09:47:08,218877837#2,company|restaurant|bus_stop,,479.4555212141038,978.0213907550284,37.500328997763305,127.02617530290202,,,,timeout
dyn_pax_2009,2829.0,2026-09-07 09:47:09,523141074#0,company|restaurant|subway_entrance,,524.0338794858329,871.4890157117229,37.4993777454413,127.02670460634431,3022.0,193.0,taxi_16,picked
dyn_pax_2010,2831.0,2026-09-07 09:47:11,-417933645#2,company|restaurant|subway_entrance,,701.1658676593129,719.5455833044954,37.49804244093877,127.02874337560036,3222.0,391.0,taxi_0,picked
dyn_pax_2011,2831.0,2026-09-07 09:47:11,542367267#1,company|restaurant,,199.26981683313872,1381.121508122661,37.50390724154084,127.02291151664822,2906.0,75.0,taxi_respawn_14,picked
dyn_pax_2012,2832.0,2026-09-07 09:47:12,1229817205#0,company|subway_entrance|bus_stop,,599.2457558679199,652.2907550986157,37.497417346160496,127.02760695963683,,,,timeout
dyn_pax_2013,2832.0,2026-09-07 09:47:12,309155295#0,company|restaurant,,688.2712938579457,529.5739965525526,37.49632868191341,127.02864258735015,3042.0,210.0,taxi_22,picked
dyn_pax_2014,2836.0,2026-09-07 09:47:16,1117538958#3,bus_stop,,160.18899290588462,540.6019911995099,37.49632820280781,127.02266936696756,3182.0,346.0,taxi_respawn_26,picked
dyn_pax_2015,2837.0,2026-09-07 09:47:17,521770116#2,company|restaurant|bus_stop,,432.3182248087171,1108.514093563608,37.50149560521279,127.02561136613096,,,,timeout
dyn_pax_2016,2839.0,2026-09-07 09:47:19,521766175#1,company|restaurant|subway_entrance,,332.9365590021661,1411.5585828157227,37.504206724109,127.02441570308932,,,,timeout
dyn_pax_2017,2840.0,2026-09-07 09:47:20,-541692164#2,subway_entrance,,317.7122087179151,1441.0296574375257,37.504469327730426,127.0242365566347,,,,timeout
dyn_pax_2018,2840.0,2026-09-07 09:47:20,417933645#2,residential|company|restaurant,,757.7944798520502,568.4010952306102,37.496691568512986,127.02941943794849,2926.0,86.0,taxi_respawn_30,picked
dyn_pax_2019,2842.0,2026-09-07 09:47:22,-417933645#2,company|restaurant|subway_entrance,,701.1658676593129,719.5455833044954,37.49804244093877,127.02874337560036,,,,timeout
dyn_pax_2020,2843.0,2026-09-07 09:47:23,480850873,company|restaurant|bus_stop,,548.1935052770749,708.5896639848544,37.49791486187585,127.0270163956136,,,,timeout
dyn_pax_2021,2843.0,2026-09-07 09:47:23,218857636#1,residential|company|restaurant|bus_stop,,297.92905089287035,623.2061345250047,37.49709839153085,127.02420706961871,,,,timeout
dyn_pax_2022,2844.0,2026-09-07 09:47:24,417933642#0,restaurant|bus_stop,,1041.0954363710525,463.30841921497654,37.49579826441859,127.03264736696761,,,,timeout
dyn_pax_2023,2845.0,2026-09-07 09:47:25,305539406,company|restaurant|subway_entrance,,566.389495917364,736.5285064605782,37.49816998085155,127.02721550408178,,,,timeout
dyn_pax_2024,2845.0,2026-09-07 09:47:25,309155295#1,restaurant,,764.2225196982893,558.1760304781078,37.4966006705371,127.0294945363528,2901.0,56.0,taxi_respawn_21,picked
dyn_pax_2025,2845.0,2026-09-07 09:47:25,129731859#1,restaurant,,770.318180095484,905.1374216517651,37.499727361620906,127.02948129560598,2869.0,24.0,taxi_6,picked
dyn_pax_2026,2846.0,2026-09-07 09:47:26,521766182#1,company|restaurant|subway_entrance,,681.695169875507,539.6867345716422,37.496418539503196,127.02856584056028,,,,timeout
dyn_pax_2027,2848.0,2026-09-07 09:47:28,521766180#1,company|restaurant|bus_stop,,466.73410130235357,1169.2838037446552,37.502049542882666,127.02598608796039,,,,timeout
dyn_pax_2028,2849.0,2026-09-07 09:47:29,521766182#1,company|restaurant|subway_entrance,,681.695169875507,539.6867345716422,37.496418539503196,127.02856584056028,,,,timeout
dyn_pax_2029,2849.0,2026-09-07 09:47:29,-379463130#1,restaurant,,595.1104652489141,1131.7345077296688,37.50173554422087,127.02744655088388,,,,timeout
dyn_pax_2030,2851.0,2026-09-07 09:47:31,1376141182#0,bus_stop,,385.7154046370183,1301.0311255965628,37.50322104370192,127.02503873135461,,,,timeout
dyn_pax_2031,2854.0,2026-09-07 09:47:34,1229817205#0,company|subway_entrance|bus_stop,,599.2457558679199,652.2907550986157,37.497417346160496,127.02760695963683,,,,timeout
dyn_pax_2032,2855.0,2026-09-07 09:47:35,975332778#1,bus_stop,,681.6099970732737,721.9380561808346,37.49806030190971,127.02852170075586,3204.0,349.0,taxi_10,picked
dyn_pax_2033,2857.0,2026-09-07 09:47:37,975332778#1,bus_stop,,681.6099970732737,721.9380561808346,37.49806030190971,127.02852170075586,,,,timeout
dyn_pax_2034,2857.0,2026-09-07 09:47:37,480850873,company|restaurant|bus_stop,,548.1935052770749,708.5896639848544,37.49791486187585,127.0270163956136,,,,timeout
dyn_pax_2035,2859.0,2026-09-07 09:47:39,521766175#3,company|restaurant|subway_entrance|bus_stop,,373.6701172395771,1298.610217621072,37.50319695740621,127.02490310718325,,,,timeout
dyn_pax_2036,2860.0,2026-09-07 09:47:40,523141074#0,company|restaurant|subway_entrance,,524.0338794858329,871.4890157117229,37.4993777454413,127.02670460634431,3009.0,149.0,taxi_respawn_17,picked
dyn_pax_2037,2862.0,2026-09-07 09:47:42,218857636#1,residential|company|restaurant|bus_stop,,297.92905089287035,623.2061345250047,37.49709839153085,127.02420706961871,,,,timeout
dyn_pax_2038,2863.0,2026-09-07 09:47:43,521766175#3,company|restaurant|subway_entrance|bus_stop,,373.6701172395771,1298.610217621072,37.50319695740621,127.02490310718325,,,,timeout
dyn_pax_2039,2866.0,2026-09-07 09:47:46,1117538957#3,restaurant|subway_entrance|bus_stop,,465.5082521847807,644.8780924026132,37.49732530507706,127.02609663221197,,,,timeout
dyn_pax_2040,2866.0,2026-09-07 09:47:46,1229817205#1,residential|bus_stop,,631.6400080768872,572.7061575261558,37.49670653972221,127.02799208080955,,,,timeout
dyn_pax_2041,2868.0,2026-09-07 09:47:48,-417933645#2,company|restaurant|subway_entrance,,701.1658676593129,719.5455833044954,37.49804244093877,127.02874337560036,,,,timeout
dyn_pax_2042,2869.0,2026-09-07 09:47:49,1229817205#0,company|subway_entrance|bus_stop,,599.2457558679199,652.2907550986157,37.497417346160496,127.02760695963683,,,,timeout
dyn_pax_2043,2870.0,2026-09-07 09:47:50,218873820#0,restaurant|subway_entrance|bus_stop,,628.9829311132032,562.4061665928522,37.49661325243901,127.02796447999128,,,,timeout
dyn_pax_2044,2871.0,2026-09-07 09:47:51,521766175#3,company|restaurant|subway_entrance|bus_stop,,373.6701172395771,1298.610217621072,37.50319695740621,127.02490310718325,,,,timeout
dyn_pax_2045,2872.0,2026-09-07 09:47:52,218873820#0,restaurant|subway_entrance|bus_stop,,628.9829311132032,562.4061665928522,37.49661325243901,127.02796447999128,,,,timeout
dyn_pax_2046,2873.0,2026-09-07 09:47:53,1229817205#0,company|subway_entrance|bus_stop,,599.2457558679199,652.2907550986157,37.497417346160496,127.02760695963683,,,,timeout
dyn_pax_2047,2874.0,2026-09-07 09:47:54,417933642#0,restaurant|bus_stop,,1041.0954363710525,463.30841921497654,37.49579826441859,127.03264736696761,,,,timeout
dyn_pax_2048,2875.0,2026-09-07 09:47:55,218873820#0,restaurant|subway_entrance|bus_stop,,628.9829311132032,562.4061665928522,37.49661325243901,127.02796447999128,,,,timeout
dyn_pax_2049,2877.0,2026-09-07 09:47:57,-557469300#1,restaurant,,739.5265057687212,1049.0561556697721,37.5010180173999,127.02909905278416,3372.0,495.0,taxi_respawn_16,picked
dyn_pax_2050,2878.0,2026-09-07 09:47:58,541692164#1,subway_entrance,,271.6277521231475,1406.6420105391767,37.5041508337347,127.02372362926798,3331.0,453.0,taxi_respawn_38,picked
dyn_pax_2051,2880.0,2026-09-07 09:48:00,218877837#2,company|restaurant|bus_stop,,479.4555212141038,978.0213907550284,37.500328997763305,127.02617530290202,,,,timeout
dyn_pax_2052,2880.0,2026-09-07 09:48:00,305539406,company|restaurant|subway_entrance,,566.389495917364,736.5285064605782,37.49816998085155,127.02721550408178,,,,timeout
dyn_pax_2053,2881.0,2026-09-07 09:48:01,520307304#0,school|subway_entrance|bus_stop,,602.6035134310263,763.145495629718,37.498416594724866,127.02761864854104,,,,timeout
dyn_pax_2054,2883.0,2026-09-07 09:48:03,-542367267#1,bus_stop,,247.51018316686128,1414.7184918773391,37.504219024473855,127.02344900430944,3222.0,339.0,taxi_42,picked
dyn_pax_2055,2885.0,2026-09-07 09:48:05,523141074#0,company|restaurant|subway_entrance,,524.0338794858329,871.4890157117229,37.4993777454413,127.02670460634431,3027.0,142.0,taxi_respawn_6,picked
dyn_pax_2056,2886.0,2026-09-07 09:48:06,521766182#1,company|restaurant|subway_entrance,,681.695169875507,539.6867345716422,37.496418539503196,127.02856584056028,,,,timeout
dyn_pax_2057,2887.0,2026-09-07 09:48:07,218877837#2,company|restaurant|bus_stop,,479.4555212141038,978.0213907550284,37.500328997763305,127.02617530290202,,,,timeout
dyn_pax_2058,2888.0,2026-09-07 09:48:08,-542367267#1,bus_stop,,247.51018316686128,1414.7184918773391,37.504219024473855,127.02344900430944,3294.0,406.0,taxi_3,picked
dyn_pax_2059,2891.0,2026-09-07 09:48:11,1376141182#0,bus_stop,,385.7154046370183,1301.0311255965628,37.50322104370192,127.02503873135461,,,,timeout
dyn_pax_2060,2892.0,2026-09-07 09:48:12,975332778#1,bus_stop,,681.6099970732737,721.9380561808346,37.49806030190971,127.02852170075586,,,,timeout
dyn_pax_2061,2892.0,2026-09-07 09:48:12,129733424#0,restaurant,,719.7944869540754,1033.9950883209078,37.500878618503414,127.0288795122034,3040.0,148.0,taxi_49,picked
dyn_pax_2062,2892.0,2026-09-07 09:48:12,218857636#1,residential|company|restaurant|bus_stop,,297.92905089287035,623.2061345250047,37.49709839153085,127.02420706961871,,,,timeout
dyn_pax_2063,2894.0,2026-09-07 09:48:14,1117538958#3,bus_stop,,160.18899290588462,540.6019911995099,37.49632820280781,127.02266936696756,3271.0,377.0,taxi_19,picked
dyn_pax_2064,2895.0,2026-09-07 09:48:15,218877837#2,company|restaurant|bus_stop,,479.4555212141038,978.0213907550284,37.500328997763305,127.02617530290202,,,,timeout
dyn_pax_2065,2896.0,2026-09-07 09:48:16,-117790045#2,restaurant,,502.6238788004042,1360.6315306450858,37.50378004402999,127.0263465049606,3012.0,116.0,taxi_respawn_25,picked
dyn_pax_2066,2897.0,2026-09-07 09:48:17,1117538957#3,restaurant|subway_entrance|bus_stop,,465.5082521847807,644.8780924026132,37.49732530507706,127.02609663221197,,,,timeout
dyn_pax_2067,2898.0,2026-09-07 09:48:18,520307304#0,school|subway_entrance|bus_stop,,602.6035134310263,763.145495629718,37.498416594724866,127.02761864854104,,,,timeout
dyn_pax_2068,2899.0,2026-09-07 09:48:19,218877837#0,company,,455.71990885566936,1045.563527646426,37.50093295148158,127.02589090425857,3080.0,181.0,taxi_4,picked
dyn_pax_2069,2900.0,2026-09-07 09:48:20,-417933645#2,company|restaurant|subway_entrance,,701.1658676593129,719.5455833044954,37.49804244093877,127.02874337560036,,,,timeout
dyn_pax_2070,2901.0,2026-09-07 09:48:21,521770119#1,restaurant|bus_stop,,527.3115514435282,995.8620162900467,37.50049875494786,127.02671217090477,3279.0,378.0,taxi_22,picked
dyn_pax_2071,2901.0,2026-09-07 09:48:21,305539406,company|restaurant|subway_entrance,,566.389495917364,736.5285064605782,37.49816998085155,127.02721550408178,,,,timeout
dyn_pax_2072,2903.0,2026-09-07 09:48:23,117790039#3,restaurant,,1021.8645860465238,1004.4924062015546,37.500669811640854,127.03230197280303,3001.0,98.0,taxi_10,picked
dyn_pax_2073,2904.0,2026-09-07 09:48:24,1376141183#0,bus_stop,,548.2528111146681,901.2117688498424,37.49965007283687,127.02697139402301,3372.0,468.0,taxi_respawn_13,picked
dyn_pax_2074,2905.0,2026-09-07 09:48:25,417750337#5,restaurant,,522.3387290339521,1126.7881672814829,37.50167723806998,127.02662489231146,3170.0,265.0,taxi_1,picked
dyn_pax_2075,2905.0,2026-09-07 09:48:25,-506191135#22,residential|company|restaurant|bus_stop,,38.693950105848444,1321.9513167019495,37.50334380565249,127.02110990869835,3125.0,220.0,taxi_28,picked
dyn_pax_2076,2906.0,2026-09-07 09:48:26,1376141183#0,bus_stop,,548.2528111146681,901.2117688498424,37.49965007283687,127.02697139402301,,,,timeout
dyn_pax_2077,2908.0,2026-09-07 09:48:28,521770119#0,restaurant|bus_stop,,548.9831206778387,935.1148840516827,37.499955620541705,127.02697161236954,3302.0,394.0,taxi_44,picked
dyn_pax_2078,2908.0,2026-09-07 09:48:28,-506191135#2,residential|bus_stop,,236.19733776439384,769.6838415951818,37.49840622577806,127.02347432089968,3288.0,380.0,taxi_28,picked
dyn_pax_2079,2909.0,2026-09-07 09:48:29,494824662#3,company|restaurant|subway_entrance,,729.424850252167,406.6843378518681,37.49522941823122,127.02913698209235,,,,timeout
dyn_pax_2080,2911.0,2026-09-07 09:48:31,218857636#1,residential|company|restaurant|bus_stop,,297.92905089287035,623.2061345250047,37.49709839153085,127.02420706961871,,,,timeout
dyn_pax_2081,2912.0,2026-09-07 09:48:32,480850873,company|restaurant|bus_stop,,548.1935052770749,708.5896639848544,37.49791486187585,127.0270163956136,,,,timeout
dyn_pax_2082,2914.0,2026-09-07 09:48:34,178441450#1,residential|company|restaurant|bus_stop,,282.90243066757296,609.4157395563556,37.496971320837204,127.02404044855805,,,,timeout
dyn_pax_2083,2915.0,2026-09-07 09:48:35,218857636#1,residential|company|restaurant|bus_stop,,297.92905089287035,623.2061345250047,37.49709839153085,127.02420706961871,,,,timeout
dyn_pax_2084,2917.0,2026-09-07 09:48:37,1117538957#3,restaurant|subway_entrance|bus_stop,,465.5082521847807,644.8780924026132,37.49732530507706,127.02609663221197,,,,timeout
dyn_pax_2085,2918.0,2026-09-07 09:48:38,375049565#6,restaurant|subway_entrance|bus_stop,,789.5153251748014,798.8522330112556,37.49877353199428,127.02972351946808,3298.0,380.0,taxi_26,picked
dyn_pax_2086,2920.0,2026-09-07 09:48:40,521766175#3,company|restaurant|subway_entrance|bus_stop,,373.6701172395771,1298.610217621072,37.50319695740621,127.02490310718325,,,,timeout
dyn_pax_2087,2921.0,2026-09-07 09:48:41,1117538957#3,restaurant|subway_entrance|bus_stop,,465.5082521847807,644.8780924026132,37.49732530507706,127.02609663221197,,,,timeout
dyn_pax_2088,2923.0,2026-09-07 09:48:43,-417933645#2,company|restaurant|subway_entrance,,701.1658676593129,719.5455833044954,37.49804244093877,127.02874337560036,,,,timeout
dyn_pax_2089,2924.0,2026-09-07 09:48:44,506191135#3,residential|company|restaurant|bus_stop,,238.79972345576414,789.4714057742513,37.49858497042428,127.023499044737,,,,timeout
dyn_pax_2090,2926.0,2026-09-07 09:48:46,417933642#0,restaurant|bus_stop,,1041.0954363710525,463.30841921497654,37.49579826441859,127.03264736696761,,,,timeout
dyn_pax_2091,2927.0,2026-09-07 09:48:47,-129731857#1,restaurant,,773.0987126859483,849.1784152186673,37.4992237894183,127.02952598601298,2965.0,38.0,taxi_18,picked
dyn_pax_2092,2929.0,2026-09-07 09:48:49,1117538957#3,restaurant|subway_entrance|bus_stop,,465.5082521847807,644.8780924026132,37.49732530507706,127.02609663221197,,,,timeout
dyn_pax_2093,2929.0,2026-09-07 09:48:49,309155295#3,restaurant,,868.2249250208004,595.011595969151,37.496952113096654,127.03066169877924,2980.0,51.0,taxi_respawn_38,picked
dyn_pax_2094,2931.0,2026-09-07 09:48:51,521766175#1,company|restaurant|subway_entrance,,332.9365590021661,1411.5585828157227,37.504206724109,127.02441570308932,,,,timeout
dyn_pax_2095,2932.0,2026-09-07 09:48:52,521766180#1,company|restaurant|bus_stop,,466.73410130235357,1169.2838037446552,37.502049542882666,127.02598608796039,,,,unpicked
dyn_pax_2096,2934.0,2026-09-07 09:48:54,218857636#1,residential|company|restaurant|bus_stop,,297.92905089287035,623.2061345250047,37.49709839153085,127.02420706961871,,,,timeout
dyn_pax_2097,2935.0,2026-09-07 09:48:55,178441450#1,residential|company|restaurant|bus_stop,,282.90243066757296,609.4157395563556,37.496971320837204,127.02404044855805,,,,timeout
dyn_pax_2098,2936.0,2026-09-07 09:48:56,-379232161#3,restaurant,,957.578372934647,431.27964063812743,37.495494003443426,127.03171068469486,,,,timeout
dyn_pax_2099,2937.0,2026-09-07 09:48:57,-504509918#2,company|restaurant|bus_stop,,398.9694242295193,827.4758220967593,37.49895762305832,127.02530099003066,,,,timeout
dyn_pax_2100,2937.0,2026-09-07 09:48:57,-379463134#1,restaurant,,479.36604535588674,1259.6870258351425,37.50286630987452,127.02610747054479,3027.0,90.0,taxi_23,picked
dyn_pax_2101,2938.0,2026-09-07 09:48:58,521766180#1,company|restaurant|bus_stop,,466.73410130235357,1169.2838037446552,37.502049542882666,127.02598608796039,,,,timeout
dyn_pax_2102,2940.0,2026-09-07 09:49:00,309155295#2,restaurant,,836.915506927576,584.1196133409687,37.49684809051661,127.03031028233906,3004.0,64.0,taxi_respawn_35,picked
dyn_pax_2103,2941.0,2026-09-07 09:49:01,178441450#1,residential|company|restaurant|bus_stop,,282.90243066757296,609.4157395563556,37.496971320837204,127.02404044855805,,,,timeout
dyn_pax_2104,2943.0,2026-09-07 09:49:03,521770116#2,company|restaurant|bus_stop,,432.3182248087171,1108.514093563608,37.50149560521279,127.02561136613096,3544.0,601.0,taxi_33,picked
dyn_pax_2105,2943.0,2026-09-07 09:49:03,-256787796#7,restaurant,,650.4923169509016,809.9698095387197,37.49884744554127,127.02814900895488,,,,timeout
dyn_pax_2106,2944.0,2026-09-07 09:49:04,521770119#0,restaurant|bus_stop,,548.9831206778387,935.1148840516827,37.499955620541705,127.02697161236954,,,,timeout
dyn_pax_2107,2946.0,2026-09-07 09:49:06,-541692164#2,subway_entrance,,317.7122087179151,1441.0296574375257,37.504469327730426,127.0242365566347,,,,timeout
dyn_pax_2108,2947.0,2026-09-07 09:49:07,-417933645#2,company|restaurant|subway_entrance,,701.1658676593129,719.5455833044954,37.49804244093877,127.02874337560036,,,,timeout
dyn_pax_2109,2950.0,2026-09-07 09:49:10,-541692164#2,subway_entrance,,317.7122087179151,1441.0296574375257,37.504469327730426,127.0242365566347,,,,timeout
dyn_pax_2110,2950.0,2026-09-07 09:49:10,129731859#0,restaurant,,636.6446621144157,858.1896913104493,37.49927921090336,127.0279810114602,3297.0,347.0,taxi_4,picked
dyn_pax_2111,2952.0,2026-09-07 09:49:12,417933642#0,restaurant|bus_stop,,1041.0954363710525,463.30841921497654,37.49579826441859,127.03264736696761,,,,timeout
dyn_pax_2112,2953.0,2026-09-07 09:49:13,520307304#0,school|subway_entrance|bus_stop,,602.6035134310263,763.145495629718,37.498416594724866,127.02761864854104,,,,timeout
dyn_pax_2113,2955.0,2026-09-07 09:49:15,-256787796#4,restaurant,,620.2926176327408,895.5374521094307,37.49961256354246,127.02778727239327,,,,timeout
dyn_pax_2114,2957.0,2026-09-07 09:49:17,417933642#0,restaurant|bus_stop,,1041.0954363710525,463.30841921497654,37.49579826441859,127.03264736696761,,,,timeout
dyn_pax_2115,2958.0,2026-09-07 09:49:18,375049565#6,restaurant|subway_entrance|bus_stop,,789.5153251748014,798.8522330112556,37.49877353199428,127.02972351946808,,,,timeout
dyn_pax_2116,2959.0,2026-09-07 09:49:19,-523141073,residential|company,,283.47995026542384,1109.9635024546676,37.50148051131825,127.02392811188028,3220.0,261.0,taxi_21,picked
dyn_pax_2117,2960.0,2026-09-07 09:49:20,375049565#6,restaurant|subway_entrance|bus_stop,,789.5153251748014,798.8522330112556,37.49877353199428,127.02972351946808,,,,timeout
dyn_pax_2118,2961.0,2026-09-07 09:49:21,1117538957#3,restaurant|subway_entrance|bus_stop,,465.5082521847807,644.8780924026132,37.49732530507706,127.02609663221197,,,,timeout
dyn_pax_2119,2961.0,2026-09-07 09:49:21,628232693#0,company|restaurant,,644.2623295929467,660.168099777976,37.49749680792099,127.0281140674837,2996.0,35.0,taxi_35,picked
dyn_pax_2120,2963.0,2026-09-07 09:49:23,1376141182#0,bus_stop,,385.7154046370183,1301.0311255965628,37.50322104370192,127.02503873135461,,,,timeout
dyn_pax_2121,2964.0,2026-09-07 09:49:24,1117538957#3,restaurant|subway_entrance|bus_stop,,465.5082521847807,644.8780924026132,37.49732530507706,127.02609663221197,,,,timeout
dyn_pax_2122,2964.0,2026-09-07 09:49:24,1229817205#1,residential|bus_stop,,631.6400080768872,572.7061575261558,37.49670653972221,127.02799208080955,3415.0,451.0,taxi_18,picked
dyn_pax_2123,2966.0,2026-09-07 09:49:26,1117538958#3,bus_stop,,160.18899290588462,540.6019911995099,37.49632820280781,127.02266936696756,3344.0,378.0,taxi_respawn_9,picked
dyn_pax_2124,2967.0,2026-09-07 09:49:27,375049565#6,restaurant|subway_entrance|bus_stop,,789.5153251748014,798.8522330112556,37.49877353199428,127.02972351946808,,,,timeout
dyn_pax_2125,2968.0,2026-09-07 09:49:28,309155295#1,restaurant,,764.2225196982893,558.1760304781078,37.4966006705371,127.0294945363528,2988.0,20.0,taxi_42,picked
dyn_pax_2126,2969.0,2026-09-07 09:49:29,1229817205#1,residential|bus_stop,,631.6400080768872,572.7061575261558,37.49670653972221,127.02799208080955,3473.0,504.0,taxi_6,picked
dyn_pax_2127,2970.0,2026-09-07 09:49:30,521766175#3,company|restaurant|subway_entrance|bus_stop,,373.6701172395771,1298.610217621072,37.50319695740621,127.02490310718325,3428.0,458.0,taxi_48,picked
dyn_pax_2128,2972.0,2026-09-07 09:49:32,521766175#3,company|restaurant|subway_entrance|bus_stop,,373.6701172395771,1298.610217621072,37.50319695740621,127.02490310718325,,,,timeout
dyn_pax_2129,2973.0,2026-09-07 09:49:33,218873820#0,restaurant|subway_entrance|bus_stop,,628.9829311132032,562.4061665928522,37.49661325243901,127.02796447999128,,,,timeout
dyn_pax_2130,2973.0,2026-09-07 09:49:33,1117538957#0,company|restaurant,,312.91680439510856,589.5311930299885,37.49679787270139,127.0243845203811,3026.0,53.0,taxi_40,picked
dyn_pax_2131,2974.0,2026-09-07 09:49:34,1117538957#3,restaurant|subway_entrance|bus_stop,,465.5082521847807,644.8780924026132,37.49732530507706,127.02609663221197,,,,timeout
dyn_pax_2132,2975.0,2026-09-07 09:49:35,-417933645#2,company|restaurant|subway_entrance,,701.1658676593129,719.5455833044954,37.49804244093877,127.02874337560036,,,,timeout
dyn_pax_2133,2976.0,2026-09-07 09:49:36,521766175#3,company|restaurant|subway_entrance|bus_stop,,373.6701172395771,1298.610217621072,37.50319695740621,127.02490310718325,,,,timeout
dyn_pax_2134,2978.0,2026-09-07 09:49:38,521766175#3,company|restaurant|subway_entrance|bus_stop,,373.6701172395771,1298.610217621072,37.50319695740621,127.02490310718325,,,,timeout
dyn_pax_2135,2980.0,2026-09-07 09:49:40,541692164#1,subway_entrance,,271.6277521231475,1406.6420105391767,37.5041508337347,127.02372362926798,3428.0,448.0,taxi_respawn_19,picked
dyn_pax_2136,2981.0,2026-09-07 09:49:41,218873820#0,restaurant|subway_entrance|bus_stop,,628.9829311132032,562.4061665928522,37.49661325243901,127.02796447999128,,,,timeout
dyn_pax_2137,2983.0,2026-09-07 09:49:43,1229817205#0,company|subway_entrance|bus_stop,,599.2457558679199,652.2907550986157,37.497417346160496,127.02760695963683,3511.0,528.0,taxi_respawn_31,picked
dyn_pax_2138,2985.0,2026-09-07 09:49:45,521766175#1,company|restaurant|subway_entrance,,332.9365590021661,1411.5585828157227,37.504206724109,127.02441570308932,,,,timeout
dyn_pax_2139,2986.0,2026-09-07 09:49:46,218857636#1,residential|company|restaurant|bus_stop,,297.92905089287035,623.2061345250047,37.49709839153085,127.02420706961871,,,,timeout
dyn_pax_2140,2987.0,2026-09-07 09:49:47,521770119#0,restaurant|bus_stop,,548.9831206778387,935.1148840516827,37.499955620541705,127.02697161236954,3468.0,481.0,taxi_respawn_12,picked
dyn_pax_2141,2988.0,2026-09-07 09:49:48,480850873,company|restaurant|bus_stop,,548.1935052770749,708.5896639848544,37.49791486187585,127.0270163956136,,,,timeout
dyn_pax_2142,2989.0,2026-09-07 09:49:49,-504509918#2,company|restaurant|bus_stop,,398.9694242295193,827.4758220967593,37.49895762305832,127.02530099003066,,,,timeout
dyn_pax_2143,2990.0,2026-09-07 09:49:50,521766180#1,company|restaurant|bus_stop,,466.73410130235357,1169.2838037446552,37.502049542882666,127.02598608796039,,,,timeout
dyn_pax_2144,2990.0,2026-09-07 09:49:50,379232155,restaurant,,946.0567570824509,480.05346239194995,37.49593120335224,127.03156888346594,3055.0,65.0,taxi_respawn_20,picked
dyn_pax_2145,2991.0,2026-09-07 09:49:51,494824662#3,company|restaurant|subway_entrance,,729.424850252167,406.6843378518681,37.49522941823122,127.02913698209235,3477.0,486.0,taxi_12,picked
dyn_pax_2146,2992.0,2026-09-07 09:49:52,218864491#0,restaurant|bus_stop,,769.9803916976219,760.1217113917903,37.49842094941813,127.02951181742357,,,,timeout
dyn_pax_2147,2993.0,2026-09-07 09:49:53,417933642#0,restaurant|bus_stop,,1041.0954363710525,463.30841921497654,37.49579826441859,127.03264736696761,3484.0,491.0,taxi_4,picked
dyn_pax_2148,2993.0,2026-09-07 09:49:53,-913950883#1,residential|company|restaurant,,391.36286393582424,840.6655979518604,37.49907500229157,127.0252118555046,3206.0,213.0,taxi_respawn_12,picked
dyn_pax_2149,2994.0,2026-09-07 09:49:54,520307304#0,school|subway_entrance|bus_stop,,602.6035134310263,763.145495629718,37.498416594724866,127.02761864854104,,,,timeout
dyn_pax_2150,2995.0,2026-09-07 09:49:55,541692164#1,subway_entrance,,271.6277521231475,1406.6420105391767,37.5041508337347,127.02372362926798,,,,timeout
dyn_pax_2151,2998.0,2026-09-07 09:49:58,1117538957#3,restaurant|subway_entrance|bus_stop,,465.5082521847807,644.8780924026132,37.49732530507706,127.02609663221197,3500.0,502.0,taxi_respawn_23,picked
dyn_pax_2152,2999.0,2026-09-07 09:49:59,521770119#0,restaurant|bus_stop,,548.9831206778387,935.1148840516827,37.499955620541705,127.02697161236954,,,,timeout
dyn_pax_2153,3000.0,2026-09-07 09:50:00,-506191135#22,residential|company|restaurant|bus_stop,,38.693950105848444,1321.9513167019495,37.50334380565249,127.02110990869835,3159.0,159.0,taxi_15,picked
dyn_pax_2154,3001.0,2026-09-07 09:50:01,506191135#3,residential|company|restaurant|bus_stop,,238.79972345576414,789.4714057742513,37.49858497042428,127.023499044737,,,,timeout
dyn_pax_2155,3001.0,2026-09-07 09:50:01,-309155295#1,residential|restaurant,,820.2174803017108,588.0239695218922,37.496880113093034,127.03012056506905,3040.0,39.0,taxi_respawn_18,picked
dyn_pax_2156,3003.0,2026-09-07 09:50:03,1117538958#3,bus_stop,,160.18899290588462,540.6019911995099,37.49632820280781,127.02266936696756,3356.0,353.0,taxi_respawn_18,picked
dyn_pax_2157,3004.0,2026-09-07 09:50:04,520307304#0,school|subway_entrance|bus_stop,,602.6035134310263,763.145495629718,37.498416594724866,127.02761864854104,,,,timeout
dyn_pax_2158,3007.0,2026-09-07 09:50:07,521766175#3,company|restaurant|subway_entrance|bus_stop,,373.6701172395771,1298.610217621072,37.50319695740621,127.02490310718325,,,,timeout
dyn_pax_2159,3008.0,2026-09-07 09:50:08,129733424#3,restaurant,,568.5053070143441,1008.1195751958668,37.500616957275064,127.02717503574868,,,,timeout
dyn_pax_2160,3010.0,2026-09-07 09:50:10,1117538958#3,bus_stop,,160.18899290588462,540.6019911995099,37.49632820280781,127.02266936696756,3432.0,422.0,taxi_21,picked
dyn_pax_2161,3012.0,2026-09-07 09:50:12,494824662#3,company|restaurant|subway_entrance,,729.424850252167,406.6843378518681,37.49522941823122,127.02913698209235,,,,timeout
dyn_pax_2162,3013.0,2026-09-07 09:50:13,305539406,company|restaurant|subway_entrance,,566.389495917364,736.5285064605782,37.49816998085155,127.02721550408178,,,,timeout
dyn_pax_2163,3013.0,2026-09-07 09:50:13,523141074#0,company|restaurant|subway_entrance,,524.0338794858329,871.4890157117229,37.4993777454413,127.02670460634431,3113.0,100.0,taxi_26,picked
dyn_pax_2164,3015.0,2026-09-07 09:50:15,218864491#0,restaurant|bus_stop,,769.9803916976219,760.1217113917903,37.49842094941813,127.02951181742357,,,,timeout
dyn_pax_2165,3015.0,2026-09-07 09:50:15,379463134#4,restaurant,,574.4815382344308,1284.0756787717605,37.50310398350559,127.02717717678497,3055.0,40.0,taxi_17,picked
dyn_pax_2166,3015.0,2026-09-07 09:50:15,1056882877#3,residential|company|restaurant,,365.79280968467333,433.0557487307964,37.495398294451746,127.02501948586043,3078.0,63.0,taxi_respawn_15,picked
dyn_pax_2167,3016.0,2026-09-07 09:50:16,1117538957#3,restaurant|subway_entrance|bus_stop,,465.5082521847807,644.8780924026132,37.49732530507706,127.02609663221197,3520.0,504.0,taxi_49,picked
dyn_pax_2168,3018.0,2026-09-07 09:50:18,-541692164#2,subway_entrance,,317.7122087179151,1441.0296574375257,37.504469327730426,127.0242365566347,,,,timeout
dyn_pax_2169,3018.0,2026-09-07 09:50:18,-117790051#4,restaurant,,448.3479635094145,1379.7889979949318,37.50394236073409,127.02572824341395,3522.0,504.0,taxi_respawn_24,picked
dyn_pax_2170,3019.0,2026-09-07 09:50:19,541692164#1,subway_entrance,,271.6277521231475,1406.6420105391767,37.5041508337347,127.02372362926798,,,,timeout
dyn_pax_2171,3019.0,2026-09-07 09:50:19,-117790045#0,restaurant,,544.8147652988505,1238.053441474183,37.50268379633789,127.0268526423962,3053.0,34.0,taxi_44,picked
dyn_pax_2172,3021.0,2026-09-07 09:50:21,-506191135#22,residential|company|restaurant|bus_stop,,38.693950105848444,1321.9513167019495,37.50334380565249,127.02110990869835,3482.0,461.0,taxi_3,picked
dyn_pax_2173,3022.0,2026-09-07 09:50:22,1117538958#3,bus_stop,,160.18899290588462,540.6019911995099,37.49632820280781,127.02266936696756,3442.0,420.0,taxi_16,picked
dyn_pax_2174,3023.0,2026-09-07 09:50:23,-129731717#1,residential|company|restaurant,,188.433090102474,1374.3511058470413,37.503844200149025,127.0227905913032,3132.0,109.0,taxi_34,picked
dyn_pax_2175,3025.0,2026-09-07 09:50:25,1117538957#3,restaurant|subway_entrance|bus_stop,,465.5082521847807,644.8780924026132,37.49732530507706,127.02609663221197,,,,timeout
dyn_pax_2176,3027.0,2026-09-07 09:50:27,-542367267#1,bus_stop,,247.51018316686128,1414.7184918773391,37.504219024473855,127.02344900430944,3287.0,260.0,taxi_46,picked
dyn_pax_2177,3028.0,2026-09-07 09:50:28,-26163000#1,restaurant,,613.3034084576574,1234.0026207389662,37.50266024308643,127.02762801542576,3082.0,54.0,taxi_33,picked
dyn_pax_2178,3028.0,2026-09-07 09:50:28,129731857#1,residential|restaurant,,656.8212873140518,799.6615847813327,37.498755780674834,127.02822301071001,3403.0,375.0,taxi_respawn_6,picked
dyn_pax_2179,3029.0,2026-09-07 09:50:29,506191135#3,residential|company|restaurant|bus_stop,,238.79972345576414,789.4714057742513,37.49858497042428,127.023499044737,,,,timeout
dyn_pax_2180,3030.0,2026-09-07 09:50:30,521766175#3,company|restaurant|subway_entrance|bus_stop,,373.6701172395771,1298.610217621072,37.50319695740621,127.02490310718325,3518.0,488.0,taxi_37,picked
dyn_pax_2181,3032.0,2026-09-07 09:50:32,375049565#6,restaurant|subway_entrance|bus_stop,,789.5153251748014,798.8522330112556,37.49877353199428,127.02972351946808,3572.0,540.0,taxi_respawn_6,picked
dyn_pax_2182,3033.0,2026-09-07 09:50:33,218857636#1,residential|company|restaurant|bus_stop,,297.92905089287035,623.2061345250047,37.49709839153085,127.02420706961871,,,,timeout
dyn_pax_2183,3033.0,2026-09-07 09:50:33,-542367267#0,company,,179.75773525047865,1390.7576253945435,37.50399035207237,127.02268859703804,3096.0,63.0,taxi_5,picked
dyn_pax_2184,3035.0,2026-09-07 09:50:35,218873820#0,restaurant|subway_entrance|bus_stop,,628.9829311132032,562.4061665928522,37.49661325243901,127.02796447999128,,,,unpicked
dyn_pax_2185,3036.0,2026-09-07 09:50:36,521766182#1,company|restaurant|subway_entrance,,681.695169875507,539.6867345716422,37.496418539503196,127.02856584056028,,,,timeout
dyn_pax_2186,3038.0,2026-09-07 09:50:38,520307304#0,school|subway_entrance|bus_stop,,602.6035134310263,763.145495629718,37.498416594724866,127.02761864854104,,,,timeout
dyn_pax_2187,3039.0,2026-09-07 09:50:39,521770116#2,company|restaurant|bus_stop,,432.3182248087171,1108.514093563608,37.50149560521279,127.02561136613096,3444.0,405.0,taxi_respawn_25,picked
dyn_pax_2188,3041.0,2026-09-07 09:50:41,975332778#1,bus_stop,,681.6099970732737,721.9380561808346,37.49806030190971,127.02852170075586,3484.0,443.0,taxi_13,picked
dyn_pax_2189,3041.0,2026-09-07 09:50:41,521770119#1,restaurant|bus_stop,,527.3115514435282,995.8620162900467,37.50049875494786,127.02671217090477,,,,timeout
dyn_pax_2190,3042.0,2026-09-07 09:50:42,480850873,company|restaurant|bus_stop,,548.1935052770749,708.5896639848544,37.49791486187585,127.0270163956136,,,,timeout
dyn_pax_2191,3044.0,2026-09-07 09:50:44,218877837#2,company|restaurant|bus_stop,,479.4555212141038,978.0213907550284,37.500328997763305,127.02617530290202,3545.0,501.0,taxi_respawn_9,picked
dyn_pax_2192,3044.0,2026-09-07 09:50:44,542367267#1,company|restaurant,,199.26981683313872,1381.121508122661,37.50390724154084,127.02291151664822,3253.0,209.0,taxi_30,picked
dyn_pax_2193,3045.0,2026-09-07 09:50:45,521766182#1,company|restaurant|subway_entrance,,681.695169875507,539.6867345716422,37.496418539503196,127.02856584056028,,,,timeout
dyn_pax_2194,3046.0,2026-09-07 09:50:46,417933645#0,residential|restaurant,,823.1026288816429,385.61625104994533,37.49505730126708,127.03020109557775,3417.0,371.0,taxi_36,picked
dyn_pax_2195,3047.0,2026-09-07 09:50:47,975332778#1,bus_stop,,681.6099970732737,721.9380561808346,37.49806030190971,127.02852170075586,3530.0,483.0,taxi_respawn_14,picked
dyn_pax_2196,3047.0,2026-09-07 09:50:47,-309155295#4,residential|restaurant,,966.4689567179357,639.4784987131154,37.49737120494098,127.0317619612052,,,,timeout
dyn_pax_2197,3048.0,2026-09-07 09:50:48,521770119#1,restaurant|bus_stop,,527.3115514435282,995.8620162900467,37.50049875494786,127.02671217090477,,,,timeout
dyn_pax_2198,3050.0,2026-09-07 09:50:50,1117538957#3,restaurant|subway_entrance|bus_stop,,465.5082521847807,644.8780924026132,37.49732530507706,127.02609663221197,3546.0,496.0,taxi_5,picked
dyn_pax_2199,3050.0,2026-09-07 09:50:50,-129731721#2,company|restaurant,,388.6558839574922,820.9778890483499,37.49889713764622,127.02518592115393,3533.0,483.0,taxi_31,picked
dyn_pax_2200,3050.0,2026-09-07 09:50:50,-117790039#2,company|restaurant,,1017.0012393074795,990.846024966068,37.5005459641277,127.03225021068775,3072.0,22.0,taxi_0,picked
dyn_pax_2201,3052.0,2026-09-07 09:50:52,218873820#0,restaurant|subway_entrance|bus_stop,,628.9829311132032,562.4061665928522,37.49661325243901,127.02796447999128,,,,timeout
dyn_pax_2202,3053.0,2026-09-07 09:50:53,-506191135#22,residential|company|restaurant|bus_stop,,38.693950105848444,1321.9513167019495,37.50334380565249,127.02110990869835,,,,timeout
dyn_pax_2203,3054.0,2026-09-07 09:50:54,117790039#0,restaurant,,1059.1652257347846,901.0190091909938,37.49974471524068,127.0327481916661,,,,timeout
dyn_pax_2204,3054.0,2026-09-07 09:50:54,-417750336#5,restaurant,,886.0343029737398,891.1232225857099,37.499622942823265,127.030792984823,3101.0,47.0,taxi_respawn_30,picked
dyn_pax_2205,3055.0,2026-09-07 09:50:55,521766180#1,company|restaurant|bus_stop,,466.73410130235357,1169.2838037446552,37.502049542882666,127.02598608796039,,,,timeout
dyn_pax_2206,3056.0,2026-09-07 09:50:56,975332778#1,bus_stop,,681.6099970732737,721.9380561808346,37.49806030190971,127.02852170075586,3539.0,483.0,taxi_respawn_5,picked
dyn_pax_2207,3058.0,2026-09-07 09:50:58,375049565#6,restaurant|subway_entrance|bus_stop,,789.5153251748014,798.8522330112556,37.49877353199428,127.02972351946808,3586.0,528.0,taxi_34,picked
dyn_pax_2208,3059.0,2026-09-07 09:50:59,521770116#2,company|restaurant|bus_stop,,432.3182248087171,1108.514093563608,37.50149560521279,127.02561136613096,3453.0,394.0,taxi_respawn_17,picked
dyn_pax_2209,3062.0,2026-09-07 09:51:02,-504509918#2,company|restaurant|bus_stop,,398.9694242295193,827.4758220967593,37.49895762305832,127.02530099003066,,,,timeout
dyn_pax_2210,3064.0,2026-09-07 09:51:04,-541692164#2,subway_entrance,,317.7122087179151,1441.0296574375257,37.504469327730426,127.0242365566347,,,,timeout
dyn_pax_2211,3065.0,2026-09-07 09:51:05,1229817205#1,residential|bus_stop,,631.6400080768872,572.7061575261558,37.49670653972221,127.02799208080955,3550.0,485.0,taxi_respawn_30,picked
dyn_pax_2212,3066.0,2026-09-07 09:51:06,-129731857#1,restaurant,,773.0987126859483,849.1784152186673,37.4992237894183,127.02952598601298,3123.0,57.0,taxi_respawn_14,picked
dyn_pax_2213,3067.0,2026-09-07 09:51:07,1376141182#0,bus_stop,,385.7154046370183,1301.0311255965628,37.50322104370192,127.02503873135461,,,,timeout
dyn_pax_2214,3067.0,2026-09-07 09:51:07,-557469234,restaurant,,929.7298817515857,1030.9986809445256,37.50089122514563,127.03125394368278,3187.0,120.0,taxi_respawn_25,picked
dyn_pax_2215,3068.0,2026-09-07 09:51:08,541692164#1,subway_entrance,,271.6277521231475,1406.6420105391767,37.5041508337347,127.02372362926798,,,,timeout
dyn_pax_2216,3070.0,2026-09-07 09:51:10,523141074#0,company|restaurant|subway_entrance,,524.0338794858329,871.4890157117229,37.4993777454413,127.02670460634431,3300.0,230.0,taxi_14,picked
dyn_pax_2217,3071.0,2026-09-07 09:51:11,1117538958#3,bus_stop,,160.18899290588462,540.6019911995099,37.49632820280781,127.02266936696756,3455.0,384.0,taxi_respawn_21,picked
dyn_pax_2218,3071.0,2026-09-07 09:51:11,117790036#1,company,,849.7103307162836,1232.6514730855474,37.50269269072902,127.03030143103514,3100.0,29.0,taxi_respawn_29,picked
dyn_pax_2219,3073.0,2026-09-07 09:51:13,-504509918#2,company|restaurant|bus_stop,,398.9694242295193,827.4758220967593,37.49895762305832,127.02530099003066,3572.0,499.0,taxi_respawn_7,picked
dyn_pax_2220,3075.0,2026-09-07 09:51:15,-506191135#2,residential|bus_stop,,236.19733776439384,769.6838415951818,37.49840622577806,127.02347432089968,3441.0,366.0,taxi_26,picked
dyn_pax_2221,3075.0,2026-09-07 09:51:15,417933642#2,residential|restaurant,,976.5976168723116,645.9370182109647,37.49743129415275,127.0318749523804,3239.0,164.0,taxi_respawn_6,picked
dyn_pax_2222,3076.0,2026-09-07 09:51:16,521766175#3,company|restaurant|subway_entrance|bus_stop,,373.6701172395771,1298.610217621072,37.50319695740621,127.02490310718325,,,,timeout
dyn_pax_2223,3077.0,2026-09-07 09:51:17,480850873,company|restaurant|bus_stop,,548.1935052770749,708.5896639848544,37.49791486187585,127.0270163956136,3562.0,485.0,taxi_48,picked
dyn_pax_2224,3078.0,2026-09-07 09:51:18,-542367267#1,bus_stop,,247.51018316686128,1414.7184918773391,37.504219024473855,127.02344900430944,3357.0,279.0,taxi_respawn_23,picked
dyn_pax_2225,3079.0,2026-09-07 09:51:19,975332778#1,bus_stop,,681.6099970732737,721.9380561808346,37.49806030190971,127.02852170075586,3544.0,465.0,taxi_46,picked
dyn_pax_2226,3081.0,2026-09-07 09:51:21,375049565#6,restaurant|subway_entrance|bus_stop,,789.5153251748014,798.8522330112556,37.49877353199428,127.02972351946808,3578.0,497.0,taxi_respawn_18,picked
dyn_pax_2227,3081.0,2026-09-07 09:51:21,117790045#2,restaurant,,537.9561568342307,1283.7183624175188,37.50309386389003,127.02676426064505,3131.0,50.0,taxi_25,picked
dyn_pax_2228,3082.0,2026-09-07 09:51:22,521766180#1,company|restaurant|bus_stop,,466.73410130235357,1169.2838037446552,37.502049542882666,127.02598608796039,,,,unpicked
dyn_pax_2229,3082.0,2026-09-07 09:51:22,520307304#0,school|subway_entrance|bus_stop,,602.6035134310263,763.145495629718,37.498416594724866,127.02761864854104,,,,timeout
dyn_pax_2230,3083.0,2026-09-07 09:51:23,-417933642#1,restaurant,,972.7851169931362,629.1778231901285,37.49727960321316,127.03183581048214,,,,timeout
dyn_pax_2231,3084.0,2026-09-07 09:51:24,521770119#1,restaurant|bus_stop,,527.3115514435282,995.8620162900467,37.50049875494786,127.02671217090477,,,,timeout
dyn_pax_2232,3084.0,2026-09-07 09:51:24,129733424#1,restaurant,,625.7652907028337,1027.567371479777,37.50080296382065,127.02781785674841,,,,timeout
dyn_pax_2233,3085.0,2026-09-07 09:51:25,541692164#1,subway_entrance,,271.6277521231475,1406.6420105391767,37.5041508337347,127.02372362926798,,,,timeout
dyn_pax_2234,3087.0,2026-09-07 09:51:27,1117538958#3,bus_stop,,160.18899290588462,540.6019911995099,37.49632820280781,127.02266936696756,3484.0,397.0,taxi_42,picked
dyn_pax_2235,3087.0,2026-09-07 09:51:27,178441450#1,residential|company|restaurant|bus_stop,,282.90243066757296,609.4157395563556,37.496971320837204,127.02404044855805,,,,timeout
dyn_pax_2236,3088.0,2026-09-07 09:51:28,506191135#3,residential|company|restaurant|bus_stop,,238.79972345576414,789.4714057742513,37.49858497042428,127.023499044737,3547.0,459.0,taxi_19,picked
dyn_pax_2237,3090.0,2026-09-07 09:51:30,521766175#3,company|restaurant|subway_entrance|bus_stop,,373.6701172395771,1298.610217621072,37.50319695740621,127.02490310718325,,,,timeout
dyn_pax_2238,3091.0,2026-09-07 09:51:31,521770116#2,company|restaurant|bus_stop,,432.3182248087171,1108.514093563608,37.50149560521279,127.02561136613096,,,,timeout
dyn_pax_2239,3092.0,2026-09-07 09:51:32,218877837#2,company|restaurant|bus_stop,,479.4555212141038,978.0213907550284,37.500328997763305,127.02617530290202,,,,timeout
dyn_pax_2240,3093.0,2026-09-07 09:51:33,218864491#0,restaurant|bus_stop,,769.9803916976219,760.1217113917903,37.49842094941813,127.02951181742357,,,,timeout
dyn_pax_2241,3095.0,2026-09-07 09:51:35,521766180#1,company|restaurant|bus_stop,,466.73410130235357,1169.2838037446552,37.502049542882666,127.02598608796039,,,,timeout
dyn_pax_2242,3096.0,2026-09-07 09:51:36,523141074#0,company|restaurant|subway_entrance,,524.0338794858329,871.4890157117229,37.4993777454413,127.02670460634431,3474.0,378.0,taxi_10,picked
dyn_pax_2243,3096.0,2026-09-07 09:51:36,-913950883#1,residential|company|restaurant,,391.36286393582424,840.6655979518604,37.49907500229157,127.0252118555046,3472.0,376.0,taxi_25,picked
dyn_pax_2244,3096.0,2026-09-07 09:51:36,117790036#1,company,,849.7103307162836,1232.6514730855474,37.50269269072902,127.03030143103514,3243.0,147.0,taxi_respawn_29,picked
dyn_pax_2245,3097.0,2026-09-07 09:51:37,305539406,company|restaurant|subway_entrance,,566.389495917364,736.5285064605782,37.49816998085155,127.02721550408178,,,,timeout
dyn_pax_2246,3099.0,2026-09-07 09:51:39,521766180#1,company|restaurant|bus_stop,,466.73410130235357,1169.2838037446552,37.502049542882666,127.02598608796039,,,,timeout
dyn_pax_2247,3102.0,2026-09-07 09:51:42,521766182#1,company|restaurant|subway_entrance,,681.695169875507,539.6867345716422,37.496418539503196,127.02856584056028,,,,unpicked
dyn_pax_2248,3102.0,2026-09-07 09:51:42,-129731717#1,residential|company|restaurant,,188.433090102474,1374.3511058470413,37.503844200149025,127.0227905913032,3155.0,53.0,taxi_12,picked
dyn_pax_2249,3104.0,2026-09-07 09:51:44,-506191135#22,residential|company|restaurant|bus_stop,,38.693950105848444,1321.9513167019495,37.50334380565249,127.02110990869835,,,,unpicked
dyn_pax_2250,3105.0,2026-09-07 09:51:45,-541692164#2,subway_entrance,,317.7122087179151,1441.0296574375257,37.504469327730426,127.0242365566347,,,,unpicked
dyn_pax_2251,3107.0,2026-09-07 09:51:47,-504509918#2,company|restaurant|bus_stop,,398.9694242295193,827.4758220967593,37.49895762305832,127.02530099003066,,,,unpicked
dyn_pax_2252,3108.0,2026-09-07 09:51:48,1117538958#3,bus_stop,,160.18899290588462,540.6019911995099,37.49632820280781,127.02266936696756,,,,unpicked
dyn_pax_2253,3110.0,2026-09-07 09:51:50,521770119#0,restaurant|bus_stop,,548.9831206778387,935.1148840516827,37.499955620541705,127.02697161236954,,,,unpicked
dyn_pax_2254,3111.0,2026-09-07 09:51:51,521766175#3,company|restaurant|subway_entrance|bus_stop,,373.6701172395771,1298.610217621072,37.50319695740621,127.02490310718325,,,,unpicked
dyn_pax_2255,3111.0,2026-09-07 09:51:51,117790036#1,company,,849.7103307162836,1232.6514730855474,37.50269269072902,127.03030143103514,3236.0,125.0,taxi_respawn_34,picked
dyn_pax_2256,3113.0,2026-09-07 09:51:53,521770116#2,company|restaurant|bus_stop,,432.3182248087171,1108.514093563608,37.50149560521279,127.02561136613096,,,,unpicked
dyn_pax_2257,3114.0,2026-09-07 09:51:54,521770119#0,restaurant|bus_stop,,548.9831206778387,935.1148840516827,37.499955620541705,127.02697161236954,,,,unpicked
dyn_pax_2258,3114.0,2026-09-07 09:51:54,506191135#3,residential|company|restaurant|bus_stop,,238.79972345576414,789.4714057742513,37.49858497042428,127.023499044737,,,,unpicked
dyn_pax_2259,3114.0,2026-09-07 09:51:54,557469234,restaurant,,982.7249512156621,987.801549540822,37.50051207965727,127.03186337298402,3233.0,119.0,taxi_17,picked
dyn_pax_2260,3116.0,2026-09-07 09:51:56,417933642#0,restaurant|bus_stop,,1041.0954363710525,463.30841921497654,37.49579826441859,127.03264736696761,,,,unpicked
dyn_pax_2261,3117.0,2026-09-07 09:51:57,178441450#1,residential|company|restaurant|bus_stop,,282.90243066757296,609.4157395563556,37.496971320837204,127.02404044855805,,,,unpicked
dyn_pax_2262,3117.0,2026-09-07 09:51:57,1117538957#3,restaurant|subway_entrance|bus_stop,,465.5082521847807,644.8780924026132,37.49732530507706,127.02609663221197,,,,unpicked
dyn_pax_2263,3119.0,2026-09-07 09:51:59,975332778#1,bus_stop,,681.6099970732737,721.9380561808346,37.49806030190971,127.02852170075586,,,,unpicked
dyn_pax_2264,3120.0,2026-09-07 09:52:00,541692164#1,subway_entrance,,271.6277521231475,1406.6420105391767,37.5041508337347,127.02372362926798,,,,unpicked
dyn_pax_2265,3122.0,2026-09-07 09:52:02,-1011529829#3,residential|restaurant,,246.84006179949273,776.1178104815556,37.49846619888778,127.02359312469504,3170.0,48.0,taxi_respawn_38,picked
dyn_pax_2266,3123.0,2026-09-07 09:52:03,219837933#0,residential|company,,49.0199205680682,1328.1480294371383,37.503401583976704,127.02122519296726,3409.0,286.0,taxi_43,picked
dyn_pax_2267,3124.0,2026-09-07 09:52:04,-542367267#1,bus_stop,,247.51018316686128,1414.7184918773391,37.504219024473855,127.02344900430944,3321.0,197.0,taxi_respawn_8,picked
dyn_pax_2268,3124.0,2026-09-07 09:52:04,-379463134#6,restaurant,,651.5506250710082,1319.679135788758,37.50343926652266,127.02804017641046,3165.0,41.0,taxi_23,picked
dyn_pax_2269,3125.0,2026-09-07 09:52:05,417933642#0,restaurant|bus_stop,,1041.0954363710525,463.30841921497654,37.49579826441859,127.03264736696761,,,,unpicked
dyn_pax_2270,3126.0,2026-09-07 09:52:06,-379463134#2,restaurant,,527.5499142349145,1277.2476095039178,37.503033607059436,127.02664812966836,3220.0,94.0,taxi_respawn_16,picked
dyn_pax_2271,3127.0,2026-09-07 09:52:07,506191135#3,residential|company|restaurant|bus_stop,,238.79972345576414,789.4714057742513,37.49858497042428,127.023499044737,,,,unpicked
dyn_pax_2272,3128.0,2026-09-07 09:52:08,1376141183#0,bus_stop,,548.2528111146681,901.2117688498424,37.49965007283687,127.02697139402301,,,,unpicked
dyn_pax_2273,3130.0,2026-09-07 09:52:10,1229817205#0,company|subway_entrance|bus_stop,,599.2457558679199,652.2907550986157,37.497417346160496,127.02760695963683,,,,unpicked
dyn_pax_2274,3131.0,2026-09-07 09:52:11,520307304#0,school|subway_entrance|bus_stop,,602.6035134310263,763.145495629718,37.498416594724866,127.02761864854104,,,,unpicked
dyn_pax_2275,3133.0,2026-09-07 09:52:13,1376141183#0,bus_stop,,548.2528111146681,901.2117688498424,37.49965007283687,127.02697139402301,,,,unpicked
dyn_pax_2276,3134.0,2026-09-07 09:52:14,-417933645#2,company|restaurant|subway_entrance,,701.1658676593129,719.5455833044954,37.49804244093877,127.02874337560036,,,,unpicked
dyn_pax_2277,3135.0,2026-09-07 09:52:15,-256787796#4,restaurant,,620.2926176327408,895.5374521094307,37.49961256354246,127.02778727239327,,,,unpicked
dyn_pax_2278,3136.0,2026-09-07 09:52:16,520307304#0,school|subway_entrance|bus_stop,,602.6035134310263,763.145495629718,37.498416594724866,127.02761864854104,,,,unpicked
dyn_pax_2279,3136.0,2026-09-07 09:52:16,129731859#4,restaurant,,948.3176585840322,968.5888771831698,37.50033252074231,127.03147887955224,3212.0,76.0,taxi_8,picked
dyn_pax_2280,3137.0,2026-09-07 09:52:17,305539406,company|restaurant|subway_entrance,,566.389495917364,736.5285064605782,37.49816998085155,127.02721550408178,,,,unpicked
dyn_pax_2281,3139.0,2026-09-07 09:52:19,521770119#0,restaurant|bus_stop,,548.9831206778387,935.1148840516827,37.499955620541705,127.02697161236954,,,,unpicked
dyn_pax_2282,3140.0,2026-09-07 09:52:20,520307304#0,school|subway_entrance|bus_stop,,602.6035134310263,763.145495629718,37.498416594724866,127.02761864854104,,,,unpicked
dyn_pax_2283,3142.0,2026-09-07 09:52:22,417933642#0,restaurant|bus_stop,,1041.0954363710525,463.30841921497654,37.49579826441859,127.03264736696761,,,,unpicked
dyn_pax_2284,3143.0,2026-09-07 09:52:23,1229817205#0,company|subway_entrance|bus_stop,,599.2457558679199,652.2907550986157,37.497417346160496,127.02760695963683,,,,unpicked
dyn_pax_2285,3145.0,2026-09-07 09:52:25,521766175#1,company|restaurant|subway_entrance,,332.9365590021661,1411.5585828157227,37.504206724109,127.02441570308932,,,,unpicked
dyn_pax_2286,3147.0,2026-09-07 09:52:27,521766175#3,company|restaurant|subway_entrance|bus_stop,,373.6701172395771,1298.610217621072,37.50319695740621,127.02490310718325,,,,unpicked
dyn_pax_2287,3148.0,2026-09-07 09:52:28,521766175#3,company|restaurant|subway_entrance|bus_stop,,373.6701172395771,1298.610217621072,37.50319695740621,127.02490310718325,,,,unpicked
dyn_pax_2288,3150.0,2026-09-07 09:52:30,975332778#1,bus_stop,,681.6099970732737,721.9380561808346,37.49806030190971,127.02852170075586,,,,unpicked
dyn_pax_2289,3151.0,2026-09-07 09:52:31,218873820#0,restaurant|subway_entrance|bus_stop,,628.9829311132032,562.4061665928522,37.49661325243901,127.02796447999128,,,,unpicked
dyn_pax_2290,3153.0,2026-09-07 09:52:33,521770116#2,company|restaurant|bus_stop,,432.3182248087171,1108.514093563608,37.50149560521279,127.02561136613096,,,,unpicked
dyn_pax_2291,3153.0,2026-09-07 09:52:33,-417933646#4,company|restaurant,,761.9867537178288,747.7080569325292,37.49830761500862,127.02942437673002,,,,unpicked
dyn_pax_2292,3154.0,2026-09-07 09:52:34,219837933#0,residential|company,,49.0199205680682,1328.1480294371383,37.503401583976704,127.02122519296726,3446.0,292.0,taxi_respawn_35,picked
dyn_pax_2293,3156.0,2026-09-07 09:52:36,520307304#0,school|subway_entrance|bus_stop,,602.6035134310263,763.145495629718,37.498416594724866,127.02761864854104,,,,unpicked
dyn_pax_2294,3156.0,2026-09-07 09:52:36,256787796#2,restaurant,,573.8171824012851,1000.9225059734806,37.50055312725627,127.02723680274495,3224.0,68.0,taxi_29,picked
dyn_pax_2295,3157.0,2026-09-07 09:52:37,379463134#3,restaurant,,544.2510512741843,1273.4484249309019,37.503002538586315,127.0268378740983,3228.0,71.0,taxi_31,picked
dyn_pax_2296,3159.0,2026-09-07 09:52:39,523141074#0,company|restaurant|subway_entrance,,524.0338794858329,871.4890157117229,37.4993777454413,127.02670460634431,3463.0,304.0,taxi_respawn_7,picked
dyn_pax_2297,3160.0,2026-09-07 09:52:40,305539406,company|restaurant|subway_entrance,,566.389495917364,736.5285064605782,37.49816998085155,127.02721550408178,,,,unpicked
dyn_pax_2298,3162.0,2026-09-07 09:52:42,-506191135#22,residential|company|restaurant|bus_stop,,38.693950105848444,1321.9513167019495,37.50334380565249,127.02110990869835,,,,unpicked
dyn_pax_2299,3162.0,2026-09-07 09:52:42,26163000#0,restaurant,,655.1679463942612,1215.3400880972458,37.50250003106797,127.02810580802628,3305.0,143.0,taxi_13,picked
dyn_pax_2300,3162.0,2026-09-07 09:52:42,-379463130#1,restaurant,,595.1104652489141,1131.7345077296688,37.50173554422087,127.02744655088388,,,,unpicked
dyn_pax_2301,3163.0,2026-09-07 09:52:43,178441450#1,residential|company|restaurant|bus_stop,,282.90243066757296,609.4157395563556,37.496971320837204,127.02404044855805,,,,unpicked
dyn_pax_2302,3163.0,2026-09-07 09:52:43,-117790051#4,restaurant,,448.3479635094145,1379.7889979949318,37.50394236073409,127.02572824341395,,,,unpicked
dyn_pax_2303,3164.0,2026-09-07 09:52:44,521770119#1,restaurant|bus_stop,,527.3115514435282,995.8620162900467,37.50049875494786,127.02671217090477,,,,unpicked
dyn_pax_2304,3165.0,2026-09-07 09:52:45,1117538958#3,bus_stop,,160.18899290588462,540.6019911995099,37.49632820280781,127.02266936696756,,,,unpicked
dyn_pax_2305,3166.0,2026-09-07 09:52:46,1117538957#3,restaurant|subway_entrance|bus_stop,,465.5082521847807,644.8780924026132,37.49732530507706,127.02609663221197,,,,unpicked
dyn_pax_2306,3167.0,2026-09-07 09:52:47,-129731834#1,residential,,78.2122165689223,720.9585140244731,37.49793738265588,127.02169964763026,3290.0,123.0,taxi_respawn_14,picked
dyn_pax_2307,3168.0,2026-09-07 09:52:48,-417933645#2,company|restaurant|subway_entrance,,701.1658676593129,719.5455833044954,37.49804244093877,127.02874337560036,,,,unpicked
dyn_pax_2308,3169.0,2026-09-07 09:52:49,1229817205#0,company|subway_entrance|bus_stop,,599.2457558679199,652.2907550986157,37.497417346160496,127.02760695963683,,,,unpicked
dyn_pax_2309,3171.0,2026-09-07 09:52:51,521766175#1,company|restaurant|subway_entrance,,332.9365590021661,1411.5585828157227,37.504206724109,127.02441570308932,,,,unpicked
dyn_pax_2310,3173.0,2026-09-07 09:52:53,417933642#0,restaurant|bus_stop,,1041.0954363710525,463.30841921497654,37.49579826441859,127.03264736696761,,,,unpicked
dyn_pax_2311,3174.0,2026-09-07 09:52:54,521770119#0,restaurant|bus_stop,,548.9831206778387,935.1148840516827,37.499955620541705,127.02697161236954,,,,unpicked
dyn_pax_2312,3175.0,2026-09-07 09:52:55,117790041#3,restaurant,,485.8172797724441,1249.4366376844557,37.50277519064896,127.0261828476699,3205.0,30.0,taxi_respawn_7,picked
dyn_pax_2313,3176.0,2026-09-07 09:52:56,521766175#3,company|restaurant|subway_entrance|bus_stop,,373.6701172395771,1298.610217621072,37.50319695740621,127.02490310718325,,,,unpicked
dyn_pax_2314,3177.0,2026-09-07 09:52:57,375049565#6,restaurant|subway_entrance|bus_stop,,789.5153251748014,798.8522330112556,37.49877353199428,127.02972351946808,,,,unpicked
dyn_pax_2315,3177.0,2026-09-07 09:52:57,506191135#3,residential|company|restaurant|bus_stop,,238.79972345576414,789.4714057742513,37.49858497042428,127.023499044737,,,,unpicked
dyn_pax_2316,3179.0,2026-09-07 09:52:59,375049565#6,restaurant|subway_entrance|bus_stop,,789.5153251748014,798.8522330112556,37.49877353199428,127.02972351946808,,,,unpicked
dyn_pax_2317,3179.0,2026-09-07 09:52:59,-129731834#1,residential,,78.2122165689223,720.9585140244731,37.49793738265588,127.02169964763026,,,,unpicked
dyn_pax_2318,3180.0,2026-09-07 09:53:00,1229817205#0,company|subway_entrance|bus_stop,,599.2457558679199,652.2907550986157,37.497417346160496,127.02760695963683,,,,unpicked
dyn_pax_2319,3180.0,2026-09-07 09:53:00,504227067#0,restaurant,,638.7551174354396,526.833121212444,37.49629464408366,127.02808339614947,3393.0,213.0,taxi_30,picked
dyn_pax_2320,3182.0,2026-09-07 09:53:02,1117538957#3,restaurant|subway_entrance|bus_stop,,465.5082521847807,644.8780924026132,37.49732530507706,127.02609663221197,,,,unpicked
dyn_pax_2321,3182.0,2026-09-07 09:53:02,542367267#1,company|restaurant,,199.26981683313872,1381.121508122661,37.50390724154084,127.02291151664822,3286.0,104.0,taxi_respawn_5,picked
dyn_pax_2322,3183.0,2026-09-07 09:53:03,-506191135#22,residential|company|restaurant|bus_stop,,38.693950105848444,1321.9513167019495,37.50334380565249,127.02110990869835,,,,unpicked
dyn_pax_2323,3185.0,2026-09-07 09:53:05,1376141182#0,bus_stop,,385.7154046370183,1301.0311255965628,37.50322104370192,127.02503873135461,,,,unpicked
dyn_pax_2324,3187.0,2026-09-07 09:53:07,178441450#1,residential|company|restaurant|bus_stop,,282.90243066757296,609.4157395563556,37.496971320837204,127.02404044855805,,,,unpicked
dyn_pax_2325,3188.0,2026-09-07 09:53:08,521766175#1,company|restaurant|subway_entrance,,332.9365590021661,1411.5585828157227,37.504206724109,127.02441570308932,,,,unpicked
dyn_pax_2326,3189.0,2026-09-07 09:53:09,1229817205#0,company|subway_entrance|bus_stop,,599.2457558679199,652.2907550986157,37.497417346160496,127.02760695963683,,,,unpicked
dyn_pax_2327,3191.0,2026-09-07 09:53:11,541692164#1,subway_entrance,,271.6277521231475,1406.6420105391767,37.5041508337347,127.02372362926798,,,,unpicked
dyn_pax_2328,3191.0,2026-09-07 09:53:11,521766175#1,company|restaurant|subway_entrance,,332.9365590021661,1411.5585828157227,37.504206724109,127.02441570308932,,,,unpicked
dyn_pax_2329,3192.0,2026-09-07 09:53:12,178441450#1,residential|company|restaurant|bus_stop,,282.90243066757296,609.4157395563556,37.496971320837204,127.02404044855805,,,,unpicked
dyn_pax_2330,3192.0,2026-09-07 09:53:12,256787796#6,restaurant,,626.4884087870183,851.7135990963859,37.499218954480725,127.02786771303293,3370.0,178.0,taxi_15,picked
dyn_pax_2331,3194.0,2026-09-07 09:53:14,-506191135#2,residential|bus_stop,,236.19733776439384,769.6838415951818,37.49840622577806,127.02347432089968,,,,unpicked
dyn_pax_2332,3196.0,2026-09-07 09:53:16,-504509918#2,company|restaurant|bus_stop,,398.9694242295193,827.4758220967593,37.49895762305832,127.02530099003066,,,,unpicked
dyn_pax_2333,3197.0,2026-09-07 09:53:17,521770119#1,restaurant|bus_stop,,527.3115514435282,995.8620162900467,37.50049875494786,127.02671217090477,,,,unpicked
dyn_pax_2334,3197.0,2026-09-07 09:53:17,-117790045#2,restaurant,,502.6238788004042,1360.6315306450858,37.50378004402999,127.0263465049606,3381.0,184.0,taxi_8,picked
dyn_pax_2335,3198.0,2026-09-07 09:53:18,117790036#1,company,,849.7103307162836,1232.6514730855474,37.50269269072902,127.03030143103514,3283.0,85.0,taxi_respawn_10,picked
dyn_pax_2336,3199.0,2026-09-07 09:53:19,523141074#0,company|restaurant|subway_entrance,,524.0338794858329,871.4890157117229,37.4993777454413,127.02670460634431,,,,unpicked
dyn_pax_2337,3200.0,2026-09-07 09:53:20,-504509918#2,company|restaurant|bus_stop,,398.9694242295193,827.4758220967593,37.49895762305832,127.02530099003066,,,,unpicked
dyn_pax_2338,3202.0,2026-09-07 09:53:22,-506191135#2,residential|bus_stop,,236.19733776439384,769.6838415951818,37.49840622577806,127.02347432089968,,,,unpicked
dyn_pax_2339,3203.0,2026-09-07 09:53:23,1229817205#0,company|subway_entrance|bus_stop,,599.2457558679199,652.2907550986157,37.497417346160496,127.02760695963683,,,,unpicked
dyn_pax_2340,3203.0,2026-09-07 09:53:23,521766180#1,company|restaurant|bus_stop,,466.73410130235357,1169.2838037446552,37.502049542882666,127.02598608796039,,,,unpicked
dyn_pax_2341,3205.0,2026-09-07 09:53:25,1376141183#0,bus_stop,,548.2528111146681,901.2117688498424,37.49965007283687,127.02697139402301,,,,unpicked
dyn_pax_2342,3206.0,2026-09-07 09:53:26,521766175#3,company|restaurant|subway_entrance|bus_stop,,373.6701172395771,1298.610217621072,37.50319695740621,127.02490310718325,,,,unpicked
dyn_pax_2343,3208.0,2026-09-07 09:53:28,521766180#1,company|restaurant|bus_stop,,466.73410130235357,1169.2838037446552,37.502049542882666,127.02598608796039,,,,unpicked
dyn_pax_2344,3208.0,2026-09-07 09:53:28,218873820#0,restaurant|subway_entrance|bus_stop,,628.9829311132032,562.4061665928522,37.49661325243901,127.02796447999128,,,,unpicked
dyn_pax_2345,3209.0,2026-09-07 09:53:29,-506191135#22,residential|company|restaurant|bus_stop,,38.693950105848444,1321.9513167019495,37.50334380565249,127.02110990869835,,,,unpicked
dyn_pax_2346,3211.0,2026-09-07 09:53:31,218857636#1,residential|company|restaurant|bus_stop,,297.92905089287035,623.2061345250047,37.49709839153085,127.02420706961871,,,,unpicked
dyn_pax_2347,3212.0,2026-09-07 09:53:32,218873820#0,restaurant|subway_entrance|bus_stop,,628.9829311132032,562.4061665928522,37.49661325243901,127.02796447999128,,,,unpicked
dyn_pax_2348,3213.0,2026-09-07 09:53:33,504509918#0,residential|restaurant,,511.83203920742636,882.9034728009249,37.49947826486711,127.02656393710718,3246.0,33.0,taxi_36,picked
dyn_pax_2349,3214.0,2026-09-07 09:53:34,-417933645#2,company|restaurant|subway_entrance,,701.1658676593129,719.5455833044954,37.49804244093877,127.02874337560036,,,,unpicked
dyn_pax_2350,3215.0,2026-09-07 09:53:35,1229817205#0,company|subway_entrance|bus_stop,,599.2457558679199,652.2907550986157,37.497417346160496,127.02760695963683,,,,unpicked
dyn_pax_2351,3216.0,2026-09-07 09:53:36,129731859#4,restaurant,,948.3176585840322,968.5888771831698,37.50033252074231,127.03147887955224,3266.0,50.0,taxi_37,picked
dyn_pax_2352,3217.0,2026-09-07 09:53:37,521766175#1,company|restaurant|subway_entrance,,332.9365590021661,1411.5585828157227,37.504206724109,127.02441570308932,,,,unpicked
dyn_pax_2353,3219.0,2026-09-07 09:53:39,305539406,company|restaurant|subway_entrance,,566.389495917364,736.5285064605782,37.49816998085155,127.02721550408178,,,,unpicked
dyn_pax_2354,3220.0,2026-09-07 09:53:40,218873820#0,restaurant|subway_entrance|bus_stop,,628.9829311132032,562.4061665928522,37.49661325243901,127.02796447999128,,,,unpicked
dyn_pax_2355,3220.0,2026-09-07 09:53:40,521766182#1,company|restaurant|subway_entrance,,681.695169875507,539.6867345716422,37.496418539503196,127.02856584056028,,,,unpicked
dyn_pax_2356,3222.0,2026-09-07 09:53:42,521770119#0,restaurant|bus_stop,,548.9831206778387,935.1148840516827,37.499955620541705,127.02697161236954,,,,unpicked
dyn_pax_2357,3223.0,2026-09-07 09:53:43,523141074#0,company|restaurant|subway_entrance,,524.0338794858329,871.4890157117229,37.4993777454413,127.02670460634431,,,,unpicked
dyn_pax_2358,3224.0,2026-09-07 09:53:44,417933645#0,residential|restaurant,,823.1026288816429,385.61625104994533,37.49505730126708,127.03020109557775,,,,unpicked
dyn_pax_2359,3225.0,2026-09-07 09:53:45,-541692164#2,subway_entrance,,317.7122087179151,1441.0296574375257,37.504469327730426,127.0242365566347,,,,unpicked
dyn_pax_2360,3225.0,2026-09-07 09:53:45,218873820#0,restaurant|subway_entrance|bus_stop,,628.9829311132032,562.4061665928522,37.49661325243901,127.02796447999128,,,,unpicked
dyn_pax_2361,3226.0,2026-09-07 09:53:46,178441450#1,residential|company|restaurant|bus_stop,,282.90243066757296,609.4157395563556,37.496971320837204,127.02404044855805,,,,unpicked
dyn_pax_2362,3228.0,2026-09-07 09:53:48,521770119#1,restaurant|bus_stop,,527.3115514435282,995.8620162900467,37.50049875494786,127.02671217090477,,,,unpicked
dyn_pax_2363,3229.0,2026-09-07 09:53:49,1229817205#1,residential|bus_stop,,631.6400080768872,572.7061575261558,37.49670653972221,127.02799208080955,,,,unpicked
dyn_pax_2364,3231.0,2026-09-07 09:53:51,218857636#1,residential|company|restaurant|bus_stop,,297.92905089287035,623.2061345250047,37.49709839153085,127.02420706961871,,,,unpicked
dyn_pax_2365,3231.0,2026-09-07 09:53:51,218873820#0,restaurant|subway_entrance|bus_stop,,628.9829311132032,562.4061665928522,37.49661325243901,127.02796447999128,,,,unpicked
dyn_pax_2366,3232.0,2026-09-07 09:53:52,1117538957#3,restaurant|subway_entrance|bus_stop,,465.5082521847807,644.8780924026132,37.49732530507706,127.02609663221197,,,,unpicked
dyn_pax_2367,3234.0,2026-09-07 09:53:54,218873820#0,restaurant|subway_entrance|bus_stop,,628.9829311132032,562.4061665928522,37.49661325243901,127.02796447999128,,,,unpicked
dyn_pax_2368,3234.0,2026-09-07 09:53:54,-417933646#1,residential|restaurant,,826.6019869456061,577.8075382253838,37.49678928421788,127.03019516859905,3268.0,34.0,taxi_9,picked
dyn_pax_2369,3235.0,2026-09-07 09:53:55,523141074#0,company|restaurant|subway_entrance,,524.0338794858329,871.4890157117229,37.4993777454413,127.02670460634431,,,,unpicked
dyn_pax_2370,3235.0,2026-09-07 09:53:55,-117823785#1,restaurant,,983.1954817367493,635.6880668681273,37.49734021138362,127.03195197441553,3424.0,189.0,taxi_respawn_1,picked
dyn_pax_2371,3237.0,2026-09-07 09:53:57,521770119#0,restaurant|bus_stop,,548.9831206778387,935.1148840516827,37.499955620541705,127.02697161236954,,,,unpicked
dyn_pax_2372,3238.0,2026-09-07 09:53:58,1376141182#0,bus_stop,,385.7154046370183,1301.0311255965628,37.50322104370192,127.02503873135461,,,,unpicked
dyn_pax_2373,3241.0,2026-09-07 09:54:01,523141074#0,company|restaurant|subway_entrance,,524.0338794858329,871.4890157117229,37.4993777454413,127.02670460634431,,,,unpicked
dyn_pax_2374,3242.0,2026-09-07 09:54:02,117823785#0,company|restaurant,,1360.8740206736493,851.0492627492013,37.499351351792384,127.0361713398344,,,,unpicked
dyn_pax_2375,3243.0,2026-09-07 09:54:03,305539406,company|restaurant|subway_entrance,,566.389495917364,736.5285064605782,37.49816998085155,127.02721550408178,,,,unpicked
dyn_pax_2376,3243.0,2026-09-07 09:54:03,1056882877#3,residential|company|restaurant,,365.79280968467333,433.0557487307964,37.495398294451746,127.02501948586043,3509.0,266.0,taxi_20,picked
dyn_pax_2377,3245.0,2026-09-07 09:54:05,218873820#0,restaurant|subway_entrance|bus_stop,,628.9829311132032,562.4061665928522,37.49661325243901,127.02796447999128,,,,unpicked
dyn_pax_2378,3246.0,2026-09-07 09:54:06,521770119#0,restaurant|bus_stop,,548.9831206778387,935.1148840516827,37.499955620541705,127.02697161236954,,,,unpicked
dyn_pax_2379,3248.0,2026-09-07 09:54:08,975332778#1,bus_stop,,681.6099970732737,721.9380561808346,37.49806030190971,127.02852170075586,,,,unpicked
dyn_pax_2380,3249.0,2026-09-07 09:54:09,218873820#0,restaurant|subway_entrance|bus_stop,,628.9829311132032,562.4061665928522,37.49661325243901,127.02796447999128,,,,unpicked
dyn_pax_2381,3250.0,2026-09-07 09:54:10,975332778#1,bus_stop,,681.6099970732737,721.9380561808346,37.49806030190971,127.02852170075586,,,,unpicked
dyn_pax_2382,3251.0,2026-09-07 09:54:11,-504509918#2,company|restaurant|bus_stop,,398.9694242295193,827.4758220967593,37.49895762305832,127.02530099003066,,,,unpicked
dyn_pax_2383,3252.0,2026-09-07 09:54:12,1117538957#3,restaurant|subway_entrance|bus_stop,,465.5082521847807,644.8780924026132,37.49732530507706,127.02609663221197,,,,unpicked
dyn_pax_2384,3252.0,2026-09-07 09:54:12,-417933645#1,restaurant,,753.9829961438405,551.6859834676363,37.49654027420169,127.02938030242663,3408.0,156.0,taxi_9,picked
dyn_pax_2385,3253.0,2026-09-07 09:54:13,-913950883#1,residential|company|restaurant,,391.36286393582424,840.6655979518604,37.49907500229157,127.0252118555046,3517.0,264.0,taxi_17,picked
dyn_pax_2386,3254.0,2026-09-07 09:54:14,-506191135#22,residential|company|restaurant|bus_stop,,38.693950105848444,1321.9513167019495,37.50334380565249,127.02110990869835,,,,unpicked
dyn_pax_2387,3255.0,2026-09-07 09:54:15,375049565#6,restaurant|subway_entrance|bus_stop,,789.5153251748014,798.8522330112556,37.49877353199428,127.02972351946808,,,,unpicked
dyn_pax_2388,3257.0,2026-09-07 09:54:17,1376141182#0,bus_stop,,385.7154046370183,1301.0311255965628,37.50322104370192,127.02503873135461,,,,unpicked
dyn_pax_2389,3258.0,2026-09-07 09:54:18,178441450#1,residential|company|restaurant|bus_stop,,282.90243066757296,609.4157395563556,37.496971320837204,127.02404044855805,,,,unpicked
dyn_pax_2390,3258.0,2026-09-07 09:54:18,521766182#1,company|restaurant|subway_entrance,,681.695169875507,539.6867345716422,37.496418539503196,127.02856584056028,,,,unpicked
dyn_pax_2391,3260.0,2026-09-07 09:54:20,521766175#3,company|restaurant|subway_entrance|bus_stop,,373.6701172395771,1298.610217621072,37.50319695740621,127.02490310718325,,,,unpicked
dyn_pax_2392,3260.0,2026-09-07 09:54:20,-523141073,residential|company,,283.47995026542384,1109.9635024546676,37.50148051131825,127.02392811188028,3379.0,119.0,taxi_respawn_30,picked
dyn_pax_2393,3261.0,2026-09-07 09:54:21,521766175#1,company|restaurant|subway_entrance,,332.9365590021661,1411.5585828157227,37.504206724109,127.02441570308932,,,,unpicked
dyn_pax_2394,3261.0,2026-09-07 09:54:21,-805827765,restaurant,,955.7439147780814,1157.0835718820576,37.50203194319751,127.03151825266303,,,,unpicked
dyn_pax_2395,3263.0,2026-09-07 09:54:23,1117538957#3,restaurant|subway_entrance|bus_stop,,465.5082521847807,644.8780924026132,37.49732530507706,127.02609663221197,,,,unpicked
dyn_pax_2396,3266.0,2026-09-07 09:54:26,975332778#1,bus_stop,,681.6099970732737,721.9380561808346,37.49806030190971,127.02852170075586,,,,unpicked
dyn_pax_2397,3267.0,2026-09-07 09:54:27,520307304#2,restaurant,,553.737131666575,902.6336565846188,37.499663917706236,127.02703306650038,3276.0,9.0,taxi_39,picked
dyn_pax_2398,3268.0,2026-09-07 09:54:28,1376141183#0,bus_stop,,548.2528111146681,901.2117688498424,37.49965007283687,127.02697139402301,,,,unpicked
dyn_pax_2399,3269.0,2026-09-07 09:54:29,521766175#3,company|restaurant|subway_entrance|bus_stop,,373.6701172395771,1298.610217621072,37.50319695740621,127.02490310718325,,,,unpicked
dyn_pax_2400,3270.0,2026-09-07 09:54:30,1117538957#3,restaurant|subway_entrance|bus_stop,,465.5082521847807,644.8780924026132,37.49732530507706,127.02609663221197,,,,unpicked
dyn_pax_2401,3271.0,2026-09-07 09:54:31,521766175#1,company|restaurant|subway_entrance,,332.9365590021661,1411.5585828157227,37.504206724109,127.02441570308932,,,,unpicked
dyn_pax_2402,3272.0,2026-09-07 09:54:32,521766175#3,company|restaurant|subway_entrance|bus_stop,,373.6701172395771,1298.610217621072,37.50319695740621,127.02490310718325,,,,unpicked
dyn_pax_2403,3272.0,2026-09-07 09:54:32,-379463134#2,restaurant,,527.5499142349145,1277.2476095039178,37.503033607059436,127.02664812966836,3392.0,120.0,taxi_respawn_34,picked
dyn_pax_2404,3274.0,2026-09-07 09:54:34,417933642#0,restaurant|bus_stop,,1041.0954363710525,463.30841921497654,37.49579826441859,127.03264736696761,,,,unpicked
dyn_pax_2405,3275.0,2026-09-07 09:54:35,506191135#3,residential|company|restaurant|bus_stop,,238.79972345576414,789.4714057742513,37.49858497042428,127.023499044737,,,,unpicked
dyn_pax_2406,3275.0,2026-09-07 09:54:35,-379463134#1,restaurant,,479.36604535588674,1259.6870258351425,37.50286630987452,127.02610747054479,3425.0,150.0,taxi_29,picked
dyn_pax_2407,3277.0,2026-09-07 09:54:37,541692164#1,subway_entrance,,271.6277521231475,1406.6420105391767,37.5041508337347,127.02372362926798,,,,unpicked
dyn_pax_2408,3280.0,2026-09-07 09:54:40,218873820#0,restaurant|subway_entrance|bus_stop,,628.9829311132032,562.4061665928522,37.49661325243901,127.02796447999128,,,,unpicked
dyn_pax_2409,3281.0,2026-09-07 09:54:41,375049565#6,restaurant|subway_entrance|bus_stop,,789.5153251748014,798.8522330112556,37.49877353199428,127.02972351946808,,,,unpicked
dyn_pax_2410,3281.0,2026-09-07 09:54:41,542367267#1,company|restaurant,,199.26981683313872,1381.121508122661,37.50390724154084,127.02291151664822,3309.0,28.0,taxi_6,picked
dyn_pax_2411,3282.0,2026-09-07 09:54:42,417731530,company|restaurant,,191.66975375905443,1429.5779711342507,37.5043423120142,127.02281406437154,3520.0,238.0,taxi_23,picked
dyn_pax_2412,3283.0,2026-09-07 09:54:43,523141074#0,company|restaurant|subway_entrance,,524.0338794858329,871.4890157117229,37.4993777454413,127.02670460634431,,,,unpicked
dyn_pax_2413,3283.0,2026-09-07 09:54:43,521766175#3,company|restaurant|subway_entrance|bus_stop,,373.6701172395771,1298.610217621072,37.50319695740621,127.02490310718325,,,,unpicked
dyn_pax_2414,3284.0,2026-09-07 09:54:44,305539406,company|restaurant|subway_entrance,,566.389495917364,736.5285064605782,37.49816998085155,127.02721550408178,,,,unpicked
dyn_pax_2415,3284.0,2026-09-07 09:54:44,521770116#2,company|restaurant|bus_stop,,432.3182248087171,1108.514093563608,37.50149560521279,127.02561136613096,,,,unpicked
dyn_pax_2416,3286.0,2026-09-07 09:54:46,494824662#3,company|restaurant|subway_entrance,,729.424850252167,406.6843378518681,37.49522941823122,127.02913698209235,,,,unpicked
dyn_pax_2417,3287.0,2026-09-07 09:54:47,218857636#1,residential|company|restaurant|bus_stop,,297.92905089287035,623.2061345250047,37.49709839153085,127.02420706961871,,,,unpicked
dyn_pax_2418,3288.0,2026-09-07 09:54:48,129731859#4,restaurant,,948.3176585840322,968.5888771831698,37.50033252074231,127.03147887955224,3357.0,69.0,taxi_5,picked
dyn_pax_2419,3291.0,2026-09-07 09:54:51,521766180#1,company|restaurant|bus_stop,,466.73410130235357,1169.2838037446552,37.502049542882666,127.02598608796039,,,,unpicked
dyn_pax_2420,3292.0,2026-09-07 09:54:52,975332778#1,bus_stop,,681.6099970732737,721.9380561808346,37.49806030190971,127.02852170075586,,,,unpicked
dyn_pax_2421,3294.0,2026-09-07 09:54:54,1376141183#0,bus_stop,,548.2528111146681,901.2117688498424,37.49965007283687,127.02697139402301,,,,unpicked
dyn_pax_2422,3295.0,2026-09-07 09:54:55,417933642#0,restaurant|bus_stop,,1041.0954363710525,463.30841921497654,37.49579826441859,127.03264736696761,,,,unpicked
dyn_pax_2423,3297.0,2026-09-07 09:54:57,521770119#1,restaurant|bus_stop,,527.3115514435282,995.8620162900467,37.50049875494786,127.02671217090477,,,,unpicked
dyn_pax_2424,3297.0,2026-09-07 09:54:57,542367267#1,company|restaurant,,199.26981683313872,1381.121508122661,37.50390724154084,127.02291151664822,3344.0,47.0,taxi_34,picked
dyn_pax_2425,3298.0,2026-09-07 09:54:58,218873820#0,restaurant|subway_entrance|bus_stop,,628.9829311132032,562.4061665928522,37.49661325243901,127.02796447999128,,,,unpicked
dyn_pax_2426,3298.0,2026-09-07 09:54:58,117790051#4,restaurant,,495.1920534812603,1378.4842065286966,37.50393946166789,127.02625823552458,,,,unpicked
dyn_pax_2427,3300.0,2026-09-07 09:55:00,375049565#6,restaurant|subway_entrance|bus_stop,,789.5153251748014,798.8522330112556,37.49877353199428,127.02972351946808,,,,unpicked
dyn_pax_2428,3301.0,2026-09-07 09:55:01,-541692164#2,subway_entrance,,317.7122087179151,1441.0296574375257,37.504469327730426,127.0242365566347,,,,unpicked
dyn_pax_2429,3301.0,2026-09-07 09:55:01,523141074#0,company|restaurant|subway_entrance,,524.0338794858329,871.4890157117229,37.4993777454413,127.02670460634431,,,,unpicked
dyn_pax_2430,3303.0,2026-09-07 09:55:03,506191135#3,residential|company|restaurant|bus_stop,,238.79972345576414,789.4714057742513,37.49858497042428,127.023499044737,,,,unpicked
dyn_pax_2431,3304.0,2026-09-07 09:55:04,1117538957#3,restaurant|subway_entrance|bus_stop,,465.5082521847807,644.8780924026132,37.49732530507706,127.02609663221197,,,,unpicked
dyn_pax_2432,3304.0,2026-09-07 09:55:04,-379232161#3,restaurant,,957.578372934647,431.27964063812743,37.495494003443426,127.03171068469486,,,,unpicked
dyn_pax_2433,3305.0,2026-09-07 09:55:05,504509918#0,residential|restaurant,,511.83203920742636,882.9034728009249,37.49947826486711,127.02656393710718,3372.0,67.0,taxi_respawn_27,picked
dyn_pax_2434,3306.0,2026-09-07 09:55:06,1376141182#0,bus_stop,,385.7154046370183,1301.0311255965628,37.50322104370192,127.02503873135461,,,,unpicked
dyn_pax_2435,3307.0,2026-09-07 09:55:07,1229817205#0,company|subway_entrance|bus_stop,,599.2457558679199,652.2907550986157,37.497417346160496,127.02760695963683,,,,unpicked
dyn_pax_2436,3309.0,2026-09-07 09:55:09,521770119#0,restaurant|bus_stop,,548.9831206778387,935.1148840516827,37.499955620541705,127.02697161236954,,,,unpicked
dyn_pax_2437,3310.0,2026-09-07 09:55:10,521770116#2,company|restaurant|bus_stop,,432.3182248087171,1108.514093563608,37.50149560521279,127.02561136613096,,,,unpicked
dyn_pax_2438,3312.0,2026-09-07 09:55:12,1376141183#0,bus_stop,,548.2528111146681,901.2117688498424,37.49965007283687,127.02697139402301,,,,unpicked
dyn_pax_2439,3313.0,2026-09-07 09:55:13,521766175#3,company|restaurant|subway_entrance|bus_stop,,373.6701172395771,1298.610217621072,37.50319695740621,127.02490310718325,,,,unpicked
dyn_pax_2440,3315.0,2026-09-07 09:55:15,480850873,company|restaurant|bus_stop,,548.1935052770749,708.5896639848544,37.49791486187585,127.0270163956136,,,,unpicked
dyn_pax_2441,3317.0,2026-09-07 09:55:17,1376141183#0,bus_stop,,548.2528111146681,901.2117688498424,37.49965007283687,127.02697139402301,,,,unpicked
dyn_pax_2442,3318.0,2026-09-07 09:55:18,520307304#0,school|subway_entrance|bus_stop,,602.6035134310263,763.145495629718,37.498416594724866,127.02761864854104,,,,unpicked
dyn_pax_2443,3320.0,2026-09-07 09:55:20,-504509918#2,company|restaurant|bus_stop,,398.9694242295193,827.4758220967593,37.49895762305832,127.02530099003066,,,,unpicked
dyn_pax_2444,3321.0,2026-09-07 09:55:21,-506191135#22,residential|company|restaurant|bus_stop,,38.693950105848444,1321.9513167019495,37.50334380565249,127.02110990869835,,,,unpicked
dyn_pax_2445,3323.0,2026-09-07 09:55:23,218864491#0,restaurant|bus_stop,,769.9803916976219,760.1217113917903,37.49842094941813,127.02951181742357,,,,unpicked
dyn_pax_2446,3324.0,2026-09-07 09:55:24,521766175#1,company|restaurant|subway_entrance,,332.9365590021661,1411.5585828157227,37.504206724109,127.02441570308932,,,,unpicked
dyn_pax_2447,3325.0,2026-09-07 09:55:25,-417750337#4,restaurant,,542.6552277079157,1139.0745154802132,37.5017917560025,127.02685169754334,,,,unpicked
dyn_pax_2448,3326.0,2026-09-07 09:55:26,-506191135#22,residential|company|restaurant|bus_stop,,38.693950105848444,1321.9513167019495,37.50334380565249,127.02110990869835,,,,unpicked
dyn_pax_2449,3327.0,2026-09-07 09:55:27,375049565#6,restaurant|subway_entrance|bus_stop,,789.5153251748014,798.8522330112556,37.49877353199428,127.02972351946808,,,,unpicked
dyn_pax_2450,3329.0,2026-09-07 09:55:29,218873820#0,restaurant|subway_entrance|bus_stop,,628.9829311132032,562.4061665928522,37.49661325243901,127.02796447999128,,,,unpicked
dyn_pax_2451,3329.0,2026-09-07 09:55:29,129731721#0,company|restaurant,,451.4485582282947,673.334514427724,37.497578992002325,127.0259309178301,,,,unpicked
dyn_pax_2452,3330.0,2026-09-07 09:55:30,541692164#1,subway_entrance,,271.6277521231475,1406.6420105391767,37.5041508337347,127.02372362926798,,,,unpicked
dyn_pax_2453,3330.0,2026-09-07 09:55:30,-379463124,restaurant,,592.9390816363945,1268.4136255899298,37.5029663815994,127.02738959394404,,,,unpicked
dyn_pax_2454,3332.0,2026-09-07 09:55:32,523141074#0,company|restaurant|subway_entrance,,524.0338794858329,871.4890157117229,37.4993777454413,127.02670460634431,,,,unpicked
dyn_pax_2455,3332.0,2026-09-07 09:55:32,504227065,company,,441.32681628575455,666.8408278135128,37.497518581743364,127.0258180180219,,,,unpicked
dyn_pax_2456,3333.0,2026-09-07 09:55:33,1376141182#0,bus_stop,,385.7154046370183,1301.0311255965628,37.50322104370192,127.02503873135461,,,,unpicked
dyn_pax_2457,3335.0,2026-09-07 09:55:35,521770119#1,restaurant|bus_stop,,527.3115514435282,995.8620162900467,37.50049875494786,127.02671217090477,,,,unpicked
dyn_pax_2458,3336.0,2026-09-07 09:55:36,-506191135#2,residential|bus_stop,,236.19733776439384,769.6838415951818,37.49840622577806,127.02347432089968,,,,unpicked
dyn_pax_2459,3338.0,2026-09-07 09:55:38,521766180#1,company|restaurant|bus_stop,,466.73410130235357,1169.2838037446552,37.502049542882666,127.02598608796039,,,,unpicked
dyn_pax_2460,3340.0,2026-09-07 09:55:40,-506191135#22,residential|company|restaurant|bus_stop,,38.693950105848444,1321.9513167019495,37.50334380565249,127.02110990869835,,,,unpicked
dyn_pax_2461,3341.0,2026-09-07 09:55:41,523141074#0,company|restaurant|subway_entrance,,524.0338794858329,871.4890157117229,37.4993777454413,127.02670460634431,,,,unpicked
dyn_pax_2462,3343.0,2026-09-07 09:55:43,375049565#6,restaurant|subway_entrance|bus_stop,,789.5153251748014,798.8522330112556,37.49877353199428,127.02972351946808,,,,unpicked
dyn_pax_2463,3344.0,2026-09-07 09:55:44,1117538958#3,bus_stop,,160.18899290588462,540.6019911995099,37.49632820280781,127.02266936696756,,,,unpicked
dyn_pax_2464,3346.0,2026-09-07 09:55:46,-417933645#2,company|restaurant|subway_entrance,,701.1658676593129,719.5455833044954,37.49804244093877,127.02874337560036,,,,unpicked
dyn_pax_2465,3347.0,2026-09-07 09:55:47,218873820#0,restaurant|subway_entrance|bus_stop,,628.9829311132032,562.4061665928522,37.49661325243901,127.02796447999128,,,,unpicked
dyn_pax_2466,3349.0,2026-09-07 09:55:49,521770116#2,company|restaurant|bus_stop,,432.3182248087171,1108.514093563608,37.50149560521279,127.02561136613096,,,,unpicked
dyn_pax_2467,3350.0,2026-09-07 09:55:50,1376141183#0,bus_stop,,548.2528111146681,901.2117688498424,37.49965007283687,127.02697139402301,,,,unpicked
dyn_pax_2468,3352.0,2026-09-07 09:55:52,1376141182#0,bus_stop,,385.7154046370183,1301.0311255965628,37.50322104370192,127.02503873135461,,,,unpicked
dyn_pax_2469,3353.0,2026-09-07 09:55:53,-541692164#2,subway_entrance,,317.7122087179151,1441.0296574375257,37.504469327730426,127.0242365566347,,,,unpicked
dyn_pax_2470,3355.0,2026-09-07 09:55:55,-541692164#2,subway_entrance,,317.7122087179151,1441.0296574375257,37.504469327730426,127.0242365566347,,,,unpicked
dyn_pax_2471,3356.0,2026-09-07 09:55:56,375049565#6,restaurant|subway_entrance|bus_stop,,789.5153251748014,798.8522330112556,37.49877353199428,127.02972351946808,,,,unpicked
dyn_pax_2472,3356.0,2026-09-07 09:55:56,309155295#1,restaurant,,764.2225196982893,558.1760304781078,37.4966006705371,127.0294945363528,,,,unpicked
dyn_pax_2473,3358.0,2026-09-07 09:55:58,1229817205#0,company|subway_entrance|bus_stop,,599.2457558679199,652.2907550986157,37.497417346160496,127.02760695963683,,,,unpicked
dyn_pax_2474,3359.0,2026-09-07 09:55:59,494824662#3,company|restaurant|subway_entrance,,729.424850252167,406.6843378518681,37.49522941823122,127.02913698209235,,,,unpicked
dyn_pax_2475,3361.0,2026-09-07 09:56:01,521766180#1,company|restaurant|bus_stop,,466.73410130235357,1169.2838037446552,37.502049542882666,127.02598608796039,,,,unpicked
dyn_pax_2476,3362.0,2026-09-07 09:56:02,178441450#1,residential|company|restaurant|bus_stop,,282.90243066757296,609.4157395563556,37.496971320837204,127.02404044855805,,,,unpicked
dyn_pax_2477,3363.0,2026-09-07 09:56:03,1229817205#1,residential|bus_stop,,631.6400080768872,572.7061575261558,37.49670653972221,127.02799208080955,,,,unpicked
dyn_pax_2478,3364.0,2026-09-07 09:56:04,521766175#3,company|restaurant|subway_entrance|bus_stop,,373.6701172395771,1298.610217621072,37.50319695740621,127.02490310718325,,,,unpicked
dyn_pax_2479,3365.0,2026-09-07 09:56:05,-417750337#6,restaurant,,503.6615133291097,1089.1021319971503,37.50133422142063,127.0264226479345,,,,unpicked
dyn_pax_2480,3366.0,2026-09-07 09:56:06,-417933645#2,company|restaurant|subway_entrance,,701.1658676593129,719.5455833044954,37.49804244093877,127.02874337560036,,,,unpicked
dyn_pax_2481,3367.0,2026-09-07 09:56:07,1117538957#3,restaurant|subway_entrance|bus_stop,,465.5082521847807,644.8780924026132,37.49732530507706,127.02609663221197,,,,unpicked
dyn_pax_2482,3369.0,2026-09-07 09:56:09,541692164#1,subway_entrance,,271.6277521231475,1406.6420105391767,37.5041508337347,127.02372362926798,,,,unpicked
dyn_pax_2483,3370.0,2026-09-07 09:56:10,375049565#6,restaurant|subway_entrance|bus_stop,,789.5153251748014,798.8522330112556,37.49877353199428,127.02972351946808,,,,unpicked
dyn_pax_2484,3372.0,2026-09-07 09:56:12,975332778#1,bus_stop,,681.6099970732737,721.9380561808346,37.49806030190971,127.02852170075586,,,,unpicked
dyn_pax_2485,3373.0,2026-09-07 09:56:13,523141074#0,company|restaurant|subway_entrance,,524.0338794858329,871.4890157117229,37.4993777454413,127.02670460634431,,,,unpicked
dyn_pax_2486,3375.0,2026-09-07 09:56:15,1229817205#0,company|subway_entrance|bus_stop,,599.2457558679199,652.2907550986157,37.497417346160496,127.02760695963683,,,,unpicked
dyn_pax_2487,3376.0,2026-09-07 09:56:16,506191135#3,residential|company|restaurant|bus_stop,,238.79972345576414,789.4714057742513,37.49858497042428,127.023499044737,,,,unpicked
dyn_pax_2488,3378.0,2026-09-07 09:56:18,521766182#1,company|restaurant|subway_entrance,,681.695169875507,539.6867345716422,37.496418539503196,127.02856584056028,,,,unpicked
dyn_pax_2489,3379.0,2026-09-07 09:56:19,178441450#1,residential|company|restaurant|bus_stop,,282.90243066757296,609.4157395563556,37.496971320837204,127.02404044855805,,,,unpicked
dyn_pax_2490,3381.0,2026-09-07 09:56:21,521770119#1,restaurant|bus_stop,,527.3115514435282,995.8620162900467,37.50049875494786,127.02671217090477,,,,unpicked
dyn_pax_2491,3382.0,2026-09-07 09:56:22,541692164#1,subway_entrance,,271.6277521231475,1406.6420105391767,37.5041508337347,127.02372362926798,,,,unpicked
dyn_pax_2492,3384.0,2026-09-07 09:56:24,417933642#0,restaurant|bus_stop,,1041.0954363710525,463.30841921497654,37.49579826441859,127.03264736696761,,,,unpicked
dyn_pax_2493,3385.0,2026-09-07 09:56:25,520307304#0,school|subway_entrance|bus_stop,,602.6035134310263,763.145495629718,37.498416594724866,127.02761864854104,,,,unpicked
dyn_pax_2494,3387.0,2026-09-07 09:56:27,520307304#0,school|subway_entrance|bus_stop,,602.6035134310263,763.145495629718,37.498416594724866,127.02761864854104,,,,unpicked
dyn_pax_2495,3388.0,2026-09-07 09:56:28,-129731834#1,residential,,78.2122165689223,720.9585140244731,37.49793738265588,127.02169964763026,,,,unpicked
dyn_pax_2496,3388.0,2026-09-07 09:56:28,-417750337#1,restaurant,,620.0756768942672,1248.4347545200121,37.5027915312318,127.02770116938098,,,,unpicked
dyn_pax_2497,3389.0,2026-09-07 09:56:29,218864491#0,restaurant|bus_stop,,769.9803916976219,760.1217113917903,37.49842094941813,127.02951181742357,,,,unpicked
dyn_pax_2498,3390.0,2026-09-07 09:56:30,-417933645#2,company|restaurant|subway_entrance,,701.1658676593129,719.5455833044954,37.49804244093877,127.02874337560036,,,,unpicked
dyn_pax_2499,3391.0,2026-09-07 09:56:31,-417933645#2,company|restaurant|subway_entrance,,701.1658676593129,719.5455833044954,37.49804244093877,127.02874337560036,,,,unpicked
dyn_pax_2500,3392.0,2026-09-07 09:56:32,1229817205#0,company|subway_entrance|bus_stop,,599.2457558679199,652.2907550986157,37.497417346160496,127.02760695963683,,,,unpicked
dyn_pax_2501,3392.0,2026-09-07 09:56:32,494824662#3,company|restaurant|subway_entrance,,729.424850252167,406.6843378518681,37.49522941823122,127.02913698209235,,,,unpicked
dyn_pax_2502,3393.0,2026-09-07 09:56:33,1117538957#3,restaurant|subway_entrance|bus_stop,,465.5082521847807,644.8780924026132,37.49732530507706,127.02609663221197,,,,unpicked
dyn_pax_2503,3393.0,2026-09-07 09:56:33,-117790045#1,restaurant,,534.0975884889299,1266.9858058167179,37.502942402865294,127.02672459950128,3577.0,184.0,taxi_24,picked
dyn_pax_2504,3394.0,2026-09-07 09:56:34,-506191135#2,residential|bus_stop,,236.19733776439384,769.6838415951818,37.49840622577806,127.02347432089968,,,,unpicked
dyn_pax_2505,3395.0,2026-09-07 09:56:35,521766175#3,company|restaurant|subway_entrance|bus_stop,,373.6701172395771,1298.610217621072,37.50319695740621,127.02490310718325,,,,unpicked
dyn_pax_2506,3396.0,2026-09-07 09:56:36,1229817205#1,residential|bus_stop,,631.6400080768872,572.7061575261558,37.49670653972221,127.02799208080955,,,,unpicked
dyn_pax_2507,3396.0,2026-09-07 09:56:36,1229817205#0,company|subway_entrance|bus_stop,,599.2457558679199,652.2907550986157,37.497417346160496,127.02760695963683,,,,unpicked
dyn_pax_2508,3398.0,2026-09-07 09:56:38,523141074#0,company|restaurant|subway_entrance,,524.0338794858329,871.4890157117229,37.4993777454413,127.02670460634431,,,,unpicked
dyn_pax_2509,3399.0,2026-09-07 09:56:39,521770119#0,restaurant|bus_stop,,548.9831206778387,935.1148840516827,37.499955620541705,127.02697161236954,,,,unpicked
dyn_pax_2510,3400.0,2026-09-07 09:56:40,-417933645#1,restaurant,,753.9829961438405,551.6859834676363,37.49654027420169,127.02938030242663,3457.0,57.0,taxi_2,picked
dyn_pax_2511,3401.0,2026-09-07 09:56:41,-417933645#2,company|restaurant|subway_entrance,,701.1658676593129,719.5455833044954,37.49804244093877,127.02874337560036,,,,unpicked
dyn_pax_2512,3401.0,2026-09-07 09:56:41,117790051#4,restaurant,,495.1920534812603,1378.4842065286966,37.50393946166789,127.02625823552458,,,,unpicked
dyn_pax_2513,3402.0,2026-09-07 09:56:42,521770119#0,restaurant|bus_stop,,548.9831206778387,935.1148840516827,37.499955620541705,127.02697161236954,,,,unpicked
dyn_pax_2514,3403.0,2026-09-07 09:56:43,-417933646#1,residential|restaurant,,826.6019869456061,577.8075382253838,37.49678928421788,127.03019516859905,,,,unpicked
dyn_pax_2515,3404.0,2026-09-07 09:56:44,218857636#1,residential|company|restaurant|bus_stop,,297.92905089287035,623.2061345250047,37.49709839153085,127.02420706961871,,,,unpicked
dyn_pax_2516,3405.0,2026-09-07 09:56:45,-504509918#2,company|restaurant|bus_stop,,398.9694242295193,827.4758220967593,37.49895762305832,127.02530099003066,,,,unpicked
dyn_pax_2517,3405.0,2026-09-07 09:56:45,557469234,restaurant,,982.7249512156621,987.801549540822,37.50051207965727,127.03186337298402,,,,unpicked
dyn_pax_2518,3407.0,2026-09-07 09:56:47,521766182#1,company|restaurant|subway_entrance,,681.695169875507,539.6867345716422,37.496418539503196,127.02856584056028,,,,unpicked
dyn_pax_2519,3408.0,2026-09-07 09:56:48,-542367267#1,bus_stop,,247.51018316686128,1414.7184918773391,37.504219024473855,127.02344900430944,3501.0,93.0,taxi_0,picked
dyn_pax_2520,3410.0,2026-09-07 09:56:50,1229817205#0,company|subway_entrance|bus_stop,,599.2457558679199,652.2907550986157,37.497417346160496,127.02760695963683,,,,unpicked
dyn_pax_2521,3411.0,2026-09-07 09:56:51,239962780#1,company|restaurant,,78.091042197054,1418.7355011637856,37.504223128704645,127.02153236485597,3537.0,126.0,taxi_respawn_11,picked
dyn_pax_2522,3412.0,2026-09-07 09:56:52,480850873,company|restaurant|bus_stop,,548.1935052770749,708.5896639848544,37.49791486187585,127.0270163956136,,,,unpicked
dyn_pax_2523,3413.0,2026-09-07 09:56:53,1376141183#0,bus_stop,,548.2528111146681,901.2117688498424,37.49965007283687,127.02697139402301,,,,unpicked
dyn_pax_2524,3413.0,2026-09-07 09:56:53,-913950883#1,residential|company|restaurant,,391.36286393582424,840.6655979518604,37.49907500229157,127.0252118555046,,,,unpicked
dyn_pax_2525,3415.0,2026-09-07 09:56:55,1376141183#0,bus_stop,,548.2528111146681,901.2117688498424,37.49965007283687,127.02697139402301,,,,unpicked
dyn_pax_2526,3416.0,2026-09-07 09:56:56,218857636#1,residential|company|restaurant|bus_stop,,297.92905089287035,623.2061345250047,37.49709839153085,127.02420706961871,,,,unpicked
dyn_pax_2527,3418.0,2026-09-07 09:56:58,-506191135#22,residential|company|restaurant|bus_stop,,38.693950105848444,1321.9513167019495,37.50334380565249,127.02110990869835,,,,unpicked
dyn_pax_2528,3419.0,2026-09-07 09:56:59,521766175#3,company|restaurant|subway_entrance|bus_stop,,373.6701172395771,1298.610217621072,37.50319695740621,127.02490310718325,,,,unpicked
dyn_pax_2529,3421.0,2026-09-07 09:57:01,-542367267#1,bus_stop,,247.51018316686128,1414.7184918773391,37.504219024473855,127.02344900430944,,,,unpicked
dyn_pax_2530,3422.0,2026-09-07 09:57:02,375049565#6,restaurant|subway_entrance|bus_stop,,789.5153251748014,798.8522330112556,37.49877353199428,127.02972351946808,,,,unpicked
dyn_pax_2531,3423.0,2026-09-07 09:57:03,506191135#3,residential|company|restaurant|bus_stop,,238.79972345576414,789.4714057742513,37.49858497042428,127.023499044737,,,,unpicked
dyn_pax_2532,3424.0,2026-09-07 09:57:04,520307304#0,school|subway_entrance|bus_stop,,602.6035134310263,763.145495629718,37.498416594724866,127.02761864854104,,,,unpicked
dyn_pax_2533,3424.0,2026-09-07 09:57:04,-309155295#4,residential|restaurant,,966.4689567179357,639.4784987131154,37.49737120494098,127.0317619612052,3600.0,176.0,taxi_11,picked
dyn_pax_2534,3425.0,2026-09-07 09:57:05,494824662#3,company|restaurant|subway_entrance,,729.424850252167,406.6843378518681,37.49522941823122,127.02913698209235,,,,unpicked
dyn_pax_2535,3427.0,2026-09-07 09:57:07,218877837#2,company|restaurant|bus_stop,,479.4555212141038,978.0213907550284,37.500328997763305,127.02617530290202,,,,unpicked
dyn_pax_2536,3427.0,2026-09-07 09:57:07,1117538958#2,company,,104.12900552775619,520.131995808405,37.496133188537314,127.02204040818502,3450.0,23.0,taxi_respawn_29,picked
dyn_pax_2537,3428.0,2026-09-07 09:57:08,1117538957#3,restaurant|subway_entrance|bus_stop,,465.5082521847807,644.8780924026132,37.49732530507706,127.02609663221197,,,,unpicked
dyn_pax_2538,3428.0,2026-09-07 09:57:08,218873820#0,restaurant|subway_entrance|bus_stop,,628.9829311132032,562.4061665928522,37.49661325243901,127.02796447999128,,,,unpicked
dyn_pax_2539,3429.0,2026-09-07 09:57:09,417933645#0,residential|restaurant,,823.1026288816429,385.61625104994533,37.49505730126708,127.03020109557775,,,,unpicked
dyn_pax_2540,3430.0,2026-09-07 09:57:10,521766180#1,company|restaurant|bus_stop,,466.73410130235357,1169.2838037446552,37.502049542882666,127.02598608796039,,,,unpicked
dyn_pax_2541,3431.0,2026-09-07 09:57:11,1117538957#3,restaurant|subway_entrance|bus_stop,,465.5082521847807,644.8780924026132,37.49732530507706,127.02609663221197,,,,unpicked
dyn_pax_2542,3431.0,2026-09-07 09:57:11,-379463130#1,restaurant,,595.1104652489141,1131.7345077296688,37.50173554422087,127.02744655088388,,,,unpicked
dyn_pax_2543,3433.0,2026-09-07 09:57:13,506191135#3,residential|company|restaurant|bus_stop,,238.79972345576414,789.4714057742513,37.49858497042428,127.023499044737,,,,unpicked
dyn_pax_2544,3435.0,2026-09-07 09:57:15,520307304#0,school|subway_entrance|bus_stop,,602.6035134310263,763.145495629718,37.498416594724866,127.02761864854104,,,,unpicked
dyn_pax_2545,3436.0,2026-09-07 09:57:16,218873820#0,restaurant|subway_entrance|bus_stop,,628.9829311132032,562.4061665928522,37.49661325243901,127.02796447999128,,,,unpicked
dyn_pax_2546,3436.0,2026-09-07 09:57:16,-1056882877#5,company|restaurant,,302.41102899925136,583.0415396467946,37.496737424712585,127.0242672800979,,,,unpicked
dyn_pax_2547,3437.0,2026-09-07 09:57:17,-1011529829#3,residential|restaurant,,246.84006179949273,776.1178104815556,37.49846619888778,127.02359312469504,,,,unpicked
dyn_pax_2548,3438.0,2026-09-07 09:57:18,375049565#6,restaurant|subway_entrance|bus_stop,,789.5153251748014,798.8522330112556,37.49877353199428,127.02972351946808,,,,unpicked
dyn_pax_2549,3438.0,2026-09-07 09:57:18,521766175#1,company|restaurant|subway_entrance,,332.9365590021661,1411.5585828157227,37.504206724109,127.02441570308932,,,,unpicked
dyn_pax_2550,3438.0,2026-09-07 09:57:18,375049565#6,restaurant|subway_entrance|bus_stop,,789.5153251748014,798.8522330112556,37.49877353199428,127.02972351946808,,,,unpicked
dyn_pax_2551,3439.0,2026-09-07 09:57:19,417933642#0,restaurant|bus_stop,,1041.0954363710525,463.30841921497654,37.49579826441859,127.03264736696761,,,,unpicked
dyn_pax_2552,3439.0,2026-09-07 09:57:19,-805827765,restaurant,,955.7439147780814,1157.0835718820576,37.50203194319751,127.03151825266303,,,,unpicked
dyn_pax_2553,3440.0,2026-09-07 09:57:20,521770119#0,restaurant|bus_stop,,548.9831206778387,935.1148840516827,37.499955620541705,127.02697161236954,,,,unpicked
dyn_pax_2554,3441.0,2026-09-07 09:57:21,-541692164#2,subway_entrance,,317.7122087179151,1441.0296574375257,37.504469327730426,127.0242365566347,,,,unpicked
dyn_pax_2555,3441.0,2026-09-07 09:57:21,218873820#0,restaurant|subway_entrance|bus_stop,,628.9829311132032,562.4061665928522,37.49661325243901,127.02796447999128,,,,unpicked
dyn_pax_2556,3442.0,2026-09-07 09:57:22,178441450#1,residential|company|restaurant|bus_stop,,282.90243066757296,609.4157395563556,37.496971320837204,127.02404044855805,,,,unpicked
dyn_pax_2557,3444.0,2026-09-07 09:57:24,-542367267#1,bus_stop,,247.51018316686128,1414.7184918773391,37.504219024473855,127.02344900430944,,,,unpicked
dyn_pax_2558,3445.0,2026-09-07 09:57:25,521770119#1,restaurant|bus_stop,,527.3115514435282,995.8620162900467,37.50049875494786,127.02671217090477,,,,unpicked
dyn_pax_2559,3447.0,2026-09-07 09:57:27,218864491#0,restaurant|bus_stop,,769.9803916976219,760.1217113917903,37.49842094941813,127.02951181742357,,,,unpicked
dyn_pax_2560,3448.0,2026-09-07 09:57:28,-417933645#2,company|restaurant|subway_entrance,,701.1658676593129,719.5455833044954,37.49804244093877,127.02874337560036,,,,unpicked
dyn_pax_2561,3450.0,2026-09-07 09:57:30,480850873,company|restaurant|bus_stop,,548.1935052770749,708.5896639848544,37.49791486187585,127.0270163956136,,,,unpicked
dyn_pax_2562,3451.0,2026-09-07 09:57:31,521766175#3,company|restaurant|subway_entrance|bus_stop,,373.6701172395771,1298.610217621072,37.50319695740621,127.02490310718325,,,,unpicked
dyn_pax_2563,3451.0,2026-09-07 09:57:31,541692164#1,subway_entrance,,271.6277521231475,1406.6420105391767,37.5041508337347,127.02372362926798,,,,unpicked
dyn_pax_2564,3453.0,2026-09-07 09:57:33,417933642#0,restaurant|bus_stop,,1041.0954363710525,463.30841921497654,37.49579826441859,127.03264736696761,,,,unpicked
dyn_pax_2565,3454.0,2026-09-07 09:57:34,494824662#3,company|restaurant|subway_entrance,,729.424850252167,406.6843378518681,37.49522941823122,127.02913698209235,,,,unpicked
dyn_pax_2566,3456.0,2026-09-07 09:57:36,305539406,company|restaurant|subway_entrance,,566.389495917364,736.5285064605782,37.49816998085155,127.02721550408178,,,,unpicked
dyn_pax_2567,3456.0,2026-09-07 09:57:36,-309155295#0,restaurant,,747.4684617800942,561.8059110120743,37.49663020867341,127.0293042509181,,,,unpicked
dyn_pax_2568,3457.0,2026-09-07 09:57:37,-506191135#22,residential|company|restaurant|bus_stop,,38.693950105848444,1321.9513167019495,37.50334380565249,127.02110990869835,,,,unpicked
dyn_pax_2569,3459.0,2026-09-07 09:57:39,375049565#6,restaurant|subway_entrance|bus_stop,,789.5153251748014,798.8522330112556,37.49877353199428,127.02972351946808,,,,unpicked
dyn_pax_2570,3461.0,2026-09-07 09:57:41,218864491#0,restaurant|bus_stop,,769.9803916976219,760.1217113917903,37.49842094941813,127.02951181742357,,,,unpicked
dyn_pax_2571,3462.0,2026-09-07 09:57:42,521766175#1,company|restaurant|subway_entrance,,332.9365590021661,1411.5585828157227,37.504206724109,127.02441570308932,,,,unpicked
dyn_pax_2572,3462.0,2026-09-07 09:57:42,-417933645#2,company|restaurant|subway_entrance,,701.1658676593129,719.5455833044954,37.49804244093877,127.02874337560036,,,,unpicked
dyn_pax_2573,3463.0,2026-09-07 09:57:43,309155295#0,company|restaurant,,688.2712938579457,529.5739965525526,37.49632868191341,127.02864258735015,,,,unpicked
dyn_pax_2574,3464.0,2026-09-07 09:57:44,178441450#1,residential|company|restaurant|bus_stop,,282.90243066757296,609.4157395563556,37.496971320837204,127.02404044855805,,,,unpicked
dyn_pax_2575,3464.0,2026-09-07 09:57:44,542367267#1,company|restaurant,,199.26981683313872,1381.121508122661,37.50390724154084,127.02291151664822,3478.0,14.0,taxi_respawn_32,picked
dyn_pax_2576,3465.0,2026-09-07 09:57:45,521766180#1,company|restaurant|bus_stop,,466.73410130235357,1169.2838037446552,37.502049542882666,127.02598608796039,,,,unpicked
dyn_pax_2577,3467.0,2026-09-07 09:57:47,480850873,company|restaurant|bus_stop,,548.1935052770749,708.5896639848544,37.49791486187585,127.0270163956136,,,,unpicked
dyn_pax_2578,3468.0,2026-09-07 09:57:48,523141074#0,company|restaurant|subway_entrance,,524.0338794858329,871.4890157117229,37.4993777454413,127.02670460634431,,,,unpicked
dyn_pax_2579,3468.0,2026-09-07 09:57:48,417933646#2,residential|restaurant,,830.3119525357222,594.5819430897021,37.496941093289735,127.0302331440542,,,,unpicked
dyn_pax_2580,3469.0,2026-09-07 09:57:49,521766175#3,company|restaurant|subway_entrance|bus_stop,,373.6701172395771,1298.610217621072,37.50319695740621,127.02490310718325,,,,unpicked
dyn_pax_2581,3470.0,2026-09-07 09:57:50,521770119#1,restaurant|bus_stop,,527.3115514435282,995.8620162900467,37.50049875494786,127.02671217090477,,,,unpicked
dyn_pax_2582,3471.0,2026-09-07 09:57:51,1229817205#1,residential|bus_stop,,631.6400080768872,572.7061575261558,37.49670653972221,127.02799208080955,,,,unpicked
dyn_pax_2583,3473.0,2026-09-07 09:57:53,178441450#1,residential|company|restaurant|bus_stop,,282.90243066757296,609.4157395563556,37.496971320837204,127.02404044855805,,,,unpicked
dyn_pax_2584,3474.0,2026-09-07 09:57:54,1117538958#3,bus_stop,,160.18899290588462,540.6019911995099,37.49632820280781,127.02266936696756,,,,unpicked
dyn_pax_2585,3474.0,2026-09-07 09:57:54,218873820#0,restaurant|subway_entrance|bus_stop,,628.9829311132032,562.4061665928522,37.49661325243901,127.02796447999128,,,,unpicked
dyn_pax_2586,3475.0,2026-09-07 09:57:55,219837933#0,residential|company,,49.0199205680682,1328.1480294371383,37.503401583976704,127.02122519296726,3563.0,88.0,taxi_14,picked
dyn_pax_2587,3476.0,2026-09-07 09:57:56,541692164#1,subway_entrance,,271.6277521231475,1406.6420105391767,37.5041508337347,127.02372362926798,,,,unpicked
dyn_pax_2588,3477.0,2026-09-07 09:57:57,-506191135#2,residential|bus_stop,,236.19733776439384,769.6838415951818,37.49840622577806,127.02347432089968,,,,unpicked
dyn_pax_2589,3479.0,2026-09-07 09:57:59,975332778#1,bus_stop,,681.6099970732737,721.9380561808346,37.49806030190971,127.02852170075586,,,,unpicked
dyn_pax_2590,3480.0,2026-09-07 09:58:00,417933642#0,restaurant|bus_stop,,1041.0954363710525,463.30841921497654,37.49579826441859,127.03264736696761,,,,unpicked
dyn_pax_2591,3482.0,2026-09-07 09:58:02,521770116#2,company|restaurant|bus_stop,,432.3182248087171,1108.514093563608,37.50149560521279,127.02561136613096,,,,unpicked
dyn_pax_2592,3482.0,2026-09-07 09:58:02,1117538957#0,company|restaurant,,312.91680439510856,589.5311930299885,37.49679787270139,127.0243845203811,,,,unpicked
dyn_pax_2593,3484.0,2026-09-07 09:58:04,178441450#1,residential|company|restaurant|bus_stop,,282.90243066757296,609.4157395563556,37.496971320837204,127.02404044855805,,,,unpicked
dyn_pax_2594,3485.0,2026-09-07 09:58:05,-506191135#2,residential|bus_stop,,236.19733776439384,769.6838415951818,37.49840622577806,127.02347432089968,,,,unpicked
dyn_pax_2595,3486.0,2026-09-07 09:58:06,504509918#0,residential|restaurant,,511.83203920742636,882.9034728009249,37.49947826486711,127.02656393710718,,,,unpicked
dyn_pax_2596,3486.0,2026-09-07 09:58:06,218873820#0,restaurant|subway_entrance|bus_stop,,628.9829311132032,562.4061665928522,37.49661325243901,127.02796447999128,,,,unpicked
dyn_pax_2597,3487.0,2026-09-07 09:58:07,218857636#1,residential|company|restaurant|bus_stop,,297.92905089287035,623.2061345250047,37.49709839153085,127.02420706961871,,,,unpicked
dyn_pax_2598,3487.0,2026-09-07 09:58:07,117790039#3,restaurant,,1021.8645860465238,1004.4924062015546,37.500669811640854,127.03230197280303,,,,unpicked
dyn_pax_2599,3488.0,2026-09-07 09:58:08,305539406,company|restaurant|subway_entrance,,566.389495917364,736.5285064605782,37.49816998085155,127.02721550408178,,,,unpicked
dyn_pax_2600,3488.0,2026-09-07 09:58:08,-379232161#3,restaurant,,957.578372934647,431.27964063812743,37.495494003443426,127.03171068469486,,,,unpicked
dyn_pax_2601,3490.0,2026-09-07 09:58:10,-506191135#2,residential|bus_stop,,236.19733776439384,769.6838415951818,37.49840622577806,127.02347432089968,,,,unpicked
dyn_pax_2602,3491.0,2026-09-07 09:58:11,-541692164#2,subway_entrance,,317.7122087179151,1441.0296574375257,37.504469327730426,127.0242365566347,,,,unpicked
dyn_pax_2603,3493.0,2026-09-07 09:58:13,521766182#1,company|restaurant|subway_entrance,,681.695169875507,539.6867345716422,37.496418539503196,127.02856584056028,,,,unpicked
dyn_pax_2604,3494.0,2026-09-07 09:58:14,494824662#3,company|restaurant|subway_entrance,,729.424850252167,406.6843378518681,37.49522941823122,127.02913698209235,,,,unpicked
dyn_pax_2605,3496.0,2026-09-07 09:58:16,-504509918#2,company|restaurant|bus_stop,,398.9694242295193,827.4758220967593,37.49895762305832,127.02530099003066,,,,unpicked
dyn_pax_2606,3497.0,2026-09-07 09:58:17,1117538958#3,bus_stop,,160.18899290588462,540.6019911995099,37.49632820280781,127.02266936696756,,,,unpicked
dyn_pax_2607,3499.0,2026-09-07 09:58:19,375049565#6,restaurant|subway_entrance|bus_stop,,789.5153251748014,798.8522330112556,37.49877353199428,127.02972351946808,,,,unpicked
dyn_pax_2608,3499.0,2026-09-07 09:58:19,178441450#1,residential|company|restaurant|bus_stop,,282.90243066757296,609.4157395563556,37.496971320837204,127.02404044855805,,,,unpicked
dyn_pax_2609,3500.0,2026-09-07 09:58:20,521766175#1,company|restaurant|subway_entrance,,332.9365590021661,1411.5585828157227,37.504206724109,127.02441570308932,,,,unpicked
dyn_pax_2610,3503.0,2026-09-07 09:58:23,218873820#0,restaurant|subway_entrance|bus_stop,,628.9829311132032,562.4061665928522,37.49661325243901,127.02796447999128,,,,unpicked
dyn_pax_2611,3505.0,2026-09-07 09:58:25,521770119#1,restaurant|bus_stop,,527.3115514435282,995.8620162900467,37.50049875494786,127.02671217090477,,,,unpicked
dyn_pax_2612,3507.0,2026-09-07 09:58:27,1376141182#0,bus_stop,,385.7154046370183,1301.0311255965628,37.50322104370192,127.02503873135461,,,,unpicked
dyn_pax_2613,3507.0,2026-09-07 09:58:27,375049565#6,restaurant|subway_entrance|bus_stop,,789.5153251748014,798.8522330112556,37.49877353199428,127.02972351946808,,,,unpicked
dyn_pax_2614,3507.0,2026-09-07 09:58:27,-417750337#1,restaurant,,620.0756768942672,1248.4347545200121,37.5027915312318,127.02770116938098,,,,unpicked
dyn_pax_2615,3508.0,2026-09-07 09:58:28,-542367267#1,bus_stop,,247.51018316686128,1414.7184918773391,37.504219024473855,127.02344900430944,,,,unpicked
dyn_pax_2616,3510.0,2026-09-07 09:58:30,521770119#1,restaurant|bus_stop,,527.3115514435282,995.8620162900467,37.50049875494786,127.02671217090477,,,,unpicked
dyn_pax_2617,3510.0,2026-09-07 09:58:30,129733424#0,restaurant,,719.7944869540754,1033.9950883209078,37.500878618503414,127.0288795122034,,,,unpicked
dyn_pax_2618,3511.0,2026-09-07 09:58:31,375049565#6,restaurant|subway_entrance|bus_stop,,789.5153251748014,798.8522330112556,37.49877353199428,127.02972351946808,,,,unpicked
dyn_pax_2619,3513.0,2026-09-07 09:58:33,375049565#6,restaurant|subway_entrance|bus_stop,,789.5153251748014,798.8522330112556,37.49877353199428,127.02972351946808,,,,unpicked
dyn_pax_2620,3514.0,2026-09-07 09:58:34,218873820#0,restaurant|subway_entrance|bus_stop,,628.9829311132032,562.4061665928522,37.49661325243901,127.02796447999128,,,,unpicked
dyn_pax_2621,3516.0,2026-09-07 09:58:36,-506191135#2,residential|bus_stop,,236.19733776439384,769.6838415951818,37.49840622577806,127.02347432089968,,,,unpicked
dyn_pax_2622,3516.0,2026-09-07 09:58:36,-129731858#1,restaurant,,779.3164249772793,838.8541978668718,37.49913195860003,127.0295987323456,3536.0,20.0,taxi_respawn_38,picked
dyn_pax_2623,3517.0,2026-09-07 09:58:37,1229817205#0,company|subway_entrance|bus_stop,,599.2457558679199,652.2907550986157,37.497417346160496,127.02760695963683,,,,unpicked
dyn_pax_2624,3517.0,2026-09-07 09:58:37,417933645#0,residential|restaurant,,823.1026288816429,385.61625104994533,37.49505730126708,127.03020109557775,,,,unpicked
dyn_pax_2625,3519.0,2026-09-07 09:58:39,218877837#2,company|restaurant|bus_stop,,479.4555212141038,978.0213907550284,37.500328997763305,127.02617530290202,,,,unpicked
dyn_pax_2626,3520.0,2026-09-07 09:58:40,521766175#3,company|restaurant|subway_entrance|bus_stop,,373.6701172395771,1298.610217621072,37.50319695740621,127.02490310718325,,,,unpicked
dyn_pax_2627,3522.0,2026-09-07 09:58:42,1376141182#0,bus_stop,,385.7154046370183,1301.0311255965628,37.50322104370192,127.02503873135461,,,,unpicked
dyn_pax_2628,3523.0,2026-09-07 09:58:43,521766175#1,company|restaurant|subway_entrance,,332.9365590021661,1411.5585828157227,37.504206724109,127.02441570308932,,,,unpicked
dyn_pax_2629,3523.0,2026-09-07 09:58:43,-417933645#2,company|restaurant|subway_entrance,,701.1658676593129,719.5455833044954,37.49804244093877,127.02874337560036,,,,unpicked
dyn_pax_2630,3525.0,2026-09-07 09:58:45,1117538957#3,restaurant|subway_entrance|bus_stop,,465.5082521847807,644.8780924026132,37.49732530507706,127.02609663221197,,,,unpicked
dyn_pax_2631,3526.0,2026-09-07 09:58:46,218877837#2,company|restaurant|bus_stop,,479.4555212141038,978.0213907550284,37.500328997763305,127.02617530290202,,,,unpicked
dyn_pax_2632,3528.0,2026-09-07 09:58:48,218873820#0,restaurant|subway_entrance|bus_stop,,628.9829311132032,562.4061665928522,37.49661325243901,127.02796447999128,,,,unpicked
dyn_pax_2633,3529.0,2026-09-07 09:58:49,417933642#0,restaurant|bus_stop,,1041.0954363710525,463.30841921497654,37.49579826441859,127.03264736696761,,,,unpicked
dyn_pax_2634,3531.0,2026-09-07 09:58:51,975332778#1,bus_stop,,681.6099970732737,721.9380561808346,37.49806030190971,127.02852170075586,,,,unpicked
dyn_pax_2635,3533.0,2026-09-07 09:58:53,521766175#3,company|restaurant|subway_entrance|bus_stop,,373.6701172395771,1298.610217621072,37.50319695740621,127.02490310718325,,,,unpicked
dyn_pax_2636,3534.0,2026-09-07 09:58:54,417933642#0,restaurant|bus_stop,,1041.0954363710525,463.30841921497654,37.49579826441859,127.03264736696761,,,,unpicked
dyn_pax_2637,3535.0,2026-09-07 09:58:55,417731530,company|restaurant,,191.66975375905443,1429.5779711342507,37.5043423120142,127.02281406437154,,,,unpicked
dyn_pax_2638,3536.0,2026-09-07 09:58:56,1229817205#1,residential|bus_stop,,631.6400080768872,572.7061575261558,37.49670653972221,127.02799208080955,,,,unpicked
dyn_pax_2639,3537.0,2026-09-07 09:58:57,521766175#3,company|restaurant|subway_entrance|bus_stop,,373.6701172395771,1298.610217621072,37.50319695740621,127.02490310718325,,,,unpicked
dyn_pax_2640,3539.0,2026-09-07 09:58:59,506191135#3,residential|company|restaurant|bus_stop,,238.79972345576414,789.4714057742513,37.49858497042428,127.023499044737,,,,unpicked
dyn_pax_2641,3540.0,2026-09-07 09:59:00,521766175#3,company|restaurant|subway_entrance|bus_stop,,373.6701172395771,1298.610217621072,37.50319695740621,127.02490310718325,,,,unpicked
dyn_pax_2642,3541.0,2026-09-07 09:59:01,26163000#0,restaurant,,655.1679463942612,1215.3400880972458,37.50250003106797,127.02810580802628,,,,unpicked
dyn_pax_2643,3542.0,2026-09-07 09:59:02,480850873,company|restaurant|bus_stop,,548.1935052770749,708.5896639848544,37.49791486187585,127.0270163956136,,,,unpicked
dyn_pax_2644,3542.0,2026-09-07 09:59:02,521766175#1,company|restaurant|subway_entrance,,332.9365590021661,1411.5585828157227,37.504206724109,127.02441570308932,,,,unpicked
dyn_pax_2645,3543.0,2026-09-07 09:59:03,218873820#0,restaurant|subway_entrance|bus_stop,,628.9829311132032,562.4061665928522,37.49661325243901,127.02796447999128,,,,unpicked
dyn_pax_2646,3544.0,2026-09-07 09:59:04,542367267#1,company|restaurant,,199.26981683313872,1381.121508122661,37.50390724154084,127.02291151664822,3561.0,17.0,taxi_respawn_8,picked
dyn_pax_2647,3545.0,2026-09-07 09:59:05,521770116#2,company|restaurant|bus_stop,,432.3182248087171,1108.514093563608,37.50149560521279,127.02561136613096,,,,unpicked
dyn_pax_2648,3546.0,2026-09-07 09:59:06,541692164#1,subway_entrance,,271.6277521231475,1406.6420105391767,37.5041508337347,127.02372362926798,,,,unpicked
dyn_pax_2649,3546.0,2026-09-07 09:59:06,-26163000#3,restaurant,,588.7487146070255,1286.0705793093782,37.50312464930957,127.02733802606956,,,,unpicked
dyn_pax_2650,3548.0,2026-09-07 09:59:08,375049565#6,restaurant|subway_entrance|bus_stop,,789.5153251748014,798.8522330112556,37.49877353199428,127.02972351946808,,,,unpicked
dyn_pax_2651,3549.0,2026-09-07 09:59:09,218873820#0,restaurant|subway_entrance|bus_stop,,628.9829311132032,562.4061665928522,37.49661325243901,127.02796447999128,,,,unpicked
dyn_pax_2652,3550.0,2026-09-07 09:59:10,521766175#1,company|restaurant|subway_entrance,,332.9365590021661,1411.5585828157227,37.504206724109,127.02441570308932,,,,unpicked
dyn_pax_2653,3551.0,2026-09-07 09:59:11,521766182#1,company|restaurant|subway_entrance,,681.695169875507,539.6867345716422,37.496418539503196,127.02856584056028,,,,unpicked
dyn_pax_2654,3552.0,2026-09-07 09:59:12,1117538958#3,bus_stop,,160.18899290588462,540.6019911995099,37.49632820280781,127.02266936696756,,,,unpicked
dyn_pax_2655,3554.0,2026-09-07 09:59:14,-504509918#2,company|restaurant|bus_stop,,398.9694242295193,827.4758220967593,37.49895762305832,127.02530099003066,,,,unpicked
dyn_pax_2656,3556.0,2026-09-07 09:59:16,521766175#1,company|restaurant|subway_entrance,,332.9365590021661,1411.5585828157227,37.504206724109,127.02441570308932,,,,unpicked
dyn_pax_2657,3557.0,2026-09-07 09:59:17,521766175#3,company|restaurant|subway_entrance|bus_stop,,373.6701172395771,1298.610217621072,37.50319695740621,127.02490310718325,,,,unpicked
dyn_pax_2658,3559.0,2026-09-07 09:59:19,178441450#1,residential|company|restaurant|bus_stop,,282.90243066757296,609.4157395563556,37.496971320837204,127.02404044855805,,,,unpicked
dyn_pax_2659,3560.0,2026-09-07 09:59:20,-417933645#2,company|restaurant|subway_entrance,,701.1658676593129,719.5455833044954,37.49804244093877,127.02874337560036,,,,unpicked
dyn_pax_2660,3562.0,2026-09-07 09:59:22,523141074#0,company|restaurant|subway_entrance,,524.0338794858329,871.4890157117229,37.4993777454413,127.02670460634431,,,,unpicked
dyn_pax_2661,3563.0,2026-09-07 09:59:23,218864491#0,restaurant|bus_stop,,769.9803916976219,760.1217113917903,37.49842094941813,127.02951181742357,,,,unpicked
dyn_pax_2662,3564.0,2026-09-07 09:59:24,256787796#5,restaurant,,616.3422671393917,878.7532899245961,37.49946062055924,127.02774658517313,,,,unpicked
dyn_pax_2663,3564.0,2026-09-07 09:59:24,417933645#2,residential|company|restaurant,,757.7944798520502,568.4010952306102,37.496691568512986,127.02941943794849,,,,unpicked
dyn_pax_2664,3565.0,2026-09-07 09:59:25,375049565#6,restaurant|subway_entrance|bus_stop,,789.5153251748014,798.8522330112556,37.49877353199428,127.02972351946808,,,,unpicked
dyn_pax_2665,3565.0,2026-09-07 09:59:25,178441450#1,residential|company|restaurant|bus_stop,,282.90243066757296,609.4157395563556,37.496971320837204,127.02404044855805,,,,unpicked
dyn_pax_2666,3566.0,2026-09-07 09:59:26,218873820#0,restaurant|subway_entrance|bus_stop,,628.9829311132032,562.4061665928522,37.49661325243901,127.02796447999128,,,,unpicked
dyn_pax_2667,3568.0,2026-09-07 09:59:28,521766182#1,company|restaurant|subway_entrance,,681.695169875507,539.6867345716422,37.496418539503196,127.02856584056028,,,,unpicked
dyn_pax_2668,3568.0,2026-09-07 09:59:28,1117538957#3,restaurant|subway_entrance|bus_stop,,465.5082521847807,644.8780924026132,37.49732530507706,127.02609663221197,,,,unpicked
dyn_pax_2669,3569.0,2026-09-07 09:59:29,1117538958#3,bus_stop,,160.18899290588462,540.6019911995099,37.49632820280781,127.02266936696756,,,,unpicked
dyn_pax_2670,3571.0,2026-09-07 09:59:31,480850873,company|restaurant|bus_stop,,548.1935052770749,708.5896639848544,37.49791486187585,127.0270163956136,,,,unpicked
dyn_pax_2671,3572.0,2026-09-07 09:59:32,1117538957#3,restaurant|subway_entrance|bus_stop,,465.5082521847807,644.8780924026132,37.49732530507706,127.02609663221197,,,,unpicked
dyn_pax_2672,3573.0,2026-09-07 09:59:33,256787796#6,restaurant,,626.4884087870183,851.7135990963859,37.499218954480725,127.02786771303293,,,,unpicked
dyn_pax_2673,3574.0,2026-09-07 09:59:34,521766175#3,company|restaurant|subway_entrance|bus_stop,,373.6701172395771,1298.610217621072,37.50319695740621,127.02490310718325,,,,unpicked
dyn_pax_2674,3574.0,2026-09-07 09:59:34,-417933642#4,restaurant,,907.3718228697127,805.8014682006251,37.49885835910486,127.03105443169989,,,,unpicked
dyn_pax_2675,3575.0,2026-09-07 09:59:35,218877837#2,company|restaurant|bus_stop,,479.4555212141038,978.0213907550284,37.500328997763305,127.02617530290202,,,,unpicked
dyn_pax_2676,3575.0,2026-09-07 09:59:35,129731859#1,restaurant,,770.318180095484,905.1374216517651,37.499727361620906,127.02948129560598,,,,unpicked
dyn_pax_2677,3576.0,2026-09-07 09:59:36,1537068130#0,residential,,915.247444986279,1279.656751811989,37.50312848832193,127.03103134780491,,,,unpicked
dyn_pax_2678,3577.0,2026-09-07 09:59:37,494824662#3,company|restaurant|subway_entrance,,729.424850252167,406.6843378518681,37.49522941823122,127.02913698209235,,,,unpicked
dyn_pax_2679,3577.0,2026-09-07 09:59:37,417750337#1,restaurant,,654.3039749436668,1311.1147669608317,37.50336263595113,127.02807333923603,,,,unpicked
dyn_pax_2680,3577.0,2026-09-07 09:59:37,-417750337#0,restaurant,,672.8749254632385,1321.3640627464144,37.50345847130562,127.02828089713113,,,,unpicked
dyn_pax_2681,3579.0,2026-09-07 09:59:39,480850873,company|restaurant|bus_stop,,548.1935052770749,708.5896639848544,37.49791486187585,127.0270163956136,,,,unpicked
dyn_pax_2682,3579.0,2026-09-07 09:59:39,557469234,restaurant,,982.7249512156621,987.801549540822,37.50051207965727,127.03186337298402,,,,unpicked
dyn_pax_2683,3580.0,2026-09-07 09:59:40,1117538957#3,restaurant|subway_entrance|bus_stop,,465.5082521847807,644.8780924026132,37.49732530507706,127.02609663221197,,,,unpicked
dyn_pax_2684,3582.0,2026-09-07 09:59:42,521766182#1,company|restaurant|subway_entrance,,681.695169875507,539.6867345716422,37.496418539503196,127.02856584056028,,,,unpicked
dyn_pax_2685,3583.0,2026-09-07 09:59:43,218864491#0,restaurant|bus_stop,,769.9803916976219,760.1217113917903,37.49842094941813,127.02951181742357,,,,unpicked
dyn_pax_2686,3585.0,2026-09-07 09:59:45,1376141182#0,bus_stop,,385.7154046370183,1301.0311255965628,37.50322104370192,127.02503873135461,,,,unpicked
dyn_pax_2687,3586.0,2026-09-07 09:59:46,-504509918#2,company|restaurant|bus_stop,,398.9694242295193,827.4758220967593,37.49895762305832,127.02530099003066,,,,unpicked
dyn_pax_2688,3586.0,2026-09-07 09:59:46,218857636#1,residential|company|restaurant|bus_stop,,297.92905089287035,623.2061345250047,37.49709839153085,127.02420706961871,,,,unpicked
dyn_pax_2689,3588.0,2026-09-07 09:59:48,521770119#0,restaurant|bus_stop,,548.9831206778387,935.1148840516827,37.499955620541705,127.02697161236954,,,,unpicked
dyn_pax_2690,3589.0,2026-09-07 09:59:49,375049565#6,restaurant|subway_entrance|bus_stop,,789.5153251748014,798.8522330112556,37.49877353199428,127.02972351946808,,,,unpicked
dyn_pax_2691,3589.0,2026-09-07 09:59:49,1117538957#0,company|restaurant,,312.91680439510856,589.5311930299885,37.49679787270139,127.0243845203811,,,,unpicked
dyn_pax_2692,3591.0,2026-09-07 09:59:51,523141074#0,company|restaurant|subway_entrance,,524.0338794858329,871.4890157117229,37.4993777454413,127.02670460634431,,,,unpicked
dyn_pax_2693,3591.0,2026-09-07 09:59:51,218877837#0,company,,455.71990885566936,1045.563527646426,37.50093295148158,127.02589090425857,,,,unpicked
dyn_pax_2694,3592.0,2026-09-07 09:59:52,178441450#1,residential|company|restaurant|bus_stop,,282.90243066757296,609.4157395563556,37.496971320837204,127.02404044855805,,,,unpicked
dyn_pax_2695,3592.0,2026-09-07 09:59:52,-239954462#0,company,,177.59108854633376,1424.6091910087337,37.50429488616932,127.02265605240045,,,,unpicked
dyn_pax_2696,3593.0,2026-09-07 09:59:53,504227067#0,restaurant,,638.7551174354396,526.833121212444,37.49629464408366,127.02808339614947,,,,unpicked
dyn_pax_2697,3594.0,2026-09-07 09:59:54,480850873,company|restaurant|bus_stop,,548.1935052770749,708.5896639848544,37.49791486187585,127.0270163956136,,,,unpicked
dyn_pax_2698,3594.0,2026-09-07 09:59:54,417750342#0,residential,,845.3624953099543,1340.16590884019,37.50366039527634,127.03022681464076,,,,unpicked
dyn_pax_2699,3595.0,2026-09-07 09:59:55,521766175#3,company|restaurant|subway_entrance|bus_stop,,373.6701172395771,1298.610217621072,37.50319695740621,127.02490310718325,,,,unpicked
dyn_pax_2700,3597.0,2026-09-07 09:59:57,521766175#3,company|restaurant|subway_entrance|bus_stop,,373.6701172395771,1298.610217621072,37.50319695740621,127.02490310718325,,,,unpicked
dyn_pax_2701,3598.0,2026-09-07 09:59:58,1376141182#0,bus_stop,,385.7154046370183,1301.0311255965628,37.50322104370192,127.02503873135461,,,,unpicked
dyn_pax_2702,3598.0,2026-09-07 09:59:58,504227069,residential|restaurant,,587.1158993285404,291.7776336445087,37.494167438547194,127.02755526357365,,,,unpicked
dyn_pax_2703,3600.0,2026-09-07 10:00:00,521766180#1,company|restaurant|bus_stop,,466.73410130235357,1169.2838037446552,37.502049542882666,127.02598608796039,,,,unpicked
