person_id,request_sec,pickup_datetime,edge_id,origin_zone,dest_category,x,y,latitude,longitude,pickup_sec,wait_sec,taxi_id,status
dyn_pax_1,5.0,2026-09-07 09:00:05,523141074#0,company|restaurant|subway_entrance,,524.0338794858329,871.4890157117229,37.4993777454413,127.02670460634431,141.0,136.0,taxi_47,picked
dyn_pax_2,8.0,2026-09-07 09:00:08,218864491#0,restaurant|bus_stop,,769.9803916976219,760.1217113917903,37.49842094941813,127.02951181742357,124.0,116.0,taxi_respawn_17,picked
dyn_pax_3,9.0,2026-09-07 09:00:09,1117538957#3,restaurant|subway_entrance|bus_stop,,465.5082521847807,644.8780924026132,37.49732530507706,127.02609663221197,21.0,12.0,taxi_39,picked
dyn_pax_4,14.0,2026-09-07 09:00:14,178441450#1,residential|company|restaurant|bus_stop,,282.90243066757296,609.4157395563556,37.496971320837204,127.02404044855805,98.0,84.0,taxi_16,picked
dyn_pax_5,18.0,2026-09-07 09:00:18,-417933645#2,company|restaurant|subway_entrance,,701.1658676593129,719.5455833044954,37.49804244093877,127.02874337560036,159.0,141.0,taxi_respawn_32,picked
dyn_pax_6,21.0,2026-09-07 09:00:21,521770116#2,company|restaurant|bus_stop,,432.3182248087171,1108.514093563608,37.50149560521279,127.02561136613096,128.0,107.0,taxi_11,picked
dyn_pax_7,26.0,2026-09-07 09:00:26,521766175#1,company|restaurant|subway_entrance,,332.9365590021661,1411.5585828157227,37.504206724109,127.02441570308932,38.0,12.0,taxi_23,picked
dyn_pax_8,29.0,2026-09-07 09:00:29,506191135#3,residential|company|restaurant|bus_stop,,238.79972345576414,789.4714057742513,37.49858497042428,127.023499044737,37.0,8.0,taxi_respawn_19,picked
dyn_pax_9,30.0,2026-09-07 09:00:30,218857636#1,residential|company|restaurant|bus_stop,,297.92905089287035,623.2061345250047,37.49709839153085,127.02420706961871,51.0,21.0,taxi_15,picked
dyn_pax_10,32.0,2026-09-07 09:00:32,542367267#1,company|restaurant,,199.26981683313872,1381.121508122661,37.50390724154084,127.02291151664822,35.0,3.0,taxi_36,picked
dyn_pax_11,34.0,2026-09-07 09:00:34,-504509918#2,company|restaurant|bus_stop,,398.9694242295193,827.4758220967593,37.49895762305832,127.02530099003066,96.0,62.0,taxi_5,picked
dyn_pax_12,35.0,2026-09-07 09:00:35,521766180#1,company|restaurant|bus_stop,,466.73410130235357,1169.2838037446552,37.502049542882666,127.02598608796039,115.0,80.0,taxi_0,picked
dyn_pax_13,37.0,2026-09-07 09:00:37,975332778#1,bus_stop,,681.6099970732737,721.9380561808346,37.49806030190971,127.02852170075586,104.0,67.0,taxi_respawn_15,picked
dyn_pax_14,38.0,2026-09-07 09:00:38,1117538957#3,restaurant|subway_entrance|bus_stop,,465.5082521847807,644.8780924026132,37.49732530507706,127.02609663221197,47.0,9.0,taxi_respawn_33,picked
dyn_pax_15,40.0,2026-09-07 09:00:40,-117790039#4,restaurant,,976.1736160857955,1107.3942396063046,37.50158817580974,127.03176100793065,50.0,10.0,taxi_6,picked
dyn_pax_16,41.0,2026-09-07 09:00:41,1117538957#3,restaurant|subway_entrance|bus_stop,,465.5082521847807,644.8780924026132,37.49732530507706,127.02609663221197,70.0,29.0,taxi_40,picked
dyn_pax_17,43.0,2026-09-07 09:00:43,218873820#0,restaurant|subway_entrance|bus_stop,,628.9829311132032,562.4061665928522,37.49661325243901,127.02796447999128,142.0,99.0,taxi_25,picked
dyn_pax_18,43.0,2026-09-07 09:00:43,975332778#1,bus_stop,,681.6099970732737,721.9380561808346,37.49806030190971,127.02852170075586,89.0,46.0,taxi_12,picked
dyn_pax_19,46.0,2026-09-07 09:00:46,178441450#1,residential|company|restaurant|bus_stop,,282.90243066757296,609.4157395563556,37.496971320837204,127.02404044855805,61.0,15.0,taxi_respawn_14,picked
dyn_pax_20,51.0,2026-09-07 09:00:51,1117538957#3,restaurant|subway_entrance|bus_stop,,465.5082521847807,644.8780924026132,37.49732530507706,127.02609663221197,75.0,24.0,taxi_1,picked
dyn_pax_21,52.0,2026-09-07 09:00:52,480850873,company|restaurant|bus_stop,,548.1935052770749,708.5896639848544,37.49791486187585,127.0270163956136,137.0,85.0,taxi_41,picked
dyn_pax_22,52.0,2026-09-07 09:00:52,1056882877#3,residential|company|restaurant,,365.79280968467333,433.0557487307964,37.495398294451746,127.02501948586043,112.0,60.0,taxi_3,picked
dyn_pax_23,54.0,2026-09-07 09:00:54,520307304#0,school|subway_entrance|bus_stop,,602.6035134310263,763.145495629718,37.498416594724866,127.02761864854104,224.0,170.0,taxi_respawn_13,picked
dyn_pax_24,54.0,2026-09-07 09:00:54,-309155295#4,residential|restaurant,,966.4689567179357,639.4784987131154,37.49737120494098,127.0317619612052,91.0,37.0,taxi_respawn_22,picked
dyn_pax_25,55.0,2026-09-07 09:00:55,480850873,company|restaurant|bus_stop,,548.1935052770749,708.5896639848544,37.49791486187585,127.0270163956136,315.0,260.0,taxi_respawn_29,picked
dyn_pax_26,57.0,2026-09-07 09:00:57,521766175#1,company|restaurant|subway_entrance,,332.9365590021661,1411.5585828157227,37.504206724109,127.02441570308932,64.0,7.0,taxi_respawn_1,picked
dyn_pax_27,63.0,2026-09-07 09:01:03,504227065,company,,441.32681628575455,666.8408278135128,37.497518581743364,127.0258180180219,324.0,261.0,taxi_respawn_30,picked
dyn_pax_28,64.0,2026-09-07 09:01:04,218857636#1,residential|company|restaurant|bus_stop,,297.92905089287035,623.2061345250047,37.49709839153085,127.02420706961871,136.0,72.0,taxi_20,picked
dyn_pax_29,66.0,2026-09-07 09:01:06,506191135#3,residential|company|restaurant|bus_stop,,238.79972345576414,789.4714057742513,37.49858497042428,127.023499044737,92.0,26.0,taxi_19,picked
dyn_pax_30,67.0,2026-09-07 09:01:07,504227065,company,,441.32681628575455,666.8408278135128,37.497518581743364,127.0258180180219,96.0,29.0,taxi_31,picked
dyn_pax_31,70.0,2026-09-07 09:01:10,-541692164#2,subway_entrance,,317.7122087179151,1441.0296574375257,37.504469327730426,127.0242365566347,199.0,129.0,taxi_respawn_27,picked
dyn_pax_32,72.0,2026-09-07 09:01:12,417933642#0,restaurant|bus_stop,,1041.0954363710525,463.30841921497654,37.49579826441859,127.03264736696761,102.0,30.0,taxi_43,picked
dyn_pax_33,73.0,2026-09-07 09:01:13,-506191135#22,residential|company|restaurant|bus_stop,,38.693950105848444,1321.9513167019495,37.50334380565249,127.02110990869835,114.0,41.0,taxi_35,picked
dyn_pax_34,75.0,2026-09-07 09:01:15,178441450#1,residential|company|restaurant|bus_stop,,282.90243066757296,609.4157395563556,37.496971320837204,127.02404044855805,189.0,114.0,taxi_13,picked
dyn_pax_35,77.0,2026-09-07 09:01:17,520307304#0,school|subway_entrance|bus_stop,,602.6035134310263,763.145495629718,37.498416594724866,127.02761864854104,152.0,75.0,taxi_32,picked
dyn_pax_36,78.0,2026-09-07 09:01:18,-542367267#1,bus_stop,,247.51018316686128,1414.7184918773391,37.504219024473855,127.02344900430944,99.0,21.0,taxi_46,picked
dyn_pax_37,78.0,2026-09-07 09:01:18,480850873,company|restaurant|bus_stop,,548.1935052770749,708.5896639848544,37.49791486187585,127.0270163956136,97.0,19.0,taxi_respawn_38,picked
dyn_pax_38,80.0,2026-09-07 09:01:20,521766175#3,company|restaurant|subway_entrance|bus_stop,,373.6701172395771,1298.610217621072,37.50319695740621,127.02490310718325,212.0,132.0,taxi_38,picked
dyn_pax_39,81.0,2026-09-07 09:01:21,521766180#1,company|restaurant|bus_stop,,466.73410130235357,1169.2838037446552,37.502049542882666,127.02598608796039,204.0,123.0,taxi_7,picked
dyn_pax_40,85.0,2026-09-07 09:01:25,129731857#2,company,,789.9847076009492,845.2662126154856,37.499191732762846,127.02971783662417,114.0,29.0,taxi_29,picked
dyn_pax_41,87.0,2026-09-07 09:01:27,521766180#1,company|restaurant|bus_stop,,466.73410130235357,1169.2838037446552,37.502049542882666,127.02598608796039,199.0,112.0,taxi_respawn_9,picked
dyn_pax_42,89.0,2026-09-07 09:01:29,521766175#1,company|restaurant|subway_entrance,,332.9365590021661,1411.5585828157227,37.504206724109,127.02441570308932,117.0,28.0,taxi_respawn_23,picked
dyn_pax_43,90.0,2026-09-07 09:01:30,-417933645#2,company|restaurant|subway_entrance,,701.1658676593129,719.5455833044954,37.49804244093877,127.02874337560036,152.0,62.0,taxi_respawn_12,picked
dyn_pax_44,92.0,2026-09-07 09:01:32,309155295#3,restaurant,,868.2249250208004,595.011595969151,37.496952113096654,127.03066169877924,169.0,77.0,taxi_42,picked
dyn_pax_45,93.0,2026-09-07 09:01:33,1229817205#0,company|subway_entrance|bus_stop,,599.2457558679199,652.2907550986157,37.497417346160496,127.02760695963683,190.0,97.0,taxi_27,picked
dyn_pax_46,95.0,2026-09-07 09:01:35,1117538958#3,bus_stop,,160.18899290588462,540.6019911995099,37.49632820280781,127.02266936696756,101.0,6.0,taxi_17,picked
dyn_pax_47,103.0,2026-09-07 09:01:43,521766182#1,company|restaurant|subway_entrance,,681.695169875507,539.6867345716422,37.496418539503196,127.02856584056028,235.0,132.0,taxi_18,picked
dyn_pax_48,107.0,2026-09-07 09:01:47,506191135#3,residential|company|restaurant|bus_stop,,238.79972345576414,789.4714057742513,37.49858497042428,127.023499044737,120.0,13.0,taxi_45,picked
dyn_pax_49,107.0,2026-09-07 09:01:47,523141074#0,company|restaurant|subway_entrance,,524.0338794858329,871.4890157117229,37.4993777454413,127.02670460634431,282.0,175.0,taxi_respawn_34,picked
dyn_pax_50,109.0,2026-09-07 09:01:49,1376141183#0,bus_stop,,548.2528111146681,901.2117688498424,37.49965007283687,127.02697139402301,188.0,79.0,taxi_respawn_37,picked
dyn_pax_51,113.0,2026-09-07 09:01:53,523141074#0,company|restaurant|subway_entrance,,524.0338794858329,871.4890157117229,37.4993777454413,127.02670460634431,277.0,164.0,taxi_26,picked
dyn_pax_52,115.0,2026-09-07 09:01:55,1117538957#3,restaurant|subway_entrance|bus_stop,,465.5082521847807,644.8780924026132,37.49732530507706,127.02609663221197,134.0,19.0,taxi_24,picked
dyn_pax_53,116.0,2026-09-07 09:01:56,480850873,company|restaurant|bus_stop,,548.1935052770749,708.5896639848544,37.49791486187585,127.0270163956136,404.0,288.0,taxi_44,picked
dyn_pax_54,124.0,2026-09-07 09:02:04,218857636#1,residential|company|restaurant|bus_stop,,297.92905089287035,623.2061345250047,37.49709839153085,127.02420706961871,199.0,75.0,taxi_respawn_36,picked
dyn_pax_55,133.0,2026-09-07 09:02:13,375049565#6,restaurant|subway_entrance|bus_stop,,789.5153251748014,798.8522330112556,37.49877353199428,127.02972351946808,200.0,67.0,taxi_respawn_24,picked
dyn_pax_56,141.0,2026-09-07 09:02:21,521766180#1,company|restaurant|bus_stop,,466.73410130235357,1169.2838037446552,37.502049542882666,127.02598608796039,262.0,121.0,taxi_2,picked
dyn_pax_57,142.0,2026-09-07 09:02:22,-542367267#1,bus_stop,,247.51018316686128,1414.7184918773391,37.504219024473855,127.02344900430944,189.0,47.0,taxi_respawn_28,picked
dyn_pax_58,145.0,2026-09-07 09:02:25,506191135#3,residential|company|restaurant|bus_stop,,238.79972345576414,789.4714057742513,37.49858497042428,127.023499044737,163.0,18.0,taxi_respawn_16,picked
dyn_pax_59,149.0,2026-09-07 09:02:29,506191135#3,residential|company|restaurant|bus_stop,,238.79972345576414,789.4714057742513,37.49858497042428,127.023499044737,169.0,20.0,taxi_33,picked
dyn_pax_60,155.0,2026-09-07 09:02:35,-504509918#2,company|restaurant|bus_stop,,398.9694242295193,827.4758220967593,37.49895762305832,127.02530099003066,232.0,77.0,taxi_49,picked
dyn_pax_61,156.0,2026-09-07 09:02:36,-506191135#22,residential|company|restaurant|bus_stop,,38.693950105848444,1321.9513167019495,37.50334380565249,127.02110990869835,245.0,89.0,taxi_21,picked
dyn_pax_62,162.0,2026-09-07 09:02:42,1376141183#0,bus_stop,,548.2528111146681,901.2117688498424,37.49965007283687,127.02697139402301,168.0,6.0,taxi_9,picked
dyn_pax_63,167.0,2026-09-07 09:02:47,521770119#0,restaurant|bus_stop,,548.9831206778387,935.1148840516827,37.499955620541705,127.02697161236954,254.0,87.0,taxi_respawn_26,picked
dyn_pax_64,167.0,2026-09-07 09:02:47,-417750336#5,restaurant,,886.0343029737398,891.1232225857099,37.499622942823265,127.030792984823,196.0,29.0,taxi_respawn_18,picked
dyn_pax_65,168.0,2026-09-07 09:02:48,375049565#6,restaurant|subway_entrance|bus_stop,,789.5153251748014,798.8522330112556,37.49877353199428,127.02972351946808,173.0,5.0,taxi_22,picked
dyn_pax_66,168.0,2026-09-07 09:02:48,-26163000#1,restaurant,,613.3034084576574,1234.0026207389662,37.50266024308643,127.02762801542576,299.0,131.0,taxi_37,picked
dyn_pax_67,172.0,2026-09-07 09:02:52,-506191135#22,residential|company|restaurant|bus_stop,,38.693950105848444,1321.9513167019495,37.50334380565249,127.02110990869835,282.0,110.0,taxi_respawn_8,picked
dyn_pax_68,173.0,2026-09-07 09:02:53,1229817205#0,company|subway_entrance|bus_stop,,599.2457558679199,652.2907550986157,37.497417346160496,127.02760695963683,481.0,308.0,taxi_28,picked
dyn_pax_69,176.0,2026-09-07 09:02:56,178441450#1,residential|company|restaurant|bus_stop,,282.90243066757296,609.4157395563556,37.496971320837204,127.02404044855805,216.0,40.0,taxi_respawn_4,picked
dyn_pax_70,178.0,2026-09-07 09:02:58,521770116#2,company|restaurant|bus_stop,,432.3182248087171,1108.514093563608,37.50149560521279,127.02561136613096,214.0,36.0,taxi_14,picked
dyn_pax_71,184.0,2026-09-07 09:03:04,1376141183#0,bus_stop,,548.2528111146681,901.2117688498424,37.49965007283687,127.02697139402301,560.0,376.0,taxi_10,picked
dyn_pax_72,188.0,2026-09-07 09:03:08,218857636#1,residential|company|restaurant|bus_stop,,297.92905089287035,623.2061345250047,37.49709839153085,127.02420706961871,380.0,192.0,taxi_respawn_35,picked
dyn_pax_73,195.0,2026-09-07 09:03:15,506191135#3,residential|company|restaurant|bus_stop,,238.79972345576414,789.4714057742513,37.49858497042428,127.023499044737,399.0,204.0,taxi_respawn_2,picked
dyn_pax_74,196.0,2026-09-07 09:03:16,521766180#1,company|restaurant|bus_stop,,466.73410130235357,1169.2838037446552,37.502049542882666,127.02598608796039,285.0,89.0,taxi_34,picked
dyn_pax_75,198.0,2026-09-07 09:03:18,-506191135#22,residential|company|restaurant|bus_stop,,38.693950105848444,1321.9513167019495,37.50334380565249,127.02110990869835,274.0,76.0,taxi_respawn_10,picked
dyn_pax_76,200.0,2026-09-07 09:03:20,-309155295#1,residential|restaurant,,820.2174803017108,588.0239695218922,37.496880113093034,127.03012056506905,245.0,45.0,taxi_1,picked
dyn_pax_77,201.0,2026-09-07 09:03:21,-417933645#2,company|restaurant|subway_entrance,,701.1658676593129,719.5455833044954,37.49804244093877,127.02874337560036,542.0,341.0,taxi_48,picked
dyn_pax_78,201.0,2026-09-07 09:03:21,506191135#3,residential|company|restaurant|bus_stop,,238.79972345576414,789.4714057742513,37.49858497042428,127.023499044737,327.0,126.0,taxi_8,picked
dyn_pax_79,202.0,2026-09-07 09:03:22,494824662#3,company|restaurant|subway_entrance,,729.424850252167,406.6843378518681,37.49522941823122,127.02913698209235,249.0,47.0,taxi_30,picked
dyn_pax_80,207.0,2026-09-07 09:03:27,-506191135#2,residential|bus_stop,,236.19733776439384,769.6838415951818,37.49840622577806,127.02347432089968,241.0,34.0,taxi_6,picked
dyn_pax_81,210.0,2026-09-07 09:03:30,975332778#1,bus_stop,,681.6099970732737,721.9380561808346,37.49806030190971,127.02852170075586,499.0,289.0,taxi_4,picked
dyn_pax_82,213.0,2026-09-07 09:03:33,480850873,company|restaurant|bus_stop,,548.1935052770749,708.5896639848544,37.49791486187585,127.0270163956136,337.0,124.0,taxi_respawn_7,picked
dyn_pax_83,214.0,2026-09-07 09:03:34,-506191135#2,residential|bus_stop,,236.19733776439384,769.6838415951818,37.49840622577806,127.02347432089968,300.0,86.0,taxi_respawn_25,picked
dyn_pax_84,216.0,2026-09-07 09:03:36,1117538958#3,bus_stop,,160.18899290588462,540.6019911995099,37.49632820280781,127.02266936696756,302.0,86.0,taxi_respawn_19,picked
dyn_pax_85,217.0,2026-09-07 09:03:37,218857636#1,residential|company|restaurant|bus_stop,,297.92905089287035,623.2061345250047,37.49709839153085,127.02420706961871,320.0,103.0,taxi_respawn_5,picked
dyn_pax_86,227.0,2026-09-07 09:03:47,521770119#1,restaurant|bus_stop,,527.3115514435282,995.8620162900467,37.50049875494786,127.02671217090477,356.0,129.0,taxi_39,picked
dyn_pax_87,228.0,2026-09-07 09:03:48,-541692164#2,subway_entrance,,317.7122087179151,1441.0296574375257,37.504469327730426,127.0242365566347,286.0,58.0,taxi_respawn_11,picked
dyn_pax_88,230.0,2026-09-07 09:03:50,521770119#0,restaurant|bus_stop,,548.9831206778387,935.1148840516827,37.499955620541705,127.02697161236954,356.0,126.0,taxi_respawn_3,picked
dyn_pax_89,231.0,2026-09-07 09:03:51,-542367267#1,bus_stop,,247.51018316686128,1414.7184918773391,37.504219024473855,127.02344900430944,322.0,91.0,taxi_respawn_31,picked
dyn_pax_90,233.0,2026-09-07 09:03:53,521766180#1,company|restaurant|bus_stop,,466.73410130235357,1169.2838037446552,37.502049542882666,127.02598608796039,375.0,142.0,taxi_respawn_20,picked
dyn_pax_91,236.0,2026-09-07 09:03:56,375049565#6,restaurant|subway_entrance|bus_stop,,789.5153251748014,798.8522330112556,37.49877353199428,127.02972351946808,310.0,74.0,taxi_respawn_39,picked
dyn_pax_92,237.0,2026-09-07 09:03:57,178441450#1,residential|company|restaurant|bus_stop,,282.90243066757296,609.4157395563556,37.496971320837204,127.02404044855805,327.0,90.0,taxi_31,picked
dyn_pax_93,239.0,2026-09-07 09:03:59,494824662#3,company|restaurant|subway_entrance,,729.424850252167,406.6843378518681,37.49522941823122,127.02913698209235,416.0,177.0,taxi_respawn_6,picked
dyn_pax_94,240.0,2026-09-07 09:04:00,480850873,company|restaurant|bus_stop,,548.1935052770749,708.5896639848544,37.49791486187585,127.0270163956136,344.0,104.0,taxi_respawn_21,picked
dyn_pax_95,245.0,2026-09-07 09:04:05,975332778#1,bus_stop,,681.6099970732737,721.9380561808346,37.49806030190971,127.02852170075586,597.0,352.0,taxi_respawn_15,picked
dyn_pax_96,250.0,2026-09-07 09:04:10,218877837#2,company|restaurant|bus_stop,,479.4555212141038,978.0213907550284,37.500328997763305,127.02617530290202,401.0,151.0,taxi_35,picked
dyn_pax_97,253.0,2026-09-07 09:04:13,375049565#6,restaurant|subway_entrance|bus_stop,,789.5153251748014,798.8522330112556,37.49877353199428,127.02972351946808,335.0,82.0,taxi_36,picked
dyn_pax_98,254.0,2026-09-07 09:04:14,1229817205#0,company|subway_entrance|bus_stop,,599.2457558679199,652.2907550986157,37.497417346160496,127.02760695963683,586.0,332.0,taxi_43,picked
dyn_pax_99,262.0,2026-09-07 09:04:22,541692164#1,subway_entrance,,271.6277521231475,1406.6420105391767,37.5041508337347,127.02372362926798,460.0,198.0,taxi_respawn_22,picked
dyn_pax_100,264.0,2026-09-07 09:04:24,1229817205#0,company|subway_entrance|bus_stop,,599.2457558679199,652.2907550986157,37.497417346160496,127.02760695963683,590.0,326.0,taxi_12,picked
dyn_pax_101,268.0,2026-09-07 09:04:28,480850873,company|restaurant|bus_stop,,548.1935052770749,708.5896639848544,37.49791486187585,127.0270163956136,631.0,363.0,taxi_23,picked
dyn_pax_102,276.0,2026-09-07 09:04:36,305539406,company|restaurant|subway_entrance,,566.389495917364,736.5285064605782,37.49816998085155,127.02721550408178,561.0,285.0,taxi_respawn_1,picked
dyn_pax_103,277.0,2026-09-07 09:04:37,-541692164#2,subway_entrance,,317.7122087179151,1441.0296574375257,37.504469327730426,127.0242365566347,333.0,56.0,taxi_respawn_14,picked
dyn_pax_104,279.0,2026-09-07 09:04:39,375049565#6,restaurant|subway_entrance|bus_stop,,789.5153251748014,798.8522330112556,37.49877353199428,127.02972351946808,330.0,51.0,taxi_11,picked
dyn_pax_105,280.0,2026-09-07 09:04:40,523141074#0,company|restaurant|subway_entrance,,524.0338794858329,871.4890157117229,37.4993777454413,127.02670460634431,460.0,180.0,taxi_respawn_23,picked
dyn_pax_106,282.0,2026-09-07 09:04:42,256787796#6,restaurant,,626.4884087870183,851.7135990963859,37.499218954480725,127.02786771303293,351.0,69.0,taxi_47,picked
dyn_pax_107,286.0,2026-09-07 09:04:46,1117538958#3,bus_stop,,160.18899290588462,540.6019911995099,37.49632820280781,127.02266936696756,360.0,74.0,taxi_respawn_28,picked
dyn_pax_108,288.0,2026-09-07 09:04:48,504227069,residential|restaurant,,587.1158993285404,291.7776336445087,37.494167438547194,127.02755526357365,762.0,474.0,taxi_respawn_18,picked
dyn_pax_109,291.0,2026-09-07 09:04:51,521770116#2,company|restaurant|bus_stop,,432.3182248087171,1108.514093563608,37.50149560521279,127.02561136613096,486.0,195.0,taxi_respawn_34,picked
dyn_pax_110,293.0,2026-09-07 09:04:53,1117538958#3,bus_stop,,160.18899290588462,540.6019911995099,37.49632820280781,127.02266936696756,372.0,79.0,taxi_5,picked
dyn_pax_111,296.0,2026-09-07 09:04:56,-256787796#1,restaurant,,578.741609978934,1014.5790766049616,37.500677080058935,127.02728924469663,416.0,120.0,taxi_16,picked
dyn_pax_112,299.0,2026-09-07 09:04:59,541692164#1,subway_entrance,,271.6277521231475,1406.6420105391767,37.5041508337347,127.02372362926798,368.0,69.0,taxi_20,picked
dyn_pax_113,300.0,2026-09-07 09:05:00,1376141183#0,bus_stop,,548.2528111146681,901.2117688498424,37.49965007283687,127.02697139402301,515.0,215.0,taxi_32,picked
dyn_pax_114,303.0,2026-09-07 09:05:03,1229817205#0,company|subway_entrance|bus_stop,,599.2457558679199,652.2907550986157,37.497417346160496,127.02760695963683,635.0,332.0,taxi_25,picked
dyn_pax_115,309.0,2026-09-07 09:05:09,-542367267#1,bus_stop,,247.51018316686128,1414.7184918773391,37.504219024473855,127.02344900430944,328.0,19.0,taxi_respawn_33,picked
dyn_pax_116,311.0,2026-09-07 09:05:11,1229817205#1,residential|bus_stop,,631.6400080768872,572.7061575261558,37.49670653972221,127.02799208080955,382.0,71.0,taxi_respawn_4,picked
dyn_pax_117,312.0,2026-09-07 09:05:12,375049565#6,restaurant|subway_entrance|bus_stop,,789.5153251748014,798.8522330112556,37.49877353199428,127.02972351946808,376.0,64.0,taxi_41,picked
dyn_pax_118,314.0,2026-09-07 09:05:14,521766175#3,company|restaurant|subway_entrance|bus_stop,,373.6701172395771,1298.610217621072,37.50319695740621,127.02490310718325,573.0,259.0,taxi_2,picked
dyn_pax_119,315.0,2026-09-07 09:05:15,379463130#0,restaurant,,544.1425087303844,1128.5419490598922,37.501697156429024,127.02687101205116,347.0,32.0,taxi_29,picked
dyn_pax_120,320.0,2026-09-07 09:05:20,178441450#1,residential|company|restaurant|bus_stop,,282.90243066757296,609.4157395563556,37.496971320837204,127.02404044855805,342.0,22.0,taxi_45,picked
dyn_pax_121,321.0,2026-09-07 09:05:21,542367267#1,company|restaurant,,199.26981683313872,1381.121508122661,37.50390724154084,127.02291151664822,387.0,66.0,taxi_respawn_36,picked
dyn_pax_122,323.0,2026-09-07 09:05:23,-504509918#2,company|restaurant|bus_stop,,398.9694242295193,827.4758220967593,37.49895762305832,127.02530099003066,364.0,41.0,taxi_respawn_12,picked
dyn_pax_123,325.0,2026-09-07 09:05:25,218877837#2,company|restaurant|bus_stop,,479.4555212141038,978.0213907550284,37.500328997763305,127.02617530290202,516.0,191.0,taxi_13,picked
dyn_pax_124,326.0,2026-09-07 09:05:26,375049565#6,restaurant|subway_entrance|bus_stop,,789.5153251748014,798.8522330112556,37.49877353199428,127.02972351946808,424.0,98.0,taxi_46,picked
dyn_pax_125,329.0,2026-09-07 09:05:29,375049565#6,restaurant|subway_entrance|bus_stop,,789.5153251748014,798.8522330112556,37.49877353199428,127.02972351946808,433.0,104.0,taxi_38,picked
dyn_pax_126,332.0,2026-09-07 09:05:32,521770119#1,restaurant|bus_stop,,527.3115514435282,995.8620162900467,37.50049875494786,127.02671217090477,536.0,204.0,taxi_49,picked
dyn_pax_127,334.0,2026-09-07 09:05:34,1117538958#3,bus_stop,,160.18899290588462,540.6019911995099,37.49632820280781,127.02266936696756,391.0,57.0,taxi_respawn_17,picked
dyn_pax_128,337.0,2026-09-07 09:05:37,375049565#6,restaurant|subway_entrance|bus_stop,,789.5153251748014,798.8522330112556,37.49877353199428,127.02972351946808,556.0,219.0,taxi_respawn_28,picked
dyn_pax_129,340.0,2026-09-07 09:05:40,-542367267#1,bus_stop,,247.51018316686128,1414.7184918773391,37.504219024473855,127.02344900430944,403.0,63.0,taxi_21,picked
dyn_pax_130,342.0,2026-09-07 09:05:42,1117538957#3,restaurant|subway_entrance|bus_stop,,465.5082521847807,644.8780924026132,37.49732530507706,127.02609663221197,354.0,12.0,taxi_respawn_27,picked
dyn_pax_131,343.0,2026-09-07 09:05:43,521770119#1,restaurant|bus_stop,,527.3115514435282,995.8620162900467,37.50049875494786,127.02671217090477,593.0,250.0,taxi_respawn_25,picked
dyn_pax_132,345.0,2026-09-07 09:05:45,520307304#0,school|subway_entrance|bus_stop,,602.6035134310263,763.145495629718,37.498416594724866,127.02761864854104,586.0,241.0,taxi_respawn_16,picked
dyn_pax_133,345.0,2026-09-07 09:05:45,521766175#3,company|restaurant|subway_entrance|bus_stop,,373.6701172395771,1298.610217621072,37.50319695740621,127.02490310718325,,,,timeout
dyn_pax_134,347.0,2026-09-07 09:05:47,309155295#2,restaurant,,836.915506927576,584.1196133409687,37.49684809051661,127.03031028233906,376.0,29.0,taxi_0,picked
dyn_pax_135,349.0,2026-09-07 09:05:49,218857636#1,residential|company|restaurant|bus_stop,,297.92905089287035,623.2061345250047,37.49709839153085,127.02420706961871,412.0,63.0,taxi_40,picked
dyn_pax_136,351.0,2026-09-07 09:05:51,521766175#3,company|restaurant|subway_entrance|bus_stop,,373.6701172395771,1298.610217621072,37.50319695740621,127.02490310718325,,,,timeout
dyn_pax_137,351.0,2026-09-07 09:05:51,117823785#0,company|restaurant,,1360.8740206736493,851.0492627492013,37.499351351792384,127.0361713398344,,,,timeout
dyn_pax_138,355.0,2026-09-07 09:05:55,305539406,company|restaurant|subway_entrance,,566.389495917364,736.5285064605782,37.49816998085155,127.02721550408178,510.0,155.0,taxi_20,picked
dyn_pax_139,357.0,2026-09-07 09:05:57,975332778#1,bus_stop,,681.6099970732737,721.9380561808346,37.49806030190971,127.02852170075586,654.0,297.0,taxi_respawn_2,picked
dyn_pax_140,357.0,2026-09-07 09:05:57,-417750354#0,residential,,923.3498430372201,1041.2071047119894,37.5009819832587,127.03117938951307,406.0,49.0,taxi_7,picked
dyn_pax_141,358.0,2026-09-07 09:05:58,506191135#3,residential|company|restaurant|bus_stop,,238.79972345576414,789.4714057742513,37.49858497042428,127.023499044737,418.0,60.0,taxi_17,picked
dyn_pax_142,361.0,2026-09-07 09:06:01,521770119#0,restaurant|bus_stop,,548.9831206778387,935.1148840516827,37.499955620541705,127.02697161236954,430.0,69.0,taxi_respawn_32,picked
dyn_pax_143,365.0,2026-09-07 09:06:05,521766180#1,company|restaurant|bus_stop,,466.73410130235357,1169.2838037446552,37.502049542882666,127.02598608796039,728.0,363.0,taxi_19,picked
dyn_pax_144,365.0,2026-09-07 09:06:05,1117538957#3,restaurant|subway_entrance|bus_stop,,465.5082521847807,644.8780924026132,37.49732530507706,127.02609663221197,449.0,84.0,taxi_31,picked
dyn_pax_145,368.0,2026-09-07 09:06:08,1229817205#0,company|subway_entrance|bus_stop,,599.2457558679199,652.2907550986157,37.497417346160496,127.02760695963683,642.0,274.0,taxi_respawn_10,picked
dyn_pax_146,371.0,2026-09-07 09:06:11,-506191135#22,residential|company|restaurant|bus_stop,,38.693950105848444,1321.9513167019495,37.50334380565249,127.02110990869835,596.0,225.0,taxi_respawn_26,picked
dyn_pax_147,372.0,2026-09-07 09:06:12,1229817205#0,company|subway_entrance|bus_stop,,599.2457558679199,652.2907550986157,37.497417346160496,127.02760695963683,811.0,439.0,taxi_36,picked
dyn_pax_148,374.0,2026-09-07 09:06:14,417933642#0,restaurant|bus_stop,,1041.0954363710525,463.30841921497654,37.49579826441859,127.03264736696761,727.0,353.0,taxi_respawn_22,picked
dyn_pax_149,374.0,2026-09-07 09:06:14,219837933#0,residential|company,,49.0199205680682,1328.1480294371383,37.503401583976704,127.02122519296726,561.0,187.0,taxi_respawn_24,picked
dyn_pax_150,377.0,2026-09-07 09:06:17,1229817205#0,company|subway_entrance|bus_stop,,599.2457558679199,652.2907550986157,37.497417346160496,127.02760695963683,990.0,613.0,taxi_47,picked
dyn_pax_151,384.0,2026-09-07 09:06:24,521770119#1,restaurant|bus_stop,,527.3115514435282,995.8620162900467,37.50049875494786,127.02671217090477,640.0,256.0,taxi_respawn_38,picked
dyn_pax_152,385.0,2026-09-07 09:06:25,129733424#0,restaurant,,719.7944869540754,1033.9950883209078,37.500878618503414,127.0288795122034,450.0,65.0,taxi_27,picked
dyn_pax_153,388.0,2026-09-07 09:06:28,1117538957#3,restaurant|subway_entrance|bus_stop,,465.5082521847807,644.8780924026132,37.49732530507706,127.02609663221197,526.0,138.0,taxi_respawn_21,picked
dyn_pax_154,389.0,2026-09-07 09:06:29,218873820#0,restaurant|subway_entrance|bus_stop,,628.9829311132032,562.4061665928522,37.49661325243901,127.02796447999128,830.0,441.0,taxi_26,picked
dyn_pax_155,394.0,2026-09-07 09:06:34,-417933645#2,company|restaurant|subway_entrance,,701.1658676593129,719.5455833044954,37.49804244093877,127.02874337560036,527.0,133.0,taxi_respawn_6,picked
dyn_pax_156,395.0,2026-09-07 09:06:35,417933642#0,restaurant|bus_stop,,1041.0954363710525,463.30841921497654,37.49579826441859,127.03264736696761,812.0,417.0,taxi_respawn_9,picked
dyn_pax_157,397.0,2026-09-07 09:06:37,1117538958#3,bus_stop,,160.18899290588462,540.6019911995099,37.49632820280781,127.02266936696756,462.0,65.0,taxi_respawn_11,picked
dyn_pax_158,401.0,2026-09-07 09:06:41,218864491#0,restaurant|bus_stop,,769.9803916976219,760.1217113917903,37.49842094941813,127.02951181742357,779.0,378.0,taxi_respawn_13,picked
dyn_pax_159,401.0,2026-09-07 09:06:41,117790039#3,restaurant,,1021.8645860465238,1004.4924062015546,37.500669811640854,127.03230197280303,442.0,41.0,taxi_respawn_13,picked
dyn_pax_160,406.0,2026-09-07 09:06:46,523141074#0,company|restaurant|subway_entrance,,524.0338794858329,871.4890157117229,37.4993777454413,127.02670460634431,502.0,96.0,taxi_42,picked
dyn_pax_161,407.0,2026-09-07 09:06:47,480850873,company|restaurant|bus_stop,,548.1935052770749,708.5896639848544,37.49791486187585,127.0270163956136,855.0,448.0,taxi_8,picked
dyn_pax_162,409.0,2026-09-07 09:06:49,1117538958#3,bus_stop,,160.18899290588462,540.6019911995099,37.49632820280781,127.02266936696756,448.0,39.0,taxi_6,picked
dyn_pax_163,414.0,2026-09-07 09:06:54,1117538957#3,restaurant|subway_entrance|bus_stop,,465.5082521847807,644.8780924026132,37.49732530507706,127.02609663221197,507.0,93.0,taxi_respawn_5,picked
dyn_pax_164,416.0,2026-09-07 09:06:56,-309155295#2,restaurant,,851.6644930724242,598.8503866590313,37.496983571544654,127.03047355257749,596.0,180.0,taxi_9,picked
dyn_pax_165,417.0,2026-09-07 09:06:57,1376141182#0,bus_stop,,385.7154046370183,1301.0311255965628,37.50322104370192,127.02503873135461,744.0,327.0,taxi_respawn_31,picked
dyn_pax_166,419.0,2026-09-07 09:06:59,129731858#2,restaurant,,783.9672744139122,855.548332172334,37.49928322221005,127.02964736483162,573.0,154.0,taxi_respawn_27,picked
dyn_pax_167,420.0,2026-09-07 09:07:00,218857636#1,residential|company|restaurant|bus_stop,,297.92905089287035,623.2061345250047,37.49709839153085,127.02420706961871,432.0,12.0,taxi_respawn_10,picked
dyn_pax_168,432.0,2026-09-07 09:07:12,1229817205#0,company|subway_entrance|bus_stop,,599.2457558679199,652.2907550986157,37.497417346160496,127.02760695963683,914.0,482.0,taxi_respawn_30,picked
dyn_pax_169,433.0,2026-09-07 09:07:13,521766180#1,company|restaurant|bus_stop,,466.73410130235357,1169.2838037446552,37.502049542882666,127.02598608796039,562.0,129.0,taxi_respawn_36,picked
dyn_pax_170,435.0,2026-09-07 09:07:15,521766175#3,company|restaurant|subway_entrance|bus_stop,,373.6701172395771,1298.610217621072,37.50319695740621,127.02490310718325,908.0,473.0,taxi_respawn_2,picked
dyn_pax_171,437.0,2026-09-07 09:07:17,305539406,company|restaurant|subway_entrance,,566.389495917364,736.5285064605782,37.49816998085155,127.02721550408178,586.0,149.0,taxi_21,picked
dyn_pax_172,438.0,2026-09-07 09:07:18,521770119#1,restaurant|bus_stop,,527.3115514435282,995.8620162900467,37.50049875494786,127.02671217090477,682.0,244.0,taxi_5,picked
dyn_pax_173,440.0,2026-09-07 09:07:20,521766180#1,company|restaurant|bus_stop,,466.73410130235357,1169.2838037446552,37.502049542882666,127.02598608796039,1033.0,593.0,taxi_24,picked
dyn_pax_174,441.0,2026-09-07 09:07:21,305539406,company|restaurant|subway_entrance,,566.389495917364,736.5285064605782,37.49816998085155,127.02721550408178,688.0,247.0,taxi_34,picked
dyn_pax_175,444.0,2026-09-07 09:07:24,521766175#1,company|restaurant|subway_entrance,,332.9365590021661,1411.5585828157227,37.504206724109,127.02441570308932,510.0,66.0,taxi_respawn_14,picked
dyn_pax_176,449.0,2026-09-07 09:07:29,506191135#3,residential|company|restaurant|bus_stop,,238.79972345576414,789.4714057742513,37.49858497042428,127.023499044737,515.0,66.0,taxi_respawn_29,picked
dyn_pax_177,450.0,2026-09-07 09:07:30,178441450#1,residential|company|restaurant|bus_stop,,282.90243066757296,609.4157395563556,37.496971320837204,127.02404044855805,468.0,18.0,taxi_36,picked
dyn_pax_178,455.0,2026-09-07 09:07:35,-542367267#1,bus_stop,,247.51018316686128,1414.7184918773391,37.504219024473855,127.02344900430944,551.0,96.0,taxi_40,picked
dyn_pax_179,458.0,2026-09-07 09:07:38,-541692164#2,subway_entrance,,317.7122087179151,1441.0296574375257,37.504469327730426,127.0242365566347,579.0,121.0,taxi_respawn_7,picked
dyn_pax_180,460.0,2026-09-07 09:07:40,521766175#1,company|restaurant|subway_entrance,,332.9365590021661,1411.5585828157227,37.504206724109,127.02441570308932,,,,timeout
dyn_pax_181,460.0,2026-09-07 09:07:40,-26163000#3,restaurant,,588.7487146070255,1286.0705793093782,37.50312464930957,127.02733802606956,520.0,60.0,taxi_33,picked
dyn_pax_182,461.0,2026-09-07 09:07:41,506191135#3,residential|company|restaurant|bus_stop,,238.79972345576414,789.4714057742513,37.49858497042428,127.023499044737,520.0,59.0,taxi_14,picked
dyn_pax_183,462.0,2026-09-07 09:07:42,218864491#0,restaurant|bus_stop,,769.9803916976219,760.1217113917903,37.49842094941813,127.02951181742357,684.0,222.0,taxi_respawn_30,picked
dyn_pax_184,463.0,2026-09-07 09:07:43,218873820#0,restaurant|subway_entrance|bus_stop,,628.9829311132032,562.4061665928522,37.49661325243901,127.02796447999128,920.0,457.0,taxi_0,picked
dyn_pax_185,472.0,2026-09-07 09:07:52,1376141182#0,bus_stop,,385.7154046370183,1301.0311255965628,37.50322104370192,127.02503873135461,1111.0,639.0,taxi_3,picked
dyn_pax_186,475.0,2026-09-07 09:07:55,1229817205#0,company|subway_entrance|bus_stop,,599.2457558679199,652.2907550986157,37.497417346160496,127.02760695963683,1082.0,607.0,taxi_46,picked
dyn_pax_187,478.0,2026-09-07 09:07:58,417750337#1,restaurant,,654.3039749436668,1311.1147669608317,37.50336263595113,127.02807333923603,560.0,82.0,taxi_respawn_8,picked
dyn_pax_188,479.0,2026-09-07 09:07:59,218857636#1,residential|company|restaurant|bus_stop,,297.92905089287035,623.2061345250047,37.49709839153085,127.02420706961871,596.0,117.0,taxi_35,picked
dyn_pax_189,482.0,2026-09-07 09:08:02,178441450#1,residential|company|restaurant|bus_stop,,282.90243066757296,609.4157395563556,37.496971320837204,127.02404044855805,568.0,86.0,taxi_respawn_33,picked
dyn_pax_190,483.0,2026-09-07 09:08:03,521770119#0,restaurant|bus_stop,,548.9831206778387,935.1148840516827,37.499955620541705,127.02697161236954,526.0,43.0,taxi_respawn_9,picked
dyn_pax_191,484.0,2026-09-07 09:08:04,506191135#3,residential|company|restaurant|bus_stop,,238.79972345576414,789.4714057742513,37.49858497042428,127.023499044737,581.0,97.0,taxi_respawn_19,picked
dyn_pax_192,486.0,2026-09-07 09:08:06,1229817205#1,residential|bus_stop,,631.6400080768872,572.7061575261558,37.49670653972221,127.02799208080955,913.0,427.0,taxi_respawn_15,picked
dyn_pax_193,487.0,2026-09-07 09:08:07,521770119#1,restaurant|bus_stop,,527.3115514435282,995.8620162900467,37.50049875494786,127.02671217090477,,,,timeout
dyn_pax_194,489.0,2026-09-07 09:08:09,218864491#0,restaurant|bus_stop,,769.9803916976219,760.1217113917903,37.49842094941813,127.02951181742357,871.0,382.0,taxi_17,picked
dyn_pax_195,490.0,2026-09-07 09:08:10,521766182#1,company|restaurant|subway_entrance,,681.695169875507,539.6867345716422,37.496418539503196,127.02856584056028,563.0,73.0,taxi_respawn_12,picked
dyn_pax_196,493.0,2026-09-07 09:08:13,521766175#3,company|restaurant|subway_entrance|bus_stop,,373.6701172395771,1298.610217621072,37.50319695740621,127.02490310718325,,,,timeout
dyn_pax_197,497.0,2026-09-07 09:08:17,129731857#1,residential|restaurant,,656.8212873140518,799.6615847813327,37.498755780674834,127.02822301071001,,,,timeout
dyn_pax_198,498.0,2026-09-07 09:08:18,-417933645#2,company|restaurant|subway_entrance,,701.1658676593129,719.5455833044954,37.49804244093877,127.02874337560036,627.0,129.0,taxi_respawn_39,picked
dyn_pax_199,501.0,2026-09-07 09:08:21,494824662#3,company|restaurant|subway_entrance,,729.424850252167,406.6843378518681,37.49522941823122,127.02913698209235,894.0,393.0,taxi_respawn_38,picked
dyn_pax_200,502.0,2026-09-07 09:08:22,521770119#0,restaurant|bus_stop,,548.9831206778387,935.1148840516827,37.499955620541705,127.02697161236954,612.0,110.0,taxi_7,picked
dyn_pax_201,504.0,2026-09-07 09:08:24,305539406,company|restaurant|subway_entrance,,566.389495917364,736.5285064605782,37.49816998085155,127.02721550408178,638.0,134.0,taxi_respawn_17,picked
dyn_pax_202,505.0,2026-09-07 09:08:25,-541692164#2,subway_entrance,,317.7122087179151,1441.0296574375257,37.504469327730426,127.0242365566347,,,,timeout
dyn_pax_203,507.0,2026-09-07 09:08:27,218873820#0,restaurant|subway_entrance|bus_stop,,628.9829311132032,562.4061665928522,37.49661325243901,127.02796447999128,1099.0,592.0,taxi_27,picked
dyn_pax_204,509.0,2026-09-07 09:08:29,1229817205#0,company|subway_entrance|bus_stop,,599.2457558679199,652.2907550986157,37.497417346160496,127.02760695963683,,,,timeout
dyn_pax_205,512.0,2026-09-07 09:08:32,375049565#6,restaurant|subway_entrance|bus_stop,,789.5153251748014,798.8522330112556,37.49877353199428,127.02972351946808,570.0,58.0,taxi_31,picked
dyn_pax_206,516.0,2026-09-07 09:08:36,218873820#0,restaurant|subway_entrance|bus_stop,,628.9829311132032,562.4061665928522,37.49661325243901,127.02796447999128,,,,timeout
dyn_pax_207,518.0,2026-09-07 09:08:38,521770119#0,restaurant|bus_stop,,548.9831206778387,935.1148840516827,37.499955620541705,127.02697161236954,786.0,268.0,taxi_respawn_1,picked
dyn_pax_208,520.0,2026-09-07 09:08:40,417933646#0,restaurant,,894.2617302193242,410.3206078764906,37.49529326349135,127.03099977850056,,,,timeout
dyn_pax_209,522.0,2026-09-07 09:08:42,-417933645#2,company|restaurant|subway_entrance,,701.1658676593129,719.5455833044954,37.49804244093877,127.02874337560036,781.0,259.0,taxi_37,picked
dyn_pax_210,523.0,2026-09-07 09:08:43,-309155295#2,restaurant,,851.6644930724242,598.8503866590313,37.496983571544654,127.03047355257749,695.0,172.0,taxi_11,picked
dyn_pax_211,524.0,2026-09-07 09:08:44,-541692164#2,subway_entrance,,317.7122087179151,1441.0296574375257,37.504469327730426,127.0242365566347,,,,timeout
dyn_pax_212,525.0,2026-09-07 09:08:45,521770119#1,restaurant|bus_stop,,527.3115514435282,995.8620162900467,37.50049875494786,127.02671217090477,,,,timeout
dyn_pax_213,527.0,2026-09-07 09:08:47,218873820#0,restaurant|subway_entrance|bus_stop,,628.9829311132032,562.4061665928522,37.49661325243901,127.02796447999128,,,,timeout
dyn_pax_214,533.0,2026-09-07 09:08:53,541692164#1,subway_entrance,,271.6277521231475,1406.6420105391767,37.5041508337347,127.02372362926798,640.0,107.0,taxi_6,picked
dyn_pax_215,535.0,2026-09-07 09:08:55,520307304#0,school|subway_entrance|bus_stop,,602.6035134310263,763.145495629718,37.498416594724866,127.02761864854104,869.0,334.0,taxi_1,picked
dyn_pax_216,536.0,2026-09-07 09:08:56,-504509918#2,company|restaurant|bus_stop,,398.9694242295193,827.4758220967593,37.49895762305832,127.02530099003066,598.0,62.0,taxi_respawn_35,picked
dyn_pax_217,539.0,2026-09-07 09:08:59,1117538958#2,company,,104.12900552775619,520.131995808405,37.496133188537314,127.02204040818502,642.0,103.0,taxi_respawn_34,picked
dyn_pax_218,544.0,2026-09-07 09:09:04,521770119#1,restaurant|bus_stop,,527.3115514435282,995.8620162900467,37.50049875494786,127.02671217090477,,,,timeout
dyn_pax_219,545.0,2026-09-07 09:09:05,417933642#0,restaurant|bus_stop,,1041.0954363710525,463.30841921497654,37.49579826441859,127.03264736696761,819.0,274.0,taxi_41,picked
dyn_pax_220,547.0,2026-09-07 09:09:07,-506191135#22,residential|company|restaurant|bus_stop,,38.693950105848444,1321.9513167019495,37.50334380565249,127.02110990869835,627.0,80.0,taxi_38,picked
dyn_pax_221,551.0,2026-09-07 09:09:11,506191135#3,residential|company|restaurant|bus_stop,,238.79972345576414,789.4714057742513,37.49858497042428,127.023499044737,719.0,168.0,taxi_40,picked
dyn_pax_222,553.0,2026-09-07 09:09:13,521766182#1,company|restaurant|subway_entrance,,681.695169875507,539.6867345716422,37.496418539503196,127.02856584056028,766.0,213.0,taxi_21,picked
dyn_pax_223,555.0,2026-09-07 09:09:15,521766175#1,company|restaurant|subway_entrance,,332.9365590021661,1411.5585828157227,37.504206724109,127.02441570308932,,,,timeout
dyn_pax_224,556.0,2026-09-07 09:09:16,305539406,company|restaurant|subway_entrance,,566.389495917364,736.5285064605782,37.49816998085155,127.02721550408178,755.0,199.0,taxi_45,picked
dyn_pax_225,558.0,2026-09-07 09:09:18,309155295#0,company|restaurant,,688.2712938579457,529.5739965525526,37.49632868191341,127.02864258735015,637.0,79.0,taxi_4,picked
dyn_pax_226,563.0,2026-09-07 09:09:23,521766180#1,company|restaurant|bus_stop,,466.73410130235357,1169.2838037446552,37.502049542882666,127.02598608796039,742.0,179.0,taxi_3,picked
dyn_pax_227,567.0,2026-09-07 09:09:27,218877837#2,company|restaurant|bus_stop,,479.4555212141038,978.0213907550284,37.500328997763305,127.02617530290202,664.0,97.0,taxi_29,picked
dyn_pax_228,570.0,2026-09-07 09:09:30,-504509918#2,company|restaurant|bus_stop,,398.9694242295193,827.4758220967593,37.49895762305832,127.02530099003066,690.0,120.0,taxi_44,picked
dyn_pax_229,571.0,2026-09-07 09:09:31,218873820#0,restaurant|subway_entrance|bus_stop,,628.9829311132032,562.4061665928522,37.49661325243901,127.02796447999128,1127.0,556.0,taxi_14,picked
dyn_pax_230,573.0,2026-09-07 09:09:33,218877837#2,company|restaurant|bus_stop,,479.4555212141038,978.0213907550284,37.500328997763305,127.02617530290202,738.0,165.0,taxi_respawn_11,picked
dyn_pax_231,574.0,2026-09-07 09:09:34,520307304#0,school|subway_entrance|bus_stop,,602.6035134310263,763.145495629718,37.498416594724866,127.02761864854104,1306.0,732.0,taxi_42,picked
dyn_pax_232,576.0,2026-09-07 09:09:36,1229817205#1,residential|bus_stop,,631.6400080768872,572.7061575261558,37.49670653972221,127.02799208080955,1986.0,1410.0,taxi_respawn_24,picked
dyn_pax_233,577.0,2026-09-07 09:09:37,218864491#0,restaurant|bus_stop,,769.9803916976219,760.1217113917903,37.49842094941813,127.02951181742357,865.0,288.0,taxi_respawn_23,picked
dyn_pax_234,579.0,2026-09-07 09:09:39,417933642#0,restaurant|bus_stop,,1041.0954363710525,463.30841921497654,37.49579826441859,127.03264736696761,855.0,276.0,taxi_respawn_24,picked
dyn_pax_235,581.0,2026-09-07 09:09:41,218864491#0,restaurant|bus_stop,,769.9803916976219,760.1217113917903,37.49842094941813,127.02951181742357,876.0,295.0,taxi_respawn_6,picked
dyn_pax_236,582.0,2026-09-07 09:09:42,218857636#1,residential|company|restaurant|bus_stop,,297.92905089287035,623.2061345250047,37.49709839153085,127.02420706961871,1001.0,419.0,taxi_13,picked
dyn_pax_237,584.0,2026-09-07 09:09:44,218877837#2,company|restaurant|bus_stop,,479.4555212141038,978.0213907550284,37.500328997763305,127.02617530290202,827.0,243.0,taxi_23,picked
dyn_pax_238,587.0,2026-09-07 09:09:47,417750337#1,restaurant,,654.3039749436668,1311.1147669608317,37.50336263595113,127.02807333923603,758.0,171.0,taxi_31,picked
dyn_pax_239,588.0,2026-09-07 09:09:48,-506191135#2,residential|bus_stop,,236.19733776439384,769.6838415951818,37.49840622577806,127.02347432089968,628.0,40.0,taxi_42,picked
dyn_pax_240,590.0,2026-09-07 09:09:50,521766175#3,company|restaurant|subway_entrance|bus_stop,,373.6701172395771,1298.610217621072,37.50319695740621,127.02490310718325,,,,timeout
dyn_pax_241,592.0,2026-09-07 09:09:52,375049565#6,restaurant|subway_entrance|bus_stop,,789.5153251748014,798.8522330112556,37.49877353199428,127.02972351946808,652.0,60.0,taxi_27,picked
dyn_pax_242,595.0,2026-09-07 09:09:55,117790045#3,restaurant,,504.6202003222114,1382.6101305390487,37.50397841113055,127.02636386411817,795.0,200.0,taxi_10,picked
dyn_pax_243,596.0,2026-09-07 09:09:56,541692164#1,subway_entrance,,271.6277521231475,1406.6420105391767,37.5041508337347,127.02372362926798,773.0,177.0,taxi_35,picked
dyn_pax_244,601.0,2026-09-07 09:10:01,541692164#1,subway_entrance,,271.6277521231475,1406.6420105391767,37.5041508337347,127.02372362926798,907.0,306.0,taxi_7,picked
dyn_pax_245,604.0,2026-09-07 09:10:04,-417933645#2,company|restaurant|subway_entrance,,701.1658676593129,719.5455833044954,37.49804244093877,127.02874337560036,819.0,215.0,taxi_respawn_7,picked
dyn_pax_246,608.0,2026-09-07 09:10:08,218857636#1,residential|company|restaurant|bus_stop,,297.92905089287035,623.2061345250047,37.49709839153085,127.02420706961871,680.0,72.0,taxi_18,picked
dyn_pax_247,613.0,2026-09-07 09:10:13,521770116#2,company|restaurant|bus_stop,,432.3182248087171,1108.514093563608,37.50149560521279,127.02561136613096,762.0,149.0,taxi_respawn_37,picked
dyn_pax_248,614.0,2026-09-07 09:10:14,375049565#6,restaurant|subway_entrance|bus_stop,,789.5153251748014,798.8522330112556,37.49877353199428,127.02972351946808,692.0,78.0,taxi_22,picked
dyn_pax_249,616.0,2026-09-07 09:10:16,1117538958#3,bus_stop,,160.18899290588462,540.6019911995099,37.49632820280781,127.02266936696756,653.0,37.0,taxi_1,picked
dyn_pax_250,620.0,2026-09-07 09:10:20,521766175#3,company|restaurant|subway_entrance|bus_stop,,373.6701172395771,1298.610217621072,37.50319695740621,127.02490310718325,1110.0,490.0,taxi_respawn_31,picked
dyn_pax_251,622.0,2026-09-07 09:10:22,-506191135#22,residential|company|restaurant|bus_stop,,38.693950105848444,1321.9513167019495,37.50334380565249,127.02110990869835,678.0,56.0,taxi_respawn_20,picked
dyn_pax_252,623.0,2026-09-07 09:10:23,521766175#3,company|restaurant|subway_entrance|bus_stop,,373.6701172395771,1298.610217621072,37.50319695740621,127.02490310718325,,,,timeout
dyn_pax_253,625.0,2026-09-07 09:10:25,-541692164#2,subway_entrance,,317.7122087179151,1441.0296574375257,37.504469327730426,127.0242365566347,,,,timeout
dyn_pax_254,628.0,2026-09-07 09:10:28,305539406,company|restaurant|subway_entrance,,566.389495917364,736.5285064605782,37.49816998085155,127.02721550408178,742.0,114.0,taxi_respawn_26,picked
dyn_pax_255,630.0,2026-09-07 09:10:30,506191135#3,residential|company|restaurant|bus_stop,,238.79972345576414,789.4714057742513,37.49858497042428,127.023499044737,804.0,174.0,taxi_respawn_3,picked
dyn_pax_256,631.0,2026-09-07 09:10:31,523141074#0,company|restaurant|subway_entrance,,524.0338794858329,871.4890157117229,37.4993777454413,127.02670460634431,682.0,51.0,taxi_46,picked
dyn_pax_257,635.0,2026-09-07 09:10:35,506191135#3,residential|company|restaurant|bus_stop,,238.79972345576414,789.4714057742513,37.49858497042428,127.023499044737,1046.0,411.0,taxi_respawn_4,picked
dyn_pax_258,636.0,2026-09-07 09:10:36,218873820#0,restaurant|subway_entrance|bus_stop,,628.9829311132032,562.4061665928522,37.49661325243901,127.02796447999128,1187.0,551.0,taxi_9,picked
dyn_pax_259,637.0,2026-09-07 09:10:37,-506191135#2,residential|bus_stop,,236.19733776439384,769.6838415951818,37.49840622577806,127.02347432089968,703.0,66.0,taxi_39,picked
dyn_pax_260,638.0,2026-09-07 09:10:38,521766180#1,company|restaurant|bus_stop,,466.73410130235357,1169.2838037446552,37.502049542882666,127.02598608796039,832.0,194.0,taxi_2,picked
dyn_pax_261,640.0,2026-09-07 09:10:40,218873820#0,restaurant|subway_entrance|bus_stop,,628.9829311132032,562.4061665928522,37.49661325243901,127.02796447999128,,,,timeout
dyn_pax_262,645.0,2026-09-07 09:10:45,1376141182#0,bus_stop,,385.7154046370183,1301.0311255965628,37.50322104370192,127.02503873135461,1103.0,458.0,taxi_20,picked
dyn_pax_263,646.0,2026-09-07 09:10:46,541692164#1,subway_entrance,,271.6277521231475,1406.6420105391767,37.5041508337347,127.02372362926798,913.0,267.0,taxi_29,picked
dyn_pax_264,648.0,2026-09-07 09:10:48,521766180#1,company|restaurant|bus_stop,,466.73410130235357,1169.2838037446552,37.502049542882666,127.02598608796039,917.0,269.0,taxi_6,picked
dyn_pax_265,655.0,2026-09-07 09:10:55,417933642#0,restaurant|bus_stop,,1041.0954363710525,463.30841921497654,37.49579826441859,127.03264736696761,865.0,210.0,taxi_respawn_36,picked
dyn_pax_266,657.0,2026-09-07 09:10:57,975332778#1,bus_stop,,681.6099970732737,721.9380561808346,37.49806030190971,127.02852170075586,888.0,231.0,taxi_12,picked
dyn_pax_267,660.0,2026-09-07 09:11:00,521766175#3,company|restaurant|subway_entrance|bus_stop,,373.6701172395771,1298.610217621072,37.50319695740621,127.02490310718325,,,,timeout
dyn_pax_268,662.0,2026-09-07 09:11:02,1117538957#3,restaurant|subway_entrance|bus_stop,,465.5082521847807,644.8780924026132,37.49732530507706,127.02609663221197,739.0,77.0,taxi_respawn_32,picked
dyn_pax_269,663.0,2026-09-07 09:11:03,178441450#1,residential|company|restaurant|bus_stop,,282.90243066757296,609.4157395563556,37.496971320837204,127.02404044855805,762.0,99.0,taxi_respawn_28,picked
dyn_pax_270,665.0,2026-09-07 09:11:05,975332778#1,bus_stop,,681.6099970732737,721.9380561808346,37.49806030190971,127.02852170075586,961.0,296.0,taxi_41,picked
dyn_pax_271,668.0,2026-09-07 09:11:08,-506191135#22,residential|company|restaurant|bus_stop,,38.693950105848444,1321.9513167019495,37.50334380565249,127.02110990869835,844.0,176.0,taxi_respawn_34,picked
dyn_pax_272,669.0,2026-09-07 09:11:09,520307304#0,school|subway_entrance|bus_stop,,602.6035134310263,763.145495629718,37.498416594724866,127.02761864854104,1395.0,726.0,taxi_respawn_21,picked
dyn_pax_273,671.0,2026-09-07 09:11:11,521770119#1,restaurant|bus_stop,,527.3115514435282,995.8620162900467,37.50049875494786,127.02671217090477,,,,timeout
dyn_pax_274,672.0,2026-09-07 09:11:12,1229817205#1,residential|bus_stop,,631.6400080768872,572.7061575261558,37.49670653972221,127.02799208080955,2075.0,1403.0,taxi_40,picked
dyn_pax_275,674.0,2026-09-07 09:11:14,218873820#0,restaurant|subway_entrance|bus_stop,,628.9829311132032,562.4061665928522,37.49661325243901,127.02796447999128,,,,timeout
dyn_pax_276,677.0,2026-09-07 09:11:17,-541692164#2,subway_entrance,,317.7122087179151,1441.0296574375257,37.504469327730426,127.0242365566347,,,,timeout
dyn_pax_277,681.0,2026-09-07 09:11:21,-309155295#1,residential|restaurant,,820.2174803017108,588.0239695218922,37.496880113093034,127.03012056506905,705.0,24.0,taxi_47,picked
dyn_pax_278,682.0,2026-09-07 09:11:22,521770119#0,restaurant|bus_stop,,548.9831206778387,935.1148840516827,37.499955620541705,127.02697161236954,,,,timeout
dyn_pax_279,683.0,2026-09-07 09:11:23,218873820#0,restaurant|subway_entrance|bus_stop,,628.9829311132032,562.4061665928522,37.49661325243901,127.02796447999128,,,,timeout
dyn_pax_280,684.0,2026-09-07 09:11:24,-523141073,residential|company,,283.47995026542384,1109.9635024546676,37.50148051131825,127.02392811188028,708.0,24.0,taxi_30,picked
dyn_pax_281,686.0,2026-09-07 09:11:26,494824662#3,company|restaurant|subway_entrance,,729.424850252167,406.6843378518681,37.49522941823122,127.02913698209235,971.0,285.0,taxi_respawn_11,picked
dyn_pax_282,689.0,2026-09-07 09:11:29,417933642#0,restaurant|bus_stop,,1041.0954363710525,463.30841921497654,37.49579826441859,127.03264736696761,,,,timeout
dyn_pax_283,692.0,2026-09-07 09:11:32,521770116#2,company|restaurant|bus_stop,,432.3182248087171,1108.514093563608,37.50149560521279,127.02561136613096,823.0,131.0,taxi_38,picked
dyn_pax_284,699.0,2026-09-07 09:11:39,521766175#3,company|restaurant|subway_entrance|bus_stop,,373.6701172395771,1298.610217621072,37.50319695740621,127.02490310718325,1182.0,483.0,taxi_respawn_6,picked
dyn_pax_285,700.0,2026-09-07 09:11:40,520307304#0,school|subway_entrance|bus_stop,,602.6035134310263,763.145495629718,37.498416594724866,127.02761864854104,1047.0,347.0,taxi_respawn_13,picked
dyn_pax_286,702.0,2026-09-07 09:11:42,218873820#0,restaurant|subway_entrance|bus_stop,,628.9829311132032,562.4061665928522,37.49661325243901,127.02796447999128,,,,timeout
dyn_pax_287,705.0,2026-09-07 09:11:45,1229817205#1,residential|bus_stop,,631.6400080768872,572.7061575261558,37.49670653972221,127.02799208080955,1264.0,559.0,taxi_36,picked
dyn_pax_288,706.0,2026-09-07 09:11:46,494824662#3,company|restaurant|subway_entrance,,729.424850252167,406.6843378518681,37.49522941823122,127.02913698209235,1187.0,481.0,taxi_44,picked
dyn_pax_289,709.0,2026-09-07 09:11:49,520307304#0,school|subway_entrance|bus_stop,,602.6035134310263,763.145495629718,37.498416594724866,127.02761864854104,,,,timeout
dyn_pax_290,712.0,2026-09-07 09:11:52,305539406,company|restaurant|subway_entrance,,566.389495917364,736.5285064605782,37.49816998085155,127.02721550408178,829.0,117.0,taxi_respawn_4,picked
dyn_pax_291,714.0,2026-09-07 09:11:54,417933642#0,restaurant|bus_stop,,1041.0954363710525,463.30841921497654,37.49579826441859,127.03264736696761,,,,timeout
dyn_pax_292,714.0,2026-09-07 09:11:54,178441450#1,residential|company|restaurant|bus_stop,,282.90243066757296,609.4157395563556,37.496971320837204,127.02404044855805,774.0,60.0,taxi_respawn_14,picked
dyn_pax_293,715.0,2026-09-07 09:11:55,-504509918#2,company|restaurant|bus_stop,,398.9694242295193,827.4758220967593,37.49895762305832,127.02530099003066,772.0,57.0,taxi_49,picked
dyn_pax_294,717.0,2026-09-07 09:11:57,521770119#0,restaurant|bus_stop,,548.9831206778387,935.1148840516827,37.499955620541705,127.02697161236954,,,,timeout
dyn_pax_295,719.0,2026-09-07 09:11:59,628232693#0,company|restaurant,,644.2623295929467,660.168099777976,37.49749680792099,127.0281140674837,808.0,89.0,taxi_14,picked
dyn_pax_296,720.0,2026-09-07 09:12:00,1117538957#3,restaurant|subway_entrance|bus_stop,,465.5082521847807,644.8780924026132,37.49732530507706,127.02609663221197,758.0,38.0,taxi_respawn_35,picked
dyn_pax_297,721.0,2026-09-07 09:12:01,1229817205#1,residential|bus_stop,,631.6400080768872,572.7061575261558,37.49670653972221,127.02799208080955,1268.0,547.0,taxi_0,picked
dyn_pax_298,721.0,2026-09-07 09:12:01,218877837#2,company|restaurant|bus_stop,,479.4555212141038,978.0213907550284,37.500328997763305,127.02617530290202,1145.0,424.0,taxi_respawn_15,picked
dyn_pax_299,723.0,2026-09-07 09:12:03,1117538957#3,restaurant|subway_entrance|bus_stop,,465.5082521847807,644.8780924026132,37.49732530507706,127.02609663221197,747.0,24.0,taxi_respawn_17,picked
dyn_pax_300,726.0,2026-09-07 09:12:06,521770119#0,restaurant|bus_stop,,548.9831206778387,935.1148840516827,37.499955620541705,127.02697161236954,,,,timeout
dyn_pax_301,728.0,2026-09-07 09:12:08,521766175#3,company|restaurant|subway_entrance|bus_stop,,373.6701172395771,1298.610217621072,37.50319695740621,127.02490310718325,,,,timeout
dyn_pax_302,729.0,2026-09-07 09:12:09,494824662#3,company|restaurant|subway_entrance,,729.424850252167,406.6843378518681,37.49522941823122,127.02913698209235,,,,timeout
dyn_pax_303,731.0,2026-09-07 09:12:11,975332778#1,bus_stop,,681.6099970732737,721.9380561808346,37.49806030190971,127.02852170075586,966.0,235.0,taxi_respawn_28,picked
dyn_pax_304,734.0,2026-09-07 09:12:14,521770119#1,restaurant|bus_stop,,527.3115514435282,995.8620162900467,37.50049875494786,127.02671217090477,,,,timeout
dyn_pax_305,735.0,2026-09-07 09:12:15,218877837#2,company|restaurant|bus_stop,,479.4555212141038,978.0213907550284,37.500328997763305,127.02617530290202,,,,timeout
dyn_pax_306,741.0,2026-09-07 09:12:21,375049565#6,restaurant|subway_entrance|bus_stop,,789.5153251748014,798.8522330112556,37.49877353199428,127.02972351946808,925.0,184.0,taxi_34,picked
dyn_pax_307,743.0,2026-09-07 09:12:23,521770119#0,restaurant|bus_stop,,548.9831206778387,935.1148840516827,37.499955620541705,127.02697161236954,,,,timeout
dyn_pax_308,745.0,2026-09-07 09:12:25,218877837#2,company|restaurant|bus_stop,,479.4555212141038,978.0213907550284,37.500328997763305,127.02617530290202,,,,timeout
dyn_pax_309,746.0,2026-09-07 09:12:26,-542367267#1,bus_stop,,247.51018316686128,1414.7184918773391,37.504219024473855,127.02344900430944,822.0,76.0,taxi_respawn_29,picked
dyn_pax_310,749.0,2026-09-07 09:12:29,1117538958#3,bus_stop,,160.18899290588462,540.6019911995099,37.49632820280781,127.02266936696756,763.0,14.0,taxi_respawn_15,picked
dyn_pax_311,752.0,2026-09-07 09:12:32,218877837#2,company|restaurant|bus_stop,,479.4555212141038,978.0213907550284,37.500328997763305,127.02617530290202,,,,timeout
dyn_pax_312,754.0,2026-09-07 09:12:34,975332778#1,bus_stop,,681.6099970732737,721.9380561808346,37.49806030190971,127.02852170075586,1065.0,311.0,taxi_respawn_34,picked
dyn_pax_313,757.0,2026-09-07 09:12:37,1376141182#0,bus_stop,,385.7154046370183,1301.0311255965628,37.50322104370192,127.02503873135461,1117.0,360.0,taxi_respawn_37,picked
dyn_pax_314,763.0,2026-09-07 09:12:43,-541692164#2,subway_entrance,,317.7122087179151,1441.0296574375257,37.504469327730426,127.0242365566347,,,,timeout
dyn_pax_315,767.0,2026-09-07 09:12:47,1376141182#0,bus_stop,,385.7154046370183,1301.0311255965628,37.50322104370192,127.02503873135461,1382.0,615.0,taxi_respawn_35,picked
dyn_pax_316,769.0,2026-09-07 09:12:49,520307304#0,school|subway_entrance|bus_stop,,602.6035134310263,763.145495629718,37.498416594724866,127.02761864854104,,,,timeout
dyn_pax_317,771.0,2026-09-07 09:12:51,305539406,company|restaurant|subway_entrance,,566.389495917364,736.5285064605782,37.49816998085155,127.02721550408178,813.0,42.0,taxi_33,picked
dyn_pax_318,772.0,2026-09-07 09:12:52,218877837#2,company|restaurant|bus_stop,,479.4555212141038,978.0213907550284,37.500328997763305,127.02617530290202,1279.0,507.0,taxi_30,picked
dyn_pax_319,775.0,2026-09-07 09:12:55,218877837#2,company|restaurant|bus_stop,,479.4555212141038,978.0213907550284,37.500328997763305,127.02617530290202,1287.0,512.0,taxi_18,picked
dyn_pax_320,777.0,2026-09-07 09:12:57,-504509918#2,company|restaurant|bus_stop,,398.9694242295193,827.4758220967593,37.49895762305832,127.02530099003066,960.0,183.0,taxi_35,picked
dyn_pax_321,777.0,2026-09-07 09:12:57,-504509918#2,company|restaurant|bus_stop,,398.9694242295193,827.4758220967593,37.49895762305832,127.02530099003066,968.0,191.0,taxi_respawn_29,picked
dyn_pax_322,778.0,2026-09-07 09:12:58,523141074#0,company|restaurant|subway_entrance,,524.0338794858329,871.4890157117229,37.4993777454413,127.02670460634431,829.0,51.0,taxi_respawn_5,picked
dyn_pax_323,780.0,2026-09-07 09:13:00,-129731858#1,restaurant,,779.3164249772793,838.8541978668718,37.49913195860003,127.0295987323456,927.0,147.0,taxi_respawn_19,picked
dyn_pax_324,781.0,2026-09-07 09:13:01,-504509918#2,company|restaurant|bus_stop,,398.9694242295193,827.4758220967593,37.49895762305832,127.02530099003066,1085.0,304.0,taxi_7,picked
dyn_pax_325,781.0,2026-09-07 09:13:01,1229817205#0,company|subway_entrance|bus_stop,,599.2457558679199,652.2907550986157,37.497417346160496,127.02760695963683,1356.0,575.0,taxi_respawn_28,picked
dyn_pax_326,784.0,2026-09-07 09:13:04,521766175#1,company|restaurant|subway_entrance,,332.9365590021661,1411.5585828157227,37.504206724109,127.02441570308932,,,,timeout
dyn_pax_327,786.0,2026-09-07 09:13:06,521766175#3,company|restaurant|subway_entrance|bus_stop,,373.6701172395771,1298.610217621072,37.50319695740621,127.02490310718325,,,,timeout
dyn_pax_328,787.0,2026-09-07 09:13:07,521766180#1,company|restaurant|bus_stop,,466.73410130235357,1169.2838037446552,37.502049542882666,127.02598608796039,922.0,135.0,taxi_22,picked
dyn_pax_329,793.0,2026-09-07 09:13:13,-541692164#2,subway_entrance,,317.7122087179151,1441.0296574375257,37.504469327730426,127.0242365566347,,,,timeout
dyn_pax_330,795.0,2026-09-07 09:13:15,-542367267#1,bus_stop,,247.51018316686128,1414.7184918773391,37.504219024473855,127.02344900430944,835.0,40.0,taxi_25,picked
dyn_pax_331,795.0,2026-09-07 09:13:15,-1056882877#5,company|restaurant,,302.41102899925136,583.0415396467946,37.496737424712585,127.0242672800979,862.0,67.0,taxi_16,picked
dyn_pax_332,797.0,2026-09-07 09:13:17,218857636#1,residential|company|restaurant|bus_stop,,297.92905089287035,623.2061345250047,37.49709839153085,127.02420706961871,846.0,49.0,taxi_44,picked
dyn_pax_333,798.0,2026-09-07 09:13:18,521766180#1,company|restaurant|bus_stop,,466.73410130235357,1169.2838037446552,37.502049542882666,127.02598608796039,923.0,125.0,taxi_18,picked
dyn_pax_334,800.0,2026-09-07 09:13:20,521766175#3,company|restaurant|subway_entrance|bus_stop,,373.6701172395771,1298.610217621072,37.50319695740621,127.02490310718325,,,,timeout
dyn_pax_335,801.0,2026-09-07 09:13:21,1229817205#1,residential|bus_stop,,631.6400080768872,572.7061575261558,37.49670653972221,127.02799208080955,1448.0,647.0,taxi_31,picked
dyn_pax_336,804.0,2026-09-07 09:13:24,218864491#0,restaurant|bus_stop,,769.9803916976219,760.1217113917903,37.49842094941813,127.02951181742357,1064.0,260.0,taxi_respawn_23,picked
dyn_pax_337,806.0,2026-09-07 09:13:26,-506191135#2,residential|bus_stop,,236.19733776439384,769.6838415951818,37.49840622577806,127.02347432089968,935.0,129.0,taxi_44,picked
dyn_pax_338,807.0,2026-09-07 09:13:27,218877837#2,company|restaurant|bus_stop,,479.4555212141038,978.0213907550284,37.500328997763305,127.02617530290202,,,,timeout
dyn_pax_339,810.0,2026-09-07 09:13:30,-541692164#2,subway_entrance,,317.7122087179151,1441.0296574375257,37.504469327730426,127.0242365566347,,,,timeout
dyn_pax_340,812.0,2026-09-07 09:13:32,218873820#0,restaurant|subway_entrance|bus_stop,,628.9829311132032,562.4061665928522,37.49661325243901,127.02796447999128,,,,timeout
dyn_pax_341,813.0,2026-09-07 09:13:33,178441450#1,residential|company|restaurant|bus_stop,,282.90243066757296,609.4157395563556,37.496971320837204,127.02404044855805,914.0,101.0,taxi_43,picked
dyn_pax_342,815.0,2026-09-07 09:13:35,520307304#0,school|subway_entrance|bus_stop,,602.6035134310263,763.145495629718,37.498416594724866,127.02761864854104,,,,timeout
dyn_pax_343,816.0,2026-09-07 09:13:36,521770119#1,restaurant|bus_stop,,527.3115514435282,995.8620162900467,37.50049875494786,127.02671217090477,,,,timeout
dyn_pax_344,816.0,2026-09-07 09:13:36,1229817205#1,residential|bus_stop,,631.6400080768872,572.7061575261558,37.49670653972221,127.02799208080955,1535.0,719.0,taxi_32,picked
dyn_pax_345,818.0,2026-09-07 09:13:38,1229817205#1,residential|bus_stop,,631.6400080768872,572.7061575261558,37.49670653972221,127.02799208080955,2169.0,1351.0,taxi_17,picked
dyn_pax_346,819.0,2026-09-07 09:13:39,521766175#3,company|restaurant|subway_entrance|bus_stop,,373.6701172395771,1298.610217621072,37.50319695740621,127.02490310718325,,,,timeout
dyn_pax_347,823.0,2026-09-07 09:13:43,1229817205#0,company|subway_entrance|bus_stop,,599.2457558679199,652.2907550986157,37.497417346160496,127.02760695963683,,,,timeout
dyn_pax_348,823.0,2026-09-07 09:13:43,-506191135#2,residential|bus_stop,,236.19733776439384,769.6838415951818,37.49840622577806,127.02347432089968,995.0,172.0,taxi_respawn_12,picked
dyn_pax_349,826.0,2026-09-07 09:13:46,541692164#1,subway_entrance,,271.6277521231475,1406.6420105391767,37.5041508337347,127.02372362926798,922.0,96.0,taxi_39,picked
dyn_pax_350,833.0,2026-09-07 09:13:53,1229817205#0,company|subway_entrance|bus_stop,,599.2457558679199,652.2907550986157,37.497417346160496,127.02760695963683,,,,timeout
dyn_pax_351,835.0,2026-09-07 09:13:55,218864491#0,restaurant|bus_stop,,769.9803916976219,760.1217113917903,37.49842094941813,127.02951181742357,1069.0,234.0,taxi_respawn_8,picked
dyn_pax_352,838.0,2026-09-07 09:13:58,-506191135#22,residential|company|restaurant|bus_stop,,38.693950105848444,1321.9513167019495,37.50334380565249,127.02110990869835,851.0,13.0,taxi_respawn_20,picked
dyn_pax_353,839.0,2026-09-07 09:13:59,1376141182#0,bus_stop,,385.7154046370183,1301.0311255965628,37.50322104370192,127.02503873135461,1462.0,623.0,taxi_7,picked
dyn_pax_354,843.0,2026-09-07 09:14:03,494824662#3,company|restaurant|subway_entrance,,729.424850252167,406.6843378518681,37.49522941823122,127.02913698209235,1342.0,499.0,taxi_respawn_31,picked
dyn_pax_355,844.0,2026-09-07 09:14:04,523141074#0,company|restaurant|subway_entrance,,524.0338794858329,871.4890157117229,37.4993777454413,127.02670460634431,907.0,63.0,taxi_respawn_8,picked
dyn_pax_356,846.0,2026-09-07 09:14:06,523141074#0,company|restaurant|subway_entrance,,524.0338794858329,871.4890157117229,37.4993777454413,127.02670460634431,1003.0,157.0,taxi_38,picked
dyn_pax_357,847.0,2026-09-07 09:14:07,520307304#0,school|subway_entrance|bus_stop,,602.6035134310263,763.145495629718,37.498416594724866,127.02761864854104,,,,timeout
dyn_pax_358,850.0,2026-09-07 09:14:10,-506191135#2,residential|bus_stop,,236.19733776439384,769.6838415951818,37.49840622577806,127.02347432089968,,,,timeout
dyn_pax_359,855.0,2026-09-07 09:14:15,178441450#1,residential|company|restaurant|bus_stop,,282.90243066757296,609.4157395563556,37.496971320837204,127.02404044855805,956.0,101.0,taxi_respawn_27,picked
dyn_pax_360,858.0,2026-09-07 09:14:18,1229817205#0,company|subway_entrance|bus_stop,,599.2457558679199,652.2907550986157,37.497417346160496,127.02760695963683,,,,timeout
dyn_pax_361,861.0,2026-09-07 09:14:21,-506191135#22,residential|company|restaurant|bus_stop,,38.693950105848444,1321.9513167019495,37.50334380565249,127.02110990869835,906.0,45.0,taxi_respawn_16,picked
dyn_pax_362,862.0,2026-09-07 09:14:22,218864491#0,restaurant|bus_stop,,769.9803916976219,760.1217113917903,37.49842094941813,127.02951181742357,1297.0,435.0,taxi_49,picked
dyn_pax_363,864.0,2026-09-07 09:14:24,520307304#0,school|subway_entrance|bus_stop,,602.6035134310263,763.145495629718,37.498416594724866,127.02761864854104,,,,timeout
dyn_pax_364,865.0,2026-09-07 09:14:25,520307304#0,school|subway_entrance|bus_stop,,602.6035134310263,763.145495629718,37.498416594724866,127.02761864854104,,,,timeout
dyn_pax_365,867.0,2026-09-07 09:14:27,218857636#1,residential|company|restaurant|bus_stop,,297.92905089287035,623.2061345250047,37.49709839153085,127.02420706961871,962.0,95.0,taxi_32,picked
dyn_pax_366,867.0,2026-09-07 09:14:27,494824662#3,company|restaurant|subway_entrance,,729.424850252167,406.6843378518681,37.49522941823122,127.02913698209235,,,,timeout
dyn_pax_367,868.0,2026-09-07 09:14:28,129731857#1,residential|restaurant,,656.8212873140518,799.6615847813327,37.498755780674834,127.02822301071001,1186.0,318.0,taxi_24,picked
dyn_pax_368,869.0,2026-09-07 09:14:29,-506191135#2,residential|bus_stop,,236.19733776439384,769.6838415951818,37.49840622577806,127.02347432089968,,,,timeout
dyn_pax_369,869.0,2026-09-07 09:14:29,417933645#2,residential|company|restaurant,,757.7944798520502,568.4010952306102,37.496691568512986,127.02941943794849,982.0,113.0,taxi_30,picked
dyn_pax_370,872.0,2026-09-07 09:14:32,521766182#1,company|restaurant|subway_entrance,,681.695169875507,539.6867345716422,37.496418539503196,127.02856584056028,983.0,111.0,taxi_45,picked
dyn_pax_371,879.0,2026-09-07 09:14:39,-542367267#1,bus_stop,,247.51018316686128,1414.7184918773391,37.504219024473855,127.02344900430944,1004.0,125.0,taxi_respawn_25,picked
dyn_pax_372,881.0,2026-09-07 09:14:41,1229817205#0,company|subway_entrance|bus_stop,,599.2457558679199,652.2907550986157,37.497417346160496,127.02760695963683,,,,timeout
dyn_pax_373,882.0,2026-09-07 09:14:42,521766175#3,company|restaurant|subway_entrance|bus_stop,,373.6701172395771,1298.610217621072,37.50319695740621,127.02490310718325,1356.0,474.0,taxi_3,picked
dyn_pax_374,882.0,2026-09-07 09:14:42,541692164#1,subway_entrance,,271.6277521231475,1406.6420105391767,37.5041508337347,127.02372362926798,952.0,70.0,taxi_respawn_3,picked
dyn_pax_375,884.0,2026-09-07 09:14:44,375049565#6,restaurant|subway_entrance|bus_stop,,789.5153251748014,798.8522330112556,37.49877353199428,127.02972351946808,960.0,76.0,taxi_respawn_35,picked
dyn_pax_376,885.0,2026-09-07 09:14:45,1117538957#3,restaurant|subway_entrance|bus_stop,,465.5082521847807,644.8780924026132,37.49732530507706,127.02609663221197,920.0,35.0,taxi_5,picked
dyn_pax_377,887.0,2026-09-07 09:14:47,375049565#6,restaurant|subway_entrance|bus_stop,,789.5153251748014,798.8522330112556,37.49877353199428,127.02972351946808,1007.0,120.0,taxi_respawn_18,picked
dyn_pax_378,888.0,2026-09-07 09:14:48,-506191135#22,residential|company|restaurant|bus_stop,,38.693950105848444,1321.9513167019495,37.50334380565249,127.02110990869835,1117.0,229.0,taxi_17,picked
dyn_pax_379,895.0,2026-09-07 09:14:55,1229817205#0,company|subway_entrance|bus_stop,,599.2457558679199,652.2907550986157,37.497417346160496,127.02760695963683,,,,timeout
dyn_pax_380,896.0,2026-09-07 09:14:56,541692164#1,subway_entrance,,271.6277521231475,1406.6420105391767,37.5041508337347,127.02372362926798,1004.0,108.0,taxi_33,picked
dyn_pax_381,898.0,2026-09-07 09:14:58,-417933645#2,company|restaurant|subway_entrance,,701.1658676593129,719.5455833044954,37.49804244093877,127.02874337560036,940.0,42.0,taxi_respawn_26,picked
dyn_pax_382,898.0,2026-09-07 09:14:58,129731834#0,school,,229.35227593843302,780.2499709424674,37.498500113124294,127.02339441737757,,,,timeout
dyn_pax_383,899.0,2026-09-07 09:14:59,218864491#0,restaurant|bus_stop,,769.9803916976219,760.1217113917903,37.49842094941813,127.02951181742357,,,,timeout
dyn_pax_384,900.0,2026-09-07 09:15:00,521770116#2,company|restaurant|bus_stop,,432.3182248087171,1108.514093563608,37.50149560521279,127.02561136613096,1114.0,214.0,taxi_8,picked
dyn_pax_385,901.0,2026-09-07 09:15:01,521770119#0,restaurant|bus_stop,,548.9831206778387,935.1148840516827,37.499955620541705,127.02697161236954,,,,timeout
dyn_pax_386,902.0,2026-09-07 09:15:02,218877837#2,company|restaurant|bus_stop,,479.4555212141038,978.0213907550284,37.500328997763305,127.02617530290202,1386.0,484.0,taxi_respawn_32,picked
dyn_pax_387,903.0,2026-09-07 09:15:03,117790045#2,restaurant,,537.9561568342307,1283.7183624175188,37.50309386389003,127.02676426064505,955.0,52.0,taxi_11,picked
dyn_pax_388,904.0,2026-09-07 09:15:04,1376141182#0,bus_stop,,385.7154046370183,1301.0311255965628,37.50322104370192,127.02503873135461,1467.0,563.0,taxi_respawn_4,picked
dyn_pax_389,905.0,2026-09-07 09:15:05,506191135#3,residential|company|restaurant|bus_stop,,238.79972345576414,789.4714057742513,37.49858497042428,127.023499044737,1247.0,342.0,taxi_respawn_19,picked
dyn_pax_390,907.0,2026-09-07 09:15:07,1117538957#3,restaurant|subway_entrance|bus_stop,,465.5082521847807,644.8780924026132,37.49732530507706,127.02609663221197,980.0,73.0,taxi_25,picked
dyn_pax_391,908.0,2026-09-07 09:15:08,1229817205#0,company|subway_entrance|bus_stop,,599.2457558679199,652.2907550986157,37.497417346160496,127.02760695963683,,,,timeout
dyn_pax_392,909.0,2026-09-07 09:15:09,506191135#3,residential|company|restaurant|bus_stop,,238.79972345576414,789.4714057742513,37.49858497042428,127.023499044737,,,,timeout
dyn_pax_393,910.0,2026-09-07 09:15:10,218864491#0,restaurant|bus_stop,,769.9803916976219,760.1217113917903,37.49842094941813,127.02951181742357,,,,timeout
dyn_pax_394,913.0,2026-09-07 09:15:13,1056882877#3,residential|company|restaurant,,365.79280968467333,433.0557487307964,37.495398294451746,127.02501948586043,1019.0,106.0,taxi_respawn_1,picked
dyn_pax_395,915.0,2026-09-07 09:15:15,1229817205#0,company|subway_entrance|bus_stop,,599.2457558679199,652.2907550986157,37.497417346160496,127.02760695963683,,,,timeout
dyn_pax_396,916.0,2026-09-07 09:15:16,506191135#3,residential|company|restaurant|bus_stop,,238.79972345576414,789.4714057742513,37.49858497042428,127.023499044737,,,,timeout
dyn_pax_397,918.0,2026-09-07 09:15:18,129731857#1,residential|restaurant,,656.8212873140518,799.6615847813327,37.498755780674834,127.02822301071001,,,,timeout
dyn_pax_398,919.0,2026-09-07 09:15:19,218873820#0,restaurant|subway_entrance|bus_stop,,628.9829311132032,562.4061665928522,37.49661325243901,127.02796447999128,,,,timeout
dyn_pax_399,922.0,2026-09-07 09:15:22,1117538958#3,bus_stop,,160.18899290588462,540.6019911995099,37.49632820280781,127.02266936696756,977.0,55.0,taxi_26,picked
dyn_pax_400,924.0,2026-09-07 09:15:24,521766175#3,company|restaurant|subway_entrance|bus_stop,,373.6701172395771,1298.610217621072,37.50319695740621,127.02490310718325,1363.0,439.0,taxi_5,picked
dyn_pax_401,927.0,2026-09-07 09:15:27,-506191135#22,residential|company|restaurant|bus_stop,,38.693950105848444,1321.9513167019495,37.50334380565249,127.02110990869835,1285.0,358.0,taxi_38,picked
dyn_pax_402,928.0,2026-09-07 09:15:28,521766175#1,company|restaurant|subway_entrance,,332.9365590021661,1411.5585828157227,37.504206724109,127.02441570308932,,,,timeout
dyn_pax_403,930.0,2026-09-07 09:15:30,256787796#2,restaurant,,573.8171824012851,1000.9225059734806,37.50055312725627,127.02723680274495,1211.0,281.0,taxi_29,picked
dyn_pax_404,934.0,2026-09-07 09:15:34,-542367267#1,bus_stop,,247.51018316686128,1414.7184918773391,37.504219024473855,127.02344900430944,997.0,63.0,taxi_respawn_31,picked
dyn_pax_405,936.0,2026-09-07 09:15:36,218864491#0,restaurant|bus_stop,,769.9803916976219,760.1217113917903,37.49842094941813,127.02951181742357,1453.0,517.0,taxi_41,picked
dyn_pax_406,937.0,2026-09-07 09:15:37,541692164#1,subway_entrance,,271.6277521231475,1406.6420105391767,37.5041508337347,127.02372362926798,1103.0,166.0,taxi_28,picked
dyn_pax_407,941.0,2026-09-07 09:15:41,1376141182#0,bus_stop,,385.7154046370183,1301.0311255965628,37.50322104370192,127.02503873135461,1551.0,610.0,taxi_43,picked
dyn_pax_408,944.0,2026-09-07 09:15:44,-541692164#2,subway_entrance,,317.7122087179151,1441.0296574375257,37.504469327730426,127.0242365566347,,,,timeout
dyn_pax_409,945.0,2026-09-07 09:15:45,1376141182#0,bus_stop,,385.7154046370183,1301.0311255965628,37.50322104370192,127.02503873135461,,,,timeout
dyn_pax_410,947.0,2026-09-07 09:15:47,178441450#1,residential|company|restaurant|bus_stop,,282.90243066757296,609.4157395563556,37.496971320837204,127.02404044855805,1029.0,82.0,taxi_31,picked
dyn_pax_411,948.0,2026-09-07 09:15:48,494824662#3,company|restaurant|subway_entrance,,729.424850252167,406.6843378518681,37.49522941823122,127.02913698209235,,,,timeout
dyn_pax_412,949.0,2026-09-07 09:15:49,117790051#2,restaurant,,558.5532373104973,1361.778638311631,37.503800946163,127.02697864469606,1030.0,81.0,taxi_respawn_5,picked
dyn_pax_413,950.0,2026-09-07 09:15:50,375049565#6,restaurant|subway_entrance|bus_stop,,789.5153251748014,798.8522330112556,37.49877353199428,127.02972351946808,1049.0,99.0,taxi_16,picked
dyn_pax_414,953.0,2026-09-07 09:15:53,520307304#0,school|subway_entrance|bus_stop,,602.6035134310263,763.145495629718,37.498416594724866,127.02761864854104,,,,timeout
dyn_pax_415,954.0,2026-09-07 09:15:54,1376141182#0,bus_stop,,385.7154046370183,1301.0311255965628,37.50322104370192,127.02503873135461,,,,timeout
dyn_pax_416,956.0,2026-09-07 09:15:56,1376141182#0,bus_stop,,385.7154046370183,1301.0311255965628,37.50322104370192,127.02503873135461,,,,timeout
dyn_pax_417,960.0,2026-09-07 09:16:00,521770116#2,company|restaurant|bus_stop,,432.3182248087171,1108.514093563608,37.50149560521279,127.02561136613096,1088.0,128.0,taxi_48,picked
dyn_pax_418,962.0,2026-09-07 09:16:02,417933642#0,restaurant|bus_stop,,1041.0954363710525,463.30841921497654,37.49579826441859,127.03264736696761,1242.0,280.0,taxi_respawn_1,picked
dyn_pax_419,965.0,2026-09-07 09:16:05,-506191135#2,residential|bus_stop,,236.19733776439384,769.6838415951818,37.49840622577806,127.02347432089968,,,,timeout
dyn_pax_420,968.0,2026-09-07 09:16:08,417933642#0,restaurant|bus_stop,,1041.0954363710525,463.30841921497654,37.49579826441859,127.03264736696761,1285.0,317.0,taxi_respawn_12,picked
dyn_pax_421,970.0,2026-09-07 09:16:10,218873820#0,restaurant|subway_entrance|bus_stop,,628.9829311132032,562.4061665928522,37.49661325243901,127.02796447999128,,,,timeout
dyn_pax_422,971.0,2026-09-07 09:16:11,417933642#0,restaurant|bus_stop,,1041.0954363710525,463.30841921497654,37.49579826441859,127.03264736696761,,,,timeout
dyn_pax_423,973.0,2026-09-07 09:16:13,1117538958#3,bus_stop,,160.18899290588462,540.6019911995099,37.49632820280781,127.02266936696756,1003.0,30.0,taxi_23,picked
dyn_pax_424,974.0,2026-09-07 09:16:14,521770116#2,company|restaurant|bus_stop,,432.3182248087171,1108.514093563608,37.50149560521279,127.02561136613096,1293.0,319.0,taxi_respawn_9,picked
dyn_pax_425,977.0,2026-09-07 09:16:17,375049565#6,restaurant|subway_entrance|bus_stop,,789.5153251748014,798.8522330112556,37.49877353199428,127.02972351946808,1053.0,76.0,taxi_2,picked
dyn_pax_426,979.0,2026-09-07 09:16:19,1117538957#3,restaurant|subway_entrance|bus_stop,,465.5082521847807,644.8780924026132,37.49732530507706,127.02609663221197,1123.0,144.0,taxi_respawn_30,picked
dyn_pax_427,980.0,2026-09-07 09:16:20,1376141183#0,bus_stop,,548.2528111146681,901.2117688498424,37.49965007283687,127.02697139402301,,,,timeout
dyn_pax_428,982.0,2026-09-07 09:16:22,375049565#6,restaurant|subway_entrance|bus_stop,,789.5153251748014,798.8522330112556,37.49877353199428,127.02972351946808,1096.0,114.0,taxi_respawn_20,picked
dyn_pax_429,982.0,2026-09-07 09:16:22,521770119#1,restaurant|bus_stop,,527.3115514435282,995.8620162900467,37.50049875494786,127.02671217090477,,,,timeout
dyn_pax_430,983.0,2026-09-07 09:16:23,480850873,company|restaurant|bus_stop,,548.1935052770749,708.5896639848544,37.49791486187585,127.0270163956136,,,,timeout
dyn_pax_431,985.0,2026-09-07 09:16:25,218873820#0,restaurant|subway_entrance|bus_stop,,628.9829311132032,562.4061665928522,37.49661325243901,127.02796447999128,,,,timeout
dyn_pax_432,989.0,2026-09-07 09:16:29,-417750337#4,restaurant,,542.6552277079157,1139.0745154802132,37.5017917560025,127.02685169754334,1065.0,76.0,taxi_49,picked
dyn_pax_433,990.0,2026-09-07 09:16:30,520307304#0,school|subway_entrance|bus_stop,,602.6035134310263,763.145495629718,37.498416594724866,127.02761864854104,,,,timeout
dyn_pax_434,991.0,2026-09-07 09:16:31,1376141183#0,bus_stop,,548.2528111146681,901.2117688498424,37.49965007283687,127.02697139402301,,,,timeout
dyn_pax_435,993.0,2026-09-07 09:16:33,1229817205#1,residential|bus_stop,,631.6400080768872,572.7061575261558,37.49670653972221,127.02799208080955,1342.0,349.0,taxi_respawn_8,picked
dyn_pax_436,994.0,2026-09-07 09:16:34,305539406,company|restaurant|subway_entrance,,566.389495917364,736.5285064605782,37.49816998085155,127.02721550408178,1241.0,247.0,taxi_respawn_15,picked
dyn_pax_437,996.0,2026-09-07 09:16:36,1117538957#3,restaurant|subway_entrance|bus_stop,,465.5082521847807,644.8780924026132,37.49732530507706,127.02609663221197,1209.0,213.0,taxi_respawn_8,picked
dyn_pax_438,997.0,2026-09-07 09:16:37,521766182#1,company|restaurant|subway_entrance,,681.695169875507,539.6867345716422,37.496418539503196,127.02856584056028,1009.0,12.0,taxi_10,picked
dyn_pax_439,999.0,2026-09-07 09:16:39,1376141183#0,bus_stop,,548.2528111146681,901.2117688498424,37.49965007283687,127.02697139402301,,,,timeout
dyn_pax_440,999.0,2026-09-07 09:16:39,504509918#0,residential|restaurant,,511.83203920742636,882.9034728009249,37.49947826486711,127.02656393710718,1178.0,179.0,taxi_respawn_10,picked
dyn_pax_441,1000.0,2026-09-07 09:16:40,218857636#1,residential|company|restaurant|bus_stop,,297.92905089287035,623.2061345250047,37.49709839153085,127.02420706961871,1359.0,359.0,taxi_respawn_25,picked
dyn_pax_442,1005.0,2026-09-07 09:16:45,506191135#3,residential|company|restaurant|bus_stop,,238.79972345576414,789.4714057742513,37.49858497042428,127.023499044737,,,,timeout
dyn_pax_443,1006.0,2026-09-07 09:16:46,541692164#1,subway_entrance,,271.6277521231475,1406.6420105391767,37.5041508337347,127.02372362926798,1364.0,358.0,taxi_14,picked
dyn_pax_444,1008.0,2026-09-07 09:16:48,521770119#0,restaurant|bus_stop,,548.9831206778387,935.1148840516827,37.499955620541705,127.02697161236954,,,,timeout
dyn_pax_445,1009.0,2026-09-07 09:16:49,1229817205#0,company|subway_entrance|bus_stop,,599.2457558679199,652.2907550986157,37.497417346160496,127.02760695963683,,,,timeout
dyn_pax_446,1014.0,2026-09-07 09:16:54,375049565#6,restaurant|subway_entrance|bus_stop,,789.5153251748014,798.8522330112556,37.49877353199428,127.02972351946808,1140.0,126.0,taxi_34,picked
dyn_pax_447,1019.0,2026-09-07 09:16:59,521766175#3,company|restaurant|subway_entrance|bus_stop,,373.6701172395771,1298.610217621072,37.50319695740621,127.02490310718325,1372.0,353.0,taxi_9,picked
dyn_pax_448,1020.0,2026-09-07 09:17:00,541692164#1,subway_entrance,,271.6277521231475,1406.6420105391767,37.5041508337347,127.02372362926798,1368.0,348.0,taxi_respawn_10,picked
dyn_pax_449,1022.0,2026-09-07 09:17:02,-541692164#2,subway_entrance,,317.7122087179151,1441.0296574375257,37.504469327730426,127.0242365566347,,,,timeout
dyn_pax_450,1023.0,2026-09-07 09:17:03,975332778#1,bus_stop,,681.6099970732737,721.9380561808346,37.49806030190971,127.02852170075586,1112.0,89.0,taxi_39,picked
dyn_pax_451,1025.0,2026-09-07 09:17:05,375049565#6,restaurant|subway_entrance|bus_stop,,789.5153251748014,798.8522330112556,37.49877353199428,127.02972351946808,1184.0,159.0,taxi_respawn_11,picked
dyn_pax_452,1026.0,2026-09-07 09:17:06,541692164#1,subway_entrance,,271.6277521231475,1406.6420105391767,37.5041508337347,127.02372362926798,1451.0,425.0,taxi_38,picked
dyn_pax_453,1031.0,2026-09-07 09:17:11,-542367267#1,bus_stop,,247.51018316686128,1414.7184918773391,37.504219024473855,127.02344900430944,1157.0,126.0,taxi_12,picked
dyn_pax_454,1034.0,2026-09-07 09:17:14,-506191135#22,residential|company|restaurant|bus_stop,,38.693950105848444,1321.9513167019495,37.50334380565249,127.02110990869835,1346.0,312.0,taxi_34,picked
dyn_pax_455,1038.0,2026-09-07 09:17:18,506191135#3,residential|company|restaurant|bus_stop,,238.79972345576414,789.4714057742513,37.49858497042428,127.023499044737,,,,timeout
dyn_pax_456,1039.0,2026-09-07 09:17:19,1376141182#0,bus_stop,,385.7154046370183,1301.0311255965628,37.50322104370192,127.02503873135461,,,,timeout
dyn_pax_457,1040.0,2026-09-07 09:17:20,521770116#2,company|restaurant|bus_stop,,432.3182248087171,1108.514093563608,37.50149560521279,127.02561136613096,1124.0,84.0,taxi_32,picked
dyn_pax_458,1043.0,2026-09-07 09:17:23,521766175#3,company|restaurant|subway_entrance|bus_stop,,373.6701172395771,1298.610217621072,37.50319695740621,127.02490310718325,,,,timeout
dyn_pax_459,1045.0,2026-09-07 09:17:25,523141074#0,company|restaurant|subway_entrance,,524.0338794858329,871.4890157117229,37.4993777454413,127.02670460634431,1223.0,178.0,taxi_respawn_17,picked
dyn_pax_460,1046.0,2026-09-07 09:17:26,506191135#3,residential|company|restaurant|bus_stop,,238.79972345576414,789.4714057742513,37.49858497042428,127.023499044737,,,,timeout
dyn_pax_461,1048.0,2026-09-07 09:17:28,523141074#0,company|restaurant|subway_entrance,,524.0338794858329,871.4890157117229,37.4993777454413,127.02670460634431,1452.0,404.0,taxi_respawn_39,picked
dyn_pax_462,1049.0,2026-09-07 09:17:29,-417933646#4,company|restaurant,,761.9867537178288,747.7080569325292,37.49830761500862,127.02942437673002,1348.0,299.0,taxi_12,picked
dyn_pax_463,1054.0,2026-09-07 09:17:34,521766182#1,company|restaurant|subway_entrance,,681.695169875507,539.6867345716422,37.496418539503196,127.02856584056028,1148.0,94.0,taxi_26,picked
dyn_pax_464,1055.0,2026-09-07 09:17:35,1117538958#3,bus_stop,,160.18899290588462,540.6019911995099,37.49632820280781,127.02266936696756,1287.0,232.0,taxi_6,picked
dyn_pax_465,1057.0,2026-09-07 09:17:37,-504509918#2,company|restaurant|bus_stop,,398.9694242295193,827.4758220967593,37.49895762305832,127.02530099003066,1134.0,77.0,taxi_19,picked
dyn_pax_466,1059.0,2026-09-07 09:17:39,305539406,company|restaurant|subway_entrance,,566.389495917364,736.5285064605782,37.49816998085155,127.02721550408178,1395.0,336.0,taxi_18,picked
dyn_pax_467,1068.0,2026-09-07 09:17:48,375049565#6,restaurant|subway_entrance|bus_stop,,789.5153251748014,798.8522330112556,37.49877353199428,127.02972351946808,1229.0,161.0,taxi_13,picked
dyn_pax_468,1069.0,2026-09-07 09:17:49,-541692164#2,subway_entrance,,317.7122087179151,1441.0296574375257,37.504469327730426,127.0242365566347,,,,timeout
dyn_pax_469,1073.0,2026-09-07 09:17:53,1117538957#0,company|restaurant,,312.91680439510856,589.5311930299885,37.49679787270139,127.0243845203811,1133.0,60.0,taxi_respawn_22,picked
dyn_pax_470,1074.0,2026-09-07 09:17:54,1229817205#0,company|subway_entrance|bus_stop,,599.2457558679199,652.2907550986157,37.497417346160496,127.02760695963683,,,,timeout
dyn_pax_471,1075.0,2026-09-07 09:17:55,506191135#3,residential|company|restaurant|bus_stop,,238.79972345576414,789.4714057742513,37.49858497042428,127.023499044737,,,,timeout
dyn_pax_472,1077.0,2026-09-07 09:17:57,178441450#1,residential|company|restaurant|bus_stop,,282.90243066757296,609.4157395563556,37.496971320837204,127.02404044855805,1306.0,229.0,taxi_respawn_34,picked
dyn_pax_473,1080.0,2026-09-07 09:18:00,305539406,company|restaurant|subway_entrance,,566.389495917364,736.5285064605782,37.49816998085155,127.02721550408178,,,,timeout
dyn_pax_474,1081.0,2026-09-07 09:18:01,218873820#0,restaurant|subway_entrance|bus_stop,,628.9829311132032,562.4061665928522,37.49661325243901,127.02796447999128,1638.0,557.0,taxi_respawn_6,picked
dyn_pax_475,1086.0,2026-09-07 09:18:06,1376141182#0,bus_stop,,385.7154046370183,1301.0311255965628,37.50322104370192,127.02503873135461,,,,timeout
dyn_pax_476,1088.0,2026-09-07 09:18:08,218873820#0,restaurant|subway_entrance|bus_stop,,628.9829311132032,562.4061665928522,37.49661325243901,127.02796447999128,,,,timeout
dyn_pax_477,1089.0,2026-09-07 09:18:09,218864491#0,restaurant|bus_stop,,769.9803916976219,760.1217113917903,37.49842094941813,127.02951181742357,1492.0,403.0,taxi_respawn_23,picked
dyn_pax_478,1091.0,2026-09-07 09:18:11,218877837#2,company|restaurant|bus_stop,,479.4555212141038,978.0213907550284,37.500328997763305,127.02617530290202,1406.0,315.0,taxi_4,picked
dyn_pax_479,1092.0,2026-09-07 09:18:12,1376141183#0,bus_stop,,548.2528111146681,901.2117688498424,37.49965007283687,127.02697139402301,,,,timeout
dyn_pax_480,1092.0,2026-09-07 09:18:12,-417750337#2,restaurant,,578.5487433358253,1191.18897592047,37.50226799999912,127.02724519016736,1168.0,76.0,taxi_respawn_2,picked
dyn_pax_481,1094.0,2026-09-07 09:18:14,521766175#1,company|restaurant|subway_entrance,,332.9365590021661,1411.5585828157227,37.504206724109,127.02441570308932,,,,timeout
dyn_pax_482,1094.0,2026-09-07 09:18:14,-1056882877#5,company|restaurant,,302.41102899925136,583.0415396467946,37.496737424712585,127.0242672800979,1313.0,219.0,taxi_respawn_39,picked
dyn_pax_483,1097.0,2026-09-07 09:18:17,975332778#1,bus_stop,,681.6099970732737,721.9380561808346,37.49806030190971,127.02852170075586,1427.0,330.0,taxi_47,picked
dyn_pax_484,1100.0,2026-09-07 09:18:20,417933645#0,residential|restaurant,,823.1026288816429,385.61625104994533,37.49505730126708,127.03020109557775,,,,timeout
dyn_pax_485,1101.0,2026-09-07 09:18:21,521766182#1,company|restaurant|subway_entrance,,681.695169875507,539.6867345716422,37.496418539503196,127.02856584056028,1157.0,56.0,taxi_43,picked
dyn_pax_486,1103.0,2026-09-07 09:18:23,1376141183#0,bus_stop,,548.2528111146681,901.2117688498424,37.49965007283687,127.02697139402301,,,,timeout
dyn_pax_487,1103.0,2026-09-07 09:18:23,218857636#1,residential|company|restaurant|bus_stop,,297.92905089287035,623.2061345250047,37.49709839153085,127.02420706961871,1189.0,86.0,taxi_respawn_18,picked
dyn_pax_488,1108.0,2026-09-07 09:18:28,-541692164#2,subway_entrance,,317.7122087179151,1441.0296574375257,37.504469327730426,127.0242365566347,,,,timeout
dyn_pax_489,1109.0,2026-09-07 09:18:29,-506191135#2,residential|bus_stop,,236.19733776439384,769.6838415951818,37.49840622577806,127.02347432089968,,,,timeout
dyn_pax_490,1114.0,2026-09-07 09:18:34,417933642#0,restaurant|bus_stop,,1041.0954363710525,463.30841921497654,37.49579826441859,127.03264736696761,,,,timeout
dyn_pax_491,1117.0,2026-09-07 09:18:37,480850873,company|restaurant|bus_stop,,548.1935052770749,708.5896639848544,37.49791486187585,127.0270163956136,,,,timeout
dyn_pax_492,1118.0,2026-09-07 09:18:38,1229817205#0,company|subway_entrance|bus_stop,,599.2457558679199,652.2907550986157,37.497417346160496,127.02760695963683,1710.0,592.0,taxi_19,picked
dyn_pax_493,1121.0,2026-09-07 09:18:41,541692164#1,subway_entrance,,271.6277521231475,1406.6420105391767,37.5041508337347,127.02372362926798,1626.0,505.0,taxi_respawn_1,picked
dyn_pax_494,1123.0,2026-09-07 09:18:43,521766180#1,company|restaurant|bus_stop,,466.73410130235357,1169.2838037446552,37.502049542882666,127.02598608796039,1463.0,340.0,taxi_respawn_33,picked
dyn_pax_495,1124.0,2026-09-07 09:18:44,523141074#0,company|restaurant|subway_entrance,,524.0338794858329,871.4890157117229,37.4993777454413,127.02670460634431,1493.0,369.0,taxi_respawn_11,picked
dyn_pax_496,1126.0,2026-09-07 09:18:46,1229817205#1,residential|bus_stop,,631.6400080768872,572.7061575261558,37.49670653972221,127.02799208080955,1470.0,344.0,taxi_27,picked
dyn_pax_497,1127.0,2026-09-07 09:18:47,1117538958#3,bus_stop,,160.18899290588462,540.6019911995099,37.49632820280781,127.02266936696756,1296.0,169.0,taxi_22,picked
dyn_pax_498,1129.0,2026-09-07 09:18:49,1229817205#1,residential|bus_stop,,631.6400080768872,572.7061575261558,37.49670653972221,127.02799208080955,1501.0,372.0,taxi_9,picked
dyn_pax_499,1131.0,2026-09-07 09:18:51,521770119#1,restaurant|bus_stop,,527.3115514435282,995.8620162900467,37.50049875494786,127.02671217090477,,,,timeout
dyn_pax_500,1132.0,2026-09-07 09:18:52,-417933645#2,company|restaurant|subway_entrance,,701.1658676593129,719.5455833044954,37.49804244093877,127.02874337560036,1168.0,36.0,taxi_11,picked
dyn_pax_501,1134.0,2026-09-07 09:18:54,-239954462#0,company,,177.59108854633376,1424.6091910087337,37.50429488616932,127.02265605240045,1249.0,115.0,taxi_41,picked
dyn_pax_502,1135.0,2026-09-07 09:18:55,521770119#0,restaurant|bus_stop,,548.9831206778387,935.1148840516827,37.499955620541705,127.02697161236954,,,,timeout
dyn_pax_503,1135.0,2026-09-07 09:18:55,-379463134#6,restaurant,,651.5506250710082,1319.679135788758,37.50343926652266,127.02804017641046,1191.0,56.0,taxi_respawn_36,picked
dyn_pax_504,1137.0,2026-09-07 09:18:57,521766175#1,company|restaurant|subway_entrance,,332.9365590021661,1411.5585828157227,37.504206724109,127.02441570308932,,,,timeout
dyn_pax_505,1137.0,2026-09-07 09:18:57,417933642#0,restaurant|bus_stop,,1041.0954363710525,463.30841921497654,37.49579826441859,127.03264736696761,,,,timeout
dyn_pax_506,1138.0,2026-09-07 09:18:58,521766180#1,company|restaurant|bus_stop,,466.73410130235357,1169.2838037446552,37.502049542882666,127.02598608796039,1340.0,202.0,taxi_1,picked
dyn_pax_507,1141.0,2026-09-07 09:19:01,494824662#3,company|restaurant|subway_entrance,,729.424850252167,406.6843378518681,37.49522941823122,127.02913698209235,,,,timeout
dyn_pax_508,1143.0,2026-09-07 09:19:03,218873820#0,restaurant|subway_entrance|bus_stop,,628.9829311132032,562.4061665928522,37.49661325243901,127.02796447999128,,,,timeout
dyn_pax_509,1143.0,2026-09-07 09:19:03,-417933645#2,company|restaurant|subway_entrance,,701.1658676593129,719.5455833044954,37.49804244093877,127.02874337560036,1301.0,158.0,taxi_44,picked
dyn_pax_510,1144.0,2026-09-07 09:19:04,521766175#3,company|restaurant|subway_entrance|bus_stop,,373.6701172395771,1298.610217621072,37.50319695740621,127.02490310718325,,,,timeout
dyn_pax_511,1149.0,2026-09-07 09:19:09,1229817205#0,company|subway_entrance|bus_stop,,599.2457558679199,652.2907550986157,37.497417346160496,127.02760695963683,,,,timeout
dyn_pax_512,1150.0,2026-09-07 09:19:10,1117538957#3,restaurant|subway_entrance|bus_stop,,465.5082521847807,644.8780924026132,37.49732530507706,127.02609663221197,1279.0,129.0,taxi_16,picked
dyn_pax_513,1152.0,2026-09-07 09:19:12,-117790045#2,restaurant,,502.6238788004042,1360.6315306450858,37.50378004402999,127.0263465049606,1179.0,27.0,taxi_respawn_29,picked
dyn_pax_514,1153.0,2026-09-07 09:19:13,375049565#6,restaurant|subway_entrance|bus_stop,,789.5153251748014,798.8522330112556,37.49877353199428,127.02972351946808,1218.0,65.0,taxi_respawn_23,picked
dyn_pax_515,1155.0,2026-09-07 09:19:15,521766175#3,company|restaurant|subway_entrance|bus_stop,,373.6701172395771,1298.610217621072,37.50319695740621,127.02490310718325,,,,timeout
dyn_pax_516,1156.0,2026-09-07 09:19:16,417933642#2,residential|restaurant,,976.5976168723116,645.9370182109647,37.49743129415275,127.0318749523804,1201.0,45.0,taxi_respawn_3,picked
dyn_pax_517,1158.0,2026-09-07 09:19:18,521770116#2,company|restaurant|bus_stop,,432.3182248087171,1108.514093563608,37.50149560521279,127.02561136613096,1298.0,140.0,taxi_33,picked
dyn_pax_518,1160.0,2026-09-07 09:19:20,521770116#2,company|restaurant|bus_stop,,432.3182248087171,1108.514093563608,37.50149560521279,127.02561136613096,1184.0,24.0,taxi_35,picked
dyn_pax_519,1161.0,2026-09-07 09:19:21,975332778#1,bus_stop,,681.6099970732737,721.9380561808346,37.49806030190971,127.02852170075586,1544.0,383.0,taxi_respawn_17,picked
dyn_pax_520,1166.0,2026-09-07 09:19:26,480850873,company|restaurant|bus_stop,,548.1935052770749,708.5896639848544,37.49791486187585,127.0270163956136,,,,timeout
dyn_pax_521,1166.0,2026-09-07 09:19:26,-913950883#1,residential|company|restaurant,,391.36286393582424,840.6655979518604,37.49907500229157,127.0252118555046,1675.0,509.0,taxi_respawn_32,picked
dyn_pax_522,1167.0,2026-09-07 09:19:27,1229817205#0,company|subway_entrance|bus_stop,,599.2457558679199,652.2907550986157,37.497417346160496,127.02760695963683,,,,timeout
dyn_pax_523,1169.0,2026-09-07 09:19:29,-504509918#2,company|restaurant|bus_stop,,398.9694242295193,827.4758220967593,37.49895762305832,127.02530099003066,1655.0,486.0,taxi_29,picked
dyn_pax_524,1170.0,2026-09-07 09:19:30,520307304#0,school|subway_entrance|bus_stop,,602.6035134310263,763.145495629718,37.498416594724866,127.02761864854104,,,,timeout
dyn_pax_525,1173.0,2026-09-07 09:19:33,523141074#0,company|restaurant|subway_entrance,,524.0338794858329,871.4890157117229,37.4993777454413,127.02670460634431,,,,timeout
dyn_pax_526,1177.0,2026-09-07 09:19:37,1117538958#2,company,,104.12900552775619,520.131995808405,37.496133188537314,127.02204040818502,1372.0,195.0,taxi_respawn_3,picked
dyn_pax_527,1178.0,2026-09-07 09:19:38,417933642#0,restaurant|bus_stop,,1041.0954363710525,463.30841921497654,37.49579826441859,127.03264736696761,,,,timeout
dyn_pax_528,1179.0,2026-09-07 09:19:39,-913950883#1,residential|company|restaurant,,391.36286393582424,840.6655979518604,37.49907500229157,127.0252118555046,,,,timeout
dyn_pax_529,1180.0,2026-09-07 09:19:40,-542367267#1,bus_stop,,247.51018316686128,1414.7184918773391,37.504219024473855,127.02344900430944,1308.0,128.0,taxi_48,picked
dyn_pax_530,1183.0,2026-09-07 09:19:43,375049565#6,restaurant|subway_entrance|bus_stop,,789.5153251748014,798.8522330112556,37.49877353199428,127.02972351946808,1277.0,94.0,taxi_47,picked
dyn_pax_531,1184.0,2026-09-07 09:19:44,1117538957#3,restaurant|subway_entrance|bus_stop,,465.5082521847807,644.8780924026132,37.49732530507706,127.02609663221197,1270.0,86.0,taxi_20,picked
dyn_pax_532,1186.0,2026-09-07 09:19:46,1117538958#3,bus_stop,,160.18899290588462,540.6019911995099,37.49632820280781,127.02266936696756,1388.0,202.0,taxi_24,picked
dyn_pax_533,1187.0,2026-09-07 09:19:47,975332778#1,bus_stop,,681.6099970732737,721.9380561808346,37.49806030190971,127.02852170075586,1558.0,371.0,taxi_47,picked
dyn_pax_534,1189.0,2026-09-07 09:19:49,975332778#1,bus_stop,,681.6099970732737,721.9380561808346,37.49806030190971,127.02852170075586,1567.0,378.0,taxi_respawn_35,picked
dyn_pax_535,1190.0,2026-09-07 09:19:50,-542367267#1,bus_stop,,247.51018316686128,1414.7184918773391,37.504219024473855,127.02344900430944,1356.0,166.0,taxi_2,picked
dyn_pax_536,1191.0,2026-09-07 09:19:51,-1011529829#3,residential|restaurant,,246.84006179949273,776.1178104815556,37.49846619888778,127.02359312469504,1472.0,281.0,taxi_49,picked
dyn_pax_537,1192.0,2026-09-07 09:19:52,520307304#0,school|subway_entrance|bus_stop,,602.6035134310263,763.145495629718,37.498416594724866,127.02761864854104,,,,timeout
dyn_pax_538,1196.0,2026-09-07 09:19:56,305539406,company|restaurant|subway_entrance,,566.389495917364,736.5285064605782,37.49816998085155,127.02721550408178,,,,timeout
dyn_pax_539,1198.0,2026-09-07 09:19:58,520307304#0,school|subway_entrance|bus_stop,,602.6035134310263,763.145495629718,37.498416594724866,127.02761864854104,,,,timeout
dyn_pax_540,1201.0,2026-09-07 09:20:01,521770119#1,restaurant|bus_stop,,527.3115514435282,995.8620162900467,37.50049875494786,127.02671217090477,,,,timeout
dyn_pax_541,1203.0,2026-09-07 09:20:03,-417933645#2,company|restaurant|subway_entrance,,701.1658676593129,719.5455833044954,37.49804244093877,127.02874337560036,,,,timeout
dyn_pax_542,1207.0,2026-09-07 09:20:07,523141074#0,company|restaurant|subway_entrance,,524.0338794858329,871.4890157117229,37.4993777454413,127.02670460634431,1726.0,519.0,taxi_9,picked
dyn_pax_543,1207.0,2026-09-07 09:20:07,256787796#5,restaurant,,616.3422671393917,878.7532899245961,37.49946062055924,127.02774658517313,,,,timeout
dyn_pax_544,1209.0,2026-09-07 09:20:09,506191135#3,residential|company|restaurant|bus_stop,,238.79972345576414,789.4714057742513,37.49858497042428,127.023499044737,1675.0,466.0,taxi_33,picked
dyn_pax_545,1212.0,2026-09-07 09:20:12,521770119#0,restaurant|bus_stop,,548.9831206778387,935.1148840516827,37.499955620541705,127.02697161236954,,,,timeout
dyn_pax_546,1213.0,2026-09-07 09:20:13,521766175#3,company|restaurant|subway_entrance|bus_stop,,373.6701172395771,1298.610217621072,37.50319695740621,127.02490310718325,,,,timeout
dyn_pax_547,1215.0,2026-09-07 09:20:15,-506191135#22,residential|company|restaurant|bus_stop,,38.693950105848444,1321.9513167019495,37.50334380565249,127.02110990869835,1391.0,176.0,taxi_respawn_5,picked
dyn_pax_548,1216.0,2026-09-07 09:20:16,520307304#0,school|subway_entrance|bus_stop,,602.6035134310263,763.145495629718,37.498416594724866,127.02761864854104,,,,timeout
dyn_pax_549,1221.0,2026-09-07 09:20:21,521766175#3,company|restaurant|subway_entrance|bus_stop,,373.6701172395771,1298.610217621072,37.50319695740621,127.02490310718325,,,,timeout
dyn_pax_550,1222.0,2026-09-07 09:20:22,-506191135#22,residential|company|restaurant|bus_stop,,38.693950105848444,1321.9513167019495,37.50334380565249,127.02110990869835,1430.0,208.0,taxi_respawn_2,picked
dyn_pax_551,1224.0,2026-09-07 09:20:24,1376141182#0,bus_stop,,385.7154046370183,1301.0311255965628,37.50322104370192,127.02503873135461,,,,timeout
dyn_pax_552,1225.0,2026-09-07 09:20:25,1229817205#0,company|subway_entrance|bus_stop,,599.2457558679199,652.2907550986157,37.497417346160496,127.02760695963683,,,,timeout
dyn_pax_553,1227.0,2026-09-07 09:20:27,480850873,company|restaurant|bus_stop,,548.1935052770749,708.5896639848544,37.49791486187585,127.0270163956136,1723.0,496.0,taxi_respawn_30,picked
dyn_pax_554,1235.0,2026-09-07 09:20:35,-542367267#1,bus_stop,,247.51018316686128,1414.7184918773391,37.504219024473855,127.02344900430944,1362.0,127.0,taxi_28,picked
dyn_pax_555,1236.0,2026-09-07 09:20:36,1229817205#0,company|subway_entrance|bus_stop,,599.2457558679199,652.2907550986157,37.497417346160496,127.02760695963683,,,,timeout
dyn_pax_556,1238.0,2026-09-07 09:20:38,521766175#3,company|restaurant|subway_entrance|bus_stop,,373.6701172395771,1298.610217621072,37.50319695740621,127.02490310718325,,,,timeout
dyn_pax_557,1239.0,2026-09-07 09:20:39,-541692164#2,subway_entrance,,317.7122087179151,1441.0296574375257,37.504469327730426,127.0242365566347,1658.0,419.0,taxi_30,picked
dyn_pax_558,1241.0,2026-09-07 09:20:41,1229817205#0,company|subway_entrance|bus_stop,,599.2457558679199,652.2907550986157,37.497417346160496,127.02760695963683,,,,timeout
dyn_pax_559,1242.0,2026-09-07 09:20:42,521766175#1,company|restaurant|subway_entrance,,332.9365590021661,1411.5585828157227,37.504206724109,127.02441570308932,,,,timeout
dyn_pax_560,1245.0,2026-09-07 09:20:45,494824662#3,company|restaurant|subway_entrance,,729.424850252167,406.6843378518681,37.49522941823122,127.02913698209235,,,,timeout
dyn_pax_561,1252.0,2026-09-07 09:20:52,521766175#1,company|restaurant|subway_entrance,,332.9365590021661,1411.5585828157227,37.504206724109,127.02441570308932,,,,timeout
dyn_pax_562,1253.0,2026-09-07 09:20:53,521766175#3,company|restaurant|subway_entrance|bus_stop,,373.6701172395771,1298.610217621072,37.50319695740621,127.02490310718325,,,,timeout
dyn_pax_563,1255.0,2026-09-07 09:20:55,521770119#0,restaurant|bus_stop,,548.9831206778387,935.1148840516827,37.499955620541705,127.02697161236954,,,,timeout
dyn_pax_564,1256.0,2026-09-07 09:20:56,541692164#1,subway_entrance,,271.6277521231475,1406.6420105391767,37.5041508337347,127.02372362926798,1633.0,377.0,taxi_respawn_10,picked
dyn_pax_565,1261.0,2026-09-07 09:21:01,218873820#0,restaurant|subway_entrance|bus_stop,,628.9829311132032,562.4061665928522,37.49661325243901,127.02796447999128,,,,timeout
dyn_pax_566,1262.0,2026-09-07 09:21:02,521770119#0,restaurant|bus_stop,,548.9831206778387,935.1148840516827,37.499955620541705,127.02697161236954,,,,timeout
dyn_pax_567,1264.0,2026-09-07 09:21:04,218857636#1,residential|company|restaurant|bus_stop,,297.92905089287035,623.2061345250047,37.49709839153085,127.02420706961871,1448.0,184.0,taxi_respawn_37,picked
dyn_pax_568,1267.0,2026-09-07 09:21:07,218857636#1,residential|company|restaurant|bus_stop,,297.92905089287035,623.2061345250047,37.49709839153085,127.02420706961871,1300.0,33.0,taxi_respawn_13,picked
dyn_pax_569,1267.0,2026-09-07 09:21:07,117790051#4,restaurant,,495.1920534812603,1378.4842065286966,37.50393946166789,127.02625823552458,1393.0,126.0,taxi_29,picked
dyn_pax_570,1270.0,2026-09-07 09:21:10,-417933642#4,restaurant,,907.3718228697127,805.8014682006251,37.49885835910486,127.03105443169989,1415.0,145.0,taxi_respawn_29,picked
dyn_pax_571,1273.0,2026-09-07 09:21:13,-506191135#22,residential|company|restaurant|bus_stop,,38.693950105848444,1321.9513167019495,37.50334380565249,127.02110990869835,1456.0,183.0,taxi_48,picked
dyn_pax_572,1275.0,2026-09-07 09:21:15,218873820#0,restaurant|subway_entrance|bus_stop,,628.9829311132032,562.4061665928522,37.49661325243901,127.02796447999128,,,,timeout
dyn_pax_573,1276.0,2026-09-07 09:21:16,1376141183#0,bus_stop,,548.2528111146681,901.2117688498424,37.49965007283687,127.02697139402301,,,,timeout
dyn_pax_574,1277.0,2026-09-07 09:21:17,1056882877#3,residential|company|restaurant,,365.79280968467333,433.0557487307964,37.495398294451746,127.02501948586043,1458.0,181.0,taxi_respawn_12,picked
dyn_pax_575,1278.0,2026-09-07 09:21:18,305539406,company|restaurant|subway_entrance,,566.389495917364,736.5285064605782,37.49816998085155,127.02721550408178,1758.0,480.0,taxi_respawn_1,picked
dyn_pax_576,1280.0,2026-09-07 09:21:20,1117538957#0,company|restaurant,,312.91680439510856,589.5311930299885,37.49679787270139,127.0243845203811,1402.0,122.0,taxi_respawn_6,picked
dyn_pax_577,1281.0,2026-09-07 09:21:21,521770119#0,restaurant|bus_stop,,548.9831206778387,935.1148840516827,37.499955620541705,127.02697161236954,,,,timeout
dyn_pax_578,1282.0,2026-09-07 09:21:22,218873820#0,restaurant|subway_entrance|bus_stop,,628.9829311132032,562.4061665928522,37.49661325243901,127.02796447999128,,,,timeout
dyn_pax_579,1284.0,2026-09-07 09:21:24,521766182#1,company|restaurant|subway_entrance,,681.695169875507,539.6867345716422,37.496418539503196,127.02856584056028,1305.0,21.0,taxi_8,picked
dyn_pax_580,1285.0,2026-09-07 09:21:25,178441450#1,residential|company|restaurant|bus_stop,,282.90243066757296,609.4157395563556,37.496971320837204,127.02404044855805,1396.0,111.0,taxi_19,picked
dyn_pax_581,1287.0,2026-09-07 09:21:27,975332778#1,bus_stop,,681.6099970732737,721.9380561808346,37.49806030190971,127.02852170075586,1576.0,289.0,taxi_respawn_5,picked
dyn_pax_582,1287.0,2026-09-07 09:21:27,-129731858#3,restaurant,,760.2046779472714,898.6469063162286,37.49966698472747,127.02936848203807,1361.0,74.0,taxi_27,picked
dyn_pax_583,1288.0,2026-09-07 09:21:28,1117538957#3,restaurant|subway_entrance|bus_stop,,465.5082521847807,644.8780924026132,37.49732530507706,127.02609663221197,1372.0,84.0,taxi_35,picked
dyn_pax_584,1290.0,2026-09-07 09:21:30,-506191135#2,residential|bus_stop,,236.19733776439384,769.6838415951818,37.49840622577806,127.02347432089968,,,,timeout
dyn_pax_585,1291.0,2026-09-07 09:21:31,218873820#0,restaurant|subway_entrance|bus_stop,,628.9829311132032,562.4061665928522,37.49661325243901,127.02796447999128,,,,timeout
dyn_pax_586,1292.0,2026-09-07 09:21:32,-506191135#22,residential|company|restaurant|bus_stop,,38.693950105848444,1321.9513167019495,37.50334380565249,127.02110990869835,1463.0,171.0,taxi_36,picked
dyn_pax_587,1296.0,2026-09-07 09:21:36,1117538957#3,restaurant|subway_entrance|bus_stop,,465.5082521847807,644.8780924026132,37.49732530507706,127.02609663221197,1354.0,58.0,taxi_25,picked
dyn_pax_588,1297.0,2026-09-07 09:21:37,521766180#1,company|restaurant|bus_stop,,466.73410130235357,1169.2838037446552,37.502049542882666,127.02598608796039,1457.0,160.0,taxi_respawn_20,picked
dyn_pax_589,1299.0,2026-09-07 09:21:39,1376141182#0,bus_stop,,385.7154046370183,1301.0311255965628,37.50322104370192,127.02503873135461,,,,timeout
dyn_pax_590,1299.0,2026-09-07 09:21:39,1056882877#3,residential|company|restaurant,,365.79280968467333,433.0557487307964,37.495398294451746,127.02501948586043,,,,timeout
dyn_pax_591,1303.0,2026-09-07 09:21:43,417750354#1,restaurant,,919.2899707887079,1024.6134421491665,37.5008317366974,127.03113741131199,1604.0,301.0,taxi_4,picked
dyn_pax_592,1304.0,2026-09-07 09:21:44,1117538958#3,bus_stop,,160.18899290588462,540.6019911995099,37.49632820280781,127.02266936696756,1429.0,125.0,taxi_6,picked
dyn_pax_593,1305.0,2026-09-07 09:21:45,480850873,company|restaurant|bus_stop,,548.1935052770749,708.5896639848544,37.49791486187585,127.0270163956136,1756.0,451.0,taxi_1,picked
dyn_pax_594,1307.0,2026-09-07 09:21:47,178441450#1,residential|company|restaurant|bus_stop,,282.90243066757296,609.4157395563556,37.496971320837204,127.02404044855805,1462.0,155.0,taxi_respawn_15,picked
dyn_pax_595,1308.0,2026-09-07 09:21:48,1376141183#0,bus_stop,,548.2528111146681,901.2117688498424,37.49965007283687,127.02697139402301,,,,timeout
dyn_pax_596,1310.0,2026-09-07 09:21:50,375049565#6,restaurant|subway_entrance|bus_stop,,789.5153251748014,798.8522330112556,37.49877353199428,127.02972351946808,1542.0,232.0,taxi_5,picked
dyn_pax_597,1310.0,2026-09-07 09:21:50,628232693#0,company|restaurant,,644.2623295929467,660.168099777976,37.49749680792099,127.0281140674837,1368.0,58.0,taxi_respawn_23,picked
dyn_pax_598,1311.0,2026-09-07 09:21:51,1117538957#3,restaurant|subway_entrance|bus_stop,,465.5082521847807,644.8780924026132,37.49732530507706,127.02609663221197,1463.0,152.0,taxi_13,picked
dyn_pax_599,1314.0,2026-09-07 09:21:54,-506191135#22,residential|company|restaurant|bus_stop,,38.693950105848444,1321.9513167019495,37.50334380565249,127.02110990869835,1522.0,208.0,taxi_respawn_36,picked
dyn_pax_600,1316.0,2026-09-07 09:21:56,521770116#2,company|restaurant|bus_stop,,432.3182248087171,1108.514093563608,37.50149560521279,127.02561136613096,1561.0,245.0,taxi_respawn_14,picked
dyn_pax_601,1317.0,2026-09-07 09:21:57,520307304#0,school|subway_entrance|bus_stop,,602.6035134310263,763.145495629718,37.498416594724866,127.02761864854104,,,,timeout
dyn_pax_602,1319.0,2026-09-07 09:21:59,521770119#1,restaurant|bus_stop,,527.3115514435282,995.8620162900467,37.50049875494786,127.02671217090477,1725.0,406.0,taxi_49,picked
dyn_pax_603,1320.0,2026-09-07 09:22:00,305539406,company|restaurant|subway_entrance,,566.389495917364,736.5285064605782,37.49816998085155,127.02721550408178,,,,timeout
dyn_pax_604,1324.0,2026-09-07 09:22:04,218877837#2,company|restaurant|bus_stop,,479.4555212141038,978.0213907550284,37.500328997763305,127.02617530290202,1466.0,142.0,taxi_39,picked
dyn_pax_605,1325.0,2026-09-07 09:22:05,521770119#0,restaurant|bus_stop,,548.9831206778387,935.1148840516827,37.499955620541705,127.02697161236954,,,,timeout
dyn_pax_606,1327.0,2026-09-07 09:22:07,417933642#0,restaurant|bus_stop,,1041.0954363710525,463.30841921497654,37.49579826441859,127.03264736696761,1714.0,387.0,taxi_12,picked
dyn_pax_607,1328.0,2026-09-07 09:22:08,218877837#2,company|restaurant|bus_stop,,479.4555212141038,978.0213907550284,37.500328997763305,127.02617530290202,1559.0,231.0,taxi_34,picked
dyn_pax_608,1329.0,2026-09-07 09:22:09,379463134#2,restaurant,,492.9894267673794,1254.822149661426,37.50282506050825,127.0262626667944,1624.0,295.0,taxi_39,picked
dyn_pax_609,1330.0,2026-09-07 09:22:10,521766175#3,company|restaurant|subway_entrance|bus_stop,,373.6701172395771,1298.610217621072,37.50319695740621,127.02490310718325,,,,timeout
dyn_pax_610,1334.0,2026-09-07 09:22:14,375049565#6,restaurant|subway_entrance|bus_stop,,789.5153251748014,798.8522330112556,37.49877353199428,127.02972351946808,1774.0,440.0,taxi_43,picked
dyn_pax_611,1336.0,2026-09-07 09:22:16,375049565#6,restaurant|subway_entrance|bus_stop,,789.5153251748014,798.8522330112556,37.49877353199428,127.02972351946808,,,,timeout
dyn_pax_612,1339.0,2026-09-07 09:22:19,218873820#0,restaurant|subway_entrance|bus_stop,,628.9829311132032,562.4061665928522,37.49661325243901,127.02796447999128,,,,timeout
dyn_pax_613,1340.0,2026-09-07 09:22:20,521766175#1,company|restaurant|subway_entrance,,332.9365590021661,1411.5585828157227,37.504206724109,127.02441570308932,,,,timeout
dyn_pax_614,1341.0,2026-09-07 09:22:21,379463124,restaurant,,554.9909183636056,1244.5663744100702,37.50274438945946,127.02696616135114,1542.0,201.0,taxi_12,picked
dyn_pax_615,1343.0,2026-09-07 09:22:23,1117538957#3,restaurant|subway_entrance|bus_stop,,465.5082521847807,644.8780924026132,37.49732530507706,127.02609663221197,1638.0,295.0,taxi_16,picked
dyn_pax_616,1345.0,2026-09-07 09:22:25,417933642#0,restaurant|bus_stop,,1041.0954363710525,463.30841921497654,37.49579826441859,127.03264736696761,1815.0,470.0,taxi_respawn_25,picked
dyn_pax_617,1347.0,2026-09-07 09:22:27,521766175#3,company|restaurant|subway_entrance|bus_stop,,373.6701172395771,1298.610217621072,37.50319695740621,127.02490310718325,,,,timeout
dyn_pax_618,1350.0,2026-09-07 09:22:30,521766180#1,company|restaurant|bus_stop,,466.73410130235357,1169.2838037446552,37.502049542882666,127.02598608796039,1521.0,171.0,taxi_respawn_18,picked
dyn_pax_619,1350.0,2026-09-07 09:22:30,-417933646#1,residential|restaurant,,826.6019869456061,577.8075382253838,37.49678928421788,127.03019516859905,1591.0,241.0,taxi_respawn_39,picked
dyn_pax_620,1351.0,2026-09-07 09:22:31,218873820#0,restaurant|subway_entrance|bus_stop,,628.9829311132032,562.4061665928522,37.49661325243901,127.02796447999128,,,,timeout
dyn_pax_621,1353.0,2026-09-07 09:22:33,521766182#1,company|restaurant|subway_entrance,,681.695169875507,539.6867345716422,37.496418539503196,127.02856584056028,1499.0,146.0,taxi_respawn_34,picked
dyn_pax_622,1354.0,2026-09-07 09:22:34,1229817205#0,company|subway_entrance|bus_stop,,599.2457558679199,652.2907550986157,37.497417346160496,127.02760695963683,,,,timeout
dyn_pax_623,1356.0,2026-09-07 09:22:36,1229817205#0,company|subway_entrance|bus_stop,,599.2457558679199,652.2907550986157,37.497417346160496,127.02760695963683,,,,timeout
dyn_pax_624,1359.0,2026-09-07 09:22:39,506191135#3,residential|company|restaurant|bus_stop,,238.79972345576414,789.4714057742513,37.49858497042428,127.023499044737,1772.0,413.0,taxi_respawn_23,picked
dyn_pax_625,1360.0,2026-09-07 09:22:40,521766182#1,company|restaurant|subway_entrance,,681.695169875507,539.6867345716422,37.496418539503196,127.02856584056028,1696.0,336.0,taxi_respawn_20,picked
dyn_pax_626,1362.0,2026-09-07 09:22:42,521770119#1,restaurant|bus_stop,,527.3115514435282,995.8620162900467,37.50049875494786,127.02671217090477,1843.0,481.0,taxi_37,picked
dyn_pax_627,1362.0,2026-09-07 09:22:42,628232693#0,company|restaurant,,644.2623295929467,660.168099777976,37.49749680792099,127.0281140674837,1375.0,13.0,taxi_respawn_17,picked
dyn_pax_628,1363.0,2026-09-07 09:22:43,305539406,company|restaurant|subway_entrance,,566.389495917364,736.5285064605782,37.49816998085155,127.02721550408178,,,,timeout
dyn_pax_629,1363.0,2026-09-07 09:22:43,990628460#0,restaurant,,624.9193131653682,704.9656163236222,37.49789670602668,127.02788475117727,,,,timeout
dyn_pax_630,1365.0,2026-09-07 09:22:45,975332778#1,bus_stop,,681.6099970732737,721.9380561808346,37.49806030190971,127.02852170075586,1603.0,238.0,taxi_18,picked
dyn_pax_631,1366.0,2026-09-07 09:22:46,480850873,company|restaurant|bus_stop,,548.1935052770749,708.5896639848544,37.49791486187585,127.0270163956136,,,,timeout
dyn_pax_632,1368.0,2026-09-07 09:22:48,-542367267#1,bus_stop,,247.51018316686128,1414.7184918773391,37.504219024473855,127.02344900430944,1467.0,99.0,taxi_30,picked
dyn_pax_633,1369.0,2026-09-07 09:22:49,521766175#3,company|restaurant|subway_entrance|bus_stop,,373.6701172395771,1298.610217621072,37.50319695740621,127.02490310718325,,,,timeout
dyn_pax_634,1371.0,2026-09-07 09:22:51,523141074#0,company|restaurant|subway_entrance,,524.0338794858329,871.4890157117229,37.4993777454413,127.02670460634431,1855.0,484.0,taxi_8,picked
dyn_pax_635,1373.0,2026-09-07 09:22:53,218864491#0,restaurant|bus_stop,,769.9803916976219,760.1217113917903,37.49842094941813,127.02951181742357,,,,timeout
dyn_pax_636,1376.0,2026-09-07 09:22:56,218873820#0,restaurant|subway_entrance|bus_stop,,628.9829311132032,562.4061665928522,37.49661325243901,127.02796447999128,,,,timeout
dyn_pax_637,1377.0,2026-09-07 09:22:57,305539406,company|restaurant|subway_entrance,,566.389495917364,736.5285064605782,37.49816998085155,127.02721550408178,,,,timeout
dyn_pax_638,1382.0,2026-09-07 09:23:02,-541692164#2,subway_entrance,,317.7122087179151,1441.0296574375257,37.504469327730426,127.0242365566347,1732.0,350.0,taxi_7,picked
dyn_pax_639,1385.0,2026-09-07 09:23:05,521766180#1,company|restaurant|bus_stop,,466.73410130235357,1169.2838037446552,37.502049542882666,127.02598608796039,1725.0,340.0,taxi_22,picked
dyn_pax_640,1388.0,2026-09-07 09:23:08,521770119#0,restaurant|bus_stop,,548.9831206778387,935.1148840516827,37.499955620541705,127.02697161236954,,,,timeout
dyn_pax_641,1389.0,2026-09-07 09:23:09,521766175#3,company|restaurant|subway_entrance|bus_stop,,373.6701172395771,1298.610217621072,37.50319695740621,127.02490310718325,,,,timeout
dyn_pax_642,1391.0,2026-09-07 09:23:11,1117538957#3,restaurant|subway_entrance|bus_stop,,465.5082521847807,644.8780924026132,37.49732530507706,127.02609663221197,1742.0,351.0,taxi_respawn_14,picked
dyn_pax_643,1392.0,2026-09-07 09:23:12,218873820#0,restaurant|subway_entrance|bus_stop,,628.9829311132032,562.4061665928522,37.49661325243901,127.02796447999128,,,,timeout
dyn_pax_644,1395.0,2026-09-07 09:23:15,523141074#0,company|restaurant|subway_entrance,,524.0338794858329,871.4890157117229,37.4993777454413,127.02670460634431,,,,timeout
dyn_pax_645,1396.0,2026-09-07 09:23:16,520307304#0,school|subway_entrance|bus_stop,,602.6035134310263,763.145495629718,37.498416594724866,127.02761864854104,,,,timeout
dyn_pax_646,1397.0,2026-09-07 09:23:17,218873820#0,restaurant|subway_entrance|bus_stop,,628.9829311132032,562.4061665928522,37.49661325243901,127.02796447999128,,,,timeout
dyn_pax_647,1399.0,2026-09-07 09:23:19,417933646#2,residential|restaurant,,830.3119525357222,594.5819430897021,37.496941093289735,127.0302331440542,1453.0,54.0,taxi_respawn_13,picked
dyn_pax_648,1400.0,2026-09-07 09:23:20,218877837#2,company|restaurant|bus_stop,,479.4555212141038,978.0213907550284,37.500328997763305,127.02617530290202,1639.0,239.0,taxi_42,picked
dyn_pax_649,1400.0,2026-09-07 09:23:20,-417933642#1,restaurant,,972.7851169931362,629.1778231901285,37.49727960321316,127.03183581048214,1682.0,282.0,taxi_respawn_12,picked
dyn_pax_650,1403.0,2026-09-07 09:23:23,494824662#3,company|restaurant|subway_entrance,,729.424850252167,406.6843378518681,37.49522941823122,127.02913698209235,1817.0,414.0,taxi_respawn_9,picked
dyn_pax_651,1403.0,2026-09-07 09:23:23,-1011529829#3,residential|restaurant,,246.84006179949273,776.1178104815556,37.49846619888778,127.02359312469504,1629.0,226.0,taxi_37,picked
dyn_pax_652,1405.0,2026-09-07 09:23:25,521766175#1,company|restaurant|subway_entrance,,332.9365590021661,1411.5585828157227,37.504206724109,127.02441570308932,,,,timeout
dyn_pax_653,1406.0,2026-09-07 09:23:26,218873820#0,restaurant|subway_entrance|bus_stop,,628.9829311132032,562.4061665928522,37.49661325243901,127.02796447999128,,,,timeout
dyn_pax_654,1408.0,2026-09-07 09:23:28,-504509918#2,company|restaurant|bus_stop,,398.9694242295193,827.4758220967593,37.49895762305832,127.02530099003066,1674.0,266.0,taxi_respawn_27,picked
dyn_pax_655,1409.0,2026-09-07 09:23:29,218857636#1,residential|company|restaurant|bus_stop,,297.92905089287035,623.2061345250047,37.49709839153085,127.02420706961871,1453.0,44.0,taxi_33,picked
dyn_pax_656,1411.0,2026-09-07 09:23:31,521766175#3,company|restaurant|subway_entrance|bus_stop,,373.6701172395771,1298.610217621072,37.50319695740621,127.02490310718325,,,,timeout
dyn_pax_657,1412.0,2026-09-07 09:23:32,417933642#0,restaurant|bus_stop,,1041.0954363710525,463.30841921497654,37.49579826441859,127.03264736696761,1889.0,477.0,taxi_respawn_11,picked
dyn_pax_658,1414.0,2026-09-07 09:23:34,494824662#3,company|restaurant|subway_entrance,,729.424850252167,406.6843378518681,37.49522941823122,127.02913698209235,,,,timeout
dyn_pax_659,1415.0,2026-09-07 09:23:35,523141074#0,company|restaurant|subway_entrance,,524.0338794858329,871.4890157117229,37.4993777454413,127.02670460634431,,,,timeout
dyn_pax_660,1417.0,2026-09-07 09:23:37,520307304#0,school|subway_entrance|bus_stop,,602.6035134310263,763.145495629718,37.498416594724866,127.02761864854104,,,,timeout
dyn_pax_661,1419.0,2026-09-07 09:23:39,494824662#3,company|restaurant|subway_entrance,,729.424850252167,406.6843378518681,37.49522941823122,127.02913698209235,,,,timeout
dyn_pax_662,1420.0,2026-09-07 09:23:40,375049565#6,restaurant|subway_entrance|bus_stop,,789.5153251748014,798.8522330112556,37.49877353199428,127.02972351946808,1936.0,516.0,taxi_7,picked
dyn_pax_663,1422.0,2026-09-07 09:23:42,1117538957#3,restaurant|subway_entrance|bus_stop,,465.5082521847807,644.8780924026132,37.49732530507706,127.02609663221197,1823.0,401.0,taxi_35,picked
dyn_pax_664,1423.0,2026-09-07 09:23:43,975332778#1,bus_stop,,681.6099970732737,721.9380561808346,37.49806030190971,127.02852170075586,1708.0,285.0,taxi_5,picked
dyn_pax_665,1425.0,2026-09-07 09:23:45,-506191135#2,residential|bus_stop,,236.19733776439384,769.6838415951818,37.49840622577806,127.02347432089968,,,,timeout
dyn_pax_666,1428.0,2026-09-07 09:23:48,521766175#3,company|restaurant|subway_entrance|bus_stop,,373.6701172395771,1298.610217621072,37.50319695740621,127.02490310718325,,,,timeout
dyn_pax_667,1429.0,2026-09-07 09:23:49,521766180#1,company|restaurant|bus_stop,,466.73410130235357,1169.2838037446552,37.502049542882666,127.02598608796039,1813.0,384.0,taxi_respawn_4,picked
dyn_pax_668,1431.0,2026-09-07 09:23:51,218873820#0,restaurant|subway_entrance|bus_stop,,628.9829311132032,562.4061665928522,37.49661325243901,127.02796447999128,,,,timeout
dyn_pax_669,1434.0,2026-09-07 09:23:54,480850873,company|restaurant|bus_stop,,548.1935052770749,708.5896639848544,37.49791486187585,127.0270163956136,,,,timeout
dyn_pax_670,1434.0,2026-09-07 09:23:54,-504509918#2,company|restaurant|bus_stop,,398.9694242295193,827.4758220967593,37.49895762305832,127.02530099003066,1906.0,472.0,taxi_respawn_32,picked
dyn_pax_671,1437.0,2026-09-07 09:23:57,1229817205#1,residential|bus_stop,,631.6400080768872,572.7061575261558,37.49670653972221,127.02799208080955,1545.0,108.0,taxi_24,picked
dyn_pax_672,1438.0,2026-09-07 09:23:58,521766180#1,company|restaurant|bus_stop,,466.73410130235357,1169.2838037446552,37.502049542882666,127.02598608796039,1980.0,542.0,taxi_14,picked
dyn_pax_673,1440.0,2026-09-07 09:24:00,521770116#2,company|restaurant|bus_stop,,432.3182248087171,1108.514093563608,37.50149560521279,127.02561136613096,1541.0,101.0,taxi_respawn_25,picked
dyn_pax_674,1440.0,2026-09-07 09:24:00,-379463134#6,restaurant,,651.5506250710082,1319.679135788758,37.50343926652266,127.02804017641046,1571.0,131.0,taxi_respawn_19,picked
dyn_pax_675,1443.0,2026-09-07 09:24:03,521766175#3,company|restaurant|subway_entrance|bus_stop,,373.6701172395771,1298.610217621072,37.50319695740621,127.02490310718325,,,,timeout
dyn_pax_676,1445.0,2026-09-07 09:24:05,521766175#1,company|restaurant|subway_entrance,,332.9365590021661,1411.5585828157227,37.504206724109,127.02441570308932,,,,timeout
dyn_pax_677,1446.0,2026-09-07 09:24:06,1376141183#0,bus_stop,,548.2528111146681,901.2117688498424,37.49965007283687,127.02697139402301,1987.0,541.0,taxi_41,picked
dyn_pax_678,1449.0,2026-09-07 09:24:09,521766175#3,company|restaurant|subway_entrance|bus_stop,,373.6701172395771,1298.610217621072,37.50319695740621,127.02490310718325,,,,timeout
dyn_pax_679,1452.0,2026-09-07 09:24:12,375049565#6,restaurant|subway_entrance|bus_stop,,789.5153251748014,798.8522330112556,37.49877353199428,127.02972351946808,1950.0,498.0,taxi_respawn_2,picked
dyn_pax_680,1454.0,2026-09-07 09:24:14,520307304#0,school|subway_entrance|bus_stop,,602.6035134310263,763.145495629718,37.498416594724866,127.02761864854104,,,,timeout
dyn_pax_681,1457.0,2026-09-07 09:24:17,521770119#0,restaurant|bus_stop,,548.9831206778387,935.1148840516827,37.499955620541705,127.02697161236954,,,,timeout
dyn_pax_682,1458.0,2026-09-07 09:24:18,521766175#1,company|restaurant|subway_entrance,,332.9365590021661,1411.5585828157227,37.504206724109,127.02441570308932,,,,timeout
dyn_pax_683,1460.0,2026-09-07 09:24:20,523141074#0,company|restaurant|subway_entrance,,524.0338794858329,871.4890157117229,37.4993777454413,127.02670460634431,1932.0,472.0,taxi_respawn_37,picked
dyn_pax_684,1461.0,2026-09-07 09:24:21,-542367267#1,bus_stop,,247.51018316686128,1414.7184918773391,37.504219024473855,127.02344900430944,1636.0,175.0,taxi_21,picked
dyn_pax_685,1464.0,2026-09-07 09:24:24,218857636#1,residential|company|restaurant|bus_stop,,297.92905089287035,623.2061345250047,37.49709839153085,127.02420706961871,1562.0,98.0,taxi_respawn_30,picked
dyn_pax_686,1466.0,2026-09-07 09:24:26,480850873,company|restaurant|bus_stop,,548.1935052770749,708.5896639848544,37.49791486187585,127.0270163956136,,,,timeout
dyn_pax_687,1468.0,2026-09-07 09:24:28,178441450#1,residential|company|restaurant|bus_stop,,282.90243066757296,609.4157395563556,37.496971320837204,127.02404044855805,1543.0,75.0,taxi_28,picked
dyn_pax_688,1468.0,2026-09-07 09:24:28,-417750337#1,restaurant,,620.0756768942672,1248.4347545200121,37.5027915312318,127.02770116938098,1621.0,153.0,taxi_respawn_13,picked
dyn_pax_689,1471.0,2026-09-07 09:24:31,521766175#3,company|restaurant|subway_entrance|bus_stop,,373.6701172395771,1298.610217621072,37.50319695740621,127.02490310718325,,,,timeout
dyn_pax_690,1472.0,2026-09-07 09:24:32,417933642#2,residential|restaurant,,976.5976168723116,645.9370182109647,37.49743129415275,127.0318749523804,1697.0,225.0,taxi_respawn_11,picked
dyn_pax_691,1474.0,2026-09-07 09:24:34,480850873,company|restaurant|bus_stop,,548.1935052770749,708.5896639848544,37.49791486187585,127.0270163956136,,,,timeout
dyn_pax_692,1477.0,2026-09-07 09:24:37,521766175#3,company|restaurant|subway_entrance|bus_stop,,373.6701172395771,1298.610217621072,37.50319695740621,127.02490310718325,,,,timeout
dyn_pax_693,1478.0,2026-09-07 09:24:38,417933642#0,restaurant|bus_stop,,1041.0954363710525,463.30841921497654,37.49579826441859,127.03264736696761,1978.0,500.0,taxi_30,picked
dyn_pax_694,1478.0,2026-09-07 09:24:38,-417750336#3,school|company,,868.1859178511071,948.5147012398835,37.50013657861005,127.03057759421064,1575.0,97.0,taxi_respawn_8,picked
dyn_pax_695,1483.0,2026-09-07 09:24:43,218857636#1,residential|company|restaurant|bus_stop,,297.92905089287035,623.2061345250047,37.49709839153085,127.02420706961871,1571.0,88.0,taxi_respawn_9,picked
dyn_pax_696,1489.0,2026-09-07 09:24:49,305539406,company|restaurant|subway_entrance,,566.389495917364,736.5285064605782,37.49816998085155,127.02721550408178,1888.0,399.0,taxi_1,picked
dyn_pax_697,1492.0,2026-09-07 09:24:52,520307304#0,school|subway_entrance|bus_stop,,602.6035134310263,763.145495629718,37.498416594724866,127.02761864854104,,,,timeout
dyn_pax_698,1493.0,2026-09-07 09:24:53,504227069,residential|restaurant,,587.1158993285404,291.7776336445087,37.494167438547194,127.02755526357365,,,,timeout
dyn_pax_699,1494.0,2026-09-07 09:24:54,375049565#6,restaurant|subway_entrance|bus_stop,,789.5153251748014,798.8522330112556,37.49877353199428,127.02972351946808,1954.0,460.0,taxi_respawn_34,picked
dyn_pax_700,1495.0,2026-09-07 09:24:55,521766175#3,company|restaurant|subway_entrance|bus_stop,,373.6701172395771,1298.610217621072,37.50319695740621,127.02490310718325,,,,timeout
dyn_pax_701,1497.0,2026-09-07 09:24:57,218857636#1,residential|company|restaurant|bus_stop,,297.92905089287035,623.2061345250047,37.49709839153085,127.02420706961871,1865.0,368.0,taxi_4,picked
dyn_pax_702,1498.0,2026-09-07 09:24:58,521770119#1,restaurant|bus_stop,,527.3115514435282,995.8620162900467,37.50049875494786,127.02671217090477,2032.0,534.0,taxi_25,picked
dyn_pax_703,1500.0,2026-09-07 09:25:00,1229817205#1,residential|bus_stop,,631.6400080768872,572.7061575261558,37.49670653972221,127.02799208080955,1615.0,115.0,taxi_48,picked
dyn_pax_704,1501.0,2026-09-07 09:25:01,1229817205#1,residential|bus_stop,,631.6400080768872,572.7061575261558,37.49670653972221,127.02799208080955,1651.0,150.0,taxi_41,picked
dyn_pax_705,1503.0,2026-09-07 09:25:03,1229817205#1,residential|bus_stop,,631.6400080768872,572.7061575261558,37.49670653972221,127.02799208080955,1661.0,158.0,taxi_respawn_21,picked
dyn_pax_706,1504.0,2026-09-07 09:25:04,521766175#1,company|restaurant|subway_entrance,,332.9365590021661,1411.5585828157227,37.504206724109,127.02441570308932,,,,timeout
dyn_pax_707,1507.0,2026-09-07 09:25:07,-506191135#2,residential|bus_stop,,236.19733776439384,769.6838415951818,37.49840622577806,127.02347432089968,,,,timeout
dyn_pax_708,1510.0,2026-09-07 09:25:10,521766175#1,company|restaurant|subway_entrance,,332.9365590021661,1411.5585828157227,37.504206724109,127.02441570308932,,,,timeout
dyn_pax_709,1513.0,2026-09-07 09:25:13,-542367267#1,bus_stop,,247.51018316686128,1414.7184918773391,37.504219024473855,127.02344900430944,1562.0,49.0,taxi_20,picked
dyn_pax_710,1515.0,2026-09-07 09:25:15,521766182#1,company|restaurant|subway_entrance,,681.695169875507,539.6867345716422,37.496418539503196,127.02856584056028,1835.0,320.0,taxi_respawn_6,picked
dyn_pax_711,1517.0,2026-09-07 09:25:17,521766175#1,company|restaurant|subway_entrance,,332.9365590021661,1411.5585828157227,37.504206724109,127.02441570308932,,,,timeout
dyn_pax_712,1520.0,2026-09-07 09:25:20,521766175#3,company|restaurant|subway_entrance|bus_stop,,373.6701172395771,1298.610217621072,37.50319695740621,127.02490310718325,,,,timeout
dyn_pax_713,1521.0,2026-09-07 09:25:21,375049565#6,restaurant|subway_entrance|bus_stop,,789.5153251748014,798.8522330112556,37.49877353199428,127.02972351946808,1998.0,477.0,taxi_respawn_18,picked
dyn_pax_714,1523.0,2026-09-07 09:25:23,506191135#3,residential|company|restaurant|bus_stop,,238.79972345576414,789.4714057742513,37.49858497042428,127.023499044737,,,,timeout
dyn_pax_715,1524.0,2026-09-07 09:25:24,1117538957#3,restaurant|subway_entrance|bus_stop,,465.5082521847807,644.8780924026132,37.49732530507706,127.02609663221197,1828.0,304.0,taxi_42,picked
dyn_pax_716,1527.0,2026-09-07 09:25:27,521766180#1,company|restaurant|bus_stop,,466.73410130235357,1169.2838037446552,37.502049542882666,127.02598608796039,2285.0,758.0,taxi_respawn_29,picked
dyn_pax_717,1529.0,2026-09-07 09:25:29,-504509918#2,company|restaurant|bus_stop,,398.9694242295193,827.4758220967593,37.49895762305832,127.02530099003066,1942.0,413.0,taxi_22,picked
dyn_pax_718,1530.0,2026-09-07 09:25:30,1376141183#0,bus_stop,,548.2528111146681,901.2117688498424,37.49965007283687,127.02697139402301,,,,timeout
dyn_pax_719,1532.0,2026-09-07 09:25:32,218864491#0,restaurant|bus_stop,,769.9803916976219,760.1217113917903,37.49842094941813,127.02951181742357,,,,timeout
dyn_pax_720,1533.0,2026-09-07 09:25:33,-504509918#2,company|restaurant|bus_stop,,398.9694242295193,827.4758220967593,37.49895762305832,127.02530099003066,1965.0,432.0,taxi_8,picked
dyn_pax_721,1535.0,2026-09-07 09:25:35,-542367267#1,bus_stop,,247.51018316686128,1414.7184918773391,37.504219024473855,127.02344900430944,1629.0,94.0,taxi_3,picked
dyn_pax_722,1535.0,2026-09-07 09:25:35,129731859#3,restaurant,,873.6090416568148,941.272009001338,37.50007235670303,127.03064062663523,1557.0,22.0,taxi_2,picked
dyn_pax_723,1536.0,2026-09-07 09:25:36,1376141183#0,bus_stop,,548.2528111146681,901.2117688498424,37.49965007283687,127.02697139402301,,,,timeout
dyn_pax_724,1538.0,2026-09-07 09:25:38,521770119#1,restaurant|bus_stop,,527.3115514435282,995.8620162900467,37.50049875494786,127.02671217090477,,,,timeout
dyn_pax_725,1541.0,2026-09-07 09:25:41,-417933645#2,company|restaurant|subway_entrance,,701.1658676593129,719.5455833044954,37.49804244093877,127.02874337560036,,,,timeout
dyn_pax_726,1544.0,2026-09-07 09:25:44,1376141182#0,bus_stop,,385.7154046370183,1301.0311255965628,37.50322104370192,127.02503873135461,,,,timeout
dyn_pax_727,1546.0,2026-09-07 09:25:46,1117538957#3,restaurant|subway_entrance|bus_stop,,465.5082521847807,644.8780924026132,37.49732530507706,127.02609663221197,1801.0,255.0,taxi_respawn_5,picked
dyn_pax_728,1547.0,2026-09-07 09:25:47,-542367267#1,bus_stop,,247.51018316686128,1414.7184918773391,37.504219024473855,127.02344900430944,1642.0,95.0,taxi_8,picked
dyn_pax_729,1547.0,2026-09-07 09:25:47,1117538957#0,company|restaurant,,312.91680439510856,589.5311930299885,37.49679787270139,127.0243845203811,1591.0,44.0,taxi_respawn_2,picked
dyn_pax_730,1549.0,2026-09-07 09:25:49,-417933645#2,company|restaurant|subway_entrance,,701.1658676593129,719.5455833044954,37.49804244093877,127.02874337560036,,,,timeout
dyn_pax_731,1550.0,2026-09-07 09:25:50,541692164#1,subway_entrance,,271.6277521231475,1406.6420105391767,37.5041508337347,127.02372362926798,1618.0,68.0,taxi_1,picked
dyn_pax_732,1550.0,2026-09-07 09:25:50,521770116#2,company|restaurant|bus_stop,,432.3182248087171,1108.514093563608,37.50149560521279,127.02561136613096,1747.0,197.0,taxi_respawn_3,picked
dyn_pax_733,1552.0,2026-09-07 09:25:52,-541692164#2,subway_entrance,,317.7122087179151,1441.0296574375257,37.504469327730426,127.0242365566347,1906.0,354.0,taxi_18,picked
dyn_pax_734,1553.0,2026-09-07 09:25:53,218857636#1,residential|company|restaurant|bus_stop,,297.92905089287035,623.2061345250047,37.49709839153085,127.02420706961871,,,,timeout
dyn_pax_735,1555.0,2026-09-07 09:25:55,521770119#0,restaurant|bus_stop,,548.9831206778387,935.1148840516827,37.499955620541705,127.02697161236954,,,,timeout
dyn_pax_736,1556.0,2026-09-07 09:25:56,1229817205#0,company|subway_entrance|bus_stop,,599.2457558679199,652.2907550986157,37.497417346160496,127.02760695963683,,,,timeout
dyn_pax_737,1559.0,2026-09-07 09:25:59,523141074#0,company|restaurant|subway_entrance,,524.0338794858329,871.4890157117229,37.4993777454413,127.02670460634431,2033.0,474.0,taxi_13,picked
dyn_pax_738,1563.0,2026-09-07 09:26:03,178441450#1,residential|company|restaurant|bus_stop,,282.90243066757296,609.4157395563556,37.496971320837204,127.02404044855805,1766.0,203.0,taxi_34,picked
dyn_pax_739,1564.0,2026-09-07 09:26:04,1229817205#1,residential|bus_stop,,631.6400080768872,572.7061575261558,37.49670653972221,127.02799208080955,1693.0,129.0,taxi_44,picked
dyn_pax_740,1566.0,2026-09-07 09:26:06,-542367267#1,bus_stop,,247.51018316686128,1414.7184918773391,37.504219024473855,127.02344900430944,1648.0,82.0,taxi_6,picked
dyn_pax_741,1566.0,2026-09-07 09:26:06,1056882877#3,residential|company|restaurant,,365.79280968467333,433.0557487307964,37.495398294451746,127.02501948586043,1835.0,269.0,taxi_38,picked
dyn_pax_742,1569.0,2026-09-07 09:26:09,-417933645#2,company|restaurant|subway_entrance,,701.1658676593129,719.5455833044954,37.49804244093877,127.02874337560036,,,,timeout
dyn_pax_743,1572.0,2026-09-07 09:26:12,1117538958#3,bus_stop,,160.18899290588462,540.6019911995099,37.49632820280781,127.02266936696756,1684.0,112.0,taxi_31,picked
dyn_pax_744,1575.0,2026-09-07 09:26:15,1117538957#3,restaurant|subway_entrance|bus_stop,,465.5082521847807,644.8780924026132,37.49732530507706,127.02609663221197,1835.0,260.0,taxi_respawn_10,picked
dyn_pax_745,1576.0,2026-09-07 09:26:16,-541692164#2,subway_entrance,,317.7122087179151,1441.0296574375257,37.504469327730426,127.0242365566347,2085.0,509.0,taxi_respawn_22,picked
dyn_pax_746,1576.0,2026-09-07 09:26:16,129731859#3,restaurant,,873.6090416568148,941.272009001338,37.50007235670303,127.03064062663523,1728.0,152.0,taxi_36,picked
dyn_pax_747,1578.0,2026-09-07 09:26:18,521766180#1,company|restaurant|bus_stop,,466.73410130235357,1169.2838037446552,37.502049542882666,127.02598608796039,2591.0,1013.0,taxi_2,picked
dyn_pax_748,1579.0,2026-09-07 09:26:19,506191135#3,residential|company|restaurant|bus_stop,,238.79972345576414,789.4714057742513,37.49858497042428,127.023499044737,,,,timeout
dyn_pax_749,1579.0,2026-09-07 09:26:19,-417933646#4,company|restaurant,,761.9867537178288,747.7080569325292,37.49830761500862,127.02942437673002,,,,timeout
dyn_pax_750,1581.0,2026-09-07 09:26:21,521770119#1,restaurant|bus_stop,,527.3115514435282,995.8620162900467,37.50049875494786,127.02671217090477,,,,timeout
dyn_pax_751,1582.0,2026-09-07 09:26:22,-417933645#2,company|restaurant|subway_entrance,,701.1658676593129,719.5455833044954,37.49804244093877,127.02874337560036,,,,timeout
dyn_pax_752,1585.0,2026-09-07 09:26:25,1376141183#0,bus_stop,,548.2528111146681,901.2117688498424,37.49965007283687,127.02697139402301,,,,timeout
dyn_pax_753,1587.0,2026-09-07 09:26:27,1117538958#3,bus_stop,,160.18899290588462,540.6019911995099,37.49632820280781,127.02266936696756,1755.0,168.0,taxi_respawn_18,picked
dyn_pax_754,1595.0,2026-09-07 09:26:35,178441450#1,residential|company|restaurant|bus_stop,,282.90243066757296,609.4157395563556,37.496971320837204,127.02404044855805,1772.0,177.0,taxi_respawn_34,picked
dyn_pax_755,1596.0,2026-09-07 09:26:36,1229817205#0,company|subway_entrance|bus_stop,,599.2457558679199,652.2907550986157,37.497417346160496,127.02760695963683,,,,timeout
dyn_pax_756,1601.0,2026-09-07 09:26:41,1229817205#1,residential|bus_stop,,631.6400080768872,572.7061575261558,37.49670653972221,127.02799208080955,1710.0,109.0,taxi_respawn_2,picked
dyn_pax_757,1602.0,2026-09-07 09:26:42,521766180#1,company|restaurant|bus_stop,,466.73410130235357,1169.2838037446552,37.502049542882666,127.02598608796039,2535.0,933.0,taxi_0,picked
dyn_pax_758,1604.0,2026-09-07 09:26:44,520307304#0,school|subway_entrance|bus_stop,,602.6035134310263,763.145495629718,37.498416594724866,127.02761864854104,,,,timeout
dyn_pax_759,1605.0,2026-09-07 09:26:45,-504509918#2,company|restaurant|bus_stop,,398.9694242295193,827.4758220967593,37.49895762305832,127.02530099003066,2064.0,459.0,taxi_27,picked
dyn_pax_760,1605.0,2026-09-07 09:26:45,504227065,company,,441.32681628575455,666.8408278135128,37.497518581743364,127.0258180180219,1689.0,84.0,taxi_25,picked
dyn_pax_761,1607.0,2026-09-07 09:26:47,218857636#1,residential|company|restaurant|bus_stop,,297.92905089287035,623.2061345250047,37.49709839153085,127.02420706961871,,,,timeout
dyn_pax_762,1608.0,2026-09-07 09:26:48,305539406,company|restaurant|subway_entrance,,566.389495917364,736.5285064605782,37.49816998085155,127.02721550408178,,,,timeout
dyn_pax_763,1612.0,2026-09-07 09:26:52,975332778#1,bus_stop,,681.6099970732737,721.9380561808346,37.49806030190971,127.02852170075586,1822.0,210.0,taxi_respawn_12,picked
dyn_pax_764,1613.0,2026-09-07 09:26:53,1117538957#3,restaurant|subway_entrance|bus_stop,,465.5082521847807,644.8780924026132,37.49732530507706,127.02609663221197,1915.0,302.0,taxi_21,picked
dyn_pax_765,1615.0,2026-09-07 09:26:55,218864491#0,restaurant|bus_stop,,769.9803916976219,760.1217113917903,37.49842094941813,127.02951181742357,,,,timeout
dyn_pax_766,1616.0,2026-09-07 09:26:56,1117538957#3,restaurant|subway_entrance|bus_stop,,465.5082521847807,644.8780924026132,37.49732530507706,127.02609663221197,1920.0,304.0,taxi_39,picked
dyn_pax_767,1618.0,2026-09-07 09:26:58,1376141183#0,bus_stop,,548.2528111146681,901.2117688498424,37.49965007283687,127.02697139402301,,,,timeout
dyn_pax_768,1619.0,2026-09-07 09:26:59,305539406,company|restaurant|subway_entrance,,566.389495917364,736.5285064605782,37.49816998085155,127.02721550408178,,,,timeout
dyn_pax_769,1620.0,2026-09-07 09:27:00,521766175#1,company|restaurant|subway_entrance,,332.9365590021661,1411.5585828157227,37.504206724109,127.02441570308932,,,,timeout
dyn_pax_770,1627.0,2026-09-07 09:27:07,521770119#1,restaurant|bus_stop,,527.3115514435282,995.8620162900467,37.50049875494786,127.02671217090477,,,,timeout
dyn_pax_771,1628.0,2026-09-07 09:27:08,1117538958#3,bus_stop,,160.18899290588462,540.6019911995099,37.49632820280781,127.02266936696756,1815.0,187.0,taxi_31,picked
dyn_pax_772,1630.0,2026-09-07 09:27:10,218864491#0,restaurant|bus_stop,,769.9803916976219,760.1217113917903,37.49842094941813,127.02951181742357,,,,timeout
dyn_pax_773,1631.0,2026-09-07 09:27:11,521770116#2,company|restaurant|bus_stop,,432.3182248087171,1108.514093563608,37.50149560521279,127.02561136613096,1847.0,216.0,taxi_respawn_36,picked
dyn_pax_774,1633.0,2026-09-07 09:27:13,480850873,company|restaurant|bus_stop,,548.1935052770749,708.5896639848544,37.49791486187585,127.0270163956136,2073.0,440.0,taxi_respawn_4,picked
dyn_pax_775,1635.0,2026-09-07 09:27:15,218873820#0,restaurant|subway_entrance|bus_stop,,628.9829311132032,562.4061665928522,37.49661325243901,127.02796447999128,,,,timeout
dyn_pax_776,1636.0,2026-09-07 09:27:16,218873820#0,restaurant|subway_entrance|bus_stop,,628.9829311132032,562.4061665928522,37.49661325243901,127.02796447999128,,,,timeout
dyn_pax_777,1639.0,2026-09-07 09:27:19,521766175#3,company|restaurant|subway_entrance|bus_stop,,373.6701172395771,1298.610217621072,37.50319695740621,127.02490310718325,,,,timeout
dyn_pax_778,1639.0,2026-09-07 09:27:19,805827757#0,restaurant,,762.3138727549854,912.1862152730512,37.49978934916138,127.02938912364917,1792.0,153.0,taxi_32,picked
dyn_pax_779,1640.0,2026-09-07 09:27:20,417750337#2,restaurant,,602.0112566641748,1239.22102407953,37.50270511928559,127.02749909599581,1672.0,32.0,taxi_respawn_16,picked
dyn_pax_780,1642.0,2026-09-07 09:27:22,521770116#2,company|restaurant|bus_stop,,432.3182248087171,1108.514093563608,37.50149560521279,127.02561136613096,1943.0,301.0,taxi_28,picked
dyn_pax_781,1642.0,2026-09-07 09:27:22,-117790039#4,restaurant,,976.1736160857955,1107.3942396063046,37.50158817580974,127.03176100793065,1672.0,30.0,taxi_38,picked
dyn_pax_782,1644.0,2026-09-07 09:27:24,1376141182#0,bus_stop,,385.7154046370183,1301.0311255965628,37.50322104370192,127.02503873135461,,,,timeout
dyn_pax_783,1645.0,2026-09-07 09:27:25,-506191135#22,residential|company|restaurant|bus_stop,,38.693950105848444,1321.9513167019495,37.50334380565249,127.02110990869835,1791.0,146.0,taxi_47,picked
dyn_pax_784,1647.0,2026-09-07 09:27:27,129731859#3,restaurant,,873.6090416568148,941.272009001338,37.50007235670303,127.03064062663523,1700.0,53.0,taxi_respawn_37,picked
dyn_pax_785,1650.0,2026-09-07 09:27:30,1229817205#0,company|subway_entrance|bus_stop,,599.2457558679199,652.2907550986157,37.497417346160496,127.02760695963683,,,,timeout
dyn_pax_786,1651.0,2026-09-07 09:27:31,-129731717#1,residential|company|restaurant,,188.433090102474,1374.3511058470413,37.503844200149025,127.0227905913032,1661.0,10.0,taxi_respawn_15,picked
dyn_pax_787,1653.0,2026-09-07 09:27:33,1376141182#0,bus_stop,,385.7154046370183,1301.0311255965628,37.50322104370192,127.02503873135461,,,,timeout
dyn_pax_788,1654.0,2026-09-07 09:27:34,-506191135#2,residential|bus_stop,,236.19733776439384,769.6838415951818,37.49840622577806,127.02347432089968,,,,timeout
dyn_pax_789,1656.0,2026-09-07 09:27:36,218857636#1,residential|company|restaurant|bus_stop,,297.92905089287035,623.2061345250047,37.49709839153085,127.02420706961871,,,,timeout
dyn_pax_790,1657.0,2026-09-07 09:27:37,218877837#2,company|restaurant|bus_stop,,479.4555212141038,978.0213907550284,37.500328997763305,127.02617530290202,,,,timeout
dyn_pax_791,1659.0,2026-09-07 09:27:39,480850873,company|restaurant|bus_stop,,548.1935052770749,708.5896639848544,37.49791486187585,127.0270163956136,,,,timeout
dyn_pax_792,1661.0,2026-09-07 09:27:41,1229817205#1,residential|bus_stop,,631.6400080768872,572.7061575261558,37.49670653972221,127.02799208080955,1791.0,130.0,taxi_respawn_7,picked
dyn_pax_793,1662.0,2026-09-07 09:27:42,218873820#0,restaurant|subway_entrance|bus_stop,,628.9829311132032,562.4061665928522,37.49661325243901,127.02796447999128,,,,timeout
dyn_pax_794,1664.0,2026-09-07 09:27:44,417933642#0,restaurant|bus_stop,,1041.0954363710525,463.30841921497654,37.49579826441859,127.03264736696761,,,,timeout
dyn_pax_795,1665.0,2026-09-07 09:27:45,-504509918#2,company|restaurant|bus_stop,,398.9694242295193,827.4758220967593,37.49895762305832,127.02530099003066,2149.0,484.0,taxi_1,picked
dyn_pax_796,1667.0,2026-09-07 09:27:47,218877837#2,company|restaurant|bus_stop,,479.4555212141038,978.0213907550284,37.500328997763305,127.02617530290202,,,,timeout
dyn_pax_797,1668.0,2026-09-07 09:27:48,1117538957#3,restaurant|subway_entrance|bus_stop,,465.5082521847807,644.8780924026132,37.49732530507706,127.02609663221197,2094.0,426.0,taxi_respawn_32,picked
dyn_pax_798,1670.0,2026-09-07 09:27:50,521766180#1,company|restaurant|bus_stop,,466.73410130235357,1169.2838037446552,37.502049542882666,127.02598608796039,2548.0,878.0,taxi_respawn_25,picked
dyn_pax_799,1671.0,2026-09-07 09:27:51,521770116#2,company|restaurant|bus_stop,,432.3182248087171,1108.514093563608,37.50149560521279,127.02561136613096,1949.0,278.0,taxi_respawn_17,picked
dyn_pax_800,1673.0,2026-09-07 09:27:53,305539406,company|restaurant|subway_entrance,,566.389495917364,736.5285064605782,37.49816998085155,127.02721550408178,,,,timeout
dyn_pax_801,1676.0,2026-09-07 09:27:56,305539406,company|restaurant|subway_entrance,,566.389495917364,736.5285064605782,37.49816998085155,127.02721550408178,,,,timeout
dyn_pax_802,1677.0,2026-09-07 09:27:57,521770119#0,restaurant|bus_stop,,548.9831206778387,935.1148840516827,37.499955620541705,127.02697161236954,,,,timeout
dyn_pax_803,1677.0,2026-09-07 09:27:57,1376141183#0,bus_stop,,548.2528111146681,901.2117688498424,37.49965007283687,127.02697139402301,,,,timeout
dyn_pax_804,1678.0,2026-09-07 09:27:58,-913950883#1,residential|company|restaurant,,391.36286393582424,840.6655979518604,37.49907500229157,127.0252118555046,2046.0,368.0,taxi_respawn_8,picked
dyn_pax_805,1680.0,2026-09-07 09:28:00,520307304#0,school|subway_entrance|bus_stop,,602.6035134310263,763.145495629718,37.498416594724866,127.02761864854104,,,,timeout
dyn_pax_806,1681.0,2026-09-07 09:28:01,379463134#4,restaurant,,574.4815382344308,1284.0756787717605,37.50310398350559,127.02717717678497,1906.0,225.0,taxi_respawn_3,picked
dyn_pax_807,1684.0,2026-09-07 09:28:04,218873820#0,restaurant|subway_entrance|bus_stop,,628.9829311132032,562.4061665928522,37.49661325243901,127.02796447999128,,,,timeout
dyn_pax_808,1685.0,2026-09-07 09:28:05,218864491#0,restaurant|bus_stop,,769.9803916976219,760.1217113917903,37.49842094941813,127.02951181742357,,,,timeout
dyn_pax_809,1687.0,2026-09-07 09:28:07,375049565#6,restaurant|subway_entrance|bus_stop,,789.5153251748014,798.8522330112556,37.49877353199428,127.02972351946808,2008.0,321.0,taxi_23,picked
dyn_pax_810,1690.0,2026-09-07 09:28:10,1229817205#0,company|subway_entrance|bus_stop,,599.2457558679199,652.2907550986157,37.497417346160496,127.02760695963683,,,,timeout
dyn_pax_811,1691.0,2026-09-07 09:28:11,-542367267#1,bus_stop,,247.51018316686128,1414.7184918773391,37.504219024473855,127.02344900430944,1727.0,36.0,taxi_27,picked
dyn_pax_812,1693.0,2026-09-07 09:28:13,521766180#1,company|restaurant|bus_stop,,466.73410130235357,1169.2838037446552,37.502049542882666,127.02598608796039,2088.0,395.0,taxi_47,picked
dyn_pax_813,1694.0,2026-09-07 09:28:14,1117538957#3,restaurant|subway_entrance|bus_stop,,465.5082521847807,644.8780924026132,37.49732530507706,127.02609663221197,,,,timeout
dyn_pax_814,1699.0,2026-09-07 09:28:19,521766180#1,company|restaurant|bus_stop,,466.73410130235357,1169.2838037446552,37.502049542882666,127.02598608796039,2558.0,859.0,taxi_respawn_1,picked
dyn_pax_815,1703.0,2026-09-07 09:28:23,218873820#0,restaurant|subway_entrance|bus_stop,,628.9829311132032,562.4061665928522,37.49661325243901,127.02796447999128,,,,timeout
dyn_pax_816,1705.0,2026-09-07 09:28:25,218857636#1,residential|company|restaurant|bus_stop,,297.92905089287035,623.2061345250047,37.49709839153085,127.02420706961871,,,,timeout
dyn_pax_817,1707.0,2026-09-07 09:28:27,-506191135#22,residential|company|restaurant|bus_stop,,38.693950105848444,1321.9513167019495,37.50334380565249,127.02110990869835,1907.0,200.0,taxi_respawn_27,picked
dyn_pax_818,1707.0,2026-09-07 09:28:27,-117790039#2,company|restaurant,,1017.0012393074795,990.846024966068,37.5005459641277,127.03225021068775,1730.0,23.0,taxi_respawn_8,picked
dyn_pax_819,1708.0,2026-09-07 09:28:28,-506191135#2,residential|bus_stop,,236.19733776439384,769.6838415951818,37.49840622577806,127.02347432089968,,,,timeout
dyn_pax_820,1708.0,2026-09-07 09:28:28,-417933645#2,company|restaurant|subway_entrance,,701.1658676593129,719.5455833044954,37.49804244093877,127.02874337560036,,,,timeout
dyn_pax_821,1710.0,2026-09-07 09:28:30,-506191135#22,residential|company|restaurant|bus_stop,,38.693950105848444,1321.9513167019495,37.50334380565249,127.02110990869835,1939.0,229.0,taxi_9,picked
dyn_pax_822,1711.0,2026-09-07 09:28:31,-506191135#2,residential|bus_stop,,236.19733776439384,769.6838415951818,37.49840622577806,127.02347432089968,,,,timeout
dyn_pax_823,1713.0,2026-09-07 09:28:33,1376141183#0,bus_stop,,548.2528111146681,901.2117688498424,37.49965007283687,127.02697139402301,,,,timeout
dyn_pax_824,1714.0,2026-09-07 09:28:34,520307304#0,school|subway_entrance|bus_stop,,602.6035134310263,763.145495629718,37.498416594724866,127.02761864854104,,,,timeout
dyn_pax_825,1716.0,2026-09-07 09:28:36,218864491#0,restaurant|bus_stop,,769.9803916976219,760.1217113917903,37.49842094941813,127.02951181742357,,,,timeout
dyn_pax_826,1717.0,2026-09-07 09:28:37,523141074#0,company|restaurant|subway_entrance,,524.0338794858329,871.4890157117229,37.4993777454413,127.02670460634431,2039.0,322.0,taxi_43,picked
dyn_pax_827,1718.0,2026-09-07 09:28:38,-417750337#1,restaurant,,620.0756768942672,1248.4347545200121,37.5027915312318,127.02770116938098,1800.0,82.0,taxi_24,picked
dyn_pax_828,1720.0,2026-09-07 09:28:40,417933642#0,restaurant|bus_stop,,1041.0954363710525,463.30841921497654,37.49579826441859,127.03264736696761,,,,timeout
dyn_pax_829,1722.0,2026-09-07 09:28:42,-417933645#2,company|restaurant|subway_entrance,,701.1658676593129,719.5455833044954,37.49804244093877,127.02874337560036,,,,timeout
dyn_pax_830,1723.0,2026-09-07 09:28:43,178441450#1,residential|company|restaurant|bus_stop,,282.90243066757296,609.4157395563556,37.496971320837204,127.02404044855805,1855.0,132.0,taxi_respawn_30,picked
dyn_pax_831,1725.0,2026-09-07 09:28:45,-506191135#2,residential|bus_stop,,236.19733776439384,769.6838415951818,37.49840622577806,127.02347432089968,,,,timeout
dyn_pax_832,1726.0,2026-09-07 09:28:46,1229817205#0,company|subway_entrance|bus_stop,,599.2457558679199,652.2907550986157,37.497417346160496,127.02760695963683,,,,timeout
dyn_pax_833,1728.0,2026-09-07 09:28:48,1229817205#1,residential|bus_stop,,631.6400080768872,572.7061575261558,37.49670653972221,127.02799208080955,2010.0,282.0,taxi_48,picked
dyn_pax_834,1729.0,2026-09-07 09:28:49,1229817205#1,residential|bus_stop,,631.6400080768872,572.7061575261558,37.49670653972221,127.02799208080955,2155.0,426.0,taxi_respawn_39,picked
dyn_pax_835,1736.0,2026-09-07 09:28:56,521770116#2,company|restaurant|bus_stop,,432.3182248087171,1108.514093563608,37.50149560521279,127.02561136613096,1932.0,196.0,taxi_27,picked
dyn_pax_836,1737.0,2026-09-07 09:28:57,521766180#1,company|restaurant|bus_stop,,466.73410130235357,1169.2838037446552,37.502049542882666,127.02598608796039,2553.0,816.0,taxi_respawn_3,picked
dyn_pax_837,1739.0,2026-09-07 09:28:59,218864491#0,restaurant|bus_stop,,769.9803916976219,760.1217113917903,37.49842094941813,127.02951181742357,,,,timeout
dyn_pax_838,1740.0,2026-09-07 09:29:00,1117538958#3,bus_stop,,160.18899290588462,540.6019911995099,37.49632820280781,127.02266936696756,1843.0,103.0,taxi_respawn_35,picked
dyn_pax_839,1742.0,2026-09-07 09:29:02,417933642#0,restaurant|bus_stop,,1041.0954363710525,463.30841921497654,37.49579826441859,127.03264736696761,,,,timeout
dyn_pax_840,1743.0,2026-09-07 09:29:03,178441450#1,residential|company|restaurant|bus_stop,,282.90243066757296,609.4157395563556,37.496971320837204,127.02404044855805,2036.0,293.0,taxi_20,picked
dyn_pax_841,1745.0,2026-09-07 09:29:05,218873820#0,restaurant|subway_entrance|bus_stop,,628.9829311132032,562.4061665928522,37.49661325243901,127.02796447999128,,,,timeout
dyn_pax_842,1748.0,2026-09-07 09:29:08,480850873,company|restaurant|bus_stop,,548.1935052770749,708.5896639848544,37.49791486187585,127.0270163956136,,,,timeout
dyn_pax_843,1749.0,2026-09-07 09:29:09,375049565#6,restaurant|subway_entrance|bus_stop,,789.5153251748014,798.8522330112556,37.49877353199428,127.02972351946808,2087.0,338.0,taxi_respawn_15,picked
dyn_pax_844,1752.0,2026-09-07 09:29:12,521766175#3,company|restaurant|subway_entrance|bus_stop,,373.6701172395771,1298.610217621072,37.50319695740621,127.02490310718325,,,,timeout
dyn_pax_845,1752.0,2026-09-07 09:29:12,129731857#1,residential|restaurant,,656.8212873140518,799.6615847813327,37.498755780674834,127.02822301071001,1891.0,139.0,taxi_32,picked
dyn_pax_846,1754.0,2026-09-07 09:29:14,218873820#0,restaurant|subway_entrance|bus_stop,,628.9829311132032,562.4061665928522,37.49661325243901,127.02796447999128,,,,timeout
dyn_pax_847,1757.0,2026-09-07 09:29:17,218873820#0,restaurant|subway_entrance|bus_stop,,628.9829311132032,562.4061665928522,37.49661325243901,127.02796447999128,,,,timeout
dyn_pax_848,1758.0,2026-09-07 09:29:18,-417750337#6,restaurant,,503.6615133291097,1089.1021319971503,37.50133422142063,127.0264226479345,2517.0,759.0,taxi_respawn_13,picked
dyn_pax_849,1759.0,2026-09-07 09:29:19,-417750337#0,restaurant,,672.8749254632385,1321.3640627464144,37.50345847130562,127.02828089713113,1832.0,73.0,taxi_23,picked
dyn_pax_850,1762.0,2026-09-07 09:29:22,520307304#0,school|subway_entrance|bus_stop,,602.6035134310263,763.145495629718,37.498416594724866,127.02761864854104,,,,timeout
dyn_pax_851,1763.0,2026-09-07 09:29:23,521766182#1,company|restaurant|subway_entrance,,681.695169875507,539.6867345716422,37.496418539503196,127.02856584056028,1924.0,161.0,taxi_44,picked
dyn_pax_852,1765.0,2026-09-07 09:29:25,521766180#1,company|restaurant|bus_stop,,466.73410130235357,1169.2838037446552,37.502049542882666,127.02598608796039,2542.0,777.0,taxi_28,picked
dyn_pax_853,1766.0,2026-09-07 09:29:26,218877837#2,company|restaurant|bus_stop,,479.4555212141038,978.0213907550284,37.500328997763305,127.02617530290202,,,,timeout
dyn_pax_854,1768.0,2026-09-07 09:29:28,375049565#6,restaurant|subway_entrance|bus_stop,,789.5153251748014,798.8522330112556,37.49877353199428,127.02972351946808,,,,timeout
dyn_pax_855,1769.0,2026-09-07 09:29:29,417933642#0,restaurant|bus_stop,,1041.0954363710525,463.30841921497654,37.49579826441859,127.03264736696761,,,,timeout
dyn_pax_856,1771.0,2026-09-07 09:29:31,218873820#0,restaurant|subway_entrance|bus_stop,,628.9829311132032,562.4061665928522,37.49661325243901,127.02796447999128,,,,timeout
dyn_pax_857,1772.0,2026-09-07 09:29:32,1376141182#0,bus_stop,,385.7154046370183,1301.0311255965628,37.50322104370192,127.02503873135461,,,,timeout
dyn_pax_858,1774.0,2026-09-07 09:29:34,1117538957#3,restaurant|subway_entrance|bus_stop,,465.5082521847807,644.8780924026132,37.49732530507706,127.02609663221197,,,,timeout
dyn_pax_859,1775.0,2026-09-07 09:29:35,521766175#3,company|restaurant|subway_entrance|bus_stop,,373.6701172395771,1298.610217621072,37.50319695740621,127.02490310718325,,,,timeout
dyn_pax_860,1777.0,2026-09-07 09:29:37,-542367267#1,bus_stop,,247.51018316686128,1414.7184918773391,37.504219024473855,127.02344900430944,1810.0,33.0,taxi_respawn_33,picked
dyn_pax_861,1779.0,2026-09-07 09:29:39,417933642#0,restaurant|bus_stop,,1041.0954363710525,463.30841921497654,37.49579826441859,127.03264736696761,,,,timeout
dyn_pax_862,1780.0,2026-09-07 09:29:40,521766180#1,company|restaurant|bus_stop,,466.73410130235357,1169.2838037446552,37.502049542882666,127.02598608796039,2569.0,789.0,taxi_respawn_5,picked
dyn_pax_863,1781.0,2026-09-07 09:29:41,521770119#3,restaurant,,495.372237145516,1095.557338436544,37.501390805360316,127.0263273901891,2205.0,424.0,taxi_3,picked
dyn_pax_864,1782.0,2026-09-07 09:29:42,178441450#1,residential|company|restaurant|bus_stop,,282.90243066757296,609.4157395563556,37.496971320837204,127.02404044855805,2305.0,523.0,taxi_21,picked
dyn_pax_865,1783.0,2026-09-07 09:29:43,494824662#3,company|restaurant|subway_entrance,,729.424850252167,406.6843378518681,37.49522941823122,127.02913698209235,2017.0,234.0,taxi_19,picked
dyn_pax_866,1786.0,2026-09-07 09:29:46,218873820#0,restaurant|subway_entrance|bus_stop,,628.9829311132032,562.4061665928522,37.49661325243901,127.02796447999128,,,,timeout
dyn_pax_867,1789.0,2026-09-07 09:29:49,521766175#3,company|restaurant|subway_entrance|bus_stop,,373.6701172395771,1298.610217621072,37.50319695740621,127.02490310718325,,,,timeout
dyn_pax_868,1791.0,2026-09-07 09:29:51,1117538957#3,restaurant|subway_entrance|bus_stop,,465.5082521847807,644.8780924026132,37.49732530507706,127.02609663221197,,,,timeout
dyn_pax_869,1794.0,2026-09-07 09:29:54,-417933645#2,company|restaurant|subway_entrance,,701.1658676593129,719.5455833044954,37.49804244093877,127.02874337560036,,,,timeout
dyn_pax_870,1795.0,2026-09-07 09:29:55,-542367267#1,bus_stop,,247.51018316686128,1414.7184918773391,37.504219024473855,127.02344900430944,1819.0,24.0,taxi_27,picked
dyn_pax_871,1797.0,2026-09-07 09:29:57,1376141182#0,bus_stop,,385.7154046370183,1301.0311255965628,37.50322104370192,127.02503873135461,,,,timeout
dyn_pax_872,1800.0,2026-09-07 09:30:00,1376141183#0,bus_stop,,548.2528111146681,901.2117688498424,37.49965007283687,127.02697139402301,,,,timeout
dyn_pax_873,1803.0,2026-09-07 09:30:03,-541692164#2,subway_entrance,,317.7122087179151,1441.0296574375257,37.504469327730426,127.0242365566347,2264.0,461.0,taxi_respawn_18,picked
dyn_pax_874,1805.0,2026-09-07 09:30:05,218877837#2,company|restaurant|bus_stop,,479.4555212141038,978.0213907550284,37.500328997763305,127.02617530290202,,,,timeout
dyn_pax_875,1805.0,2026-09-07 09:30:05,-129731858#1,restaurant,,779.3164249772793,838.8541978668718,37.49913195860003,127.0295987323456,1877.0,72.0,taxi_25,picked
dyn_pax_876,1806.0,2026-09-07 09:30:06,-417933645#2,company|restaurant|subway_entrance,,701.1658676593129,719.5455833044954,37.49804244093877,127.02874337560036,,,,timeout
dyn_pax_877,1807.0,2026-09-07 09:30:07,-1537068129#0,restaurant,,962.1540281232122,1146.7630824504436,37.50194018104768,127.03159317410272,1927.0,120.0,taxi_36,picked
dyn_pax_878,1808.0,2026-09-07 09:30:08,-504509918#2,company|restaurant|bus_stop,,398.9694242295193,827.4758220967593,37.49895762305832,127.02530099003066,,,,timeout
dyn_pax_879,1809.0,2026-09-07 09:30:09,218873820#0,restaurant|subway_entrance|bus_stop,,628.9829311132032,562.4061665928522,37.49661325243901,127.02796447999128,,,,timeout
dyn_pax_880,1809.0,2026-09-07 09:30:09,117790062#7,restaurant,,610.3314045210797,1078.999817662281,37.50126336859982,127.02763115548898,1935.0,126.0,taxi_46,picked
dyn_pax_881,1811.0,2026-09-07 09:30:11,1117538958#3,bus_stop,,160.18899290588462,540.6019911995099,37.49632820280781,127.02266936696756,1860.0,49.0,taxi_20,picked
dyn_pax_882,1812.0,2026-09-07 09:30:12,521766175#1,company|restaurant|subway_entrance,,332.9365590021661,1411.5585828157227,37.504206724109,127.02441570308932,,,,timeout
dyn_pax_883,1814.0,2026-09-07 09:30:14,218873820#0,restaurant|subway_entrance|bus_stop,,628.9829311132032,562.4061665928522,37.49661325243901,127.02796447999128,,,,timeout
dyn_pax_884,1815.0,2026-09-07 09:30:15,975332778#1,bus_stop,,681.6099970732737,721.9380561808346,37.49806030190971,127.02852170075586,1849.0,34.0,taxi_48,picked
dyn_pax_885,1817.0,2026-09-07 09:30:17,975332778#1,bus_stop,,681.6099970732737,721.9380561808346,37.49806030190971,127.02852170075586,1938.0,121.0,taxi_respawn_14,picked
dyn_pax_886,1818.0,2026-09-07 09:30:18,1229817205#0,company|subway_entrance|bus_stop,,599.2457558679199,652.2907550986157,37.497417346160496,127.02760695963683,,,,timeout
dyn_pax_887,1820.0,2026-09-07 09:30:20,-504509918#2,company|restaurant|bus_stop,,398.9694242295193,827.4758220967593,37.49895762305832,127.02530099003066,,,,timeout
dyn_pax_888,1821.0,2026-09-07 09:30:21,521766175#3,company|restaurant|subway_entrance|bus_stop,,373.6701172395771,1298.610217621072,37.50319695740621,127.02490310718325,,,,timeout
dyn_pax_889,1826.0,2026-09-07 09:30:26,178441450#1,residential|company|restaurant|bus_stop,,282.90243066757296,609.4157395563556,37.496971320837204,127.02404044855805,,,,timeout
dyn_pax_890,1828.0,2026-09-07 09:30:28,-506191135#22,residential|company|restaurant|bus_stop,,38.693950105848444,1321.9513167019495,37.50334380565249,127.02110990869835,1965.0,137.0,taxi_12,picked
dyn_pax_891,1829.0,2026-09-07 09:30:29,480850873,company|restaurant|bus_stop,,548.1935052770749,708.5896639848544,37.49791486187585,127.0270163956136,,,,timeout
dyn_pax_892,1832.0,2026-09-07 09:30:32,1117538958#3,bus_stop,,160.18899290588462,540.6019911995099,37.49632820280781,127.02266936696756,2014.0,182.0,taxi_respawn_12,picked
dyn_pax_893,1834.0,2026-09-07 09:30:34,-504509918#2,company|restaurant|bus_stop,,398.9694242295193,827.4758220967593,37.49895762305832,127.02530099003066,,,,timeout
dyn_pax_894,1835.0,2026-09-07 09:30:35,1376141182#0,bus_stop,,385.7154046370183,1301.0311255965628,37.50322104370192,127.02503873135461,,,,timeout
dyn_pax_895,1837.0,2026-09-07 09:30:37,520307304#0,school|subway_entrance|bus_stop,,602.6035134310263,763.145495629718,37.498416594724866,127.02761864854104,,,,timeout
dyn_pax_896,1837.0,2026-09-07 09:30:37,-1056882877#5,company|restaurant,,302.41102899925136,583.0415396467946,37.496737424712585,127.0242672800979,1941.0,104.0,taxi_respawn_38,picked
dyn_pax_897,1838.0,2026-09-07 09:30:38,1376141183#0,bus_stop,,548.2528111146681,901.2117688498424,37.49965007283687,127.02697139402301,,,,timeout
dyn_pax_898,1839.0,2026-09-07 09:30:39,-117790039#2,company|restaurant,,1017.0012393074795,990.846024966068,37.5005459641277,127.03225021068775,1933.0,94.0,taxi_29,picked
dyn_pax_899,1840.0,2026-09-07 09:30:40,521766182#1,company|restaurant|subway_entrance,,681.695169875507,539.6867345716422,37.496418539503196,127.02856584056028,1930.0,90.0,taxi_6,picked
dyn_pax_900,1843.0,2026-09-07 09:30:43,523141074#0,company|restaurant|subway_entrance,,524.0338794858329,871.4890157117229,37.4993777454413,127.02670460634431,,,,timeout
dyn_pax_901,1843.0,2026-09-07 09:30:43,-523141073,residential|company,,283.47995026542384,1109.9635024546676,37.50148051131825,127.02392811188028,1909.0,66.0,taxi_respawn_19,picked
dyn_pax_902,1844.0,2026-09-07 09:30:44,417933642#0,restaurant|bus_stop,,1041.0954363710525,463.30841921497654,37.49579826441859,127.03264736696761,,,,timeout
dyn_pax_903,1847.0,2026-09-07 09:30:47,1229817205#0,company|subway_entrance|bus_stop,,599.2457558679199,652.2907550986157,37.497417346160496,127.02760695963683,,,,timeout
dyn_pax_904,1849.0,2026-09-07 09:30:49,1376141183#0,bus_stop,,548.2528111146681,901.2117688498424,37.49965007283687,127.02697139402301,,,,timeout
dyn_pax_905,1850.0,2026-09-07 09:30:50,305539406,company|restaurant|subway_entrance,,566.389495917364,736.5285064605782,37.49816998085155,127.02721550408178,,,,timeout
dyn_pax_906,1851.0,2026-09-07 09:30:51,521766182#1,company|restaurant|subway_entrance,,681.695169875507,539.6867345716422,37.496418539503196,127.02856584056028,2028.0,177.0,taxi_respawn_36,picked
dyn_pax_907,1852.0,2026-09-07 09:30:52,975332778#1,bus_stop,,681.6099970732737,721.9380561808346,37.49806030190971,127.02852170075586,1952.0,100.0,taxi_34,picked
dyn_pax_908,1854.0,2026-09-07 09:30:54,178441450#1,residential|company|restaurant|bus_stop,,282.90243066757296,609.4157395563556,37.496971320837204,127.02404044855805,,,,timeout
dyn_pax_909,1855.0,2026-09-07 09:30:55,975332778#1,bus_stop,,681.6099970732737,721.9380561808346,37.49806030190971,127.02852170075586,2066.0,211.0,taxi_respawn_38,picked
dyn_pax_910,1856.0,2026-09-07 09:30:56,521766182#1,company|restaurant|subway_entrance,,681.695169875507,539.6867345716422,37.496418539503196,127.02856584056028,2072.0,216.0,taxi_7,picked
dyn_pax_911,1857.0,2026-09-07 09:30:57,506191135#3,residential|company|restaurant|bus_stop,,238.79972345576414,789.4714057742513,37.49858497042428,127.023499044737,,,,timeout
dyn_pax_912,1857.0,2026-09-07 09:30:57,990628460#0,restaurant,,624.9193131653682,704.9656163236222,37.49789670602668,127.02788475117727,,,,timeout
dyn_pax_913,1858.0,2026-09-07 09:30:58,480850873,company|restaurant|bus_stop,,548.1935052770749,708.5896639848544,37.49791486187585,127.0270163956136,,,,timeout
dyn_pax_914,1860.0,2026-09-07 09:31:00,-506191135#2,residential|bus_stop,,236.19733776439384,769.6838415951818,37.49840622577806,127.02347432089968,,,,timeout
dyn_pax_915,1861.0,2026-09-07 09:31:01,218873820#0,restaurant|subway_entrance|bus_stop,,628.9829311132032,562.4061665928522,37.49661325243901,127.02796447999128,,,,timeout
dyn_pax_916,1861.0,2026-09-07 09:31:01,504227067#0,restaurant,,638.7551174354396,526.833121212444,37.49629464408366,127.02808339614947,1922.0,61.0,taxi_respawn_16,picked
dyn_pax_917,1862.0,2026-09-07 09:31:02,521766182#1,company|restaurant|subway_entrance,,681.695169875507,539.6867345716422,37.496418539503196,127.02856584056028,,,,timeout
dyn_pax_918,1863.0,2026-09-07 09:31:03,218864491#0,restaurant|bus_stop,,769.9803916976219,760.1217113917903,37.49842094941813,127.02951181742357,,,,timeout
dyn_pax_919,1867.0,2026-09-07 09:31:07,-506191135#22,residential|company|restaurant|bus_stop,,38.693950105848444,1321.9513167019495,37.50334380565249,127.02110990869835,1997.0,130.0,taxi_respawn_39,picked
dyn_pax_920,1869.0,2026-09-07 09:31:09,1376141183#0,bus_stop,,548.2528111146681,901.2117688498424,37.49965007283687,127.02697139402301,,,,timeout
dyn_pax_921,1870.0,2026-09-07 09:31:10,375049565#6,restaurant|subway_entrance|bus_stop,,789.5153251748014,798.8522330112556,37.49877353199428,127.02972351946808,,,,timeout
dyn_pax_922,1872.0,2026-09-07 09:31:12,1376141182#0,bus_stop,,385.7154046370183,1301.0311255965628,37.50322104370192,127.02503873135461,,,,timeout
dyn_pax_923,1873.0,2026-09-07 09:31:13,-417933645#2,company|restaurant|subway_entrance,,701.1658676593129,719.5455833044954,37.49804244093877,127.02874337560036,,,,timeout
dyn_pax_924,1875.0,2026-09-07 09:31:15,1117538957#3,restaurant|subway_entrance|bus_stop,,465.5082521847807,644.8780924026132,37.49732530507706,127.02609663221197,,,,timeout
dyn_pax_925,1875.0,2026-09-07 09:31:15,218877837#2,company|restaurant|bus_stop,,479.4555212141038,978.0213907550284,37.500328997763305,127.02617530290202,,,,timeout
dyn_pax_926,1878.0,2026-09-07 09:31:18,521770119#0,restaurant|bus_stop,,548.9831206778387,935.1148840516827,37.499955620541705,127.02697161236954,,,,timeout
dyn_pax_927,1880.0,2026-09-07 09:31:20,1117538958#3,bus_stop,,160.18899290588462,540.6019911995099,37.49632820280781,127.02266936696756,2166.0,286.0,taxi_16,picked
dyn_pax_928,1881.0,2026-09-07 09:31:21,178441450#1,residential|company|restaurant|bus_stop,,282.90243066757296,609.4157395563556,37.496971320837204,127.02404044855805,2388.0,507.0,taxi_39,picked
dyn_pax_929,1883.0,2026-09-07 09:31:23,521766175#3,company|restaurant|subway_entrance|bus_stop,,373.6701172395771,1298.610217621072,37.50319695740621,127.02490310718325,,,,timeout
dyn_pax_930,1884.0,2026-09-07 09:31:24,521766175#1,company|restaurant|subway_entrance,,332.9365590021661,1411.5585828157227,37.504206724109,127.02441570308932,,,,timeout
dyn_pax_931,1886.0,2026-09-07 09:31:26,305539406,company|restaurant|subway_entrance,,566.389495917364,736.5285064605782,37.49816998085155,127.02721550408178,,,,timeout
dyn_pax_932,1889.0,2026-09-07 09:31:29,521766180#1,company|restaurant|bus_stop,,466.73410130235357,1169.2838037446552,37.502049542882666,127.02598608796039,2574.0,685.0,taxi_33,picked
dyn_pax_933,1890.0,2026-09-07 09:31:30,-417933645#2,company|restaurant|subway_entrance,,701.1658676593129,719.5455833044954,37.49804244093877,127.02874337560036,,,,timeout
dyn_pax_934,1892.0,2026-09-07 09:31:32,-541692164#2,subway_entrance,,317.7122087179151,1441.0296574375257,37.504469327730426,127.0242365566347,2271.0,379.0,taxi_30,picked
dyn_pax_935,1893.0,2026-09-07 09:31:33,129731721#0,company|restaurant,,451.4485582282947,673.334514427724,37.497578992002325,127.0259309178301,2664.0,771.0,taxi_respawn_23,picked
dyn_pax_936,1895.0,2026-09-07 09:31:35,521770119#0,restaurant|bus_stop,,548.9831206778387,935.1148840516827,37.499955620541705,127.02697161236954,,,,timeout
dyn_pax_937,1896.0,2026-09-07 09:31:36,975332778#1,bus_stop,,681.6099970732737,721.9380561808346,37.49806030190971,127.02852170075586,,,,timeout
dyn_pax_938,1898.0,2026-09-07 09:31:38,218864491#0,restaurant|bus_stop,,769.9803916976219,760.1217113917903,37.49842094941813,127.02951181742357,,,,timeout
dyn_pax_939,1900.0,2026-09-07 09:31:40,218873820#0,restaurant|subway_entrance|bus_stop,,628.9829311132032,562.4061665928522,37.49661325243901,127.02796447999128,,,,timeout
dyn_pax_940,1901.0,2026-09-07 09:31:41,178441450#1,residential|company|restaurant|bus_stop,,282.90243066757296,609.4157395563556,37.496971320837204,127.02404044855805,,,,timeout
dyn_pax_941,1903.0,2026-09-07 09:31:43,521770116#2,company|restaurant|bus_stop,,432.3182248087171,1108.514093563608,37.50149560521279,127.02561136613096,2102.0,199.0,taxi_31,picked
dyn_pax_942,1906.0,2026-09-07 09:31:46,417933642#0,restaurant|bus_stop,,1041.0954363710525,463.30841921497654,37.49579826441859,127.03264736696761,,,,timeout
dyn_pax_943,1907.0,2026-09-07 09:31:47,-506191135#2,residential|bus_stop,,236.19733776439384,769.6838415951818,37.49840622577806,127.02347432089968,,,,timeout
dyn_pax_944,1909.0,2026-09-07 09:31:49,-542367267#1,bus_stop,,247.51018316686128,1414.7184918773391,37.504219024473855,127.02344900430944,1999.0,90.0,taxi_5,picked
dyn_pax_945,1910.0,2026-09-07 09:31:50,-542367267#1,bus_stop,,247.51018316686128,1414.7184918773391,37.504219024473855,127.02344900430944,1992.0,82.0,taxi_49,picked
dyn_pax_946,1912.0,2026-09-07 09:31:52,178441450#1,residential|company|restaurant|bus_stop,,282.90243066757296,609.4157395563556,37.496971320837204,127.02404044855805,,,,timeout
dyn_pax_947,1913.0,2026-09-07 09:31:53,417933642#0,restaurant|bus_stop,,1041.0954363710525,463.30841921497654,37.49579826441859,127.03264736696761,,,,timeout
dyn_pax_948,1915.0,2026-09-07 09:31:55,520307304#0,school|subway_entrance|bus_stop,,602.6035134310263,763.145495629718,37.498416594724866,127.02761864854104,,,,timeout
dyn_pax_949,1916.0,2026-09-07 09:31:56,975332778#1,bus_stop,,681.6099970732737,721.9380561808346,37.49806030190971,127.02852170075586,,,,timeout
dyn_pax_950,1921.0,2026-09-07 09:32:01,218873820#0,restaurant|subway_entrance|bus_stop,,628.9829311132032,562.4061665928522,37.49661325243901,127.02796447999128,,,,timeout
dyn_pax_951,1922.0,2026-09-07 09:32:02,117790062#7,restaurant,,610.3314045210797,1078.999817662281,37.50126336859982,127.02763115548898,2028.0,106.0,taxi_33,picked
dyn_pax_952,1923.0,2026-09-07 09:32:03,1117538957#3,restaurant|subway_entrance|bus_stop,,465.5082521847807,644.8780924026132,37.49732530507706,127.02609663221197,,,,timeout
dyn_pax_953,1924.0,2026-09-07 09:32:04,975332778#1,bus_stop,,681.6099970732737,721.9380561808346,37.49806030190971,127.02852170075586,,,,timeout
dyn_pax_954,1926.0,2026-09-07 09:32:06,-417933645#2,company|restaurant|subway_entrance,,701.1658676593129,719.5455833044954,37.49804244093877,127.02874337560036,,,,timeout
dyn_pax_955,1927.0,2026-09-07 09:32:07,521766175#3,company|restaurant|subway_entrance|bus_stop,,373.6701172395771,1298.610217621072,37.50319695740621,127.02490310718325,,,,timeout
dyn_pax_956,1929.0,2026-09-07 09:32:09,975332778#1,bus_stop,,681.6099970732737,721.9380561808346,37.49806030190971,127.02852170075586,,,,timeout
dyn_pax_957,1930.0,2026-09-07 09:32:10,-541692164#2,subway_entrance,,317.7122087179151,1441.0296574375257,37.504469327730426,127.0242365566347,,,,timeout
dyn_pax_958,1933.0,2026-09-07 09:32:13,521766175#3,company|restaurant|subway_entrance|bus_stop,,373.6701172395771,1298.610217621072,37.50319695740621,127.02490310718325,,,,timeout
dyn_pax_959,1936.0,2026-09-07 09:32:16,520307304#0,school|subway_entrance|bus_stop,,602.6035134310263,763.145495629718,37.498416594724866,127.02761864854104,,,,timeout
dyn_pax_960,1938.0,2026-09-07 09:32:18,-542367267#1,bus_stop,,247.51018316686128,1414.7184918773391,37.504219024473855,127.02344900430944,2032.0,94.0,taxi_38,picked
dyn_pax_961,1939.0,2026-09-07 09:32:19,417933642#0,restaurant|bus_stop,,1041.0954363710525,463.30841921497654,37.49579826441859,127.03264736696761,,,,timeout
dyn_pax_962,1941.0,2026-09-07 09:32:21,506191135#3,residential|company|restaurant|bus_stop,,238.79972345576414,789.4714057742513,37.49858497042428,127.023499044737,,,,timeout
dyn_pax_963,1942.0,2026-09-07 09:32:22,218857636#1,residential|company|restaurant|bus_stop,,297.92905089287035,623.2061345250047,37.49709839153085,127.02420706961871,,,,timeout
dyn_pax_964,1944.0,2026-09-07 09:32:24,521766180#1,company|restaurant|bus_stop,,466.73410130235357,1169.2838037446552,37.502049542882666,127.02598608796039,,,,timeout
dyn_pax_965,1945.0,2026-09-07 09:32:25,521766175#1,company|restaurant|subway_entrance,,332.9365590021661,1411.5585828157227,37.504206724109,127.02441570308932,,,,timeout
dyn_pax_966,1947.0,2026-09-07 09:32:27,417933642#0,restaurant|bus_stop,,1041.0954363710525,463.30841921497654,37.49579826441859,127.03264736696761,,,,timeout
dyn_pax_967,1950.0,2026-09-07 09:32:30,1376141182#0,bus_stop,,385.7154046370183,1301.0311255965628,37.50322104370192,127.02503873135461,,,,timeout
dyn_pax_968,1952.0,2026-09-07 09:32:32,375049565#6,restaurant|subway_entrance|bus_stop,,789.5153251748014,798.8522330112556,37.49877353199428,127.02972351946808,,,,timeout
dyn_pax_969,1953.0,2026-09-07 09:32:33,1229817205#0,company|subway_entrance|bus_stop,,599.2457558679199,652.2907550986157,37.497417346160496,127.02760695963683,,,,timeout
dyn_pax_970,1955.0,2026-09-07 09:32:35,1229817205#0,company|subway_entrance|bus_stop,,599.2457558679199,652.2907550986157,37.497417346160496,127.02760695963683,,,,timeout
dyn_pax_971,1959.0,2026-09-07 09:32:39,1117538957#3,restaurant|subway_entrance|bus_stop,,465.5082521847807,644.8780924026132,37.49732530507706,127.02609663221197,,,,timeout
dyn_pax_972,1961.0,2026-09-07 09:32:41,520307304#0,school|subway_entrance|bus_stop,,602.6035134310263,763.145495629718,37.498416594724866,127.02761864854104,,,,timeout
dyn_pax_973,1964.0,2026-09-07 09:32:44,521766175#3,company|restaurant|subway_entrance|bus_stop,,373.6701172395771,1298.610217621072,37.50319695740621,127.02490310718325,,,,timeout
dyn_pax_974,1965.0,2026-09-07 09:32:45,521766182#1,company|restaurant|subway_entrance,,681.695169875507,539.6867345716422,37.496418539503196,127.02856584056028,,,,timeout
dyn_pax_975,1967.0,2026-09-07 09:32:47,178441450#1,residential|company|restaurant|bus_stop,,282.90243066757296,609.4157395563556,37.496971320837204,127.02404044855805,,,,timeout
dyn_pax_976,1970.0,2026-09-07 09:32:50,520307304#0,school|subway_entrance|bus_stop,,602.6035134310263,763.145495629718,37.498416594724866,127.02761864854104,,,,timeout
dyn_pax_977,1971.0,2026-09-07 09:32:51,-417933642#1,restaurant,,972.7851169931362,629.1778231901285,37.49727960321316,127.03183581048214,2078.0,107.0,taxi_42,picked
dyn_pax_978,1972.0,2026-09-07 09:32:52,1229817205#0,company|subway_entrance|bus_stop,,599.2457558679199,652.2907550986157,37.497417346160496,127.02760695963683,,,,timeout
dyn_pax_979,1973.0,2026-09-07 09:32:53,1117538957#3,restaurant|subway_entrance|bus_stop,,465.5082521847807,644.8780924026132,37.49732530507706,127.02609663221197,,,,timeout
dyn_pax_980,1974.0,2026-09-07 09:32:54,239962780#1,company|restaurant,,78.091042197054,1418.7355011637856,37.504223128704645,127.02153236485597,2136.0,162.0,taxi_9,picked
dyn_pax_981,1976.0,2026-09-07 09:32:56,-542367267#1,bus_stop,,247.51018316686128,1414.7184918773391,37.504219024473855,127.02344900430944,2078.0,102.0,taxi_4,picked
dyn_pax_982,1978.0,2026-09-07 09:32:58,1229817205#1,residential|bus_stop,,631.6400080768872,572.7061575261558,37.49670653972221,127.02799208080955,,,,timeout
dyn_pax_983,1979.0,2026-09-07 09:32:59,523141074#0,company|restaurant|subway_entrance,,524.0338794858329,871.4890157117229,37.4993777454413,127.02670460634431,,,,timeout
dyn_pax_984,1981.0,2026-09-07 09:33:01,218873820#0,restaurant|subway_entrance|bus_stop,,628.9829311132032,562.4061665928522,37.49661325243901,127.02796447999128,,,,timeout
dyn_pax_985,1982.0,2026-09-07 09:33:02,975332778#1,bus_stop,,681.6099970732737,721.9380561808346,37.49806030190971,127.02852170075586,,,,timeout
dyn_pax_986,1984.0,2026-09-07 09:33:04,520307304#0,school|subway_entrance|bus_stop,,602.6035134310263,763.145495629718,37.498416594724866,127.02761864854104,,,,timeout
dyn_pax_987,1985.0,2026-09-07 09:33:05,494824662#3,company|restaurant|subway_entrance,,729.424850252167,406.6843378518681,37.49522941823122,127.02913698209235,,,,timeout
dyn_pax_988,1987.0,2026-09-07 09:33:07,218857636#1,residential|company|restaurant|bus_stop,,297.92905089287035,623.2061345250047,37.49709839153085,127.02420706961871,,,,timeout
dyn_pax_989,1988.0,2026-09-07 09:33:08,-506191135#22,residential|company|restaurant|bus_stop,,38.693950105848444,1321.9513167019495,37.50334380565249,127.02110990869835,,,,timeout
dyn_pax_990,1990.0,2026-09-07 09:33:10,218864491#0,restaurant|bus_stop,,769.9803916976219,760.1217113917903,37.49842094941813,127.02951181742357,,,,timeout
dyn_pax_991,1991.0,2026-09-07 09:33:11,975332778#1,bus_stop,,681.6099970732737,721.9380561808346,37.49806030190971,127.02852170075586,,,,timeout
dyn_pax_992,1993.0,2026-09-07 09:33:13,521766175#1,company|restaurant|subway_entrance,,332.9365590021661,1411.5585828157227,37.504206724109,127.02441570308932,,,,timeout
dyn_pax_993,1996.0,2026-09-07 09:33:16,520307304#0,school|subway_entrance|bus_stop,,602.6035134310263,763.145495629718,37.498416594724866,127.02761864854104,,,,timeout
dyn_pax_994,1998.0,2026-09-07 09:33:18,218873820#0,restaurant|subway_entrance|bus_stop,,628.9829311132032,562.4061665928522,37.49661325243901,127.02796447999128,,,,timeout
dyn_pax_995,1999.0,2026-09-07 09:33:19,521766175#3,company|restaurant|subway_entrance|bus_stop,,373.6701172395771,1298.610217621072,37.50319695740621,127.02490310718325,,,,timeout
dyn_pax_996,2002.0,2026-09-07 09:33:22,375049565#6,restaurant|subway_entrance|bus_stop,,789.5153251748014,798.8522330112556,37.49877353199428,127.02972351946808,,,,timeout
dyn_pax_997,2005.0,2026-09-07 09:33:25,1117538957#3,restaurant|subway_entrance|bus_stop,,465.5082521847807,644.8780924026132,37.49732530507706,127.02609663221197,,,,timeout
dyn_pax_998,2007.0,2026-09-07 09:33:27,521770119#0,restaurant|bus_stop,,548.9831206778387,935.1148840516827,37.499955620541705,127.02697161236954,,,,timeout
dyn_pax_999,2008.0,2026-09-07 09:33:28,218864491#0,restaurant|bus_stop,,769.9803916976219,760.1217113917903,37.49842094941813,127.02951181742357,,,,timeout
dyn_pax_1000,2010.0,2026-09-07 09:33:30,218877837#2,company|restaurant|bus_stop,,479.4555212141038,978.0213907550284,37.500328997763305,127.02617530290202,,,,timeout
dyn_pax_1001,2011.0,2026-09-07 09:33:31,1117538957#3,restaurant|subway_entrance|bus_stop,,465.5082521847807,644.8780924026132,37.49732530507706,127.02609663221197,2125.0,114.0,taxi_12,picked
dyn_pax_1002,2013.0,2026-09-07 09:33:33,375049565#6,restaurant|subway_entrance|bus_stop,,789.5153251748014,798.8522330112556,37.49877353199428,127.02972351946808,2222.0,209.0,taxi_respawn_24,picked
dyn_pax_1003,2014.0,2026-09-07 09:33:34,1229817205#0,company|subway_entrance|bus_stop,,599.2457558679199,652.2907550986157,37.497417346160496,127.02760695963683,2431.0,417.0,taxi_45,picked
dyn_pax_1004,2016.0,2026-09-07 09:33:36,375049565#6,restaurant|subway_entrance|bus_stop,,789.5153251748014,798.8522330112556,37.49877353199428,127.02972351946808,2272.0,256.0,taxi_42,picked
dyn_pax_1005,2016.0,2026-09-07 09:33:36,-417933642#4,restaurant,,907.3718228697127,805.8014682006251,37.49885835910486,127.03105443169989,2261.0,245.0,taxi_respawn_19,picked
dyn_pax_1006,2017.0,2026-09-07 09:33:37,521770116#2,company|restaurant|bus_stop,,432.3182248087171,1108.514093563608,37.50149560521279,127.02561136613096,2386.0,369.0,taxi_32,picked
dyn_pax_1007,2019.0,2026-09-07 09:33:39,-506191135#22,residential|company|restaurant|bus_stop,,38.693950105848444,1321.9513167019495,37.50334380565249,127.02110990869835,2051.0,32.0,taxi_45,picked
dyn_pax_1008,2021.0,2026-09-07 09:33:41,-506191135#2,residential|bus_stop,,236.19733776439384,769.6838415951818,37.49840622577806,127.02347432089968,2258.0,237.0,taxi_11,picked
dyn_pax_1009,2024.0,2026-09-07 09:33:44,523141074#0,company|restaurant|subway_entrance,,524.0338794858329,871.4890157117229,37.4993777454413,127.02670460634431,2046.0,22.0,taxi_respawn_17,picked
dyn_pax_1010,2025.0,2026-09-07 09:33:45,523141074#0,company|restaurant|subway_entrance,,524.0338794858329,871.4890157117229,37.4993777454413,127.02670460634431,2081.0,56.0,taxi_22,picked
dyn_pax_1011,2028.0,2026-09-07 09:33:48,1376141183#0,bus_stop,,548.2528111146681,901.2117688498424,37.49965007283687,127.02697139402301,,,,timeout
dyn_pax_1012,2030.0,2026-09-07 09:33:50,218873820#0,restaurant|subway_entrance|bus_stop,,628.9829311132032,562.4061665928522,37.49661325243901,127.02796447999128,,,,timeout
dyn_pax_1013,2033.0,2026-09-07 09:33:53,1376141183#0,bus_stop,,548.2528111146681,901.2117688498424,37.49965007283687,127.02697139402301,,,,timeout
dyn_pax_1014,2034.0,2026-09-07 09:33:54,521770119#1,restaurant|bus_stop,,527.3115514435282,995.8620162900467,37.50049875494786,127.02671217090477,,,,timeout
dyn_pax_1015,2036.0,2026-09-07 09:33:56,494824662#3,company|restaurant|subway_entrance,,729.424850252167,406.6843378518681,37.49522941823122,127.02913698209235,2123.0,87.0,taxi_respawn_14,picked
dyn_pax_1016,2039.0,2026-09-07 09:33:59,-542367267#1,bus_stop,,247.51018316686128,1414.7184918773391,37.504219024473855,127.02344900430944,2088.0,49.0,taxi_24,picked
dyn_pax_1017,2040.0,2026-09-07 09:34:00,218873820#0,restaurant|subway_entrance|bus_stop,,628.9829311132032,562.4061665928522,37.49661325243901,127.02796447999128,,,,timeout
dyn_pax_1018,2042.0,2026-09-07 09:34:02,1376141183#0,bus_stop,,548.2528111146681,901.2117688498424,37.49965007283687,127.02697139402301,,,,timeout
dyn_pax_1019,2044.0,2026-09-07 09:34:04,1229817205#1,residential|bus_stop,,631.6400080768872,572.7061575261558,37.49670653972221,127.02799208080955,2114.0,70.0,taxi_18,picked
dyn_pax_1020,2045.0,2026-09-07 09:34:05,-506191135#22,residential|company|restaurant|bus_stop,,38.693950105848444,1321.9513167019495,37.50334380565249,127.02110990869835,2401.0,356.0,taxi_respawn_20,picked
dyn_pax_1021,2047.0,2026-09-07 09:34:07,1117538957#3,restaurant|subway_entrance|bus_stop,,465.5082521847807,644.8780924026132,37.49732530507706,127.02609663221197,2188.0,141.0,taxi_23,picked
dyn_pax_1022,2048.0,2026-09-07 09:34:08,520307304#0,school|subway_entrance|bus_stop,,602.6035134310263,763.145495629718,37.498416594724866,127.02761864854104,,,,timeout
dyn_pax_1023,2051.0,2026-09-07 09:34:11,521766175#1,company|restaurant|subway_entrance,,332.9365590021661,1411.5585828157227,37.504206724109,127.02441570308932,,,,timeout
dyn_pax_1024,2051.0,2026-09-07 09:34:11,375049565#6,restaurant|subway_entrance|bus_stop,,789.5153251748014,798.8522330112556,37.49877353199428,127.02972351946808,2358.0,307.0,taxi_4,picked
dyn_pax_1025,2054.0,2026-09-07 09:34:14,521766175#3,company|restaurant|subway_entrance|bus_stop,,373.6701172395771,1298.610217621072,37.50319695740621,127.02490310718325,2168.0,114.0,taxi_respawn_11,picked
dyn_pax_1026,2056.0,2026-09-07 09:34:16,521770116#2,company|restaurant|bus_stop,,432.3182248087171,1108.514093563608,37.50149560521279,127.02561136613096,2190.0,134.0,taxi_respawn_2,picked
dyn_pax_1027,2057.0,2026-09-07 09:34:17,1229817205#0,company|subway_entrance|bus_stop,,599.2457558679199,652.2907550986157,37.497417346160496,127.02760695963683,,,,timeout
dyn_pax_1028,2059.0,2026-09-07 09:34:19,521766182#1,company|restaurant|subway_entrance,,681.695169875507,539.6867345716422,37.496418539503196,127.02856584056028,2285.0,226.0,taxi_38,picked
dyn_pax_1029,2060.0,2026-09-07 09:34:20,1229817205#0,company|subway_entrance|bus_stop,,599.2457558679199,652.2907550986157,37.497417346160496,127.02760695963683,,,,timeout
dyn_pax_1030,2061.0,2026-09-07 09:34:21,375049565#2,restaurant,,1048.966709229659,894.5327467658005,37.49968436369115,127.03263441305876,2143.0,82.0,taxi_respawn_33,picked
dyn_pax_1031,2062.0,2026-09-07 09:34:22,218877837#2,company|restaurant|bus_stop,,479.4555212141038,978.0213907550284,37.500328997763305,127.02617530290202,2524.0,462.0,taxi_26,picked
dyn_pax_1032,2063.0,2026-09-07 09:34:23,-504509918#2,company|restaurant|bus_stop,,398.9694242295193,827.4758220967593,37.49895762305832,127.02530099003066,2145.0,82.0,taxi_respawn_26,picked
dyn_pax_1033,2065.0,2026-09-07 09:34:25,178441450#1,residential|company|restaurant|bus_stop,,282.90243066757296,609.4157395563556,37.496971320837204,127.02404044855805,2124.0,59.0,taxi_34,picked
dyn_pax_1034,2067.0,2026-09-07 09:34:27,523141074#0,company|restaurant|subway_entrance,,524.0338794858329,871.4890157117229,37.4993777454413,127.02670460634431,2126.0,59.0,taxi_49,picked
dyn_pax_1035,2068.0,2026-09-07 09:34:28,-542367267#1,bus_stop,,247.51018316686128,1414.7184918773391,37.504219024473855,127.02344900430944,2181.0,113.0,taxi_respawn_34,picked
dyn_pax_1036,2070.0,2026-09-07 09:34:30,178441450#1,residential|company|restaurant|bus_stop,,282.90243066757296,609.4157395563556,37.496971320837204,127.02404044855805,2203.0,133.0,taxi_8,picked
dyn_pax_1037,2071.0,2026-09-07 09:34:31,1376141182#0,bus_stop,,385.7154046370183,1301.0311255965628,37.50322104370192,127.02503873135461,2367.0,296.0,taxi_46,picked
dyn_pax_1038,2073.0,2026-09-07 09:34:33,521770119#0,restaurant|bus_stop,,548.9831206778387,935.1148840516827,37.499955620541705,127.02697161236954,,,,timeout
dyn_pax_1039,2074.0,2026-09-07 09:34:34,520307304#0,school|subway_entrance|bus_stop,,602.6035134310263,763.145495629718,37.498416594724866,127.02761864854104,,,,timeout
dyn_pax_1040,2077.0,2026-09-07 09:34:37,-506191135#2,residential|bus_stop,,236.19733776439384,769.6838415951818,37.49840622577806,127.02347432089968,2446.0,369.0,taxi_respawn_19,picked
dyn_pax_1041,2079.0,2026-09-07 09:34:39,521766175#1,company|restaurant|subway_entrance,,332.9365590021661,1411.5585828157227,37.504206724109,127.02441570308932,,,,timeout
dyn_pax_1042,2080.0,2026-09-07 09:34:40,521766175#3,company|restaurant|subway_entrance|bus_stop,,373.6701172395771,1298.610217621072,37.50319695740621,127.02490310718325,2433.0,353.0,taxi_respawn_10,picked
dyn_pax_1043,2083.0,2026-09-07 09:34:43,375049565#6,restaurant|subway_entrance|bus_stop,,789.5153251748014,798.8522330112556,37.49877353199428,127.02972351946808,2536.0,453.0,taxi_respawn_22,picked
dyn_pax_1044,2086.0,2026-09-07 09:34:46,521770119#0,restaurant|bus_stop,,548.9831206778387,935.1148840516827,37.499955620541705,127.02697161236954,,,,timeout
dyn_pax_1045,2088.0,2026-09-07 09:34:48,521766182#1,company|restaurant|subway_entrance,,681.695169875507,539.6867345716422,37.496418539503196,127.02856584056028,2451.0,363.0,taxi_14,picked
dyn_pax_1046,2089.0,2026-09-07 09:34:49,521766180#1,company|restaurant|bus_stop,,466.73410130235357,1169.2838037446552,37.502049542882666,127.02598608796039,2563.0,474.0,taxi_respawn_37,picked
dyn_pax_1047,2091.0,2026-09-07 09:34:51,1229817205#0,company|subway_entrance|bus_stop,,599.2457558679199,652.2907550986157,37.497417346160496,127.02760695963683,,,,timeout
dyn_pax_1048,2093.0,2026-09-07 09:34:53,521770119#0,restaurant|bus_stop,,548.9831206778387,935.1148840516827,37.499955620541705,127.02697161236954,,,,timeout
dyn_pax_1049,2094.0,2026-09-07 09:34:54,218857636#1,residential|company|restaurant|bus_stop,,297.92905089287035,623.2061345250047,37.49709839153085,127.02420706961871,2137.0,43.0,taxi_respawn_16,picked
dyn_pax_1050,2096.0,2026-09-07 09:34:56,523141074#0,company|restaurant|subway_entrance,,524.0338794858329,871.4890157117229,37.4993777454413,127.02670460634431,2203.0,107.0,taxi_26,picked
dyn_pax_1051,2097.0,2026-09-07 09:34:57,521770116#2,company|restaurant|bus_stop,,432.3182248087171,1108.514093563608,37.50149560521279,127.02561136613096,2393.0,296.0,taxi_respawn_4,picked
dyn_pax_1052,2100.0,2026-09-07 09:35:00,520307304#0,school|subway_entrance|bus_stop,,602.6035134310263,763.145495629718,37.498416594724866,127.02761864854104,,,,timeout
dyn_pax_1053,2102.0,2026-09-07 09:35:02,494824662#3,company|restaurant|subway_entrance,,729.424850252167,406.6843378518681,37.49522941823122,127.02913698209235,2167.0,65.0,taxi_36,picked
dyn_pax_1054,2103.0,2026-09-07 09:35:03,1229817205#0,company|subway_entrance|bus_stop,,599.2457558679199,652.2907550986157,37.497417346160496,127.02760695963683,,,,timeout
dyn_pax_1055,2105.0,2026-09-07 09:35:05,-506191135#22,residential|company|restaurant|bus_stop,,38.693950105848444,1321.9513167019495,37.50334380565249,127.02110990869835,2450.0,345.0,taxi_30,picked
dyn_pax_1056,2106.0,2026-09-07 09:35:06,-506191135#2,residential|bus_stop,,236.19733776439384,769.6838415951818,37.49840622577806,127.02347432089968,2535.0,429.0,taxi_40,picked
dyn_pax_1057,2108.0,2026-09-07 09:35:08,975332778#1,bus_stop,,681.6099970732737,721.9380561808346,37.49806030190971,127.02852170075586,2118.0,10.0,taxi_39,picked
dyn_pax_1058,2111.0,2026-09-07 09:35:11,480850873,company|restaurant|bus_stop,,548.1935052770749,708.5896639848544,37.49791486187585,127.0270163956136,2161.0,50.0,taxi_10,picked
dyn_pax_1059,2114.0,2026-09-07 09:35:14,523141074#0,company|restaurant|subway_entrance,,524.0338794858329,871.4890157117229,37.4993777454413,127.02670460634431,2257.0,143.0,taxi_35,picked
dyn_pax_1060,2116.0,2026-09-07 09:35:16,218877837#2,company|restaurant|bus_stop,,479.4555212141038,978.0213907550284,37.500328997763305,127.02617530290202,,,,timeout
dyn_pax_1061,2117.0,2026-09-07 09:35:17,218877837#2,company|restaurant|bus_stop,,479.4555212141038,978.0213907550284,37.500328997763305,127.02617530290202,,,,timeout
dyn_pax_1062,2119.0,2026-09-07 09:35:19,305539406,company|restaurant|subway_entrance,,566.389495917364,736.5285064605782,37.49816998085155,127.02721550408178,2569.0,450.0,taxi_22,picked
dyn_pax_1063,2120.0,2026-09-07 09:35:20,523141074#0,company|restaurant|subway_entrance,,524.0338794858329,871.4890157117229,37.4993777454413,127.02670460634431,2442.0,322.0,taxi_29,picked
dyn_pax_1064,2123.0,2026-09-07 09:35:23,523141074#0,company|restaurant|subway_entrance,,524.0338794858329,871.4890157117229,37.4993777454413,127.02670460634431,2448.0,325.0,taxi_respawn_18,picked
dyn_pax_1065,2125.0,2026-09-07 09:35:25,523141074#0,company|restaurant|subway_entrance,,524.0338794858329,871.4890157117229,37.4993777454413,127.02670460634431,2472.0,347.0,taxi_42,picked
dyn_pax_1066,2126.0,2026-09-07 09:35:26,975332778#1,bus_stop,,681.6099970732737,721.9380561808346,37.49806030190971,127.02852170075586,,,,timeout
dyn_pax_1067,2129.0,2026-09-07 09:35:29,1376141182#0,bus_stop,,385.7154046370183,1301.0311255965628,37.50322104370192,127.02503873135461,,,,timeout
dyn_pax_1068,2131.0,2026-09-07 09:35:31,1117538957#3,restaurant|subway_entrance|bus_stop,,465.5082521847807,644.8780924026132,37.49732530507706,127.02609663221197,2171.0,40.0,taxi_respawn_17,picked
dyn_pax_1069,2132.0,2026-09-07 09:35:32,521770119#0,restaurant|bus_stop,,548.9831206778387,935.1148840516827,37.499955620541705,127.02697161236954,,,,timeout
dyn_pax_1070,2134.0,2026-09-07 09:35:34,-542367267#1,bus_stop,,247.51018316686128,1414.7184918773391,37.504219024473855,127.02344900430944,2189.0,55.0,taxi_37,picked
dyn_pax_1071,2135.0,2026-09-07 09:35:35,-504509918#2,company|restaurant|bus_stop,,398.9694242295193,827.4758220967593,37.49895762305832,127.02530099003066,2309.0,174.0,taxi_27,picked
dyn_pax_1072,2137.0,2026-09-07 09:35:37,521770119#0,restaurant|bus_stop,,548.9831206778387,935.1148840516827,37.499955620541705,127.02697161236954,,,,timeout
dyn_pax_1073,2138.0,2026-09-07 09:35:38,-417933646#1,residential|restaurant,,826.6019869456061,577.8075382253838,37.49678928421788,127.03019516859905,2523.0,385.0,taxi_38,picked
dyn_pax_1074,2139.0,2026-09-07 09:35:39,-1056882877#5,company|restaurant,,302.41102899925136,583.0415396467946,37.496737424712585,127.0242672800979,2211.0,72.0,taxi_respawn_12,picked
dyn_pax_1075,2140.0,2026-09-07 09:35:40,417933642#0,restaurant|bus_stop,,1041.0954363710525,463.30841921497654,37.49579826441859,127.03264736696761,,,,timeout
dyn_pax_1076,2142.0,2026-09-07 09:35:42,1376141183#0,bus_stop,,548.2528111146681,901.2117688498424,37.49965007283687,127.02697139402301,,,,timeout
dyn_pax_1077,2143.0,2026-09-07 09:35:43,375049565#6,restaurant|subway_entrance|bus_stop,,789.5153251748014,798.8522330112556,37.49877353199428,127.02972351946808,2540.0,397.0,taxi_31,picked
dyn_pax_1078,2145.0,2026-09-07 09:35:45,521770116#2,company|restaurant|bus_stop,,432.3182248087171,1108.514093563608,37.50149560521279,127.02561136613096,2265.0,120.0,taxi_14,picked
dyn_pax_1079,2148.0,2026-09-07 09:35:48,521770116#2,company|restaurant|bus_stop,,432.3182248087171,1108.514093563608,37.50149560521279,127.02561136613096,2461.0,313.0,taxi_22,picked
dyn_pax_1080,2149.0,2026-09-07 09:35:49,218864491#0,restaurant|bus_stop,,769.9803916976219,760.1217113917903,37.49842094941813,127.02951181742357,2378.0,229.0,taxi_respawn_12,picked
dyn_pax_1081,2152.0,2026-09-07 09:35:52,218857636#1,residential|company|restaurant|bus_stop,,297.92905089287035,623.2061345250047,37.49709839153085,127.02420706961871,2379.0,227.0,taxi_48,picked
dyn_pax_1082,2153.0,2026-09-07 09:35:53,218864491#0,restaurant|bus_stop,,769.9803916976219,760.1217113917903,37.49842094941813,127.02951181742357,,,,timeout
dyn_pax_1083,2154.0,2026-09-07 09:35:54,521770116#2,company|restaurant|bus_stop,,432.3182248087171,1108.514093563608,37.50149560521279,127.02561136613096,2476.0,322.0,taxi_41,picked
dyn_pax_1084,2155.0,2026-09-07 09:35:55,218873820#0,restaurant|subway_entrance|bus_stop,,628.9829311132032,562.4061665928522,37.49661325243901,127.02796447999128,,,,timeout
dyn_pax_1085,2157.0,2026-09-07 09:35:57,305539406,company|restaurant|subway_entrance,,566.389495917364,736.5285064605782,37.49816998085155,127.02721550408178,,,,timeout
dyn_pax_1086,2158.0,2026-09-07 09:35:58,975332778#1,bus_stop,,681.6099970732737,721.9380561808346,37.49806030190971,127.02852170075586,,,,timeout
dyn_pax_1087,2160.0,2026-09-07 09:36:00,480850873,company|restaurant|bus_stop,,548.1935052770749,708.5896639848544,37.49791486187585,127.0270163956136,2647.0,487.0,taxi_22,picked
dyn_pax_1088,2161.0,2026-09-07 09:36:01,-417933645#2,company|restaurant|subway_entrance,,701.1658676593129,719.5455833044954,37.49804244093877,127.02874337560036,2273.0,112.0,taxi_49,picked
dyn_pax_1089,2163.0,2026-09-07 09:36:03,506191135#3,residential|company|restaurant|bus_stop,,238.79972345576414,789.4714057742513,37.49858497042428,127.023499044737,,,,timeout
dyn_pax_1090,2165.0,2026-09-07 09:36:05,541692164#1,subway_entrance,,271.6277521231475,1406.6420105391767,37.5041508337347,127.02372362926798,2258.0,93.0,taxi_13,picked
dyn_pax_1091,2166.0,2026-09-07 09:36:06,218873820#0,restaurant|subway_entrance|bus_stop,,628.9829311132032,562.4061665928522,37.49661325243901,127.02796447999128,,,,timeout
dyn_pax_1092,2168.0,2026-09-07 09:36:08,305539406,company|restaurant|subway_entrance,,566.389495917364,736.5285064605782,37.49816998085155,127.02721550408178,,,,timeout
dyn_pax_1093,2169.0,2026-09-07 09:36:09,494824662#3,company|restaurant|subway_entrance,,729.424850252167,406.6843378518681,37.49522941823122,127.02913698209235,2255.0,86.0,taxi_43,picked
dyn_pax_1094,2171.0,2026-09-07 09:36:11,520307304#0,school|subway_entrance|bus_stop,,602.6035134310263,763.145495629718,37.498416594724866,127.02761864854104,,,,timeout
dyn_pax_1095,2172.0,2026-09-07 09:36:12,521770119#1,restaurant|bus_stop,,527.3115514435282,995.8620162900467,37.50049875494786,127.02671217090477,,,,timeout
dyn_pax_1096,2174.0,2026-09-07 09:36:14,1376141183#0,bus_stop,,548.2528111146681,901.2117688498424,37.49965007283687,127.02697139402301,,,,timeout
dyn_pax_1097,2175.0,2026-09-07 09:36:15,1376141183#0,bus_stop,,548.2528111146681,901.2117688498424,37.49965007283687,127.02697139402301,,,,timeout
dyn_pax_1098,2178.0,2026-09-07 09:36:18,975332778#1,bus_stop,,681.6099970732737,721.9380561808346,37.49806030190971,127.02852170075586,,,,timeout
dyn_pax_1099,2181.0,2026-09-07 09:36:21,1229817205#1,residential|bus_stop,,631.6400080768872,572.7061575261558,37.49670653972221,127.02799208080955,,,,timeout
dyn_pax_1100,2183.0,2026-09-07 09:36:23,178441450#1,residential|company|restaurant|bus_stop,,282.90243066757296,609.4157395563556,37.496971320837204,127.02404044855805,2296.0,113.0,taxi_24,picked
dyn_pax_1101,2183.0,2026-09-07 09:36:23,218873820#0,restaurant|subway_entrance|bus_stop,,628.9829311132032,562.4061665928522,37.49661325243901,127.02796447999128,,,,timeout
dyn_pax_1102,2186.0,2026-09-07 09:36:26,417933642#0,restaurant|bus_stop,,1041.0954363710525,463.30841921497654,37.49579826441859,127.03264736696761,,,,timeout
dyn_pax_1103,2188.0,2026-09-07 09:36:28,1117538958#3,bus_stop,,160.18899290588462,540.6019911995099,37.49632820280781,127.02266936696756,2207.0,19.0,taxi_29,picked
dyn_pax_1104,2189.0,2026-09-07 09:36:29,375049565#6,restaurant|subway_entrance|bus_stop,,789.5153251748014,798.8522330112556,37.49877353199428,127.02972351946808,2580.0,391.0,taxi_respawn_12,picked
dyn_pax_1105,2192.0,2026-09-07 09:36:32,521766175#1,company|restaurant|subway_entrance,,332.9365590021661,1411.5585828157227,37.504206724109,127.02441570308932,,,,timeout
dyn_pax_1106,2192.0,2026-09-07 09:36:32,504227069,residential|restaurant,,587.1158993285404,291.7776336445087,37.494167438547194,127.02755526357365,,,,timeout
dyn_pax_1107,2194.0,2026-09-07 09:36:34,506191135#3,residential|company|restaurant|bus_stop,,238.79972345576414,789.4714057742513,37.49858497042428,127.023499044737,2697.0,503.0,taxi_6,picked
dyn_pax_1108,2194.0,2026-09-07 09:36:34,129731721#0,company|restaurant,,451.4485582282947,673.334514427724,37.497578992002325,127.0259309178301,2467.0,273.0,taxi_respawn_35,picked
dyn_pax_1109,2197.0,2026-09-07 09:36:37,521770116#2,company|restaurant|bus_stop,,432.3182248087171,1108.514093563608,37.50149560521279,127.02561136613096,2485.0,288.0,taxi_respawn_26,picked
dyn_pax_1110,2200.0,2026-09-07 09:36:40,1229817205#0,company|subway_entrance|bus_stop,,599.2457558679199,652.2907550986157,37.497417346160496,127.02760695963683,,,,timeout
dyn_pax_1111,2201.0,2026-09-07 09:36:41,1229817205#1,residential|bus_stop,,631.6400080768872,572.7061575261558,37.49670653972221,127.02799208080955,,,,timeout
dyn_pax_1112,2203.0,2026-09-07 09:36:43,1117538957#3,restaurant|subway_entrance|bus_stop,,465.5082521847807,644.8780924026132,37.49732530507706,127.02609663221197,2289.0,86.0,taxi_respawn_15,picked
dyn_pax_1113,2204.0,2026-09-07 09:36:44,1117538957#3,restaurant|subway_entrance|bus_stop,,465.5082521847807,644.8780924026132,37.49732530507706,127.02609663221197,2338.0,134.0,taxi_respawn_11,picked
dyn_pax_1114,2206.0,2026-09-07 09:36:46,520307304#0,school|subway_entrance|bus_stop,,602.6035134310263,763.145495629718,37.498416594724866,127.02761864854104,,,,timeout
dyn_pax_1115,2207.0,2026-09-07 09:36:47,521770119#0,restaurant|bus_stop,,548.9831206778387,935.1148840516827,37.499955620541705,127.02697161236954,,,,timeout
dyn_pax_1116,2209.0,2026-09-07 09:36:49,-417933645#2,company|restaurant|subway_entrance,,701.1658676593129,719.5455833044954,37.49804244093877,127.02874337560036,2334.0,125.0,taxi_1,picked
dyn_pax_1117,2211.0,2026-09-07 09:36:51,520307304#0,school|subway_entrance|bus_stop,,602.6035134310263,763.145495629718,37.498416594724866,127.02761864854104,,,,timeout
dyn_pax_1118,2212.0,2026-09-07 09:36:52,521770116#2,company|restaurant|bus_stop,,432.3182248087171,1108.514093563608,37.50149560521279,127.02561136613096,2498.0,286.0,taxi_18,picked
dyn_pax_1119,2214.0,2026-09-07 09:36:54,1229817205#0,company|subway_entrance|bus_stop,,599.2457558679199,652.2907550986157,37.497417346160496,127.02760695963683,,,,timeout
dyn_pax_1120,2215.0,2026-09-07 09:36:55,-506191135#2,residential|bus_stop,,236.19733776439384,769.6838415951818,37.49840622577806,127.02347432089968,,,,timeout
dyn_pax_1121,2217.0,2026-09-07 09:36:57,520307304#0,school|subway_entrance|bus_stop,,602.6035134310263,763.145495629718,37.498416594724866,127.02761864854104,,,,timeout
dyn_pax_1122,2218.0,2026-09-07 09:36:58,520307304#0,school|subway_entrance|bus_stop,,602.6035134310263,763.145495629718,37.498416594724866,127.02761864854104,,,,timeout
dyn_pax_1123,2220.0,2026-09-07 09:37:00,-504509918#2,company|restaurant|bus_stop,,398.9694242295193,827.4758220967593,37.49895762305832,127.02530099003066,2396.0,176.0,taxi_respawn_32,picked
dyn_pax_1124,2220.0,2026-09-07 09:37:00,521770116#2,company|restaurant|bus_stop,,432.3182248087171,1108.514093563608,37.50149560521279,127.02561136613096,2440.0,220.0,taxi_26,picked
dyn_pax_1125,2223.0,2026-09-07 09:37:03,521766180#1,company|restaurant|bus_stop,,466.73410130235357,1169.2838037446552,37.502049542882666,127.02598608796039,2431.0,208.0,taxi_respawn_7,picked
dyn_pax_1126,2224.0,2026-09-07 09:37:04,521770119#1,restaurant|bus_stop,,527.3115514435282,995.8620162900467,37.50049875494786,127.02671217090477,2715.0,491.0,taxi_respawn_33,picked
dyn_pax_1127,2226.0,2026-09-07 09:37:06,480850873,company|restaurant|bus_stop,,548.1935052770749,708.5896639848544,37.49791486187585,127.0270163956136,3468.0,1242.0,taxi_respawn_13,picked
dyn_pax_1128,2227.0,2026-09-07 09:37:07,523141074#0,company|restaurant|subway_entrance,,524.0338794858329,871.4890157117229,37.4993777454413,127.02670460634431,2532.0,305.0,taxi_17,picked
dyn_pax_1129,2229.0,2026-09-07 09:37:09,1117538957#3,restaurant|subway_entrance|bus_stop,,465.5082521847807,644.8780924026132,37.49732530507706,127.02609663221197,2349.0,120.0,taxi_respawn_31,picked
dyn_pax_1130,2230.0,2026-09-07 09:37:10,375049565#6,restaurant|subway_entrance|bus_stop,,789.5153251748014,798.8522330112556,37.49877353199428,127.02972351946808,2585.0,355.0,taxi_39,picked
dyn_pax_1131,2232.0,2026-09-07 09:37:12,521766182#1,company|restaurant|subway_entrance,,681.695169875507,539.6867345716422,37.496418539503196,127.02856584056028,2538.0,306.0,taxi_27,picked
dyn_pax_1132,2233.0,2026-09-07 09:37:13,521766180#1,company|restaurant|bus_stop,,466.73410130235357,1169.2838037446552,37.502049542882666,127.02598608796039,2637.0,404.0,taxi_respawn_27,picked
dyn_pax_1133,2233.0,2026-09-07 09:37:13,521766175#1,company|restaurant|subway_entrance,,332.9365590021661,1411.5585828157227,37.504206724109,127.02441570308932,,,,timeout
dyn_pax_1134,2235.0,2026-09-07 09:37:15,1117538958#3,bus_stop,,160.18899290588462,540.6019911995099,37.49632820280781,127.02266936696756,2262.0,27.0,taxi_31,picked
dyn_pax_1135,2237.0,2026-09-07 09:37:17,1117538957#3,restaurant|subway_entrance|bus_stop,,465.5082521847807,644.8780924026132,37.49732530507706,127.02609663221197,2519.0,282.0,taxi_47,picked
dyn_pax_1136,2238.0,2026-09-07 09:37:18,1376141183#0,bus_stop,,548.2528111146681,901.2117688498424,37.49965007283687,127.02697139402301,,,,timeout
dyn_pax_1137,2240.0,2026-09-07 09:37:20,523141074#0,company|restaurant|subway_entrance,,524.0338794858329,871.4890157117229,37.4993777454413,127.02670460634431,,,,timeout
dyn_pax_1138,2241.0,2026-09-07 09:37:21,506191135#3,residential|company|restaurant|bus_stop,,238.79972345576414,789.4714057742513,37.49858497042428,127.023499044737,,,,timeout
dyn_pax_1139,2243.0,2026-09-07 09:37:23,1376141182#0,bus_stop,,385.7154046370183,1301.0311255965628,37.50322104370192,127.02503873135461,,,,timeout
dyn_pax_1140,2244.0,2026-09-07 09:37:24,521770119#1,restaurant|bus_stop,,527.3115514435282,995.8620162900467,37.50049875494786,127.02671217090477,,,,timeout
dyn_pax_1141,2246.0,2026-09-07 09:37:26,521770119#1,restaurant|bus_stop,,527.3115514435282,995.8620162900467,37.50049875494786,127.02671217090477,,,,timeout
dyn_pax_1142,2247.0,2026-09-07 09:37:27,541692164#1,subway_entrance,,271.6277521231475,1406.6420105391767,37.5041508337347,127.02372362926798,2272.0,25.0,taxi_respawn_16,picked
dyn_pax_1143,2249.0,2026-09-07 09:37:29,504227065,company,,441.32681628575455,666.8408278135128,37.497518581743364,127.0258180180219,2337.0,88.0,taxi_16,picked
dyn_pax_1144,2250.0,2026-09-07 09:37:30,1376141183#0,bus_stop,,548.2528111146681,901.2117688498424,37.49965007283687,127.02697139402301,,,,timeout
dyn_pax_1145,2252.0,2026-09-07 09:37:32,494824662#3,company|restaurant|subway_entrance,,729.424850252167,406.6843378518681,37.49522941823122,127.02913698209235,2316.0,64.0,taxi_5,picked
dyn_pax_1146,2252.0,2026-09-07 09:37:32,521766182#1,company|restaurant|subway_entrance,,681.695169875507,539.6867345716422,37.496418539503196,127.02856584056028,2591.0,339.0,taxi_respawn_8,picked
dyn_pax_1147,2253.0,2026-09-07 09:37:33,521766175#3,company|restaurant|subway_entrance|bus_stop,,373.6701172395771,1298.610217621072,37.50319695740621,127.02490310718325,,,,timeout
dyn_pax_1148,2255.0,2026-09-07 09:37:35,218873820#0,restaurant|subway_entrance|bus_stop,,628.9829311132032,562.4061665928522,37.49661325243901,127.02796447999128,,,,timeout
dyn_pax_1149,2256.0,2026-09-07 09:37:36,521766180#1,company|restaurant|bus_stop,,466.73410130235357,1169.2838037446552,37.502049542882666,127.02598608796039,2989.0,733.0,taxi_respawn_21,picked
dyn_pax_1150,2260.0,2026-09-07 09:37:40,506191135#3,residential|company|restaurant|bus_stop,,238.79972345576414,789.4714057742513,37.49858497042428,127.023499044737,,,,timeout
dyn_pax_1151,2261.0,2026-09-07 09:37:41,-542367267#1,bus_stop,,247.51018316686128,1414.7184918773391,37.504219024473855,127.02344900430944,2360.0,99.0,taxi_respawn_38,picked
dyn_pax_1152,2262.0,2026-09-07 09:37:42,417933642#2,residential|restaurant,,976.5976168723116,645.9370182109647,37.49743129415275,127.0318749523804,2343.0,81.0,taxi_40,picked
dyn_pax_1153,2263.0,2026-09-07 09:37:43,520307304#0,school|subway_entrance|bus_stop,,602.6035134310263,763.145495629718,37.498416594724866,127.02761864854104,,,,timeout
dyn_pax_1154,2264.0,2026-09-07 09:37:44,1376141183#0,bus_stop,,548.2528111146681,901.2117688498424,37.49965007283687,127.02697139402301,,,,timeout
dyn_pax_1155,2266.0,2026-09-07 09:37:46,541692164#1,subway_entrance,,271.6277521231475,1406.6420105391767,37.5041508337347,127.02372362926798,2709.0,443.0,taxi_respawn_18,picked
dyn_pax_1156,2267.0,2026-09-07 09:37:47,506191135#3,residential|company|restaurant|bus_stop,,238.79972345576414,789.4714057742513,37.49858497042428,127.023499044737,,,,timeout
dyn_pax_1157,2269.0,2026-09-07 09:37:49,521766180#1,company|restaurant|bus_stop,,466.73410130235357,1169.2838037446552,37.502049542882666,127.02598608796039,3294.0,1025.0,taxi_28,picked
dyn_pax_1158,2269.0,2026-09-07 09:37:49,-417750336#3,school|company,,868.1859178511071,948.5147012398835,37.50013657861005,127.03057759421064,2312.0,43.0,taxi_respawn_22,picked
dyn_pax_1159,2270.0,2026-09-07 09:37:50,494824662#3,company|restaurant|subway_entrance,,729.424850252167,406.6843378518681,37.49522941823122,127.02913698209235,2436.0,166.0,taxi_respawn_34,picked
dyn_pax_1160,2272.0,2026-09-07 09:37:52,523141074#0,company|restaurant|subway_entrance,,524.0338794858329,871.4890157117229,37.4993777454413,127.02670460634431,,,,timeout
dyn_pax_1161,2273.0,2026-09-07 09:37:53,218857636#1,residential|company|restaurant|bus_stop,,297.92905089287035,623.2061345250047,37.49709839153085,127.02420706961871,2500.0,227.0,taxi_respawn_16,picked
dyn_pax_1162,2276.0,2026-09-07 09:37:56,-417933645#2,company|restaurant|subway_entrance,,701.1658676593129,719.5455833044954,37.49804244093877,127.02874337560036,2503.0,227.0,taxi_4,picked
dyn_pax_1163,2278.0,2026-09-07 09:37:58,218877837#2,company|restaurant|bus_stop,,479.4555212141038,978.0213907550284,37.500328997763305,127.02617530290202,,,,timeout
dyn_pax_1164,2281.0,2026-09-07 09:38:01,-541692164#2,subway_entrance,,317.7122087179151,1441.0296574375257,37.504469327730426,127.0242365566347,,,,timeout
dyn_pax_1165,2283.0,2026-09-07 09:38:03,521770116#2,company|restaurant|bus_stop,,432.3182248087171,1108.514093563608,37.50149560521279,127.02561136613096,2553.0,270.0,taxi_11,picked
dyn_pax_1166,2284.0,2026-09-07 09:38:04,541692164#1,subway_entrance,,271.6277521231475,1406.6420105391767,37.5041508337347,127.02372362926798,2755.0,471.0,taxi_respawn_17,picked
dyn_pax_1167,2284.0,2026-09-07 09:38:04,-1056882877#5,company|restaurant,,302.41102899925136,583.0415396467946,37.496737424712585,127.0242672800979,2414.0,130.0,taxi_37,picked
dyn_pax_1168,2286.0,2026-09-07 09:38:06,305539406,company|restaurant|subway_entrance,,566.389495917364,736.5285064605782,37.49816998085155,127.02721550408178,2788.0,502.0,taxi_respawn_36,picked
dyn_pax_1169,2287.0,2026-09-07 09:38:07,1376141183#0,bus_stop,,548.2528111146681,901.2117688498424,37.49965007283687,127.02697139402301,,,,timeout
dyn_pax_1170,2289.0,2026-09-07 09:38:09,521770119#1,restaurant|bus_stop,,527.3115514435282,995.8620162900467,37.50049875494786,127.02671217090477,,,,timeout
dyn_pax_1171,2290.0,2026-09-07 09:38:10,1117538958#3,bus_stop,,160.18899290588462,540.6019911995099,37.49632820280781,127.02266936696756,2310.0,20.0,taxi_respawn_39,picked
dyn_pax_1172,2293.0,2026-09-07 09:38:13,-417750354#0,residential,,923.3498430372201,1041.2071047119894,37.5009819832587,127.03117938951307,2402.0,109.0,taxi_respawn_8,picked
dyn_pax_1173,2295.0,2026-09-07 09:38:15,521766175#3,company|restaurant|subway_entrance|bus_stop,,373.6701172395771,1298.610217621072,37.50319695740621,127.02490310718325,,,,timeout
dyn_pax_1174,2296.0,2026-09-07 09:38:16,521770116#2,company|restaurant|bus_stop,,432.3182248087171,1108.514093563608,37.50149560521279,127.02561136613096,2531.0,235.0,taxi_respawn_39,picked
dyn_pax_1175,2298.0,2026-09-07 09:38:18,521770119#1,restaurant|bus_stop,,527.3115514435282,995.8620162900467,37.50049875494786,127.02671217090477,,,,timeout
dyn_pax_1176,2299.0,2026-09-07 09:38:19,1117538957#3,restaurant|subway_entrance|bus_stop,,465.5082521847807,644.8780924026132,37.49732530507706,127.02609663221197,2528.0,229.0,taxi_32,picked
dyn_pax_1177,2301.0,2026-09-07 09:38:21,-913950883#1,residential|company|restaurant,,391.36286393582424,840.6655979518604,37.49907500229157,127.0252118555046,2420.0,119.0,taxi_13,picked
dyn_pax_1178,2302.0,2026-09-07 09:38:22,520307304#0,school|subway_entrance|bus_stop,,602.6035134310263,763.145495629718,37.498416594724866,127.02761864854104,,,,timeout
dyn_pax_1179,2303.0,2026-09-07 09:38:23,-117790039#2,company|restaurant,,1017.0012393074795,990.846024966068,37.5005459641277,127.03225021068775,2395.0,92.0,taxi_respawn_24,picked
dyn_pax_1180,2304.0,2026-09-07 09:38:24,305539406,company|restaurant|subway_entrance,,566.389495917364,736.5285064605782,37.49816998085155,127.02721550408178,,,,timeout
dyn_pax_1181,2305.0,2026-09-07 09:38:25,218864491#0,restaurant|bus_stop,,769.9803916976219,760.1217113917903,37.49842094941813,127.02951181742357,,,,timeout
dyn_pax_1182,2307.0,2026-09-07 09:38:27,417933642#0,restaurant|bus_stop,,1041.0954363710525,463.30841921497654,37.49579826441859,127.03264736696761,,,,timeout
dyn_pax_1183,2309.0,2026-09-07 09:38:29,-542367267#1,bus_stop,,247.51018316686128,1414.7184918773391,37.504219024473855,127.02344900430944,2353.0,44.0,taxi_17,picked
dyn_pax_1184,2310.0,2026-09-07 09:38:30,218857636#1,residential|company|restaurant|bus_stop,,297.92905089287035,623.2061345250047,37.49709839153085,127.02420706961871,2507.0,197.0,taxi_48,picked
dyn_pax_1185,2312.0,2026-09-07 09:38:32,375049565#6,restaurant|subway_entrance|bus_stop,,789.5153251748014,798.8522330112556,37.49877353199428,127.02972351946808,2671.0,359.0,taxi_respawn_29,picked
dyn_pax_1186,2313.0,2026-09-07 09:38:33,1376141183#0,bus_stop,,548.2528111146681,901.2117688498424,37.49965007283687,127.02697139402301,,,,timeout
dyn_pax_1187,2314.0,2026-09-07 09:38:34,218857636#1,residential|company|restaurant|bus_stop,,297.92905089287035,623.2061345250047,37.49709839153085,127.02420706961871,2711.0,397.0,taxi_11,picked
dyn_pax_1188,2315.0,2026-09-07 09:38:35,494824662#3,company|restaurant|subway_entrance,,729.424850252167,406.6843378518681,37.49522941823122,127.02913698209235,2441.0,126.0,taxi_10,picked
dyn_pax_1189,2315.0,2026-09-07 09:38:35,129731834#0,school,,229.35227593843302,780.2499709424674,37.498500113124294,127.02339441737757,,,,timeout
dyn_pax_1190,2318.0,2026-09-07 09:38:38,218877837#2,company|restaurant|bus_stop,,479.4555212141038,978.0213907550284,37.500328997763305,127.02617530290202,2824.0,506.0,taxi_25,picked
dyn_pax_1191,2319.0,2026-09-07 09:38:39,1376141182#0,bus_stop,,385.7154046370183,1301.0311255965628,37.50322104370192,127.02503873135461,,,,timeout
dyn_pax_1192,2321.0,2026-09-07 09:38:41,523141074#0,company|restaurant|subway_entrance,,524.0338794858329,871.4890157117229,37.4993777454413,127.02670460634431,2821.0,500.0,taxi_11,picked
dyn_pax_1193,2322.0,2026-09-07 09:38:42,-541692164#2,subway_entrance,,317.7122087179151,1441.0296574375257,37.504469327730426,127.0242365566347,,,,timeout
dyn_pax_1194,2324.0,2026-09-07 09:38:44,178441450#1,residential|company|restaurant|bus_stop,,282.90243066757296,609.4157395563556,37.496971320837204,127.02404044855805,2381.0,57.0,taxi_47,picked
dyn_pax_1195,2325.0,2026-09-07 09:38:45,520307304#0,school|subway_entrance|bus_stop,,602.6035134310263,763.145495629718,37.498416594724866,127.02761864854104,,,,timeout
dyn_pax_1196,2328.0,2026-09-07 09:38:48,521766182#1,company|restaurant|subway_entrance,,681.695169875507,539.6867345716422,37.496418539503196,127.02856584056028,2684.0,356.0,taxi_27,picked
dyn_pax_1197,2328.0,2026-09-07 09:38:48,239962780#1,company|restaurant,,78.091042197054,1418.7355011637856,37.504223128704645,127.02153236485597,2695.0,367.0,taxi_respawn_16,picked
dyn_pax_1198,2332.0,2026-09-07 09:38:52,523141074#0,company|restaurant|subway_entrance,,524.0338794858329,871.4890157117229,37.4993777454413,127.02670460634431,2833.0,501.0,taxi_36,picked
dyn_pax_1199,2333.0,2026-09-07 09:38:53,506191135#3,residential|company|restaurant|bus_stop,,238.79972345576414,789.4714057742513,37.49858497042428,127.023499044737,,,,timeout
dyn_pax_1200,2335.0,2026-09-07 09:38:55,523141074#0,company|restaurant|subway_entrance,,524.0338794858329,871.4890157117229,37.4993777454413,127.02670460634431,,,,timeout
dyn_pax_1201,2338.0,2026-09-07 09:38:58,521766175#3,company|restaurant|subway_entrance|bus_stop,,373.6701172395771,1298.610217621072,37.50319695740621,127.02490310718325,,,,timeout
dyn_pax_1202,2341.0,2026-09-07 09:39:01,375049565#6,restaurant|subway_entrance|bus_stop,,789.5153251748014,798.8522330112556,37.49877353199428,127.02972351946808,2715.0,374.0,taxi_respawn_34,picked
dyn_pax_1203,2342.0,2026-09-07 09:39:02,521766175#3,company|restaurant|subway_entrance|bus_stop,,373.6701172395771,1298.610217621072,37.50319695740621,127.02490310718325,,,,timeout
dyn_pax_1204,2344.0,2026-09-07 09:39:04,375049565#6,restaurant|subway_entrance|bus_stop,,789.5153251748014,798.8522330112556,37.49877353199428,127.02972351946808,2676.0,332.0,taxi_37,picked
dyn_pax_1205,2345.0,2026-09-07 09:39:05,521770119#1,restaurant|bus_stop,,527.3115514435282,995.8620162900467,37.50049875494786,127.02671217090477,,,,timeout
dyn_pax_1206,2345.0,2026-09-07 09:39:05,256787796#2,restaurant,,573.8171824012851,1000.9225059734806,37.50055312725627,127.02723680274495,2461.0,116.0,taxi_8,picked
dyn_pax_1207,2347.0,2026-09-07 09:39:07,541692164#1,subway_entrance,,271.6277521231475,1406.6420105391767,37.5041508337347,127.02372362926798,2765.0,418.0,taxi_23,picked
dyn_pax_1208,2348.0,2026-09-07 09:39:08,375049565#6,restaurant|subway_entrance|bus_stop,,789.5153251748014,798.8522330112556,37.49877353199428,127.02972351946808,2726.0,378.0,taxi_35,picked
dyn_pax_1209,2350.0,2026-09-07 09:39:10,523141074#0,company|restaurant|subway_entrance,,524.0338794858329,871.4890157117229,37.4993777454413,127.02670460634431,,,,timeout
dyn_pax_1210,2351.0,2026-09-07 09:39:11,521766175#3,company|restaurant|subway_entrance|bus_stop,,373.6701172395771,1298.610217621072,37.50319695740621,127.02490310718325,,,,timeout
dyn_pax_1211,2353.0,2026-09-07 09:39:13,218857636#1,residential|company|restaurant|bus_stop,,297.92905089287035,623.2061345250047,37.49709839153085,127.02420706961871,,,,timeout
dyn_pax_1212,2355.0,2026-09-07 09:39:15,521770119#0,restaurant|bus_stop,,548.9831206778387,935.1148840516827,37.499955620541705,127.02697161236954,,,,timeout
dyn_pax_1213,2356.0,2026-09-07 09:39:16,218864491#0,restaurant|bus_stop,,769.9803916976219,760.1217113917903,37.49842094941813,127.02951181742357,,,,timeout
dyn_pax_1214,2359.0,2026-09-07 09:39:19,521770116#2,company|restaurant|bus_stop,,432.3182248087171,1108.514093563608,37.50149560521279,127.02561136613096,2731.0,372.0,taxi_21,picked
dyn_pax_1215,2359.0,2026-09-07 09:39:19,379463134#4,restaurant,,574.4815382344308,1284.0756787717605,37.50310398350559,127.02717717678497,2383.0,24.0,taxi_9,picked
dyn_pax_1216,2361.0,2026-09-07 09:39:21,218864491#0,restaurant|bus_stop,,769.9803916976219,760.1217113917903,37.49842094941813,127.02951181742357,,,,timeout
dyn_pax_1217,2364.0,2026-09-07 09:39:24,218877837#2,company|restaurant|bus_stop,,479.4555212141038,978.0213907550284,37.500328997763305,127.02617530290202,,,,timeout
dyn_pax_1218,2365.0,2026-09-07 09:39:25,523141074#0,company|restaurant|subway_entrance,,524.0338794858329,871.4890157117229,37.4993777454413,127.02670460634431,,,,timeout
dyn_pax_1219,2367.0,2026-09-07 09:39:27,305539406,company|restaurant|subway_entrance,,566.389495917364,736.5285064605782,37.49816998085155,127.02721550408178,,,,timeout
dyn_pax_1220,2368.0,2026-09-07 09:39:28,1229817205#0,company|subway_entrance|bus_stop,,599.2457558679199,652.2907550986157,37.497417346160496,127.02760695963683,2971.0,603.0,taxi_respawn_4,picked
dyn_pax_1221,2370.0,2026-09-07 09:39:30,-504509918#2,company|restaurant|bus_stop,,398.9694242295193,827.4758220967593,37.49895762305832,127.02530099003066,2482.0,112.0,taxi_respawn_30,picked
dyn_pax_1222,2371.0,2026-09-07 09:39:31,218877837#2,company|restaurant|bus_stop,,479.4555212141038,978.0213907550284,37.500328997763305,127.02617530290202,,,,timeout
dyn_pax_1223,2374.0,2026-09-07 09:39:34,521770116#2,company|restaurant|bus_stop,,432.3182248087171,1108.514093563608,37.50149560521279,127.02561136613096,2923.0,549.0,taxi_respawn_12,picked
dyn_pax_1224,2376.0,2026-09-07 09:39:36,1117538957#3,restaurant|subway_entrance|bus_stop,,465.5082521847807,644.8780924026132,37.49732530507706,127.02609663221197,2560.0,184.0,taxi_respawn_24,picked
dyn_pax_1225,2377.0,2026-09-07 09:39:37,-417933645#2,company|restaurant|subway_entrance,,701.1658676593129,719.5455833044954,37.49804244093877,127.02874337560036,,,,timeout
dyn_pax_1226,2379.0,2026-09-07 09:39:39,523141074#0,company|restaurant|subway_entrance,,524.0338794858329,871.4890157117229,37.4993777454413,127.02670460634431,,,,timeout
dyn_pax_1227,2382.0,2026-09-07 09:39:42,-541692164#2,subway_entrance,,317.7122087179151,1441.0296574375257,37.504469327730426,127.0242365566347,,,,timeout
dyn_pax_1228,2384.0,2026-09-07 09:39:44,1117538957#3,restaurant|subway_entrance|bus_stop,,465.5082521847807,644.8780924026132,37.49732530507706,127.02609663221197,2652.0,268.0,taxi_respawn_7,picked
dyn_pax_1229,2385.0,2026-09-07 09:39:45,521770119#0,restaurant|bus_stop,,548.9831206778387,935.1148840516827,37.499955620541705,127.02697161236954,,,,timeout
dyn_pax_1230,2387.0,2026-09-07 09:39:47,-417933645#2,company|restaurant|subway_entrance,,701.1658676593129,719.5455833044954,37.49804244093877,127.02874337560036,,,,timeout
dyn_pax_1231,2388.0,2026-09-07 09:39:48,218857636#1,residential|company|restaurant|bus_stop,,297.92905089287035,623.2061345250047,37.49709839153085,127.02420706961871,,,,timeout
dyn_pax_1232,2390.0,2026-09-07 09:39:50,521770119#1,restaurant|bus_stop,,527.3115514435282,995.8620162900467,37.50049875494786,127.02671217090477,,,,timeout
dyn_pax_1233,2391.0,2026-09-07 09:39:51,218864491#0,restaurant|bus_stop,,769.9803916976219,760.1217113917903,37.49842094941813,127.02951181742357,,,,timeout
dyn_pax_1234,2393.0,2026-09-07 09:39:53,506191135#3,residential|company|restaurant|bus_stop,,238.79972345576414,789.4714057742513,37.49858497042428,127.023499044737,,,,timeout
dyn_pax_1235,2393.0,2026-09-07 09:39:53,-256787796#5,restaurant,,631.1882908445458,865.4152262944223,37.499343270516576,127.02791760566556,,,,timeout
dyn_pax_1236,2394.0,2026-09-07 09:39:54,1229817205#1,residential|bus_stop,,631.6400080768872,572.7061575261558,37.49670653972221,127.02799208080955,,,,timeout
dyn_pax_1237,2396.0,2026-09-07 09:39:56,1117538958#3,bus_stop,,160.18899290588462,540.6019911995099,37.49632820280781,127.02266936696756,2509.0,113.0,taxi_respawn_38,picked
dyn_pax_1238,2397.0,2026-09-07 09:39:57,-417933645#2,company|restaurant|subway_entrance,,701.1658676593129,719.5455833044954,37.49804244093877,127.02874337560036,,,,timeout
dyn_pax_1239,2399.0,2026-09-07 09:39:59,541692164#1,subway_entrance,,271.6277521231475,1406.6420105391767,37.5041508337347,127.02372362926798,2888.0,489.0,taxi_respawn_6,picked
dyn_pax_1240,2400.0,2026-09-07 09:40:00,218873820#0,restaurant|subway_entrance|bus_stop,,628.9829311132032,562.4061665928522,37.49661325243901,127.02796447999128,,,,timeout
dyn_pax_1241,2402.0,2026-09-07 09:40:02,521766182#1,company|restaurant|subway_entrance,,681.695169875507,539.6867345716422,37.496418539503196,127.02856584056028,2724.0,322.0,taxi_respawn_26,picked
dyn_pax_1242,2403.0,2026-09-07 09:40:03,218877837#2,company|restaurant|bus_stop,,479.4555212141038,978.0213907550284,37.500328997763305,127.02617530290202,,,,timeout
dyn_pax_1243,2404.0,2026-09-07 09:40:04,375049565#6,restaurant|subway_entrance|bus_stop,,789.5153251748014,798.8522330112556,37.49877353199428,127.02972351946808,2731.0,327.0,taxi_32,picked
dyn_pax_1244,2405.0,2026-09-07 09:40:05,375049565#6,restaurant|subway_entrance|bus_stop,,789.5153251748014,798.8522330112556,37.49877353199428,127.02972351946808,2853.0,448.0,taxi_13,picked
dyn_pax_1245,2406.0,2026-09-07 09:40:06,-117790051#4,restaurant,,448.3479635094145,1379.7889979949318,37.50394236073409,127.02572824341395,2658.0,252.0,taxi_respawn_14,picked
dyn_pax_1246,2407.0,2026-09-07 09:40:07,375049565#6,restaurant|subway_entrance|bus_stop,,789.5153251748014,798.8522330112556,37.49877353199428,127.02972351946808,2883.0,476.0,taxi_respawn_33,picked
dyn_pax_1247,2408.0,2026-09-07 09:40:08,-542367267#1,bus_stop,,247.51018316686128,1414.7184918773391,37.504219024473855,127.02344900430944,2443.0,35.0,taxi_35,picked
dyn_pax_1248,2411.0,2026-09-07 09:40:11,521766175#1,company|restaurant|subway_entrance,,332.9365590021661,1411.5585828157227,37.504206724109,127.02441570308932,,,,timeout
dyn_pax_1249,2413.0,2026-09-07 09:40:13,-504509918#2,company|restaurant|bus_stop,,398.9694242295193,827.4758220967593,37.49895762305832,127.02530099003066,2775.0,362.0,taxi_8,picked
dyn_pax_1250,2414.0,2026-09-07 09:40:14,218873820#0,restaurant|subway_entrance|bus_stop,,628.9829311132032,562.4061665928522,37.49661325243901,127.02796447999128,,,,timeout
dyn_pax_1251,2416.0,2026-09-07 09:40:16,541692164#1,subway_entrance,,271.6277521231475,1406.6420105391767,37.5041508337347,127.02372362926798,2894.0,478.0,taxi_2,picked
dyn_pax_1252,2417.0,2026-09-07 09:40:17,1117538957#3,restaurant|subway_entrance|bus_stop,,465.5082521847807,644.8780924026132,37.49732530507706,127.02609663221197,2647.0,230.0,taxi_respawn_30,picked
dyn_pax_1253,2419.0,2026-09-07 09:40:19,-542367267#1,bus_stop,,247.51018316686128,1414.7184918773391,37.504219024473855,127.02344900430944,2450.0,31.0,taxi_respawn_2,picked
dyn_pax_1254,2420.0,2026-09-07 09:40:20,541692164#1,subway_entrance,,271.6277521231475,1406.6420105391767,37.5041508337347,127.02372362926798,2922.0,502.0,taxi_respawn_34,picked
dyn_pax_1255,2421.0,2026-09-07 09:40:21,-506191135#22,residential|company|restaurant|bus_stop,,38.693950105848444,1321.9513167019495,37.50334380565249,127.02110990869835,2582.0,161.0,taxi_46,picked
dyn_pax_1256,2422.0,2026-09-07 09:40:22,1376141183#0,bus_stop,,548.2528111146681,901.2117688498424,37.49965007283687,127.02697139402301,,,,timeout
dyn_pax_1257,2423.0,2026-09-07 09:40:23,521766175#3,company|restaurant|subway_entrance|bus_stop,,373.6701172395771,1298.610217621072,37.50319695740621,127.02490310718325,,,,timeout
dyn_pax_1258,2425.0,2026-09-07 09:40:25,521770116#2,company|restaurant|bus_stop,,432.3182248087171,1108.514093563608,37.50149560521279,127.02561136613096,2808.0,383.0,taxi_respawn_18,picked
dyn_pax_1259,2427.0,2026-09-07 09:40:27,1229817205#1,residential|bus_stop,,631.6400080768872,572.7061575261558,37.49670653972221,127.02799208080955,,,,timeout
dyn_pax_1260,2428.0,2026-09-07 09:40:28,-504509918#2,company|restaurant|bus_stop,,398.9694242295193,827.4758220967593,37.49895762305832,127.02530099003066,,,,timeout
dyn_pax_1261,2430.0,2026-09-07 09:40:30,1376141183#0,bus_stop,,548.2528111146681,901.2117688498424,37.49965007283687,127.02697139402301,,,,timeout
dyn_pax_1262,2431.0,2026-09-07 09:40:31,523141074#0,company|restaurant|subway_entrance,,524.0338794858329,871.4890157117229,37.4993777454413,127.02670460634431,,,,timeout
dyn_pax_1263,2433.0,2026-09-07 09:40:33,494824662#3,company|restaurant|subway_entrance,,729.424850252167,406.6843378518681,37.49522941823122,127.02913698209235,,,,timeout
dyn_pax_1264,2434.0,2026-09-07 09:40:34,1229817205#0,company|subway_entrance|bus_stop,,599.2457558679199,652.2907550986157,37.497417346160496,127.02760695963683,,,,timeout
dyn_pax_1265,2436.0,2026-09-07 09:40:36,520307304#0,school|subway_entrance|bus_stop,,602.6035134310263,763.145495629718,37.498416594724866,127.02761864854104,,,,timeout
dyn_pax_1266,2437.0,2026-09-07 09:40:37,375049565#6,restaurant|subway_entrance|bus_stop,,789.5153251748014,798.8522330112556,37.49877353199428,127.02972351946808,2940.0,503.0,taxi_respawn_35,picked
dyn_pax_1267,2437.0,2026-09-07 09:40:37,129731852,restaurant,,626.5739131314494,885.3301415107766,37.499521799012015,127.0278607124155,2834.0,397.0,taxi_10,picked
dyn_pax_1268,2439.0,2026-09-07 09:40:39,521766175#3,company|restaurant|subway_entrance|bus_stop,,373.6701172395771,1298.610217621072,37.50319695740621,127.02490310718325,,,,timeout
dyn_pax_1269,2440.0,2026-09-07 09:40:40,520307304#0,school|subway_entrance|bus_stop,,602.6035134310263,763.145495629718,37.498416594724866,127.02761864854104,,,,timeout
dyn_pax_1270,2443.0,2026-09-07 09:40:43,-504509918#2,company|restaurant|bus_stop,,398.9694242295193,827.4758220967593,37.49895762305832,127.02530099003066,,,,timeout
dyn_pax_1271,2446.0,2026-09-07 09:40:46,1376141183#0,bus_stop,,548.2528111146681,901.2117688498424,37.49965007283687,127.02697139402301,,,,timeout
dyn_pax_1272,2448.0,2026-09-07 09:40:48,506191135#3,residential|company|restaurant|bus_stop,,238.79972345576414,789.4714057742513,37.49858497042428,127.023499044737,,,,timeout
dyn_pax_1273,2449.0,2026-09-07 09:40:49,521770119#1,restaurant|bus_stop,,527.3115514435282,995.8620162900467,37.50049875494786,127.02671217090477,,,,timeout
dyn_pax_1274,2449.0,2026-09-07 09:40:49,521766175#3,company|restaurant|subway_entrance|bus_stop,,373.6701172395771,1298.610217621072,37.50319695740621,127.02490310718325,,,,timeout
dyn_pax_1275,2452.0,2026-09-07 09:40:52,-504509918#2,company|restaurant|bus_stop,,398.9694242295193,827.4758220967593,37.49895762305832,127.02530099003066,,,,timeout
dyn_pax_1276,2453.0,2026-09-07 09:40:53,1376141182#0,bus_stop,,385.7154046370183,1301.0311255965628,37.50322104370192,127.02503873135461,3806.0,1353.0,taxi_35,picked
dyn_pax_1277,2454.0,2026-09-07 09:40:54,218873820#0,restaurant|subway_entrance|bus_stop,,628.9829311132032,562.4061665928522,37.49661325243901,127.02796447999128,,,,timeout
dyn_pax_1278,2456.0,2026-09-07 09:40:56,521766175#3,company|restaurant|subway_entrance|bus_stop,,373.6701172395771,1298.610217621072,37.50319695740621,127.02490310718325,,,,timeout
dyn_pax_1279,2457.0,2026-09-07 09:40:57,521770119#1,restaurant|bus_stop,,527.3115514435282,995.8620162900467,37.50049875494786,127.02671217090477,,,,timeout
dyn_pax_1280,2459.0,2026-09-07 09:40:59,1229817205#0,company|subway_entrance|bus_stop,,599.2457558679199,652.2907550986157,37.497417346160496,127.02760695963683,,,,timeout
dyn_pax_1281,2460.0,2026-09-07 09:41:00,218877837#2,company|restaurant|bus_stop,,479.4555212141038,978.0213907550284,37.500328997763305,127.02617530290202,,,,timeout
dyn_pax_1282,2462.0,2026-09-07 09:41:02,521766175#3,company|restaurant|subway_entrance|bus_stop,,373.6701172395771,1298.610217621072,37.50319695740621,127.02490310718325,,,,timeout
dyn_pax_1283,2463.0,2026-09-07 09:41:03,1376141182#0,bus_stop,,385.7154046370183,1301.0311255965628,37.50322104370192,127.02503873135461,,,,timeout
dyn_pax_1284,2464.0,2026-09-07 09:41:04,-379463124,restaurant,,592.9390816363945,1268.4136255899298,37.5029663815994,127.02738959394404,2549.0,85.0,taxi_respawn_31,picked
dyn_pax_1285,2465.0,2026-09-07 09:41:05,521766180#1,company|restaurant|bus_stop,,466.73410130235357,1169.2838037446552,37.502049542882666,127.02598608796039,3599.0,1134.0,taxi_48,picked
dyn_pax_1286,2468.0,2026-09-07 09:41:08,494824662#3,company|restaurant|subway_entrance,,729.424850252167,406.6843378518681,37.49522941823122,127.02913698209235,,,,timeout
dyn_pax_1287,2469.0,2026-09-07 09:41:09,-542367267#1,bus_stop,,247.51018316686128,1414.7184918773391,37.504219024473855,127.02344900430944,2528.0,59.0,taxi_respawn_9,picked
dyn_pax_1288,2471.0,2026-09-07 09:41:11,1376141182#0,bus_stop,,385.7154046370183,1301.0311255965628,37.50322104370192,127.02503873135461,,,,timeout
dyn_pax_1289,2474.0,2026-09-07 09:41:14,520307304#0,school|subway_entrance|bus_stop,,602.6035134310263,763.145495629718,37.498416594724866,127.02761864854104,,,,timeout
dyn_pax_1290,2476.0,2026-09-07 09:41:16,541692164#1,subway_entrance,,271.6277521231475,1406.6420105391767,37.5041508337347,127.02372362926798,2978.0,502.0,taxi_42,picked
dyn_pax_1291,2477.0,2026-09-07 09:41:17,-542367267#1,bus_stop,,247.51018316686128,1414.7184918773391,37.504219024473855,127.02344900430944,2536.0,59.0,taxi_respawn_6,picked
dyn_pax_1292,2479.0,2026-09-07 09:41:19,1117538957#3,restaurant|subway_entrance|bus_stop,,465.5082521847807,644.8780924026132,37.49732530507706,127.02609663221197,2720.0,241.0,taxi_44,picked
dyn_pax_1293,2480.0,2026-09-07 09:41:20,1117538957#3,restaurant|subway_entrance|bus_stop,,465.5082521847807,644.8780924026132,37.49732530507706,127.02609663221197,2725.0,245.0,taxi_9,picked
dyn_pax_1294,2482.0,2026-09-07 09:41:22,375049565#6,restaurant|subway_entrance|bus_stop,,789.5153251748014,798.8522330112556,37.49877353199428,127.02972351946808,2986.0,504.0,taxi_respawn_2,picked
dyn_pax_1295,2483.0,2026-09-07 09:41:23,521766182#1,company|restaurant|subway_entrance,,681.695169875507,539.6867345716422,37.496418539503196,127.02856584056028,2733.0,250.0,taxi_respawn_35,picked
dyn_pax_1296,2485.0,2026-09-07 09:41:25,178441450#1,residential|company|restaurant|bus_stop,,282.90243066757296,609.4157395563556,37.496971320837204,127.02404044855805,2581.0,96.0,taxi_respawn_19,picked
dyn_pax_1297,2488.0,2026-09-07 09:41:28,521766175#3,company|restaurant|subway_entrance|bus_stop,,373.6701172395771,1298.610217621072,37.50319695740621,127.02490310718325,,,,timeout
dyn_pax_1298,2489.0,2026-09-07 09:41:29,521766175#1,company|restaurant|subway_entrance,,332.9365590021661,1411.5585828157227,37.504206724109,127.02441570308932,,,,timeout
dyn_pax_1299,2491.0,2026-09-07 09:41:31,1376141183#0,bus_stop,,548.2528111146681,901.2117688498424,37.49965007283687,127.02697139402301,,,,timeout
dyn_pax_1300,2494.0,2026-09-07 09:41:34,521766175#3,company|restaurant|subway_entrance|bus_stop,,373.6701172395771,1298.610217621072,37.50319695740621,127.02490310718325,,,,timeout
dyn_pax_1301,2495.0,2026-09-07 09:41:35,218864491#0,restaurant|bus_stop,,769.9803916976219,760.1217113917903,37.49842094941813,127.02951181742357,2914.0,419.0,taxi_12,picked
dyn_pax_1302,2497.0,2026-09-07 09:41:37,521766175#3,company|restaurant|subway_entrance|bus_stop,,373.6701172395771,1298.610217621072,37.50319695740621,127.02490310718325,,,,timeout
dyn_pax_1303,2497.0,2026-09-07 09:41:37,-504509918#2,company|restaurant|bus_stop,,398.9694242295193,827.4758220967593,37.49895762305832,127.02530099003066,3023.0,526.0,taxi_respawn_33,picked
dyn_pax_1304,2498.0,2026-09-07 09:41:38,494824662#3,company|restaurant|subway_entrance,,729.424850252167,406.6843378518681,37.49522941823122,127.02913698209235,,,,timeout
dyn_pax_1305,2499.0,2026-09-07 09:41:39,1229817205#1,residential|bus_stop,,631.6400080768872,572.7061575261558,37.49670653972221,127.02799208080955,,,,timeout
dyn_pax_1306,2500.0,2026-09-07 09:41:40,521766175#3,company|restaurant|subway_entrance|bus_stop,,373.6701172395771,1298.610217621072,37.50319695740621,127.02490310718325,,,,timeout
dyn_pax_1307,2500.0,2026-09-07 09:41:40,1117538957#0,company|restaurant,,312.91680439510856,589.5311930299885,37.49679787270139,127.0243845203811,2572.0,72.0,taxi_45,picked
dyn_pax_1308,2502.0,2026-09-07 09:41:42,-506191135#2,residential|bus_stop,,236.19733776439384,769.6838415951818,37.49840622577806,127.02347432089968,2823.0,321.0,taxi_respawn_1,picked
dyn_pax_1309,2503.0,2026-09-07 09:41:43,1229817205#0,company|subway_entrance|bus_stop,,599.2457558679199,652.2907550986157,37.497417346160496,127.02760695963683,,,,timeout
dyn_pax_1310,2503.0,2026-09-07 09:41:43,-117790031#1,restaurant,,730.7814463439225,1053.3410552584976,37.501054966737435,127.02899915797848,2670.0,167.0,taxi_10,picked
dyn_pax_1311,2506.0,2026-09-07 09:41:46,1229817205#1,residential|bus_stop,,631.6400080768872,572.7061575261558,37.49670653972221,127.02799208080955,,,,timeout
dyn_pax_1312,2506.0,2026-09-07 09:41:46,129731720#0,residential|company|restaurant,,292.10678712231254,1113.150773394943,37.50151085547559,127.02402489828896,2527.0,21.0,taxi_respawn_4,picked
dyn_pax_1313,2509.0,2026-09-07 09:41:49,1229817205#0,company|subway_entrance|bus_stop,,599.2457558679199,652.2907550986157,37.497417346160496,127.02760695963683,,,,timeout
dyn_pax_1314,2509.0,2026-09-07 09:41:49,309155295#3,restaurant,,868.2249250208004,595.011595969151,37.496952113096654,127.03066169877924,2550.0,41.0,taxi_24,picked
dyn_pax_1315,2511.0,2026-09-07 09:41:51,521770119#1,restaurant|bus_stop,,527.3115514435282,995.8620162900467,37.50049875494786,127.02671217090477,,,,timeout
dyn_pax_1316,2514.0,2026-09-07 09:41:54,-506191135#22,residential|company|restaurant|bus_stop,,38.693950105848444,1321.9513167019495,37.50334380565249,127.02110990869835,2592.0,78.0,taxi_6,picked
dyn_pax_1317,2515.0,2026-09-07 09:41:55,521766175#3,company|restaurant|subway_entrance|bus_stop,,373.6701172395771,1298.610217621072,37.50319695740621,127.02490310718325,,,,timeout
dyn_pax_1318,2517.0,2026-09-07 09:41:57,1117538957#3,restaurant|subway_entrance|bus_stop,,465.5082521847807,644.8780924026132,37.49732530507706,127.02609663221197,2731.0,214.0,taxi_respawn_22,picked
dyn_pax_1319,2518.0,2026-09-07 09:41:58,-541692164#2,subway_entrance,,317.7122087179151,1441.0296574375257,37.504469327730426,127.0242365566347,,,,timeout
dyn_pax_1320,2520.0,2026-09-07 09:42:00,975332778#1,bus_stop,,681.6099970732737,721.9380561808346,37.49806030190971,127.02852170075586,2716.0,196.0,taxi_38,picked
dyn_pax_1321,2521.0,2026-09-07 09:42:01,178441450#1,residential|company|restaurant|bus_stop,,282.90243066757296,609.4157395563556,37.496971320837204,127.02404044855805,2692.0,171.0,taxi_respawn_6,picked
dyn_pax_1322,2523.0,2026-09-07 09:42:03,-417933645#2,company|restaurant|subway_entrance,,701.1658676593129,719.5455833044954,37.49804244093877,127.02874337560036,,,,timeout
dyn_pax_1323,2525.0,2026-09-07 09:42:05,521766175#3,company|restaurant|subway_entrance|bus_stop,,373.6701172395771,1298.610217621072,37.50319695740621,127.02490310718325,,,,timeout
dyn_pax_1324,2526.0,2026-09-07 09:42:06,-541692164#2,subway_entrance,,317.7122087179151,1441.0296574375257,37.504469327730426,127.0242365566347,,,,timeout
dyn_pax_1325,2528.0,2026-09-07 09:42:08,521770119#1,restaurant|bus_stop,,527.3115514435282,995.8620162900467,37.50049875494786,127.02671217090477,,,,timeout
dyn_pax_1326,2531.0,2026-09-07 09:42:11,375049565#6,restaurant|subway_entrance|bus_stop,,789.5153251748014,798.8522330112556,37.49877353199428,127.02972351946808,3031.0,500.0,taxi_respawn_39,picked
dyn_pax_1327,2532.0,2026-09-07 09:42:12,218864491#0,restaurant|bus_stop,,769.9803916976219,760.1217113917903,37.49842094941813,127.02951181742357,2976.0,444.0,taxi_32,picked
dyn_pax_1328,2534.0,2026-09-07 09:42:14,521770119#1,restaurant|bus_stop,,527.3115514435282,995.8620162900467,37.50049875494786,127.02671217090477,,,,timeout
dyn_pax_1329,2535.0,2026-09-07 09:42:15,417933642#0,restaurant|bus_stop,,1041.0954363710525,463.30841921497654,37.49579826441859,127.03264736696761,2898.0,363.0,taxi_respawn_7,picked
dyn_pax_1330,2537.0,2026-09-07 09:42:17,521766175#3,company|restaurant|subway_entrance|bus_stop,,373.6701172395771,1298.610217621072,37.50319695740621,127.02490310718325,,,,timeout
dyn_pax_1331,2538.0,2026-09-07 09:42:18,305539406,company|restaurant|subway_entrance,,566.389495917364,736.5285064605782,37.49816998085155,127.02721550408178,2878.0,340.0,taxi_respawn_5,picked
dyn_pax_1332,2540.0,2026-09-07 09:42:20,521766175#1,company|restaurant|subway_entrance,,332.9365590021661,1411.5585828157227,37.504206724109,127.02441570308932,,,,timeout
dyn_pax_1333,2541.0,2026-09-07 09:42:21,520307304#0,school|subway_entrance|bus_stop,,602.6035134310263,763.145495629718,37.498416594724866,127.02761864854104,,,,timeout
dyn_pax_1334,2542.0,2026-09-07 09:42:22,-309155295#4,residential|restaurant,,966.4689567179357,639.4784987131154,37.49737120494098,127.0317619612052,2726.0,184.0,taxi_26,picked
dyn_pax_1335,2543.0,2026-09-07 09:42:23,-542367267#1,bus_stop,,247.51018316686128,1414.7184918773391,37.504219024473855,127.02344900430944,2563.0,20.0,taxi_13,picked
dyn_pax_1336,2544.0,2026-09-07 09:42:24,-417933645#2,company|restaurant|subway_entrance,,701.1658676593129,719.5455833044954,37.49804244093877,127.02874337560036,,,,timeout
dyn_pax_1337,2546.0,2026-09-07 09:42:26,375049565#6,restaurant|subway_entrance|bus_stop,,789.5153251748014,798.8522330112556,37.49877353199428,127.02972351946808,,,,timeout
dyn_pax_1338,2548.0,2026-09-07 09:42:28,218857636#1,residential|company|restaurant|bus_stop,,297.92905089287035,623.2061345250047,37.49709839153085,127.02420706961871,3002.0,454.0,taxi_41,picked
dyn_pax_1339,2549.0,2026-09-07 09:42:29,-117823785#1,restaurant,,983.1954817367493,635.6880668681273,37.49734021138362,127.03195197441553,2843.0,294.0,taxi_33,picked
dyn_pax_1340,2551.0,2026-09-07 09:42:31,-506191135#22,residential|company|restaurant|bus_stop,,38.693950105848444,1321.9513167019495,37.50334380565249,127.02110990869835,2665.0,114.0,taxi_29,picked
dyn_pax_1341,2552.0,2026-09-07 09:42:32,178441450#1,residential|company|restaurant|bus_stop,,282.90243066757296,609.4157395563556,37.496971320837204,127.02404044855805,2844.0,292.0,taxi_43,picked
dyn_pax_1342,2554.0,2026-09-07 09:42:34,218873820#0,restaurant|subway_entrance|bus_stop,,628.9829311132032,562.4061665928522,37.49661325243901,127.02796447999128,,,,timeout
dyn_pax_1343,2555.0,2026-09-07 09:42:35,-506191135#22,residential|company|restaurant|bus_stop,,38.693950105848444,1321.9513167019495,37.50334380565249,127.02110990869835,2711.0,156.0,taxi_respawn_9,picked
dyn_pax_1344,2557.0,2026-09-07 09:42:37,178441450#1,residential|company|restaurant|bus_stop,,282.90243066757296,609.4157395563556,37.496971320837204,127.02404044855805,2979.0,422.0,taxi_respawn_28,picked
dyn_pax_1345,2558.0,2026-09-07 09:42:38,178441450#1,residential|company|restaurant|bus_stop,,282.90243066757296,609.4157395563556,37.496971320837204,127.02404044855805,3024.0,466.0,taxi_respawn_16,picked
dyn_pax_1346,2560.0,2026-09-07 09:42:40,-506191135#22,residential|company|restaurant|bus_stop,,38.693950105848444,1321.9513167019495,37.50334380565249,127.02110990869835,2699.0,139.0,taxi_17,picked
dyn_pax_1347,2561.0,2026-09-07 09:42:41,-504509918#2,company|restaurant|bus_stop,,398.9694242295193,827.4758220967593,37.49895762305832,127.02530099003066,3009.0,448.0,taxi_respawn_10,picked
dyn_pax_1348,2561.0,2026-09-07 09:42:41,-523141073,residential|company,,283.47995026542384,1109.9635024546676,37.50148051131825,127.02392811188028,2811.0,250.0,taxi_respawn_19,picked
dyn_pax_1349,2563.0,2026-09-07 09:42:43,521770119#1,restaurant|bus_stop,,527.3115514435282,995.8620162900467,37.50049875494786,127.02671217090477,,,,timeout
dyn_pax_1350,2564.0,2026-09-07 09:42:44,-506191135#22,residential|company|restaurant|bus_stop,,38.693950105848444,1321.9513167019495,37.50334380565249,127.02110990869835,2744.0,180.0,taxi_42,picked
dyn_pax_1351,2566.0,2026-09-07 09:42:46,520307304#0,school|subway_entrance|bus_stop,,602.6035134310263,763.145495629718,37.498416594724866,127.02761864854104,,,,timeout
dyn_pax_1352,2567.0,2026-09-07 09:42:47,975332778#1,bus_stop,,681.6099970732737,721.9380561808346,37.49806030190971,127.02852170075586,2987.0,420.0,taxi_6,picked
dyn_pax_1353,2568.0,2026-09-07 09:42:48,521766175#1,company|restaurant|subway_entrance,,332.9365590021661,1411.5585828157227,37.504206724109,127.02441570308932,,,,timeout
dyn_pax_1354,2569.0,2026-09-07 09:42:49,218873820#0,restaurant|subway_entrance|bus_stop,,628.9829311132032,562.4061665928522,37.49661325243901,127.02796447999128,,,,timeout
dyn_pax_1355,2570.0,2026-09-07 09:42:50,-417750337#6,restaurant,,503.6615133291097,1089.1021319971503,37.50133422142063,127.0264226479345,2654.0,84.0,taxi_respawn_28,picked
dyn_pax_1356,2572.0,2026-09-07 09:42:52,521770119#1,restaurant|bus_stop,,527.3115514435282,995.8620162900467,37.50049875494786,127.02671217090477,,,,timeout
dyn_pax_1357,2574.0,2026-09-07 09:42:54,218873820#0,restaurant|subway_entrance|bus_stop,,628.9829311132032,562.4061665928522,37.49661325243901,127.02796447999128,,,,timeout
dyn_pax_1358,2575.0,2026-09-07 09:42:55,521766182#1,company|restaurant|subway_entrance,,681.695169875507,539.6867345716422,37.496418539503196,127.02856584056028,2742.0,167.0,taxi_18,picked
dyn_pax_1359,2577.0,2026-09-07 09:42:57,218873820#0,restaurant|subway_entrance|bus_stop,,628.9829311132032,562.4061665928522,37.49661325243901,127.02796447999128,,,,timeout
dyn_pax_1360,2581.0,2026-09-07 09:43:01,1117538958#3,bus_stop,,160.18899290588462,540.6019911995099,37.49632820280781,127.02266936696756,2826.0,245.0,taxi_31,picked
dyn_pax_1361,2582.0,2026-09-07 09:43:02,256787796#8,restaurant,,646.6563496183319,793.2391486514691,37.49869600620777,127.02810960194483,,,,timeout
dyn_pax_1362,2583.0,2026-09-07 09:43:03,-541692164#2,subway_entrance,,317.7122087179151,1441.0296574375257,37.504469327730426,127.0242365566347,,,,timeout
dyn_pax_1363,2584.0,2026-09-07 09:43:04,218857636#1,residential|company|restaurant|bus_stop,,297.92905089287035,623.2061345250047,37.49709839153085,127.02420706961871,3072.0,488.0,taxi_respawn_6,picked
dyn_pax_1364,2584.0,2026-09-07 09:43:04,218864491#0,restaurant|bus_stop,,769.9803916976219,760.1217113917903,37.49842094941813,127.02951181742357,,,,timeout
dyn_pax_1365,2586.0,2026-09-07 09:43:06,975332778#1,bus_stop,,681.6099970732737,721.9380561808346,37.49806030190971,127.02852170075586,,,,timeout
dyn_pax_1366,2587.0,2026-09-07 09:43:07,1117538958#3,bus_stop,,160.18899290588462,540.6019911995099,37.49632820280781,127.02266936696756,2869.0,282.0,taxi_respawn_16,picked
dyn_pax_1367,2589.0,2026-09-07 09:43:09,521770116#2,company|restaurant|bus_stop,,432.3182248087171,1108.514093563608,37.50149560521279,127.02561136613096,3016.0,427.0,taxi_24,picked
dyn_pax_1368,2590.0,2026-09-07 09:43:10,494824662#3,company|restaurant|subway_entrance,,729.424850252167,406.6843378518681,37.49522941823122,127.02913698209235,,,,timeout
dyn_pax_1369,2592.0,2026-09-07 09:43:12,521766182#1,company|restaurant|subway_entrance,,681.695169875507,539.6867345716422,37.496418539503196,127.02856584056028,2884.0,292.0,taxi_respawn_23,picked
dyn_pax_1370,2593.0,2026-09-07 09:43:13,521770116#2,company|restaurant|bus_stop,,432.3182248087171,1108.514093563608,37.50149560521279,127.02561136613096,3007.0,414.0,taxi_respawn_17,picked
dyn_pax_1371,2595.0,2026-09-07 09:43:15,521770119#0,restaurant|bus_stop,,548.9831206778387,935.1148840516827,37.499955620541705,127.02697161236954,,,,timeout
dyn_pax_1372,2597.0,2026-09-07 09:43:17,375049565#6,restaurant|subway_entrance|bus_stop,,789.5153251748014,798.8522330112556,37.49877353199428,127.02972351946808,,,,timeout
dyn_pax_1373,2598.0,2026-09-07 09:43:18,975332778#1,bus_stop,,681.6099970732737,721.9380561808346,37.49806030190971,127.02852170075586,,,,timeout
dyn_pax_1374,2601.0,2026-09-07 09:43:21,1376141182#0,bus_stop,,385.7154046370183,1301.0311255965628,37.50322104370192,127.02503873135461,,,,timeout
dyn_pax_1375,2603.0,2026-09-07 09:43:23,417933642#0,restaurant|bus_stop,,1041.0954363710525,463.30841921497654,37.49579826441859,127.03264736696761,3067.0,464.0,taxi_8,picked
dyn_pax_1376,2604.0,2026-09-07 09:43:24,480850873,company|restaurant|bus_stop,,548.1935052770749,708.5896639848544,37.49791486187585,127.0270163956136,2892.0,288.0,taxi_47,picked
dyn_pax_1377,2606.0,2026-09-07 09:43:26,523141074#0,company|restaurant|subway_entrance,,524.0338794858329,871.4890157117229,37.4993777454413,127.02670460634431,3077.0,471.0,taxi_31,picked
dyn_pax_1378,2607.0,2026-09-07 09:43:27,521766180#1,company|restaurant|bus_stop,,466.73410130235357,1169.2838037446552,37.502049542882666,127.02598608796039,3903.0,1296.0,taxi_respawn_3,picked
dyn_pax_1379,2609.0,2026-09-07 09:43:29,523141074#0,company|restaurant|subway_entrance,,524.0338794858329,871.4890157117229,37.4993777454413,127.02670460634431,3082.0,473.0,taxi_respawn_34,picked
dyn_pax_1380,2610.0,2026-09-07 09:43:30,-541692164#2,subway_entrance,,317.7122087179151,1441.0296574375257,37.504469327730426,127.0242365566347,,,,timeout
dyn_pax_1381,2613.0,2026-09-07 09:43:33,-541692164#2,subway_entrance,,317.7122087179151,1441.0296574375257,37.504469327730426,127.0242365566347,,,,timeout
dyn_pax_1382,2615.0,2026-09-07 09:43:35,521766175#3,company|restaurant|subway_entrance|bus_stop,,373.6701172395771,1298.610217621072,37.50319695740621,127.02490310718325,,,,timeout
dyn_pax_1383,2621.0,2026-09-07 09:43:41,-542367267#1,bus_stop,,247.51018316686128,1414.7184918773391,37.504219024473855,127.02344900430944,2652.0,31.0,taxi_42,picked
dyn_pax_1384,2623.0,2026-09-07 09:43:43,480850873,company|restaurant|bus_stop,,548.1935052770749,708.5896639848544,37.49791486187585,127.0270163956136,2973.0,350.0,taxi_respawn_19,picked
dyn_pax_1385,2624.0,2026-09-07 09:43:44,521766182#1,company|restaurant|subway_entrance,,681.695169875507,539.6867345716422,37.496418539503196,127.02856584056028,2912.0,288.0,taxi_29,picked
dyn_pax_1386,2626.0,2026-09-07 09:43:46,521766175#3,company|restaurant|subway_entrance|bus_stop,,373.6701172395771,1298.610217621072,37.50319695740621,127.02490310718325,,,,timeout
dyn_pax_1387,2629.0,2026-09-07 09:43:49,1376141182#0,bus_stop,,385.7154046370183,1301.0311255965628,37.50322104370192,127.02503873135461,,,,timeout
dyn_pax_1388,2630.0,2026-09-07 09:43:50,975332778#1,bus_stop,,681.6099970732737,721.9380561808346,37.49806030190971,127.02852170075586,,,,timeout
dyn_pax_1389,2632.0,2026-09-07 09:43:52,520307304#0,school|subway_entrance|bus_stop,,602.6035134310263,763.145495629718,37.498416594724866,127.02761864854104,,,,timeout
dyn_pax_1390,2633.0,2026-09-07 09:43:53,521766180#1,company|restaurant|bus_stop,,466.73410130235357,1169.2838037446552,37.502049542882666,127.02598608796039,4822.0,2189.0,taxi_respawn_37,picked
dyn_pax_1391,2635.0,2026-09-07 09:43:55,1117538957#3,restaurant|subway_entrance|bus_stop,,465.5082521847807,644.8780924026132,37.49732530507706,127.02609663221197,2737.0,102.0,taxi_40,picked
dyn_pax_1392,2640.0,2026-09-07 09:44:00,-417750336#5,restaurant,,886.0343029737398,891.1232225857099,37.499622942823265,127.030792984823,2716.0,76.0,taxi_respawn_32,picked
dyn_pax_1393,2641.0,2026-09-07 09:44:01,218873820#0,restaurant|subway_entrance|bus_stop,,628.9829311132032,562.4061665928522,37.49661325243901,127.02796447999128,,,,timeout
dyn_pax_1394,2643.0,2026-09-07 09:44:03,375049565#6,restaurant|subway_entrance|bus_stop,,789.5153251748014,798.8522330112556,37.49877353199428,127.02972351946808,,,,timeout
dyn_pax_1395,2644.0,2026-09-07 09:44:04,521766175#3,company|restaurant|subway_entrance|bus_stop,,373.6701172395771,1298.610217621072,37.50319695740621,127.02490310718325,3151.0,507.0,taxi_45,picked
dyn_pax_1396,2646.0,2026-09-07 09:44:06,506191135#3,residential|company|restaurant|bus_stop,,238.79972345576414,789.4714057742513,37.49858497042428,127.023499044737,,,,timeout
dyn_pax_1397,2647.0,2026-09-07 09:44:07,1229817205#1,residential|bus_stop,,631.6400080768872,572.7061575261558,37.49670653972221,127.02799208080955,3090.0,443.0,taxi_respawn_7,picked
dyn_pax_1398,2649.0,2026-09-07 09:44:09,178441450#1,residential|company|restaurant|bus_stop,,282.90243066757296,609.4157395563556,37.496971320837204,127.02404044855805,3032.0,383.0,taxi_respawn_18,picked
dyn_pax_1399,2650.0,2026-09-07 09:44:10,520307304#0,school|subway_entrance|bus_stop,,602.6035134310263,763.145495629718,37.498416594724866,127.02761864854104,,,,timeout
dyn_pax_1400,2652.0,2026-09-07 09:44:12,521766175#1,company|restaurant|subway_entrance,,332.9365590021661,1411.5585828157227,37.504206724109,127.02441570308932,,,,timeout
dyn_pax_1401,2653.0,2026-09-07 09:44:13,-542367267#1,bus_stop,,247.51018316686128,1414.7184918773391,37.504219024473855,127.02344900430944,2716.0,63.0,taxi_19,picked
dyn_pax_1402,2653.0,2026-09-07 09:44:13,-417750337#1,restaurant,,620.0756768942672,1248.4347545200121,37.5027915312318,127.02770116938098,2724.0,71.0,taxi_respawn_10,picked
dyn_pax_1403,2656.0,2026-09-07 09:44:16,-506191135#2,residential|bus_stop,,236.19733776439384,769.6838415951818,37.49840622577806,127.02347432089968,3146.0,490.0,taxi_12,picked
dyn_pax_1404,2658.0,2026-09-07 09:44:18,521766175#1,company|restaurant|subway_entrance,,332.9365590021661,1411.5585828157227,37.504206724109,127.02441570308932,,,,timeout
dyn_pax_1405,2659.0,2026-09-07 09:44:19,-542367267#1,bus_stop,,247.51018316686128,1414.7184918773391,37.504219024473855,127.02344900430944,2751.0,92.0,taxi_41,picked
dyn_pax_1406,2661.0,2026-09-07 09:44:21,-506191135#22,residential|company|restaurant|bus_stop,,38.693950105848444,1321.9513167019495,37.50334380565249,127.02110990869835,2810.0,149.0,taxi_7,picked
dyn_pax_1407,2662.0,2026-09-07 09:44:22,494824662#3,company|restaurant|subway_entrance,,729.424850252167,406.6843378518681,37.49522941823122,127.02913698209235,,,,timeout
dyn_pax_1408,2665.0,2026-09-07 09:44:25,218873820#0,restaurant|subway_entrance|bus_stop,,628.9829311132032,562.4061665928522,37.49661325243901,127.02796447999128,,,,timeout
dyn_pax_1409,2667.0,2026-09-07 09:44:27,-541692164#2,subway_entrance,,317.7122087179151,1441.0296574375257,37.504469327730426,127.0242365566347,,,,timeout
dyn_pax_1410,2669.0,2026-09-07 09:44:29,520307304#0,school|subway_entrance|bus_stop,,602.6035134310263,763.145495629718,37.498416594724866,127.02761864854104,,,,timeout
dyn_pax_1411,2672.0,2026-09-07 09:44:32,521766182#1,company|restaurant|subway_entrance,,681.695169875507,539.6867345716422,37.496418539503196,127.02856584056028,2917.0,245.0,taxi_19,picked
dyn_pax_1412,2673.0,2026-09-07 09:44:33,1376141182#0,bus_stop,,385.7154046370183,1301.0311255965628,37.50322104370192,127.02503873135461,,,,timeout
dyn_pax_1413,2675.0,2026-09-07 09:44:35,521766182#1,company|restaurant|subway_entrance,,681.695169875507,539.6867345716422,37.496418539503196,127.02856584056028,3018.0,343.0,taxi_7,picked
dyn_pax_1414,2676.0,2026-09-07 09:44:36,-504509918#2,company|restaurant|bus_stop,,398.9694242295193,827.4758220967593,37.49895762305832,127.02530099003066,3118.0,442.0,taxi_43,picked
dyn_pax_1415,2678.0,2026-09-07 09:44:38,1117538957#3,restaurant|subway_entrance|bus_stop,,465.5082521847807,644.8780924026132,37.49732530507706,127.02609663221197,2703.0,25.0,taxi_3,picked
dyn_pax_1416,2679.0,2026-09-07 09:44:39,521770119#0,restaurant|bus_stop,,548.9831206778387,935.1148840516827,37.499955620541705,127.02697161236954,,,,timeout
dyn_pax_1417,2681.0,2026-09-07 09:44:41,521770116#2,company|restaurant|bus_stop,,432.3182248087171,1108.514093563608,37.50149560521279,127.02561136613096,3028.0,347.0,taxi_respawn_31,picked
dyn_pax_1418,2681.0,2026-09-07 09:44:41,309155295#0,company|restaurant,,688.2712938579457,529.5739965525526,37.49632868191341,127.02864258735015,2712.0,31.0,taxi_respawn_2,picked
dyn_pax_1419,2684.0,2026-09-07 09:44:44,506191135#3,residential|company|restaurant|bus_stop,,238.79972345576414,789.4714057742513,37.49858497042428,127.023499044737,3163.0,479.0,taxi_respawn_19,picked
dyn_pax_1420,2685.0,2026-09-07 09:44:45,520307304#0,school|subway_entrance|bus_stop,,602.6035134310263,763.145495629718,37.498416594724866,127.02761864854104,,,,timeout
dyn_pax_1421,2690.0,2026-09-07 09:44:50,523141074#0,company|restaurant|subway_entrance,,524.0338794858329,871.4890157117229,37.4993777454413,127.02670460634431,3113.0,423.0,taxi_11,picked
dyn_pax_1422,2692.0,2026-09-07 09:44:52,417933642#0,restaurant|bus_stop,,1041.0954363710525,463.30841921497654,37.49579826441859,127.03264736696761,3074.0,382.0,taxi_36,picked
dyn_pax_1423,2695.0,2026-09-07 09:44:55,1229817205#1,residential|bus_stop,,631.6400080768872,572.7061575261558,37.49670653972221,127.02799208080955,,,,timeout
dyn_pax_1424,2698.0,2026-09-07 09:44:58,1117538957#3,restaurant|subway_entrance|bus_stop,,465.5082521847807,644.8780924026132,37.49732530507706,127.02609663221197,2807.0,109.0,taxi_39,picked
dyn_pax_1425,2699.0,2026-09-07 09:44:59,521766175#1,company|restaurant|subway_entrance,,332.9365590021661,1411.5585828157227,37.504206724109,127.02441570308932,,,,timeout
dyn_pax_1426,2701.0,2026-09-07 09:45:01,506191135#3,residential|company|restaurant|bus_stop,,238.79972345576414,789.4714057742513,37.49858497042428,127.023499044737,3195.0,494.0,taxi_1,picked
dyn_pax_1427,2702.0,2026-09-07 09:45:02,521766180#1,company|restaurant|bus_stop,,466.73410130235357,1169.2838037446552,37.502049542882666,127.02598608796039,4211.0,1509.0,taxi_20,picked
dyn_pax_1428,2707.0,2026-09-07 09:45:07,1376141183#0,bus_stop,,548.2528111146681,901.2117688498424,37.49965007283687,127.02697139402301,,,,timeout
dyn_pax_1429,2708.0,2026-09-07 09:45:08,541692164#1,subway_entrance,,271.6277521231475,1406.6420105391767,37.5041508337347,127.02372362926798,2986.0,278.0,taxi_38,picked
dyn_pax_1430,2710.0,2026-09-07 09:45:10,521766175#3,company|restaurant|subway_entrance|bus_stop,,373.6701172395771,1298.610217621072,37.50319695740621,127.02490310718325,3161.0,451.0,taxi_respawn_35,picked
dyn_pax_1431,2710.0,2026-09-07 09:45:10,117790062#7,restaurant,,610.3314045210797,1078.999817662281,37.50126336859982,127.02763115548898,2751.0,41.0,taxi_12,picked
dyn_pax_1432,2711.0,2026-09-07 09:45:11,521766175#3,company|restaurant|subway_entrance|bus_stop,,373.6701172395771,1298.610217621072,37.50319695740621,127.02490310718325,,,,timeout
dyn_pax_1433,2713.0,2026-09-07 09:45:13,-504509918#2,company|restaurant|bus_stop,,398.9694242295193,827.4758220967593,37.49895762305832,127.02530099003066,3205.0,492.0,taxi_6,picked
dyn_pax_1434,2715.0,2026-09-07 09:45:15,218873820#0,restaurant|subway_entrance|bus_stop,,628.9829311132032,562.4061665928522,37.49661325243901,127.02796447999128,,,,timeout
dyn_pax_1435,2716.0,2026-09-07 09:45:16,521770119#1,restaurant|bus_stop,,527.3115514435282,995.8620162900467,37.50049875494786,127.02671217090477,3113.0,397.0,taxi_16,picked
dyn_pax_1436,2718.0,2026-09-07 09:45:18,-417933645#2,company|restaurant|subway_entrance,,701.1658676593129,719.5455833044954,37.49804244093877,127.02874337560036,,,,timeout
dyn_pax_1437,2719.0,2026-09-07 09:45:19,218857636#1,residential|company|restaurant|bus_stop,,297.92905089287035,623.2061345250047,37.49709839153085,127.02420706961871,3080.0,361.0,taxi_respawn_9,picked
dyn_pax_1438,2721.0,2026-09-07 09:45:21,1117538957#3,restaurant|subway_entrance|bus_stop,,465.5082521847807,644.8780924026132,37.49732530507706,127.02609663221197,2900.0,179.0,taxi_37,picked
dyn_pax_1439,2722.0,2026-09-07 09:45:22,-542367267#1,bus_stop,,247.51018316686128,1414.7184918773391,37.504219024473855,127.02344900430944,2798.0,76.0,taxi_respawn_39,picked
dyn_pax_1440,2722.0,2026-09-07 09:45:22,305539406,company|restaurant|subway_entrance,,566.389495917364,736.5285064605782,37.49816998085155,127.02721550408178,3086.0,364.0,taxi_49,picked
dyn_pax_1441,2725.0,2026-09-07 09:45:25,523141074#0,company|restaurant|subway_entrance,,524.0338794858329,871.4890157117229,37.4993777454413,127.02670460634431,3204.0,479.0,taxi_25,picked
dyn_pax_1442,2730.0,2026-09-07 09:45:30,520307304#0,school|subway_entrance|bus_stop,,602.6035134310263,763.145495629718,37.498416594724866,127.02761864854104,,,,timeout
dyn_pax_1443,2731.0,2026-09-07 09:45:31,-417933645#2,company|restaurant|subway_entrance,,701.1658676593129,719.5455833044954,37.49804244093877,127.02874337560036,3234.0,503.0,taxi_respawn_31,picked
dyn_pax_1444,2733.0,2026-09-07 09:45:33,541692164#1,subway_entrance,,271.6277521231475,1406.6420105391767,37.5041508337347,127.02372362926798,3067.0,334.0,taxi_respawn_32,picked
dyn_pax_1445,2734.0,2026-09-07 09:45:34,-541692164#2,subway_entrance,,317.7122087179151,1441.0296574375257,37.504469327730426,127.0242365566347,,,,timeout
dyn_pax_1446,2736.0,2026-09-07 09:45:36,-504509918#2,company|restaurant|bus_stop,,398.9694242295193,827.4758220967593,37.49895762305832,127.02530099003066,,,,timeout
dyn_pax_1447,2737.0,2026-09-07 09:45:37,521766175#3,company|restaurant|subway_entrance|bus_stop,,373.6701172395771,1298.610217621072,37.50319695740621,127.02490310718325,,,,timeout
dyn_pax_1448,2739.0,2026-09-07 09:45:39,975332778#1,bus_stop,,681.6099970732737,721.9380561808346,37.49806030190971,127.02852170075586,,,,timeout
dyn_pax_1449,2741.0,2026-09-07 09:45:41,1117538957#3,restaurant|subway_entrance|bus_stop,,465.5082521847807,644.8780924026132,37.49732530507706,127.02609663221197,2989.0,248.0,taxi_23,picked
dyn_pax_1450,2742.0,2026-09-07 09:45:42,-506191135#22,residential|company|restaurant|bus_stop,,38.693950105848444,1321.9513167019495,37.50334380565249,127.02110990869835,2940.0,198.0,taxi_49,picked
dyn_pax_1451,2744.0,2026-09-07 09:45:44,-541692164#2,subway_entrance,,317.7122087179151,1441.0296574375257,37.504469327730426,127.0242365566347,,,,timeout
dyn_pax_1452,2745.0,2026-09-07 09:45:45,506191135#3,residential|company|restaurant|bus_stop,,238.79972345576414,789.4714057742513,37.49858497042428,127.023499044737,,,,timeout
dyn_pax_1453,2746.0,2026-09-07 09:45:46,129731859#6,restaurant,,984.8051641629477,982.1134039896856,37.50046123095764,127.0318882391282,2843.0,97.0,taxi_45,picked
dyn_pax_1454,2747.0,2026-09-07 09:45:47,1117538957#3,restaurant|subway_entrance|bus_stop,,465.5082521847807,644.8780924026132,37.49732530507706,127.02609663221197,2995.0,248.0,taxi_14,picked
dyn_pax_1455,2748.0,2026-09-07 09:45:48,-541692164#2,subway_entrance,,317.7122087179151,1441.0296574375257,37.504469327730426,127.0242365566347,,,,timeout
dyn_pax_1456,2749.0,2026-09-07 09:45:49,480850873,company|restaurant|bus_stop,,548.1935052770749,708.5896639848544,37.49791486187585,127.0270163956136,,,,timeout
dyn_pax_1457,2750.0,2026-09-07 09:45:50,521766175#1,company|restaurant|subway_entrance,,332.9365590021661,1411.5585828157227,37.504206724109,127.02441570308932,,,,timeout
dyn_pax_1458,2751.0,2026-09-07 09:45:51,520307304#0,school|subway_entrance|bus_stop,,602.6035134310263,763.145495629718,37.498416594724866,127.02761864854104,,,,timeout
dyn_pax_1459,2752.0,2026-09-07 09:45:52,218877837#0,company,,455.71990885566936,1045.563527646426,37.50093295148158,127.02589090425857,3020.0,268.0,taxi_respawn_14,picked
dyn_pax_1460,2753.0,2026-09-07 09:45:53,1229817205#1,residential|bus_stop,,631.6400080768872,572.7061575261558,37.49670653972221,127.02799208080955,,,,timeout
dyn_pax_1461,2754.0,2026-09-07 09:45:54,218873820#0,restaurant|subway_entrance|bus_stop,,628.9829311132032,562.4061665928522,37.49661325243901,127.02796447999128,,,,timeout
dyn_pax_1462,2756.0,2026-09-07 09:45:56,494824662#3,company|restaurant|subway_entrance,,729.424850252167,406.6843378518681,37.49522941823122,127.02913698209235,,,,timeout
dyn_pax_1463,2757.0,2026-09-07 09:45:57,521770116#2,company|restaurant|bus_stop,,432.3182248087171,1108.514093563608,37.50149560521279,127.02561136613096,3032.0,275.0,taxi_17,picked
dyn_pax_1464,2759.0,2026-09-07 09:45:59,375049565#6,restaurant|subway_entrance|bus_stop,,789.5153251748014,798.8522330112556,37.49877353199428,127.02972351946808,,,,timeout
dyn_pax_1465,2760.0,2026-09-07 09:46:00,521770116#2,company|restaurant|bus_stop,,432.3182248087171,1108.514093563608,37.50149560521279,127.02561136613096,3115.0,355.0,taxi_5,picked
dyn_pax_1466,2762.0,2026-09-07 09:46:02,541692164#1,subway_entrance,,271.6277521231475,1406.6420105391767,37.5041508337347,127.02372362926798,3111.0,349.0,taxi_0,picked
dyn_pax_1467,2764.0,2026-09-07 09:46:04,305539406,company|restaurant|subway_entrance,,566.389495917364,736.5285064605782,37.49816998085155,127.02721550408178,3240.0,476.0,taxi_respawn_8,picked
dyn_pax_1468,2765.0,2026-09-07 09:46:05,521766175#3,company|restaurant|subway_entrance|bus_stop,,373.6701172395771,1298.610217621072,37.50319695740621,127.02490310718325,3246.0,481.0,taxi_respawn_9,picked
dyn_pax_1469,2767.0,2026-09-07 09:46:07,-506191135#2,residential|bus_stop,,236.19733776439384,769.6838415951818,37.49840622577806,127.02347432089968,3296.0,529.0,taxi_2,picked
dyn_pax_1470,2768.0,2026-09-07 09:46:08,521770119#0,restaurant|bus_stop,,548.9831206778387,935.1148840516827,37.499955620541705,127.02697161236954,,,,timeout
dyn_pax_1471,2771.0,2026-09-07 09:46:11,-541692164#2,subway_entrance,,317.7122087179151,1441.0296574375257,37.504469327730426,127.0242365566347,,,,timeout
dyn_pax_1472,2773.0,2026-09-07 09:46:13,375049565#6,restaurant|subway_entrance|bus_stop,,789.5153251748014,798.8522330112556,37.49877353199428,127.02972351946808,,,,timeout
dyn_pax_1473,2774.0,2026-09-07 09:46:14,480850873,company|restaurant|bus_stop,,548.1935052770749,708.5896639848544,37.49791486187585,127.0270163956136,,,,timeout
dyn_pax_1474,2776.0,2026-09-07 09:46:16,-541692164#2,subway_entrance,,317.7122087179151,1441.0296574375257,37.504469327730426,127.0242365566347,,,,timeout
dyn_pax_1475,2777.0,2026-09-07 09:46:17,506191135#3,residential|company|restaurant|bus_stop,,238.79972345576414,789.4714057742513,37.49858497042428,127.023499044737,3288.0,511.0,taxi_32,picked
dyn_pax_1476,2779.0,2026-09-07 09:46:19,1376141183#0,bus_stop,,548.2528111146681,901.2117688498424,37.49965007283687,127.02697139402301,,,,timeout
dyn_pax_1477,2780.0,2026-09-07 09:46:20,521770119#1,restaurant|bus_stop,,527.3115514435282,995.8620162900467,37.50049875494786,127.02671217090477,3283.0,503.0,taxi_47,picked
dyn_pax_1478,2782.0,2026-09-07 09:46:22,520307304#0,school|subway_entrance|bus_stop,,602.6035134310263,763.145495629718,37.498416594724866,127.02761864854104,,,,timeout
dyn_pax_1479,2782.0,2026-09-07 09:46:22,256787796#5,restaurant,,616.3422671393917,878.7532899245961,37.49946062055924,127.02774658517313,,,,timeout
dyn_pax_1480,2783.0,2026-09-07 09:46:23,521770119#1,restaurant|bus_stop,,527.3115514435282,995.8620162900467,37.50049875494786,127.02671217090477,,,,timeout
dyn_pax_1481,2785.0,2026-09-07 09:46:25,309155295#1,restaurant,,764.2225196982893,558.1760304781078,37.4966006705371,127.0294945363528,2858.0,73.0,taxi_32,picked
dyn_pax_1482,2787.0,2026-09-07 09:46:27,521766175#3,company|restaurant|subway_entrance|bus_stop,,373.6701172395771,1298.610217621072,37.50319695740621,127.02490310718325,3258.0,471.0,taxi_respawn_25,picked
dyn_pax_1483,2788.0,2026-09-07 09:46:28,506191135#3,residential|company|restaurant|bus_stop,,238.79972345576414,789.4714057742513,37.49858497042428,127.023499044737,,,,timeout
dyn_pax_1484,2789.0,2026-09-07 09:46:29,218877837#2,company|restaurant|bus_stop,,479.4555212141038,978.0213907550284,37.500328997763305,127.02617530290202,2993.0,204.0,taxi_respawn_27,picked
dyn_pax_1485,2790.0,2026-09-07 09:46:30,521770119#0,restaurant|bus_stop,,548.9831206778387,935.1148840516827,37.499955620541705,127.02697161236954,,,,timeout
dyn_pax_1486,2791.0,2026-09-07 09:46:31,494824662#3,company|restaurant|subway_entrance,,729.424850252167,406.6843378518681,37.49522941823122,127.02913698209235,,,,timeout
dyn_pax_1487,2793.0,2026-09-07 09:46:33,218864491#0,restaurant|bus_stop,,769.9803916976219,760.1217113917903,37.49842094941813,127.02951181742357,,,,timeout
dyn_pax_1488,2796.0,2026-09-07 09:46:36,521770116#2,company|restaurant|bus_stop,,432.3182248087171,1108.514093563608,37.50149560521279,127.02561136613096,3195.0,399.0,taxi_4,picked
dyn_pax_1489,2797.0,2026-09-07 09:46:37,-506191135#22,residential|company|restaurant|bus_stop,,38.693950105848444,1321.9513167019495,37.50334380565249,127.02110990869835,3010.0,213.0,taxi_respawn_29,picked
dyn_pax_1490,2799.0,2026-09-07 09:46:39,218877837#2,company|restaurant|bus_stop,,479.4555212141038,978.0213907550284,37.500328997763305,127.02617530290202,3101.0,302.0,taxi_respawn_5,picked
dyn_pax_1491,2800.0,2026-09-07 09:46:40,-541692164#2,subway_entrance,,317.7122087179151,1441.0296574375257,37.504469327730426,127.0242365566347,,,,timeout
dyn_pax_1492,2802.0,2026-09-07 09:46:42,521766175#3,company|restaurant|subway_entrance|bus_stop,,373.6701172395771,1298.610217621072,37.50319695740621,127.02490310718325,,,,timeout
dyn_pax_1493,2805.0,2026-09-07 09:46:45,494824662#3,company|restaurant|subway_entrance,,729.424850252167,406.6843378518681,37.49522941823122,127.02913698209235,,,,timeout
dyn_pax_1494,2806.0,2026-09-07 09:46:46,218873820#0,restaurant|subway_entrance|bus_stop,,628.9829311132032,562.4061665928522,37.49661325243901,127.02796447999128,,,,timeout
dyn_pax_1495,2808.0,2026-09-07 09:46:48,-417933645#2,company|restaurant|subway_entrance,,701.1658676593129,719.5455833044954,37.49804244093877,127.02874337560036,,,,timeout
dyn_pax_1496,2809.0,2026-09-07 09:46:49,521766175#3,company|restaurant|subway_entrance|bus_stop,,373.6701172395771,1298.610217621072,37.50319695740621,127.02490310718325,,,,timeout
dyn_pax_1497,2811.0,2026-09-07 09:46:51,218857636#1,residential|company|restaurant|bus_stop,,297.92905089287035,623.2061345250047,37.49709839153085,127.02420706961871,,,,timeout
dyn_pax_1498,2813.0,2026-09-07 09:46:53,1117538957#3,restaurant|subway_entrance|bus_stop,,465.5082521847807,644.8780924026132,37.49732530507706,127.02609663221197,3269.0,456.0,taxi_11,picked
dyn_pax_1499,2814.0,2026-09-07 09:46:54,305539406,company|restaurant|subway_entrance,,566.389495917364,736.5285064605782,37.49816998085155,127.02721550408178,3286.0,472.0,taxi_45,picked
dyn_pax_1500,2814.0,2026-09-07 09:46:54,-417933642#4,restaurant,,907.3718228697127,805.8014682006251,37.49885835910486,127.03105443169989,2835.0,21.0,taxi_respawn_32,picked
dyn_pax_1501,2816.0,2026-09-07 09:46:56,305539406,company|restaurant|subway_entrance,,566.389495917364,736.5285064605782,37.49816998085155,127.02721550408178,,,,timeout
dyn_pax_1502,2817.0,2026-09-07 09:46:57,305539406,company|restaurant|subway_entrance,,566.389495917364,736.5285064605782,37.49816998085155,127.02721550408178,,,,timeout
dyn_pax_1503,2817.0,2026-09-07 09:46:57,-542367267#0,company,,179.75773525047865,1390.7576253945435,37.50399035207237,127.02268859703804,2855.0,38.0,taxi_0,picked
dyn_pax_1504,2819.0,2026-09-07 09:46:59,1117538957#3,restaurant|subway_entrance|bus_stop,,465.5082521847807,644.8780924026132,37.49732530507706,127.02609663221197,3223.0,404.0,taxi_10,picked
dyn_pax_1505,2820.0,2026-09-07 09:47:00,1229817205#1,residential|bus_stop,,631.6400080768872,572.7061575261558,37.49670653972221,127.02799208080955,,,,timeout
dyn_pax_1506,2821.0,2026-09-07 09:47:01,521766180#1,company|restaurant|bus_stop,,466.73410130235357,1169.2838037446552,37.502049542882666,127.02598608796039,4515.0,1694.0,taxi_respawn_15,picked
dyn_pax_1507,2822.0,2026-09-07 09:47:02,521766175#3,company|restaurant|subway_entrance|bus_stop,,373.6701172395771,1298.610217621072,37.50319695740621,127.02490310718325,,,,timeout
dyn_pax_1508,2823.0,2026-09-07 09:47:03,1229817205#0,company|subway_entrance|bus_stop,,599.2457558679199,652.2907550986157,37.497417346160496,127.02760695963683,3331.0,508.0,taxi_respawn_27,picked
dyn_pax_1509,2825.0,2026-09-07 09:47:05,-504509918#2,company|restaurant|bus_stop,,398.9694242295193,827.4758220967593,37.49895762305832,127.02530099003066,3293.0,468.0,taxi_respawn_14,picked
dyn_pax_1510,2826.0,2026-09-07 09:47:06,375049565#6,restaurant|subway_entrance|bus_stop,,789.5153251748014,798.8522330112556,37.49877353199428,127.02972351946808,,,,timeout
dyn_pax_1511,2828.0,2026-09-07 09:47:08,520307304#0,school|subway_entrance|bus_stop,,602.6035134310263,763.145495629718,37.498416594724866,127.02761864854104,,,,timeout
dyn_pax_1512,2829.0,2026-09-07 09:47:09,506191135#3,residential|company|restaurant|bus_stop,,238.79972345576414,789.4714057742513,37.49858497042428,127.023499044737,,,,timeout
dyn_pax_1513,2832.0,2026-09-07 09:47:12,494824662#3,company|restaurant|subway_entrance,,729.424850252167,406.6843378518681,37.49522941823122,127.02913698209235,,,,timeout
dyn_pax_1514,2833.0,2026-09-07 09:47:13,178441450#1,residential|company|restaurant|bus_stop,,282.90243066757296,609.4157395563556,37.496971320837204,127.02404044855805,3039.0,206.0,taxi_21,picked
dyn_pax_1515,2834.0,2026-09-07 09:47:14,-542367267#1,bus_stop,,247.51018316686128,1414.7184918773391,37.504219024473855,127.02344900430944,2874.0,40.0,taxi_respawn_29,picked
dyn_pax_1516,2836.0,2026-09-07 09:47:16,523141074#0,company|restaurant|subway_entrance,,524.0338794858329,871.4890157117229,37.4993777454413,127.02670460634431,3208.0,372.0,taxi_respawn_1,picked
dyn_pax_1517,2837.0,2026-09-07 09:47:17,218873820#0,restaurant|subway_entrance|bus_stop,,628.9829311132032,562.4061665928522,37.49661325243901,127.02796447999128,,,,timeout
dyn_pax_1518,2840.0,2026-09-07 09:47:20,-504509918#2,company|restaurant|bus_stop,,398.9694242295193,827.4758220967593,37.49895762305832,127.02530099003066,3314.0,474.0,taxi_24,picked
dyn_pax_1519,2842.0,2026-09-07 09:47:22,975332778#1,bus_stop,,681.6099970732737,721.9380561808346,37.49806030190971,127.02852170075586,,,,timeout
dyn_pax_1520,2843.0,2026-09-07 09:47:23,521766175#1,company|restaurant|subway_entrance,,332.9365590021661,1411.5585828157227,37.504206724109,127.02441570308932,,,,timeout
dyn_pax_1521,2845.0,2026-09-07 09:47:25,521766182#1,company|restaurant|subway_entrance,,681.695169875507,539.6867345716422,37.496418539503196,127.02856584056028,3054.0,209.0,taxi_33,picked
dyn_pax_1522,2846.0,2026-09-07 09:47:26,1376141183#0,bus_stop,,548.2528111146681,901.2117688498424,37.49965007283687,127.02697139402301,,,,timeout
dyn_pax_1523,2848.0,2026-09-07 09:47:28,375049565#6,restaurant|subway_entrance|bus_stop,,789.5153251748014,798.8522330112556,37.49877353199428,127.02972351946808,,,,timeout
dyn_pax_1524,2848.0,2026-09-07 09:47:28,521770119#3,restaurant,,495.372237145516,1095.557338436544,37.501390805360316,127.0263273901891,3279.0,431.0,taxi_22,picked
dyn_pax_1525,2849.0,2026-09-07 09:47:29,521766175#1,company|restaurant|subway_entrance,,332.9365590021661,1411.5585828157227,37.504206724109,127.02441570308932,,,,timeout
dyn_pax_1526,2851.0,2026-09-07 09:47:31,-541692164#2,subway_entrance,,317.7122087179151,1441.0296574375257,37.504469327730426,127.0242365566347,3347.0,496.0,taxi_12,picked
dyn_pax_1527,2852.0,2026-09-07 09:47:32,218873820#0,restaurant|subway_entrance|bus_stop,,628.9829311132032,562.4061665928522,37.49661325243901,127.02796447999128,,,,timeout
dyn_pax_1528,2852.0,2026-09-07 09:47:32,-417750337#4,restaurant,,542.6552277079157,1139.0745154802132,37.5017917560025,127.02685169754334,3291.0,439.0,taxi_13,picked
dyn_pax_1529,2854.0,2026-09-07 09:47:34,506191135#3,residential|company|restaurant|bus_stop,,238.79972345576414,789.4714057742513,37.49858497042428,127.023499044737,,,,timeout
dyn_pax_1530,2855.0,2026-09-07 09:47:35,1117538957#3,restaurant|subway_entrance|bus_stop,,465.5082521847807,644.8780924026132,37.49732530507706,127.02609663221197,3235.0,380.0,taxi_respawn_32,picked
dyn_pax_1531,2857.0,2026-09-07 09:47:37,521766175#3,company|restaurant|subway_entrance|bus_stop,,373.6701172395771,1298.610217621072,37.50319695740621,127.02490310718325,3336.0,479.0,taxi_3,picked
dyn_pax_1532,2859.0,2026-09-07 09:47:39,480850873,company|restaurant|bus_stop,,548.1935052770749,708.5896639848544,37.49791486187585,127.0270163956136,3331.0,472.0,taxi_respawn_26,picked
dyn_pax_1533,2860.0,2026-09-07 09:47:40,1117538958#3,bus_stop,,160.18899290588462,540.6019911995099,37.49632820280781,127.02266936696756,2985.0,125.0,taxi_25,picked
dyn_pax_1534,2862.0,2026-09-07 09:47:42,218873820#0,restaurant|subway_entrance|bus_stop,,628.9829311132032,562.4061665928522,37.49661325243901,127.02796447999128,,,,timeout
dyn_pax_1535,2863.0,2026-09-07 09:47:43,480850873,company|restaurant|bus_stop,,548.1935052770749,708.5896639848544,37.49791486187585,127.0270163956136,,,,timeout
dyn_pax_1536,2865.0,2026-09-07 09:47:45,1117538957#3,restaurant|subway_entrance|bus_stop,,465.5082521847807,644.8780924026132,37.49732530507706,127.02609663221197,3259.0,394.0,taxi_8,picked
dyn_pax_1537,2865.0,2026-09-07 09:47:45,-379463134#1,restaurant,,479.36604535588674,1259.6870258351425,37.50286630987452,127.02610747054479,2942.0,77.0,taxi_respawn_24,picked
dyn_pax_1538,2866.0,2026-09-07 09:47:46,520307304#0,school|subway_entrance|bus_stop,,602.6035134310263,763.145495629718,37.498416594724866,127.02761864854104,,,,timeout
dyn_pax_1539,2868.0,2026-09-07 09:47:48,1117538957#3,restaurant|subway_entrance|bus_stop,,465.5082521847807,644.8780924026132,37.49732530507706,127.02609663221197,,,,timeout
dyn_pax_1540,2869.0,2026-09-07 09:47:49,520307304#0,school|subway_entrance|bus_stop,,602.6035134310263,763.145495629718,37.498416594724866,127.02761864854104,,,,timeout
dyn_pax_1541,2871.0,2026-09-07 09:47:51,1376141183#0,bus_stop,,548.2528111146681,901.2117688498424,37.49965007283687,127.02697139402301,,,,timeout
dyn_pax_1542,2872.0,2026-09-07 09:47:52,375049565#6,restaurant|subway_entrance|bus_stop,,789.5153251748014,798.8522330112556,37.49877353199428,127.02972351946808,,,,timeout
dyn_pax_1543,2874.0,2026-09-07 09:47:54,521766175#1,company|restaurant|subway_entrance,,332.9365590021661,1411.5585828157227,37.504206724109,127.02441570308932,,,,timeout
dyn_pax_1544,2875.0,2026-09-07 09:47:55,521766182#1,company|restaurant|subway_entrance,,681.695169875507,539.6867345716422,37.496418539503196,127.02856584056028,3213.0,338.0,taxi_23,picked
dyn_pax_1545,2878.0,2026-09-07 09:47:58,521766175#3,company|restaurant|subway_entrance|bus_stop,,373.6701172395771,1298.610217621072,37.50319695740621,127.02490310718325,,,,timeout
dyn_pax_1546,2880.0,2026-09-07 09:48:00,-504509918#2,company|restaurant|bus_stop,,398.9694242295193,827.4758220967593,37.49895762305832,127.02530099003066,3398.0,518.0,taxi_5,picked
dyn_pax_1547,2881.0,2026-09-07 09:48:01,975332778#1,bus_stop,,681.6099970732737,721.9380561808346,37.49806030190971,127.02852170075586,3366.0,485.0,taxi_4,picked
dyn_pax_1548,2883.0,2026-09-07 09:48:03,1117538957#3,restaurant|subway_entrance|bus_stop,,465.5082521847807,644.8780924026132,37.49732530507706,127.02609663221197,3451.0,568.0,taxi_respawn_9,picked
dyn_pax_1549,2885.0,2026-09-07 09:48:05,-504509918#2,company|restaurant|bus_stop,,398.9694242295193,827.4758220967593,37.49895762305832,127.02530099003066,3403.0,518.0,taxi_36,picked
dyn_pax_1550,2886.0,2026-09-07 09:48:06,1229817205#0,company|subway_entrance|bus_stop,,599.2457558679199,652.2907550986157,37.497417346160496,127.02760695963683,3510.0,624.0,taxi_43,picked
dyn_pax_1551,2887.0,2026-09-07 09:48:07,504509918#0,residential|restaurant,,511.83203920742636,882.9034728009249,37.49947826486711,127.02656393710718,2977.0,90.0,taxi_respawn_1,picked
dyn_pax_1552,2888.0,2026-09-07 09:48:08,975332778#1,bus_stop,,681.6099970732737,721.9380561808346,37.49806030190971,127.02852170075586,,,,timeout
dyn_pax_1553,2889.0,2026-09-07 09:48:09,-506191135#22,residential|company|restaurant|bus_stop,,38.693950105848444,1321.9513167019495,37.50334380565249,127.02110990869835,3158.0,269.0,taxi_respawn_12,picked
dyn_pax_1554,2891.0,2026-09-07 09:48:11,521766175#1,company|restaurant|subway_entrance,,332.9365590021661,1411.5585828157227,37.504206724109,127.02441570308932,,,,timeout
dyn_pax_1555,2892.0,2026-09-07 09:48:12,1376141183#0,bus_stop,,548.2528111146681,901.2117688498424,37.49965007283687,127.02697139402301,,,,timeout
dyn_pax_1556,2894.0,2026-09-07 09:48:14,521770119#0,restaurant|bus_stop,,548.9831206778387,935.1148840516827,37.499955620541705,127.02697161236954,,,,timeout
dyn_pax_1557,2895.0,2026-09-07 09:48:15,417933642#0,restaurant|bus_stop,,1041.0954363710525,463.30841921497654,37.49579826441859,127.03264736696761,,,,timeout
dyn_pax_1558,2897.0,2026-09-07 09:48:17,1376141182#0,bus_stop,,385.7154046370183,1301.0311255965628,37.50322104370192,127.02503873135461,,,,timeout
dyn_pax_1559,2897.0,2026-09-07 09:48:17,504227069,residential|restaurant,,587.1158993285404,291.7776336445087,37.494167438547194,127.02755526357365,,,,timeout
dyn_pax_1560,2898.0,2026-09-07 09:48:18,975332778#1,bus_stop,,681.6099970732737,721.9380561808346,37.49806030190971,127.02852170075586,,,,timeout
dyn_pax_1561,2900.0,2026-09-07 09:48:20,521770119#0,restaurant|bus_stop,,548.9831206778387,935.1148840516827,37.499955620541705,127.02697161236954,,,,timeout
dyn_pax_1562,2901.0,2026-09-07 09:48:21,218873820#0,restaurant|subway_entrance|bus_stop,,628.9829311132032,562.4061665928522,37.49661325243901,127.02796447999128,,,,timeout
dyn_pax_1563,2903.0,2026-09-07 09:48:23,521766175#3,company|restaurant|subway_entrance|bus_stop,,373.6701172395771,1298.610217621072,37.50319695740621,127.02490310718325,,,,timeout
dyn_pax_1564,2904.0,2026-09-07 09:48:24,494824662#3,company|restaurant|subway_entrance,,729.424850252167,406.6843378518681,37.49522941823122,127.02913698209235,,,,timeout
dyn_pax_1565,2906.0,2026-09-07 09:48:26,521770119#1,restaurant|bus_stop,,527.3115514435282,995.8620162900467,37.50049875494786,127.02671217090477,,,,timeout
dyn_pax_1566,2906.0,2026-09-07 09:48:26,-256787796#8,restaurant,,666.7735412908731,765.3811461974922,37.49844885044044,127.02834365925706,3463.0,557.0,taxi_respawn_34,picked
dyn_pax_1567,2908.0,2026-09-07 09:48:28,494824662#3,company|restaurant|subway_entrance,,729.424850252167,406.6843378518681,37.49522941823122,127.02913698209235,,,,timeout
dyn_pax_1568,2909.0,2026-09-07 09:48:29,520307304#0,school|subway_entrance|bus_stop,,602.6035134310263,763.145495629718,37.498416594724866,127.02761864854104,,,,timeout
dyn_pax_1569,2910.0,2026-09-07 09:48:30,504227065,company,,441.32681628575455,666.8408278135128,37.497518581743364,127.0258180180219,,,,timeout
dyn_pax_1570,2911.0,2026-09-07 09:48:31,541692164#1,subway_entrance,,271.6277521231475,1406.6420105391767,37.5041508337347,127.02372362926798,3125.0,214.0,taxi_respawn_30,picked
dyn_pax_1571,2912.0,2026-09-07 09:48:32,375049565#6,restaurant|subway_entrance|bus_stop,,789.5153251748014,798.8522330112556,37.49877353199428,127.02972351946808,,,,timeout
dyn_pax_1572,2914.0,2026-09-07 09:48:34,494824662#3,company|restaurant|subway_entrance,,729.424850252167,406.6843378518681,37.49522941823122,127.02913698209235,,,,timeout
dyn_pax_1573,2914.0,2026-09-07 09:48:34,-1537068129#0,restaurant,,962.1540281232122,1146.7630824504436,37.50194018104768,127.03159317410272,2941.0,27.0,taxi_respawn_9,picked
dyn_pax_1574,2915.0,2026-09-07 09:48:35,375049565#6,restaurant|subway_entrance|bus_stop,,789.5153251748014,798.8522330112556,37.49877353199428,127.02972351946808,,,,timeout
dyn_pax_1575,2917.0,2026-09-07 09:48:37,520307304#0,school|subway_entrance|bus_stop,,602.6035134310263,763.145495629718,37.498416594724866,127.02761864854104,,,,timeout
dyn_pax_1576,2918.0,2026-09-07 09:48:38,480850873,company|restaurant|bus_stop,,548.1935052770749,708.5896639848544,37.49791486187585,127.0270163956136,,,,timeout
dyn_pax_1577,2920.0,2026-09-07 09:48:40,521766175#3,company|restaurant|subway_entrance|bus_stop,,373.6701172395771,1298.610217621072,37.50319695740621,127.02490310718325,,,,timeout
dyn_pax_1578,2920.0,2026-09-07 09:48:40,521766175#1,company|restaurant|subway_entrance,,332.9365590021661,1411.5585828157227,37.504206724109,127.02441570308932,,,,timeout
dyn_pax_1579,2921.0,2026-09-07 09:48:41,494824662#3,company|restaurant|subway_entrance,,729.424850252167,406.6843378518681,37.49522941823122,127.02913698209235,,,,timeout
dyn_pax_1580,2923.0,2026-09-07 09:48:43,178441450#1,residential|company|restaurant|bus_stop,,282.90243066757296,609.4157395563556,37.496971320837204,127.02404044855805,3205.0,282.0,taxi_respawn_18,picked
dyn_pax_1581,2924.0,2026-09-07 09:48:44,178441450#1,residential|company|restaurant|bus_stop,,282.90243066757296,609.4157395563556,37.496971320837204,127.02404044855805,3217.0,293.0,taxi_respawn_10,picked
dyn_pax_1582,2926.0,2026-09-07 09:48:46,-541692164#2,subway_entrance,,317.7122087179151,1441.0296574375257,37.504469327730426,127.0242365566347,3359.0,433.0,taxi_respawn_16,picked
dyn_pax_1583,2927.0,2026-09-07 09:48:47,1117538957#3,restaurant|subway_entrance|bus_stop,,465.5082521847807,644.8780924026132,37.49732530507706,127.02609663221197,,,,timeout
dyn_pax_1584,2929.0,2026-09-07 09:48:49,506191135#3,residential|company|restaurant|bus_stop,,238.79972345576414,789.4714057742513,37.49858497042428,127.023499044737,,,,timeout
dyn_pax_1585,2930.0,2026-09-07 09:48:50,521766175#1,company|restaurant|subway_entrance,,332.9365590021661,1411.5585828157227,37.504206724109,127.02441570308932,,,,timeout
dyn_pax_1586,2931.0,2026-09-07 09:48:51,218873820#0,restaurant|subway_entrance|bus_stop,,628.9829311132032,562.4061665928522,37.49661325243901,127.02796447999128,,,,timeout
dyn_pax_1587,2932.0,2026-09-07 09:48:52,218877837#2,company|restaurant|bus_stop,,479.4555212141038,978.0213907550284,37.500328997763305,127.02617530290202,3178.0,246.0,taxi_respawn_11,picked
dyn_pax_1588,2934.0,2026-09-07 09:48:54,1229817205#0,company|subway_entrance|bus_stop,,599.2457558679199,652.2907550986157,37.497417346160496,127.02760695963683,3604.0,670.0,taxi_0,picked
dyn_pax_1589,2935.0,2026-09-07 09:48:55,-504509918#2,company|restaurant|bus_stop,,398.9694242295193,827.4758220967593,37.49895762305832,127.02530099003066,,,,timeout
dyn_pax_1590,2937.0,2026-09-07 09:48:57,-541692164#2,subway_entrance,,317.7122087179151,1441.0296574375257,37.504469327730426,127.0242365566347,3443.0,506.0,taxi_respawn_6,picked
dyn_pax_1591,2938.0,2026-09-07 09:48:58,178441450#1,residential|company|restaurant|bus_stop,,282.90243066757296,609.4157395563556,37.496971320837204,127.02404044855805,3225.0,287.0,taxi_27,picked
dyn_pax_1592,2940.0,2026-09-07 09:49:00,-542367267#1,bus_stop,,247.51018316686128,1414.7184918773391,37.504219024473855,127.02344900430944,2961.0,21.0,taxi_respawn_25,picked
dyn_pax_1593,2941.0,2026-09-07 09:49:01,1376141183#0,bus_stop,,548.2528111146681,901.2117688498424,37.49965007283687,127.02697139402301,,,,timeout
dyn_pax_1594,2943.0,2026-09-07 09:49:03,521770116#2,company|restaurant|bus_stop,,432.3182248087171,1108.514093563608,37.50149560521279,127.02561136613096,3274.0,331.0,taxi_41,picked
dyn_pax_1595,2947.0,2026-09-07 09:49:07,1229817205#0,company|subway_entrance|bus_stop,,599.2457558679199,652.2907550986157,37.497417346160496,127.02760695963683,,,,timeout
dyn_pax_1596,2949.0,2026-09-07 09:49:09,521766175#3,company|restaurant|subway_entrance|bus_stop,,373.6701172395771,1298.610217621072,37.50319695740621,127.02490310718325,3433.0,484.0,taxi_32,picked
dyn_pax_1597,2950.0,2026-09-07 09:49:10,-417933645#2,company|restaurant|subway_entrance,,701.1658676593129,719.5455833044954,37.49804244093877,127.02874337560036,,,,timeout
dyn_pax_1598,2950.0,2026-09-07 09:49:10,117790041#2,restaurant,,441.66460303662666,1376.669936706078,37.50391299976682,127.0256534125234,3054.0,104.0,taxi_respawn_24,picked
dyn_pax_1599,2952.0,2026-09-07 09:49:12,-506191135#2,residential|bus_stop,,236.19733776439384,769.6838415951818,37.49840622577806,127.02347432089968,3335.0,383.0,taxi_26,picked
dyn_pax_1600,2953.0,2026-09-07 09:49:13,1229817205#0,company|subway_entrance|bus_stop,,599.2457558679199,652.2907550986157,37.497417346160496,127.02760695963683,3781.0,828.0,taxi_2,picked
dyn_pax_1601,2955.0,2026-09-07 09:49:15,218864491#0,restaurant|bus_stop,,769.9803916976219,760.1217113917903,37.49842094941813,127.02951181742357,,,,timeout
dyn_pax_1602,2957.0,2026-09-07 09:49:17,375049565#6,restaurant|subway_entrance|bus_stop,,789.5153251748014,798.8522330112556,37.49877353199428,127.02972351946808,3454.0,497.0,taxi_respawn_17,picked
dyn_pax_1603,2958.0,2026-09-07 09:49:18,218864491#0,restaurant|bus_stop,,769.9803916976219,760.1217113917903,37.49842094941813,127.02951181742357,,,,timeout
dyn_pax_1604,2960.0,2026-09-07 09:49:20,1117538957#3,restaurant|subway_entrance|bus_stop,,465.5082521847807,644.8780924026132,37.49732530507706,127.02609663221197,,,,timeout
dyn_pax_1605,2961.0,2026-09-07 09:49:21,417933642#0,restaurant|bus_stop,,1041.0954363710525,463.30841921497654,37.49579826441859,127.03264736696761,,,,timeout
dyn_pax_1606,2963.0,2026-09-07 09:49:23,178441450#1,residential|company|restaurant|bus_stop,,282.90243066757296,609.4157395563556,37.496971320837204,127.02404044855805,3231.0,268.0,taxi_respawn_6,picked
dyn_pax_1607,2964.0,2026-09-07 09:49:24,-506191135#2,residential|bus_stop,,236.19733776439384,769.6838415951818,37.49840622577806,127.02347432089968,,,,timeout
dyn_pax_1608,2966.0,2026-09-07 09:49:26,521766175#1,company|restaurant|subway_entrance,,332.9365590021661,1411.5585828157227,37.504206724109,127.02441570308932,,,,timeout
dyn_pax_1609,2967.0,2026-09-07 09:49:27,520307304#0,school|subway_entrance|bus_stop,,602.6035134310263,763.145495629718,37.498416594724866,127.02761864854104,,,,timeout
dyn_pax_1610,2969.0,2026-09-07 09:49:29,1117538958#3,bus_stop,,160.18899290588462,540.6019911995099,37.49632820280781,127.02266936696756,3133.0,164.0,taxi_respawn_4,picked
dyn_pax_1611,2970.0,2026-09-07 09:49:30,521770116#2,company|restaurant|bus_stop,,432.3182248087171,1108.514093563608,37.50149560521279,127.02561136613096,3479.0,509.0,taxi_respawn_4,picked
dyn_pax_1612,2973.0,2026-09-07 09:49:33,-542367267#1,bus_stop,,247.51018316686128,1414.7184918773391,37.504219024473855,127.02344900430944,3067.0,94.0,taxi_1,picked
dyn_pax_1613,2975.0,2026-09-07 09:49:35,520307304#0,school|subway_entrance|bus_stop,,602.6035134310263,763.145495629718,37.498416594724866,127.02761864854104,,,,timeout
dyn_pax_1614,2976.0,2026-09-07 09:49:36,523141074#0,company|restaurant|subway_entrance,,524.0338794858329,871.4890157117229,37.4993777454413,127.02670460634431,3254.0,278.0,taxi_0,picked
dyn_pax_1615,2978.0,2026-09-07 09:49:38,1376141183#0,bus_stop,,548.2528111146681,901.2117688498424,37.49965007283687,127.02697139402301,,,,timeout
dyn_pax_1616,2978.0,2026-09-07 09:49:38,-117790045#0,restaurant,,544.8147652988505,1238.053441474183,37.50268379633789,127.0268526423962,3016.0,38.0,taxi_34,picked
dyn_pax_1617,2979.0,2026-09-07 09:49:39,-1011529829#3,residential|restaurant,,246.84006179949273,776.1178104815556,37.49846619888778,127.02359312469504,2999.0,20.0,taxi_47,picked
dyn_pax_1618,2981.0,2026-09-07 09:49:41,480850873,company|restaurant|bus_stop,,548.1935052770749,708.5896639848544,37.49791486187585,127.0270163956136,3484.0,503.0,taxi_respawn_19,picked
dyn_pax_1619,2983.0,2026-09-07 09:49:43,305539406,company|restaurant|subway_entrance,,566.389495917364,736.5285064605782,37.49816998085155,127.02721550408178,3341.0,358.0,taxi_respawn_12,picked
dyn_pax_1620,2984.0,2026-09-07 09:49:44,521770119#1,restaurant|bus_stop,,527.3115514435282,995.8620162900467,37.50049875494786,127.02671217090477,,,,timeout
dyn_pax_1621,2986.0,2026-09-07 09:49:46,480850873,company|restaurant|bus_stop,,548.1935052770749,708.5896639848544,37.49791486187585,127.0270163956136,,,,timeout
dyn_pax_1622,2989.0,2026-09-07 09:49:49,480850873,company|restaurant|bus_stop,,548.1935052770749,708.5896639848544,37.49791486187585,127.0270163956136,,,,timeout
dyn_pax_1623,2990.0,2026-09-07 09:49:50,305539406,company|restaurant|subway_entrance,,566.389495917364,736.5285064605782,37.49816998085155,127.02721550408178,,,,timeout
dyn_pax_1624,2993.0,2026-09-07 09:49:53,-417933645#2,company|restaurant|subway_entrance,,701.1658676593129,719.5455833044954,37.49804244093877,127.02874337560036,,,,timeout
dyn_pax_1625,2993.0,2026-09-07 09:49:53,417933646#0,restaurant,,894.2617302193242,410.3206078764906,37.49529326349135,127.03099977850056,,,,timeout
dyn_pax_1626,2995.0,2026-09-07 09:49:55,-417933645#2,company|restaurant|subway_entrance,,701.1658676593129,719.5455833044954,37.49804244093877,127.02874337560036,,,,timeout
dyn_pax_1627,2996.0,2026-09-07 09:49:56,-504509918#2,company|restaurant|bus_stop,,398.9694242295193,827.4758220967593,37.49895762305832,127.02530099003066,3478.0,482.0,taxi_respawn_1,picked
dyn_pax_1628,2998.0,2026-09-07 09:49:58,-506191135#2,residential|bus_stop,,236.19733776439384,769.6838415951818,37.49840622577806,127.02347432089968,,,,timeout
dyn_pax_1629,2999.0,2026-09-07 09:49:59,521770116#2,company|restaurant|bus_stop,,432.3182248087171,1108.514093563608,37.50149560521279,127.02561136613096,3376.0,377.0,taxi_42,picked
dyn_pax_1630,3001.0,2026-09-07 09:50:01,218857636#1,residential|company|restaurant|bus_stop,,297.92905089287035,623.2061345250047,37.49709839153085,127.02420706961871,3391.0,390.0,taxi_27,picked
dyn_pax_1631,3003.0,2026-09-07 09:50:03,218857636#1,residential|company|restaurant|bus_stop,,297.92905089287035,623.2061345250047,37.49709839153085,127.02420706961871,3372.0,369.0,taxi_respawn_38,picked
dyn_pax_1632,3004.0,2026-09-07 09:50:04,-506191135#2,residential|bus_stop,,236.19733776439384,769.6838415951818,37.49840622577806,127.02347432089968,,,,timeout
dyn_pax_1633,3004.0,2026-09-07 09:50:04,-117790045#0,restaurant,,544.8147652988505,1238.053441474183,37.50268379633789,127.0268526423962,,,,timeout
dyn_pax_1634,3006.0,2026-09-07 09:50:06,375049565#6,restaurant|subway_entrance|bus_stop,,789.5153251748014,798.8522330112556,37.49877353199428,127.02972351946808,,,,timeout
dyn_pax_1635,3007.0,2026-09-07 09:50:07,480850873,company|restaurant|bus_stop,,548.1935052770749,708.5896639848544,37.49791486187585,127.0270163956136,,,,timeout
dyn_pax_1636,3008.0,2026-09-07 09:50:08,504512001,restaurant,,488.2111633916996,684.0143948730154,37.497682147346794,127.02634403725544,3183.0,175.0,taxi_9,picked
dyn_pax_1637,3009.0,2026-09-07 09:50:09,1229817205#0,company|subway_entrance|bus_stop,,599.2457558679199,652.2907550986157,37.497417346160496,127.02760695963683,,,,timeout
dyn_pax_1638,3010.0,2026-09-07 09:50:10,1117538957#3,restaurant|subway_entrance|bus_stop,,465.5082521847807,644.8780924026132,37.49732530507706,127.02609663221197,3474.0,464.0,taxi_respawn_27,picked
dyn_pax_1639,3012.0,2026-09-07 09:50:12,1229817205#0,company|subway_entrance|bus_stop,,599.2457558679199,652.2907550986157,37.497417346160496,127.02760695963683,,,,timeout
dyn_pax_1640,3013.0,2026-09-07 09:50:13,1117538957#3,restaurant|subway_entrance|bus_stop,,465.5082521847807,644.8780924026132,37.49732530507706,127.02609663221197,3510.0,497.0,taxi_respawn_30,picked
dyn_pax_1641,3015.0,2026-09-07 09:50:15,520307304#0,school|subway_entrance|bus_stop,,602.6035134310263,763.145495629718,37.498416594724866,127.02761864854104,,,,timeout
dyn_pax_1642,3018.0,2026-09-07 09:50:18,375049565#6,restaurant|subway_entrance|bus_stop,,789.5153251748014,798.8522330112556,37.49877353199428,127.02972351946808,,,,timeout
dyn_pax_1643,3019.0,2026-09-07 09:50:19,521770116#2,company|restaurant|bus_stop,,432.3182248087171,1108.514093563608,37.50149560521279,127.02561136613096,3429.0,410.0,taxi_25,picked
dyn_pax_1644,3021.0,2026-09-07 09:50:21,218857636#1,residential|company|restaurant|bus_stop,,297.92905089287035,623.2061345250047,37.49709839153085,127.02420706961871,3441.0,420.0,taxi_1,picked
dyn_pax_1645,3022.0,2026-09-07 09:50:22,305539406,company|restaurant|subway_entrance,,566.389495917364,736.5285064605782,37.49816998085155,127.02721550408178,,,,timeout
dyn_pax_1646,3024.0,2026-09-07 09:50:24,1229817205#0,company|subway_entrance|bus_stop,,599.2457558679199,652.2907550986157,37.497417346160496,127.02760695963683,,,,timeout
dyn_pax_1647,3025.0,2026-09-07 09:50:25,521770119#0,restaurant|bus_stop,,548.9831206778387,935.1148840516827,37.499955620541705,127.02697161236954,,,,timeout
dyn_pax_1648,3027.0,2026-09-07 09:50:27,218857636#1,residential|company|restaurant|bus_stop,,297.92905089287035,623.2061345250047,37.49709839153085,127.02420706961871,,,,timeout
dyn_pax_1649,3030.0,2026-09-07 09:50:30,494824662#3,company|restaurant|subway_entrance,,729.424850252167,406.6843378518681,37.49522941823122,127.02913698209235,3566.0,536.0,taxi_4,picked
dyn_pax_1650,3032.0,2026-09-07 09:50:32,521770119#1,restaurant|bus_stop,,527.3115514435282,995.8620162900467,37.50049875494786,127.02671217090477,,,,timeout
dyn_pax_1651,3032.0,2026-09-07 09:50:32,506191135#3,residential|company|restaurant|bus_stop,,238.79972345576414,789.4714057742513,37.49858497042428,127.023499044737,3436.0,404.0,taxi_respawn_8,picked
dyn_pax_1652,3033.0,2026-09-07 09:50:33,541692164#1,subway_entrance,,271.6277521231475,1406.6420105391767,37.5041508337347,127.02372362926798,3158.0,125.0,taxi_respawn_28,picked
dyn_pax_1653,3035.0,2026-09-07 09:50:35,178441450#1,residential|company|restaurant|bus_stop,,282.90243066757296,609.4157395563556,37.496971320837204,127.02404044855805,3354.0,319.0,taxi_respawn_30,picked
dyn_pax_1654,3036.0,2026-09-07 09:50:36,521766180#1,company|restaurant|bus_stop,,466.73410130235357,1169.2838037446552,37.502049542882666,127.02598608796039,3618.0,582.0,taxi_respawn_20,picked
dyn_pax_1655,3036.0,2026-09-07 09:50:36,218877837#2,company|restaurant|bus_stop,,479.4555212141038,978.0213907550284,37.500328997763305,127.02617530290202,,,,timeout
dyn_pax_1656,3038.0,2026-09-07 09:50:38,218857636#1,residential|company|restaurant|bus_stop,,297.92905089287035,623.2061345250047,37.49709839153085,127.02420706961871,,,,timeout
dyn_pax_1657,3039.0,2026-09-07 09:50:39,1117538957#3,restaurant|subway_entrance|bus_stop,,465.5082521847807,644.8780924026132,37.49732530507706,127.02609663221197,,,,timeout
dyn_pax_1658,3041.0,2026-09-07 09:50:41,521770119#0,restaurant|bus_stop,,548.9831206778387,935.1148840516827,37.499955620541705,127.02697161236954,,,,timeout
dyn_pax_1659,3042.0,2026-09-07 09:50:42,1117538957#3,restaurant|subway_entrance|bus_stop,,465.5082521847807,644.8780924026132,37.49732530507706,127.02609663221197,,,,timeout
dyn_pax_1660,3044.0,2026-09-07 09:50:44,1117538957#3,restaurant|subway_entrance|bus_stop,,465.5082521847807,644.8780924026132,37.49732530507706,127.02609663221197,,,,timeout
dyn_pax_1661,3046.0,2026-09-07 09:50:46,521770116#2,company|restaurant|bus_stop,,432.3182248087171,1108.514093563608,37.50149560521279,127.02561136613096,3437.0,391.0,taxi_respawn_10,picked
dyn_pax_1662,3047.0,2026-09-07 09:50:47,-542367267#1,bus_stop,,247.51018316686128,1414.7184918773391,37.504219024473855,127.02344900430944,3075.0,28.0,taxi_10,picked
dyn_pax_1663,3047.0,2026-09-07 09:50:47,521766175#1,company|restaurant|subway_entrance,,332.9365590021661,1411.5585828157227,37.504206724109,127.02441570308932,,,,timeout
dyn_pax_1664,3048.0,2026-09-07 09:50:48,521770119#1,restaurant|bus_stop,,527.3115514435282,995.8620162900467,37.50049875494786,127.02671217090477,,,,timeout
dyn_pax_1665,3049.0,2026-09-07 09:50:49,541692164#1,subway_entrance,,271.6277521231475,1406.6420105391767,37.5041508337347,127.02372362926798,3166.0,117.0,taxi_respawn_25,picked
dyn_pax_1666,3050.0,2026-09-07 09:50:50,-506191135#22,residential|company|restaurant|bus_stop,,38.693950105848444,1321.9513167019495,37.50334380565249,127.02110990869835,3237.0,187.0,taxi_respawn_2,picked
dyn_pax_1667,3052.0,2026-09-07 09:50:52,541692164#1,subway_entrance,,271.6277521231475,1406.6420105391767,37.5041508337347,127.02372362926798,3176.0,124.0,taxi_respawn_29,picked
dyn_pax_1668,3053.0,2026-09-07 09:50:53,218877837#2,company|restaurant|bus_stop,,479.4555212141038,978.0213907550284,37.500328997763305,127.02617530290202,,,,timeout
dyn_pax_1669,3055.0,2026-09-07 09:50:55,521770119#1,restaurant|bus_stop,,527.3115514435282,995.8620162900467,37.50049875494786,127.02671217090477,3614.0,559.0,taxi_respawn_35,picked
dyn_pax_1670,3056.0,2026-09-07 09:50:56,523141074#0,company|restaurant|subway_entrance,,524.0338794858329,871.4890157117229,37.4993777454413,127.02670460634431,3293.0,237.0,taxi_respawn_39,picked
dyn_pax_1671,3058.0,2026-09-07 09:50:58,417933642#0,restaurant|bus_stop,,1041.0954363710525,463.30841921497654,37.49579826441859,127.03264736696761,,,,timeout
dyn_pax_1672,3059.0,2026-09-07 09:50:59,218873820#0,restaurant|subway_entrance|bus_stop,,628.9829311132032,562.4061665928522,37.49661325243901,127.02796447999128,,,,timeout
dyn_pax_1673,3061.0,2026-09-07 09:51:01,521766175#1,company|restaurant|subway_entrance,,332.9365590021661,1411.5585828157227,37.504206724109,127.02441570308932,,,,timeout
dyn_pax_1674,3062.0,2026-09-07 09:51:02,218864491#0,restaurant|bus_stop,,769.9803916976219,760.1217113917903,37.49842094941813,127.02951181742357,,,,timeout
dyn_pax_1675,3062.0,2026-09-07 09:51:02,520307304#0,school|subway_entrance|bus_stop,,602.6035134310263,763.145495629718,37.498416594724866,127.02761864854104,,,,timeout
dyn_pax_1676,3064.0,2026-09-07 09:51:04,375049565#6,restaurant|subway_entrance|bus_stop,,789.5153251748014,798.8522330112556,37.49877353199428,127.02972351946808,,,,timeout
dyn_pax_1677,3065.0,2026-09-07 09:51:05,-506191135#22,residential|company|restaurant|bus_stop,,38.693950105848444,1321.9513167019495,37.50334380565249,127.02110990869835,3312.0,247.0,taxi_18,picked
dyn_pax_1678,3067.0,2026-09-07 09:51:07,-417933645#2,company|restaurant|subway_entrance,,701.1658676593129,719.5455833044954,37.49804244093877,127.02874337560036,,,,timeout
dyn_pax_1679,3068.0,2026-09-07 09:51:08,1229817205#1,residential|bus_stop,,631.6400080768872,572.7061575261558,37.49670653972221,127.02799208080955,3508.0,440.0,taxi_26,picked
dyn_pax_1680,3069.0,2026-09-07 09:51:09,990628460#0,restaurant,,624.9193131653682,704.9656163236222,37.49789670602668,127.02788475117727,,,,timeout
dyn_pax_1681,3070.0,2026-09-07 09:51:10,-417933645#2,company|restaurant|subway_entrance,,701.1658676593129,719.5455833044954,37.49804244093877,127.02874337560036,,,,timeout
dyn_pax_1682,3070.0,2026-09-07 09:51:10,-417933642#1,restaurant,,972.7851169931362,629.1778231901285,37.49727960321316,127.03183581048214,3255.0,185.0,taxi_21,picked
dyn_pax_1683,3071.0,2026-09-07 09:51:11,218857636#1,residential|company|restaurant|bus_stop,,297.92905089287035,623.2061345250047,37.49709839153085,127.02420706961871,,,,timeout
dyn_pax_1684,3073.0,2026-09-07 09:51:13,1376141182#0,bus_stop,,385.7154046370183,1301.0311255965628,37.50322104370192,127.02503873135461,,,,timeout
dyn_pax_1685,3076.0,2026-09-07 09:51:16,521766180#1,company|restaurant|bus_stop,,466.73410130235357,1169.2838037446552,37.502049542882666,127.02598608796039,3624.0,548.0,taxi_38,picked
dyn_pax_1686,3078.0,2026-09-07 09:51:18,417933642#0,restaurant|bus_stop,,1041.0954363710525,463.30841921497654,37.49579826441859,127.03264736696761,,,,timeout
dyn_pax_1687,3079.0,2026-09-07 09:51:19,1229817205#0,company|subway_entrance|bus_stop,,599.2457558679199,652.2907550986157,37.497417346160496,127.02760695963683,3690.0,611.0,taxi_respawn_33,picked
dyn_pax_1688,3082.0,2026-09-07 09:51:22,218864491#0,restaurant|bus_stop,,769.9803916976219,760.1217113917903,37.49842094941813,127.02951181742357,,,,timeout
dyn_pax_1689,3084.0,2026-09-07 09:51:24,521770119#1,restaurant|bus_stop,,527.3115514435282,995.8620162900467,37.50049875494786,127.02671217090477,,,,timeout
dyn_pax_1690,3085.0,2026-09-07 09:51:25,521770116#2,company|restaurant|bus_stop,,432.3182248087171,1108.514093563608,37.50149560521279,127.02561136613096,3453.0,368.0,taxi_respawn_2,picked
dyn_pax_1691,3087.0,2026-09-07 09:51:27,375049565#6,restaurant|subway_entrance|bus_stop,,789.5153251748014,798.8522330112556,37.49877353199428,127.02972351946808,,,,timeout
dyn_pax_1692,3088.0,2026-09-07 09:51:28,494824662#3,company|restaurant|subway_entrance,,729.424850252167,406.6843378518681,37.49522941823122,127.02913698209235,,,,timeout
dyn_pax_1693,3090.0,2026-09-07 09:51:30,1229817205#0,company|subway_entrance|bus_stop,,599.2457558679199,652.2907550986157,37.497417346160496,127.02760695963683,,,,timeout
dyn_pax_1694,3091.0,2026-09-07 09:51:31,218857636#1,residential|company|restaurant|bus_stop,,297.92905089287035,623.2061345250047,37.49709839153085,127.02420706961871,,,,timeout
dyn_pax_1695,3093.0,2026-09-07 09:51:33,1117538958#3,bus_stop,,160.18899290588462,540.6019911995099,37.49632820280781,127.02266936696756,3177.0,84.0,taxi_2,picked
dyn_pax_1696,3094.0,2026-09-07 09:51:34,494824662#3,company|restaurant|subway_entrance,,729.424850252167,406.6843378518681,37.49522941823122,127.02913698209235,,,,timeout
dyn_pax_1697,3096.0,2026-09-07 09:51:36,218857636#1,residential|company|restaurant|bus_stop,,297.92905089287035,623.2061345250047,37.49709839153085,127.02420706961871,,,,timeout
dyn_pax_1698,3097.0,2026-09-07 09:51:37,-506191135#2,residential|bus_stop,,236.19733776439384,769.6838415951818,37.49840622577806,127.02347432089968,,,,timeout
dyn_pax_1699,3099.0,2026-09-07 09:51:39,417933642#0,restaurant|bus_stop,,1041.0954363710525,463.30841921497654,37.49579826441859,127.03264736696761,,,,timeout
dyn_pax_1700,3101.0,2026-09-07 09:51:41,218873820#0,restaurant|subway_entrance|bus_stop,,628.9829311132032,562.4061665928522,37.49661325243901,127.02796447999128,,,,timeout
dyn_pax_1701,3102.0,2026-09-07 09:51:42,218873820#0,restaurant|subway_entrance|bus_stop,,628.9829311132032,562.4061665928522,37.49661325243901,127.02796447999128,,,,timeout
dyn_pax_1702,3104.0,2026-09-07 09:51:44,-506191135#2,residential|bus_stop,,236.19733776439384,769.6838415951818,37.49840622577806,127.02347432089968,,,,timeout
dyn_pax_1703,3104.0,2026-09-07 09:51:44,129731859#1,restaurant,,770.318180095484,905.1374216517651,37.499727361620906,127.02948129560598,3273.0,169.0,taxi_respawn_24,picked
dyn_pax_1704,3105.0,2026-09-07 09:51:45,-506191135#22,residential|company|restaurant|bus_stop,,38.693950105848444,1321.9513167019495,37.50334380565249,127.02110990869835,3583.0,478.0,taxi_respawn_6,picked
dyn_pax_1705,3107.0,2026-09-07 09:51:47,521770116#2,company|restaurant|bus_stop,,432.3182248087171,1108.514093563608,37.50149560521279,127.02561136613096,3472.0,365.0,taxi_40,picked
dyn_pax_1706,3108.0,2026-09-07 09:51:48,1229817205#0,company|subway_entrance|bus_stop,,599.2457558679199,652.2907550986157,37.497417346160496,127.02760695963683,,,,timeout
dyn_pax_1707,3110.0,2026-09-07 09:51:50,521766175#3,company|restaurant|subway_entrance|bus_stop,,373.6701172395771,1298.610217621072,37.50319695740621,127.02490310718325,3514.0,404.0,taxi_18,picked
dyn_pax_1708,3111.0,2026-09-07 09:51:51,-417933645#2,company|restaurant|subway_entrance,,701.1658676593129,719.5455833044954,37.49804244093877,127.02874337560036,3598.0,487.0,taxi_respawn_17,picked
dyn_pax_1709,3113.0,2026-09-07 09:51:53,521766182#1,company|restaurant|subway_entrance,,681.695169875507,539.6867345716422,37.496418539503196,127.02856584056028,3495.0,382.0,taxi_13,picked
dyn_pax_1710,3114.0,2026-09-07 09:51:54,218877837#2,company|restaurant|bus_stop,,479.4555212141038,978.0213907550284,37.500328997763305,127.02617530290202,,,,timeout
dyn_pax_1711,3116.0,2026-09-07 09:51:56,1229817205#1,residential|bus_stop,,631.6400080768872,572.7061575261558,37.49670653972221,127.02799208080955,,,,timeout
dyn_pax_1712,3117.0,2026-09-07 09:51:57,1229817205#0,company|subway_entrance|bus_stop,,599.2457558679199,652.2907550986157,37.497417346160496,127.02760695963683,,,,timeout
dyn_pax_1713,3119.0,2026-09-07 09:51:59,480850873,company|restaurant|bus_stop,,548.1935052770749,708.5896639848544,37.49791486187585,127.0270163956136,,,,timeout
dyn_pax_1714,3120.0,2026-09-07 09:52:00,521766175#3,company|restaurant|subway_entrance|bus_stop,,373.6701172395771,1298.610217621072,37.50319695740621,127.02490310718325,3528.0,408.0,taxi_respawn_12,picked
dyn_pax_1715,3122.0,2026-09-07 09:52:02,-541692164#2,subway_entrance,,317.7122087179151,1441.0296574375257,37.504469327730426,127.0242365566347,3461.0,339.0,taxi_44,picked
dyn_pax_1716,3124.0,2026-09-07 09:52:04,975332778#1,bus_stop,,681.6099970732737,721.9380561808346,37.49806030190971,127.02852170075586,3618.0,494.0,taxi_respawn_14,picked
dyn_pax_1717,3125.0,2026-09-07 09:52:05,541692164#1,subway_entrance,,271.6277521231475,1406.6420105391767,37.5041508337347,127.02372362926798,3221.0,96.0,taxi_respawn_16,picked
dyn_pax_1718,3127.0,2026-09-07 09:52:07,521770116#2,company|restaurant|bus_stop,,432.3182248087171,1108.514093563608,37.50149560521279,127.02561136613096,3549.0,422.0,taxi_27,picked
dyn_pax_1719,3128.0,2026-09-07 09:52:08,218873820#0,restaurant|subway_entrance|bus_stop,,628.9829311132032,562.4061665928522,37.49661325243901,127.02796447999128,,,,timeout
dyn_pax_1720,3130.0,2026-09-07 09:52:10,218873820#0,restaurant|subway_entrance|bus_stop,,628.9829311132032,562.4061665928522,37.49661325243901,127.02796447999128,,,,timeout
dyn_pax_1721,3131.0,2026-09-07 09:52:11,-417933645#2,company|restaurant|subway_entrance,,701.1658676593129,719.5455833044954,37.49804244093877,127.02874337560036,,,,timeout
dyn_pax_1722,3133.0,2026-09-07 09:52:13,375049565#6,restaurant|subway_entrance|bus_stop,,789.5153251748014,798.8522330112556,37.49877353199428,127.02972351946808,3661.0,528.0,taxi_respawn_27,picked
dyn_pax_1723,3134.0,2026-09-07 09:52:14,305539406,company|restaurant|subway_entrance,,566.389495917364,736.5285064605782,37.49816998085155,127.02721550408178,,,,timeout
dyn_pax_1724,3136.0,2026-09-07 09:52:16,1376141183#0,bus_stop,,548.2528111146681,901.2117688498424,37.49965007283687,127.02697139402301,3674.0,538.0,taxi_respawn_10,picked
dyn_pax_1725,3137.0,2026-09-07 09:52:17,521770116#2,company|restaurant|bus_stop,,432.3182248087171,1108.514093563608,37.50149560521279,127.02561136613096,3738.0,601.0,taxi_1,picked
dyn_pax_1726,3137.0,2026-09-07 09:52:17,521766175#3,company|restaurant|subway_entrance|bus_stop,,373.6701172395771,1298.610217621072,37.50319695740621,127.02490310718325,,,,timeout
dyn_pax_1727,3139.0,2026-09-07 09:52:19,375049565#6,restaurant|subway_entrance|bus_stop,,789.5153251748014,798.8522330112556,37.49877353199428,127.02972351946808,3667.0,528.0,taxi_respawn_34,picked
dyn_pax_1728,3139.0,2026-09-07 09:52:19,129731859#3,restaurant,,873.6090416568148,941.272009001338,37.50007235670303,127.03064062663523,3258.0,119.0,taxi_14,picked
dyn_pax_1729,3140.0,2026-09-07 09:52:20,521766175#1,company|restaurant|subway_entrance,,332.9365590021661,1411.5585828157227,37.504206724109,127.02441570308932,,,,timeout
dyn_pax_1730,3142.0,2026-09-07 09:52:22,-541692164#2,subway_entrance,,317.7122087179151,1441.0296574375257,37.504469327730426,127.0242365566347,3534.0,392.0,taxi_24,picked
dyn_pax_1731,3143.0,2026-09-07 09:52:23,1376141183#0,bus_stop,,548.2528111146681,901.2117688498424,37.49965007283687,127.02697139402301,,,,timeout
dyn_pax_1732,3145.0,2026-09-07 09:52:25,494824662#3,company|restaurant|subway_entrance,,729.424850252167,406.6843378518681,37.49522941823122,127.02913698209235,,,,timeout
dyn_pax_1733,3147.0,2026-09-07 09:52:27,417933642#0,restaurant|bus_stop,,1041.0954363710525,463.30841921497654,37.49579826441859,127.03264736696761,3628.0,481.0,taxi_respawn_7,picked
dyn_pax_1734,3148.0,2026-09-07 09:52:28,1229817205#0,company|subway_entrance|bus_stop,,599.2457558679199,652.2907550986157,37.497417346160496,127.02760695963683,,,,timeout
dyn_pax_1735,3150.0,2026-09-07 09:52:30,523141074#0,company|restaurant|subway_entrance,,524.0338794858329,871.4890157117229,37.4993777454413,127.02670460634431,3382.0,232.0,taxi_41,picked
dyn_pax_1736,3151.0,2026-09-07 09:52:31,520307304#0,school|subway_entrance|bus_stop,,602.6035134310263,763.145495629718,37.498416594724866,127.02761864854104,,,,timeout
dyn_pax_1737,3153.0,2026-09-07 09:52:33,305539406,company|restaurant|subway_entrance,,566.389495917364,736.5285064605782,37.49816998085155,127.02721550408178,,,,timeout
dyn_pax_1738,3154.0,2026-09-07 09:52:34,-506191135#2,residential|bus_stop,,236.19733776439384,769.6838415951818,37.49840622577806,127.02347432089968,,,,timeout
dyn_pax_1739,3154.0,2026-09-07 09:52:34,379232155,restaurant,,946.0567570824509,480.05346239194995,37.49593120335224,127.03156888346594,3528.0,374.0,taxi_30,picked
dyn_pax_1740,3156.0,2026-09-07 09:52:36,480850873,company|restaurant|bus_stop,,548.1935052770749,708.5896639848544,37.49791486187585,127.0270163956136,,,,timeout
dyn_pax_1741,3156.0,2026-09-07 09:52:36,-117790045#1,restaurant,,534.0975884889299,1266.9858058167179,37.502942402865294,127.02672459950128,3306.0,150.0,taxi_30,picked
dyn_pax_1742,3159.0,2026-09-07 09:52:39,218864491#0,restaurant|bus_stop,,769.9803916976219,760.1217113917903,37.49842094941813,127.02951181742357,,,,timeout
dyn_pax_1743,3160.0,2026-09-07 09:52:40,218873820#0,restaurant|subway_entrance|bus_stop,,628.9829311132032,562.4061665928522,37.49661325243901,127.02796447999128,,,,timeout
dyn_pax_1744,3162.0,2026-09-07 09:52:42,305539406,company|restaurant|subway_entrance,,566.389495917364,736.5285064605782,37.49816998085155,127.02721550408178,,,,timeout
dyn_pax_1745,3163.0,2026-09-07 09:52:43,521770119#0,restaurant|bus_stop,,548.9831206778387,935.1148840516827,37.499955620541705,127.02697161236954,,,,timeout
dyn_pax_1746,3165.0,2026-09-07 09:52:45,218864491#0,restaurant|bus_stop,,769.9803916976219,760.1217113917903,37.49842094941813,127.02951181742357,,,,timeout
dyn_pax_1747,3166.0,2026-09-07 09:52:46,1229817205#0,company|subway_entrance|bus_stop,,599.2457558679199,652.2907550986157,37.497417346160496,127.02760695963683,,,,timeout
dyn_pax_1748,3167.0,2026-09-07 09:52:47,129731858#2,restaurant,,783.9672744139122,855.548332172334,37.49928322221005,127.02964736483162,3474.0,307.0,taxi_respawn_25,picked
dyn_pax_1749,3168.0,2026-09-07 09:52:48,1376141182#0,bus_stop,,385.7154046370183,1301.0311255965628,37.50322104370192,127.02503873135461,,,,timeout
dyn_pax_1750,3169.0,2026-09-07 09:52:49,521766182#1,company|restaurant|subway_entrance,,681.695169875507,539.6867345716422,37.496418539503196,127.02856584056028,3514.0,345.0,taxi_3,picked
dyn_pax_1751,3174.0,2026-09-07 09:52:54,305539406,company|restaurant|subway_entrance,,566.389495917364,736.5285064605782,37.49816998085155,127.02721550408178,,,,timeout
dyn_pax_1752,3176.0,2026-09-07 09:52:56,-506191135#22,residential|company|restaurant|bus_stop,,38.693950105848444,1321.9513167019495,37.50334380565249,127.02110990869835,3668.0,492.0,taxi_respawn_2,picked
dyn_pax_1753,3177.0,2026-09-07 09:52:57,521766175#1,company|restaurant|subway_entrance,,332.9365590021661,1411.5585828157227,37.504206724109,127.02441570308932,,,,timeout
dyn_pax_1754,3179.0,2026-09-07 09:52:59,218877837#2,company|restaurant|bus_stop,,479.4555212141038,978.0213907550284,37.500328997763305,127.02617530290202,,,,timeout
dyn_pax_1755,3180.0,2026-09-07 09:53:00,521770119#1,restaurant|bus_stop,,527.3115514435282,995.8620162900467,37.50049875494786,127.02671217090477,,,,timeout
dyn_pax_1756,3182.0,2026-09-07 09:53:02,521770119#1,restaurant|bus_stop,,527.3115514435282,995.8620162900467,37.50049875494786,127.02671217090477,,,,timeout
dyn_pax_1757,3183.0,2026-09-07 09:53:03,521770119#0,restaurant|bus_stop,,548.9831206778387,935.1148840516827,37.499955620541705,127.02697161236954,,,,timeout
dyn_pax_1758,3185.0,2026-09-07 09:53:05,521770119#0,restaurant|bus_stop,,548.9831206778387,935.1148840516827,37.499955620541705,127.02697161236954,,,,timeout
dyn_pax_1759,3185.0,2026-09-07 09:53:05,628232693#0,company|restaurant,,644.2623295929467,660.168099777976,37.49749680792099,127.0281140674837,3249.0,64.0,taxi_respawn_34,picked
dyn_pax_1760,3186.0,2026-09-07 09:53:06,1117538957#3,restaurant|subway_entrance|bus_stop,,465.5082521847807,644.8780924026132,37.49732530507706,127.02609663221197,3631.0,445.0,taxi_respawn_4,picked
dyn_pax_1761,3187.0,2026-09-07 09:53:07,117790041#2,restaurant,,441.66460303662666,1376.669936706078,37.50391299976682,127.0256534125234,,,,timeout
dyn_pax_1762,3188.0,2026-09-07 09:53:08,-542367267#1,bus_stop,,247.51018316686128,1414.7184918773391,37.504219024473855,127.02344900430944,3253.0,65.0,taxi_42,picked
dyn_pax_1763,3189.0,2026-09-07 09:53:09,523141074#0,company|restaurant|subway_entrance,,524.0338794858329,871.4890157117229,37.4993777454413,127.02670460634431,3388.0,199.0,taxi_respawn_19,picked
dyn_pax_1764,3191.0,2026-09-07 09:53:11,494824662#3,company|restaurant|subway_entrance,,729.424850252167,406.6843378518681,37.49522941823122,127.02913698209235,,,,timeout
dyn_pax_1765,3192.0,2026-09-07 09:53:12,480850873,company|restaurant|bus_stop,,548.1935052770749,708.5896639848544,37.49791486187585,127.0270163956136,,,,timeout
dyn_pax_1766,3194.0,2026-09-07 09:53:14,480850873,company|restaurant|bus_stop,,548.1935052770749,708.5896639848544,37.49791486187585,127.0270163956136,,,,timeout
dyn_pax_1767,3196.0,2026-09-07 09:53:16,520307304#0,school|subway_entrance|bus_stop,,602.6035134310263,763.145495629718,37.498416594724866,127.02761864854104,,,,timeout
dyn_pax_1768,3197.0,2026-09-07 09:53:17,-417933645#2,company|restaurant|subway_entrance,,701.1658676593129,719.5455833044954,37.49804244093877,127.02874337560036,,,,timeout
dyn_pax_1769,3197.0,2026-09-07 09:53:17,379463124,restaurant,,554.9909183636056,1244.5663744100702,37.50274438945946,127.02696616135114,3591.0,394.0,taxi_respawn_16,picked
dyn_pax_1770,3199.0,2026-09-07 09:53:19,521766182#1,company|restaurant|subway_entrance,,681.695169875507,539.6867345716422,37.496418539503196,127.02856584056028,3529.0,330.0,taxi_respawn_14,picked
dyn_pax_1771,3199.0,2026-09-07 09:53:19,417750337#5,restaurant,,522.3387290339521,1126.7881672814829,37.50167723806998,127.02662489231146,3907.0,708.0,taxi_34,picked
dyn_pax_1772,3200.0,2026-09-07 09:53:20,506191135#3,residential|company|restaurant|bus_stop,,238.79972345576414,789.4714057742513,37.49858497042428,127.023499044737,3585.0,385.0,taxi_respawn_5,picked
dyn_pax_1773,3202.0,2026-09-07 09:53:22,375049565#6,restaurant|subway_entrance|bus_stop,,789.5153251748014,798.8522330112556,37.49877353199428,127.02972351946808,3753.0,551.0,taxi_respawn_8,picked
dyn_pax_1774,3203.0,2026-09-07 09:53:23,975332778#1,bus_stop,,681.6099970732737,721.9380561808346,37.49806030190971,127.02852170075586,3707.0,504.0,taxi_18,picked
dyn_pax_1775,3205.0,2026-09-07 09:53:25,218877837#2,company|restaurant|bus_stop,,479.4555212141038,978.0213907550284,37.500328997763305,127.02617530290202,,,,timeout
dyn_pax_1776,3206.0,2026-09-07 09:53:26,-506191135#22,residential|company|restaurant|bus_stop,,38.693950105848444,1321.9513167019495,37.50334380565249,127.02110990869835,3720.0,514.0,taxi_32,picked
dyn_pax_1777,3208.0,2026-09-07 09:53:28,506191135#3,residential|company|restaurant|bus_stop,,238.79972345576414,789.4714057742513,37.49858497042428,127.023499044737,3605.0,397.0,taxi_42,picked
dyn_pax_1778,3209.0,2026-09-07 09:53:29,494824662#3,company|restaurant|subway_entrance,,729.424850252167,406.6843378518681,37.49522941823122,127.02913698209235,,,,timeout
dyn_pax_1779,3210.0,2026-09-07 09:53:30,129731859#4,restaurant,,948.3176585840322,968.5888771831698,37.50033252074231,127.03147887955224,3348.0,138.0,taxi_respawn_33,picked
dyn_pax_1780,3211.0,2026-09-07 09:53:31,541692164#1,subway_entrance,,271.6277521231475,1406.6420105391767,37.5041508337347,127.02372362926798,3337.0,126.0,taxi_31,picked
dyn_pax_1781,3212.0,2026-09-07 09:53:32,-504509918#2,company|restaurant|bus_stop,,398.9694242295193,827.4758220967593,37.49895762305832,127.02530099003066,3473.0,261.0,taxi_respawn_26,picked
dyn_pax_1782,3214.0,2026-09-07 09:53:34,218877837#2,company|restaurant|bus_stop,,479.4555212141038,978.0213907550284,37.500328997763305,127.02617530290202,,,,timeout
dyn_pax_1783,3215.0,2026-09-07 09:53:35,1229817205#0,company|subway_entrance|bus_stop,,599.2457558679199,652.2907550986157,37.497417346160496,127.02760695963683,3875.0,660.0,taxi_respawn_23,picked
dyn_pax_1784,3217.0,2026-09-07 09:53:37,417933642#0,restaurant|bus_stop,,1041.0954363710525,463.30841921497654,37.49579826441859,127.03264736696761,,,,timeout
dyn_pax_1785,3219.0,2026-09-07 09:53:39,521766175#3,company|restaurant|subway_entrance|bus_stop,,373.6701172395771,1298.610217621072,37.50319695740621,127.02490310718325,,,,timeout
dyn_pax_1786,3220.0,2026-09-07 09:53:40,375049565#6,restaurant|subway_entrance|bus_stop,,789.5153251748014,798.8522330112556,37.49877353199428,127.02972351946808,,,,timeout
dyn_pax_1787,3222.0,2026-09-07 09:53:42,218873820#0,restaurant|subway_entrance|bus_stop,,628.9829311132032,562.4061665928522,37.49661325243901,127.02796447999128,,,,timeout
dyn_pax_1788,3225.0,2026-09-07 09:53:45,521766175#3,company|restaurant|subway_entrance|bus_stop,,373.6701172395771,1298.610217621072,37.50319695740621,127.02490310718325,,,,timeout
dyn_pax_1789,3226.0,2026-09-07 09:53:46,-506191135#22,residential|company|restaurant|bus_stop,,38.693950105848444,1321.9513167019495,37.50334380565249,127.02110990869835,3749.0,523.0,taxi_respawn_12,picked
dyn_pax_1790,3228.0,2026-09-07 09:53:48,1117538957#3,restaurant|subway_entrance|bus_stop,,465.5082521847807,644.8780924026132,37.49732530507706,127.02609663221197,3647.0,419.0,taxi_respawn_1,picked
dyn_pax_1791,3229.0,2026-09-07 09:53:49,494824662#3,company|restaurant|subway_entrance,,729.424850252167,406.6843378518681,37.49522941823122,127.02913698209235,,,,timeout
dyn_pax_1792,3231.0,2026-09-07 09:53:51,1117538957#3,restaurant|subway_entrance|bus_stop,,465.5082521847807,644.8780924026132,37.49732530507706,127.02609663221197,3708.0,477.0,taxi_respawn_26,picked
dyn_pax_1793,3232.0,2026-09-07 09:53:52,218873820#0,restaurant|subway_entrance|bus_stop,,628.9829311132032,562.4061665928522,37.49661325243901,127.02796447999128,,,,timeout
dyn_pax_1794,3233.0,2026-09-07 09:53:53,-1056882877#5,company|restaurant,,302.41102899925136,583.0415396467946,37.496737424712585,127.0242672800979,3293.0,60.0,taxi_respawn_17,picked
dyn_pax_1795,3234.0,2026-09-07 09:53:54,-541692164#2,subway_entrance,,317.7122087179151,1441.0296574375257,37.504469327730426,127.0242365566347,3737.0,503.0,taxi_41,picked
dyn_pax_1796,3235.0,2026-09-07 09:53:55,218873820#0,restaurant|subway_entrance|bus_stop,,628.9829311132032,562.4061665928522,37.49661325243901,127.02796447999128,,,,timeout
dyn_pax_1797,3238.0,2026-09-07 09:53:58,975332778#1,bus_stop,,681.6099970732737,721.9380561808346,37.49806030190971,127.02852170075586,,,,timeout
dyn_pax_1798,3240.0,2026-09-07 09:54:00,-541692164#2,subway_entrance,,317.7122087179151,1441.0296574375257,37.504469327730426,127.0242365566347,3752.0,512.0,taxi_10,picked
dyn_pax_1799,3241.0,2026-09-07 09:54:01,1229817205#0,company|subway_entrance|bus_stop,,599.2457558679199,652.2907550986157,37.497417346160496,127.02760695963683,,,,timeout
dyn_pax_1800,3243.0,2026-09-07 09:54:03,417933642#0,restaurant|bus_stop,,1041.0954363710525,463.30841921497654,37.49579826441859,127.03264736696761,,,,timeout
dyn_pax_1801,3245.0,2026-09-07 09:54:05,1229817205#0,company|subway_entrance|bus_stop,,599.2457558679199,652.2907550986157,37.497417346160496,127.02760695963683,,,,timeout
dyn_pax_1802,3245.0,2026-09-07 09:54:05,218877837#2,company|restaurant|bus_stop,,479.4555212141038,978.0213907550284,37.500328997763305,127.02617530290202,3728.0,483.0,taxi_43,picked
dyn_pax_1803,3246.0,2026-09-07 09:54:06,-504509918#2,company|restaurant|bus_stop,,398.9694242295193,827.4758220967593,37.49895762305832,127.02530099003066,3483.0,237.0,taxi_respawn_23,picked
dyn_pax_1804,3248.0,2026-09-07 09:54:08,521766175#1,company|restaurant|subway_entrance,,332.9365590021661,1411.5585828157227,37.504206724109,127.02441570308932,,,,timeout
dyn_pax_1805,3249.0,2026-09-07 09:54:09,521766175#3,company|restaurant|subway_entrance|bus_stop,,373.6701172395771,1298.610217621072,37.50319695740621,127.02490310718325,,,,timeout
dyn_pax_1806,3251.0,2026-09-07 09:54:11,541692164#1,subway_entrance,,271.6277521231475,1406.6420105391767,37.5041508337347,127.02372362926798,3308.0,57.0,taxi_respawn_5,picked
dyn_pax_1807,3252.0,2026-09-07 09:54:12,375049565#6,restaurant|subway_entrance|bus_stop,,789.5153251748014,798.8522330112556,37.49877353199428,127.02972351946808,,,,timeout
dyn_pax_1808,3254.0,2026-09-07 09:54:14,218873820#0,restaurant|subway_entrance|bus_stop,,628.9829311132032,562.4061665928522,37.49661325243901,127.02796447999128,,,,timeout
dyn_pax_1809,3255.0,2026-09-07 09:54:15,1376141182#0,bus_stop,,385.7154046370183,1301.0311255965628,37.50322104370192,127.02503873135461,,,,timeout
dyn_pax_1810,3257.0,2026-09-07 09:54:17,218877837#2,company|restaurant|bus_stop,,479.4555212141038,978.0213907550284,37.500328997763305,127.02617530290202,,,,timeout
dyn_pax_1811,3258.0,2026-09-07 09:54:18,520307304#0,school|subway_entrance|bus_stop,,602.6035134310263,763.145495629718,37.498416594724866,127.02761864854104,,,,timeout
dyn_pax_1812,3259.0,2026-09-07 09:54:19,129731857#1,residential|restaurant,,656.8212873140518,799.6615847813327,37.498755780674834,127.02822301071001,,,,timeout
dyn_pax_1813,3260.0,2026-09-07 09:54:20,1229817205#0,company|subway_entrance|bus_stop,,599.2457558679199,652.2907550986157,37.497417346160496,127.02760695963683,,,,timeout
dyn_pax_1814,3263.0,2026-09-07 09:54:23,218857636#1,residential|company|restaurant|bus_stop,,297.92905089287035,623.2061345250047,37.49709839153085,127.02420706961871,3791.0,528.0,taxi_44,picked
dyn_pax_1815,3264.0,2026-09-07 09:54:24,218857636#1,residential|company|restaurant|bus_stop,,297.92905089287035,623.2061345250047,37.49709839153085,127.02420706961871,3796.0,532.0,taxi_respawn_6,picked
dyn_pax_1816,3266.0,2026-09-07 09:54:26,-506191135#22,residential|company|restaurant|bus_stop,,38.693950105848444,1321.9513167019495,37.50334380565249,127.02110990869835,3760.0,494.0,taxi_23,picked
dyn_pax_1817,3266.0,2026-09-07 09:54:26,117790062#7,restaurant,,610.3314045210797,1078.999817662281,37.50126336859982,127.02763115548898,3434.0,168.0,taxi_respawn_35,picked
dyn_pax_1818,3268.0,2026-09-07 09:54:28,417933642#0,restaurant|bus_stop,,1041.0954363710525,463.30841921497654,37.49579826441859,127.03264736696761,,,,timeout
dyn_pax_1819,3269.0,2026-09-07 09:54:29,494824662#3,company|restaurant|subway_entrance,,729.424850252167,406.6843378518681,37.49522941823122,127.02913698209235,,,,timeout
dyn_pax_1820,3271.0,2026-09-07 09:54:31,480850873,company|restaurant|bus_stop,,548.1935052770749,708.5896639848544,37.49791486187585,127.0270163956136,3703.0,432.0,taxi_31,picked
dyn_pax_1821,3272.0,2026-09-07 09:54:32,218877837#2,company|restaurant|bus_stop,,479.4555212141038,978.0213907550284,37.500328997763305,127.02617530290202,,,,timeout
dyn_pax_1822,3275.0,2026-09-07 09:54:35,494824662#3,company|restaurant|subway_entrance,,729.424850252167,406.6843378518681,37.49522941823122,127.02913698209235,,,,timeout
dyn_pax_1823,3276.0,2026-09-07 09:54:36,117790051#2,restaurant,,558.5532373104973,1361.778638311631,37.503800946163,127.02697864469606,3772.0,496.0,taxi_12,picked
dyn_pax_1824,3277.0,2026-09-07 09:54:37,521766175#3,company|restaurant|subway_entrance|bus_stop,,373.6701172395771,1298.610217621072,37.50319695740621,127.02490310718325,,,,timeout
dyn_pax_1825,3278.0,2026-09-07 09:54:38,1229817205#0,company|subway_entrance|bus_stop,,599.2457558679199,652.2907550986157,37.497417346160496,127.02760695963683,,,,timeout
dyn_pax_1826,3280.0,2026-09-07 09:54:40,305539406,company|restaurant|subway_entrance,,566.389495917364,736.5285064605782,37.49816998085155,127.02721550408178,,,,timeout
dyn_pax_1827,3281.0,2026-09-07 09:54:41,1117538957#3,restaurant|subway_entrance|bus_stop,,465.5082521847807,644.8780924026132,37.49732530507706,127.02609663221197,3715.0,434.0,taxi_14,picked
dyn_pax_1828,3283.0,2026-09-07 09:54:43,1229817205#1,residential|bus_stop,,631.6400080768872,572.7061575261558,37.49670653972221,127.02799208080955,3776.0,493.0,taxi_respawn_22,picked
dyn_pax_1829,3284.0,2026-09-07 09:54:44,975332778#1,bus_stop,,681.6099970732737,721.9380561808346,37.49806030190971,127.02852170075586,,,,timeout
dyn_pax_1830,3286.0,2026-09-07 09:54:46,1376141183#0,bus_stop,,548.2528111146681,901.2117688498424,37.49965007283687,127.02697139402301,,,,timeout
dyn_pax_1831,3287.0,2026-09-07 09:54:47,480850873,company|restaurant|bus_stop,,548.1935052770749,708.5896639848544,37.49791486187585,127.0270163956136,3711.0,424.0,taxi_respawn_28,picked
dyn_pax_1832,3289.0,2026-09-07 09:54:49,305539406,company|restaurant|subway_entrance,,566.389495917364,736.5285064605782,37.49816998085155,127.02721550408178,,,,timeout
dyn_pax_1833,3290.0,2026-09-07 09:54:50,117790039#3,restaurant,,1021.8645860465238,1004.4924062015546,37.500669811640854,127.03230197280303,3372.0,82.0,taxi_respawn_28,picked
dyn_pax_1834,3291.0,2026-09-07 09:54:51,218864491#0,restaurant|bus_stop,,769.9803916976219,760.1217113917903,37.49842094941813,127.02951181742357,,,,timeout
dyn_pax_1835,3292.0,2026-09-07 09:54:52,521766175#3,company|restaurant|subway_entrance|bus_stop,,373.6701172395771,1298.610217621072,37.50319695740621,127.02490310718325,,,,timeout
dyn_pax_1836,3294.0,2026-09-07 09:54:54,-541692164#2,subway_entrance,,317.7122087179151,1441.0296574375257,37.504469327730426,127.0242365566347,,,,timeout
dyn_pax_1837,3295.0,2026-09-07 09:54:55,218873820#0,restaurant|subway_entrance|bus_stop,,628.9829311132032,562.4061665928522,37.49661325243901,127.02796447999128,,,,timeout
dyn_pax_1838,3295.0,2026-09-07 09:54:55,-417750337#2,restaurant,,578.5487433358253,1191.18897592047,37.50226799999912,127.02724519016736,3422.0,127.0,taxi_respawn_7,picked
dyn_pax_1839,3297.0,2026-09-07 09:54:57,-506191135#22,residential|company|restaurant|bus_stop,,38.693950105848444,1321.9513167019495,37.50334380565249,127.02110990869835,,,,timeout
dyn_pax_1840,3298.0,2026-09-07 09:54:58,506191135#3,residential|company|restaurant|bus_stop,,238.79972345576414,789.4714057742513,37.49858497042428,127.023499044737,,,,timeout
dyn_pax_1841,3300.0,2026-09-07 09:55:00,-541692164#2,subway_entrance,,317.7122087179151,1441.0296574375257,37.504469327730426,127.0242365566347,,,,timeout
dyn_pax_1842,3301.0,2026-09-07 09:55:01,521766175#3,company|restaurant|subway_entrance|bus_stop,,373.6701172395771,1298.610217621072,37.50319695740621,127.02490310718325,,,,timeout
dyn_pax_1843,3303.0,2026-09-07 09:55:03,218873820#0,restaurant|subway_entrance|bus_stop,,628.9829311132032,562.4061665928522,37.49661325243901,127.02796447999128,,,,timeout
dyn_pax_1844,3304.0,2026-09-07 09:55:04,375049565#6,restaurant|subway_entrance|bus_stop,,789.5153251748014,798.8522330112556,37.49877353199428,127.02972351946808,3840.0,536.0,taxi_respawn_38,picked
dyn_pax_1845,3306.0,2026-09-07 09:55:06,521766175#1,company|restaurant|subway_entrance,,332.9365590021661,1411.5585828157227,37.504206724109,127.02441570308932,,,,timeout
dyn_pax_1846,3307.0,2026-09-07 09:55:07,305539406,company|restaurant|subway_entrance,,566.389495917364,736.5285064605782,37.49816998085155,127.02721550408178,,,,timeout
dyn_pax_1847,3307.0,2026-09-07 09:55:07,305539406,company|restaurant|subway_entrance,,566.389495917364,736.5285064605782,37.49816998085155,127.02721550408178,,,,timeout
dyn_pax_1848,3309.0,2026-09-07 09:55:09,218864491#0,restaurant|bus_stop,,769.9803916976219,760.1217113917903,37.49842094941813,127.02951181742357,,,,timeout
dyn_pax_1849,3310.0,2026-09-07 09:55:10,1117538957#3,restaurant|subway_entrance|bus_stop,,465.5082521847807,644.8780924026132,37.49732530507706,127.02609663221197,3727.0,417.0,taxi_27,picked
dyn_pax_1850,3312.0,2026-09-07 09:55:12,523141074#0,company|restaurant|subway_entrance,,524.0338794858329,871.4890157117229,37.4993777454413,127.02670460634431,3462.0,150.0,taxi_respawn_39,picked
dyn_pax_1851,3313.0,2026-09-07 09:55:13,521766175#3,company|restaurant|subway_entrance|bus_stop,,373.6701172395771,1298.610217621072,37.50319695740621,127.02490310718325,,,,timeout
dyn_pax_1852,3315.0,2026-09-07 09:55:15,521766182#1,company|restaurant|subway_entrance,,681.695169875507,539.6867345716422,37.496418539503196,127.02856584056028,3558.0,243.0,taxi_12,picked
dyn_pax_1853,3317.0,2026-09-07 09:55:17,218857636#1,residential|company|restaurant|bus_stop,,297.92905089287035,623.2061345250047,37.49709839153085,127.02420706961871,3801.0,484.0,taxi_respawn_21,picked
dyn_pax_1854,3318.0,2026-09-07 09:55:18,218864491#0,restaurant|bus_stop,,769.9803916976219,760.1217113917903,37.49842094941813,127.02951181742357,,,,timeout
dyn_pax_1855,3320.0,2026-09-07 09:55:20,521766175#3,company|restaurant|subway_entrance|bus_stop,,373.6701172395771,1298.610217621072,37.50319695740621,127.02490310718325,,,,timeout
dyn_pax_1856,3324.0,2026-09-07 09:55:24,218857636#1,residential|company|restaurant|bus_stop,,297.92905089287035,623.2061345250047,37.49709839153085,127.02420706961871,,,,timeout
dyn_pax_1857,3326.0,2026-09-07 09:55:26,417933642#0,restaurant|bus_stop,,1041.0954363710525,463.30841921497654,37.49579826441859,127.03264736696761,,,,timeout
dyn_pax_1858,3327.0,2026-09-07 09:55:27,375049565#6,restaurant|subway_entrance|bus_stop,,789.5153251748014,798.8522330112556,37.49877353199428,127.02972351946808,,,,timeout
dyn_pax_1859,3329.0,2026-09-07 09:55:29,521770119#1,restaurant|bus_stop,,527.3115514435282,995.8620162900467,37.50049875494786,127.02671217090477,3728.0,399.0,taxi_46,picked
dyn_pax_1860,3330.0,2026-09-07 09:55:30,521770116#2,company|restaurant|bus_stop,,432.3182248087171,1108.514093563608,37.50149560521279,127.02561136613096,3726.0,396.0,taxi_33,picked
dyn_pax_1861,3332.0,2026-09-07 09:55:32,-504509918#2,company|restaurant|bus_stop,,398.9694242295193,827.4758220967593,37.49895762305832,127.02530099003066,3564.0,232.0,taxi_respawn_38,picked
dyn_pax_1862,3333.0,2026-09-07 09:55:33,375049565#6,restaurant|subway_entrance|bus_stop,,789.5153251748014,798.8522330112556,37.49877353199428,127.02972351946808,,,,timeout
dyn_pax_1863,3333.0,2026-09-07 09:55:33,-1056882877#5,company|restaurant,,302.41102899925136,583.0415396467946,37.496737424712585,127.0242672800979,3381.0,48.0,taxi_respawn_11,picked
dyn_pax_1864,3336.0,2026-09-07 09:55:36,520307304#0,school|subway_entrance|bus_stop,,602.6035134310263,763.145495629718,37.498416594724866,127.02761864854104,,,,timeout
dyn_pax_1865,3338.0,2026-09-07 09:55:38,520307304#0,school|subway_entrance|bus_stop,,602.6035134310263,763.145495629718,37.498416594724866,127.02761864854104,,,,timeout
dyn_pax_1866,3340.0,2026-09-07 09:55:40,1117538957#3,restaurant|subway_entrance|bus_stop,,465.5082521847807,644.8780924026132,37.49732530507706,127.02609663221197,3807.0,467.0,taxi_16,picked
dyn_pax_1867,3341.0,2026-09-07 09:55:41,521766175#3,company|restaurant|subway_entrance|bus_stop,,373.6701172395771,1298.610217621072,37.50319695740621,127.02490310718325,,,,timeout
dyn_pax_1868,3343.0,2026-09-07 09:55:43,541692164#1,subway_entrance,,271.6277521231475,1406.6420105391767,37.5041508337347,127.02372362926798,3373.0,30.0,taxi_40,picked
dyn_pax_1869,3344.0,2026-09-07 09:55:44,-541692164#2,subway_entrance,,317.7122087179151,1441.0296574375257,37.504469327730426,127.0242365566347,,,,timeout
dyn_pax_1870,3346.0,2026-09-07 09:55:46,1376141183#0,bus_stop,,548.2528111146681,901.2117688498424,37.49965007283687,127.02697139402301,3876.0,530.0,taxi_respawn_36,picked
dyn_pax_1871,3346.0,2026-09-07 09:55:46,-506191135#22,residential|company|restaurant|bus_stop,,38.693950105848444,1321.9513167019495,37.50334380565249,127.02110990869835,3833.0,487.0,taxi_8,picked
dyn_pax_1872,3347.0,2026-09-07 09:55:47,1229817205#1,residential|bus_stop,,631.6400080768872,572.7061575261558,37.49670653972221,127.02799208080955,,,,timeout
dyn_pax_1873,3347.0,2026-09-07 09:55:47,521766180#1,company|restaurant|bus_stop,,466.73410130235357,1169.2838037446552,37.502049542882666,127.02598608796039,4012.0,665.0,taxi_5,picked
dyn_pax_1874,3349.0,2026-09-07 09:55:49,521770119#1,restaurant|bus_stop,,527.3115514435282,995.8620162900467,37.50049875494786,127.02671217090477,3847.0,498.0,taxi_43,picked
dyn_pax_1875,3352.0,2026-09-07 09:55:52,521766175#1,company|restaurant|subway_entrance,,332.9365590021661,1411.5585828157227,37.504206724109,127.02441570308932,,,,timeout
dyn_pax_1876,3353.0,2026-09-07 09:55:53,1117538958#3,bus_stop,,160.18899290588462,540.6019911995099,37.49632820280781,127.02266936696756,3499.0,146.0,taxi_respawn_29,picked
dyn_pax_1877,3355.0,2026-09-07 09:55:55,1117538958#3,bus_stop,,160.18899290588462,540.6019911995099,37.49632820280781,127.02266936696756,3524.0,169.0,taxi_31,picked
dyn_pax_1878,3356.0,2026-09-07 09:55:56,521770119#1,restaurant|bus_stop,,527.3115514435282,995.8620162900467,37.50049875494786,127.02671217090477,,,,timeout
dyn_pax_1879,3358.0,2026-09-07 09:55:58,521766182#1,company|restaurant|subway_entrance,,681.695169875507,539.6867345716422,37.496418539503196,127.02856584056028,,,,timeout
dyn_pax_1880,3359.0,2026-09-07 09:55:59,-506191135#2,residential|bus_stop,,236.19733776439384,769.6838415951818,37.49840622577806,127.02347432089968,,,,timeout
dyn_pax_1881,3361.0,2026-09-07 09:56:01,521766175#3,company|restaurant|subway_entrance|bus_stop,,373.6701172395771,1298.610217621072,37.50319695740621,127.02490310718325,,,,timeout
dyn_pax_1882,3363.0,2026-09-07 09:56:03,178441450#1,residential|company|restaurant|bus_stop,,282.90243066757296,609.4157395563556,37.496971320837204,127.02404044855805,3403.0,40.0,taxi_respawn_29,picked
dyn_pax_1883,3364.0,2026-09-07 09:56:04,523141074#0,company|restaurant|subway_entrance,,524.0338794858329,871.4890157117229,37.4993777454413,127.02670460634431,3562.0,198.0,taxi_25,picked
dyn_pax_1884,3366.0,2026-09-07 09:56:06,1117538958#3,bus_stop,,160.18899290588462,540.6019911995099,37.49632820280781,127.02266936696756,3529.0,163.0,taxi_45,picked
dyn_pax_1885,3367.0,2026-09-07 09:56:07,1229817205#0,company|subway_entrance|bus_stop,,599.2457558679199,652.2907550986157,37.497417346160496,127.02760695963683,3960.0,593.0,taxi_25,picked
dyn_pax_1886,3369.0,2026-09-07 09:56:09,-504509918#2,company|restaurant|bus_stop,,398.9694242295193,827.4758220967593,37.49895762305832,127.02530099003066,3837.0,468.0,taxi_37,picked
dyn_pax_1887,3370.0,2026-09-07 09:56:10,521766175#3,company|restaurant|subway_entrance|bus_stop,,373.6701172395771,1298.610217621072,37.50319695740621,127.02490310718325,,,,timeout
dyn_pax_1888,3373.0,2026-09-07 09:56:13,305539406,company|restaurant|subway_entrance,,566.389495917364,736.5285064605782,37.49816998085155,127.02721550408178,3829.0,456.0,taxi_respawn_25,picked
dyn_pax_1889,3375.0,2026-09-07 09:56:15,975332778#1,bus_stop,,681.6099970732737,721.9380561808346,37.49806030190971,127.02852170075586,,,,timeout
dyn_pax_1890,3376.0,2026-09-07 09:56:16,521766182#1,company|restaurant|subway_entrance,,681.695169875507,539.6867345716422,37.496418539503196,127.02856584056028,,,,timeout
dyn_pax_1891,3378.0,2026-09-07 09:56:18,521770119#0,restaurant|bus_stop,,548.9831206778387,935.1148840516827,37.499955620541705,127.02697161236954,,,,timeout
dyn_pax_1892,3378.0,2026-09-07 09:56:18,-417933646#1,residential|restaurant,,826.6019869456061,577.8075382253838,37.49678928421788,127.03019516859905,3478.0,100.0,taxi_respawn_24,picked
dyn_pax_1893,3379.0,2026-09-07 09:56:19,218873820#0,restaurant|subway_entrance|bus_stop,,628.9829311132032,562.4061665928522,37.49661325243901,127.02796447999128,,,,timeout
dyn_pax_1894,3381.0,2026-09-07 09:56:21,1117538957#3,restaurant|subway_entrance|bus_stop,,465.5082521847807,644.8780924026132,37.49732530507706,127.02609663221197,3812.0,431.0,taxi_47,picked
dyn_pax_1895,3382.0,2026-09-07 09:56:22,1376141182#0,bus_stop,,385.7154046370183,1301.0311255965628,37.50322104370192,127.02503873135461,,,,timeout
dyn_pax_1896,3384.0,2026-09-07 09:56:24,1229817205#1,residential|bus_stop,,631.6400080768872,572.7061575261558,37.49670653972221,127.02799208080955,,,,timeout
dyn_pax_1897,3385.0,2026-09-07 09:56:25,-542367267#1,bus_stop,,247.51018316686128,1414.7184918773391,37.504219024473855,127.02344900430944,3433.0,48.0,taxi_respawn_5,picked
dyn_pax_1898,3387.0,2026-09-07 09:56:27,1376141182#0,bus_stop,,385.7154046370183,1301.0311255965628,37.50322104370192,127.02503873135461,,,,timeout
dyn_pax_1899,3389.0,2026-09-07 09:56:29,218857636#1,residential|company|restaurant|bus_stop,,297.92905089287035,623.2061345250047,37.49709839153085,127.02420706961871,3881.0,492.0,taxi_18,picked
dyn_pax_1900,3389.0,2026-09-07 09:56:29,523141074#0,company|restaurant|subway_entrance,,524.0338794858329,871.4890157117229,37.4993777454413,127.02670460634431,3824.0,435.0,taxi_respawn_28,picked
dyn_pax_1901,3390.0,2026-09-07 09:56:30,218864491#0,restaurant|bus_stop,,769.9803916976219,760.1217113917903,37.49842094941813,127.02951181742357,,,,timeout
dyn_pax_1902,3391.0,2026-09-07 09:56:31,379232155,restaurant,,946.0567570824509,480.05346239194995,37.49593120335224,127.03156888346594,,,,timeout
dyn_pax_1903,3392.0,2026-09-07 09:56:32,305539406,company|restaurant|subway_entrance,,566.389495917364,736.5285064605782,37.49816998085155,127.02721550408178,3880.0,488.0,taxi_respawn_33,picked
dyn_pax_1904,3393.0,2026-09-07 09:56:33,975332778#1,bus_stop,,681.6099970732737,721.9380561808346,37.49806030190971,127.02852170075586,3891.0,498.0,taxi_respawn_13,picked
dyn_pax_1905,3395.0,2026-09-07 09:56:35,218873820#0,restaurant|subway_entrance|bus_stop,,628.9829311132032,562.4061665928522,37.49661325243901,127.02796447999128,,,,timeout
dyn_pax_1906,3396.0,2026-09-07 09:56:36,520307304#0,school|subway_entrance|bus_stop,,602.6035134310263,763.145495629718,37.498416594724866,127.02761864854104,,,,timeout
dyn_pax_1907,3398.0,2026-09-07 09:56:38,1117538958#3,bus_stop,,160.18899290588462,540.6019911995099,37.49632820280781,127.02266936696756,3611.0,213.0,taxi_39,picked
dyn_pax_1908,3399.0,2026-09-07 09:56:39,218877837#2,company|restaurant|bus_stop,,479.4555212141038,978.0213907550284,37.500328997763305,127.02617530290202,3905.0,506.0,taxi_respawn_27,picked
dyn_pax_1909,3400.0,2026-09-07 09:56:40,520307304#0,school|subway_entrance|bus_stop,,602.6035134310263,763.145495629718,37.498416594724866,127.02761864854104,,,,timeout
dyn_pax_1910,3401.0,2026-09-07 09:56:41,1117538957#3,restaurant|subway_entrance|bus_stop,,465.5082521847807,644.8780924026132,37.49732530507706,127.02609663221197,3901.0,500.0,taxi_38,picked
dyn_pax_1911,3402.0,2026-09-07 09:56:42,1117538957#3,restaurant|subway_entrance|bus_stop,,465.5082521847807,644.8780924026132,37.49732530507706,127.02609663221197,3893.0,491.0,taxi_respawn_8,picked
dyn_pax_1912,3404.0,2026-09-07 09:56:44,521770116#2,company|restaurant|bus_stop,,432.3182248087171,1108.514093563608,37.50149560521279,127.02561136613096,3998.0,594.0,taxi_respawn_31,picked
dyn_pax_1913,3405.0,2026-09-07 09:56:45,1229817205#0,company|subway_entrance|bus_stop,,599.2457558679199,652.2907550986157,37.497417346160496,127.02760695963683,4051.0,646.0,taxi_respawn_5,picked
dyn_pax_1914,3407.0,2026-09-07 09:56:47,218864491#0,restaurant|bus_stop,,769.9803916976219,760.1217113917903,37.49842094941813,127.02951181742357,,,,timeout
dyn_pax_1915,3408.0,2026-09-07 09:56:48,975332778#1,bus_stop,,681.6099970732737,721.9380561808346,37.49806030190971,127.02852170075586,,,,timeout
dyn_pax_1916,3410.0,2026-09-07 09:56:50,-417933645#2,company|restaurant|subway_entrance,,701.1658676593129,719.5455833044954,37.49804244093877,127.02874337560036,3706.0,296.0,taxi_25,picked
dyn_pax_1917,3411.0,2026-09-07 09:56:51,1537068130#0,residential,,915.247444986279,1279.656751811989,37.50312848832193,127.03103134780491,3466.0,55.0,taxi_22,picked
dyn_pax_1918,3412.0,2026-09-07 09:56:52,178441450#1,residential|company|restaurant|bus_stop,,282.90243066757296,609.4157395563556,37.496971320837204,127.02404044855805,3565.0,153.0,taxi_29,picked
dyn_pax_1919,3413.0,2026-09-07 09:56:53,506191135#3,residential|company|restaurant|bus_stop,,238.79972345576414,789.4714057742513,37.49858497042428,127.023499044737,3853.0,440.0,taxi_respawn_12,picked
dyn_pax_1920,3415.0,2026-09-07 09:56:55,1229817205#1,residential|bus_stop,,631.6400080768872,572.7061575261558,37.49670653972221,127.02799208080955,,,,timeout
dyn_pax_1921,3416.0,2026-09-07 09:56:56,521766175#3,company|restaurant|subway_entrance|bus_stop,,373.6701172395771,1298.610217621072,37.50319695740621,127.02490310718325,,,,timeout
dyn_pax_1922,3416.0,2026-09-07 09:56:56,129731857#1,residential|restaurant,,656.8212873140518,799.6615847813327,37.498755780674834,127.02822301071001,,,,timeout
dyn_pax_1923,3418.0,2026-09-07 09:56:58,1117538958#3,bus_stop,,160.18899290588462,540.6019911995099,37.49632820280781,127.02266936696756,3617.0,199.0,taxi_respawn_22,picked
dyn_pax_1924,3419.0,2026-09-07 09:56:59,520307304#0,school|subway_entrance|bus_stop,,602.6035134310263,763.145495629718,37.498416594724866,127.02761864854104,,,,timeout
dyn_pax_1925,3421.0,2026-09-07 09:57:01,520307304#0,school|subway_entrance|bus_stop,,602.6035134310263,763.145495629718,37.498416594724866,127.02761864854104,,,,timeout
dyn_pax_1926,3422.0,2026-09-07 09:57:02,521766175#1,company|restaurant|subway_entrance,,332.9365590021661,1411.5585828157227,37.504206724109,127.02441570308932,,,,timeout
dyn_pax_1927,3423.0,2026-09-07 09:57:03,-506191135#22,residential|company|restaurant|bus_stop,,38.693950105848444,1321.9513167019495,37.50334380565249,127.02110990869835,3845.0,422.0,taxi_45,picked
dyn_pax_1928,3424.0,2026-09-07 09:57:04,521766175#3,company|restaurant|subway_entrance|bus_stop,,373.6701172395771,1298.610217621072,37.50319695740621,127.02490310718325,,,,timeout
dyn_pax_1929,3425.0,2026-09-07 09:57:05,1117538958#3,bus_stop,,160.18899290588462,540.6019911995099,37.49632820280781,127.02266936696756,3658.0,233.0,taxi_36,picked
dyn_pax_1930,3427.0,2026-09-07 09:57:07,1229817205#0,company|subway_entrance|bus_stop,,599.2457558679199,652.2907550986157,37.497417346160496,127.02760695963683,4140.0,713.0,taxi_respawn_11,picked
dyn_pax_1931,3428.0,2026-09-07 09:57:08,975332778#1,bus_stop,,681.6099970732737,721.9380561808346,37.49806030190971,127.02852170075586,,,,timeout
dyn_pax_1932,3430.0,2026-09-07 09:57:10,521770119#0,restaurant|bus_stop,,548.9831206778387,935.1148840516827,37.499955620541705,127.02697161236954,,,,timeout
dyn_pax_1933,3430.0,2026-09-07 09:57:10,129731834#0,school,,229.35227593843302,780.2499709424674,37.498500113124294,127.02339441737757,,,,timeout
dyn_pax_1934,3431.0,2026-09-07 09:57:11,1229817205#0,company|subway_entrance|bus_stop,,599.2457558679199,652.2907550986157,37.497417346160496,127.02760695963683,,,,timeout
dyn_pax_1935,3432.0,2026-09-07 09:57:12,305539406,company|restaurant|subway_entrance,,566.389495917364,736.5285064605782,37.49816998085155,127.02721550408178,,,,timeout
dyn_pax_1936,3433.0,2026-09-07 09:57:13,305539406,company|restaurant|subway_entrance,,566.389495917364,736.5285064605782,37.49816998085155,127.02721550408178,,,,timeout
dyn_pax_1937,3434.0,2026-09-07 09:57:14,1117538958#3,bus_stop,,160.18899290588462,540.6019911995099,37.49632820280781,127.02266936696756,3709.0,275.0,taxi_respawn_11,picked
dyn_pax_1938,3435.0,2026-09-07 09:57:15,521766175#3,company|restaurant|subway_entrance|bus_stop,,373.6701172395771,1298.610217621072,37.50319695740621,127.02490310718325,,,,timeout
dyn_pax_1939,3436.0,2026-09-07 09:57:16,218864491#0,restaurant|bus_stop,,769.9803916976219,760.1217113917903,37.49842094941813,127.02951181742357,,,,timeout
dyn_pax_1940,3438.0,2026-09-07 09:57:18,541692164#1,subway_entrance,,271.6277521231475,1406.6420105391767,37.5041508337347,127.02372362926798,3520.0,82.0,taxi_19,picked
dyn_pax_1941,3439.0,2026-09-07 09:57:19,1376141183#0,bus_stop,,548.2528111146681,901.2117688498424,37.49965007283687,127.02697139402301,,,,timeout
dyn_pax_1942,3441.0,2026-09-07 09:57:21,506191135#3,residential|company|restaurant|bus_stop,,238.79972345576414,789.4714057742513,37.49858497042428,127.023499044737,,,,timeout
dyn_pax_1943,3442.0,2026-09-07 09:57:22,375049565#6,restaurant|subway_entrance|bus_stop,,789.5153251748014,798.8522330112556,37.49877353199428,127.02972351946808,3931.0,489.0,taxi_42,picked
dyn_pax_1944,3443.0,2026-09-07 09:57:23,-417933646#4,company|restaurant,,761.9867537178288,747.7080569325292,37.49830761500862,127.02942437673002,,,,timeout
dyn_pax_1945,3444.0,2026-09-07 09:57:24,523141074#0,company|restaurant|subway_entrance,,524.0338794858329,871.4890157117229,37.4993777454413,127.02670460634431,,,,timeout
dyn_pax_1946,3445.0,2026-09-07 09:57:25,218877837#2,company|restaurant|bus_stop,,479.4555212141038,978.0213907550284,37.500328997763305,127.02617530290202,3913.0,468.0,taxi_36,picked
dyn_pax_1947,3447.0,2026-09-07 09:57:27,521766175#3,company|restaurant|subway_entrance|bus_stop,,373.6701172395771,1298.610217621072,37.50319695740621,127.02490310718325,,,,timeout
dyn_pax_1948,3448.0,2026-09-07 09:57:28,417933642#0,restaurant|bus_stop,,1041.0954363710525,463.30841921497654,37.49579826441859,127.03264736696761,,,,timeout
dyn_pax_1949,3450.0,2026-09-07 09:57:30,521766175#1,company|restaurant|subway_entrance,,332.9365590021661,1411.5585828157227,37.504206724109,127.02441570308932,,,,timeout
dyn_pax_1950,3451.0,2026-09-07 09:57:31,521766175#1,company|restaurant|subway_entrance,,332.9365590021661,1411.5585828157227,37.504206724109,127.02441570308932,,,,timeout
dyn_pax_1951,3452.0,2026-09-07 09:57:32,802110008,restaurant,,567.9368588148042,1294.4290295528247,37.503196013251454,127.02710071947062,3624.0,172.0,taxi_22,picked
dyn_pax_1952,3453.0,2026-09-07 09:57:33,218857636#1,residential|company|restaurant|bus_stop,,297.92905089287035,623.2061345250047,37.49709839153085,127.02420706961871,3932.0,479.0,taxi_respawn_6,picked
dyn_pax_1953,3454.0,2026-09-07 09:57:34,506191135#3,residential|company|restaurant|bus_stop,,238.79972345576414,789.4714057742513,37.49858497042428,127.023499044737,,,,timeout
dyn_pax_1954,3456.0,2026-09-07 09:57:36,480850873,company|restaurant|bus_stop,,548.1935052770749,708.5896639848544,37.49791486187585,127.0270163956136,3915.0,459.0,taxi_41,picked
dyn_pax_1955,3457.0,2026-09-07 09:57:37,480850873,company|restaurant|bus_stop,,548.1935052770749,708.5896639848544,37.49791486187585,127.0270163956136,,,,timeout
dyn_pax_1956,3459.0,2026-09-07 09:57:39,480850873,company|restaurant|bus_stop,,548.1935052770749,708.5896639848544,37.49791486187585,127.0270163956136,,,,timeout
dyn_pax_1957,3461.0,2026-09-07 09:57:41,305539406,company|restaurant|subway_entrance,,566.389495917364,736.5285064605782,37.49816998085155,127.02721550408178,3959.0,498.0,taxi_21,picked
dyn_pax_1958,3462.0,2026-09-07 09:57:42,375049565#6,restaurant|subway_entrance|bus_stop,,789.5153251748014,798.8522330112556,37.49877353199428,127.02972351946808,3977.0,515.0,taxi_40,picked
dyn_pax_1959,3464.0,2026-09-07 09:57:44,417933642#0,restaurant|bus_stop,,1041.0954363710525,463.30841921497654,37.49579826441859,127.03264736696761,,,,timeout
dyn_pax_1960,3465.0,2026-09-07 09:57:45,1117538957#3,restaurant|subway_entrance|bus_stop,,465.5082521847807,644.8780924026132,37.49732530507706,127.02609663221197,,,,timeout
dyn_pax_1961,3465.0,2026-09-07 09:57:45,-417933642#1,restaurant,,972.7851169931362,629.1778231901285,37.49727960321316,127.03183581048214,3765.0,300.0,taxi_40,picked
dyn_pax_1962,3467.0,2026-09-07 09:57:47,520307304#0,school|subway_entrance|bus_stop,,602.6035134310263,763.145495629718,37.498416594724866,127.02761864854104,,,,timeout
dyn_pax_1963,3468.0,2026-09-07 09:57:48,218864491#0,restaurant|bus_stop,,769.9803916976219,760.1217113917903,37.49842094941813,127.02951181742357,,,,timeout
dyn_pax_1964,3469.0,2026-09-07 09:57:49,504509918#0,residential|restaurant,,511.83203920742636,882.9034728009249,37.49947826486711,127.02656393710718,3516.0,47.0,taxi_36,picked
dyn_pax_1965,3470.0,2026-09-07 09:57:50,1376141182#0,bus_stop,,385.7154046370183,1301.0311255965628,37.50322104370192,127.02503873135461,4167.0,697.0,taxi_49,picked
dyn_pax_1966,3471.0,2026-09-07 09:57:51,375049565#6,restaurant|subway_entrance|bus_stop,,789.5153251748014,798.8522330112556,37.49877353199428,127.02972351946808,,,,timeout
dyn_pax_1967,3473.0,2026-09-07 09:57:53,523141074#0,company|restaurant|subway_entrance,,524.0338794858329,871.4890157117229,37.4993777454413,127.02670460634431,,,,timeout
dyn_pax_1968,3473.0,2026-09-07 09:57:53,-256787796#8,restaurant,,666.7735412908731,765.3811461974922,37.49844885044044,127.02834365925706,3548.0,75.0,taxi_respawn_34,picked
dyn_pax_1969,3474.0,2026-09-07 09:57:54,1376141182#0,bus_stop,,385.7154046370183,1301.0311255965628,37.50322104370192,127.02503873135461,,,,timeout
dyn_pax_1970,3476.0,2026-09-07 09:57:56,1117538957#3,restaurant|subway_entrance|bus_stop,,465.5082521847807,644.8780924026132,37.49732530507706,127.02609663221197,,,,timeout
dyn_pax_1971,3477.0,2026-09-07 09:57:57,1229817205#0,company|subway_entrance|bus_stop,,599.2457558679199,652.2907550986157,37.497417346160496,127.02760695963683,,,,timeout
dyn_pax_1972,3479.0,2026-09-07 09:57:59,1117538957#3,restaurant|subway_entrance|bus_stop,,465.5082521847807,644.8780924026132,37.49732530507706,127.02609663221197,,,,timeout
dyn_pax_1973,3480.0,2026-09-07 09:58:00,1376141182#0,bus_stop,,385.7154046370183,1301.0311255965628,37.50322104370192,127.02503873135461,,,,timeout
dyn_pax_1974,3481.0,2026-09-07 09:58:01,1229817205#0,company|subway_entrance|bus_stop,,599.2457558679199,652.2907550986157,37.497417346160496,127.02760695963683,,,,timeout
dyn_pax_1975,3482.0,2026-09-07 09:58:02,-506191135#2,residential|bus_stop,,236.19733776439384,769.6838415951818,37.49840622577806,127.02347432089968,3973.0,491.0,taxi_13,picked
dyn_pax_1976,3482.0,2026-09-07 09:58:02,129731857#1,residential|restaurant,,656.8212873140518,799.6615847813327,37.498755780674834,127.02822301071001,,,,timeout
dyn_pax_1977,3484.0,2026-09-07 09:58:04,-417933645#2,company|restaurant|subway_entrance,,701.1658676593129,719.5455833044954,37.49804244093877,127.02874337560036,,,,timeout
dyn_pax_1978,3485.0,2026-09-07 09:58:05,218877837#2,company|restaurant|bus_stop,,479.4555212141038,978.0213907550284,37.500328997763305,127.02617530290202,3982.0,497.0,taxi_33,picked
dyn_pax_1979,3487.0,2026-09-07 09:58:07,521766175#1,company|restaurant|subway_entrance,,332.9365590021661,1411.5585828157227,37.504206724109,127.02441570308932,3987.0,500.0,taxi_respawn_20,picked
dyn_pax_1980,3488.0,2026-09-07 09:58:08,178441450#1,residential|company|restaurant|bus_stop,,282.90243066757296,609.4157395563556,37.496971320837204,127.02404044855805,3878.0,390.0,taxi_respawn_16,picked
dyn_pax_1981,3490.0,2026-09-07 09:58:10,506191135#3,residential|company|restaurant|bus_stop,,238.79972345576414,789.4714057742513,37.49858497042428,127.023499044737,,,,timeout
dyn_pax_1982,3491.0,2026-09-07 09:58:11,1229817205#1,residential|bus_stop,,631.6400080768872,572.7061575261558,37.49670653972221,127.02799208080955,,,,timeout
dyn_pax_1983,3493.0,2026-09-07 09:58:13,-504509918#2,company|restaurant|bus_stop,,398.9694242295193,827.4758220967593,37.49895762305832,127.02530099003066,3925.0,432.0,taxi_respawn_18,picked
dyn_pax_1984,3494.0,2026-09-07 09:58:14,375049565#6,restaurant|subway_entrance|bus_stop,,789.5153251748014,798.8522330112556,37.49877353199428,127.02972351946808,,,,timeout
dyn_pax_1985,3496.0,2026-09-07 09:58:16,-417933645#2,company|restaurant|subway_entrance,,701.1658676593129,719.5455833044954,37.49804244093877,127.02874337560036,,,,timeout
dyn_pax_1986,3497.0,2026-09-07 09:58:17,178441450#1,residential|company|restaurant|bus_stop,,282.90243066757296,609.4157395563556,37.496971320837204,127.02404044855805,3894.0,397.0,taxi_11,picked
dyn_pax_1987,3499.0,2026-09-07 09:58:19,541692164#1,subway_entrance,,271.6277521231475,1406.6420105391767,37.5041508337347,127.02372362926798,3527.0,28.0,taxi_14,picked
dyn_pax_1988,3500.0,2026-09-07 09:58:20,1229817205#0,company|subway_entrance|bus_stop,,599.2457558679199,652.2907550986157,37.497417346160496,127.02760695963683,,,,timeout
dyn_pax_1989,3502.0,2026-09-07 09:58:22,975332778#1,bus_stop,,681.6099970732737,721.9380561808346,37.49806030190971,127.02852170075586,,,,timeout
dyn_pax_1990,3503.0,2026-09-07 09:58:23,521766175#3,company|restaurant|subway_entrance|bus_stop,,373.6701172395771,1298.610217621072,37.50319695740621,127.02490310718325,3967.0,464.0,taxi_1,picked
dyn_pax_1991,3505.0,2026-09-07 09:58:25,1117538957#3,restaurant|subway_entrance|bus_stop,,465.5082521847807,644.8780924026132,37.49732530507706,127.02609663221197,,,,timeout
dyn_pax_1992,3507.0,2026-09-07 09:58:27,480850873,company|restaurant|bus_stop,,548.1935052770749,708.5896639848544,37.49791486187585,127.0270163956136,,,,timeout
dyn_pax_1993,3508.0,2026-09-07 09:58:28,1229817205#0,company|subway_entrance|bus_stop,,599.2457558679199,652.2907550986157,37.497417346160496,127.02760695963683,,,,timeout
dyn_pax_1994,3510.0,2026-09-07 09:58:30,178441450#1,residential|company|restaurant|bus_stop,,282.90243066757296,609.4157395563556,37.496971320837204,127.02404044855805,3905.0,395.0,taxi_22,picked
dyn_pax_1995,3511.0,2026-09-07 09:58:31,521770119#0,restaurant|bus_stop,,548.9831206778387,935.1148840516827,37.499955620541705,127.02697161236954,,,,timeout
dyn_pax_1996,3513.0,2026-09-07 09:58:33,1229817205#0,company|subway_entrance|bus_stop,,599.2457558679199,652.2907550986157,37.497417346160496,127.02760695963683,,,,timeout
dyn_pax_1997,3514.0,2026-09-07 09:58:34,541692164#1,subway_entrance,,271.6277521231475,1406.6420105391767,37.5041508337347,127.02372362926798,3537.0,23.0,taxi_respawn_11,picked
dyn_pax_1998,3516.0,2026-09-07 09:58:36,521770119#1,restaurant|bus_stop,,527.3115514435282,995.8620162900467,37.50049875494786,127.02671217090477,,,,timeout
dyn_pax_1999,3517.0,2026-09-07 09:58:37,521766180#1,company|restaurant|bus_stop,,466.73410130235357,1169.2838037446552,37.502049542882666,127.02598608796039,4090.0,573.0,taxi_48,picked
dyn_pax_2000,3519.0,2026-09-07 09:58:39,218864491#0,restaurant|bus_stop,,769.9803916976219,760.1217113917903,37.49842094941813,127.02951181742357,,,,timeout
dyn_pax_2001,3520.0,2026-09-07 09:58:40,417933642#0,restaurant|bus_stop,,1041.0954363710525,463.30841921497654,37.49579826441859,127.03264736696761,,,,timeout
dyn_pax_2002,3522.0,2026-09-07 09:58:42,1117538957#3,restaurant|subway_entrance|bus_stop,,465.5082521847807,644.8780924026132,37.49732530507706,127.02609663221197,4039.0,517.0,taxi_45,picked
dyn_pax_2003,3522.0,2026-09-07 09:58:42,504227067#4,residential|restaurant,,502.84500120553366,479.2066548114549,37.49583994070096,127.02655806263846,3553.0,31.0,taxi_respawn_28,picked
dyn_pax_2004,3523.0,2026-09-07 09:58:43,541692164#1,subway_entrance,,271.6277521231475,1406.6420105391767,37.5041508337347,127.02372362926798,3607.0,84.0,taxi_41,picked
dyn_pax_2005,3525.0,2026-09-07 09:58:45,-504509918#2,company|restaurant|bus_stop,,398.9694242295193,827.4758220967593,37.49895762305832,127.02530099003066,,,,timeout
dyn_pax_2006,3526.0,2026-09-07 09:58:46,541692164#1,subway_entrance,,271.6277521231475,1406.6420105391767,37.5041508337347,127.02372362926798,3689.0,163.0,taxi_45,picked
dyn_pax_2007,3528.0,2026-09-07 09:58:48,506191135#3,residential|company|restaurant|bus_stop,,238.79972345576414,789.4714057742513,37.49858497042428,127.023499044737,,,,timeout
dyn_pax_2008,3529.0,2026-09-07 09:58:49,417933642#0,restaurant|bus_stop,,1041.0954363710525,463.30841921497654,37.49579826441859,127.03264736696761,,,,timeout
dyn_pax_2009,3531.0,2026-09-07 09:58:51,1229817205#0,company|subway_entrance|bus_stop,,599.2457558679199,652.2907550986157,37.497417346160496,127.02760695963683,,,,timeout
dyn_pax_2010,3531.0,2026-09-07 09:58:51,-1056882877#5,company|restaurant,,302.41102899925136,583.0415396467946,37.496737424712585,127.0242672800979,3844.0,313.0,taxi_7,picked
dyn_pax_2011,3533.0,2026-09-07 09:58:53,523141074#0,company|restaurant|subway_entrance,,524.0338794858329,871.4890157117229,37.4993777454413,127.02670460634431,4012.0,479.0,taxi_44,picked
dyn_pax_2012,3534.0,2026-09-07 09:58:54,1117538957#3,restaurant|subway_entrance|bus_stop,,465.5082521847807,644.8780924026132,37.49732530507706,127.02609663221197,4073.0,539.0,taxi_respawn_4,picked
dyn_pax_2013,3536.0,2026-09-07 09:58:56,305539406,company|restaurant|subway_entrance,,566.389495917364,736.5285064605782,37.49816998085155,127.02721550408178,,,,timeout
dyn_pax_2014,3537.0,2026-09-07 09:58:57,-541692164#2,subway_entrance,,317.7122087179151,1441.0296574375257,37.504469327730426,127.0242365566347,3888.0,351.0,taxi_respawn_2,picked
dyn_pax_2015,3539.0,2026-09-07 09:58:59,218873820#0,restaurant|subway_entrance|bus_stop,,628.9829311132032,562.4061665928522,37.49661325243901,127.02796447999128,,,,timeout
dyn_pax_2016,3540.0,2026-09-07 09:59:00,1117538957#3,restaurant|subway_entrance|bus_stop,,465.5082521847807,644.8780924026132,37.49732530507706,127.02609663221197,,,,timeout
dyn_pax_2017,3540.0,2026-09-07 09:59:00,379463130#0,restaurant,,544.1425087303844,1128.5419490598922,37.501697156429024,127.02687101205116,3718.0,178.0,taxi_30,picked
dyn_pax_2018,3541.0,2026-09-07 09:59:01,504509918#0,residential|restaurant,,511.83203920742636,882.9034728009249,37.49947826486711,127.02656393710718,3634.0,93.0,taxi_7,picked
dyn_pax_2019,3542.0,2026-09-07 09:59:02,305539406,company|restaurant|subway_entrance,,566.389495917364,736.5285064605782,37.49816998085155,127.02721550408178,,,,timeout
dyn_pax_2020,3543.0,2026-09-07 09:59:03,1229817205#0,company|subway_entrance|bus_stop,,599.2457558679199,652.2907550986157,37.497417346160496,127.02760695963683,4151.0,608.0,taxi_respawn_16,picked
dyn_pax_2021,3543.0,2026-09-07 09:59:03,504509918#0,residential|restaurant,,511.83203920742636,882.9034728009249,37.49947826486711,127.02656393710718,3717.0,174.0,taxi_respawn_39,picked
dyn_pax_2022,3545.0,2026-09-07 09:59:05,218864491#0,restaurant|bus_stop,,769.9803916976219,760.1217113917903,37.49842094941813,127.02951181742357,,,,timeout
dyn_pax_2023,3546.0,2026-09-07 09:59:06,521766175#3,company|restaurant|subway_entrance|bus_stop,,373.6701172395771,1298.610217621072,37.50319695740621,127.02490310718325,4095.0,549.0,taxi_23,picked
dyn_pax_2024,3548.0,2026-09-07 09:59:08,-504509918#2,company|restaurant|bus_stop,,398.9694242295193,827.4758220967593,37.49895762305832,127.02530099003066,4035.0,487.0,taxi_respawn_27,picked
dyn_pax_2025,3548.0,2026-09-07 09:59:08,523141074#0,company|restaurant|subway_entrance,,524.0338794858329,871.4890157117229,37.4993777454413,127.02670460634431,,,,timeout
dyn_pax_2026,3549.0,2026-09-07 09:59:09,-541692164#2,subway_entrance,,317.7122087179151,1441.0296574375257,37.504469327730426,127.0242365566347,3897.0,348.0,taxi_28,picked
dyn_pax_2027,3551.0,2026-09-07 09:59:11,-506191135#2,residential|bus_stop,,236.19733776439384,769.6838415951818,37.49840622577806,127.02347432089968,,,,timeout
dyn_pax_2028,3552.0,2026-09-07 09:59:12,975332778#1,bus_stop,,681.6099970732737,721.9380561808346,37.49806030190971,127.02852170075586,,,,timeout
dyn_pax_2029,3554.0,2026-09-07 09:59:14,305539406,company|restaurant|subway_entrance,,566.389495917364,736.5285064605782,37.49816998085155,127.02721550408178,,,,timeout
dyn_pax_2030,3556.0,2026-09-07 09:59:16,-417933645#2,company|restaurant|subway_entrance,,701.1658676593129,719.5455833044954,37.49804244093877,127.02874337560036,4156.0,600.0,taxi_respawn_21,picked
dyn_pax_2031,3557.0,2026-09-07 09:59:17,1117538957#3,restaurant|subway_entrance|bus_stop,,465.5082521847807,644.8780924026132,37.49732530507706,127.02609663221197,,,,timeout
dyn_pax_2032,3559.0,2026-09-07 09:59:19,218877837#2,company|restaurant|bus_stop,,479.4555212141038,978.0213907550284,37.500328997763305,127.02617530290202,4007.0,448.0,taxi_2,picked
dyn_pax_2033,3560.0,2026-09-07 09:59:20,1376141182#0,bus_stop,,385.7154046370183,1301.0311255965628,37.50322104370192,127.02503873135461,4024.0,464.0,taxi_35,picked
dyn_pax_2034,3560.0,2026-09-07 09:59:20,305539406,company|restaurant|subway_entrance,,566.389495917364,736.5285064605782,37.49816998085155,127.02721550408178,,,,timeout
dyn_pax_2035,3562.0,2026-09-07 09:59:22,521766175#3,company|restaurant|subway_entrance|bus_stop,,373.6701172395771,1298.610217621072,37.50319695740621,127.02490310718325,4033.0,471.0,taxi_8,picked
dyn_pax_2036,3563.0,2026-09-07 09:59:23,-506191135#2,residential|bus_stop,,236.19733776439384,769.6838415951818,37.49840622577806,127.02347432089968,4099.0,536.0,taxi_21,picked
dyn_pax_2037,3565.0,2026-09-07 09:59:25,480850873,company|restaurant|bus_stop,,548.1935052770749,708.5896639848544,37.49791486187585,127.0270163956136,,,,timeout
dyn_pax_2038,3566.0,2026-09-07 09:59:26,1117538958#3,bus_stop,,160.18899290588462,540.6019911995099,37.49632820280781,127.02266936696756,3787.0,221.0,taxi_respawn_32,picked
dyn_pax_2039,3568.0,2026-09-07 09:59:28,-506191135#22,residential|company|restaurant|bus_stop,,38.693950105848444,1321.9513167019495,37.50334380565249,127.02110990869835,3905.0,337.0,taxi_respawn_14,picked
dyn_pax_2040,3569.0,2026-09-07 09:59:29,218873820#0,restaurant|subway_entrance|bus_stop,,628.9829311132032,562.4061665928522,37.49661325243901,127.02796447999128,,,,timeout
dyn_pax_2041,3571.0,2026-09-07 09:59:31,1117538957#3,restaurant|subway_entrance|bus_stop,,465.5082521847807,644.8780924026132,37.49732530507706,127.02609663221197,,,,timeout
dyn_pax_2042,3572.0,2026-09-07 09:59:32,1117538957#3,restaurant|subway_entrance|bus_stop,,465.5082521847807,644.8780924026132,37.49732530507706,127.02609663221197,4159.0,587.0,taxi_7,picked
dyn_pax_2043,3574.0,2026-09-07 09:59:34,1229817205#0,company|subway_entrance|bus_stop,,599.2457558679199,652.2907550986157,37.497417346160496,127.02760695963683,,,,timeout
dyn_pax_2044,3575.0,2026-09-07 09:59:35,521766175#1,company|restaurant|subway_entrance,,332.9365590021661,1411.5585828157227,37.504206724109,127.02441570308932,4002.0,427.0,taxi_respawn_2,picked
dyn_pax_2045,3577.0,2026-09-07 09:59:37,375049565#6,restaurant|subway_entrance|bus_stop,,789.5153251748014,798.8522330112556,37.49877353199428,127.02972351946808,4067.0,490.0,taxi_respawn_32,picked
dyn_pax_2046,3579.0,2026-09-07 09:59:39,521766175#3,company|restaurant|subway_entrance|bus_stop,,373.6701172395771,1298.610217621072,37.50319695740621,127.02490310718325,4072.0,493.0,taxi_10,picked
dyn_pax_2047,3580.0,2026-09-07 09:59:40,-506191135#22,residential|company|restaurant|bus_stop,,38.693950105848444,1321.9513167019495,37.50334380565249,127.02110990869835,3910.0,330.0,taxi_respawn_34,picked
dyn_pax_2048,3580.0,2026-09-07 09:59:40,-379463134#1,restaurant,,479.36604535588674,1259.6870258351425,37.50286630987452,127.02610747054479,3658.0,78.0,taxi_respawn_36,picked
dyn_pax_2049,3581.0,2026-09-07 09:59:41,1229817205#0,company|subway_entrance|bus_stop,,599.2457558679199,652.2907550986157,37.497417346160496,127.02760695963683,,,,timeout
dyn_pax_2050,3582.0,2026-09-07 09:59:42,-506191135#2,residential|bus_stop,,236.19733776439384,769.6838415951818,37.49840622577806,127.02347432089968,,,,timeout
dyn_pax_2051,3582.0,2026-09-07 09:59:42,117823785#0,company|restaurant,,1360.8740206736493,851.0492627492013,37.499351351792384,127.0361713398344,4050.0,468.0,taxi_29,picked
dyn_pax_2052,3583.0,2026-09-07 09:59:43,-417933645#2,company|restaurant|subway_entrance,,701.1658676593129,719.5455833044954,37.49804244093877,127.02874337560036,,,,timeout
dyn_pax_2053,3585.0,2026-09-07 09:59:45,541692164#1,subway_entrance,,271.6277521231475,1406.6420105391767,37.5041508337347,127.02372362926798,3701.0,116.0,taxi_respawn_25,picked
dyn_pax_2054,3586.0,2026-09-07 09:59:46,975332778#1,bus_stop,,681.6099970732737,721.9380561808346,37.49806030190971,127.02852170075586,,,,timeout
dyn_pax_2055,3588.0,2026-09-07 09:59:48,1229817205#0,company|subway_entrance|bus_stop,,599.2457558679199,652.2907550986157,37.497417346160496,127.02760695963683,4409.0,821.0,taxi_respawn_14,picked
dyn_pax_2056,3589.0,2026-09-07 09:59:49,523141074#0,company|restaurant|subway_entrance,,524.0338794858329,871.4890157117229,37.4993777454413,127.02670460634431,4103.0,514.0,taxi_respawn_33,picked
dyn_pax_2057,3591.0,2026-09-07 09:59:51,506191135#3,residential|company|restaurant|bus_stop,,238.79972345576414,789.4714057742513,37.49858497042428,127.023499044737,4130.0,539.0,taxi_37,picked
dyn_pax_2058,3592.0,2026-09-07 09:59:52,521766180#1,company|restaurant|bus_stop,,466.73410130235357,1169.2838037446552,37.502049542882666,127.02598608796039,4085.0,493.0,taxi_12,picked
dyn_pax_2059,3594.0,2026-09-07 09:59:54,506191135#3,residential|company|restaurant|bus_stop,,238.79972345576414,789.4714057742513,37.49858497042428,127.023499044737,,,,timeout
dyn_pax_2060,3595.0,2026-09-07 09:59:55,-506191135#22,residential|company|restaurant|bus_stop,,38.693950105848444,1321.9513167019495,37.50334380565249,127.02110990869835,3923.0,328.0,taxi_respawn_39,picked
dyn_pax_2061,3597.0,2026-09-07 09:59:57,417933642#0,restaurant|bus_stop,,1041.0954363710525,463.30841921497654,37.49579826441859,127.03264736696761,,,,timeout
dyn_pax_2062,3598.0,2026-09-07 09:59:58,-506191135#2,residential|bus_stop,,236.19733776439384,769.6838415951818,37.49840622577806,127.02347432089968,,,,timeout
dyn_pax_2063,3600.0,2026-09-07 10:00:00,417933642#0,restaurant|bus_stop,,1041.0954363710525,463.30841921497654,37.49579826441859,127.03264736696761,,,,timeout
dyn_pax_2064,3605.0,2026-09-07 10:00:05,521770119#3,restaurant,,495.372237145516,1095.557338436544,37.501390805360316,127.0263273901891,4000.0,395.0,taxi_24,picked
dyn_pax_2065,3611.0,2026-09-07 10:00:11,494824662#3,company|restaurant|subway_entrance,,729.424850252167,406.6843378518681,37.49522941823122,127.02913698209235,3976.0,365.0,taxi_31,picked
dyn_pax_2066,3614.0,2026-09-07 10:00:14,-129731717#1,residential|company|restaurant,,188.433090102474,1374.3511058470413,37.503844200149025,127.0227905913032,3664.0,50.0,taxi_respawn_19,picked
dyn_pax_2067,3619.0,2026-09-07 10:00:19,1117538957#3,restaurant|subway_entrance|bus_stop,,465.5082521847807,644.8780924026132,37.49732530507706,127.02609663221197,4106.0,487.0,taxi_11,picked
dyn_pax_2068,3622.0,2026-09-07 10:00:22,117790062#7,restaurant,,610.3314045210797,1078.999817662281,37.50126336859982,127.02763115548898,3737.0,115.0,taxi_respawn_13,picked
dyn_pax_2069,3636.0,2026-09-07 10:00:36,218857636#1,residential|company|restaurant|bus_stop,,297.92905089287035,623.2061345250047,37.49709839153085,127.02420706961871,3950.0,314.0,taxi_7,picked
dyn_pax_2070,3643.0,2026-09-07 10:00:43,-117790051#4,restaurant,,448.3479635094145,1379.7889979949318,37.50394236073409,127.02572824341395,3756.0,113.0,taxi_6,picked
dyn_pax_2071,3666.0,2026-09-07 10:01:06,521766182#1,company|restaurant|subway_entrance,,681.695169875507,539.6867345716422,37.496418539503196,127.02856584056028,4145.0,479.0,taxi_respawn_34,picked
dyn_pax_2072,3667.0,2026-09-07 10:01:07,129731720#0,residential|company|restaurant,,292.10678712231254,1113.150773394943,37.50151085547559,127.02402489828896,3701.0,34.0,taxi_19,picked
dyn_pax_2073,3678.0,2026-09-07 10:01:18,521766180#1,company|restaurant|bus_stop,,466.73410130235357,1169.2838037446552,37.502049542882666,127.02598608796039,4075.0,397.0,taxi_17,picked
dyn_pax_2074,3679.0,2026-09-07 10:01:19,-309155295#4,residential|restaurant,,966.4689567179357,639.4784987131154,37.49737120494098,127.0317619612052,3705.0,26.0,taxi_respawn_30,picked
dyn_pax_2075,3689.0,2026-09-07 10:01:29,-117790045#3,restaurant,,459.7597996777886,1476.3698694609513,37.50481454718326,127.02583436303603,4048.0,359.0,taxi_respawn_1,picked
dyn_pax_2076,3697.0,2026-09-07 10:01:37,-417933645#1,restaurant,,753.9829961438405,551.6859834676363,37.49654027420169,127.02938030242663,3749.0,52.0,taxi_26,picked
dyn_pax_2077,3702.0,2026-09-07 10:01:42,1537068130#0,residential,,915.247444986279,1279.656751811989,37.50312848832193,127.03103134780491,3735.0,33.0,taxi_17,picked
dyn_pax_2078,3725.0,2026-09-07 10:02:05,-417750337#2,restaurant,,578.5487433358253,1191.18897592047,37.50226799999912,127.02724519016736,3912.0,187.0,taxi_30,picked
dyn_pax_2079,3738.0,2026-09-07 10:02:18,-379463124,restaurant,,592.9390816363945,1268.4136255899298,37.5029663815994,127.02738959394404,3823.0,85.0,taxi_29,picked
dyn_pax_2080,3743.0,2026-09-07 10:02:23,-417750337#6,restaurant,,503.6615133291097,1089.1021319971503,37.50133422142063,127.0264226479345,4067.0,324.0,taxi_39,picked
dyn_pax_2081,3748.0,2026-09-07 10:02:28,523141074#0,company|restaurant|subway_entrance,,524.0338794858329,871.4890157117229,37.4993777454413,127.02670460634431,4150.0,402.0,taxi_respawn_25,picked
dyn_pax_2082,3753.0,2026-09-07 10:02:33,379463134#4,restaurant,,574.4815382344308,1284.0756787717605,37.50310398350559,127.02717717678497,3883.0,130.0,taxi_6,picked
dyn_pax_2083,3779.0,2026-09-07 10:02:59,-541692164#2,subway_entrance,,317.7122087179151,1441.0296574375257,37.504469327730426,127.0242365566347,3930.0,151.0,taxi_32,picked
dyn_pax_2084,3793.0,2026-09-07 10:03:13,521770116#2,company|restaurant|bus_stop,,432.3182248087171,1108.514093563608,37.50149560521279,127.02561136613096,3880.0,87.0,taxi_19,picked
dyn_pax_2085,3832.0,2026-09-07 10:03:52,-239954462#0,company,,177.59108854633376,1424.6091910087337,37.50429488616932,127.02265605240045,3856.0,24.0,taxi_respawn_7,picked
dyn_pax_2086,3833.0,2026-09-07 10:03:53,504227069,residential|restaurant,,587.1158993285404,291.7776336445087,37.494167438547194,127.02755526357365,4208.0,375.0,taxi_respawn_2,picked
dyn_pax_2087,3868.0,2026-09-07 10:04:28,129731721#0,company|restaurant,,451.4485582282947,673.334514427724,37.497578992002325,127.0259309178301,5092.0,1224.0,taxi_respawn_38,picked
dyn_pax_2088,3869.0,2026-09-07 10:04:29,521766182#1,company|restaurant|subway_entrance,,681.695169875507,539.6867345716422,37.496418539503196,127.02856584056028,4114.0,245.0,taxi_respawn_23,picked
dyn_pax_2089,3882.0,2026-09-07 10:04:42,379463134#4,restaurant,,574.4815382344308,1284.0756787717605,37.50310398350559,127.02717717678497,4008.0,126.0,taxi_6,picked
dyn_pax_2090,3901.0,2026-09-07 10:05:01,-506191135#22,residential|company|restaurant|bus_stop,,38.693950105848444,1321.9513167019495,37.50334380565249,127.02110990869835,3950.0,49.0,taxi_respawn_7,picked
dyn_pax_2091,3902.0,2026-09-07 10:05:02,521766182#1,company|restaurant|subway_entrance,,681.695169875507,539.6867345716422,37.496418539503196,127.02856584056028,4270.0,368.0,taxi_3,picked
dyn_pax_2092,3908.0,2026-09-07 10:05:08,-913950883#1,residential|company|restaurant,,391.36286393582424,840.6655979518604,37.49907500229157,127.0252118555046,4103.0,195.0,taxi_respawn_13,picked
dyn_pax_2093,3921.0,2026-09-07 10:05:21,417731530,company|restaurant,,191.66975375905443,1429.5779711342507,37.5043423120142,127.02281406437154,3950.0,29.0,taxi_respawn_35,picked
dyn_pax_2094,3932.0,2026-09-07 10:05:32,-506191135#22,residential|company|restaurant|bus_stop,,38.693950105848444,1321.9513167019495,37.50334380565249,127.02110990869835,3990.0,58.0,taxi_respawn_12,picked
dyn_pax_2095,3958.0,2026-09-07 10:05:58,-506191135#2,residential|bus_stop,,236.19733776439384,769.6838415951818,37.49840622577806,127.02347432089968,4111.0,153.0,taxi_respawn_6,picked
dyn_pax_2096,3961.0,2026-09-07 10:06:01,218857636#1,residential|company|restaurant|bus_stop,,297.92905089287035,623.2061345250047,37.49709839153085,127.02420706961871,4060.0,99.0,taxi_22,picked
dyn_pax_2097,4006.0,2026-09-07 10:06:46,417731530,company|restaurant,,191.66975375905443,1429.5779711342507,37.5043423120142,127.02281406437154,4049.0,43.0,taxi_respawn_10,picked
dyn_pax_2098,4026.0,2026-09-07 10:07:06,417750342#0,residential,,845.3624953099543,1340.16590884019,37.50366039527634,127.03022681464076,4206.0,180.0,taxi_respawn_18,picked
dyn_pax_2099,4031.0,2026-09-07 10:07:11,417933645#0,residential|restaurant,,823.1026288816429,385.61625104994533,37.49505730126708,127.03020109557775,4294.0,263.0,taxi_14,picked
dyn_pax_2100,4039.0,2026-09-07 10:07:19,-117790045#1,restaurant,,534.0975884889299,1266.9858058167179,37.502942402865294,127.02672459950128,4068.0,29.0,taxi_19,picked
dyn_pax_2101,4063.0,2026-09-07 10:07:43,504227069,residential|restaurant,,587.1158993285404,291.7776336445087,37.494167438547194,127.02755526357365,4456.0,393.0,taxi_respawn_36,picked
dyn_pax_2102,4071.0,2026-09-07 10:07:51,542367267#1,company|restaurant,,199.26981683313872,1381.121508122661,37.50390724154084,127.02291151664822,4312.0,241.0,taxi_28,picked
dyn_pax_2103,4082.0,2026-09-07 10:08:02,1229817205#1,residential|bus_stop,,631.6400080768872,572.7061575261558,37.49670653972221,127.02799208080955,4167.0,85.0,taxi_25,picked
dyn_pax_2104,4088.0,2026-09-07 10:08:08,-309155295#2,restaurant,,851.6644930724242,598.8503866590313,37.496983571544654,127.03047355257749,4252.0,164.0,taxi_32,picked
dyn_pax_2105,4096.0,2026-09-07 10:08:16,-26163000#3,restaurant,,588.7487146070255,1286.0705793093782,37.50312464930957,127.02733802606956,4189.0,93.0,taxi_respawn_35,picked
dyn_pax_2106,4120.0,2026-09-07 10:08:40,-805827765,restaurant,,955.7439147780814,1157.0835718820576,37.50203194319751,127.03151825266303,4378.0,258.0,taxi_41,picked
dyn_pax_2107,4122.0,2026-09-07 10:08:42,-506191135#22,residential|company|restaurant|bus_stop,,38.693950105848444,1321.9513167019495,37.50334380565249,127.02110990869835,4334.0,212.0,taxi_respawn_19,picked
dyn_pax_2108,4147.0,2026-09-07 10:09:07,-417750337#6,restaurant,,503.6615133291097,1089.1021319971503,37.50133422142063,127.0264226479345,4240.0,93.0,taxi_42,picked
dyn_pax_2109,4155.0,2026-09-07 10:09:15,305539406,company|restaurant|subway_entrance,,566.389495917364,736.5285064605782,37.49816998085155,127.02721550408178,4347.0,192.0,taxi_44,picked
dyn_pax_2110,4156.0,2026-09-07 10:09:16,523141074#0,company|restaurant|subway_entrance,,524.0338794858329,871.4890157117229,37.4993777454413,127.02670460634431,4421.0,265.0,taxi_respawn_28,picked
dyn_pax_2111,4159.0,2026-09-07 10:09:19,-117823785#1,restaurant,,983.1954817367493,635.6880668681273,37.49734021138362,127.03195197441553,4274.0,115.0,taxi_respawn_24,picked
dyn_pax_2112,4164.0,2026-09-07 10:09:24,26163000#0,restaurant,,655.1679463942612,1215.3400880972458,37.50250003106797,127.02810580802628,4184.0,20.0,taxi_43,picked
dyn_pax_2113,4165.0,2026-09-07 10:09:25,218857636#1,residential|company|restaurant|bus_stop,,297.92905089287035,623.2061345250047,37.49709839153085,127.02420706961871,4244.0,79.0,taxi_40,picked
dyn_pax_2114,4176.0,2026-09-07 10:09:36,-129731834#1,residential,,78.2122165689223,720.9585140244731,37.49793738265588,127.02169964763026,4227.0,51.0,taxi_36,picked
dyn_pax_2115,4218.0,2026-09-07 10:10:18,-117823785#1,restaurant,,983.1954817367493,635.6880668681273,37.49734021138362,127.03195197441553,4256.0,38.0,taxi_respawn_39,picked
dyn_pax_2116,4220.0,2026-09-07 10:10:20,379232155,restaurant,,946.0567570824509,480.05346239194995,37.49593120335224,127.03156888346594,4258.0,38.0,taxi_24,picked
dyn_pax_2117,4259.0,2026-09-07 10:10:59,521766175#3,company|restaurant|subway_entrance|bus_stop,,373.6701172395771,1298.610217621072,37.50319695740621,127.02490310718325,4384.0,125.0,taxi_37,picked
dyn_pax_2118,4271.0,2026-09-07 10:11:11,-506191135#22,residential|company|restaurant|bus_stop,,38.693950105848444,1321.9513167019495,37.50334380565249,127.02110990869835,4302.0,31.0,taxi_respawn_5,picked
dyn_pax_2119,4272.0,2026-09-07 10:11:12,-129731717#1,residential|company|restaurant,,188.433090102474,1374.3511058470413,37.503844200149025,127.0227905913032,4296.0,24.0,taxi_1,picked
dyn_pax_2120,4279.0,2026-09-07 10:11:19,-129731858#3,restaurant,,760.2046779472714,898.6469063162286,37.49966698472747,127.02936848203807,4313.0,34.0,taxi_respawn_9,picked
dyn_pax_2121,4282.0,2026-09-07 10:11:22,218873820#0,restaurant|subway_entrance|bus_stop,,628.9829311132032,562.4061665928522,37.49661325243901,127.02796447999128,4600.0,318.0,taxi_respawn_6,picked
dyn_pax_2122,4284.0,2026-09-07 10:11:24,-417750354#1,restaurant,,946.150029211292,974.2465578508335,37.500383078435064,127.03145303198383,4314.0,30.0,taxi_39,picked
dyn_pax_2123,4286.0,2026-09-07 10:11:26,129731720#0,residential|company|restaurant,,292.10678712231254,1113.150773394943,37.50151085547559,127.02402489828896,4486.0,200.0,taxi_13,picked
dyn_pax_2124,4306.0,2026-09-07 10:11:46,521766182#1,company|restaurant|subway_entrance,,681.695169875507,539.6867345716422,37.496418539503196,127.02856584056028,4394.0,88.0,taxi_22,picked
dyn_pax_2125,4313.0,2026-09-07 10:11:53,523141074#0,company|restaurant|subway_entrance,,524.0338794858329,871.4890157117229,37.4993777454413,127.02670460634431,4601.0,288.0,taxi_46,picked
dyn_pax_2126,4340.0,2026-09-07 10:12:20,-541692164#2,subway_entrance,,317.7122087179151,1441.0296574375257,37.504469327730426,127.0242365566347,4515.0,175.0,taxi_respawn_3,picked
dyn_pax_2127,4346.0,2026-09-07 10:12:26,-557469300#1,restaurant,,739.5265057687212,1049.0561556697721,37.5010180173999,127.02909905278416,4363.0,17.0,taxi_43,picked
dyn_pax_2128,4380.0,2026-09-07 10:13:00,379463134#3,restaurant,,544.2510512741843,1273.4484249309019,37.503002538586315,127.0268378740983,4404.0,24.0,taxi_respawn_25,picked
dyn_pax_2129,4381.0,2026-09-07 10:13:01,1229817205#0,company|subway_entrance|bus_stop,,599.2457558679199,652.2907550986157,37.497417346160496,127.02760695963683,4680.0,299.0,taxi_respawn_34,picked
dyn_pax_2130,4395.0,2026-09-07 10:13:15,628232693#0,company|restaurant,,644.2623295929467,660.168099777976,37.49749680792099,127.0281140674837,4456.0,61.0,taxi_49,picked
dyn_pax_2131,4413.0,2026-09-07 10:13:33,504227067#4,residential|restaurant,,502.84500120553366,479.2066548114549,37.49583994070096,127.02655806263846,4420.0,7.0,taxi_35,picked
dyn_pax_2132,4447.0,2026-09-07 10:14:07,-417750337#1,restaurant,,620.0756768942672,1248.4347545200121,37.5027915312318,127.02770116938098,4486.0,39.0,taxi_4,picked
dyn_pax_2133,4448.0,2026-09-07 10:14:08,-309155295#0,restaurant,,747.4684617800942,561.8059110120743,37.49663020867341,127.0293042509181,4458.0,10.0,taxi_respawn_10,picked
dyn_pax_2134,4452.0,2026-09-07 10:14:12,-129731721#2,company|restaurant,,388.6558839574922,820.9778890483499,37.49889713764622,127.02518592115393,4508.0,56.0,taxi_27,picked
dyn_pax_2135,4456.0,2026-09-07 10:14:16,-117790045#1,restaurant,,534.0975884889299,1266.9858058167179,37.502942402865294,127.02672459950128,4473.0,17.0,taxi_respawn_22,picked
dyn_pax_2136,4460.0,2026-09-07 10:14:20,417750337#5,restaurant,,522.3387290339521,1126.7881672814829,37.50167723806998,127.02662489231146,4504.0,44.0,taxi_9,picked
dyn_pax_2137,4465.0,2026-09-07 10:14:25,-129731834#1,residential,,78.2122165689223,720.9585140244731,37.49793738265588,127.02169964763026,4537.0,72.0,taxi_8,picked
dyn_pax_2138,4469.0,2026-09-07 10:14:29,521766180#1,company|restaurant|bus_stop,,466.73410130235357,1169.2838037446552,37.502049542882666,127.02598608796039,4610.0,141.0,taxi_2,picked
dyn_pax_2139,4472.0,2026-09-07 10:14:32,-129731834#1,residential,,78.2122165689223,720.9585140244731,37.49793738265588,127.02169964763026,4543.0,71.0,taxi_30,picked
dyn_pax_2140,4478.0,2026-09-07 10:14:38,-417750354#0,residential,,923.3498430372201,1041.2071047119894,37.5009819832587,127.03117938951307,4521.0,43.0,taxi_10,picked
dyn_pax_2141,4485.0,2026-09-07 10:14:45,379232155,restaurant,,946.0567570824509,480.05346239194995,37.49593120335224,127.03156888346594,4517.0,32.0,taxi_16,picked
dyn_pax_2142,4495.0,2026-09-07 10:14:55,-117790051#4,restaurant,,448.3479635094145,1379.7889979949318,37.50394236073409,127.02572824341395,4530.0,35.0,taxi_respawn_33,picked
dyn_pax_2143,4504.0,2026-09-07 10:15:04,-1011529829#3,residential|restaurant,,246.84006179949273,776.1178104815556,37.49846619888778,127.02359312469504,4527.0,23.0,taxi_respawn_31,picked
dyn_pax_2144,4505.0,2026-09-07 10:15:05,-417933645#2,company|restaurant|subway_entrance,,701.1658676593129,719.5455833044954,37.49804244093877,127.02874337560036,4609.0,104.0,taxi_17,picked
dyn_pax_2145,4507.0,2026-09-07 10:15:07,-379232133,restaurant,,887.8909311741835,528.8139035551092,37.496359489964284,127.03089971288236,4645.0,138.0,taxi_48,picked
dyn_pax_2146,4531.0,2026-09-07 10:15:31,218877837#2,company|restaurant|bus_stop,,479.4555212141038,978.0213907550284,37.500328997763305,127.02617530290202,4812.0,281.0,taxi_23,picked
dyn_pax_2147,4543.0,2026-09-07 10:15:43,504227067#4,residential|restaurant,,502.84500120553366,479.2066548114549,37.49583994070096,127.02655806263846,4568.0,25.0,taxi_respawn_13,picked
dyn_pax_2148,4547.0,2026-09-07 10:15:47,-117790031#1,restaurant,,730.7814463439225,1053.3410552584976,37.501054966737435,127.02899915797848,4593.0,46.0,taxi_40,picked
dyn_pax_2149,4555.0,2026-09-07 10:15:55,-379463134#2,restaurant,,527.5499142349145,1277.2476095039178,37.503033607059436,127.02664812966836,4567.0,12.0,taxi_41,picked
dyn_pax_2150,4604.0,2026-09-07 10:16:44,-129731834#1,residential,,78.2122165689223,720.9585140244731,37.49793738265588,127.02169964763026,4705.0,101.0,taxi_respawn_32,picked
dyn_pax_2151,4607.0,2026-09-07 10:16:47,628232693#0,company|restaurant,,644.2623295929467,660.168099777976,37.49749680792099,127.0281140674837,4749.0,142.0,taxi_3,picked
dyn_pax_2152,4636.0,2026-09-07 10:17:16,178441450#1,residential|company|restaurant|bus_stop,,282.90243066757296,609.4157395563556,37.496971320837204,127.02404044855805,5677.0,1041.0,taxi_respawn_35,picked
dyn_pax_2153,4682.0,2026-09-07 10:18:02,-117790045#1,restaurant,,534.0975884889299,1266.9858058167179,37.502942402865294,127.02672459950128,4712.0,30.0,taxi_respawn_18,picked
dyn_pax_2154,4688.0,2026-09-07 10:18:08,506191135#3,residential|company|restaurant|bus_stop,,238.79972345576414,789.4714057742513,37.49858497042428,127.023499044737,4706.0,18.0,taxi_respawn_42,picked
dyn_pax_2155,4692.0,2026-09-07 10:18:12,-117823785#1,restaurant,,983.1954817367493,635.6880668681273,37.49734021138362,127.03195197441553,4748.0,56.0,taxi_respawn_36,picked
dyn_pax_2156,4709.0,2026-09-07 10:18:29,-557469300#1,restaurant,,739.5265057687212,1049.0561556697721,37.5010180173999,127.02909905278416,4778.0,69.0,taxi_26,picked
dyn_pax_2157,4728.0,2026-09-07 10:18:48,218873820#0,restaurant|subway_entrance|bus_stop,,628.9829311132032,562.4061665928522,37.49661325243901,127.02796447999128,4866.0,138.0,taxi_16,picked
dyn_pax_2158,4734.0,2026-09-07 10:18:54,117790051#4,restaurant,,495.1920534812603,1378.4842065286966,37.50393946166789,127.02625823552458,4755.0,21.0,taxi_respawn_41,picked
dyn_pax_2159,4738.0,2026-09-07 10:18:58,417933645#0,residential|restaurant,,823.1026288816429,385.61625104994533,37.49505730126708,127.03020109557775,4762.0,24.0,taxi_28,picked
dyn_pax_2160,4749.0,2026-09-07 10:19:09,521766175#3,company|restaurant|subway_entrance|bus_stop,,373.6701172395771,1298.610217621072,37.50319695740621,127.02490310718325,4888.0,139.0,taxi_1,picked
dyn_pax_2161,4750.0,2026-09-07 10:19:10,-129731717#1,residential|company|restaurant,,188.433090102474,1374.3511058470413,37.503844200149025,127.0227905913032,4787.0,37.0,taxi_49,picked
dyn_pax_2162,4751.0,2026-09-07 10:19:11,-506191135#22,residential|company|restaurant|bus_stop,,38.693950105848444,1321.9513167019495,37.50334380565249,127.02110990869835,4787.0,36.0,taxi_respawn_25,picked
dyn_pax_2163,4764.0,2026-09-07 10:19:24,218877837#2,company|restaurant|bus_stop,,479.4555212141038,978.0213907550284,37.500328997763305,127.02617530290202,5091.0,327.0,taxi_35,picked
dyn_pax_2164,4785.0,2026-09-07 10:19:45,417933645#0,residential|restaurant,,823.1026288816429,385.61625104994533,37.49505730126708,127.03020109557775,4806.0,21.0,taxi_24,picked
dyn_pax_2165,4797.0,2026-09-07 10:19:57,521766175#3,company|restaurant|subway_entrance|bus_stop,,373.6701172395771,1298.610217621072,37.50319695740621,127.02490310718325,4974.0,177.0,taxi_respawn_16,picked
dyn_pax_2166,4798.0,2026-09-07 10:19:58,-417933645#2,company|restaurant|subway_entrance,,701.1658676593129,719.5455833044954,37.49804244093877,127.02874337560036,4876.0,78.0,taxi_42,picked
dyn_pax_2167,4827.0,2026-09-07 10:20:27,-129731717#1,residential|company|restaurant,,188.433090102474,1374.3511058470413,37.503844200149025,127.0227905913032,4851.0,24.0,taxi_37,picked
dyn_pax_2168,4842.0,2026-09-07 10:20:42,1229817205#0,company|subway_entrance|bus_stop,,599.2457558679199,652.2907550986157,37.497417346160496,127.02760695963683,4950.0,108.0,taxi_41,picked
dyn_pax_2169,4851.0,2026-09-07 10:20:51,1056882877#3,residential|company|restaurant,,365.79280968467333,433.0557487307964,37.495398294451746,127.02501948586043,4924.0,73.0,taxi_5,picked
dyn_pax_2170,4856.0,2026-09-07 10:20:56,219837933#0,residential|company,,49.0199205680682,1328.1480294371383,37.503401583976704,127.02122519296726,4952.0,96.0,taxi_31,picked
dyn_pax_2171,4868.0,2026-09-07 10:21:08,1056882877#3,residential|company|restaurant,,365.79280968467333,433.0557487307964,37.495398294451746,127.02501948586043,4932.0,64.0,taxi_respawn_10,picked
dyn_pax_2172,4874.0,2026-09-07 10:21:14,-376649996#1,company,,349.947152138941,1.6182517984103069,37.49150877654974,127.02494272030683,4950.0,76.0,taxi_43,picked
dyn_pax_2173,4876.0,2026-09-07 10:21:16,417750337#3,restaurant,,561.9223834850405,1183.7905002369655,37.50219821136863,127.02705894855978,,,,unpicked
dyn_pax_2174,4888.0,2026-09-07 10:21:28,-309155295#1,residential|restaurant,,820.2174803017108,588.0239695218922,37.496880113093034,127.03012056506905,4902.0,14.0,taxi_respawn_22,picked
dyn_pax_2175,4892.0,2026-09-07 10:21:32,-256787796#7,restaurant,,650.4923169509016,809.9698095387197,37.49884744554127,127.02814900895488,4928.0,36.0,taxi_respawn_11,picked
dyn_pax_2176,4894.0,2026-09-07 10:21:34,417750337#3,restaurant,,561.9223834850405,1183.7905002369655,37.50219821136863,127.02705894855978,,,,unpicked
dyn_pax_2177,4909.0,2026-09-07 10:21:49,218873820#0,restaurant|subway_entrance|bus_stop,,628.9829311132032,562.4061665928522,37.49661325243901,127.02796447999128,5216.0,307.0,taxi_respawn_32,picked
dyn_pax_2178,4940.0,2026-09-07 10:22:20,117823785#0,company|restaurant,,1360.8740206736493,851.0492627492013,37.499351351792384,127.0361713398344,5021.0,81.0,taxi_3,picked
dyn_pax_2179,4960.0,2026-09-07 10:22:40,178441450#1,residential|company|restaurant|bus_stop,,282.90243066757296,609.4157395563556,37.496971320837204,127.02404044855805,5003.0,43.0,taxi_respawn_45,picked
dyn_pax_2180,4964.0,2026-09-07 10:22:44,506191135#3,residential|company|restaurant|bus_stop,,238.79972345576414,789.4714057742513,37.49858497042428,127.023499044737,5018.0,54.0,taxi_0,picked
dyn_pax_2181,4969.0,2026-09-07 10:22:49,-417933646#1,residential|restaurant,,826.6019869456061,577.8075382253838,37.49678928421788,127.03019516859905,4987.0,18.0,taxi_respawn_21,picked
dyn_pax_2182,4978.0,2026-09-07 10:22:58,-117790031#1,restaurant,,730.7814463439225,1053.3410552584976,37.501054966737435,127.02899915797848,5014.0,36.0,taxi_17,picked
dyn_pax_2183,4984.0,2026-09-07 10:23:04,521766175#1,company|restaurant|subway_entrance,,332.9365590021661,1411.5585828157227,37.504206724109,127.02441570308932,5012.0,28.0,taxi_respawn_1,picked
dyn_pax_2184,4986.0,2026-09-07 10:23:06,628232693#0,company|restaurant,,644.2623295929467,660.168099777976,37.49749680792099,127.0281140674837,5055.0,69.0,taxi_40,picked
dyn_pax_2185,4987.0,2026-09-07 10:23:07,-129731721#2,company|restaurant,,388.6558839574922,820.9778890483499,37.49889713764622,127.02518592115393,5069.0,82.0,taxi_respawn_36,picked
dyn_pax_2186,4993.0,2026-09-07 10:23:13,-117790045#3,restaurant,,459.7597996777886,1476.3698694609513,37.50481454718326,127.02583436303603,5031.0,38.0,taxi_12,picked
dyn_pax_2187,5002.0,2026-09-07 10:23:22,-557469300#1,restaurant,,739.5265057687212,1049.0561556697721,37.5010180173999,127.02909905278416,5016.0,14.0,taxi_respawn_25,picked
dyn_pax_2188,5059.0,2026-09-07 10:24:19,379463134#3,restaurant,,544.2510512741843,1273.4484249309019,37.503002538586315,127.0268378740983,5076.0,17.0,taxi_respawn_42,picked
dyn_pax_2189,5060.0,2026-09-07 10:24:20,-129731858#3,restaurant,,760.2046779472714,898.6469063162286,37.49966698472747,127.02936848203807,5116.0,56.0,taxi_11,picked
dyn_pax_2190,5074.0,2026-09-07 10:24:34,218857636#1,residential|company|restaurant|bus_stop,,297.92905089287035,623.2061345250047,37.49709839153085,127.02420706961871,5948.0,874.0,taxi_45,picked
dyn_pax_2191,5084.0,2026-09-07 10:24:44,-256787796#1,restaurant,,578.741609978934,1014.5790766049616,37.500677080058935,127.02728924469663,5099.0,15.0,taxi_respawn_33,picked
dyn_pax_2192,5086.0,2026-09-07 10:24:46,1117538957#0,company|restaurant,,312.91680439510856,589.5311930299885,37.49679787270139,127.0243845203811,5858.0,772.0,taxi_27,picked
dyn_pax_2193,5087.0,2026-09-07 10:24:47,-1056882877#5,company|restaurant,,302.41102899925136,583.0415396467946,37.496737424712585,127.0242672800979,5102.0,15.0,taxi_respawn_10,picked
dyn_pax_2194,5092.0,2026-09-07 10:24:52,-117790045#1,restaurant,,534.0975884889299,1266.9858058167179,37.502942402865294,127.02672459950128,5415.0,323.0,taxi_49,picked
dyn_pax_2195,5097.0,2026-09-07 10:24:57,218857636#1,residential|company|restaurant|bus_stop,,297.92905089287035,623.2061345250047,37.49709839153085,127.02420706961871,5861.0,764.0,taxi_respawn_8,picked
dyn_pax_2196,5099.0,2026-09-07 10:24:59,417933642#0,restaurant|bus_stop,,1041.0954363710525,463.30841921497654,37.49579826441859,127.03264736696761,5171.0,72.0,taxi_47,picked
dyn_pax_2197,5121.0,2026-09-07 10:25:21,129731834#0,school,,229.35227593843302,780.2499709424674,37.498500113124294,127.02339441737757,5152.0,31.0,taxi_37,picked
dyn_pax_2198,5126.0,2026-09-07 10:25:26,975332778#0,restaurant,,667.9217791522676,716.9366930139246,37.49801266412058,127.02836812020041,5347.0,221.0,taxi_respawn_14,picked
dyn_pax_2199,5155.0,2026-09-07 10:25:55,117790039#3,restaurant,,1021.8645860465238,1004.4924062015546,37.500669811640854,127.03230197280303,5169.0,14.0,taxi_respawn_43,picked
dyn_pax_2200,5156.0,2026-09-07 10:25:56,218857636#1,residential|company|restaurant|bus_stop,,297.92905089287035,623.2061345250047,37.49709839153085,127.02420706961871,5160.0,4.0,taxi_respawn_44,picked
dyn_pax_2201,5167.0,2026-09-07 10:26:07,256787796#5,restaurant,,616.3422671393917,878.7532899245961,37.49946062055924,127.02774658517313,5244.0,77.0,taxi_respawn_34,picked
dyn_pax_2202,5175.0,2026-09-07 10:26:15,521766182#1,company|restaurant|subway_entrance,,681.695169875507,539.6867345716422,37.496418539503196,127.02856584056028,5230.0,55.0,taxi_1,picked
dyn_pax_2203,5179.0,2026-09-07 10:26:19,218864491#0,restaurant|bus_stop,,769.9803916976219,760.1217113917903,37.49842094941813,127.02951181742357,5359.0,180.0,taxi_respawn_19,picked
dyn_pax_2204,5236.0,2026-09-07 10:27:16,521770119#3,restaurant,,495.372237145516,1095.557338436544,37.501390805360316,127.0263273901891,5738.0,502.0,taxi_4,picked
dyn_pax_2205,5239.0,2026-09-07 10:27:19,-117790045#2,restaurant,,502.6238788004042,1360.6315306450858,37.50378004402999,127.0263465049606,5256.0,17.0,taxi_respawn_24,picked
dyn_pax_2206,5242.0,2026-09-07 10:27:22,417933642#2,residential|restaurant,,976.5976168723116,645.9370182109647,37.49743129415275,127.0318749523804,5248.0,6.0,taxi_respawn_7,picked
dyn_pax_2207,5245.0,2026-09-07 10:27:25,-913950883#1,residential|company|restaurant,,391.36286393582424,840.6655979518604,37.49907500229157,127.0252118555046,5317.0,72.0,taxi_32,picked
dyn_pax_2208,5250.0,2026-09-07 10:27:30,805827757#0,restaurant,,762.3138727549854,912.1862152730512,37.49978934916138,127.02938912364917,5284.0,34.0,taxi_14,picked
dyn_pax_2209,5271.0,2026-09-07 10:27:51,-309155295#4,residential|restaurant,,966.4689567179357,639.4784987131154,37.49737120494098,127.0317619612052,5339.0,68.0,taxi_5,picked
dyn_pax_2210,5274.0,2026-09-07 10:27:54,218877837#2,company|restaurant|bus_stop,,479.4555212141038,978.0213907550284,37.500328997763305,127.02617530290202,5983.0,709.0,taxi_16,picked
dyn_pax_2211,5285.0,2026-09-07 10:28:05,-129731717#1,residential|company|restaurant,,188.433090102474,1374.3511058470413,37.503844200149025,127.0227905913032,5326.0,41.0,taxi_respawn_1,picked
dyn_pax_2212,5287.0,2026-09-07 10:28:07,805827757#0,restaurant,,762.3138727549854,912.1862152730512,37.49978934916138,127.02938912364917,5327.0,40.0,taxi_46,picked
dyn_pax_2213,5306.0,2026-09-07 10:28:26,521766180#1,company|restaurant|bus_stop,,466.73410130235357,1169.2838037446552,37.502049542882666,127.02598608796039,5605.0,299.0,taxi_23,picked
dyn_pax_2214,5332.0,2026-09-07 10:28:52,480850873,company|restaurant|bus_stop,,548.1935052770749,708.5896639848544,37.49791486187585,127.0270163956136,,,,unpicked
dyn_pax_2215,5337.0,2026-09-07 10:28:57,480850873,company|restaurant|bus_stop,,548.1935052770749,708.5896639848544,37.49791486187585,127.0270163956136,5343.0,6.0,taxi_13,picked
dyn_pax_2216,5343.0,2026-09-07 10:29:03,-117823785#1,restaurant,,983.1954817367493,635.6880668681273,37.49734021138362,127.03195197441553,5384.0,41.0,taxi_respawn_11,picked
dyn_pax_2217,5371.0,2026-09-07 10:29:31,417933646#0,restaurant,,894.2617302193242,410.3206078764906,37.49529326349135,127.03099977850056,5393.0,22.0,taxi_respawn_38,picked
dyn_pax_2218,5414.0,2026-09-07 10:30:14,-379463130#1,restaurant,,595.1104652489141,1131.7345077296688,37.50173554422087,127.02744655088388,5528.0,114.0,taxi_19,picked
dyn_pax_2219,5419.0,2026-09-07 10:30:19,504509918#0,residential|restaurant,,511.83203920742636,882.9034728009249,37.49947826486711,127.02656393710718,5427.0,8.0,taxi_respawn_33,picked
dyn_pax_2220,5424.0,2026-09-07 10:30:24,-379232161#3,restaurant,,957.578372934647,431.27964063812743,37.495494003443426,127.03171068469486,5453.0,29.0,taxi_48,picked
dyn_pax_2221,5437.0,2026-09-07 10:30:37,-417750354#0,residential,,923.3498430372201,1041.2071047119894,37.5009819832587,127.03117938951307,5456.0,19.0,taxi_respawn_37,picked
dyn_pax_2222,5450.0,2026-09-07 10:30:50,-26163000#1,restaurant,,613.3034084576574,1234.0026207389662,37.50266024308643,127.02762801542576,5467.0,17.0,taxi_46,picked
dyn_pax_2223,5479.0,2026-09-07 10:31:19,520307304#0,school|subway_entrance|bus_stop,,602.6035134310263,763.145495629718,37.498416594724866,127.02761864854104,5485.0,6.0,taxi_respawn_46,picked
dyn_pax_2224,5489.0,2026-09-07 10:31:29,239962780#1,company|restaurant,,78.091042197054,1418.7355011637856,37.504223128704645,127.02153236485597,5520.0,31.0,taxi_respawn_25,picked
dyn_pax_2225,5492.0,2026-09-07 10:31:32,218873820#0,restaurant|subway_entrance|bus_stop,,628.9829311132032,562.4061665928522,37.49661325243901,127.02796447999128,5591.0,99.0,taxi_respawn_36,picked
dyn_pax_2226,5505.0,2026-09-07 10:31:45,-117790039#4,restaurant,,976.1736160857955,1107.3942396063046,37.50158817580974,127.03176100793065,5538.0,33.0,taxi_respawn_49,picked
dyn_pax_2227,5507.0,2026-09-07 10:31:47,-129731717#1,residential|company|restaurant,,188.433090102474,1374.3511058470413,37.503844200149025,127.0227905913032,5513.0,6.0,taxi_respawn_1,picked
dyn_pax_2228,5515.0,2026-09-07 10:31:55,178441450#1,residential|company|restaurant|bus_stop,,282.90243066757296,609.4157395563556,37.496971320837204,127.02404044855805,5570.0,55.0,taxi_respawn_20,picked
dyn_pax_2229,5516.0,2026-09-07 10:31:56,-1011529829#3,residential|restaurant,,246.84006179949273,776.1178104815556,37.49846619888778,127.02359312469504,5555.0,39.0,taxi_40,picked
dyn_pax_2230,5522.0,2026-09-07 10:32:02,117790051#4,restaurant,,495.1920534812603,1378.4842065286966,37.50393946166789,127.02625823552458,5548.0,26.0,taxi_35,picked
dyn_pax_2231,5534.0,2026-09-07 10:32:14,417750337#5,restaurant,,522.3387290339521,1126.7881672814829,37.50167723806998,127.02662489231146,5756.0,222.0,taxi_respawn_43,picked
dyn_pax_2232,5539.0,2026-09-07 10:32:19,-506191135#22,residential|company|restaurant|bus_stop,,38.693950105848444,1321.9513167019495,37.50334380565249,127.02110990869835,5565.0,26.0,taxi_14,picked
dyn_pax_2233,5540.0,2026-09-07 10:32:20,541692164#1,subway_entrance,,271.6277521231475,1406.6420105391767,37.5041508337347,127.02372362926798,5594.0,54.0,taxi_respawn_41,picked
dyn_pax_2234,5548.0,2026-09-07 10:32:28,417933642#2,residential|restaurant,,976.5976168723116,645.9370182109647,37.49743129415275,127.0318749523804,5696.0,148.0,taxi_34,picked
dyn_pax_2235,5558.0,2026-09-07 10:32:38,218864491#0,restaurant|bus_stop,,769.9803916976219,760.1217113917903,37.49842094941813,127.02951181742357,5644.0,86.0,taxi_1,picked
dyn_pax_2236,5596.0,2026-09-07 10:33:16,802110008,restaurant,,567.9368588148042,1294.4290295528247,37.503196013251454,127.02710071947062,5788.0,192.0,taxi_respawn_15,picked
dyn_pax_2237,5619.0,2026-09-07 10:33:39,117823785#0,company|restaurant,,1360.8740206736493,851.0492627492013,37.499351351792384,127.0361713398344,5743.0,124.0,taxi_46,picked
dyn_pax_2238,5655.0,2026-09-07 10:34:15,129731859#3,restaurant,,873.6090416568148,941.272009001338,37.50007235670303,127.03064062663523,5674.0,19.0,taxi_respawn_28,picked
dyn_pax_2239,5657.0,2026-09-07 10:34:17,990628460#0,restaurant,,624.9193131653682,704.9656163236222,37.49789670602668,127.02788475117727,5709.0,52.0,taxi_0,picked
dyn_pax_2240,5694.0,2026-09-07 10:34:54,494824662#3,company|restaurant|subway_entrance,,729.424850252167,406.6843378518681,37.49522941823122,127.02913698209235,5700.0,6.0,taxi_respawn_13,picked
dyn_pax_2241,5696.0,2026-09-07 10:34:56,117790039#0,restaurant,,1059.1652257347846,901.0190091909938,37.49974471524068,127.0327481916661,5719.0,23.0,taxi_24,picked
dyn_pax_2242,5704.0,2026-09-07 10:35:04,-26163000#3,restaurant,,588.7487146070255,1286.0705793093782,37.50312464930957,127.02733802606956,5722.0,18.0,taxi_respawn_32,picked
dyn_pax_2243,5707.0,2026-09-07 10:35:07,-417933645#2,company|restaurant|subway_entrance,,701.1658676593129,719.5455833044954,37.49804244093877,127.02874337560036,5769.0,62.0,taxi_respawn_52,picked
dyn_pax_2244,5732.0,2026-09-07 10:35:32,506191135#3,residential|company|restaurant|bus_stop,,238.79972345576414,789.4714057742513,37.49858497042428,127.023499044737,5764.0,32.0,taxi_41,picked
dyn_pax_2245,5751.0,2026-09-07 10:35:51,506191135#3,residential|company|restaurant|bus_stop,,238.79972345576414,789.4714057742513,37.49858497042428,127.023499044737,5781.0,30.0,taxi_38,picked
dyn_pax_2246,5763.0,2026-09-07 10:36:03,-256787796#4,restaurant,,620.2926176327408,895.5374521094307,37.49961256354246,127.02778727239327,5793.0,30.0,taxi_35,picked
dyn_pax_2247,5768.0,2026-09-07 10:36:08,417933642#2,residential|restaurant,,976.5976168723116,645.9370182109647,37.49743129415275,127.0318749523804,5793.0,25.0,taxi_respawn_42,picked
dyn_pax_2248,5773.0,2026-09-07 10:36:13,-805827765,restaurant,,955.7439147780814,1157.0835718820576,37.50203194319751,127.03151825266303,5786.0,13.0,taxi_respawn_34,picked
dyn_pax_2249,5787.0,2026-09-07 10:36:27,309155295#0,company|restaurant,,688.2712938579457,529.5739965525526,37.49632868191341,127.02864258735015,5818.0,31.0,taxi_42,picked
dyn_pax_2250,5811.0,2026-09-07 10:36:51,-117790039#2,company|restaurant,,1017.0012393074795,990.846024966068,37.5005459641277,127.03225021068775,5824.0,13.0,taxi_10,picked
dyn_pax_2251,5814.0,2026-09-07 10:36:54,-417750337#0,restaurant,,672.8749254632385,1321.3640627464144,37.50345847130562,127.02828089713113,5839.0,25.0,taxi_respawn_25,picked
dyn_pax_2252,5817.0,2026-09-07 10:36:57,990628460#0,restaurant,,624.9193131653682,704.9656163236222,37.49789670602668,127.02788475117727,5894.0,77.0,taxi_respawn_14,picked
dyn_pax_2253,5838.0,2026-09-07 10:37:18,218873820#0,restaurant|subway_entrance|bus_stop,,628.9829311132032,562.4061665928522,37.49661325243901,127.02796447999128,5852.0,14.0,taxi_respawn_33,picked
dyn_pax_2254,5840.0,2026-09-07 10:37:20,480850873,company|restaurant|bus_stop,,548.1935052770749,708.5896639848544,37.49791486187585,127.0270163956136,6075.0,235.0,taxi_43,picked
dyn_pax_2255,5850.0,2026-09-07 10:37:30,-256787796#7,restaurant,,650.4923169509016,809.9698095387197,37.49884744554127,127.02814900895488,5921.0,71.0,taxi_17,picked
dyn_pax_2256,5858.0,2026-09-07 10:37:38,504227066#0,restaurant,,519.2210823013057,487.78345043316773,37.49592029712161,127.02674117912406,5888.0,30.0,taxi_respawn_29,picked
dyn_pax_2257,5864.0,2026-09-07 10:37:44,-506191135#2,residential|bus_stop,,236.19733776439384,769.6838415951818,37.49840622577806,127.02347432089968,5873.0,9.0,taxi_respawn_49,picked
dyn_pax_2258,5866.0,2026-09-07 10:37:46,117790039#3,restaurant,,1021.8645860465238,1004.4924062015546,37.500669811640854,127.03230197280303,5886.0,20.0,taxi_respawn_20,picked
dyn_pax_2259,5876.0,2026-09-07 10:37:56,117790041#3,restaurant,,485.8172797724441,1249.4366376844557,37.50277519064896,127.0261828476699,5892.0,16.0,taxi_respawn_11,picked
dyn_pax_2260,5891.0,2026-09-07 10:38:11,-256787796#8,restaurant,,666.7735412908731,765.3811461974922,37.49844885044044,127.02834365925706,6073.0,182.0,taxi_49,picked
dyn_pax_2261,5905.0,2026-09-07 10:38:25,-504509918#2,company|restaurant|bus_stop,,398.9694242295193,827.4758220967593,37.49895762305832,127.02530099003066,5941.0,36.0,taxi_19,picked
dyn_pax_2262,5911.0,2026-09-07 10:38:31,-417933646#1,residential|restaurant,,826.6019869456061,577.8075382253838,37.49678928421788,127.03019516859905,5921.0,10.0,taxi_8,picked
dyn_pax_2263,5923.0,2026-09-07 10:38:43,305539406,company|restaurant|subway_entrance,,566.389495917364,736.5285064605782,37.49816998085155,127.02721550408178,6049.0,126.0,taxi_respawn_18,picked
dyn_pax_2264,5925.0,2026-09-07 10:38:45,417750337#5,restaurant,,522.3387290339521,1126.7881672814829,37.50167723806998,127.02662489231146,6373.0,448.0,taxi_47,picked
dyn_pax_2265,5929.0,2026-09-07 10:38:49,218857636#1,residential|company|restaurant|bus_stop,,297.92905089287035,623.2061345250047,37.49709839153085,127.02420706961871,7208.0,1279.0,taxi_respawn_13,picked
dyn_pax_2266,5939.0,2026-09-07 10:38:59,379463134#0,company,,445.604196565268,1237.9330600893716,37.50266396162017,127.02573088108544,5967.0,28.0,taxi_respawn_37,picked
dyn_pax_2267,5957.0,2026-09-07 10:39:17,1229817205#0,company|subway_entrance|bus_stop,,599.2457558679199,652.2907550986157,37.497417346160496,127.02760695963683,6036.0,79.0,taxi_respawn_35,picked
dyn_pax_2268,5962.0,2026-09-07 10:39:22,117790039#3,restaurant,,1021.8645860465238,1004.4924062015546,37.500669811640854,127.03230197280303,5987.0,25.0,taxi_32,picked
dyn_pax_2269,6003.0,2026-09-07 10:40:03,129731859#0,restaurant,,636.6446621144157,858.1896913104493,37.49927921090336,127.0279810114602,6100.0,97.0,taxi_respawn_21,picked
dyn_pax_2270,6006.0,2026-09-07 10:40:06,117790039#0,restaurant,,1059.1652257347846,901.0190091909938,37.49974471524068,127.0327481916661,6079.0,73.0,taxi_respawn_19,picked
dyn_pax_2271,6012.0,2026-09-07 10:40:12,521766175#1,company|restaurant|subway_entrance,,332.9365590021661,1411.5585828157227,37.504206724109,127.02441570308932,6047.0,35.0,taxi_respawn_8,picked
dyn_pax_2272,6017.0,2026-09-07 10:40:17,-542367267#0,company,,179.75773525047865,1390.7576253945435,37.50399035207237,127.02268859703804,6050.0,33.0,taxi_5,picked
dyn_pax_2273,6018.0,2026-09-07 10:40:18,520307304#0,school|subway_entrance|bus_stop,,602.6035134310263,763.145495629718,37.498416594724866,127.02761864854104,6065.0,47.0,taxi_42,picked
dyn_pax_2274,6025.0,2026-09-07 10:40:25,218864491#0,restaurant|bus_stop,,769.9803916976219,760.1217113917903,37.49842094941813,127.02951181742357,6089.0,64.0,taxi_respawn_55,picked
dyn_pax_2275,6042.0,2026-09-07 10:40:42,129731859#4,restaurant,,948.3176585840322,968.5888771831698,37.50033252074231,127.03147887955224,6061.0,19.0,taxi_48,picked
dyn_pax_2276,6043.0,2026-09-07 10:40:43,117790045#2,restaurant,,537.9561568342307,1283.7183624175188,37.50309386389003,127.02676426064505,6062.0,19.0,taxi_44,picked
dyn_pax_2277,6072.0,2026-09-07 10:41:12,521766182#1,company|restaurant|subway_entrance,,681.695169875507,539.6867345716422,37.496418539503196,127.02856584056028,6086.0,14.0,taxi_38,picked
dyn_pax_2278,6098.0,2026-09-07 10:41:38,-129731717#1,residential|company|restaurant,,188.433090102474,1374.3511058470413,37.503844200149025,127.0227905913032,6122.0,24.0,taxi_30,picked
dyn_pax_2279,6114.0,2026-09-07 10:41:54,129731721#0,company|restaurant,,451.4485582282947,673.334514427724,37.497578992002325,127.0259309178301,7076.0,962.0,taxi_13,picked
dyn_pax_2280,6134.0,2026-09-07 10:42:14,256787796#6,restaurant,,626.4884087870183,851.7135990963859,37.499218954480725,127.02786771303293,6154.0,20.0,taxi_respawn_14,picked
dyn_pax_2281,6135.0,2026-09-07 10:42:15,628232693#0,company|restaurant,,644.2623295929467,660.168099777976,37.49749680792099,127.0281140674837,6365.0,230.0,taxi_16,picked
dyn_pax_2282,6147.0,2026-09-07 10:42:27,129731859#1,restaurant,,770.318180095484,905.1374216517651,37.499727361620906,127.02948129560598,6199.0,52.0,taxi_25,picked
dyn_pax_2283,6153.0,2026-09-07 10:42:33,305539406,company|restaurant|subway_entrance,,566.389495917364,736.5285064605782,37.49816998085155,127.02721550408178,6234.0,81.0,taxi_0,picked
dyn_pax_2284,6169.0,2026-09-07 10:42:49,480850873,company|restaurant|bus_stop,,548.1935052770749,708.5896639848544,37.49791486187585,127.0270163956136,6434.0,265.0,taxi_respawn_23,picked
dyn_pax_2285,6172.0,2026-09-07 10:42:52,-117823785#1,restaurant,,983.1954817367493,635.6880668681273,37.49734021138362,127.03195197441553,6183.0,11.0,taxi_respawn_41,picked
dyn_pax_2286,6177.0,2026-09-07 10:42:57,-379463124,restaurant,,592.9390816363945,1268.4136255899298,37.5029663815994,127.02738959394404,6197.0,20.0,taxi_17,picked
dyn_pax_2287,6188.0,2026-09-07 10:43:08,117790045#3,restaurant,,504.6202003222114,1382.6101305390487,37.50397841113055,127.02636386411817,6214.0,26.0,taxi_respawn_11,picked
dyn_pax_2288,6211.0,2026-09-07 10:43:31,375049565#6,restaurant|subway_entrance|bus_stop,,789.5153251748014,798.8522330112556,37.49877353199428,127.02972351946808,6233.0,22.0,taxi_respawn_25,picked
dyn_pax_2289,6227.0,2026-09-07 10:43:47,-117790039#4,restaurant,,976.1736160857955,1107.3942396063046,37.50158817580974,127.03176100793065,6273.0,46.0,taxi_respawn_26,picked
dyn_pax_2290,6243.0,2026-09-07 10:44:03,129731852,restaurant,,626.5739131314494,885.3301415107766,37.499521799012015,127.0278607124155,6252.0,9.0,taxi_22,picked
dyn_pax_2291,6265.0,2026-09-07 10:44:25,1229817205#1,residential|bus_stop,,631.6400080768872,572.7061575261558,37.49670653972221,127.02799208080955,6309.0,44.0,taxi_38,picked
dyn_pax_2292,6273.0,2026-09-07 10:44:33,-1537068129#0,restaurant,,962.1540281232122,1146.7630824504436,37.50194018104768,127.03159317410272,6295.0,22.0,taxi_46,picked
dyn_pax_2293,6304.0,2026-09-07 10:45:04,521770116#2,company|restaurant|bus_stop,,432.3182248087171,1108.514093563608,37.50149560521279,127.02561136613096,6613.0,309.0,taxi_11,picked
dyn_pax_2294,6311.0,2026-09-07 10:45:11,521770119#1,restaurant|bus_stop,,527.3115514435282,995.8620162900467,37.50049875494786,127.02671217090477,6396.0,85.0,taxi_respawn_48,picked
dyn_pax_2295,6326.0,2026-09-07 10:45:26,-256787796#4,restaurant,,620.2926176327408,895.5374521094307,37.49961256354246,127.02778727239327,6442.0,116.0,taxi_respawn_46,picked
dyn_pax_2296,6338.0,2026-09-07 10:45:38,129731721#0,company|restaurant,,451.4485582282947,673.334514427724,37.497578992002325,127.0259309178301,7256.0,918.0,taxi_40,picked
dyn_pax_2297,6339.0,2026-09-07 10:45:39,-129731834#1,residential,,78.2122165689223,720.9585140244731,37.49793738265588,127.02169964763026,6448.0,109.0,taxi_1,picked
dyn_pax_2298,6341.0,2026-09-07 10:45:41,129731857#2,company,,789.9847076009492,845.2662126154856,37.499191732762846,127.02971783662417,6427.0,86.0,taxi_23,picked
dyn_pax_2299,6346.0,2026-09-07 10:45:46,975332778#0,restaurant,,667.9217791522676,716.9366930139246,37.49801266412058,127.02836812020041,6436.0,90.0,taxi_respawn_30,picked
dyn_pax_2300,6355.0,2026-09-07 10:45:55,520307304#0,school|subway_entrance|bus_stop,,602.6035134310263,763.145495629718,37.498416594724866,127.02761864854104,6371.0,16.0,taxi_respawn_47,picked
dyn_pax_2301,6402.0,2026-09-07 10:46:42,417750337#1,restaurant,,654.3039749436668,1311.1147669608317,37.50336263595113,127.02807333923603,6420.0,18.0,taxi_6,picked
dyn_pax_2302,6406.0,2026-09-07 10:46:46,504227067#4,residential|restaurant,,502.84500120553366,479.2066548114549,37.49583994070096,127.02655806263846,6437.0,31.0,taxi_31,picked
dyn_pax_2303,6415.0,2026-09-07 10:46:55,-417750336#5,restaurant,,886.0343029737398,891.1232225857099,37.499622942823265,127.030792984823,6422.0,7.0,taxi_respawn_14,picked
dyn_pax_2304,6426.0,2026-09-07 10:47:06,256787796#5,restaurant,,616.3422671393917,878.7532899245961,37.49946062055924,127.02774658517313,6436.0,10.0,taxi_5,picked
dyn_pax_2305,6462.0,2026-09-07 10:47:42,375049565#6,restaurant|subway_entrance|bus_stop,,789.5153251748014,798.8522330112556,37.49877353199428,127.02972351946808,6511.0,49.0,taxi_25,picked
dyn_pax_2306,6473.0,2026-09-07 10:47:53,129733424#0,restaurant,,719.7944869540754,1033.9950883209078,37.500878618503414,127.0288795122034,6512.0,39.0,taxi_respawn_41,picked
dyn_pax_2307,6487.0,2026-09-07 10:48:07,-379232133,restaurant,,887.8909311741835,528.8139035551092,37.496359489964284,127.03089971288236,6543.0,56.0,taxi_8,picked
dyn_pax_2308,6496.0,2026-09-07 10:48:16,256787796#0,restaurant,,530.944358998998,1120.7521543106918,37.50162448989409,127.02672362781294,6500.0,4.0,taxi_respawn_42,picked
dyn_pax_2309,6504.0,2026-09-07 10:48:24,520307304#2,restaurant,,553.737131666575,902.6336565846188,37.499663917706236,127.02703306650038,6561.0,57.0,taxi_17,picked
dyn_pax_2310,6523.0,2026-09-07 10:48:43,256787796#2,restaurant,,573.8171824012851,1000.9225059734806,37.50055312725627,127.02723680274495,6602.0,79.0,taxi_respawn_34,picked
dyn_pax_2311,6524.0,2026-09-07 10:48:44,-239954462#0,company,,177.59108854633376,1424.6091910087337,37.50429488616932,127.02265605240045,6544.0,20.0,taxi_respawn_38,picked
dyn_pax_2312,6525.0,2026-09-07 10:48:45,305539406,company|restaurant|subway_entrance,,566.389495917364,736.5285064605782,37.49816998085155,127.02721550408178,6588.0,63.0,taxi_respawn_26,picked
dyn_pax_2313,6533.0,2026-09-07 10:48:53,521766175#1,company|restaurant|subway_entrance,,332.9365590021661,1411.5585828157227,37.504206724109,127.02441570308932,6587.0,54.0,taxi_30,picked
dyn_pax_2314,6561.0,2026-09-07 10:49:21,-129731717#1,residential|company|restaurant,,188.433090102474,1374.3511058470413,37.503844200149025,127.0227905913032,6595.0,34.0,taxi_42,picked
dyn_pax_2315,6597.0,2026-09-07 10:49:57,117790036#1,company,,849.7103307162836,1232.6514730855474,37.50269269072902,127.03030143103514,6653.0,56.0,taxi_45,picked
dyn_pax_2316,6600.0,2026-09-07 10:50:00,521770116#2,company|restaurant|bus_stop,,432.3182248087171,1108.514093563608,37.50149560521279,127.02561136613096,6607.0,7.0,taxi_1,picked
dyn_pax_2317,6616.0,2026-09-07 10:50:16,117823785#0,company|restaurant,,1360.8740206736493,851.0492627492013,37.499351351792384,127.0361713398344,6719.0,103.0,taxi_16,picked
dyn_pax_2318,6637.0,2026-09-07 10:50:37,26163000#0,restaurant,,655.1679463942612,1215.3400880972458,37.50250003106797,127.02810580802628,6660.0,23.0,taxi_10,picked
dyn_pax_2319,6641.0,2026-09-07 10:50:41,218877837#2,company|restaurant|bus_stop,,479.4555212141038,978.0213907550284,37.500328997763305,127.02617530290202,6799.0,158.0,taxi_respawn_36,picked
dyn_pax_2320,6646.0,2026-09-07 10:50:46,379232155,restaurant,,946.0567570824509,480.05346239194995,37.49593120335224,127.03156888346594,6703.0,57.0,taxi_44,picked
dyn_pax_2321,6660.0,2026-09-07 10:51:00,218857636#1,residential|company|restaurant|bus_stop,,297.92905089287035,623.2061345250047,37.49709839153085,127.02420706961871,6672.0,12.0,taxi_9,picked
dyn_pax_2322,6678.0,2026-09-07 10:51:18,-256787796#1,restaurant,,578.741609978934,1014.5790766049616,37.500677080058935,127.02728924469663,6790.0,112.0,taxi_respawn_62,picked
dyn_pax_2323,6682.0,2026-09-07 10:51:22,628232693#0,company|restaurant,,644.2623295929467,660.168099777976,37.49749680792099,127.0281140674837,6766.0,84.0,taxi_respawn_35,picked
dyn_pax_2324,6691.0,2026-09-07 10:51:31,1117538957#0,company|restaurant,,312.91680439510856,589.5311930299885,37.49679787270139,127.0243845203811,6697.0,6.0,taxi_respawn_31,picked
dyn_pax_2325,6703.0,2026-09-07 10:51:43,218857636#1,residential|company|restaurant|bus_stop,,297.92905089287035,623.2061345250047,37.49709839153085,127.02420706961871,6713.0,10.0,taxi_respawn_10,picked
dyn_pax_2326,6731.0,2026-09-07 10:52:11,379232155,restaurant,,946.0567570824509,480.05346239194995,37.49593120335224,127.03156888346594,6782.0,51.0,taxi_5,picked
dyn_pax_2327,6732.0,2026-09-07 10:52:12,305539406,company|restaurant|subway_entrance,,566.389495917364,736.5285064605782,37.49816998085155,127.02721550408178,6868.0,136.0,taxi_37,picked
dyn_pax_2328,6749.0,2026-09-07 10:52:29,417933645#2,residential|company|restaurant,,757.7944798520502,568.4010952306102,37.496691568512986,127.02941943794849,6887.0,138.0,taxi_respawn_26,picked
dyn_pax_2329,6757.0,2026-09-07 10:52:37,417933646#2,residential|restaurant,,830.3119525357222,594.5819430897021,37.496941093289735,127.0302331440542,6772.0,15.0,taxi_respawn_51,picked
dyn_pax_2330,6774.0,2026-09-07 10:52:54,1117538957#3,restaurant|subway_entrance|bus_stop,,465.5082521847807,644.8780924026132,37.49732530507706,127.02609663221197,6896.0,122.0,taxi_8,picked
dyn_pax_2331,6776.0,2026-09-07 10:52:56,-129731852,restaurant,,721.4959946165901,929.589824990092,37.499938423771525,127.02892348366522,6792.0,16.0,taxi_respawn_64,picked
dyn_pax_2332,6789.0,2026-09-07 10:53:09,521766182#1,company|restaurant|subway_entrance,,681.695169875507,539.6867345716422,37.496418539503196,127.02856584056028,6848.0,59.0,taxi_31,picked
dyn_pax_2333,6790.0,2026-09-07 10:53:10,-256787796#7,restaurant,,650.4923169509016,809.9698095387197,37.49884744554127,127.02814900895488,6822.0,32.0,taxi_4,picked
dyn_pax_2334,6795.0,2026-09-07 10:53:15,178441450#1,residential|company|restaurant|bus_stop,,282.90243066757296,609.4157395563556,37.496971320837204,127.02404044855805,6803.0,8.0,taxi_respawn_45,picked
dyn_pax_2335,6813.0,2026-09-07 10:53:33,-1056882877#5,company|restaurant,,302.41102899925136,583.0415396467946,37.496737424712585,127.0242672800979,6853.0,40.0,taxi_respawn_33,picked
dyn_pax_2336,6815.0,2026-09-07 10:53:35,379463134#2,restaurant,,492.9894267673794,1254.822149661426,37.50282506050825,127.0262626667944,6828.0,13.0,taxi_respawn_29,picked
dyn_pax_2337,6822.0,2026-09-07 10:53:42,521766175#1,company|restaurant|subway_entrance,,332.9365590021661,1411.5585828157227,37.504206724109,127.02441570308932,6855.0,33.0,taxi_respawn_57,picked
dyn_pax_2338,6824.0,2026-09-07 10:53:44,305539406,company|restaurant|subway_entrance,,566.389495917364,736.5285064605782,37.49816998085155,127.02721550408178,7040.0,216.0,taxi_43,picked
dyn_pax_2339,6842.0,2026-09-07 10:54:02,506191135#3,residential|company|restaurant|bus_stop,,238.79972345576414,789.4714057742513,37.49858497042428,127.023499044737,6860.0,18.0,taxi_respawn_46,picked
dyn_pax_2340,6845.0,2026-09-07 10:54:05,805827757#0,restaurant,,762.3138727549854,912.1862152730512,37.49978934916138,127.02938912364917,6873.0,28.0,taxi_11,picked
dyn_pax_2341,6859.0,2026-09-07 10:54:19,417731530,company|restaurant,,191.66975375905443,1429.5779711342507,37.5043423120142,127.02281406437154,6873.0,14.0,taxi_12,picked
dyn_pax_2342,6868.0,2026-09-07 10:54:28,-129731857#2,restaurant,,875.7452923990509,884.8037873845144,37.499564075208866,127.03067814538078,6897.0,29.0,taxi_respawn_23,picked
dyn_pax_2343,6872.0,2026-09-07 10:54:32,494824662#3,company|restaurant|subway_entrance,,729.424850252167,406.6843378518681,37.49522941823122,127.02913698209235,6918.0,46.0,taxi_respawn_18,picked
dyn_pax_2344,6874.0,2026-09-07 10:54:34,417731530,company|restaurant,,191.66975375905443,1429.5779711342507,37.5043423120142,127.02281406437154,6916.0,42.0,taxi_respawn_55,picked
dyn_pax_2345,6881.0,2026-09-07 10:54:41,417933645#0,residential|restaurant,,823.1026288816429,385.61625104994533,37.49505730126708,127.03020109557775,6910.0,29.0,taxi_6,picked
dyn_pax_2346,6882.0,2026-09-07 10:54:42,504227066#0,restaurant,,519.2210823013057,487.78345043316773,37.49592029712161,127.02674117912406,6910.0,28.0,taxi_respawn_56,picked
dyn_pax_2347,6885.0,2026-09-07 10:54:45,417933642#2,residential|restaurant,,976.5976168723116,645.9370182109647,37.49743129415275,127.0318749523804,6935.0,50.0,taxi_respawn_11,picked
dyn_pax_2348,6886.0,2026-09-07 10:54:46,504227067#0,restaurant,,638.7551174354396,526.833121212444,37.49629464408366,127.02808339614947,6950.0,64.0,taxi_respawn_54,picked
dyn_pax_2349,6890.0,2026-09-07 10:54:50,-417933646#4,company|restaurant,,761.9867537178288,747.7080569325292,37.49830761500862,127.02942437673002,6938.0,48.0,taxi_1,picked
dyn_pax_2350,6893.0,2026-09-07 10:54:53,375049565#6,restaurant|subway_entrance|bus_stop,,789.5153251748014,798.8522330112556,37.49877353199428,127.02972351946808,6918.0,25.0,taxi_22,picked
dyn_pax_2351,6907.0,2026-09-07 10:55:07,504227069,residential|restaurant,,587.1158993285404,291.7776336445087,37.494167438547194,127.02755526357365,6989.0,82.0,taxi_46,picked
dyn_pax_2352,6945.0,2026-09-07 10:55:45,480850873,company|restaurant|bus_stop,,548.1935052770749,708.5896639848544,37.49791486187585,127.0270163956136,6951.0,6.0,taxi_44,picked
dyn_pax_2353,6962.0,2026-09-07 10:56:02,1229817205#1,residential|bus_stop,,631.6400080768872,572.7061575261558,37.49670653972221,127.02799208080955,7009.0,47.0,taxi_respawn_19,picked
dyn_pax_2354,6982.0,2026-09-07 10:56:22,379463134#4,restaurant,,574.4815382344308,1284.0756787717605,37.50310398350559,127.02717717678497,7011.0,29.0,taxi_respawn_21,picked
dyn_pax_2355,6985.0,2026-09-07 10:56:25,-417750337#4,restaurant,,542.6552277079157,1139.0745154802132,37.5017917560025,127.02685169754334,7022.0,37.0,taxi_10,picked
dyn_pax_2356,6992.0,2026-09-07 10:56:32,218864491#0,restaurant|bus_stop,,769.9803916976219,760.1217113917903,37.49842094941813,127.02951181742357,6998.0,6.0,taxi_respawn_10,picked
dyn_pax_2357,6997.0,2026-09-07 10:56:37,117790041#3,restaurant,,485.8172797724441,1249.4366376844557,37.50277519064896,127.0261828476699,7015.0,18.0,taxi_respawn_5,picked
dyn_pax_2358,6999.0,2026-09-07 10:56:39,-379232155,restaurant,,999.2800162208075,449.1965960198298,37.495663263085994,127.03217793178025,7020.0,21.0,taxi_38,picked
dyn_pax_2359,7019.0,2026-09-07 10:56:59,-239954462#0,company,,177.59108854633376,1424.6091910087337,37.50429488616932,127.02265605240045,7042.0,23.0,taxi_respawn_51,picked
dyn_pax_2360,7046.0,2026-09-07 10:57:26,521770116#2,company|restaurant|bus_stop,,432.3182248087171,1108.514093563608,37.50149560521279,127.02561136613096,7052.0,6.0,taxi_33,picked
dyn_pax_2361,7055.0,2026-09-07 10:57:35,1056882877#3,residential|company|restaurant,,365.79280968467333,433.0557487307964,37.495398294451746,127.02501948586043,7097.0,42.0,taxi_respawn_36,picked
dyn_pax_2362,7077.0,2026-09-07 10:57:57,-557469234,restaurant,,929.7298817515857,1030.9986809445256,37.50089122514563,127.03125394368278,7144.0,67.0,taxi_respawn_31,picked
dyn_pax_2363,7079.0,2026-09-07 10:57:59,417933645#0,residential|restaurant,,823.1026288816429,385.61625104994533,37.49505730126708,127.03020109557775,7102.0,23.0,taxi_11,picked
dyn_pax_2364,7081.0,2026-09-07 10:58:01,218877837#2,company|restaurant|bus_stop,,479.4555212141038,978.0213907550284,37.500328997763305,127.02617530290202,7508.0,427.0,taxi_7,picked
dyn_pax_2365,7085.0,2026-09-07 10:58:05,309155295#2,restaurant,,836.915506927576,584.1196133409687,37.49684809051661,127.03031028233906,7097.0,12.0,taxi_respawn_48,picked
dyn_pax_2366,7106.0,2026-09-07 10:58:26,-117790045#1,restaurant,,534.0975884889299,1266.9858058167179,37.502942402865294,127.02672459950128,7215.0,109.0,taxi_respawn_34,picked
dyn_pax_2367,7110.0,2026-09-07 10:58:30,1011529829#0,school,,381.1393135972994,834.2751815073392,37.49901550234899,127.0250977784903,7162.0,52.0,taxi_respawn_55,picked
dyn_pax_2368,7121.0,2026-09-07 10:58:41,542367267#1,company|restaurant,,199.26981683313872,1381.121508122661,37.50390724154084,127.02291151664822,7141.0,20.0,taxi_respawn_22,picked
dyn_pax_2369,7136.0,2026-09-07 10:58:56,117790051#4,restaurant,,495.1920534812603,1378.4842065286966,37.50393946166789,127.02625823552458,7163.0,27.0,taxi_respawn_62,picked
dyn_pax_2370,7156.0,2026-09-07 10:59:16,520307304#0,school|subway_entrance|bus_stop,,602.6035134310263,763.145495629718,37.498416594724866,127.02761864854104,7339.0,183.0,taxi_30,picked
dyn_pax_2371,7159.0,2026-09-07 10:59:19,-506191135#2,residential|bus_stop,,236.19733776439384,769.6838415951818,37.49840622577806,127.02347432089968,7244.0,85.0,taxi_respawn_1,picked
dyn_pax_2372,7169.0,2026-09-07 10:59:29,520307304#0,school|subway_entrance|bus_stop,,602.6035134310263,763.145495629718,37.498416594724866,127.02761864854104,7183.0,14.0,taxi_42,picked
dyn_pax_2373,7179.0,2026-09-07 10:59:39,-417750336#5,restaurant,,886.0343029737398,891.1232225857099,37.499622942823265,127.030792984823,7196.0,17.0,taxi_45,picked
dyn_pax_2374,7191.0,2026-09-07 10:59:51,1229817205#0,company|subway_entrance|bus_stop,,599.2457558679199,652.2907550986157,37.497417346160496,127.02760695963683,7204.0,13.0,taxi_respawn_11,picked
dyn_pax_2375,7204.0,2026-09-07 11:00:04,-117790045#2,restaurant,,502.6238788004042,1360.6315306450858,37.50378004402999,127.0263465049606,7232.0,28.0,taxi_25,picked
dyn_pax_2376,7205.0,2026-09-07 11:00:05,-117790045#0,restaurant,,544.8147652988505,1238.053441474183,37.50268379633789,127.0268526423962,7231.0,26.0,taxi_respawn_20,picked
dyn_pax_2377,7223.0,2026-09-07 11:00:23,218877837#0,company,,455.71990885566936,1045.563527646426,37.50093295148158,127.02589090425857,7507.0,284.0,taxi_14,picked
dyn_pax_2378,7231.0,2026-09-07 11:00:31,117790039#0,restaurant,,1059.1652257347846,901.0190091909938,37.49974471524068,127.0327481916661,7272.0,41.0,taxi_respawn_10,picked
dyn_pax_2379,7235.0,2026-09-07 11:00:35,417750342#0,residential,,845.3624953099543,1340.16590884019,37.50366039527634,127.03022681464076,7261.0,26.0,taxi_12,picked
dyn_pax_2380,7241.0,2026-09-07 11:00:41,802110008,restaurant,,567.9368588148042,1294.4290295528247,37.503196013251454,127.02710071947062,7263.0,22.0,taxi_respawn_29,picked
dyn_pax_2381,7242.0,2026-09-07 11:00:42,129731859#3,restaurant,,873.6090416568148,941.272009001338,37.50007235670303,127.03064062663523,7267.0,25.0,taxi_respawn_23,picked
dyn_pax_2382,7250.0,2026-09-07 11:00:50,-256787796#1,restaurant,,578.741609978934,1014.5790766049616,37.500677080058935,127.02728924469663,7333.0,83.0,taxi_2,picked
dyn_pax_2383,7252.0,2026-09-07 11:00:52,805827756#0,restaurant,,725.8600087193602,932.9429066344904,37.49996945301828,127.02897203227693,7263.0,11.0,taxi_respawn_14,picked
dyn_pax_2384,7256.0,2026-09-07 11:00:56,1056882877#3,residential|company|restaurant,,365.79280968467333,433.0557487307964,37.495398294451746,127.02501948586043,7296.0,40.0,taxi_respawn_45,picked
dyn_pax_2385,7275.0,2026-09-07 11:01:15,379463134#3,restaurant,,544.2510512741843,1273.4484249309019,37.503002538586315,127.0268378740983,7295.0,20.0,taxi_respawn_46,picked
dyn_pax_2386,7279.0,2026-09-07 11:01:19,-379463134#6,restaurant,,651.5506250710082,1319.679135788758,37.50343926652266,127.02804017641046,7297.0,18.0,taxi_respawn_47,picked
dyn_pax_2387,7300.0,2026-09-07 11:01:40,504227066#0,restaurant,,519.2210823013057,487.78345043316773,37.49592029712161,127.02674117912406,7405.0,105.0,taxi_46,picked
dyn_pax_2388,7311.0,2026-09-07 11:01:51,129731857#2,company,,789.9847076009492,845.2662126154856,37.499191732762846,127.02971783662417,7318.0,7.0,taxi_respawn_60,picked
dyn_pax_2389,7315.0,2026-09-07 11:01:55,417750342#0,residential,,845.3624953099543,1340.16590884019,37.50366039527634,127.03022681464076,7388.0,73.0,taxi_respawn_64,picked
dyn_pax_2390,7320.0,2026-09-07 11:02:00,504227069,residential|restaurant,,587.1158993285404,291.7776336445087,37.494167438547194,127.02755526357365,7431.0,111.0,taxi_respawn_5,picked
dyn_pax_2391,7321.0,2026-09-07 11:02:01,129731857#1,residential|restaurant,,656.8212873140518,799.6615847813327,37.498755780674834,127.02822301071001,7329.0,8.0,taxi_16,picked
dyn_pax_2392,7337.0,2026-09-07 11:02:17,219837933#0,residential|company,,49.0199205680682,1328.1480294371383,37.503401583976704,127.02122519296726,7424.0,87.0,taxi_8,picked
dyn_pax_2393,7349.0,2026-09-07 11:02:29,219837933#0,residential|company,,49.0199205680682,1328.1480294371383,37.503401583976704,127.02122519296726,7357.0,8.0,taxi_respawn_21,picked
dyn_pax_2394,7353.0,2026-09-07 11:02:33,178441450#1,residential|company|restaurant|bus_stop,,282.90243066757296,609.4157395563556,37.496971320837204,127.02404044855805,7389.0,36.0,taxi_32,picked
dyn_pax_2395,7362.0,2026-09-07 11:02:42,494824662#3,company|restaurant|subway_entrance,,729.424850252167,406.6843378518681,37.49522941823122,127.02913698209235,7414.0,52.0,taxi_respawn_8,picked
dyn_pax_2396,7365.0,2026-09-07 11:02:45,-129731717#1,residential|company|restaurant,,188.433090102474,1374.3511058470413,37.503844200149025,127.0227905913032,7374.0,9.0,taxi_respawn_54,picked
dyn_pax_2397,7372.0,2026-09-07 11:02:52,129731859#0,restaurant,,636.6446621144157,858.1896913104493,37.49927921090336,127.0279810114602,7467.0,95.0,taxi_respawn_26,picked
dyn_pax_2398,7374.0,2026-09-07 11:02:54,-129731717#1,residential|company|restaurant,,188.433090102474,1374.3511058470413,37.503844200149025,127.0227905913032,7388.0,14.0,taxi_33,picked
dyn_pax_2399,7396.0,2026-09-07 11:03:16,309155295#1,restaurant,,764.2225196982893,558.1760304781078,37.4966006705371,127.0294945363528,7449.0,53.0,taxi_35,picked
dyn_pax_2400,7404.0,2026-09-07 11:03:24,-117790045#2,restaurant,,502.6238788004042,1360.6315306450858,37.50378004402999,127.0263465049606,7441.0,37.0,taxi_5,picked
dyn_pax_2401,7422.0,2026-09-07 11:03:42,-117790062#4,company,,666.6267400273903,1210.7400577041187,37.50246075614395,127.02823646445898,7433.0,11.0,taxi_42,picked
dyn_pax_2402,7458.0,2026-09-07 11:04:18,129731859#0,restaurant,,636.6446621144157,858.1896913104493,37.49927921090336,127.0279810114602,7486.0,28.0,taxi_respawn_35,picked
dyn_pax_2403,7461.0,2026-09-07 11:04:21,1229817205#0,company|subway_entrance|bus_stop,,599.2457558679199,652.2907550986157,37.497417346160496,127.02760695963683,7482.0,21.0,taxi_9,picked
dyn_pax_2404,7476.0,2026-09-07 11:04:36,309155295#3,restaurant,,868.2249250208004,595.011595969151,37.496952113096654,127.03066169877924,7485.0,9.0,taxi_respawn_67,picked
dyn_pax_2405,7479.0,2026-09-07 11:04:39,504512001,restaurant,,488.2111633916996,684.0143948730154,37.497682147346794,127.02634403725544,8152.0,673.0,taxi_respawn_63,picked
dyn_pax_2406,7498.0,2026-09-07 11:04:58,-129731834#1,residential,,78.2122165689223,720.9585140244731,37.49793738265588,127.02169964763026,7611.0,113.0,taxi_0,picked
dyn_pax_2407,7502.0,2026-09-07 11:05:02,309155295#0,company|restaurant,,688.2712938579457,529.5739965525526,37.49632868191341,127.02864258735015,7524.0,22.0,taxi_25,picked
dyn_pax_2408,7512.0,2026-09-07 11:05:12,129731857#1,residential|restaurant,,656.8212873140518,799.6615847813327,37.498755780674834,127.02822301071001,7550.0,38.0,taxi_30,picked
dyn_pax_2409,7514.0,2026-09-07 11:05:14,417750337#5,restaurant,,522.3387290339521,1126.7881672814829,37.50167723806998,127.02662489231146,7526.0,12.0,taxi_respawn_58,picked
dyn_pax_2410,7517.0,2026-09-07 11:05:17,-506191135#22,residential|company|restaurant|bus_stop,,38.693950105848444,1321.9513167019495,37.50334380565249,127.02110990869835,7547.0,30.0,taxi_4,picked
dyn_pax_2411,7525.0,2026-09-07 11:05:25,-117823785#1,restaurant,,983.1954817367493,635.6880668681273,37.49734021138362,127.03195197441553,7557.0,32.0,taxi_47,picked
dyn_pax_2412,7538.0,2026-09-07 11:05:38,-309155295#0,restaurant,,747.4684617800942,561.8059110120743,37.49663020867341,127.0293042509181,7587.0,49.0,taxi_44,picked
dyn_pax_2413,7540.0,2026-09-07 11:05:40,1229817205#0,company|subway_entrance|bus_stop,,599.2457558679199,652.2907550986157,37.497417346160496,127.02760695963683,7560.0,20.0,taxi_respawn_11,picked
dyn_pax_2414,7560.0,2026-09-07 11:06:00,506191135#3,residential|company|restaurant|bus_stop,,238.79972345576414,789.4714057742513,37.49858497042428,127.023499044737,7579.0,19.0,taxi_49,picked
dyn_pax_2415,7576.0,2026-09-07 11:06:16,521766182#1,company|restaurant|subway_entrance,,681.695169875507,539.6867345716422,37.496418539503196,127.02856584056028,7579.0,3.0,taxi_10,picked
dyn_pax_2416,7603.0,2026-09-07 11:06:43,219837933#0,residential|company,,49.0199205680682,1328.1480294371383,37.503401583976704,127.02122519296726,7681.0,78.0,taxi_respawn_45,picked
dyn_pax_2417,7608.0,2026-09-07 11:06:48,218857636#1,residential|company|restaurant|bus_stop,,297.92905089287035,623.2061345250047,37.49709839153085,127.02420706961871,7705.0,97.0,taxi_respawn_42,picked
dyn_pax_2418,7611.0,2026-09-07 11:06:51,-523141073,residential|company,,283.47995026542384,1109.9635024546676,37.50148051131825,127.02392811188028,7683.0,72.0,taxi_respawn_30,picked
dyn_pax_2419,7624.0,2026-09-07 11:07:04,506191135#3,residential|company|restaurant|bus_stop,,238.79972345576414,789.4714057742513,37.49858497042428,127.023499044737,7668.0,44.0,taxi_8,picked
dyn_pax_2420,7626.0,2026-09-07 11:07:06,1117538958#3,bus_stop,,160.18899290588462,540.6019911995099,37.49632820280781,127.02266936696756,8850.0,1224.0,taxi_37,picked
dyn_pax_2421,7630.0,2026-09-07 11:07:10,-417750354#0,residential,,923.3498430372201,1041.2071047119894,37.5009819832587,127.03117938951307,7688.0,58.0,taxi_32,picked
dyn_pax_2422,7632.0,2026-09-07 11:07:12,379463124,restaurant,,554.9909183636056,1244.5663744100702,37.50274438945946,127.02696616135114,7655.0,23.0,taxi_2,picked
dyn_pax_2423,7633.0,2026-09-07 11:07:13,521766175#1,company|restaurant|subway_entrance,,332.9365590021661,1411.5585828157227,37.504206724109,127.02441570308932,7668.0,35.0,taxi_respawn_59,picked
dyn_pax_2424,7634.0,2026-09-07 11:07:14,-117790031#1,restaurant,,730.7814463439225,1053.3410552584976,37.501054966737435,127.02899915797848,7674.0,40.0,taxi_35,picked
dyn_pax_2425,7648.0,2026-09-07 11:07:28,-309155295#2,restaurant,,851.6644930724242,598.8503866590313,37.496983571544654,127.03047355257749,7703.0,55.0,taxi_respawn_26,picked
dyn_pax_2426,7663.0,2026-09-07 11:07:43,1229817205#0,company|subway_entrance|bus_stop,,599.2457558679199,652.2907550986157,37.497417346160496,127.02760695963683,7740.0,77.0,taxi_45,picked
dyn_pax_2427,7679.0,2026-09-07 11:07:59,417750342#0,residential,,845.3624953099543,1340.16590884019,37.50366039527634,127.03022681464076,7722.0,43.0,taxi_11,picked
dyn_pax_2428,7696.0,2026-09-07 11:08:16,129733424#0,restaurant,,719.7944869540754,1033.9950883209078,37.500878618503414,127.0288795122034,7731.0,35.0,taxi_respawn_53,picked
dyn_pax_2429,7707.0,2026-09-07 11:08:27,523141074#0,company|restaurant|subway_entrance,,524.0338794858329,871.4890157117229,37.4993777454413,127.02670460634431,7837.0,130.0,taxi_22,picked
dyn_pax_2430,7718.0,2026-09-07 11:08:38,-379232161#3,restaurant,,957.578372934647,431.27964063812743,37.495494003443426,127.03171068469486,7787.0,69.0,taxi_respawn_21,picked
dyn_pax_2431,7761.0,2026-09-07 11:09:21,521766175#3,company|restaurant|subway_entrance|bus_stop,,373.6701172395771,1298.610217621072,37.50319695740621,127.02490310718325,7768.0,7.0,taxi_respawn_48,picked
dyn_pax_2432,7767.0,2026-09-07 11:09:27,-129731858#3,restaurant,,760.2046779472714,898.6469063162286,37.49966698472747,127.02936848203807,7802.0,35.0,taxi_33,picked
dyn_pax_2433,7824.0,2026-09-07 11:10:24,523141074#0,company|restaurant|subway_entrance,,524.0338794858329,871.4890157117229,37.4993777454413,127.02670460634431,7848.0,24.0,taxi_respawn_59,picked
dyn_pax_2434,7826.0,2026-09-07 11:10:26,480850873,company|restaurant|bus_stop,,548.1935052770749,708.5896639848544,37.49791486187585,127.0270163956136,8054.0,228.0,taxi_23,picked
dyn_pax_2435,7844.0,2026-09-07 11:10:44,305539406,company|restaurant|subway_entrance,,566.389495917364,736.5285064605782,37.49816998085155,127.02721550408178,7949.0,105.0,taxi_respawn_58,picked
dyn_pax_2436,7846.0,2026-09-07 11:10:46,-129731717#1,residential|company|restaurant,,188.433090102474,1374.3511058470413,37.503844200149025,127.0227905913032,7863.0,17.0,taxi_respawn_29,picked
dyn_pax_2437,7854.0,2026-09-07 11:10:54,117790039#3,restaurant,,1021.8645860465238,1004.4924062015546,37.500669811640854,127.03230197280303,7867.0,13.0,taxi_respawn_50,picked
dyn_pax_2438,7867.0,2026-09-07 11:11:07,218857636#1,residential|company|restaurant|bus_stop,,297.92905089287035,623.2061345250047,37.49709839153085,127.02420706961871,7976.0,109.0,taxi_respawn_18,picked
dyn_pax_2439,7889.0,2026-09-07 11:11:29,-506191135#2,residential|bus_stop,,236.19733776439384,769.6838415951818,37.49840622577806,127.02347432089968,7898.0,9.0,taxi_46,picked
dyn_pax_2440,7892.0,2026-09-07 11:11:32,521766180#1,company|restaurant|bus_stop,,466.73410130235357,1169.2838037446552,37.502049542882666,127.02598608796039,8481.0,589.0,taxi_respawn_57,picked
dyn_pax_2441,7905.0,2026-09-07 11:11:45,504509918#0,residential|restaurant,,511.83203920742636,882.9034728009249,37.49947826486711,127.02656393710718,7926.0,21.0,taxi_14,picked
dyn_pax_2442,7907.0,2026-09-07 11:11:47,379463130#0,restaurant,,544.1425087303844,1128.5419490598922,37.501697156429024,127.02687101205116,8070.0,163.0,taxi_respawn_54,picked
dyn_pax_2443,7911.0,2026-09-07 11:11:51,-557469300#1,restaurant,,739.5265057687212,1049.0561556697721,37.5010180173999,127.02909905278416,7962.0,51.0,taxi_respawn_25,picked
dyn_pax_2444,7919.0,2026-09-07 11:11:59,521770116#2,company|restaurant|bus_stop,,432.3182248087171,1108.514093563608,37.50149560521279,127.02561136613096,8404.0,485.0,taxi_respawn_26,picked
dyn_pax_2445,7920.0,2026-09-07 11:12:00,521770119#1,restaurant|bus_stop,,527.3115514435282,995.8620162900467,37.50049875494786,127.02671217090477,8152.0,232.0,taxi_49,picked
dyn_pax_2446,7956.0,2026-09-07 11:12:36,129731834#0,school,,229.35227593843302,780.2499709424674,37.498500113124294,127.02339441737757,8048.0,92.0,taxi_respawn_47,picked
dyn_pax_2447,7957.0,2026-09-07 11:12:37,-557469234,restaurant,,929.7298817515857,1030.9986809445256,37.50089122514563,127.03125394368278,7963.0,6.0,taxi_respawn_32,picked
dyn_pax_2448,7964.0,2026-09-07 11:12:44,1011529829#0,school,,381.1393135972994,834.2751815073392,37.49901550234899,127.0250977784903,7973.0,9.0,taxi_respawn_5,picked
dyn_pax_2449,7987.0,2026-09-07 11:13:07,117823785#0,company|restaurant,,1360.8740206736493,851.0492627492013,37.499351351792384,127.0361713398344,8047.0,60.0,taxi_36,picked
dyn_pax_2450,8009.0,2026-09-07 11:13:29,-117790039#2,company|restaurant,,1017.0012393074795,990.846024966068,37.5005459641277,127.03225021068775,8072.0,63.0,taxi_respawn_30,picked
dyn_pax_2451,8030.0,2026-09-07 11:13:50,379463134#0,company,,445.604196565268,1237.9330600893716,37.50266396162017,127.02573088108544,8036.0,6.0,taxi_respawn_14,picked
dyn_pax_2452,8037.0,2026-09-07 11:13:57,520307304#2,restaurant,,553.737131666575,902.6336565846188,37.499663917706236,127.02703306650038,8585.0,548.0,taxi_respawn_45,picked
dyn_pax_2453,8058.0,2026-09-07 11:14:18,379463134#2,restaurant,,492.9894267673794,1254.822149661426,37.50282506050825,127.0262626667944,8083.0,25.0,taxi_11,picked
dyn_pax_2454,8087.0,2026-09-07 11:14:47,-417750354#0,residential,,923.3498430372201,1041.2071047119894,37.5009819832587,127.03117938951307,8125.0,38.0,taxi_respawn_10,picked
dyn_pax_2455,8101.0,2026-09-07 11:15:01,504227065,company,,441.32681628575455,666.8408278135128,37.497518581743364,127.0258180180219,8874.0,773.0,taxi_13,picked
dyn_pax_2456,8106.0,2026-09-07 11:15:06,504509918#0,residential|restaurant,,511.83203920742636,882.9034728009249,37.49947826486711,127.02656393710718,8209.0,103.0,taxi_31,picked
dyn_pax_2457,8125.0,2026-09-07 11:15:25,-256787796#8,restaurant,,666.7735412908731,765.3811461974922,37.49844885044044,127.02834365925706,8423.0,298.0,taxi_25,picked
dyn_pax_2458,8134.0,2026-09-07 11:15:34,178441450#1,residential|company|restaurant|bus_stop,,282.90243066757296,609.4157395563556,37.496971320837204,127.02404044855805,8648.0,514.0,taxi_32,picked
dyn_pax_2459,8139.0,2026-09-07 11:15:39,379463134#2,restaurant,,492.9894267673794,1254.822149661426,37.50282506050825,127.0262626667944,8145.0,6.0,taxi_2,picked
dyn_pax_2460,8179.0,2026-09-07 11:16:19,117790036#1,company,,849.7103307162836,1232.6514730855474,37.50269269072902,127.03030143103514,8203.0,24.0,taxi_respawn_5,picked
dyn_pax_2461,8188.0,2026-09-07 11:16:28,504509918#0,residential|restaurant,,511.83203920742636,882.9034728009249,37.49947826486711,127.02656393710718,8197.0,9.0,taxi_respawn_31,picked
dyn_pax_2462,8200.0,2026-09-07 11:16:40,-117790045#3,restaurant,,459.7597996777886,1476.3698694609513,37.50481454718326,127.02583436303603,8340.0,140.0,taxi_46,picked
dyn_pax_2463,8219.0,2026-09-07 11:16:59,504509918#0,residential|restaurant,,511.83203920742636,882.9034728009249,37.49947826486711,127.02656393710718,8377.0,158.0,taxi_respawn_33,picked
dyn_pax_2464,8221.0,2026-09-07 11:17:01,1056882877#3,residential|company|restaurant,,365.79280968467333,433.0557487307964,37.495398294451746,127.02501948586043,8268.0,47.0,taxi_respawn_46,picked
dyn_pax_2465,8227.0,2026-09-07 11:17:07,521766180#1,company|restaurant|bus_stop,,466.73410130235357,1169.2838037446552,37.502049542882666,127.02598608796039,8488.0,261.0,taxi_38,picked
dyn_pax_2466,8228.0,2026-09-07 11:17:08,975332778#1,bus_stop,,681.6099970732737,721.9380561808346,37.49806030190971,127.02852170075586,8424.0,196.0,taxi_respawn_38,picked
dyn_pax_2467,8231.0,2026-09-07 11:17:11,-417933645#2,company|restaurant|subway_entrance,,701.1658676593129,719.5455833044954,37.49804244093877,127.02874337560036,8469.0,238.0,taxi_respawn_35,picked
dyn_pax_2468,8233.0,2026-09-07 11:17:13,-417750354#1,restaurant,,946.150029211292,974.2465578508335,37.500383078435064,127.03145303198383,8265.0,32.0,taxi_7,picked
dyn_pax_2469,8239.0,2026-09-07 11:17:19,506191135#3,residential|company|restaurant|bus_stop,,238.79972345576414,789.4714057742513,37.49858497042428,127.023499044737,8247.0,8.0,taxi_respawn_75,picked
dyn_pax_2470,8249.0,2026-09-07 11:17:29,521766175#1,company|restaurant|subway_entrance,,332.9365590021661,1411.5585828157227,37.504206724109,127.02441570308932,8295.0,46.0,taxi_respawn_22,picked
dyn_pax_2471,8275.0,2026-09-07 11:17:55,309155295#2,restaurant,,836.915506927576,584.1196133409687,37.49684809051661,127.03031028233906,8291.0,16.0,taxi_respawn_13,picked
dyn_pax_2472,8281.0,2026-09-07 11:18:01,305539406,company|restaurant|subway_entrance,,566.389495917364,736.5285064605782,37.49816998085155,127.02721550408178,8396.0,115.0,taxi_respawn_74,picked
dyn_pax_2473,8295.0,2026-09-07 11:18:15,805827757#0,restaurant,,762.3138727549854,912.1862152730512,37.49978934916138,127.02938912364917,8320.0,25.0,taxi_respawn_67,picked
dyn_pax_2474,8299.0,2026-09-07 11:18:19,521766182#1,company|restaurant|subway_entrance,,681.695169875507,539.6867345716422,37.496418539503196,127.02856584056028,8346.0,47.0,taxi_respawn_76,picked
dyn_pax_2475,8325.0,2026-09-07 11:18:45,-1011529829#3,residential|restaurant,,246.84006179949273,776.1178104815556,37.49846619888778,127.02359312469504,8353.0,28.0,taxi_respawn_77,picked
dyn_pax_2476,8350.0,2026-09-07 11:19:10,523141074#0,company|restaurant|subway_entrance,,524.0338794858329,871.4890157117229,37.4993777454413,127.02670460634431,8830.0,480.0,taxi_respawn_50,picked
dyn_pax_2477,8352.0,2026-09-07 11:19:12,417750342#0,residential,,845.3624953099543,1340.16590884019,37.50366039527634,127.03022681464076,8382.0,30.0,taxi_respawn_65,picked
dyn_pax_2478,8363.0,2026-09-07 11:19:23,557469234,restaurant,,982.7249512156621,987.801549540822,37.50051207965727,127.03186337298402,8405.0,42.0,taxi_respawn_29,picked
dyn_pax_2479,8376.0,2026-09-07 11:19:36,129731859#4,restaurant,,948.3176585840322,968.5888771831698,37.50033252074231,127.03147887955224,8406.0,30.0,taxi_respawn_63,picked
dyn_pax_2480,8392.0,2026-09-07 11:19:52,-417933646#1,residential|restaurant,,826.6019869456061,577.8075382253838,37.49678928421788,127.03019516859905,8445.0,53.0,taxi_respawn_47,picked
dyn_pax_2481,8394.0,2026-09-07 11:19:54,523141074#0,company|restaurant|subway_entrance,,524.0338794858329,871.4890157117229,37.4993777454413,127.02670460634431,8836.0,442.0,taxi_respawn_59,picked
dyn_pax_2482,8451.0,2026-09-07 11:20:51,117790036#1,company,,849.7103307162836,1232.6514730855474,37.50269269072902,127.03030143103514,8490.0,39.0,taxi_respawn_5,picked
dyn_pax_2483,8455.0,2026-09-07 11:20:55,480850873,company|restaurant|bus_stop,,548.1935052770749,708.5896639848544,37.49791486187585,127.0270163956136,8459.0,4.0,taxi_30,picked
dyn_pax_2484,8459.0,2026-09-07 11:20:59,542367267#1,company|restaurant,,199.26981683313872,1381.121508122661,37.50390724154084,127.02291151664822,8484.0,25.0,taxi_12,picked
dyn_pax_2485,8460.0,2026-09-07 11:21:00,417933642#2,residential|restaurant,,976.5976168723116,645.9370182109647,37.49743129415275,127.0318749523804,8463.0,3.0,taxi_31,picked
dyn_pax_2486,8475.0,2026-09-07 11:21:15,-1011529829#3,residential|restaurant,,246.84006179949273,776.1178104815556,37.49846619888778,127.02359312469504,9111.0,636.0,taxi_respawn_51,picked
dyn_pax_2487,8479.0,2026-09-07 11:21:19,-504509918#2,company|restaurant|bus_stop,,398.9694242295193,827.4758220967593,37.49895762305832,127.02530099003066,8512.0,33.0,taxi_respawn_60,picked
dyn_pax_2488,8484.0,2026-09-07 11:21:24,256787796#2,restaurant,,573.8171824012851,1000.9225059734806,37.50055312725627,127.02723680274495,8584.0,100.0,taxi_respawn_53,picked
dyn_pax_2489,8491.0,2026-09-07 11:21:31,494824662#3,company|restaurant|subway_entrance,,729.424850252167,406.6843378518681,37.49522941823122,127.02913698209235,8622.0,131.0,taxi_respawn_13,picked
dyn_pax_2490,8512.0,2026-09-07 11:21:52,-379463134#1,restaurant,,479.36604535588674,1259.6870258351425,37.50286630987452,127.02610747054479,8530.0,18.0,taxi_9,picked
dyn_pax_2491,8524.0,2026-09-07 11:22:04,521766175#1,company|restaurant|subway_entrance,,332.9365590021661,1411.5585828157227,37.504206724109,127.02441570308932,8568.0,44.0,taxi_respawn_75,picked
dyn_pax_2492,8525.0,2026-09-07 11:22:05,1376141183#0,bus_stop,,548.2528111146681,901.2117688498424,37.49965007283687,127.02697139402301,8616.0,91.0,taxi_42,picked
dyn_pax_2493,8529.0,2026-09-07 11:22:09,129731720#0,residential|company|restaurant,,292.10678712231254,1113.150773394943,37.50151085547559,127.02402489828896,8722.0,193.0,taxi_2,picked
dyn_pax_2494,8550.0,2026-09-07 11:22:30,-129731721#2,company|restaurant,,388.6558839574922,820.9778890483499,37.49889713764622,127.02518592115393,8577.0,27.0,taxi_respawn_26,picked
dyn_pax_2495,8551.0,2026-09-07 11:22:31,129731859#3,restaurant,,873.6090416568148,941.272009001338,37.50007235670303,127.03064062663523,8570.0,19.0,taxi_10,picked
dyn_pax_2496,8559.0,2026-09-07 11:22:39,-379232133,restaurant,,887.8909311741835,528.8139035551092,37.496359489964284,127.03089971288236,8601.0,42.0,taxi_respawn_76,picked
dyn_pax_2497,8575.0,2026-09-07 11:22:55,521766180#1,company|restaurant|bus_stop,,466.73410130235357,1169.2838037446552,37.502049542882666,127.02598608796039,9042.0,467.0,taxi_respawn_67,picked
dyn_pax_2498,8584.0,2026-09-07 11:23:04,-256787796#8,restaurant,,666.7735412908731,765.3811461974922,37.49844885044044,127.02834365925706,8779.0,195.0,taxi_46,picked
dyn_pax_2499,8600.0,2026-09-07 11:23:20,1117538957#3,restaurant|subway_entrance|bus_stop,,465.5082521847807,644.8780924026132,37.49732530507706,127.02609663221197,8665.0,65.0,taxi_respawn_73,picked
dyn_pax_2500,8626.0,2026-09-07 11:23:46,-417750337#1,restaurant,,620.0756768942672,1248.4347545200121,37.5027915312318,127.02770116938098,8722.0,96.0,taxi_respawn_11,picked
dyn_pax_2501,8631.0,2026-09-07 11:23:51,129731858#2,restaurant,,783.9672744139122,855.548332172334,37.49928322221005,127.02964736483162,8640.0,9.0,taxi_respawn_42,picked
dyn_pax_2502,8633.0,2026-09-07 11:23:53,-506191135#22,residential|company|restaurant|bus_stop,,38.693950105848444,1321.9513167019495,37.50334380565249,127.02110990869835,8662.0,29.0,taxi_11,picked
dyn_pax_2503,8636.0,2026-09-07 11:23:56,480850873,company|restaurant|bus_stop,,548.1935052770749,708.5896639848544,37.49791486187585,127.0270163956136,8756.0,120.0,taxi_respawn_46,picked
dyn_pax_2504,8639.0,2026-09-07 11:23:59,506191135#3,residential|company|restaurant|bus_stop,,238.79972345576414,789.4714057742513,37.49858497042428,127.023499044737,8663.0,24.0,taxi_respawn_68,picked
dyn_pax_2505,8645.0,2026-09-07 11:24:05,417731530,company|restaurant,,191.66975375905443,1429.5779711342507,37.5043423120142,127.02281406437154,8660.0,15.0,taxi_respawn_69,picked
dyn_pax_2506,8648.0,2026-09-07 11:24:08,417933642#2,residential|restaurant,,976.5976168723116,645.9370182109647,37.49743129415275,127.0318749523804,8659.0,11.0,taxi_4,picked
dyn_pax_2507,8665.0,2026-09-07 11:24:25,520307304#0,school|subway_entrance|bus_stop,,602.6035134310263,763.145495629718,37.498416594724866,127.02761864854104,8742.0,77.0,taxi_respawn_31,picked
dyn_pax_2508,8671.0,2026-09-07 11:24:31,-117790031#1,restaurant,,730.7814463439225,1053.3410552584976,37.501054966737435,127.02899915797848,8695.0,24.0,taxi_47,picked
dyn_pax_2509,8697.0,2026-09-07 11:24:57,802110008,restaurant,,567.9368588148042,1294.4290295528247,37.503196013251454,127.02710071947062,8717.0,20.0,taxi_respawn_32,picked
dyn_pax_2510,8710.0,2026-09-07 11:25:10,1011529829#0,school,,381.1393135972994,834.2751815073392,37.49901550234899,127.0250977784903,8748.0,38.0,taxi_31,picked
dyn_pax_2511,8725.0,2026-09-07 11:25:25,-523141073,residential|company,,283.47995026542384,1109.9635024546676,37.50148051131825,127.02392811188028,8947.0,222.0,taxi_respawn_23,picked
dyn_pax_2512,8726.0,2026-09-07 11:25:26,-256787796#7,restaurant,,650.4923169509016,809.9698095387197,37.49884744554127,127.02814900895488,8764.0,38.0,taxi_respawn_25,picked
dyn_pax_2513,8742.0,2026-09-07 11:25:42,417933646#2,residential|restaurant,,830.3119525357222,594.5819430897021,37.496941093289735,127.0302331440542,8754.0,12.0,taxi_9,picked
dyn_pax_2514,8747.0,2026-09-07 11:25:47,219837933#0,residential|company,,49.0199205680682,1328.1480294371383,37.503401583976704,127.02122519296726,8814.0,67.0,taxi_49,picked
dyn_pax_2515,8764.0,2026-09-07 11:26:04,975332778#1,bus_stop,,681.6099970732737,721.9380561808346,37.49806030190971,127.02852170075586,8806.0,42.0,taxi_respawn_5,picked
dyn_pax_2516,8770.0,2026-09-07 11:26:10,628232693#0,company|restaurant,,644.2623295929467,660.168099777976,37.49749680792099,127.0281140674837,8841.0,71.0,taxi_respawn_35,picked
dyn_pax_2517,8775.0,2026-09-07 11:26:15,-256787796#5,restaurant,,631.1882908445458,865.4152262944223,37.499343270516576,127.02791760566556,8792.0,17.0,taxi_33,picked
dyn_pax_2518,8781.0,2026-09-07 11:26:21,305539406,company|restaurant|subway_entrance,,566.389495917364,736.5285064605782,37.49816998085155,127.02721550408178,9026.0,245.0,taxi_respawn_66,picked
dyn_pax_2519,8787.0,2026-09-07 11:26:27,129731721#0,company|restaurant,,451.4485582282947,673.334514427724,37.497578992002325,127.0259309178301,9146.0,359.0,taxi_respawn_56,picked
dyn_pax_2520,8788.0,2026-09-07 11:26:28,521766175#3,company|restaurant|subway_entrance|bus_stop,,373.6701172395771,1298.610217621072,37.50319695740621,127.02490310718325,8845.0,57.0,taxi_respawn_1,picked
dyn_pax_2521,8797.0,2026-09-07 11:26:37,521770116#2,company|restaurant|bus_stop,,432.3182248087171,1108.514093563608,37.50149560521279,127.02561136613096,9303.0,506.0,taxi_respawn_74,picked
dyn_pax_2522,8826.0,2026-09-07 11:27:06,379463134#4,restaurant,,574.4815382344308,1284.0756787717605,37.50310398350559,127.02717717678497,8853.0,27.0,taxi_47,picked
dyn_pax_2523,8835.0,2026-09-07 11:27:15,-129731858#1,restaurant,,779.3164249772793,838.8541978668718,37.49913195860003,127.0295987323456,8937.0,102.0,taxi_respawn_57,picked
dyn_pax_2524,8838.0,2026-09-07 11:27:18,523141074#0,company|restaurant|subway_entrance,,524.0338794858329,871.4890157117229,37.4993777454413,127.02670460634431,8918.0,80.0,taxi_12,picked
dyn_pax_2525,8841.0,2026-09-07 11:27:21,-1056882877#5,company|restaurant,,302.41102899925136,583.0415396467946,37.496737424712585,127.0242672800979,8849.0,8.0,taxi_respawn_47,picked
dyn_pax_2526,8842.0,2026-09-07 11:27:22,417731530,company|restaurant,,191.66975375905443,1429.5779711342507,37.5043423120142,127.02281406437154,8861.0,19.0,taxi_respawn_54,picked
dyn_pax_2527,8862.0,2026-09-07 11:27:42,26163000#3,restaurant,,602.970622715944,1275.0711016561868,37.50302824900089,127.02750144434575,8880.0,18.0,taxi_respawn_48,picked
dyn_pax_2528,8870.0,2026-09-07 11:27:50,218877837#2,company|restaurant|bus_stop,,479.4555212141038,978.0213907550284,37.500328997763305,127.02617530290202,8874.0,4.0,taxi_respawn_75,picked
dyn_pax_2529,8882.0,2026-09-07 11:28:02,975332778#0,restaurant,,667.9217791522676,716.9366930139246,37.49801266412058,127.02836812020041,8956.0,74.0,taxi_4,picked
dyn_pax_2530,8896.0,2026-09-07 11:28:16,-129731858#3,restaurant,,760.2046779472714,898.6469063162286,37.49966698472747,127.02936848203807,8938.0,42.0,taxi_45,picked
dyn_pax_2531,8901.0,2026-09-07 11:28:21,-417933646#4,company|restaurant,,761.9867537178288,747.7080569325292,37.49830761500862,127.02942437673002,8935.0,34.0,taxi_respawn_30,picked
dyn_pax_2532,8909.0,2026-09-07 11:28:29,129731859#4,restaurant,,948.3176585840322,968.5888771831698,37.50033252074231,127.03147887955224,8953.0,44.0,taxi_respawn_45,picked
dyn_pax_2533,8921.0,2026-09-07 11:28:41,417750354#1,restaurant,,919.2899707887079,1024.6134421491665,37.5008317366974,127.03113741131199,8947.0,26.0,taxi_respawn_26,picked
dyn_pax_2534,8922.0,2026-09-07 11:28:42,417750337#3,restaurant,,561.9223834850405,1183.7905002369655,37.50219821136863,127.02705894855978,,,,unpicked
dyn_pax_2535,8929.0,2026-09-07 11:28:49,417750354#1,restaurant,,919.2899707887079,1024.6134421491665,37.5008317366974,127.03113741131199,8961.0,32.0,taxi_respawn_41,picked
dyn_pax_2536,8943.0,2026-09-07 11:29:03,1229817205#0,company|subway_entrance|bus_stop,,599.2457558679199,652.2907550986157,37.497417346160496,127.02760695963683,9048.0,105.0,taxi_46,picked
dyn_pax_2537,8946.0,2026-09-07 11:29:06,-379232161#3,restaurant,,957.578372934647,431.27964063812743,37.495494003443426,127.03171068469486,8977.0,31.0,taxi_31,picked
dyn_pax_2538,8956.0,2026-09-07 11:29:16,-26163000#1,restaurant,,613.3034084576574,1234.0026207389662,37.50266024308643,127.02762801542576,9242.0,286.0,taxi_25,picked
dyn_pax_2539,8957.0,2026-09-07 11:29:17,-129731858#3,restaurant,,760.2046779472714,898.6469063162286,37.49966698472747,127.02936848203807,9029.0,72.0,taxi_respawn_31,picked
dyn_pax_2540,8961.0,2026-09-07 11:29:21,-309155295#0,restaurant,,747.4684617800942,561.8059110120743,37.49663020867341,127.0293042509181,8996.0,35.0,taxi_38,picked
dyn_pax_2541,8964.0,2026-09-07 11:29:24,379463134#0,company,,445.604196565268,1237.9330600893716,37.50266396162017,127.02573088108544,8995.0,31.0,taxi_respawn_11,picked
dyn_pax_2542,8971.0,2026-09-07 11:29:31,117790041#2,restaurant,,441.66460303662666,1376.669936706078,37.50391299976682,127.0256534125234,9147.0,176.0,taxi_respawn_82,picked
dyn_pax_2543,8975.0,2026-09-07 11:29:35,521770116#2,company|restaurant|bus_stop,,432.3182248087171,1108.514093563608,37.50149560521279,127.02561136613096,9216.0,241.0,taxi_respawn_80,picked
dyn_pax_2544,8982.0,2026-09-07 11:29:42,521770119#0,restaurant|bus_stop,,548.9831206778387,935.1148840516827,37.499955620541705,127.02697161236954,9078.0,96.0,taxi_respawn_53,picked
dyn_pax_2545,9051.0,2026-09-07 11:30:51,-913950883#1,residential|company|restaurant,,391.36286393582424,840.6655979518604,37.49907500229157,127.0252118555046,9111.0,60.0,taxi_respawn_25,picked
dyn_pax_2546,9056.0,2026-09-07 11:30:56,1537068130#0,residential,,915.247444986279,1279.656751811989,37.50312848832193,127.03103134780491,9081.0,25.0,taxi_respawn_48,picked
dyn_pax_2547,9070.0,2026-09-07 11:31:10,417933645#2,residential|company|restaurant,,757.7944798520502,568.4010952306102,37.496691568512986,127.02941943794849,9379.0,309.0,taxi_7,picked
dyn_pax_2548,9075.0,2026-09-07 11:31:15,417750354#1,restaurant,,919.2899707887079,1024.6134421491665,37.5008317366974,127.03113741131199,9124.0,49.0,taxi_respawn_21,picked
dyn_pax_2549,9077.0,2026-09-07 11:31:17,-379463130#1,restaurant,,595.1104652489141,1131.7345077296688,37.50173554422087,127.02744655088388,9267.0,190.0,taxi_respawn_69,picked
dyn_pax_2550,9094.0,2026-09-07 11:31:34,-117790045#3,restaurant,,459.7597996777886,1476.3698694609513,37.50481454718326,127.02583436303603,9241.0,147.0,taxi_respawn_8,picked
dyn_pax_2551,9096.0,2026-09-07 11:31:36,-117823785#1,restaurant,,983.1954817367493,635.6880668681273,37.49734021138362,127.03195197441553,9116.0,20.0,taxi_respawn_41,picked
dyn_pax_2552,9103.0,2026-09-07 11:31:43,-504509918#2,company|restaurant|bus_stop,,398.9694242295193,827.4758220967593,37.49895762305832,127.02530099003066,9129.0,26.0,taxi_respawn_13,picked
dyn_pax_2553,9108.0,2026-09-07 11:31:48,219837933#0,residential|company,,49.0199205680682,1328.1480294371383,37.503401583976704,127.02122519296726,9183.0,75.0,taxi_22,picked
dyn_pax_2554,9126.0,2026-09-07 11:32:06,-417750336#5,restaurant,,886.0343029737398,891.1232225857099,37.499622942823265,127.030792984823,9148.0,22.0,taxi_32,picked
dyn_pax_2555,9153.0,2026-09-07 11:32:33,-417933645#1,restaurant,,753.9829961438405,551.6859834676363,37.49654027420169,127.02938030242663,9170.0,17.0,taxi_respawn_47,picked
dyn_pax_2556,9159.0,2026-09-07 11:32:39,523141074#0,company|restaurant|subway_entrance,,524.0338794858329,871.4890157117229,37.4993777454413,127.02670460634431,9191.0,32.0,taxi_1,picked
dyn_pax_2557,9181.0,2026-09-07 11:33:01,417933642#0,restaurant|bus_stop,,1041.0954363710525,463.30841921497654,37.49579826441859,127.03264736696761,9214.0,33.0,taxi_11,picked
dyn_pax_2558,9185.0,2026-09-07 11:33:05,117790045#2,restaurant,,537.9561568342307,1283.7183624175188,37.50309386389003,127.02676426064505,9213.0,28.0,taxi_respawn_42,picked
dyn_pax_2559,9192.0,2026-09-07 11:33:12,-117790031#1,restaurant,,730.7814463439225,1053.3410552584976,37.501054966737435,127.02899915797848,9215.0,23.0,taxi_respawn_22,picked
dyn_pax_2560,9198.0,2026-09-07 11:33:18,-309155295#2,restaurant,,851.6644930724242,598.8503866590313,37.496983571544654,127.03047355257749,9269.0,71.0,taxi_respawn_73,picked
dyn_pax_2561,9219.0,2026-09-07 11:33:39,521766180#1,company|restaurant|bus_stop,,466.73410130235357,1169.2838037446552,37.502049542882666,127.02598608796039,9551.0,332.0,taxi_respawn_64,picked
dyn_pax_2562,9229.0,2026-09-07 11:33:49,219837933#0,residential|company,,49.0199205680682,1328.1480294371383,37.503401583976704,127.02122519296726,9352.0,123.0,taxi_respawn_54,picked
dyn_pax_2563,9238.0,2026-09-07 11:33:58,129731720#0,residential|company|restaurant,,292.10678712231254,1113.150773394943,37.50151085547559,127.02402489828896,9448.0,210.0,taxi_9,picked
dyn_pax_2564,9240.0,2026-09-07 11:34:00,557469234,restaurant,,982.7249512156621,987.801549540822,37.50051207965727,127.03186337298402,9302.0,62.0,taxi_respawn_57,picked
dyn_pax_2565,9277.0,2026-09-07 11:34:37,520307304#2,restaurant,,553.737131666575,902.6336565846188,37.499663917706236,127.02703306650038,9283.0,6.0,taxi_respawn_1,picked
dyn_pax_2566,9279.0,2026-09-07 11:34:39,-1537068129#0,restaurant,,962.1540281232122,1146.7630824504436,37.50194018104768,127.03159317410272,9310.0,31.0,taxi_respawn_79,picked
dyn_pax_2567,9284.0,2026-09-07 11:34:44,542367267#1,company|restaurant,,199.26981683313872,1381.121508122661,37.50390724154084,127.02291151664822,9311.0,27.0,taxi_respawn_11,picked
dyn_pax_2568,9299.0,2026-09-07 11:34:59,239962780#1,company|restaurant,,78.091042197054,1418.7355011637856,37.504223128704645,127.02153236485597,9360.0,61.0,taxi_46,picked
dyn_pax_2569,9308.0,2026-09-07 11:35:08,990628460#0,restaurant,,624.9193131653682,704.9656163236222,37.49789670602668,127.02788475117727,9314.0,6.0,taxi_respawn_33,picked
dyn_pax_2570,9309.0,2026-09-07 11:35:09,417933642#0,restaurant|bus_stop,,1041.0954363710525,463.30841921497654,37.49579826441859,127.03264736696761,9351.0,42.0,taxi_respawn_45,picked
dyn_pax_2571,9316.0,2026-09-07 11:35:16,-417750337#2,restaurant,,578.5487433358253,1191.18897592047,37.50226799999912,127.02724519016736,9322.0,6.0,taxi_respawn_60,picked
dyn_pax_2572,9319.0,2026-09-07 11:35:19,-117790039#2,company|restaurant,,1017.0012393074795,990.846024966068,37.5005459641277,127.03225021068775,9343.0,24.0,taxi_respawn_30,picked
dyn_pax_2573,9325.0,2026-09-07 11:35:25,-417750336#3,school|company,,868.1859178511071,948.5147012398835,37.50013657861005,127.03057759421064,9357.0,32.0,taxi_37,picked
dyn_pax_2574,9326.0,2026-09-07 11:35:26,-309155295#1,residential|restaurant,,820.2174803017108,588.0239695218922,37.496880113093034,127.03012056506905,9410.0,84.0,taxi_respawn_34,picked
dyn_pax_2575,9329.0,2026-09-07 11:35:29,417933642#0,restaurant|bus_stop,,1041.0954363710525,463.30841921497654,37.49579826441859,127.03264736696761,9359.0,30.0,taxi_31,picked
dyn_pax_2576,9334.0,2026-09-07 11:35:34,-379463130#1,restaurant,,595.1104652489141,1131.7345077296688,37.50173554422087,127.02744655088388,9366.0,32.0,taxi_respawn_75,picked
dyn_pax_2577,9349.0,2026-09-07 11:35:49,129731859#0,restaurant,,636.6446621144157,858.1896913104493,37.49927921090336,127.0279810114602,9372.0,23.0,taxi_respawn_41,picked
dyn_pax_2578,9368.0,2026-09-07 11:36:08,218857636#1,residential|company|restaurant|bus_stop,,297.92905089287035,623.2061345250047,37.49709839153085,127.02420706961871,9411.0,43.0,taxi_respawn_81,picked
dyn_pax_2579,9376.0,2026-09-07 11:36:16,506191135#3,residential|company|restaurant|bus_stop,,238.79972345576414,789.4714057742513,37.49858497042428,127.023499044737,9427.0,51.0,taxi_13,picked
dyn_pax_2580,9380.0,2026-09-07 11:36:20,-26163000#1,restaurant,,613.3034084576574,1234.0026207389662,37.50266024308643,127.02762801542576,9403.0,23.0,taxi_respawn_68,picked
dyn_pax_2581,9388.0,2026-09-07 11:36:28,805827757#0,restaurant,,762.3138727549854,912.1862152730512,37.49978934916138,127.02938912364917,9433.0,45.0,taxi_36,picked
dyn_pax_2582,9431.0,2026-09-07 11:37:11,-417933646#1,residential|restaurant,,826.6019869456061,577.8075382253838,37.49678928421788,127.03019516859905,9455.0,24.0,taxi_30,picked
dyn_pax_2583,9437.0,2026-09-07 11:37:17,417750337#5,restaurant,,522.3387290339521,1126.7881672814829,37.50167723806998,127.02662489231146,9480.0,43.0,taxi_respawn_47,picked
dyn_pax_2584,9444.0,2026-09-07 11:37:24,-1011529829#3,residential|restaurant,,246.84006179949273,776.1178104815556,37.49846619888778,127.02359312469504,9470.0,26.0,taxi_respawn_5,picked
dyn_pax_2585,9459.0,2026-09-07 11:37:39,542367267#1,company|restaurant,,199.26981683313872,1381.121508122661,37.50390724154084,127.02291151664822,9631.0,172.0,taxi_45,picked
dyn_pax_2586,9484.0,2026-09-07 11:38:04,129733424#3,restaurant,,568.5053070143441,1008.1195751958668,37.500616957275064,127.02717503574868,9492.0,8.0,taxi_respawn_29,picked
dyn_pax_2587,9487.0,2026-09-07 11:38:07,-417750354#1,restaurant,,946.150029211292,974.2465578508335,37.500383078435064,127.03145303198383,9502.0,15.0,taxi_respawn_19,picked
dyn_pax_2588,9488.0,2026-09-07 11:38:08,129733424#0,restaurant,,719.7944869540754,1033.9950883209078,37.500878618503414,127.0288795122034,9535.0,47.0,taxi_12,picked
dyn_pax_2589,9489.0,2026-09-07 11:38:09,504227069,residential|restaurant,,587.1158993285404,291.7776336445087,37.494167438547194,127.02755526357365,9581.0,92.0,taxi_10,picked
dyn_pax_2590,9495.0,2026-09-07 11:38:15,628232693#0,company|restaurant,,644.2623295929467,660.168099777976,37.49749680792099,127.0281140674837,9566.0,71.0,taxi_respawn_56,picked
dyn_pax_2591,9522.0,2026-09-07 11:38:42,117790041#3,restaurant,,485.8172797724441,1249.4366376844557,37.50277519064896,127.0261828476699,9533.0,11.0,taxi_respawn_58,picked
dyn_pax_2592,9539.0,2026-09-07 11:38:59,-117790062#4,company,,666.6267400273903,1210.7400577041187,37.50246075614395,127.02823646445898,9560.0,21.0,taxi_respawn_72,picked
dyn_pax_2593,9548.0,2026-09-07 11:39:08,-256787796#4,restaurant,,620.2926176327408,895.5374521094307,37.49961256354246,127.02778727239327,9690.0,142.0,taxi_respawn_59,picked
dyn_pax_2594,9578.0,2026-09-07 11:39:38,379232155,restaurant,,946.0567570824509,480.05346239194995,37.49593120335224,127.03156888346594,9594.0,16.0,taxi_respawn_82,picked
dyn_pax_2595,9584.0,2026-09-07 11:39:44,417750337#5,restaurant,,522.3387290339521,1126.7881672814829,37.50167723806998,127.02662489231146,9610.0,26.0,taxi_respawn_70,picked
dyn_pax_2596,9588.0,2026-09-07 11:39:48,417933642#2,residential|restaurant,,976.5976168723116,645.9370182109647,37.49743129415275,127.0318749523804,9656.0,68.0,taxi_respawn_25,picked
dyn_pax_2597,9590.0,2026-09-07 11:39:50,-376649996#1,company,,349.947152138941,1.6182517984103069,37.49150877654974,127.02494272030683,9709.0,119.0,taxi_respawn_21,picked
dyn_pax_2598,9609.0,2026-09-07 11:40:09,494824662#3,company|restaurant|subway_entrance,,729.424850252167,406.6843378518681,37.49522941823122,127.02913698209235,9648.0,39.0,taxi_respawn_33,picked
dyn_pax_2599,9613.0,2026-09-07 11:40:13,417750354#1,restaurant,,919.2899707887079,1024.6134421491665,37.5008317366974,127.03113741131199,9637.0,24.0,taxi_respawn_69,picked
dyn_pax_2600,9640.0,2026-09-07 11:40:40,417933645#0,residential|restaurant,,823.1026288816429,385.61625104994533,37.49505730126708,127.03020109557775,9680.0,40.0,taxi_respawn_46,picked
dyn_pax_2601,9649.0,2026-09-07 11:40:49,129731852,restaurant,,626.5739131314494,885.3301415107766,37.499521799012015,127.0278607124155,9665.0,16.0,taxi_respawn_73,picked
dyn_pax_2602,9659.0,2026-09-07 11:40:59,521770119#0,restaurant|bus_stop,,548.9831206778387,935.1148840516827,37.499955620541705,127.02697161236954,9714.0,55.0,taxi_respawn_41,picked
dyn_pax_2603,9663.0,2026-09-07 11:41:03,1011529829#0,school,,381.1393135972994,834.2751815073392,37.49901550234899,127.0250977784903,9683.0,20.0,taxi_respawn_89,picked
dyn_pax_2604,9703.0,2026-09-07 11:41:43,-117790039#4,restaurant,,976.1736160857955,1107.3942396063046,37.50158817580974,127.03176100793065,9743.0,40.0,taxi_14,picked
dyn_pax_2605,9727.0,2026-09-07 11:42:07,520307304#0,school|subway_entrance|bus_stop,,602.6035134310263,763.145495629718,37.498416594724866,127.02761864854104,9734.0,7.0,taxi_respawn_26,picked
dyn_pax_2606,9748.0,2026-09-07 11:42:28,129731720#0,residential|company|restaurant,,292.10678712231254,1113.150773394943,37.50151085547559,127.02402489828896,9840.0,92.0,taxi_respawn_63,picked
dyn_pax_2607,9754.0,2026-09-07 11:42:34,-117790039#2,company|restaurant,,1017.0012393074795,990.846024966068,37.5005459641277,127.03225021068775,9773.0,19.0,taxi_7,picked
dyn_pax_2608,9760.0,2026-09-07 11:42:40,-309155295#4,residential|restaurant,,966.4689567179357,639.4784987131154,37.49737120494098,127.0317619612052,9775.0,15.0,taxi_respawn_74,picked
dyn_pax_2609,9770.0,2026-09-07 11:42:50,-504509918#2,company|restaurant|bus_stop,,398.9694242295193,827.4758220967593,37.49895762305832,127.02530099003066,9810.0,40.0,taxi_respawn_65,picked
dyn_pax_2610,9785.0,2026-09-07 11:43:05,-523141073,residential|company,,283.47995026542384,1109.9635024546676,37.50148051131825,127.02392811188028,9860.0,75.0,taxi_respawn_86,picked
dyn_pax_2611,9794.0,2026-09-07 11:43:14,218873820#0,restaurant|subway_entrance|bus_stop,,628.9829311132032,562.4061665928522,37.49661325243901,127.02796447999128,9908.0,114.0,taxi_22,picked
dyn_pax_2612,9805.0,2026-09-07 11:43:25,521766180#1,company|restaurant|bus_stop,,466.73410130235357,1169.2838037446552,37.502049542882666,127.02598608796039,10170.0,365.0,taxi_11,picked
dyn_pax_2613,9811.0,2026-09-07 11:43:31,417750337#5,restaurant,,522.3387290339521,1126.7881672814829,37.50167723806998,127.02662489231146,9894.0,83.0,taxi_46,picked
dyn_pax_2614,9814.0,2026-09-07 11:43:34,-417750354#1,restaurant,,946.150029211292,974.2465578508335,37.500383078435064,127.03145303198383,9829.0,15.0,taxi_respawn_66,picked
dyn_pax_2615,9826.0,2026-09-07 11:43:46,218877837#2,company|restaurant|bus_stop,,479.4555212141038,978.0213907550284,37.500328997763305,127.02617530290202,9946.0,120.0,taxi_respawn_19,picked
dyn_pax_2616,9831.0,2026-09-07 11:43:51,-1011529829#3,residential|restaurant,,246.84006179949273,776.1178104815556,37.49846619888778,127.02359312469504,9837.0,6.0,taxi_respawn_58,picked
dyn_pax_2617,9864.0,2026-09-07 11:44:24,117823785#0,company|restaurant,,1360.8740206736493,851.0492627492013,37.499351351792384,127.0361713398344,9965.0,101.0,taxi_respawn_81,picked
dyn_pax_2618,9892.0,2026-09-07 11:44:52,520307304#0,school|subway_entrance|bus_stop,,602.6035134310263,763.145495629718,37.498416594724866,127.02761864854104,9957.0,65.0,taxi_12,picked
dyn_pax_2619,9914.0,2026-09-07 11:45:14,-417933646#1,residential|restaurant,,826.6019869456061,577.8075382253838,37.49678928421788,127.03019516859905,9946.0,32.0,taxi_25,picked
dyn_pax_2620,9937.0,2026-09-07 11:45:37,379463130#0,restaurant,,544.1425087303844,1128.5419490598922,37.501697156429024,127.02687101205116,10230.0,293.0,taxi_respawn_93,picked
dyn_pax_2621,9946.0,2026-09-07 11:45:46,1376141183#0,bus_stop,,548.2528111146681,901.2117688498424,37.49965007283687,127.02697139402301,9980.0,34.0,taxi_respawn_88,picked
dyn_pax_2622,9950.0,2026-09-07 11:45:50,-26163000#1,restaurant,,613.3034084576574,1234.0026207389662,37.50266024308643,127.02762801542576,9972.0,22.0,taxi_respawn_25,picked
dyn_pax_2623,9952.0,2026-09-07 11:45:52,309155295#0,company|restaurant,,688.2712938579457,529.5739965525526,37.49632868191341,127.02864258735015,9988.0,36.0,taxi_7,picked
dyn_pax_2624,9954.0,2026-09-07 11:45:54,417731530,company|restaurant,,191.66975375905443,1429.5779711342507,37.5043423120142,127.02281406437154,10011.0,57.0,taxi_respawn_92,picked
dyn_pax_2625,9956.0,2026-09-07 11:45:56,1117538957#3,restaurant|subway_entrance|bus_stop,,465.5082521847807,644.8780924026132,37.49732530507706,127.02609663221197,10369.0,413.0,taxi_respawn_62,picked
dyn_pax_2626,9962.0,2026-09-07 11:46:02,542367267#1,company|restaurant,,199.26981683313872,1381.121508122661,37.50390724154084,127.02291151664822,9973.0,11.0,taxi_respawn_46,picked
dyn_pax_2627,9964.0,2026-09-07 11:46:04,521766175#1,company|restaurant|subway_entrance,,332.9365590021661,1411.5585828157227,37.504206724109,127.02441570308932,10189.0,225.0,taxi_respawn_69,picked
dyn_pax_2628,9974.0,2026-09-07 11:46:14,-417933645#2,company|restaurant|subway_entrance,,701.1658676593129,719.5455833044954,37.49804244093877,127.02874337560036,10088.0,114.0,taxi_respawn_56,picked
dyn_pax_2629,9987.0,2026-09-07 11:46:27,117790039#3,restaurant,,1021.8645860465238,1004.4924062015546,37.500669811640854,127.03230197280303,10029.0,42.0,taxi_10,picked
dyn_pax_2630,10009.0,2026-09-07 11:46:49,-129731857#2,restaurant,,875.7452923990509,884.8037873845144,37.499564075208866,127.03067814538078,10027.0,18.0,taxi_respawn_23,picked
dyn_pax_2631,10011.0,2026-09-07 11:46:51,521770119#3,restaurant,,495.372237145516,1095.557338436544,37.501390805360316,127.0263273901891,10390.0,379.0,taxi_respawn_67,picked
dyn_pax_2632,10021.0,2026-09-07 11:47:01,309155295#0,company|restaurant,,688.2712938579457,529.5739965525526,37.49632868191341,127.02864258735015,10028.0,7.0,taxi_respawn_83,picked
dyn_pax_2633,10024.0,2026-09-07 11:47:04,379463134#3,restaurant,,544.2510512741843,1273.4484249309019,37.503002538586315,127.0268378740983,10031.0,7.0,taxi_33,picked
dyn_pax_2634,10052.0,2026-09-07 11:47:32,417933645#0,residential|restaurant,,823.1026288816429,385.61625104994533,37.49505730126708,127.03020109557775,10113.0,61.0,taxi_30,picked
dyn_pax_2635,10067.0,2026-09-07 11:47:47,-117790039#2,company|restaurant,,1017.0012393074795,990.846024966068,37.5005459641277,127.03225021068775,10086.0,19.0,taxi_respawn_82,picked
dyn_pax_2636,10074.0,2026-09-07 11:47:54,521766175#1,company|restaurant|subway_entrance,,332.9365590021661,1411.5585828157227,37.504206724109,127.02441570308932,10098.0,24.0,taxi_respawn_47,picked
dyn_pax_2637,10075.0,2026-09-07 11:47:55,-506191135#22,residential|company|restaurant|bus_stop,,38.693950105848444,1321.9513167019495,37.50334380565249,127.02110990869835,10081.0,6.0,taxi_1,picked
dyn_pax_2638,10076.0,2026-09-07 11:47:56,417750337#1,restaurant,,654.3039749436668,1311.1147669608317,37.50336263595113,127.02807333923603,10098.0,22.0,taxi_respawn_54,picked
dyn_pax_2639,10081.0,2026-09-07 11:48:01,-504509918#2,company|restaurant|bus_stop,,398.9694242295193,827.4758220967593,37.49895762305832,127.02530099003066,10105.0,24.0,taxi_respawn_95,picked
dyn_pax_2640,10082.0,2026-09-07 11:48:02,521766175#3,company|restaurant|subway_entrance|bus_stop,,373.6701172395771,1298.610217621072,37.50319695740621,127.02490310718325,10379.0,297.0,taxi_respawn_60,picked
dyn_pax_2641,10093.0,2026-09-07 11:48:13,-506191135#22,residential|company|restaurant|bus_stop,,38.693950105848444,1321.9513167019495,37.50334380565249,127.02110990869835,10129.0,36.0,taxi_respawn_98,picked
dyn_pax_2642,10095.0,2026-09-07 11:48:15,309155295#3,restaurant,,868.2249250208004,595.011595969151,37.496952113096654,127.03066169877924,10116.0,21.0,taxi_respawn_19,picked
dyn_pax_2643,10103.0,2026-09-07 11:48:23,-805827765,restaurant,,955.7439147780814,1157.0835718820576,37.50203194319751,127.03151825266303,10116.0,13.0,taxi_respawn_77,picked
dyn_pax_2644,10105.0,2026-09-07 11:48:25,417750337#5,restaurant,,522.3387290339521,1126.7881672814829,37.50167723806998,127.02662489231146,10397.0,292.0,taxi_respawn_79,picked
dyn_pax_2645,10106.0,2026-09-07 11:48:26,521766175#3,company|restaurant|subway_entrance|bus_stop,,373.6701172395771,1298.610217621072,37.50319695740621,127.02490310718325,10285.0,179.0,taxi_respawn_11,picked
dyn_pax_2646,10133.0,2026-09-07 11:48:53,-129731858#1,restaurant,,779.3164249772793,838.8541978668718,37.49913195860003,127.0295987323456,10195.0,62.0,taxi_38,picked
dyn_pax_2647,10137.0,2026-09-07 11:48:57,504227069,residential|restaurant,,587.1158993285404,291.7776336445087,37.494167438547194,127.02755526357365,10215.0,78.0,taxi_respawn_94,picked
dyn_pax_2648,10149.0,2026-09-07 11:49:09,-913950883#1,residential|company|restaurant,,391.36286393582424,840.6655979518604,37.49907500229157,127.0252118555046,10178.0,29.0,taxi_respawn_10,picked
dyn_pax_2649,10155.0,2026-09-07 11:49:15,309155295#0,company|restaurant,,688.2712938579457,529.5739965525526,37.49632868191341,127.02864258735015,10490.0,335.0,taxi_respawn_48,picked
dyn_pax_2650,10160.0,2026-09-07 11:49:20,1229817205#0,company|subway_entrance|bus_stop,,599.2457558679199,652.2907550986157,37.497417346160496,127.02760695963683,10449.0,289.0,taxi_respawn_59,picked
dyn_pax_2651,10196.0,2026-09-07 11:49:56,218873820#0,restaurant|subway_entrance|bus_stop,,628.9829311132032,562.4061665928522,37.49661325243901,127.02796447999128,10268.0,72.0,taxi_37,picked
dyn_pax_2652,10201.0,2026-09-07 11:50:01,178441450#1,residential|company|restaurant|bus_stop,,282.90243066757296,609.4157395563556,37.496971320837204,127.02404044855805,,,,unpicked
dyn_pax_2653,10206.0,2026-09-07 11:50:06,1117538957#0,company|restaurant,,312.91680439510856,589.5311930299885,37.49679787270139,127.0243845203811,10260.0,54.0,taxi_25,picked
dyn_pax_2654,10237.0,2026-09-07 11:50:37,218877837#2,company|restaurant|bus_stop,,479.4555212141038,978.0213907550284,37.500328997763305,127.02617530290202,10676.0,439.0,taxi_respawn_78,picked
dyn_pax_2655,10243.0,2026-09-07 11:50:43,218877837#2,company|restaurant|bus_stop,,479.4555212141038,978.0213907550284,37.500328997763305,127.02617530290202,10668.0,425.0,taxi_32,picked
dyn_pax_2656,10250.0,2026-09-07 11:50:50,-129731857#1,restaurant,,773.0987126859483,849.1784152186673,37.4992237894183,127.02952598601298,10302.0,52.0,taxi_30,picked
dyn_pax_2657,10251.0,2026-09-07 11:50:51,-417750337#0,restaurant,,672.8749254632385,1321.3640627464144,37.50345847130562,127.02828089713113,10283.0,32.0,taxi_respawn_30,picked
dyn_pax_2658,10264.0,2026-09-07 11:51:04,-239954462#0,company,,177.59108854633376,1424.6091910087337,37.50429488616932,127.02265605240045,10286.0,22.0,taxi_13,picked
dyn_pax_2659,10277.0,2026-09-07 11:51:17,-129731858#1,restaurant,,779.3164249772793,838.8541978668718,37.49913195860003,127.0295987323456,10292.0,15.0,taxi_respawn_84,picked
dyn_pax_2660,10278.0,2026-09-07 11:51:18,129733424#3,restaurant,,568.5053070143441,1008.1195751958668,37.500616957275064,127.02717503574868,10487.0,209.0,taxi_5,picked
dyn_pax_2661,10280.0,2026-09-07 11:51:20,-117790062#4,company,,666.6267400273903,1210.7400577041187,37.50246075614395,127.02823646445898,10304.0,24.0,taxi_44,picked
dyn_pax_2662,10283.0,2026-09-07 11:51:23,-504509918#2,company|restaurant|bus_stop,,398.9694242295193,827.4758220967593,37.49895762305832,127.02530099003066,10318.0,35.0,taxi_respawn_42,picked
dyn_pax_2663,10306.0,2026-09-07 11:51:46,256787796#5,restaurant,,616.3422671393917,878.7532899245961,37.49946062055924,127.02774658517313,10516.0,210.0,taxi_respawn_56,picked
dyn_pax_2664,10311.0,2026-09-07 11:51:51,309155295#1,restaurant,,764.2225196982893,558.1760304781078,37.4966006705371,127.0294945363528,10325.0,14.0,taxi_respawn_63,picked
dyn_pax_2665,10313.0,2026-09-07 11:51:53,117790036#1,company,,849.7103307162836,1232.6514730855474,37.50269269072902,127.03030143103514,10334.0,21.0,taxi_16,picked
dyn_pax_2666,10318.0,2026-09-07 11:51:58,219837933#0,residential|company,,49.0199205680682,1328.1480294371383,37.503401583976704,127.02122519296726,10434.0,116.0,taxi_respawn_41,picked
dyn_pax_2667,10333.0,2026-09-07 11:52:13,504227065,company,,441.32681628575455,666.8408278135128,37.497518581743364,127.0258180180219,,,,unpicked
dyn_pax_2668,10349.0,2026-09-07 11:52:29,-379232155,restaurant,,999.2800162208075,449.1965960198298,37.495663263085994,127.03217793178025,10451.0,102.0,taxi_respawn_33,picked
dyn_pax_2669,10364.0,2026-09-07 11:52:44,990628460#0,restaurant,,624.9193131653682,704.9656163236222,37.49789670602668,127.02788475117727,10391.0,27.0,taxi_respawn_53,picked
dyn_pax_2670,10371.0,2026-09-07 11:52:51,1117538957#3,restaurant|subway_entrance|bus_stop,,465.5082521847807,644.8780924026132,37.49732530507706,127.02609663221197,10382.0,11.0,taxi_respawn_77,picked
dyn_pax_2671,10372.0,2026-09-07 11:52:52,-542367267#0,company,,179.75773525047865,1390.7576253945435,37.50399035207237,127.02268859703804,10514.0,142.0,taxi_respawn_47,picked
dyn_pax_2672,10386.0,2026-09-07 11:53:06,520307304#0,school|subway_entrance|bus_stop,,602.6035134310263,763.145495629718,37.498416594724866,127.02761864854104,10451.0,65.0,taxi_42,picked
dyn_pax_2673,10395.0,2026-09-07 11:53:15,-309155295#1,residential|restaurant,,820.2174803017108,588.0239695218922,37.496880113093034,127.03012056506905,10433.0,38.0,taxi_respawn_69,picked
dyn_pax_2674,10416.0,2026-09-07 11:53:36,-417933646#4,company|restaurant,,761.9867537178288,747.7080569325292,37.49830761500862,127.02942437673002,10470.0,54.0,taxi_respawn_29,picked
dyn_pax_2675,10430.0,2026-09-07 11:53:50,417933645#0,residential|restaurant,,823.1026288816429,385.61625104994533,37.49505730126708,127.03020109557775,10437.0,7.0,taxi_11,picked
dyn_pax_2676,10432.0,2026-09-07 11:53:52,-506191135#2,residential|bus_stop,,236.19733776439384,769.6838415951818,37.49840622577806,127.02347432089968,10465.0,33.0,taxi_respawn_90,picked
dyn_pax_2677,10446.0,2026-09-07 11:54:06,1229817205#0,company|subway_entrance|bus_stop,,599.2457558679199,652.2907550986157,37.497417346160496,127.02760695963683,10457.0,11.0,taxi_respawn_92,picked
dyn_pax_2678,10462.0,2026-09-07 11:54:22,117790051#2,restaurant,,558.5532373104973,1361.778638311631,37.503800946163,127.02697864469606,10488.0,26.0,taxi_respawn_10,picked
dyn_pax_2679,10474.0,2026-09-07 11:54:34,417750337#5,restaurant,,522.3387290339521,1126.7881672814829,37.50167723806998,127.02662489231146,10483.0,9.0,taxi_35,picked
dyn_pax_2680,10482.0,2026-09-07 11:54:42,504227065,company,,441.32681628575455,666.8408278135128,37.497518581743364,127.0258180180219,,,,unpicked
dyn_pax_2681,10484.0,2026-09-07 11:54:44,305539406,company|restaurant|subway_entrance,,566.389495917364,736.5285064605782,37.49816998085155,127.02721550408178,10557.0,73.0,taxi_37,picked
dyn_pax_2682,10486.0,2026-09-07 11:54:46,1117538957#0,company|restaurant,,312.91680439510856,589.5311930299885,37.49679787270139,127.0243845203811,10539.0,53.0,taxi_respawn_104,picked
dyn_pax_2683,10527.0,2026-09-07 11:55:27,-417933645#2,company|restaurant|subway_entrance,,701.1658676593129,719.5455833044954,37.49804244093877,127.02874337560036,10627.0,100.0,taxi_respawn_97,picked
dyn_pax_2684,10538.0,2026-09-07 11:55:38,521770119#0,restaurant|bus_stop,,548.9831206778387,935.1148840516827,37.499955620541705,127.02697161236954,10668.0,130.0,taxi_33,picked
dyn_pax_2685,10561.0,2026-09-07 11:56:01,379463134#4,restaurant,,574.4815382344308,1284.0756787717605,37.50310398350559,127.02717717678497,10593.0,32.0,taxi_respawn_82,picked
dyn_pax_2686,10595.0,2026-09-07 11:56:35,-417750337#4,restaurant,,542.6552277079157,1139.0745154802132,37.5017917560025,127.02685169754334,10648.0,53.0,taxi_respawn_93,picked
dyn_pax_2687,10603.0,2026-09-07 11:56:43,521766182#1,company|restaurant|subway_entrance,,681.695169875507,539.6867345716422,37.496418539503196,127.02856584056028,10615.0,12.0,taxi_respawn_33,picked
dyn_pax_2688,10628.0,2026-09-07 11:57:08,-506191135#22,residential|company|restaurant|bus_stop,,38.693950105848444,1321.9513167019495,37.50334380565249,127.02110990869835,10657.0,29.0,taxi_respawn_100,picked
dyn_pax_2689,10641.0,2026-09-07 11:57:21,521766175#3,company|restaurant|subway_entrance|bus_stop,,373.6701172395771,1298.610217621072,37.50319695740621,127.02490310718325,10646.0,5.0,taxi_respawn_13,picked
dyn_pax_2690,10669.0,2026-09-07 11:57:49,417933646#0,restaurant,,894.2617302193242,410.3206078764906,37.49529326349135,127.03099977850056,10690.0,21.0,taxi_31,picked
dyn_pax_2691,10719.0,2026-09-07 11:58:39,-309155295#1,residential|restaurant,,820.2174803017108,588.0239695218922,37.496880113093034,127.03012056506905,10762.0,43.0,taxi_respawn_33,picked
dyn_pax_2692,10722.0,2026-09-07 11:58:42,-379463134#6,restaurant,,651.5506250710082,1319.679135788758,37.50343926652266,127.02804017641046,10749.0,27.0,taxi_respawn_41,picked
dyn_pax_2693,10738.0,2026-09-07 11:58:58,-117790051#4,restaurant,,448.3479635094145,1379.7889979949318,37.50394236073409,127.02572824341395,10769.0,31.0,taxi_35,picked
dyn_pax_2694,10739.0,2026-09-07 11:58:59,-117790062#4,company,,666.6267400273903,1210.7400577041187,37.50246075614395,127.02823646445898,10768.0,29.0,taxi_respawn_56,picked
dyn_pax_2695,10746.0,2026-09-07 11:59:06,557469234,restaurant,,982.7249512156621,987.801549540822,37.50051207965727,127.03186337298402,,,,unpicked
dyn_pax_2696,10751.0,2026-09-07 11:59:11,521766175#3,company|restaurant|subway_entrance|bus_stop,,373.6701172395771,1298.610217621072,37.50319695740621,127.02490310718325,,,,unpicked
dyn_pax_2697,10765.0,2026-09-07 11:59:25,117790051#2,restaurant,,558.5532373104973,1361.778638311631,37.503800946163,127.02697864469606,,,,unpicked
dyn_pax_2698,10768.0,2026-09-07 11:59:28,-379463134#1,restaurant,,479.36604535588674,1259.6870258351425,37.50286630987452,127.02610747054479,,,,unpicked
dyn_pax_2699,10781.0,2026-09-07 11:59:41,805827756#0,restaurant,,725.8600087193602,932.9429066344904,37.49996945301828,127.02897203227693,,,,unpicked
