time,temperature,precipitation,wind_speed
2026-08-23 00:00:00,19.29630804605203,1.2,
2026-08-23 00:05:00,18.990811893132317,5.5,
2026-08-23 00:10:00,18.89818184059224,0.0,
2026-08-23 00:15:00,18.990760161003017,0.0,
2026-08-23 00:20:00,19.39464647328765,0.0,
2026-08-23 00:25:00,18.888935416631117,0.0,
2026-08-23 00:30:00,18.475415815193895,5.5,
2026-08-23 00:35:00,19.379941373415,1.2,
2026-08-23 00:40:00,17.83815398109977,1.2,
2026-08-23 00:45:00,18.519820954976566,0.0,
2026-08-23 00:50:00,18.85563295287442,1.2,
2026-08-23 00:55:00,18.322231169382395,0.0,
2026-08-23 01:00:00,18.33611330883689,0.0,
2026-08-23 01:05:00,18.4173261457823,0.0,
2026-08-23 01:10:00,18.218177323687485,5.5,
2026-08-23 01:15:00,17.77041335754809,0.0,
2026-08-23 01:20:00,18.595658503686018,0.0,
2026-08-23 01:25:00,18.369965810701324,0.0,
2026-08-23 01:30:00,18.063816535225456,0.0,
2026-08-23 01:35:00,18.436035273854383,1.2,
2026-08-23 01:40:00,17.85643900573868,0.0,
2026-08-23 01:45:00,18.837100887810585,5.5,
2026-08-23 01:50:00,18.78477429062849,0.0,
2026-08-23 01:55:00,18.01693353269118,0.0,
2026-08-23 02:00:00,17.634233810892834,0.0,
2026-08-23 02:05:00,18.314401185134805,0.0,
2026-08-23 02:10:00,17.846742579264046,0.0,
2026-08-23 02:15:00,17.403184482342244,0.0,
2026-08-23 02:20:00,17.91352263752084,0.0,
2026-08-23 02:25:00,17.553916285837325,5.5,
2026-08-23 02:30:00,18.33866662845494,0.0,
2026-08-23 02:35:00,17.969659066684,0.0,
2026-08-23 02:40:00,17.85963233031336,0.0,
2026-08-23 02:45:00,17.330739965842298,1.2,
2026-08-23 02:50:00,17.174033271852213,0.0,
2026-08-23 02:55:00,18.59354100129552,1.2,
2026-08-23 03:00:00,18.218704523310883,0.0,
2026-08-23 03:05:00,18.59113979226583,5.5,
2026-08-23 03:10:00,17.93094291526754,5.5,
2026-08-23 03:15:00,18.212057994592552,1.2,
2026-08-23 03:20:00,17.809332021528746,0.0,
2026-08-23 03:25:00,17.286021821632776,0.0,
2026-08-23 03:30:00,18.6177201220647,1.2,
2026-08-23 03:35:00,18.554093026115837,0.0,
2026-08-23 03:40:00,18.914383783676037,0.0,
2026-08-23 03:45:00,18.99712925006749,0.0,
2026-08-23 03:50:00,18.74411120871768,1.2,
2026-08-23 03:55:00,18.91387896714353,1.2,
2026-08-23 04:00:00,17.483961812306585,0.0,
2026-08-23 04:05:00,18.79459433046587,1.2,
2026-08-23 04:10:00,18.967190476675523,0.0,
2026-08-23 04:15:00,18.991442799902288,5.5,
2026-08-23 04:20:00,19.23825494215861,0.0,
2026-08-23 04:25:00,19.06239748067355,0.0,
2026-08-23 04:30:00,19.10543075152997,1.2,
2026-08-23 04:35:00,18.89703204417449,0.0,
2026-08-23 04:40:00,18.552488433578315,0.0,
2026-08-23 04:45:00,19.02649624378867,0.0,
2026-08-23 04:50:00,19.625734397462885,0.0,
2026-08-23 04:55:00,19.812746936414477,0.0,
2026-08-23 05:00:00,19.472240917108625,1.2,
2026-08-23 05:05:00,18.83105173455438,5.5,
2026-08-23 05:10:00,19.421575306909254,0.0,
2026-08-23 05:15:00,19.359930249534077,0.0,
2026-08-23 05:20:00,20.171724312572625,1.2,
2026-08-23 05:25:00,19.60751381999652,0.0,
2026-08-23 05:30:00,19.731381231224,0.0,
2026-08-23 05:35:00,20.27684819874348,0.0,
2026-08-23 05:40:00,20.32909745017145,0.0,
2026-08-23 05:45:00,20.31157141970296,0.0,
2026-08-23 05:50:00,19.4455634191493,1.2,
2026-08-23 05:55:00,19.587622128138065,0.0,
2026-08-23 06:00:00,20.14979788523021,0.0,
2026-08-23 06:05:00,20.155799642616778,0.0,
2026-08-23 06:10:00,20.37625540203883,0.0,
2026-08-23 06:15:00,20.629859483766843,0.0,
2026-08-23 06:20:00,20.793189760037723,1.2,
2026-08-23 06:25:00,21.530250683115423,0.0,
2026-08-23 06:30:00,21.827383894485617,5.5,
2026-08-23 06:35:00,21.740681917077566,0.0,
2026-08-23 06:40:00,21.65820213073744,0.0,
2026-08-23 06:45:00,21.248543463048435,5.5,
2026-08-23 06:50:00,21.78160789476977,0.0,
2026-08-23 06:55:00,21.574876053062624,0.0,
2026-08-23 07:00:00,22.09039085016305,0.0,
2026-08-23 07:05:00,21.696771715994466,0.0,
2026-08-23 07:10:00,21.762372807045917,0.0,
2026-08-23 07:15:00,22.262470516054485,1.2,
2026-08-23 07:20:00,22.82727634047208,1.2,
2026-08-23 07:25:00,22.513672932907628,1.2,
2026-08-23 07:30:00,22.082884629361025,0.0,
2026-08-23 07:35:00,21.96732236980769,5.5,
2026-08-23 07:40:00,22.10917242339077,0.0,
2026-08-23 07:45:00,23.04336203327876,0.0,
2026-08-23 07:50:00,22.704647944626625,5.5,
2026-08-23 07:55:00,22.47704995268965,5.5,
2026-08-23 08:00:00,22.05082208937444,0.0,
2026-08-23 08:05:00,22.672623642133672,0.0,
2026-08-23 08:10:00,22.62536756529444,1.2,
2026-08-23 08:15:00,22.85828532043493,0.0,
2026-08-23 08:20:00,21.67089343319244,0.0,
2026-08-23 08:25:00,23.71202356627332,0.0,
2026-08-23 08:30:00,23.48183360177885,0.0,
2026-08-23 08:35:00,23.78412020639649,1.2,
2026-08-23 08:40:00,23.41383976158492,0.0,
2026-08-23 08:45:00,23.556694588740505,0.0,
2026-08-23 08:50:00,24.725052355050508,1.2,
2026-08-23 08:55:00,24.214542510484087,5.5,
2026-08-23 09:00:00,25.703918925661736,0.0,
2026-08-23 09:05:00,24.36207176670429,0.0,
2026-08-23 09:10:00,24.638754759649707,0.0,
2026-08-23 09:15:00,24.479933590984,5.5,
2026-08-23 09:20:00,24.51260014671282,0.0,
2026-08-23 09:25:00,24.614686870570782,0.0,
2026-08-23 09:30:00,25.82898654990276,0.0,
2026-08-23 09:35:00,25.630394111418937,5.5,
2026-08-23 09:40:00,24.30973479780041,1.2,
2026-08-23 09:45:00,25.252761630792943,0.0,
2026-08-23 09:50:00,24.968515034864144,5.5,
2026-08-23 09:55:00,25.7211386647433,1.2,
2026-08-23 10:00:00,25.46868255391844,1.2,
2026-08-23 10:05:00,25.640034461376967,0.0,
2026-08-23 10:10:00,25.789995419242363,5.5,
2026-08-23 10:15:00,25.65329556036022,0.0,
2026-08-23 10:20:00,26.16008388102829,5.5,
2026-08-23 10:25:00,26.925603479077527,1.2,
2026-08-23 10:30:00,25.489741790499533,0.0,
2026-08-23 10:35:00,25.450800151604582,0.0,
2026-08-23 10:40:00,25.42283892392956,0.0,
2026-08-23 10:45:00,27.19510683887719,0.0,
2026-08-23 10:50:00,26.5939334209479,0.0,
2026-08-23 10:55:00,26.87198709887462,1.2,
2026-08-23 11:00:00,26.072223194897976,0.0,
2026-08-23 11:05:00,26.277967173949808,0.0,
2026-08-23 11:10:00,25.80022902046091,0.0,
2026-08-23 11:15:00,26.354918161447856,0.0,
2026-08-23 11:20:00,26.011497327583044,0.0,
2026-08-23 11:25:00,26.774519944800844,1.2,
2026-08-23 11:30:00,26.94364846839546,5.5,
2026-08-23 11:35:00,26.79335944765453,1.2,
2026-08-23 11:40:00,27.67495479495288,0.0,
2026-08-23 11:45:00,27.577558451094408,0.0,
2026-08-23 11:50:00,27.150111502577666,1.2,
2026-08-23 11:55:00,27.5356087774736,0.0,
2026-08-23 12:00:00,28.04872632783393,0.0,
2026-08-23 12:05:00,27.09650907094331,1.2,
2026-08-23 12:10:00,27.90236575558512,5.5,
2026-08-23 12:15:00,27.77311415652426,1.2,
2026-08-23 12:20:00,26.99183581267056,0.0,
2026-08-23 12:25:00,27.671270646622148,5.5,
2026-08-23 12:30:00,27.72834097763029,5.5,
2026-08-23 12:35:00,27.013494114422645,0.0,
2026-08-23 12:40:00,28.43555222904253,5.5,
2026-08-23 12:45:00,27.20140665475206,0.0,
2026-08-23 12:50:00,28.026323516080662,0.0,
2026-08-23 12:55:00,27.56801160923416,0.0,
2026-08-23 13:00:00,27.660275175773528,0.0,
2026-08-23 13:05:00,27.97404904791331,0.0,
2026-08-23 13:10:00,28.38244820159363,0.0,
2026-08-23 13:15:00,28.739810447410715,0.0,
2026-08-23 13:20:00,28.005923501858792,0.0,
2026-08-23 13:25:00,27.870712652786835,0.0,
2026-08-23 13:30:00,28.46891335011592,0.0,
2026-08-23 13:35:00,28.653789551759047,0.0,
2026-08-23 13:40:00,28.11327373042361,5.5,
2026-08-23 13:45:00,28.34686991689652,1.2,
2026-08-23 13:50:00,27.65569752308425,5.5,
2026-08-23 13:55:00,27.757261892298487,0.0,
2026-08-23 14:00:00,27.80528415042246,0.0,
2026-08-23 14:05:00,27.608073407249847,1.2,
2026-08-23 14:10:00,27.42107557814177,0.0,
2026-08-23 14:15:00,28.785550925971226,0.0,
2026-08-23 14:20:00,28.432750937611203,5.5,
2026-08-23 14:25:00,27.0944649281124,0.0,
2026-08-23 14:30:00,28.4138779957796,0.0,
2026-08-23 14:35:00,27.590468408388936,1.2,
2026-08-23 14:40:00,28.448400687432944,0.0,
2026-08-23 14:45:00,28.45212127210293,0.0,
2026-08-23 14:50:00,27.600033732943142,1.2,
2026-08-23 14:55:00,27.7875908999204,0.0,
2026-08-23 15:00:00,28.279276857823557,1.2,
2026-08-23 15:05:00,27.989453232636,0.0,
2026-08-23 15:10:00,27.64972903975106,0.0,
2026-08-23 15:15:00,28.310796092274146,0.0,
2026-08-23 15:20:00,27.50231307202686,0.0,
2026-08-23 15:25:00,28.05360491471881,0.0,
2026-08-23 15:30:00,27.930201516334566,0.0,
2026-08-23 15:35:00,27.77056308741696,1.2,
2026-08-23 15:40:00,27.56713085063732,1.2,
2026-08-23 15:45:00,27.246191364371388,1.2,
2026-08-23 15:50:00,27.726109354322755,0.0,
2026-08-23 15:55:00,27.208446526051542,0.0,
2026-08-23 16:00:00,27.08075427019753,0.0,
2026-08-23 16:05:00,27.55283925115164,0.0,
2026-08-23 16:10:00,28.418696618990023,0.0,
2026-08-23 16:15:00,27.57466998815872,0.0,
2026-08-23 16:20:00,27.310794842481773,1.2,
2026-08-23 16:25:00,26.367398518122705,5.5,
2026-08-23 16:30:00,26.63935325176428,0.0,
2026-08-23 16:35:00,26.856161716409662,0.0,
2026-08-23 16:40:00,26.980334386975432,0.0,
2026-08-23 16:45:00,27.22676998912513,5.5,
2026-08-23 16:50:00,26.18288211199093,0.0,
2026-08-23 16:55:00,26.220924520076636,0.0,
2026-08-23 17:00:00,25.931120913547552,0.0,
2026-08-23 17:05:00,25.65156390610547,0.0,
2026-08-23 17:10:00,25.954203511229966,0.0,
2026-08-23 17:15:00,26.222896492098695,0.0,
2026-08-23 17:20:00,26.389801642574305,5.5,
2026-08-23 17:25:00,25.518483111776312,1.2,
2026-08-23 17:30:00,24.98868736563631,1.2,
2026-08-23 17:35:00,25.72194384763141,5.5,
2026-08-23 17:40:00,25.796814552154387,1.2,
2026-08-23 17:45:00,26.23549679133498,5.5,
2026-08-23 17:50:00,25.69036434681153,1.2,
2026-08-23 17:55:00,26.04245236033452,0.0,
2026-08-23 18:00:00,25.621181260787505,5.5,
2026-08-23 18:05:00,25.60487202658545,0.0,
2026-08-23 18:10:00,24.712975503118336,0.0,
2026-08-23 18:15:00,26.04567042560352,0.0,
2026-08-23 18:20:00,25.30310299614581,0.0,
2026-08-23 18:25:00,26.259937779849068,1.2,
2026-08-23 18:30:00,25.179406355000463,0.0,
2026-08-23 18:35:00,24.70613502822764,0.0,
2026-08-23 18:40:00,24.150127029428067,1.2,
2026-08-23 18:45:00,24.66786406588865,5.5,
2026-08-23 18:50:00,24.459696151469885,1.2,
2026-08-23 18:55:00,24.973739290597024,0.0,
2026-08-23 19:00:00,24.32730470916036,0.0,
2026-08-23 19:05:00,23.36076697010727,1.2,
2026-08-23 19:10:00,24.1288140257888,1.2,
2026-08-23 19:15:00,23.6797678897564,0.0,
2026-08-23 19:20:00,24.713357326040335,1.2,
2026-08-23 19:25:00,23.690394618598734,0.0,
2026-08-23 19:30:00,23.773942809014947,1.2,
2026-08-23 19:35:00,24.004069967668,0.0,
2026-08-23 19:40:00,23.48447652275096,1.2,
2026-08-23 19:45:00,23.62618613818113,0.0,
2026-08-23 19:50:00,22.89154762559412,0.0,
2026-08-23 19:55:00,22.499510980296503,5.5,
2026-08-23 20:00:00,23.059946131571152,0.0,
2026-08-23 20:05:00,22.865358530367672,0.0,
2026-08-23 20:10:00,22.123715654227382,1.2,
2026-08-23 20:15:00,23.71248709090756,0.0,
2026-08-23 20:20:00,22.043451345703108,1.2,
2026-08-23 20:25:00,22.76025148058919,0.0,
2026-08-23 20:30:00,22.594397409405293,1.2,
2026-08-23 20:35:00,21.955387311703795,0.0,
2026-08-23 20:40:00,21.615066959497305,0.0,
2026-08-23 20:45:00,22.207180170964765,5.5,
2026-08-23 20:50:00,21.413003840312538,0.0,
2026-08-23 20:55:00,22.052417696791185,1.2,
2026-08-23 21:00:00,21.423977262007732,0.0,
2026-08-23 21:05:00,21.48369109767824,0.0,
2026-08-23 21:10:00,21.560458216196004,5.5,
2026-08-23 21:15:00,21.339339923105012,0.0,
2026-08-23 21:20:00,21.62443184973442,0.0,
2026-08-23 21:25:00,21.65348005653873,0.0,
2026-08-23 21:30:00,21.34789656422736,0.0,
2026-08-23 21:35:00,20.48014730946065,5.5,
2026-08-23 21:40:00,21.274784241753945,0.0,
2026-08-23 21:45:00,19.77834360953823,5.5,
2026-08-23 21:50:00,20.931905177419143,0.0,
2026-08-23 21:55:00,20.589326828874118,0.0,
2026-08-23 22:00:00,20.7104065947306,0.0,
2026-08-23 22:05:00,20.477717564071447,0.0,
2026-08-23 22:10:00,20.71420600302608,0.0,
2026-08-23 22:15:00,20.57276964371568,0.0,
2026-08-23 22:20:00,19.65153752044758,5.5,
2026-08-23 22:25:00,20.02134858197524,0.0,
2026-08-23 22:30:00,20.28776871456684,1.2,
2026-08-23 22:35:00,19.913204917547684,0.0,
2026-08-23 22:40:00,20.023667580936085,0.0,
2026-08-23 22:45:00,20.10387034643549,0.0,
2026-08-23 22:50:00,20.38244394012392,0.0,
2026-08-23 22:55:00,20.24210011373311,1.2,
2026-08-23 23:00:00,18.80679489022509,0.0,
2026-08-23 23:05:00,20.746820148969803,0.0,
2026-08-23 23:10:00,18.80051264055168,0.0,
2026-08-23 23:15:00,19.025395081688227,5.5,
2026-08-23 23:20:00,18.80813952662434,0.0,
2026-08-23 23:25:00,19.264719190541616,5.5,
2026-08-23 23:30:00,19.28935181165176,0.0,
2026-08-23 23:35:00,19.49425313071679,0.0,
2026-08-23 23:40:00,18.238774114953788,5.5,
2026-08-23 23:45:00,17.984344232603725,0.0,
2026-08-23 23:50:00,18.190639460917374,0.0,
2026-08-23 23:55:00,18.7628658018452,0.0,
2026-08-24 00:00:00,18.91225475903932,1.2,
2026-08-24 00:05:00,18.11104399946409,0.0,
2026-08-24 00:10:00,18.733766183053227,1.2,
2026-08-24 00:15:00,18.15258183975413,1.2,
2026-08-24 00:20:00,18.20688246893791,0.0,
2026-08-24 00:25:00,17.536633600049125,5.5,
2026-08-24 00:30:00,18.03506161565915,0.0,
2026-08-24 00:35:00,17.947707965150517,0.0,
2026-08-24 00:40:00,18.8267730897402,0.0,
2026-08-24 00:45:00,17.545784118309587,0.0,
2026-08-24 00:50:00,17.59061427541978,5.5,
2026-08-24 00:55:00,18.62188213117436,1.2,
2026-08-24 01:00:00,17.317114996176457,0.0,
2026-08-24 01:05:00,17.577557149992973,0.0,
2026-08-24 01:10:00,17.59578295872697,0.0,
2026-08-24 01:15:00,18.83526037034028,0.0,
2026-08-24 01:20:00,17.574715236145448,5.5,
2026-08-24 01:25:00,18.554683119998675,1.2,
2026-08-24 01:30:00,17.87280295957315,0.0,
2026-08-24 01:35:00,17.86145382390129,5.5,
2026-08-24 01:40:00,17.46141991422553,0.0,
2026-08-24 01:45:00,17.801538195371876,5.5,
2026-08-24 01:50:00,17.84875391712689,0.0,
2026-08-24 01:55:00,18.666521615026028,0.0,
2026-08-24 02:00:00,18.32465580270848,0.0,
2026-08-24 02:05:00,16.911951564084397,0.0,
2026-08-24 02:10:00,18.21458300673085,0.0,
2026-08-24 02:15:00,17.39818648503507,0.0,
2026-08-24 02:20:00,18.11087752265272,1.2,
2026-08-24 02:25:00,17.99301030276868,5.5,
2026-08-24 02:30:00,18.95428367255153,0.0,
2026-08-24 02:35:00,18.39154879677241,0.0,
2026-08-24 02:40:00,18.47320489721849,0.0,
2026-08-24 02:45:00,18.38524164655817,0.0,
2026-08-24 02:50:00,19.60871200986777,5.5,
2026-08-24 02:55:00,18.43981062570291,0.0,
2026-08-24 03:00:00,17.393443100209428,0.0,
2026-08-24 03:05:00,17.74927125272234,0.0,
2026-08-24 03:10:00,17.961536825431235,1.2,
2026-08-24 03:15:00,18.166950164588748,0.0,
2026-08-24 03:20:00,18.78514549038889,5.5,
2026-08-24 03:25:00,18.34295988999696,0.0,
2026-08-24 03:30:00,18.03051639419918,0.0,
2026-08-24 03:35:00,19.090780823906734,1.2,
2026-08-24 03:40:00,18.804908548136197,1.2,
2026-08-24 03:45:00,17.96945406090685,0.0,
2026-08-24 03:50:00,18.56156316069536,5.5,
2026-08-24 03:55:00,17.403167381038667,0.0,
2026-08-24 04:00:00,18.823657518956093,0.0,
2026-08-24 04:05:00,18.640870438574616,5.5,
2026-08-24 04:10:00,18.661605405872248,0.0,
2026-08-24 04:15:00,18.93143884078697,0.0,
2026-08-24 04:20:00,19.806350604914982,1.2,
2026-08-24 04:25:00,18.93691774751011,0.0,
2026-08-24 04:30:00,18.60013202257058,0.0,
2026-08-24 04:35:00,19.721480959316796,1.2,
2026-08-24 04:40:00,19.24547045221973,0.0,
2026-08-24 04:45:00,19.102251980053683,0.0,
2026-08-24 04:50:00,18.73932821099607,0.0,
2026-08-24 04:55:00,18.98102068670297,0.0,
2026-08-24 05:00:00,19.913588264776244,0.0,
2026-08-24 05:05:00,19.57052793683548,0.0,
2026-08-24 05:10:00,19.8609668821416,0.0,
2026-08-24 05:15:00,19.651091877041143,5.5,
2026-08-24 05:20:00,20.216935004303544,0.0,
2026-08-24 05:25:00,19.95010775904084,0.0,
2026-08-24 05:30:00,19.870171350243503,0.0,
2026-08-24 05:35:00,19.81997241625705,5.5,
2026-08-24 05:40:00,19.908419557771364,5.5,
2026-08-24 05:45:00,19.316234104308624,1.2,
2026-08-24 05:50:00,19.88654687895332,0.0,
2026-08-24 05:55:00,20.09580687770896,0.0,
2026-08-24 06:00:00,20.678879733903635,0.0,
2026-08-24 06:05:00,21.06389101362097,5.5,
2026-08-24 06:10:00,20.63545270907765,5.5,
2026-08-24 06:15:00,20.851471854662623,0.0,
2026-08-24 06:20:00,21.140894002439136,0.0,
2026-08-24 06:25:00,20.45595460851544,1.2,
2026-08-24 06:30:00,20.9697599010995,5.5,
2026-08-24 06:35:00,21.42038901297289,0.0,
2026-08-24 06:40:00,22.213159927101604,5.5,
2026-08-24 06:45:00,21.19453275746563,5.5,
2026-08-24 06:50:00,20.968970596349205,0.0,
2026-08-24 06:55:00,21.29481712505125,0.0,
2026-08-24 07:00:00,21.740077281818092,1.2,
2026-08-24 07:05:00,21.44177340727486,0.0,
2026-08-24 07:10:00,21.618609842784902,5.5,
2026-08-24 07:15:00,21.05432231739325,0.0,
2026-08-24 07:20:00,21.59905152350651,5.5,
2026-08-24 07:25:00,22.3114997308708,1.2,
2026-08-24 07:30:00,22.26253554494513,1.2,
2026-08-24 07:35:00,21.694735984012784,0.0,
2026-08-24 07:40:00,23.02878244183025,0.0,
2026-08-24 07:45:00,23.171274653620888,0.0,
2026-08-24 07:50:00,22.89147739565757,1.2,
2026-08-24 07:55:00,23.06369782403198,0.0,
2026-08-24 08:00:00,22.44215224293905,0.0,
2026-08-24 08:05:00,23.78723713557963,0.0,
2026-08-24 08:10:00,23.09038669672664,0.0,
2026-08-24 08:15:00,23.433403788628524,0.0,
2026-08-24 08:20:00,23.30258510560646,0.0,
2026-08-24 08:25:00,23.806458904856623,0.0,
2026-08-24 08:30:00,23.41792617455473,0.0,
2026-08-24 08:35:00,23.65128401403896,0.0,
2026-08-24 08:40:00,23.99273241271792,0.0,
2026-08-24 08:45:00,23.74837249667512,0.0,
2026-08-24 08:50:00,24.225327848879623,0.0,
2026-08-24 08:55:00,24.119209403818253,1.2,
2026-08-24 09:00:00,25.111169374571503,0.0,
2026-08-24 09:05:00,24.40025458658324,5.5,
2026-08-24 09:10:00,25.03839759468123,0.0,
2026-08-24 09:15:00,24.58075867378344,1.2,
2026-08-24 09:20:00,24.732020696912866,0.0,
2026-08-24 09:25:00,24.3687070247009,0.0,
2026-08-24 09:30:00,24.586881752288186,0.0,
2026-08-24 09:35:00,24.92339871511117,0.0,
2026-08-24 09:40:00,25.06947292701099,1.2,
2026-08-24 09:45:00,25.2283531189469,0.0,
2026-08-24 09:50:00,25.12218753642092,1.2,
2026-08-24 09:55:00,25.64621481959781,0.0,
2026-08-24 10:00:00,25.008748518665687,0.0,
2026-08-24 10:05:00,25.79336088930589,1.2,
2026-08-24 10:10:00,25.868581011699025,0.0,
2026-08-24 10:15:00,25.45655169978352,5.5,
2026-08-24 10:20:00,26.003954779446172,0.0,
2026-08-24 10:25:00,25.45053804304547,0.0,
2026-08-24 10:30:00,25.84798997771433,0.0,
2026-08-24 10:35:00,26.667139748278743,0.0,
2026-08-24 10:40:00,26.050178986579983,1.2,
2026-08-24 10:45:00,26.37120919542543,0.0,
2026-08-24 10:50:00,27.29356886150607,1.2,
2026-08-24 10:55:00,26.88832380746304,0.0,
2026-08-24 11:00:00,26.541433693655517,0.0,
2026-08-24 11:05:00,26.326781577217066,5.5,
2026-08-24 11:10:00,26.61413201676545,0.0,
2026-08-24 11:15:00,26.822460534188075,0.0,
2026-08-24 11:20:00,27.09128315743786,0.0,
2026-08-24 11:25:00,25.73602917792505,1.2,
2026-08-24 11:30:00,26.127682890718138,5.5,
2026-08-24 11:35:00,27.4108376674982,1.2,
2026-08-24 11:40:00,26.379530955237524,1.2,
2026-08-24 11:45:00,27.93654957813248,0.0,
2026-08-24 11:50:00,26.686274153605908,0.0,
2026-08-24 11:55:00,27.105857689649977,0.0,
2026-08-24 12:00:00,27.07160018573732,0.0,
2026-08-24 12:05:00,27.416493823156625,5.5,
2026-08-24 12:10:00,27.88619940654054,0.0,
2026-08-24 12:15:00,27.911472419345845,5.5,
2026-08-24 12:20:00,26.677897817444137,0.0,
2026-08-24 12:25:00,28.56717978064089,1.2,
2026-08-24 12:30:00,28.07651073394019,5.5,
2026-08-24 12:35:00,27.39571232553426,0.0,
2026-08-24 12:40:00,28.24654627578873,0.0,
2026-08-24 12:45:00,27.942235435838494,0.0,
2026-08-24 12:50:00,26.500305195177496,1.2,
2026-08-24 12:55:00,28.106629047402706,0.0,
2026-08-24 13:00:00,28.28044062648324,0.0,
2026-08-24 13:05:00,28.24964119899506,5.5,
2026-08-24 13:10:00,27.67160415715635,5.5,
2026-08-24 13:15:00,27.894581219053048,0.0,
2026-08-24 13:20:00,28.376736328478408,0.0,
2026-08-24 13:25:00,28.36067137684296,0.0,
2026-08-24 13:30:00,27.49680295626393,1.2,
2026-08-24 13:35:00,27.216092548512837,5.5,
2026-08-24 13:40:00,27.89662021789266,5.5,
2026-08-24 13:45:00,27.052992371201448,0.0,
2026-08-24 13:50:00,27.455057619904423,0.0,
2026-08-24 13:55:00,27.838619802294133,5.5,
2026-08-24 14:00:00,27.35255117882526,5.5,
2026-08-24 14:05:00,27.836322446153392,0.0,
2026-08-24 14:10:00,28.68640783072603,5.5,
2026-08-24 14:15:00,28.57807066838561,5.5,
2026-08-24 14:20:00,27.79564854474753,0.0,
2026-08-24 14:25:00,28.023031273922182,0.0,
2026-08-24 14:30:00,29.010843446187195,1.2,
2026-08-24 14:35:00,27.834686871845328,1.2,
2026-08-24 14:40:00,27.513588677359785,5.5,
2026-08-24 14:45:00,28.571005080897063,0.0,
2026-08-24 14:50:00,28.601323678985317,5.5,
2026-08-24 14:55:00,27.731814337025884,5.5,
2026-08-24 15:00:00,28.217995595563625,1.2,
2026-08-24 15:05:00,26.980621763969417,0.0,
2026-08-24 15:10:00,27.961636581349552,1.2,
2026-08-24 15:15:00,27.880805959859877,0.0,
2026-08-24 15:20:00,26.94936761880279,0.0,
2026-08-24 15:25:00,27.805567619693264,0.0,
2026-08-24 15:30:00,27.697018507873963,0.0,
2026-08-24 15:35:00,27.958686837727026,0.0,
2026-08-24 15:40:00,26.863907404909632,0.0,
2026-08-24 15:45:00,27.451342784307244,0.0,
2026-08-24 15:50:00,27.78127325678968,5.5,
2026-08-24 15:55:00,26.918385321528376,0.0,
2026-08-24 16:00:00,27.48205635531242,1.2,
2026-08-24 16:05:00,26.163683815658743,0.0,
2026-08-24 16:10:00,27.122050795924142,1.2,
2026-08-24 16:15:00,27.32744387639088,0.0,
2026-08-24 16:20:00,27.4630605917042,0.0,
2026-08-24 16:25:00,26.272557334678204,0.0,
2026-08-24 16:30:00,26.520324532027196,1.2,
2026-08-24 16:35:00,27.964933704557552,0.0,
2026-08-24 16:40:00,26.98559750574489,0.0,
2026-08-24 16:45:00,26.7855637086661,1.2,
2026-08-24 16:50:00,26.074483905009096,0.0,
2026-08-24 16:55:00,26.236267621950123,0.0,
2026-08-24 17:00:00,25.5886189434896,0.0,
2026-08-24 17:05:00,27.06102462022957,1.2,
2026-08-24 17:10:00,25.23028323629673,1.2,
2026-08-24 17:15:00,26.536600461427252,5.5,
2026-08-24 17:20:00,26.30975319249402,0.0,
2026-08-24 17:25:00,26.728650730246105,0.0,
2026-08-24 17:30:00,26.329979297372,1.2,
2026-08-24 17:35:00,26.43896876744182,1.2,
2026-08-24 17:40:00,24.929724882394392,0.0,
2026-08-24 17:45:00,25.13084531438184,0.0,
2026-08-24 17:50:00,25.148344551635105,5.5,
2026-08-24 17:55:00,26.02223369364033,0.0,
2026-08-24 18:00:00,26.18652764780904,0.0,
2026-08-24 18:05:00,25.77248327476493,0.0,
2026-08-24 18:10:00,24.96009708629578,5.5,
2026-08-24 18:15:00,25.715788563674074,0.0,
2026-08-24 18:20:00,25.56211581225246,0.0,
2026-08-24 18:25:00,25.426902068065587,5.5,
2026-08-24 18:30:00,24.56482286238684,0.0,
2026-08-24 18:35:00,24.67515378127158,1.2,
2026-08-24 18:40:00,24.86333866077653,5.5,
2026-08-24 18:45:00,24.07450064754025,0.0,
2026-08-24 18:50:00,24.15730398638693,0.0,
2026-08-24 18:55:00,24.760417407873533,0.0,
2026-08-24 19:00:00,23.61255366873287,1.2,
2026-08-24 19:05:00,23.90222329175292,5.5,
2026-08-24 19:10:00,25.083110669838952,1.2,
2026-08-24 19:15:00,24.203181275533964,0.0,
2026-08-24 19:20:00,23.52631767805469,5.5,
2026-08-24 19:25:00,23.947596452898505,1.2,
2026-08-24 19:30:00,24.406573930982937,5.5,
2026-08-24 19:35:00,23.482512791757408,1.2,
2026-08-24 19:40:00,23.585304498776008,0.0,
2026-08-24 19:45:00,21.86705027763111,0.0,
2026-08-24 19:50:00,22.71883437208874,0.0,
2026-08-24 19:55:00,23.111920436307976,0.0,
2026-08-24 20:00:00,23.833728412410142,0.0,
2026-08-24 20:05:00,23.148257487172632,0.0,
2026-08-24 20:10:00,22.45871627643221,1.2,
2026-08-24 20:15:00,21.64491854449566,5.5,
2026-08-24 20:20:00,22.38219214503942,5.5,
2026-08-24 20:25:00,22.46149300709709,1.2,
2026-08-24 20:30:00,21.863903968541475,1.2,
2026-08-24 20:35:00,23.298859087466248,1.2,
2026-08-24 20:40:00,21.896872039492465,0.0,
2026-08-24 20:45:00,22.458793065307365,5.5,
2026-08-24 20:50:00,21.61064635774822,0.0,
2026-08-24 20:55:00,21.796957197996715,1.2,
2026-08-24 21:00:00,21.837006782810864,0.0,
2026-08-24 21:05:00,22.32335918461565,0.0,
2026-08-24 21:10:00,21.580132995944016,5.5,
2026-08-24 21:15:00,20.40973261849996,0.0,
2026-08-24 21:20:00,20.948876082746256,5.5,
2026-08-24 21:25:00,21.38089614516581,0.0,
2026-08-24 21:30:00,21.592037979709502,0.0,
2026-08-24 21:35:00,21.676892260864427,0.0,
2026-08-24 21:40:00,20.0040590664689,0.0,
2026-08-24 21:45:00,21.50654078110441,5.5,
2026-08-24 21:50:00,20.68842748656388,5.5,
2026-08-24 21:55:00,20.76126431650937,0.0,
2026-08-24 22:00:00,20.65785470228481,0.0,
2026-08-24 22:05:00,20.46395105548776,0.0,
2026-08-24 22:10:00,19.72513618351668,0.0,
2026-08-24 22:15:00,20.25962376089025,1.2,
2026-08-24 22:20:00,20.25731779024665,0.0,
2026-08-24 22:25:00,19.45963588279221,0.0,
2026-08-24 22:30:00,19.172621704706163,5.5,
2026-08-24 22:35:00,19.9419824923021,0.0,
2026-08-24 22:40:00,19.2543541868768,1.2,
2026-08-24 22:45:00,19.06848654937452,0.0,
2026-08-24 22:50:00,20.18145012433216,0.0,
2026-08-24 22:55:00,18.686655065497625,1.2,
2026-08-24 23:00:00,19.767423553442438,1.2,
2026-08-24 23:05:00,19.368909055459383,1.2,
2026-08-24 23:10:00,19.05309154986221,0.0,
2026-08-24 23:15:00,19.6234863617286,0.0,
2026-08-24 23:20:00,18.784192975010743,1.2,
2026-08-24 23:25:00,19.49096796252218,1.2,
2026-08-24 23:30:00,18.687168084078472,0.0,
2026-08-24 23:35:00,19.15812394242888,0.0,
2026-08-24 23:40:00,18.96957880566025,0.0,
2026-08-24 23:45:00,19.027577956136547,0.0,
2026-08-24 23:50:00,19.1942691955048,0.0,
2026-08-24 23:55:00,19.01693961197483,0.0,
2026-08-25 00:00:00,17.759911940626314,5.5,
2026-08-25 00:05:00,18.620716062246203,1.2,
2026-08-25 00:10:00,18.1212076268117,1.2,
2026-08-25 00:15:00,18.62498057471084,5.5,
2026-08-25 00:20:00,18.04027343455173,0.0,
2026-08-25 00:25:00,18.13930146242977,5.5,
2026-08-25 00:30:00,18.88489558632426,0.0,
2026-08-25 00:35:00,19.2976612688082,0.0,
2026-08-25 00:40:00,18.69942777923123,5.5,
2026-08-25 00:45:00,18.599020030203228,1.2,
2026-08-25 00:50:00,18.51927411048447,0.0,
2026-08-25 00:55:00,19.132106550830976,0.0,
2026-08-25 01:00:00,17.990519409210044,0.0,
2026-08-25 01:05:00,17.946622105656015,5.5,
2026-08-25 01:10:00,18.89990578089589,0.0,
2026-08-25 01:15:00,17.981642394055406,1.2,
2026-08-25 01:20:00,18.170326673040723,0.0,
2026-08-25 01:25:00,18.15164509524132,0.0,
2026-08-25 01:30:00,18.32837686355905,1.2,
2026-08-25 01:35:00,18.689185062992312,0.0,
2026-08-25 01:40:00,17.7736867518998,1.2,
2026-08-25 01:45:00,17.294546908036992,0.0,
2026-08-25 01:50:00,17.206838734031408,0.0,
2026-08-25 01:55:00,17.867262433223722,1.2,
2026-08-25 02:00:00,19.289984550085315,5.5,
2026-08-25 02:05:00,17.35444709753722,5.5,
2026-08-25 02:10:00,16.81138860141583,0.0,
2026-08-25 02:15:00,17.667802530942367,1.2,
2026-08-25 02:20:00,17.356732264267126,0.0,
2026-08-25 02:25:00,17.74376544701552,5.5,
2026-08-25 02:30:00,18.33105431899449,0.0,
2026-08-25 02:35:00,18.5908028236824,0.0,
2026-08-25 02:40:00,18.307009201401694,0.0,
2026-08-25 02:45:00,19.01717286335092,0.0,
2026-08-25 02:50:00,18.39738629587181,1.2,
2026-08-25 02:55:00,17.81693288394093,5.5,
2026-08-25 03:00:00,17.89626891040355,0.0,
2026-08-25 03:05:00,18.1485627111886,0.0,
2026-08-25 03:10:00,18.101651983614374,0.0,
2026-08-25 03:15:00,18.493261280599903,1.2,
2026-08-25 03:20:00,19.32027006823438,0.0,
2026-08-25 03:25:00,18.01876137122552,5.5,
2026-08-25 03:30:00,18.948389578217057,5.5,
2026-08-25 03:35:00,18.118175259851267,5.5,
2026-08-25 03:40:00,18.809277204147158,1.2,
2026-08-25 03:45:00,19.01162671719908,0.0,
2026-08-25 03:50:00,18.98290263898738,0.0,
2026-08-25 03:55:00,18.75927332673736,5.5,
2026-08-25 04:00:00,19.542527426777458,0.0,
2026-08-25 04:05:00,17.845119965533044,0.0,
2026-08-25 04:10:00,19.09607707160706,1.2,
2026-08-25 04:15:00,18.84815815163133,0.0,
2026-08-25 04:20:00,18.32885219768455,0.0,
2026-08-25 04:25:00,18.16489630419788,0.0,
2026-08-25 04:30:00,20.182985580085813,0.0,
2026-08-25 04:35:00,19.179993525454517,1.2,
2026-08-25 04:40:00,19.7056263624113,5.5,
2026-08-25 04:45:00,18.92448934498304,1.2,
2026-08-25 04:50:00,19.29426674662982,0.0,
2026-08-25 04:55:00,18.908598946854628,0.0,
2026-08-25 05:00:00,19.44169397637687,5.5,
2026-08-25 05:05:00,19.30569698601017,0.0,
2026-08-25 05:10:00,19.366082642944715,1.2,
2026-08-25 05:15:00,20.35627015100141,5.5,
2026-08-25 05:20:00,18.94109308524389,0.0,
2026-08-25 05:25:00,19.404122062505717,0.0,
2026-08-25 05:30:00,19.69595319075165,0.0,
2026-08-25 05:35:00,19.940306014099207,1.2,
2026-08-25 05:40:00,19.40258673239322,0.0,
2026-08-25 05:45:00,20.9294745521956,1.2,
2026-08-25 05:50:00,20.5582643575554,1.2,
2026-08-25 05:55:00,19.956996434092797,0.0,
2026-08-25 06:00:00,19.59621467374349,1.2,
2026-08-25 06:05:00,20.76283900864417,1.2,
2026-08-25 06:10:00,20.405968442591053,0.0,
2026-08-25 06:15:00,20.8054814218467,0.0,
2026-08-25 06:20:00,21.443703735749462,0.0,
2026-08-25 06:25:00,21.06444767984406,1.2,
2026-08-25 06:30:00,21.34573882095158,1.2,
2026-08-25 06:35:00,21.436564416245137,0.0,
2026-08-25 06:40:00,21.18480659739634,0.0,
2026-08-25 06:45:00,21.21564513213205,0.0,
2026-08-25 06:50:00,21.8221649230426,0.0,
2026-08-25 06:55:00,21.97104340036628,0.0,
2026-08-25 07:00:00,22.22366679632463,5.5,
2026-08-25 07:05:00,21.088924311024652,0.0,
2026-08-25 07:10:00,21.305074197747963,0.0,
2026-08-25 07:15:00,21.33728712623489,1.2,
2026-08-25 07:20:00,22.197699788427443,0.0,
2026-08-25 07:25:00,21.735870342761014,0.0,
2026-08-25 07:30:00,21.11443145071246,0.0,
2026-08-25 07:35:00,21.97751669844935,0.0,
2026-08-25 07:40:00,21.86011434058872,0.0,
2026-08-25 07:45:00,22.74755776379,1.2,
2026-08-25 07:50:00,22.83738427644713,0.0,
2026-08-25 07:55:00,23.32222618247484,0.0,
2026-08-25 08:00:00,22.472795179339077,1.2,
2026-08-25 08:05:00,23.67119744871533,1.2,
2026-08-25 08:10:00,23.713779579998484,0.0,
2026-08-25 08:15:00,23.68960129337771,5.5,
2026-08-25 08:20:00,23.583280224121168,0.0,
2026-08-25 08:25:00,23.50596857431672,0.0,
2026-08-25 08:30:00,23.69469324957258,0.0,
2026-08-25 08:35:00,23.57557670731212,0.0,
2026-08-25 08:40:00,23.031478196123636,0.0,
2026-08-25 08:45:00,23.978984869248585,0.0,
2026-08-25 08:50:00,23.44364437005132,5.5,
2026-08-25 08:55:00,24.449291113847718,0.0,
2026-08-25 09:00:00,25.15536899418225,1.2,
2026-08-25 09:05:00,24.942655723220938,5.5,
2026-08-25 09:10:00,23.62979157355542,1.2,
2026-08-25 09:15:00,23.651089099380712,1.2,
2026-08-25 09:20:00,23.950055374689047,1.2,
2026-08-25 09:25:00,24.46794878716724,0.0,
2026-08-25 09:30:00,25.44236794399509,0.0,
2026-08-25 09:35:00,24.52941118189167,0.0,
2026-08-25 09:40:00,25.87418403778119,1.2,
2026-08-25 09:45:00,24.55655651491483,0.0,
2026-08-25 09:50:00,24.59036481417056,0.0,
2026-08-25 09:55:00,25.335313301958124,5.5,
2026-08-25 10:00:00,24.88390351350266,0.0,
2026-08-25 10:05:00,26.0406867301733,0.0,
2026-08-25 10:10:00,26.291127625825563,5.5,
2026-08-25 10:15:00,25.9640207895657,5.5,
2026-08-25 10:20:00,25.81674741649221,0.0,
2026-08-25 10:25:00,25.4906246407831,1.2,
2026-08-25 10:30:00,25.72506543322921,5.5,
2026-08-25 10:35:00,26.475078706212184,5.5,
2026-08-25 10:40:00,25.85761016776989,0.0,
2026-08-25 10:45:00,27.38582043226741,0.0,
2026-08-25 10:50:00,26.55722619983064,0.0,
2026-08-25 10:55:00,26.57978483945098,0.0,
2026-08-25 11:00:00,26.227309670399908,5.5,
2026-08-25 11:05:00,26.844141744376984,5.5,
2026-08-25 11:10:00,26.97964087249385,0.0,
2026-08-25 11:15:00,27.095003524425252,0.0,
2026-08-25 11:20:00,26.483454185269384,0.0,
2026-08-25 11:25:00,27.42864560306531,0.0,
2026-08-25 11:30:00,27.102553869379246,0.0,
2026-08-25 11:35:00,27.50160179012446,5.5,
2026-08-25 11:40:00,26.51428766483629,1.2,
2026-08-25 11:45:00,27.3974940404538,1.2,
2026-08-25 11:50:00,26.894749941093107,0.0,
2026-08-25 11:55:00,27.302772792187405,0.0,
2026-08-25 12:00:00,27.205300008696124,0.0,
2026-08-25 12:05:00,26.55915129778976,0.0,
2026-08-25 12:10:00,27.8503301498734,1.2,
2026-08-25 12:15:00,27.59893324441871,0.0,
2026-08-25 12:20:00,27.71069824212677,0.0,
2026-08-25 12:25:00,28.21552009009962,0.0,
2026-08-25 12:30:00,27.79052565296675,1.2,
2026-08-25 12:35:00,27.86000153019054,0.0,
2026-08-25 12:40:00,26.489626880968217,0.0,
2026-08-25 12:45:00,28.24649411535223,0.0,
2026-08-25 12:50:00,27.847101190929106,0.0,
2026-08-25 12:55:00,27.5996052326392,0.0,
2026-08-25 13:00:00,27.469091648785888,0.0,
2026-08-25 13:05:00,27.69188791675005,5.5,
2026-08-25 13:10:00,27.805455506917955,0.0,
2026-08-25 13:15:00,27.851234539895525,0.0,
2026-08-25 13:20:00,28.25596081905223,0.0,
2026-08-25 13:25:00,28.38103810274199,5.5,
2026-08-25 13:30:00,27.959259729482543,0.0,
2026-08-25 13:35:00,27.109906383757743,1.2,
2026-08-25 13:40:00,27.998249013205523,0.0,
2026-08-25 13:45:00,29.142137721173853,0.0,
2026-08-25 13:50:00,28.77611053357417,0.0,
2026-08-25 13:55:00,28.484898956181546,0.0,
2026-08-25 14:00:00,28.26441001324,0.0,
2026-08-25 14:05:00,27.55852554383945,5.5,
2026-08-25 14:10:00,27.56657051372279,0.0,
2026-08-25 14:15:00,28.90121530718973,0.0,
2026-08-25 14:20:00,27.449305996549604,1.2,
2026-08-25 14:25:00,28.381714262298928,0.0,
2026-08-25 14:30:00,27.67170334013593,0.0,
2026-08-25 14:35:00,28.696356736820128,5.5,
2026-08-25 14:40:00,28.07236452415408,1.2,
2026-08-25 14:45:00,28.05875091550505,1.2,
2026-08-25 14:50:00,27.801950222355583,1.2,
2026-08-25 14:55:00,28.51108525927421,1.2,
2026-08-25 15:00:00,28.956027338164883,0.0,
2026-08-25 15:05:00,27.39083247831628,0.0,
2026-08-25 15:10:00,27.017490148686367,1.2,
2026-08-25 15:15:00,27.8799411357905,0.0,
2026-08-25 15:20:00,28.22648654365252,1.2,
2026-08-25 15:25:00,27.926831912357848,0.0,
2026-08-25 15:30:00,27.50345135149631,5.5,
2026-08-25 15:35:00,27.94910840318874,0.0,
2026-08-25 15:40:00,27.8753619289988,1.2,
2026-08-25 15:45:00,27.643845684108427,0.0,
2026-08-25 15:50:00,27.03222700930494,5.5,
2026-08-25 15:55:00,27.340368755338595,0.0,
2026-08-25 16:00:00,27.252734699056838,1.2,
2026-08-25 16:05:00,26.73459370375379,0.0,
2026-08-25 16:10:00,26.438746294032256,0.0,
2026-08-25 16:15:00,28.20117809604045,5.5,
2026-08-25 16:20:00,26.58829146467972,1.2,
2026-08-25 16:25:00,26.57836830066366,0.0,
2026-08-25 16:30:00,27.54090944842713,0.0,
2026-08-25 16:35:00,27.032467845038624,0.0,
2026-08-25 16:40:00,26.72411157512317,5.5,
2026-08-25 16:45:00,26.46682984109814,1.2,
2026-08-25 16:50:00,27.06190952581529,0.0,
2026-08-25 16:55:00,26.541643412432755,0.0,
2026-08-25 17:00:00,27.105224040654093,1.2,
2026-08-25 17:05:00,26.315522401792467,0.0,
2026-08-25 17:10:00,27.63519359269651,0.0,
2026-08-25 17:15:00,26.351084935088263,1.2,
2026-08-25 17:20:00,26.517196913568032,5.5,
2026-08-25 17:25:00,25.65402188202895,5.5,
2026-08-25 17:30:00,26.020801039050884,1.2,
2026-08-25 17:35:00,25.19605889768396,0.0,
2026-08-25 17:40:00,25.94608077249074,0.0,
2026-08-25 17:45:00,24.88060434240643,0.0,
2026-08-25 17:50:00,25.661799653634777,5.5,
2026-08-25 17:55:00,25.986514710744547,0.0,
2026-08-25 18:00:00,25.3827470643262,0.0,
2026-08-25 18:05:00,25.05066516516104,0.0,
2026-08-25 18:10:00,24.46245137042277,1.2,
2026-08-25 18:15:00,24.82647371916693,0.0,
2026-08-25 18:20:00,24.785839829409547,5.5,
2026-08-25 18:25:00,25.62330269134912,0.0,
2026-08-25 18:30:00,24.675988094585893,1.2,
2026-08-25 18:35:00,25.15634814481848,0.0,
2026-08-25 18:40:00,25.058665042558932,0.0,
2026-08-25 18:45:00,25.372592346347798,1.2,
2026-08-25 18:50:00,23.52480927978916,0.0,
2026-08-25 18:55:00,24.54713884921703,0.0,
2026-08-25 19:00:00,24.898915860165395,0.0,
2026-08-25 19:05:00,25.12811184714019,1.2,
2026-08-25 19:10:00,23.80301639882893,0.0,
2026-08-25 19:15:00,24.51859521492677,1.2,
2026-08-25 19:20:00,23.233480548670443,0.0,
2026-08-25 19:25:00,23.152546263782,0.0,
2026-08-25 19:30:00,23.80150841868128,1.2,
2026-08-25 19:35:00,24.157299238798736,0.0,
2026-08-25 19:40:00,23.37264911902226,0.0,
2026-08-25 19:45:00,22.88337818634165,5.5,
2026-08-25 19:50:00,23.52990720452612,0.0,
2026-08-25 19:55:00,22.67993998878609,0.0,
2026-08-25 20:00:00,22.986901324010795,0.0,
2026-08-25 20:05:00,22.72282319913943,0.0,
2026-08-25 20:10:00,21.644777040714537,0.0,
2026-08-25 20:15:00,22.558708721803796,5.5,
2026-08-25 20:20:00,22.51059695872206,0.0,
2026-08-25 20:25:00,23.133606799789597,0.0,
2026-08-25 20:30:00,21.794746645735216,5.5,
2026-08-25 20:35:00,21.735514936149947,0.0,
2026-08-25 20:40:00,22.1751734097766,0.0,
2026-08-25 20:45:00,21.28759192835613,0.0,
2026-08-25 20:50:00,22.705885184185277,1.2,
2026-08-25 20:55:00,21.829410817401357,0.0,
2026-08-25 21:00:00,20.84337032280232,0.0,
2026-08-25 21:05:00,20.77969075744759,0.0,
2026-08-25 21:10:00,21.901162354472135,0.0,
2026-08-25 21:15:00,20.984784014029177,0.0,
2026-08-25 21:20:00,20.78192334493469,0.0,
2026-08-25 21:25:00,21.7306516780644,0.0,
2026-08-25 21:30:00,21.37634374886042,0.0,
2026-08-25 21:35:00,22.2040276740522,0.0,
2026-08-25 21:40:00,20.68880442570302,0.0,
2026-08-25 21:45:00,21.40561274807068,0.0,
2026-08-25 21:50:00,20.08810247911316,0.0,
2026-08-25 21:55:00,20.372607690902885,5.5,
2026-08-25 22:00:00,20.35561606978409,5.5,
2026-08-25 22:05:00,19.474775336955204,0.0,
2026-08-25 22:10:00,20.77220229889693,1.2,
2026-08-25 22:15:00,19.732140077158583,0.0,
2026-08-25 22:20:00,20.33583328175587,1.2,
2026-08-25 22:25:00,19.388701735911727,5.5,
2026-08-25 22:30:00,20.13441703272292,0.0,
2026-08-25 22:35:00,20.14729636202523,0.0,
2026-08-25 22:40:00,19.97699113484717,0.0,
2026-08-25 22:45:00,20.72141331889404,0.0,
2026-08-25 22:50:00,20.120425496199704,0.0,
2026-08-25 22:55:00,19.910418329517103,0.0,
2026-08-25 23:00:00,19.574374452097437,0.0,
2026-08-25 23:05:00,19.471030320648715,1.2,
2026-08-25 23:10:00,18.675383393668515,5.5,
2026-08-25 23:15:00,19.06868970425881,5.5,
2026-08-25 23:20:00,19.869924090794008,0.0,
2026-08-25 23:25:00,19.238121989765983,1.2,
2026-08-25 23:30:00,18.84585965548716,0.0,
2026-08-25 23:35:00,19.137280373845066,0.0,
2026-08-25 23:40:00,18.6688192464786,0.0,
2026-08-25 23:45:00,19.046295438317447,1.2,
2026-08-25 23:50:00,17.906147917611708,5.5,
2026-08-25 23:55:00,19.15818834549341,5.5,
2026-08-26 00:00:00,17.903951477646224,0.0,
2026-08-26 00:05:00,17.78512349466674,0.0,
2026-08-26 00:10:00,17.993196447827717,0.0,
2026-08-26 00:15:00,17.86262584434629,1.2,
2026-08-26 00:20:00,19.080281203903013,0.0,
2026-08-26 00:25:00,18.888478644246767,5.5,
2026-08-26 00:30:00,18.13780671615065,0.0,
2026-08-26 00:35:00,18.220313635508155,1.2,
2026-08-26 00:40:00,18.174150474411807,0.0,
2026-08-26 00:45:00,18.101808630151027,0.0,
2026-08-26 00:50:00,18.422218619515757,5.5,
2026-08-26 00:55:00,18.19140862095634,0.0,
2026-08-26 01:00:00,18.48166838757174,0.0,
2026-08-26 01:05:00,18.564917925459216,0.0,
2026-08-26 01:10:00,18.50839105780839,0.0,
2026-08-26 01:15:00,18.195988740910398,0.0,
2026-08-26 01:20:00,17.540822886600292,1.2,
2026-08-26 01:25:00,18.171710085260983,0.0,
2026-08-26 01:30:00,17.96140458416545,0.0,
2026-08-26 01:35:00,17.397001666806602,5.5,
2026-08-26 01:40:00,18.576775312392748,0.0,
2026-08-26 01:45:00,18.28704066828667,0.0,
2026-08-26 01:50:00,18.21824664943013,5.5,
2026-08-26 01:55:00,19.047347243730982,0.0,
2026-08-26 02:00:00,19.126497077407773,1.2,
2026-08-26 02:05:00,17.971441081515287,0.0,
2026-08-26 02:10:00,18.341842806392187,5.5,
2026-08-26 02:15:00,17.015621407118477,5.5,
2026-08-26 02:20:00,17.96425938222399,0.0,
2026-08-26 02:25:00,17.885856623122535,5.5,
2026-08-26 02:30:00,18.357262391039644,5.5,
2026-08-26 02:35:00,17.82952586546978,0.0,
2026-08-26 02:40:00,18.693212813437693,0.0,
2026-08-26 02:45:00,17.817823268899797,0.0,
2026-08-26 02:50:00,17.337960337501872,1.2,
2026-08-26 02:55:00,16.660871968451122,0.0,
2026-08-26 03:00:00,18.362756383040814,5.5,
2026-08-26 03:05:00,18.646151936669533,0.0,
2026-08-26 03:10:00,19.18370082644324,1.2,
2026-08-26 03:15:00,18.84413418320353,0.0,
2026-08-26 03:20:00,17.238150848718412,0.0,
2026-08-26 03:25:00,18.873045814967654,5.5,
2026-08-26 03:30:00,18.1603258730374,1.2,
2026-08-26 03:35:00,18.007716079468736,0.0,
2026-08-26 03:40:00,18.704958831638283,0.0,
2026-08-26 03:45:00,19.334782025219475,1.2,
2026-08-26 03:50:00,18.8438068474685,0.0,
2026-08-26 03:55:00,18.07900586280354,0.0,
2026-08-26 04:00:00,18.38668994061911,0.0,
2026-08-26 04:05:00,18.295315280732776,0.0,
2026-08-26 04:10:00,19.63726739259013,0.0,
2026-08-26 04:15:00,19.254773809109697,0.0,
2026-08-26 04:20:00,18.1805367747685,1.2,
2026-08-26 04:25:00,19.57392833711041,1.2,
2026-08-26 04:30:00,18.83270174935616,5.5,
2026-08-26 04:35:00,18.96649064713713,0.0,
2026-08-26 04:40:00,19.64416707247568,0.0,
2026-08-26 04:45:00,19.322828935184702,0.0,
2026-08-26 04:50:00,19.688753637255388,5.5,
2026-08-26 04:55:00,19.934736349959003,0.0,
2026-08-26 05:00:00,19.345474065044275,0.0,
2026-08-26 05:05:00,19.345908734480176,5.5,
2026-08-26 05:10:00,19.196824520566278,0.0,
2026-08-26 05:15:00,19.13188355809508,0.0,
2026-08-26 05:20:00,19.69088928726952,0.0,
2026-08-26 05:25:00,19.32429788268357,5.5,
2026-08-26 05:30:00,19.820451024352,0.0,
2026-08-26 05:35:00,19.99683536135856,1.2,
2026-08-26 05:40:00,19.50718574543181,5.5,
2026-08-26 05:45:00,20.602027342316624,0.0,
2026-08-26 05:50:00,20.26200917497746,5.5,
2026-08-26 05:55:00,19.59797144439472,0.0,
2026-08-26 06:00:00,19.17035971807636,0.0,
2026-08-26 06:05:00,20.695445377181954,0.0,
2026-08-26 06:10:00,21.284854976928685,0.0,
2026-08-26 06:15:00,20.555212385504067,5.5,
2026-08-26 06:20:00,20.84967022918873,0.0,
2026-08-26 06:25:00,21.083829900683835,5.5,
2026-08-26 06:30:00,21.298219589938665,5.5,
2026-08-26 06:35:00,21.46787344964333,5.5,
2026-08-26 06:40:00,21.895110189629992,1.2,
2026-08-26 06:45:00,21.864922869150888,0.0,
2026-08-26 06:50:00,21.86224078115124,5.5,
2026-08-26 06:55:00,21.798851963147914,5.5,
2026-08-26 07:00:00,20.87858350013268,5.5,
2026-08-26 07:05:00,21.602484914944423,0.0,
2026-08-26 07:10:00,22.344976818441705,0.0,
2026-08-26 07:15:00,21.993456028704653,1.2,
2026-08-26 07:20:00,21.228875902246827,0.0,
2026-08-26 07:25:00,21.93122156933078,0.0,
2026-08-26 07:30:00,21.97466071772305,5.5,
2026-08-26 07:35:00,22.830409368014863,0.0,
2026-08-26 07:40:00,23.10877529753051,5.5,
2026-08-26 07:45:00,22.088191405505704,0.0,
2026-08-26 07:50:00,23.017086728052703,0.0,
2026-08-26 07:55:00,22.720558834786367,0.0,
2026-08-26 08:00:00,23.022546003947,5.5,
2026-08-26 08:05:00,23.132394167851725,0.0,
2026-08-26 08:10:00,22.16892795381657,0.0,
2026-08-26 08:15:00,22.873717204098213,0.0,
2026-08-26 08:20:00,22.42194737549862,0.0,
2026-08-26 08:25:00,23.486735829888893,1.2,
2026-08-26 08:30:00,24.049654474084758,0.0,
2026-08-26 08:35:00,23.94383042707929,1.2,
2026-08-26 08:40:00,23.737397810829982,0.0,
2026-08-26 08:45:00,24.29703754521914,0.0,
2026-08-26 08:50:00,23.947175271728813,0.0,
2026-08-26 08:55:00,24.614374634011565,0.0,
2026-08-26 09:00:00,24.177251232322348,5.5,
2026-08-26 09:05:00,23.732474200377617,1.2,
2026-08-26 09:10:00,24.48938671318893,0.0,
2026-08-26 09:15:00,24.27191449507333,0.0,
2026-08-26 09:20:00,25.568000358509774,1.2,
2026-08-26 09:25:00,24.48324939187119,0.0,
2026-08-26 09:30:00,24.709318589450085,0.0,
2026-08-26 09:35:00,24.78107865541342,0.0,
2026-08-26 09:40:00,25.751828614389787,0.0,
2026-08-26 09:45:00,25.69007794332056,0.0,
2026-08-26 09:50:00,25.874697632462716,5.5,
2026-08-26 09:55:00,25.26518116298161,5.5,
2026-08-26 10:00:00,26.465850070080734,1.2,
2026-08-26 10:05:00,25.694548368019667,0.0,
2026-08-26 10:10:00,26.18346583538213,0.0,
2026-08-26 10:15:00,25.418454939044675,0.0,
2026-08-26 10:20:00,25.91089092805354,0.0,
2026-08-26 10:25:00,24.58711223025153,0.0,
2026-08-26 10:30:00,25.90566197095847,1.2,
2026-08-26 10:35:00,25.759876146993005,1.2,
2026-08-26 10:40:00,24.7629568948201,5.5,
2026-08-26 10:45:00,26.347080345768376,0.0,
2026-08-26 10:50:00,26.231307329976797,0.0,
2026-08-26 10:55:00,26.34414191839161,1.2,
2026-08-26 11:00:00,26.12602088797423,0.0,
2026-08-26 11:05:00,26.9000114495853,0.0,
2026-08-26 11:10:00,27.121682878705776,0.0,
2026-08-26 11:15:00,27.53950716742009,1.2,
2026-08-26 11:20:00,26.894571761376007,0.0,
2026-08-26 11:25:00,27.18328917291649,0.0,
2026-08-26 11:30:00,26.83693556638025,0.0,
2026-08-26 11:35:00,26.718892727104016,0.0,
2026-08-26 11:40:00,26.631092285791503,5.5,
2026-08-26 11:45:00,27.561082071217456,0.0,
2026-08-26 11:50:00,27.378856570696584,1.2,
2026-08-26 11:55:00,27.272714038081837,0.0,
2026-08-26 12:00:00,27.403073603947732,0.0,
2026-08-26 12:05:00,27.07005224406486,0.0,
2026-08-26 12:10:00,27.84409128834279,0.0,
2026-08-26 12:15:00,27.26351016161821,0.0,
2026-08-26 12:20:00,26.37120675707521,0.0,
2026-08-26 12:25:00,28.065014092457805,0.0,
2026-08-26 12:30:00,27.29103254421624,0.0,
2026-08-26 12:35:00,27.783612115404846,0.0,
2026-08-26 12:40:00,28.007854965171173,0.0,
2026-08-26 12:45:00,29.28336958598592,5.5,
2026-08-26 12:50:00,28.672174626106763,0.0,
2026-08-26 12:55:00,27.39275577524109,0.0,
2026-08-26 13:00:00,27.38024831568689,0.0,
2026-08-26 13:05:00,28.06151385474289,0.0,
2026-08-26 13:10:00,27.93655905601837,0.0,
2026-08-26 13:15:00,28.27262228578484,0.0,
2026-08-26 13:20:00,27.755785155110228,0.0,
2026-08-26 13:25:00,27.571219964948146,1.2,
2026-08-26 13:30:00,28.17668634364909,0.0,
2026-08-26 13:35:00,28.69171995625088,0.0,
2026-08-26 13:40:00,28.695215124431,1.2,
2026-08-26 13:45:00,27.37369760595181,0.0,
2026-08-26 13:50:00,27.5741894691034,1.2,
2026-08-26 13:55:00,27.934117454421298,1.2,
2026-08-26 14:00:00,28.59305802905349,0.0,
2026-08-26 14:05:00,27.830625753077477,0.0,
2026-08-26 14:10:00,27.249103824039345,0.0,
2026-08-26 14:15:00,27.1282345571667,5.5,
2026-08-26 14:20:00,28.45035012149029,1.2,
2026-08-26 14:25:00,27.983269472591303,1.2,
2026-08-26 14:30:00,28.19422511916057,5.5,
2026-08-26 14:35:00,28.655350341434364,5.5,
2026-08-26 14:40:00,26.94535771326671,0.0,
2026-08-26 14:45:00,27.95494434083999,0.0,
2026-08-26 14:50:00,28.109550583284943,0.0,
2026-08-26 14:55:00,27.976932812826487,0.0,
2026-08-26 15:00:00,28.62985619860784,1.2,
2026-08-26 15:05:00,27.81279395124039,0.0,
2026-08-26 15:10:00,27.1974785286924,0.0,
2026-08-26 15:15:00,27.79210208539897,1.2,
2026-08-26 15:20:00,27.44837751275548,0.0,
2026-08-26 15:25:00,27.53159129802496,5.5,
2026-08-26 15:30:00,27.46488654722433,5.5,
2026-08-26 15:35:00,28.078903454561857,1.2,
2026-08-26 15:40:00,27.504146238066287,0.0,
2026-08-26 15:45:00,26.68227073038164,5.5,
2026-08-26 15:50:00,27.40148370602128,0.0,
2026-08-26 15:55:00,27.58501050234479,0.0,
2026-08-26 16:00:00,26.780410899366892,0.0,
2026-08-26 16:05:00,27.06436368022176,0.0,
2026-08-26 16:10:00,27.41800754104777,0.0,
2026-08-26 16:15:00,26.961690414860904,1.2,
2026-08-26 16:20:00,27.38370328886503,5.5,
2026-08-26 16:25:00,26.58140005455056,0.0,
2026-08-26 16:30:00,26.55990201306091,1.2,
2026-08-26 16:35:00,27.677385208601027,0.0,
2026-08-26 16:40:00,26.97445330851936,5.5,
2026-08-26 16:45:00,26.569639888007107,0.0,
2026-08-26 16:50:00,26.92840618744268,0.0,
2026-08-26 16:55:00,26.001672027080243,5.5,
2026-08-26 17:00:00,25.94736270248685,1.2,
2026-08-26 17:05:00,26.335402126016177,1.2,
2026-08-26 17:10:00,26.833417528502878,0.0,
2026-08-26 17:15:00,26.79983112882801,1.2,
2026-08-26 17:20:00,26.92942808343668,5.5,
2026-08-26 17:25:00,26.916606023852644,0.0,
2026-08-26 17:30:00,25.512901664440847,0.0,
2026-08-26 17:35:00,26.860696349735107,0.0,
2026-08-26 17:40:00,26.37770747192258,1.2,
2026-08-26 17:45:00,25.396297205812143,5.5,
2026-08-26 17:50:00,25.394829145511665,0.0,
2026-08-26 17:55:00,24.93207196266449,0.0,
2026-08-26 18:00:00,25.821747752916973,1.2,
2026-08-26 18:05:00,26.27945421945917,5.5,
2026-08-26 18:10:00,25.655552995016173,0.0,
2026-08-26 18:15:00,26.08327194659924,0.0,
2026-08-26 18:20:00,25.316181842329502,0.0,
2026-08-26 18:25:00,24.21401659855981,0.0,
2026-08-26 18:30:00,25.029656027126453,0.0,
2026-08-26 18:35:00,24.29230156221593,1.2,
2026-08-26 18:40:00,24.146492898355177,0.0,
2026-08-26 18:45:00,24.41205341263165,0.0,
2026-08-26 18:50:00,24.909990502705103,0.0,
2026-08-26 18:55:00,24.47193532709019,0.0,
2026-08-26 19:00:00,24.189753298912013,5.5,
2026-08-26 19:05:00,23.987702136384065,5.5,
2026-08-26 19:10:00,23.40170226013319,0.0,
2026-08-26 19:15:00,24.391148314457887,5.5,
2026-08-26 19:20:00,23.2380981139161,1.2,
2026-08-26 19:25:00,23.73077664120635,5.5,
2026-08-26 19:30:00,24.93249151064888,0.0,
2026-08-26 19:35:00,23.88570301864427,0.0,
2026-08-26 19:40:00,23.904525838610425,0.0,
2026-08-26 19:45:00,23.91660884076784,0.0,
2026-08-26 19:50:00,22.503465796358224,0.0,
2026-08-26 19:55:00,23.291360186067323,0.0,
2026-08-26 20:00:00,22.934481334067726,1.2,
2026-08-26 20:05:00,22.925741501820077,0.0,
2026-08-26 20:10:00,23.83810959625563,0.0,
2026-08-26 20:15:00,22.82374242801921,5.5,
2026-08-26 20:20:00,22.946331991260028,0.0,
2026-08-26 20:25:00,22.56485872360143,0.0,
2026-08-26 20:30:00,22.29596126371976,0.0,
2026-08-26 20:35:00,22.394728235880503,1.2,
2026-08-26 20:40:00,21.48570441159795,5.5,
2026-08-26 20:45:00,21.7063492840531,0.0,
2026-08-26 20:50:00,22.42216036798861,0.0,
2026-08-26 20:55:00,21.946632945850386,0.0,
2026-08-26 21:00:00,21.926876862872547,1.2,
2026-08-26 21:05:00,21.80603660188579,0.0,
2026-08-26 21:10:00,21.49094173453166,5.5,
2026-08-26 21:15:00,20.675839147989937,0.0,
2026-08-26 21:20:00,21.02156502619346,1.2,
2026-08-26 21:25:00,20.695338910228426,0.0,
2026-08-26 21:30:00,20.38409345933227,1.2,
2026-08-26 21:35:00,20.698915949658108,0.0,
2026-08-26 21:40:00,21.07602785516079,0.0,
2026-08-26 21:45:00,20.142584214026368,0.0,
2026-08-26 21:50:00,20.572593558793187,1.2,
2026-08-26 21:55:00,20.32827629158803,1.2,
2026-08-26 22:00:00,20.34990071651932,1.2,
2026-08-26 22:05:00,19.92736750032973,5.5,
2026-08-26 22:10:00,21.08035099382229,1.2,
2026-08-26 22:15:00,19.799307778596564,0.0,
2026-08-26 22:20:00,20.029517583983587,5.5,
2026-08-26 22:25:00,19.95644107099932,1.2,
2026-08-26 22:30:00,20.129211180540175,0.0,
2026-08-26 22:35:00,20.150575968583368,5.5,
2026-08-26 22:40:00,19.16228160052784,0.0,
2026-08-26 22:45:00,18.899453706345305,0.0,
2026-08-26 22:50:00,19.224799568031106,5.5,
2026-08-26 22:55:00,18.682489385961308,0.0,
2026-08-26 23:00:00,19.206370051604715,1.2,
2026-08-26 23:05:00,20.64917334898229,1.2,
2026-08-26 23:10:00,19.564695565598083,5.5,
2026-08-26 23:15:00,19.951097924317533,0.0,
2026-08-26 23:20:00,18.82676458722956,0.0,
2026-08-26 23:25:00,19.20110306251061,0.0,
2026-08-26 23:30:00,18.87560276242134,5.5,
2026-08-26 23:35:00,20.62927797783193,5.5,
2026-08-26 23:40:00,19.5564869024403,0.0,
2026-08-26 23:45:00,18.359183303694188,1.2,
2026-08-26 23:50:00,18.855817082457225,1.2,
2026-08-26 23:55:00,19.03647300810866,1.2,
2026-08-27 00:00:00,19.36768418414897,5.5,
2026-08-27 00:05:00,19.0924005733669,0.0,
2026-08-27 00:10:00,18.71783273340532,0.0,
2026-08-27 00:15:00,18.75672366508147,0.0,
2026-08-27 00:20:00,18.47607939163476,0.0,
2026-08-27 00:25:00,18.13690595476966,0.0,
2026-08-27 00:30:00,18.01580099104229,0.0,
2026-08-27 00:35:00,18.438230177448137,1.2,
2026-08-27 00:40:00,18.71813607778441,5.5,
2026-08-27 00:45:00,17.489732739576933,0.0,
2026-08-27 00:50:00,18.30484761084228,0.0,
2026-08-27 00:55:00,17.87344147470701,1.2,
2026-08-27 01:00:00,18.444853246354054,1.2,
2026-08-27 01:05:00,19.1326020306792,1.2,
2026-08-27 01:10:00,18.317471745559285,0.0,
2026-08-27 01:15:00,18.25174804737266,0.0,
2026-08-27 01:20:00,19.17810675992056,0.0,
2026-08-27 01:25:00,17.65982359108486,5.5,
2026-08-27 01:30:00,18.28537445316686,5.5,
2026-08-27 01:35:00,18.10486402095701,0.0,
2026-08-27 01:40:00,19.199814651013043,0.0,
2026-08-27 01:45:00,18.8154360216856,0.0,
2026-08-27 01:50:00,18.524504599872717,0.0,
2026-08-27 01:55:00,18.074810567613184,0.0,
2026-08-27 02:00:00,17.576975684604697,0.0,
2026-08-27 02:05:00,17.325648387273258,5.5,
2026-08-27 02:10:00,18.41766453274008,0.0,
2026-08-27 02:15:00,18.477245877647245,0.0,
2026-08-27 02:20:00,18.21106429867267,0.0,
2026-08-27 02:25:00,17.497069462747408,0.0,
2026-08-27 02:30:00,18.54068055428349,1.2,
2026-08-27 02:35:00,18.102206170086724,1.2,
2026-08-27 02:40:00,17.717298857680305,0.0,
2026-08-27 02:45:00,17.86547066986382,0.0,
2026-08-27 02:50:00,17.935806709008713,0.0,
2026-08-27 02:55:00,18.606307971875744,1.2,
2026-08-27 03:00:00,17.6968882805412,0.0,
2026-08-27 03:05:00,18.232686041935093,5.5,
2026-08-27 03:10:00,17.582999719360185,0.0,
2026-08-27 03:15:00,18.347164079885005,0.0,
2026-08-27 03:20:00,18.261891074420504,0.0,
2026-08-27 03:25:00,17.925678190802802,0.0,
2026-08-27 03:30:00,18.39356786719353,1.2,
2026-08-27 03:35:00,18.578338839558267,5.5,
2026-08-27 03:40:00,18.160561129762,0.0,
2026-08-27 03:45:00,18.37505924911609,0.0,
2026-08-27 03:50:00,19.00822003026695,5.5,
2026-08-27 03:55:00,18.90313919406456,1.2,
2026-08-27 04:00:00,18.27109949801296,0.0,
2026-08-27 04:05:00,18.380771310106528,0.0,
2026-08-27 04:10:00,19.09810449891948,1.2,
2026-08-27 04:15:00,19.37144921143476,0.0,
2026-08-27 04:20:00,18.73736733629413,0.0,
2026-08-27 04:25:00,18.435564630873287,0.0,
2026-08-27 04:30:00,19.06710237141319,0.0,
2026-08-27 04:35:00,20.06429776302958,1.2,
2026-08-27 04:40:00,20.18286605439235,5.5,
2026-08-27 04:45:00,20.190779778061028,0.0,
2026-08-27 04:50:00,20.101794850863484,0.0,
2026-08-27 04:55:00,19.077128297257836,5.5,
2026-08-27 05:00:00,20.448365446549424,0.0,
2026-08-27 05:05:00,19.99794192095175,1.2,
2026-08-27 05:10:00,19.12481264189086,5.5,
2026-08-27 05:15:00,19.149629137622117,0.0,
2026-08-27 05:20:00,20.23026058314628,0.0,
2026-08-27 05:25:00,19.999828957896227,0.0,
2026-08-27 05:30:00,19.75596882028164,0.0,
2026-08-27 05:35:00,20.20542002594088,0.0,
2026-08-27 05:40:00,20.502909382231152,0.0,
2026-08-27 05:45:00,20.59079237169407,0.0,
2026-08-27 05:50:00,20.53537884357817,0.0,
2026-08-27 05:55:00,20.798957468478765,0.0,
2026-08-27 06:00:00,20.32226272148693,5.5,
2026-08-27 06:05:00,20.784974616962828,1.2,
2026-08-27 06:10:00,20.646443262488237,1.2,
2026-08-27 06:15:00,21.368384894948036,0.0,
2026-08-27 06:20:00,20.91421199734649,1.2,
2026-08-27 06:25:00,21.04947336421673,1.2,
2026-08-27 06:30:00,21.524180709350333,5.5,
2026-08-27 06:35:00,21.95639264074412,0.0,
2026-08-27 06:40:00,21.114458537923504,5.5,
2026-08-27 06:45:00,20.87346437046281,0.0,
2026-08-27 06:50:00,22.187743908649267,1.2,
2026-08-27 06:55:00,21.605850227181676,1.2,
2026-08-27 07:00:00,21.90175694798706,5.5,
2026-08-27 07:05:00,22.49913445384079,5.5,
2026-08-27 07:10:00,21.813124653585085,5.5,
2026-08-27 07:15:00,22.14486249237097,0.0,
2026-08-27 07:20:00,21.759633694788945,5.5,
2026-08-27 07:25:00,21.932918723399432,0.0,
2026-08-27 07:30:00,21.862696359935683,0.0,
2026-08-27 07:35:00,21.959939934265066,0.0,
2026-08-27 07:40:00,21.90557006114974,1.2,
2026-08-27 07:45:00,22.89882859995075,5.5,
2026-08-27 07:50:00,23.121325794025616,0.0,
2026-08-27 07:55:00,21.70525055269376,1.2,
2026-08-27 08:00:00,21.581716558599567,5.5,
2026-08-27 08:05:00,23.291891259410832,0.0,
2026-08-27 08:10:00,23.304416278702035,1.2,
2026-08-27 08:15:00,24.003044521107828,1.2,
2026-08-27 08:20:00,22.607621164780536,5.5,
2026-08-27 08:25:00,23.5878369559225,1.2,
2026-08-27 08:30:00,23.558343886211944,1.2,
2026-08-27 08:35:00,23.12503607269461,0.0,
2026-08-27 08:40:00,23.49557250054285,1.2,
2026-08-27 08:45:00,22.46180663508053,1.2,
2026-08-27 08:50:00,24.37524556212838,0.0,
2026-08-27 08:55:00,24.285314090110155,5.5,
2026-08-27 09:00:00,23.377123847357968,0.0,
2026-08-27 09:05:00,25.00164075577879,0.0,
2026-08-27 09:10:00,24.5813001897934,0.0,
2026-08-27 09:15:00,24.6684255966342,0.0,
2026-08-27 09:20:00,24.66155003742445,0.0,
2026-08-27 09:25:00,24.208536456372016,1.2,
2026-08-27 09:30:00,24.694129519286435,1.2,
2026-08-27 09:35:00,24.673789362101186,0.0,
2026-08-27 09:40:00,24.546138292762745,0.0,
2026-08-27 09:45:00,25.74449909360593,0.0,
2026-08-27 09:50:00,24.944213412250598,1.2,
2026-08-27 09:55:00,25.426026510375294,5.5,
2026-08-27 10:00:00,25.646457289702425,0.0,
2026-08-27 10:05:00,26.34421682610117,0.0,
2026-08-27 10:10:00,26.024688786738384,0.0,
2026-08-27 10:15:00,26.03151466277369,0.0,
2026-08-27 10:20:00,25.648918217722706,1.2,
2026-08-27 10:25:00,25.61562807745775,1.2,
2026-08-27 10:30:00,25.40984823771895,0.0,
2026-08-27 10:35:00,26.762456133366506,0.0,
2026-08-27 10:40:00,26.905031778626544,5.5,
2026-08-27 10:45:00,25.765534340347383,0.0,
2026-08-27 10:50:00,26.745314084320103,0.0,
2026-08-27 10:55:00,26.780709248493352,5.5,
2026-08-27 11:00:00,26.840713013342427,0.0,
2026-08-27 11:05:00,26.273679424567728,5.5,
2026-08-27 11:10:00,26.114186392725927,0.0,
2026-08-27 11:15:00,25.72686490073142,5.5,
2026-08-27 11:20:00,26.84418159031892,0.0,
2026-08-27 11:25:00,27.049034723493538,0.0,
2026-08-27 11:30:00,26.548587956549216,0.0,
2026-08-27 11:35:00,26.844463456003243,0.0,
2026-08-27 11:40:00,26.917006224283146,0.0,
2026-08-27 11:45:00,26.520074431308498,5.5,
2026-08-27 11:50:00,27.095895734323907,0.0,
2026-08-27 11:55:00,27.23750255602121,5.5,
2026-08-27 12:00:00,26.78715938251957,0.0,
2026-08-27 12:05:00,26.344938089160923,0.0,
2026-08-27 12:10:00,28.007926663229927,0.0,
2026-08-27 12:15:00,26.878460203273725,0.0,
2026-08-27 12:20:00,27.310352378499207,0.0,
2026-08-27 12:25:00,27.831154682956573,0.0,
2026-08-27 12:30:00,27.294480777943797,0.0,
2026-08-27 12:35:00,28.19908354711492,5.5,
2026-08-27 12:40:00,27.74952696192478,1.2,
2026-08-27 12:45:00,28.51508616874032,1.2,
2026-08-27 12:50:00,27.83737459015721,0.0,
2026-08-27 12:55:00,28.47567590518599,0.0,
2026-08-27 13:00:00,28.85111232812993,1.2,
2026-08-27 13:05:00,27.91631033545669,0.0,
2026-08-27 13:10:00,27.81054643554083,1.2,
2026-08-27 13:15:00,27.558057000487057,1.2,
2026-08-27 13:20:00,28.18324379491236,1.2,
2026-08-27 13:25:00,27.70166737966569,0.0,
2026-08-27 13:30:00,28.348000271968992,1.2,
2026-08-27 13:35:00,27.826089411214845,5.5,
2026-08-27 13:40:00,27.327747869852168,0.0,
2026-08-27 13:45:00,27.339732586403915,0.0,
2026-08-27 13:50:00,28.22331918269369,0.0,
2026-08-27 13:55:00,27.441588684444085,0.0,
2026-08-27 14:00:00,27.650525861615648,5.5,
2026-08-27 14:05:00,28.168481026466203,1.2,
2026-08-27 14:10:00,28.34143501176513,1.2,
2026-08-27 14:15:00,28.06796734328989,1.2,
2026-08-27 14:20:00,28.349281678977235,5.5,
2026-08-27 14:25:00,27.558594533019463,5.5,
2026-08-27 14:30:00,28.50723172540301,0.0,
2026-08-27 14:35:00,27.950850232807586,0.0,
2026-08-27 14:40:00,28.416229158845244,0.0,
2026-08-27 14:45:00,27.80989938909227,1.2,
2026-08-27 14:50:00,29.04568064743092,5.5,
2026-08-27 14:55:00,27.83679460046505,0.0,
2026-08-27 15:00:00,26.235972019504494,0.0,
2026-08-27 15:05:00,27.306787772986336,1.2,
2026-08-27 15:10:00,27.331632666732897,5.5,
2026-08-27 15:15:00,26.45712511363958,0.0,
2026-08-27 15:20:00,26.598743142595403,0.0,
2026-08-27 15:25:00,28.375121454480126,0.0,
2026-08-27 15:30:00,27.650702358010008,5.5,
2026-08-27 15:35:00,27.076192233173465,0.0,
2026-08-27 15:40:00,27.80886821855579,0.0,
2026-08-27 15:45:00,26.42526685688453,0.0,
2026-08-27 15:50:00,26.841865441169546,1.2,
2026-08-27 15:55:00,26.665994321503568,1.2,
2026-08-27 16:00:00,27.54676862649081,5.5,
2026-08-27 16:05:00,28.127722527924558,1.2,
2026-08-27 16:10:00,27.16831499733231,0.0,
2026-08-27 16:15:00,28.131055495668704,0.0,
2026-08-27 16:20:00,27.01544901236683,0.0,
2026-08-27 16:25:00,27.33838407471428,0.0,
2026-08-27 16:30:00,26.84995121409405,0.0,
2026-08-27 16:35:00,27.425102423583077,0.0,
2026-08-27 16:40:00,27.57550754339389,0.0,
2026-08-27 16:45:00,26.96484591028164,1.2,
2026-08-27 16:50:00,26.955805548908696,5.5,
2026-08-27 16:55:00,27.34750024048378,0.0,
2026-08-27 17:00:00,26.55872191413286,0.0,
2026-08-27 17:05:00,27.14639303584333,5.5,
2026-08-27 17:10:00,26.31532022021297,0.0,
2026-08-27 17:15:00,26.817732511223664,5.5,
2026-08-27 17:20:00,26.62683509650041,0.0,
2026-08-27 17:25:00,25.54633690248302,1.2,
2026-08-27 17:30:00,24.941475366135524,0.0,
2026-08-27 17:35:00,26.601267494139297,0.0,
2026-08-27 17:40:00,25.54663333638564,1.2,
2026-08-27 17:45:00,26.22545289362444,0.0,
2026-08-27 17:50:00,26.34016955651389,0.0,
2026-08-27 17:55:00,26.195693272348286,5.5,
2026-08-27 18:00:00,25.937021411267644,0.0,
2026-08-27 18:05:00,24.673630366913198,0.0,
2026-08-27 18:10:00,24.74528123604748,0.0,
2026-08-27 18:15:00,25.67511504822842,0.0,
2026-08-27 18:20:00,24.78735570840764,1.2,
2026-08-27 18:25:00,24.82076121944684,0.0,
2026-08-27 18:30:00,25.60834302805928,0.0,
2026-08-27 18:35:00,24.119690088546022,0.0,
2026-08-27 18:40:00,24.554579020111483,0.0,
2026-08-27 18:45:00,24.10348457259852,5.5,
2026-08-27 18:50:00,25.02670291476439,0.0,
2026-08-27 18:55:00,24.54268453191373,0.0,
2026-08-27 19:00:00,23.40592887239499,0.0,
2026-08-27 19:05:00,24.679867201455316,0.0,
2026-08-27 19:10:00,25.012883673876296,0.0,
2026-08-27 19:15:00,23.464480768141627,0.0,
2026-08-27 19:20:00,23.16468096738446,5.5,
2026-08-27 19:25:00,23.68672759876304,0.0,
2026-08-27 19:30:00,22.988425778391772,0.0,
2026-08-27 19:35:00,23.35974155763189,5.5,
2026-08-27 19:40:00,23.03894930839636,0.0,
2026-08-27 19:45:00,24.382992784833824,0.0,
2026-08-27 19:50:00,22.254368895780264,5.5,
2026-08-27 19:55:00,22.556913418453405,0.0,
2026-08-27 20:00:00,22.603305973170176,0.0,
2026-08-27 20:05:00,22.529648197918387,0.0,
2026-08-27 20:10:00,22.95815425668569,0.0,
2026-08-27 20:15:00,21.992654590178784,1.2,
2026-08-27 20:20:00,22.60758305725124,0.0,
2026-08-27 20:25:00,23.080514967357,0.0,
2026-08-27 20:30:00,21.731746803711932,0.0,
2026-08-27 20:35:00,22.60646002436925,1.2,
2026-08-27 20:40:00,22.739454966186457,1.2,
2026-08-27 20:45:00,21.88294612797493,5.5,
2026-08-27 20:50:00,22.16178246986837,5.5,
2026-08-27 20:55:00,22.027325093249324,0.0,
2026-08-27 21:00:00,21.46207719387945,0.0,
2026-08-27 21:05:00,21.567741125550302,0.0,
2026-08-27 21:10:00,21.70133432036947,5.5,
2026-08-27 21:15:00,21.30217588484777,0.0,
2026-08-27 21:20:00,19.687457413790074,0.0,
2026-08-27 21:25:00,20.73277125102096,1.2,
2026-08-27 21:30:00,20.83824661176498,0.0,
2026-08-27 21:35:00,21.517450482111297,5.5,
2026-08-27 21:40:00,20.637775261149663,0.0,
2026-08-27 21:45:00,21.148406823813065,0.0,
2026-08-27 21:50:00,21.15434050580381,0.0,
2026-08-27 21:55:00,20.848024608656125,0.0,
2026-08-27 22:00:00,20.16118311095596,1.2,
2026-08-27 22:05:00,20.233430298090447,0.0,
2026-08-27 22:10:00,20.203871653693856,1.2,
2026-08-27 22:15:00,20.077077112778795,0.0,
2026-08-27 22:20:00,20.36884000928417,0.0,
2026-08-27 22:25:00,20.823776185066706,1.2,
2026-08-27 22:30:00,20.57315059606449,0.0,
2026-08-27 22:35:00,20.353425465747453,0.0,
2026-08-27 22:40:00,19.406627606165245,1.2,
2026-08-27 22:45:00,19.25053028504473,0.0,
2026-08-27 22:50:00,19.454719167225495,0.0,
2026-08-27 22:55:00,18.855787895216288,5.5,
2026-08-27 23:00:00,18.852844915951454,0.0,
2026-08-27 23:05:00,19.31480368580384,0.0,
2026-08-27 23:10:00,19.244423693496383,0.0,
2026-08-27 23:15:00,19.67621880162242,0.0,
2026-08-27 23:20:00,19.31917732584928,1.2,
2026-08-27 23:25:00,18.734987930823227,0.0,
2026-08-27 23:30:00,18.37209050084665,0.0,
2026-08-27 23:35:00,19.677096016354465,5.5,
2026-08-27 23:40:00,18.42237562438385,0.0,
2026-08-27 23:45:00,19.55869740396461,0.0,
2026-08-27 23:50:00,18.814479046573243,0.0,
2026-08-27 23:55:00,18.32303638700103,5.5,
2026-08-28 00:00:00,17.881270049064675,0.0,
2026-08-28 00:05:00,18.25299866973153,0.0,
2026-08-28 00:10:00,19.11028470043911,0.0,
2026-08-28 00:15:00,19.04919855183348,5.5,
2026-08-28 00:20:00,18.42464912130881,0.0,
2026-08-28 00:25:00,18.36830655460917,0.0,
2026-08-28 00:30:00,18.27540959262553,0.0,
2026-08-28 00:35:00,17.42387644355683,0.0,
2026-08-28 00:40:00,18.127389644444488,5.5,
2026-08-28 00:45:00,18.47809998888681,0.0,
2026-08-28 00:50:00,18.209462360531507,0.0,
2026-08-28 00:55:00,17.440828946231118,0.0,
2026-08-28 01:00:00,18.088694838029365,0.0,
2026-08-28 01:05:00,17.931871048477298,5.5,
2026-08-28 01:10:00,17.470033139005675,0.0,
2026-08-28 01:15:00,18.129414666692902,0.0,
2026-08-28 01:20:00,17.8015556402977,5.5,
2026-08-28 01:25:00,17.787488936252903,1.2,
2026-08-28 01:30:00,18.97264401070302,1.2,
2026-08-28 01:35:00,18.23689244769522,1.2,
2026-08-28 01:40:00,19.068253748637915,1.2,
2026-08-28 01:45:00,19.680044026622536,0.0,
2026-08-28 01:50:00,18.138727316525788,5.5,
2026-08-28 01:55:00,16.75912173487662,1.2,
2026-08-28 02:00:00,17.451650571972912,0.0,
2026-08-28 02:05:00,17.970316208430486,0.0,
2026-08-28 02:10:00,17.708764796741562,1.2,
2026-08-28 02:15:00,17.24103841239751,1.2,
2026-08-28 02:20:00,18.083119891084923,0.0,
2026-08-28 02:25:00,18.043514823815567,0.0,
2026-08-28 02:30:00,18.869141464377805,1.2,
2026-08-28 02:35:00,17.760544238350402,0.0,
2026-08-28 02:40:00,17.95676043751964,0.0,
2026-08-28 02:45:00,18.49006672056504,0.0,
2026-08-28 02:50:00,18.371592332049158,0.0,
2026-08-28 02:55:00,18.97836275927844,0.0,
2026-08-28 03:00:00,18.14315693067042,5.5,
2026-08-28 03:05:00,17.964994224813495,0.0,
2026-08-28 03:10:00,18.52368872376363,1.2,
2026-08-28 03:15:00,17.958048372270518,1.2,
2026-08-28 03:20:00,17.68400851357063,5.5,
2026-08-28 03:25:00,18.519893083113,0.0,
2026-08-28 03:30:00,17.460043583603337,0.0,
2026-08-28 03:35:00,18.194207963184272,0.0,
2026-08-28 03:40:00,18.417839307463048,0.0,
2026-08-28 03:45:00,18.47722872305969,0.0,
2026-08-28 03:50:00,19.199223650520235,0.0,
2026-08-28 03:55:00,18.97853206375279,0.0,
2026-08-28 04:00:00,19.01189908008113,5.5,
2026-08-28 04:05:00,19.33317317234536,0.0,
2026-08-28 04:10:00,19.074456013680223,1.2,
2026-08-28 04:15:00,19.299292336381782,5.5,
2026-08-28 04:20:00,18.773923694491124,0.0,
2026-08-28 04:25:00,18.684962889988487,1.2,
2026-08-28 04:30:00,18.287912144892285,1.2,
2026-08-28 04:35:00,18.078542197290886,1.2,
2026-08-28 04:40:00,19.24447956797692,0.0,
2026-08-28 04:45:00,19.54766308550993,0.0,
2026-08-28 04:50:00,18.98547602891518,0.0,
2026-08-28 04:55:00,19.409505575859125,0.0,
2026-08-28 05:00:00,19.196497175187066,1.2,
2026-08-28 05:05:00,19.746340579987173,0.0,
2026-08-28 05:10:00,19.89459372014373,0.0,
2026-08-28 05:15:00,19.655805837382445,0.0,
2026-08-28 05:20:00,19.296959927341256,5.5,
2026-08-28 05:25:00,20.36661799528745,5.5,
2026-08-28 05:30:00,20.28857783472125,1.2,
2026-08-28 05:35:00,19.45195062024511,0.0,
2026-08-28 05:40:00,20.49570025229138,0.0,
2026-08-28 05:45:00,20.459536720068083,0.0,
2026-08-28 05:50:00,19.89416172514633,0.0,
2026-08-28 05:55:00,20.41789793799737,0.0,
2026-08-28 06:00:00,20.96304000449916,0.0,
2026-08-28 06:05:00,20.673829292973146,0.0,
2026-08-28 06:10:00,21.11562075758867,5.5,
2026-08-28 06:15:00,20.76502101051976,1.2,
2026-08-28 06:20:00,19.811493103044285,0.0,
2026-08-28 06:25:00,20.936180953576464,0.0,
2026-08-28 06:30:00,21.379069499360952,0.0,
2026-08-28 06:35:00,21.86978298800216,0.0,
2026-08-28 06:40:00,21.944862582765666,5.5,
2026-08-28 06:45:00,20.94536612351592,0.0,
2026-08-28 06:50:00,21.71903722374804,0.0,
2026-08-28 06:55:00,22.031556613147423,0.0,
2026-08-28 07:00:00,21.94112372944387,0.0,
2026-08-28 07:05:00,22.35760362433261,0.0,
2026-08-28 07:10:00,21.643077547680974,0.0,
2026-08-28 07:15:00,22.69518186630486,0.0,
2026-08-28 07:20:00,23.03782892621045,1.2,
2026-08-28 07:25:00,22.096412851136268,5.5,
2026-08-28 07:30:00,22.16718677009333,0.0,
2026-08-28 07:35:00,21.702398921398032,5.5,
2026-08-28 07:40:00,22.3978649525726,5.5,
2026-08-28 07:45:00,22.351945555087603,0.0,
2026-08-28 07:50:00,23.206655965560916,0.0,
2026-08-28 07:55:00,23.21584632586317,0.0,
2026-08-28 08:00:00,22.93383832762545,0.0,
2026-08-28 08:05:00,23.33193826879858,0.0,
2026-08-28 08:10:00,22.794179029007815,0.0,
2026-08-28 08:15:00,23.32270541738968,1.2,
2026-08-28 08:20:00,23.504217411425117,0.0,
2026-08-28 08:25:00,23.36689546782906,5.5,
2026-08-28 08:30:00,23.927508046899312,0.0,
2026-08-28 08:35:00,24.134766809905862,1.2,
2026-08-28 08:40:00,23.72522068719468,5.5,
2026-08-28 08:45:00,24.41748131652196,0.0,
2026-08-28 08:50:00,24.21643396860564,1.2,
2026-08-28 08:55:00,24.24795628115998,0.0,
2026-08-28 09:00:00,24.37483544700394,1.2,
2026-08-28 09:05:00,23.639399386798,0.0,
2026-08-28 09:10:00,24.122669260565207,0.0,
2026-08-28 09:15:00,24.81272810709232,1.2,
2026-08-28 09:20:00,24.97274131622012,0.0,
2026-08-28 09:25:00,24.59766774776479,0.0,
2026-08-28 09:30:00,25.128956112587574,5.5,
2026-08-28 09:35:00,25.509094147565104,0.0,
2026-08-28 09:40:00,25.296067726523344,0.0,
2026-08-28 09:45:00,26.439044935110424,0.0,
2026-08-28 09:50:00,25.88408868911944,5.5,
2026-08-28 09:55:00,24.758701565067653,5.5,
2026-08-28 10:00:00,26.12464360168504,0.0,
2026-08-28 10:05:00,25.336211715170897,0.0,
2026-08-28 10:10:00,25.39819862262496,0.0,
2026-08-28 10:15:00,25.965413645386917,0.0,
2026-08-28 10:20:00,25.66763336333474,0.0,
2026-08-28 10:25:00,25.32503891669313,1.2,
2026-08-28 10:30:00,25.849864369434517,0.0,
2026-08-28 10:35:00,26.038619241048373,1.2,
2026-08-28 10:40:00,25.903608888126765,0.0,
2026-08-28 10:45:00,26.25587677767994,5.5,
2026-08-28 10:50:00,26.48857583345383,0.0,
2026-08-28 10:55:00,26.60176021821273,5.5,
2026-08-28 11:00:00,26.854162894551536,1.2,
2026-08-28 11:05:00,27.040065266300036,0.0,
2026-08-28 11:10:00,27.206392293333856,1.2,
2026-08-28 11:15:00,26.63661201874612,0.0,
2026-08-28 11:20:00,27.364396786552096,0.0,
2026-08-28 11:25:00,26.97195160577436,0.0,
2026-08-28 11:30:00,27.334097159018448,5.5,
2026-08-28 11:35:00,27.68182380636385,1.2,
2026-08-28 11:40:00,26.467911058033398,0.0,
2026-08-28 11:45:00,27.502885535987836,5.5,
2026-08-28 11:50:00,27.18952212741892,0.0,
2026-08-28 11:55:00,27.6871693268556,0.0,
2026-08-28 12:00:00,27.376796470336963,1.2,
2026-08-28 12:05:00,27.489581660653965,1.2,
2026-08-28 12:10:00,27.99126675960902,1.2,
2026-08-28 12:15:00,27.16011195088961,0.0,
2026-08-28 12:20:00,27.403065589238395,5.5,
2026-08-28 12:25:00,28.41218241556068,1.2,
2026-08-28 12:30:00,26.76084798834937,0.0,
2026-08-28 12:35:00,27.754942388006835,0.0,
2026-08-28 12:40:00,27.879878670362917,5.5,
2026-08-28 12:45:00,27.573943407506945,1.2,
2026-08-28 12:50:00,27.86898407062632,0.0,
2026-08-28 12:55:00,27.268660098748843,0.0,
2026-08-28 13:00:00,27.95095338624421,0.0,
2026-08-28 13:05:00,29.38703379649885,5.5,
2026-08-28 13:10:00,27.61430936301752,0.0,
2026-08-28 13:15:00,28.229177298534765,0.0,
2026-08-28 13:20:00,28.185480356054796,0.0,
2026-08-28 13:25:00,28.346820384212315,0.0,
2026-08-28 13:30:00,27.971518228759404,0.0,
2026-08-28 13:35:00,28.61612110494757,0.0,
2026-08-28 13:40:00,28.0396176608889,1.2,
2026-08-28 13:45:00,27.645741878540782,0.0,
2026-08-28 13:50:00,27.98100541534933,0.0,
2026-08-28 13:55:00,27.948421074739755,5.5,
2026-08-28 14:00:00,28.12090477925112,0.0,
2026-08-28 14:05:00,28.986068331132987,0.0,
2026-08-28 14:10:00,28.260988574643825,0.0,
2026-08-28 14:15:00,27.906347391367245,0.0,
2026-08-28 14:20:00,28.08355721496192,0.0,
2026-08-28 14:25:00,27.817006672473862,0.0,
2026-08-28 14:30:00,27.38385984759444,0.0,
2026-08-28 14:35:00,27.519758819720863,0.0,
2026-08-28 14:40:00,27.72755429916345,5.5,
2026-08-28 14:45:00,27.83563501859677,5.5,
2026-08-28 14:50:00,27.413148745586323,0.0,
2026-08-28 14:55:00,27.62139561093392,0.0,
2026-08-28 15:00:00,27.950754047495927,0.0,
2026-08-28 15:05:00,27.862170477672297,1.2,
2026-08-28 15:10:00,27.36683149954012,0.0,
2026-08-28 15:15:00,27.99737849209272,0.0,
2026-08-28 15:20:00,28.583179231217287,1.2,
2026-08-28 15:25:00,27.89989052702177,0.0,
2026-08-28 15:30:00,28.631547658216626,1.2,
2026-08-28 15:35:00,27.39743116754141,1.2,
2026-08-28 15:40:00,27.468909426573013,0.0,
2026-08-28 15:45:00,27.532112370331703,0.0,
2026-08-28 15:50:00,27.112811490165903,0.0,
2026-08-28 15:55:00,26.932241911577368,0.0,
2026-08-28 16:00:00,27.798282663724784,0.0,
2026-08-28 16:05:00,26.93746889911328,5.5,
2026-08-28 16:10:00,26.959300800610094,5.5,
2026-08-28 16:15:00,27.024988631315843,0.0,
2026-08-28 16:20:00,27.1445740589984,1.2,
2026-08-28 16:25:00,27.002813762314567,5.5,
2026-08-28 16:30:00,26.96779719371433,0.0,
2026-08-28 16:35:00,26.062685567375905,0.0,
2026-08-28 16:40:00,26.06848143479293,0.0,
2026-08-28 16:45:00,27.112526875855803,0.0,
2026-08-28 16:50:00,26.67260385584605,0.0,
2026-08-28 16:55:00,26.62540045041035,0.0,
2026-08-28 17:00:00,25.716133929587027,0.0,
2026-08-28 17:05:00,26.76857195581245,0.0,
2026-08-28 17:10:00,27.114728263232912,0.0,
2026-08-28 17:15:00,25.91515775538577,5.5,
2026-08-28 17:20:00,26.445809152684124,0.0,
2026-08-28 17:25:00,25.95602666947341,0.0,
2026-08-28 17:30:00,25.52497160646261,0.0,
2026-08-28 17:35:00,25.89057317526215,0.0,
2026-08-28 17:40:00,25.290773998936547,5.5,
2026-08-28 17:45:00,26.35295467321765,5.5,
2026-08-28 17:50:00,25.741719408132603,0.0,
2026-08-28 17:55:00,25.600391559214355,0.0,
2026-08-28 18:00:00,26.13457877440136,0.0,
2026-08-28 18:05:00,25.10171409833097,5.5,
2026-08-28 18:10:00,25.405074679764915,0.0,
2026-08-28 18:15:00,25.52677134598123,0.0,
2026-08-28 18:20:00,25.03113463115164,0.0,
2026-08-28 18:25:00,25.872946957641982,5.5,
2026-08-28 18:30:00,24.919833878569055,5.5,
2026-08-28 18:35:00,25.53009098403968,1.2,
2026-08-28 18:40:00,25.13902590368002,1.2,
2026-08-28 18:45:00,24.37470494234196,5.5,
2026-08-28 18:50:00,24.491536989494687,0.0,
2026-08-28 18:55:00,24.946803205934412,0.0,
2026-08-28 19:00:00,24.50684696177399,0.0,
2026-08-28 19:05:00,24.16954346112267,1.2,
2026-08-28 19:10:00,23.804617382222688,1.2,
2026-08-28 19:15:00,25.0494317580951,0.0,
2026-08-28 19:20:00,23.28304229608629,5.5,
2026-08-28 19:25:00,23.71775077916836,1.2,
2026-08-28 19:30:00,24.012285198771387,0.0,
2026-08-28 19:35:00,23.052677707429314,0.0,
2026-08-28 19:40:00,23.98598733327824,5.5,
2026-08-28 19:45:00,23.16325988930914,5.5,
2026-08-28 19:50:00,22.716122575502087,5.5,
2026-08-28 19:55:00,22.557220098246887,1.2,
2026-08-28 20:00:00,23.050127800948523,0.0,
2026-08-28 20:05:00,23.142232753366542,5.5,
2026-08-28 20:10:00,23.10574959071392,1.2,
2026-08-28 20:15:00,23.04419357585195,0.0,
2026-08-28 20:20:00,22.36201636532175,0.0,
2026-08-28 20:25:00,21.871157673127023,0.0,
2026-08-28 20:30:00,22.640008710865512,0.0,
2026-08-28 20:35:00,22.029549202904803,0.0,
2026-08-28 20:40:00,21.942240358914727,5.5,
2026-08-28 20:45:00,22.309868898707364,5.5,
2026-08-28 20:50:00,21.23049890850596,1.2,
2026-08-28 20:55:00,21.76744190340899,5.5,
2026-08-28 21:00:00,20.93114858241924,5.5,
2026-08-28 21:05:00,21.430891676243803,0.0,
2026-08-28 21:10:00,22.68226082446755,0.0,
2026-08-28 21:15:00,21.19757756057557,5.5,
2026-08-28 21:20:00,21.691550003311363,5.5,
2026-08-28 21:25:00,21.497923790190917,0.0,
2026-08-28 21:30:00,20.943916093896277,5.5,
2026-08-28 21:35:00,20.36263739716298,5.5,
2026-08-28 21:40:00,21.00811751865529,1.2,
2026-08-28 21:45:00,20.49829589589846,5.5,
2026-08-28 21:50:00,21.52289806225104,5.5,
2026-08-28 21:55:00,20.15260625644821,0.0,
2026-08-28 22:00:00,20.537724872174422,0.0,
2026-08-28 22:05:00,20.2580461478652,0.0,
2026-08-28 22:10:00,20.036131443073856,0.0,
2026-08-28 22:15:00,20.505850698911622,1.2,
2026-08-28 22:20:00,19.86492420648251,0.0,
2026-08-28 22:25:00,20.659355924573013,0.0,
2026-08-28 22:30:00,20.425781253939927,0.0,
2026-08-28 22:35:00,19.969238220564563,0.0,
2026-08-28 22:40:00,19.97368998109854,0.0,
2026-08-28 22:45:00,20.31760337949919,0.0,
2026-08-28 22:50:00,19.91289191677805,0.0,
2026-08-28 22:55:00,18.992204384278637,0.0,
2026-08-28 23:00:00,19.864402634804456,0.0,
2026-08-28 23:05:00,19.66281110056011,0.0,
2026-08-28 23:10:00,18.68522865924063,0.0,
2026-08-28 23:15:00,19.318646628416104,5.5,
2026-08-28 23:20:00,19.498055850174875,0.0,
2026-08-28 23:25:00,19.322532398480742,0.0,
2026-08-28 23:30:00,18.833697411997225,0.0,
2026-08-28 23:35:00,19.626529896867783,1.2,
2026-08-28 23:40:00,19.110542904028215,0.0,
2026-08-28 23:45:00,20.07962899278145,5.5,
2026-08-28 23:50:00,18.44641979061528,5.5,
2026-08-28 23:55:00,18.28679689765339,5.5,
2026-08-29 00:00:00,18.447825116530822,5.5,
2026-08-29 00:05:00,18.546030905108218,5.5,
2026-08-29 00:10:00,18.226279950943685,0.0,
2026-08-29 00:15:00,19.323366830292017,0.0,
2026-08-29 00:20:00,18.120557637510853,1.2,
2026-08-29 00:25:00,18.880398451820987,0.0,
2026-08-29 00:30:00,18.440659795833984,1.2,
2026-08-29 00:35:00,17.97706720498585,0.0,
2026-08-29 00:40:00,18.95431451018349,5.5,
2026-08-29 00:45:00,17.99923378847013,0.0,
2026-08-29 00:50:00,18.390144054795552,5.5,
2026-08-29 00:55:00,17.382253382954545,1.2,
2026-08-29 01:00:00,18.29489774822311,0.0,
2026-08-29 01:05:00,18.523298844969087,0.0,
2026-08-29 01:10:00,17.67692479517272,0.0,
2026-08-29 01:15:00,18.498494667189476,1.2,
2026-08-29 01:20:00,17.58443377521718,0.0,
2026-08-29 01:25:00,18.704726159182687,0.0,
2026-08-29 01:30:00,17.353375555185657,0.0,
2026-08-29 01:35:00,17.576174332909847,1.2,
2026-08-29 01:40:00,17.8544824098501,0.0,
2026-08-29 01:45:00,18.789425313368884,1.2,
2026-08-29 01:50:00,18.469577549139217,0.0,
2026-08-29 01:55:00,17.830619907600333,0.0,
2026-08-29 02:00:00,18.448304066334668,0.0,
2026-08-29 02:05:00,17.41385302619669,5.5,
2026-08-29 02:10:00,17.786769308123837,1.2,
2026-08-29 02:15:00,17.920639127774155,5.5,
2026-08-29 02:20:00,19.09457037391515,1.2,
2026-08-29 02:25:00,17.633938007475674,0.0,
2026-08-29 02:30:00,18.46317695675515,1.2,
2026-08-29 02:35:00,18.56720968517824,0.0,
2026-08-29 02:40:00,17.65309478427589,0.0,
2026-08-29 02:45:00,18.10309655639267,0.0,
2026-08-29 02:50:00,16.956006084890603,0.0,
2026-08-29 02:55:00,18.4653571485167,5.5,
2026-08-29 03:00:00,18.749826891498937,1.2,
2026-08-29 03:05:00,18.28054583683613,0.0,
2026-08-29 03:10:00,18.630623225598505,5.5,
2026-08-29 03:15:00,18.83198173172269,1.2,
2026-08-29 03:20:00,18.142767222158326,0.0,
2026-08-29 03:25:00,18.84964093057422,5.5,
2026-08-29 03:30:00,18.77586966011676,0.0,
2026-08-29 03:35:00,18.70001170705559,0.0,
2026-08-29 03:40:00,19.944411660907257,5.5,
2026-08-29 03:45:00,18.93450693073625,0.0,
2026-08-29 03:50:00,19.20235555373389,0.0,
2026-08-29 03:55:00,19.651905673474253,0.0,
2026-08-29 04:00:00,18.69539389294435,0.0,
2026-08-29 04:05:00,19.405026679751213,0.0,
2026-08-29 04:10:00,19.307594229598912,0.0,
2026-08-29 04:15:00,18.17633477503487,0.0,
2026-08-29 04:20:00,19.09317862982706,0.0,
2026-08-29 04:25:00,19.0700714300686,0.0,
2026-08-29 04:30:00,19.190573164447606,0.0,
2026-08-29 04:35:00,20.175343937036995,1.2,
2026-08-29 04:40:00,20.039393099290457,0.0,
2026-08-29 04:45:00,19.984022724157263,0.0,
2026-08-29 04:50:00,18.947288519211256,0.0,
2026-08-29 04:55:00,19.57176410109789,0.0,
2026-08-29 05:00:00,20.086391707813192,0.0,
2026-08-29 05:05:00,19.813466459700905,0.0,
2026-08-29 05:10:00,19.92072386771779,1.2,
2026-08-29 05:15:00,20.340425066964578,0.0,
2026-08-29 05:20:00,20.130139914760964,0.0,
2026-08-29 05:25:00,19.76460941182985,0.0,
2026-08-29 05:30:00,20.08814551066998,5.5,
2026-08-29 05:35:00,19.956548151884466,0.0,
2026-08-29 05:40:00,20.06366914262236,0.0,
2026-08-29 05:45:00,19.923411950857783,5.5,
2026-08-29 05:50:00,20.415484035584686,1.2,
2026-08-29 05:55:00,19.375082337000403,1.2,
2026-08-29 06:00:00,20.0550841307541,0.0,
2026-08-29 06:05:00,21.72382878083222,5.5,
2026-08-29 06:10:00,21.97735875360254,5.5,
2026-08-29 06:15:00,20.7850370902859,0.0,
2026-08-29 06:20:00,21.051884272680027,0.0,
2026-08-29 06:25:00,21.1602925432619,1.2,
2026-08-29 06:30:00,21.038092171139134,0.0,
2026-08-29 06:35:00,21.276521289601146,0.0,
2026-08-29 06:40:00,21.128662572289265,0.0,
2026-08-29 06:45:00,21.916950554589164,0.0,
2026-08-29 06:50:00,20.980021211659132,1.2,
2026-08-29 06:55:00,22.36536840627868,0.0,
2026-08-29 07:00:00,21.68443287294927,5.5,
2026-08-29 07:05:00,21.60607225060286,0.0,
2026-08-29 07:10:00,22.44443339790058,1.2,
2026-08-29 07:15:00,22.109902959851706,5.5,
2026-08-29 07:20:00,21.098579899708888,0.0,
2026-08-29 07:25:00,22.86990680330062,1.2,
2026-08-29 07:30:00,22.33717730538304,1.2,
2026-08-29 07:35:00,22.741397109625385,0.0,
2026-08-29 07:40:00,22.590299336768297,0.0,
2026-08-29 07:45:00,23.52871878118592,0.0,
2026-08-29 07:50:00,22.85709147086361,0.0,
2026-08-29 07:55:00,23.159193464347226,0.0,
2026-08-29 08:00:00,23.006042723751342,1.2,
2026-08-29 08:05:00,23.26563538907171,5.5,
2026-08-29 08:10:00,22.97651645220945,0.0,
2026-08-29 08:15:00,22.577731242404184,0.0,
2026-08-29 08:20:00,23.411745614369828,5.5,
2026-08-29 08:25:00,23.531305172093813,5.5,
2026-08-29 08:30:00,23.083001000194667,1.2,
2026-08-29 08:35:00,24.17367849689756,0.0,
2026-08-29 08:40:00,24.872010624088155,0.0,
2026-08-29 08:45:00,23.75489466386017,5.5,
2026-08-29 08:50:00,23.81543744236037,0.0,
2026-08-29 08:55:00,24.356697425901597,0.0,
2026-08-29 09:00:00,24.557647714815097,5.5,
2026-08-29 09:05:00,23.643866997390045,0.0,
2026-08-29 09:10:00,24.390869865524223,1.2,
2026-08-29 09:15:00,23.961705865320532,0.0,
2026-08-29 09:20:00,25.561308460597925,5.5,
2026-08-29 09:25:00,25.412354221706654,0.0,
2026-08-29 09:30:00,25.179192770965468,5.5,
2026-08-29 09:35:00,25.118994422975952,5.5,
2026-08-29 09:40:00,25.511039610636587,5.5,
2026-08-29 09:45:00,25.4765964438698,1.2,
2026-08-29 09:50:00,26.061468288926708,5.5,
2026-08-29 09:55:00,25.62214899984008,0.0,
2026-08-29 10:00:00,25.43008814981267,0.0,
2026-08-29 10:05:00,25.58463051415156,5.5,
2026-08-29 10:10:00,25.809587154016576,0.0,
2026-08-29 10:15:00,25.635918466730075,0.0,
2026-08-29 10:20:00,26.120316707396537,0.0,
2026-08-29 10:25:00,26.09361896276866,1.2,
2026-08-29 10:30:00,25.54546205055908,0.0,
2026-08-29 10:35:00,26.432934049724302,1.2,
2026-08-29 10:40:00,26.223261831881484,0.0,
2026-08-29 10:45:00,24.902294083487945,0.0,
2026-08-29 10:50:00,26.154931824806187,5.5,
2026-08-29 10:55:00,27.24748670087309,0.0,
2026-08-29 11:00:00,26.427859918569776,5.5,
2026-08-29 11:05:00,26.27969447254755,5.5,
2026-08-29 11:10:00,26.258780929183875,1.2,
2026-08-29 11:15:00,27.10502516148193,0.0,
2026-08-29 11:20:00,26.03674643089486,5.5,
2026-08-29 11:25:00,27.387289634002947,1.2,
2026-08-29 11:30:00,26.939382767519767,0.0,
2026-08-29 11:35:00,26.3497001123461,1.2,
2026-08-29 11:40:00,27.863183160761626,5.5,
2026-08-29 11:45:00,27.34339134043086,5.5,
2026-08-29 11:50:00,27.079200953142163,5.5,
2026-08-29 11:55:00,26.63611307189552,0.0,
2026-08-29 12:00:00,27.27310654157527,5.5,
2026-08-29 12:05:00,26.788009734843754,5.5,
2026-08-29 12:10:00,27.2452548868826,0.0,
2026-08-29 12:15:00,28.01549462183076,0.0,
2026-08-29 12:20:00,27.44935085928029,5.5,
2026-08-29 12:25:00,28.15354237784257,0.0,
2026-08-29 12:30:00,28.06886477072588,0.0,
2026-08-29 12:35:00,27.63434950099932,5.5,
2026-08-29 12:40:00,28.125497156782966,0.0,
2026-08-29 12:45:00,27.42625285459189,1.2,
2026-08-29 12:50:00,28.26768320217229,0.0,
2026-08-29 12:55:00,28.337279302834432,1.2,
2026-08-29 13:00:00,28.054755083544407,0.0,
2026-08-29 13:05:00,27.92383139851612,0.0,
2026-08-29 13:10:00,28.012583970381858,1.2,
2026-08-29 13:15:00,27.330748317351222,0.0,
2026-08-29 13:20:00,28.28085956394412,0.0,
2026-08-29 13:25:00,28.65491623440813,5.5,
2026-08-29 13:30:00,27.35341781835206,5.5,
2026-08-29 13:35:00,28.85004877871684,0.0,
2026-08-29 13:40:00,28.32020556243497,0.0,
2026-08-29 13:45:00,27.603298798704262,0.0,
2026-08-29 13:50:00,28.02749079037712,0.0,
2026-08-29 13:55:00,28.643614978751263,0.0,
2026-08-29 14:00:00,28.54852614970607,5.5,
2026-08-29 14:05:00,28.60612064278887,0.0,
2026-08-29 14:10:00,27.01631081379043,0.0,
2026-08-29 14:15:00,28.73998940209134,0.0,
2026-08-29 14:20:00,28.31177100256196,0.0,
2026-08-29 14:25:00,28.33179769592877,0.0,
2026-08-29 14:30:00,28.46940145042485,0.0,
2026-08-29 14:35:00,28.6345006460833,1.2,
2026-08-29 14:40:00,28.860334735132987,1.2,
2026-08-29 14:45:00,28.1052743451789,0.0,
2026-08-29 14:50:00,28.4520204088414,1.2,
2026-08-29 14:55:00,28.04195217008022,5.5,
2026-08-29 15:00:00,28.073783339721903,0.0,
2026-08-29 15:05:00,26.887140134609883,0.0,
2026-08-29 15:10:00,26.97414937129892,0.0,
2026-08-29 15:15:00,27.61033676530789,1.2,
2026-08-29 15:20:00,28.232608868730114,0.0,
2026-08-29 15:25:00,27.150719031451025,0.0,
2026-08-29 15:30:00,28.20784727631932,0.0,
2026-08-29 15:35:00,28.003473400319365,0.0,
2026-08-29 15:40:00,27.37103151214859,0.0,
2026-08-29 15:45:00,26.95997512802164,0.0,
2026-08-29 15:50:00,27.794329040310767,0.0,
2026-08-29 15:55:00,26.90695792870294,0.0,
2026-08-29 16:00:00,27.237821387898588,0.0,
2026-08-29 16:05:00,28.28621655999139,5.5,
2026-08-29 16:10:00,26.52143838167645,0.0,
2026-08-29 16:15:00,26.734720088964817,5.5,
2026-08-29 16:20:00,27.703302378521407,1.2,
2026-08-29 16:25:00,26.749503733623,0.0,
2026-08-29 16:30:00,26.783948372460767,0.0,
2026-08-29 16:35:00,27.52829434865197,1.2,
2026-08-29 16:40:00,27.101323820754875,1.2,
2026-08-29 16:45:00,26.15856746020272,0.0,
2026-08-29 16:50:00,26.90986134637948,0.0,
2026-08-29 16:55:00,25.66256997781062,0.0,
2026-08-29 17:00:00,26.88591827509936,0.0,
2026-08-29 17:05:00,26.15664257945199,0.0,
2026-08-29 17:10:00,26.01627510117213,0.0,
2026-08-29 17:15:00,26.332400912914384,1.2,
2026-08-29 17:20:00,25.62390930901858,1.2,
2026-08-29 17:25:00,25.85680706369673,0.0,
2026-08-29 17:30:00,25.54352187169646,1.2,
2026-08-29 17:35:00,25.449159614800557,0.0,
2026-08-29 17:40:00,25.59075867181041,0.0,
2026-08-29 17:45:00,25.813475023183937,0.0,
2026-08-29 17:50:00,25.323965982758818,0.0,
2026-08-29 17:55:00,25.598875739273637,5.5,
2026-08-29 18:00:00,25.62537484633483,5.5,
2026-08-29 18:05:00,24.90346718627134,0.0,
2026-08-29 18:10:00,25.166280009038807,1.2,
2026-08-29 18:15:00,25.26161296451118,1.2,
2026-08-29 18:20:00,25.687727611522828,0.0,
2026-08-29 18:25:00,25.7539745776446,5.5,
2026-08-29 18:30:00,24.86562598083908,0.0,
2026-08-29 18:35:00,25.312650232207524,0.0,
2026-08-29 18:40:00,24.701224941467935,0.0,
2026-08-29 18:45:00,24.43231245827652,0.0,
2026-08-29 18:50:00,24.373731619264465,0.0,
2026-08-29 18:55:00,24.338852766074066,0.0,
2026-08-29 19:00:00,24.19169015031185,0.0,
2026-08-29 19:05:00,24.23565532335292,0.0,
2026-08-29 19:10:00,24.044827270909703,5.5,
2026-08-29 19:15:00,24.20963076248341,0.0,
2026-08-29 19:20:00,24.24202034355113,1.2,
2026-08-29 19:25:00,23.42416527719856,0.0,
2026-08-29 19:30:00,23.078509015365658,0.0,
2026-08-29 19:35:00,23.60280277062483,0.0,
2026-08-29 19:40:00,24.030885426132837,0.0,
2026-08-29 19:45:00,22.31740776221312,0.0,
2026-08-29 19:50:00,23.49634844609464,5.5,
2026-08-29 19:55:00,23.04765750404793,0.0,
2026-08-29 20:00:00,23.75364664004324,5.5,
2026-08-29 20:05:00,23.748506506181823,0.0,
2026-08-29 20:10:00,22.080705065485454,0.0,
2026-08-29 20:15:00,22.724383872311787,0.0,
2026-08-29 20:20:00,22.374861008571717,5.5,
2026-08-29 20:25:00,22.68402354385688,0.0,
2026-08-29 20:30:00,22.45749985053464,5.5,
2026-08-29 20:35:00,22.05841664988022,0.0,
2026-08-29 20:40:00,22.082493204756812,0.0,
2026-08-29 20:45:00,21.385230589835327,5.5,
2026-08-29 20:50:00,22.240390525461617,0.0,
2026-08-29 20:55:00,21.5290192398137,1.2,
2026-08-29 21:00:00,21.84517920157779,1.2,
2026-08-29 21:05:00,22.98596807373837,5.5,
2026-08-29 21:10:00,21.17524142784336,0.0,
2026-08-29 21:15:00,21.10299507778648,0.0,
2026-08-29 21:20:00,20.627099444687023,5.5,
2026-08-29 21:25:00,21.437471108457817,5.5,
2026-08-29 21:30:00,20.82371195996646,0.0,
2026-08-29 21:35:00,20.755576107895266,0.0,
2026-08-29 21:40:00,20.183032022116407,0.0,
2026-08-29 21:45:00,21.046075561644525,5.5,
2026-08-29 21:50:00,21.12117880629726,0.0,
2026-08-29 21:55:00,19.89475748472663,0.0,
2026-08-29 22:00:00,19.52867589168211,5.5,
2026-08-29 22:05:00,20.082028577032524,0.0,
2026-08-29 22:10:00,20.37684422661149,0.0,
2026-08-29 22:15:00,19.930882124870426,0.0,
2026-08-29 22:20:00,20.212460985205745,5.5,
2026-08-29 22:25:00,20.601857882314608,5.5,
2026-08-29 22:30:00,19.488402471598864,0.0,
2026-08-29 22:35:00,19.39820737550861,0.0,
2026-08-29 22:40:00,19.88380973135496,0.0,
2026-08-29 22:45:00,19.466364103795463,5.5,
2026-08-29 22:50:00,20.075068016985224,0.0,
2026-08-29 22:55:00,19.518733951301837,0.0,
2026-08-29 23:00:00,18.666877404336663,0.0,
2026-08-29 23:05:00,19.70112562349203,0.0,
2026-08-29 23:10:00,19.243705313016974,0.0,
2026-08-29 23:15:00,19.10403417239701,5.5,
2026-08-29 23:20:00,18.88887517792396,5.5,
2026-08-29 23:25:00,19.06019727354049,5.5,
2026-08-29 23:30:00,18.100098167042137,5.5,
2026-08-29 23:35:00,17.124108225087568,0.0,
2026-08-29 23:40:00,18.75447928052563,0.0,
2026-08-29 23:45:00,19.122488860540997,5.5,
2026-08-29 23:50:00,19.108817442775557,1.2,
2026-08-29 23:55:00,18.8671974059776,5.5,
2026-08-30 00:00:00,18.87940736187121,0.0,
2026-08-30 00:05:00,18.763149201869748,0.0,
2026-08-30 00:10:00,18.84576314765823,0.0,
2026-08-30 00:15:00,19.228820729509128,5.5,
2026-08-30 00:20:00,18.1324029253603,5.5,
2026-08-30 00:25:00,17.609773592873285,5.5,
2026-08-30 00:30:00,18.22089080078425,0.0,
2026-08-30 00:35:00,17.846900282595584,1.2,
2026-08-30 00:40:00,18.38783245802175,0.0,
2026-08-30 00:45:00,18.1067100625478,0.0,
2026-08-30 00:50:00,18.729128433000454,1.2,
2026-08-30 00:55:00,18.446293406293968,5.5,
2026-08-30 01:00:00,17.032372041059688,5.5,
2026-08-30 01:05:00,18.23148088232401,0.0,
2026-08-30 01:10:00,17.827921170165983,0.0,
2026-08-30 01:15:00,18.0280110470658,1.2,
2026-08-30 01:20:00,18.1036392327405,5.5,
2026-08-30 01:25:00,18.217464816261227,5.5,
2026-08-30 01:30:00,17.49675197964452,0.0,
2026-08-30 01:35:00,17.993664217182808,0.0,
2026-08-30 01:40:00,17.5593108606963,1.2,
2026-08-30 01:45:00,18.7554033946818,0.0,
2026-08-30 01:50:00,17.92497658264644,1.2,
2026-08-30 01:55:00,18.498722538844525,0.0,
2026-08-30 02:00:00,17.83824645416246,0.0,
2026-08-30 02:05:00,17.70054994857148,0.0,
2026-08-30 02:10:00,17.384514999137892,0.0,
2026-08-30 02:15:00,17.891736134926056,0.0,
2026-08-30 02:20:00,17.942977558147746,1.2,
2026-08-30 02:25:00,19.15596821219032,0.0,
2026-08-30 02:30:00,17.256226640722165,0.0,
2026-08-30 02:35:00,18.162734442148,5.5,
2026-08-30 02:40:00,18.150562277839843,0.0,
2026-08-30 02:45:00,18.37270815448224,0.0,
2026-08-30 02:50:00,18.382025888737807,0.0,
2026-08-30 02:55:00,17.93279249237053,1.2,
2026-08-30 03:00:00,18.906210615394464,0.0,
2026-08-30 03:05:00,17.434612786324124,5.5,
2026-08-30 03:10:00,18.14580203994321,5.5,
2026-08-30 03:15:00,18.62745705913204,0.0,
2026-08-30 03:20:00,19.04473575455964,5.5,
2026-08-30 03:25:00,17.66241722942479,0.0,
2026-08-30 03:30:00,18.355163628264133,0.0,
2026-08-30 03:35:00,18.632050299502207,0.0,
2026-08-30 03:40:00,18.46562975145831,0.0,
2026-08-30 03:45:00,19.09998599578274,0.0,
2026-08-30 03:50:00,17.992116450668615,0.0,
2026-08-30 03:55:00,18.230858512247156,5.5,
2026-08-30 04:00:00,19.50835189977833,0.0,
2026-08-30 04:05:00,17.88667499964435,0.0,
2026-08-30 04:10:00,18.58333586847448,0.0,
2026-08-30 04:15:00,19.178582205534436,1.2,
2026-08-30 04:20:00,18.43101581148018,0.0,
2026-08-30 04:25:00,18.42614598906402,0.0,
2026-08-30 04:30:00,19.7523933446583,0.0,
2026-08-30 04:35:00,18.75552933211703,0.0,
2026-08-30 04:40:00,18.359481002229792,0.0,
2026-08-30 04:45:00,20.12910580833145,1.2,
2026-08-30 04:50:00,19.54190953040237,0.0,
2026-08-30 04:55:00,18.619993362655027,0.0,
2026-08-30 05:00:00,19.696211742788652,0.0,
2026-08-30 05:05:00,20.364143711461743,1.2,
2026-08-30 05:10:00,19.237764822078717,1.2,
2026-08-30 05:15:00,20.36037044011826,0.0,
2026-08-30 05:20:00,19.464973092521543,0.0,
2026-08-30 05:25:00,19.89292633707449,0.0,
2026-08-30 05:30:00,19.31058374087452,0.0,
2026-08-30 05:35:00,19.84978386693557,0.0,
2026-08-30 05:40:00,20.11687154388544,0.0,
2026-08-30 05:45:00,20.280409762198197,0.0,
2026-08-30 05:50:00,20.8351405745271,0.0,
2026-08-30 05:55:00,21.132187271950954,1.2,
2026-08-30 06:00:00,20.250556865999503,5.5,
2026-08-30 06:05:00,21.13208564217196,5.5,
2026-08-30 06:10:00,20.08345273791169,5.5,
2026-08-30 06:15:00,20.762159695657225,0.0,
2026-08-30 06:20:00,20.50327991844333,0.0,
2026-08-30 06:25:00,20.688282162379245,0.0,
2026-08-30 06:30:00,21.419031478676217,0.0,
2026-08-30 06:35:00,20.65477303181536,5.5,
2026-08-30 06:40:00,20.926286511153226,1.2,
2026-08-30 06:45:00,20.957930993038257,1.2,
2026-08-30 06:50:00,21.621371580195454,0.0,
2026-08-30 06:55:00,22.07429092506879,5.5,
2026-08-30 07:00:00,21.355799449549124,0.0,
2026-08-30 07:05:00,21.230779701198287,5.5,
2026-08-30 07:10:00,21.3610746183242,1.2,
2026-08-30 07:15:00,21.836217644152057,5.5,
2026-08-30 07:20:00,22.38014060142494,1.2,
2026-08-30 07:25:00,21.80516244264893,0.0,
2026-08-30 07:30:00,22.026846371227123,1.2,
2026-08-30 07:35:00,21.48454959072003,1.2,
2026-08-30 07:40:00,22.279559285079237,0.0,
2026-08-30 07:45:00,22.653380022690737,0.0,
2026-08-30 07:50:00,22.617711975334764,0.0,
2026-08-30 07:55:00,22.50913421032736,1.2,
2026-08-30 08:00:00,22.890287650303453,1.2,
2026-08-30 08:05:00,22.644696410830164,5.5,
2026-08-30 08:10:00,23.702049916443023,0.0,
2026-08-30 08:15:00,23.705131427502877,0.0,
2026-08-30 08:20:00,23.87161298573072,5.5,
2026-08-30 08:25:00,23.085318376177643,5.5,
2026-08-30 08:30:00,24.08593204758704,0.0,
2026-08-30 08:35:00,23.35547922663849,0.0,
2026-08-30 08:40:00,23.57928498452064,0.0,
2026-08-30 08:45:00,24.29183090962837,0.0,
2026-08-30 08:50:00,24.65673411429199,0.0,
2026-08-30 08:55:00,24.097144917665734,0.0,
2026-08-30 09:00:00,23.831459636527278,0.0,
2026-08-30 09:05:00,24.181620290069024,0.0,
2026-08-30 09:10:00,24.071469449039675,0.0,
2026-08-30 09:15:00,24.882961871632475,0.0,
2026-08-30 09:20:00,24.51037877369869,0.0,
2026-08-30 09:25:00,23.970681387402404,0.0,
2026-08-30 09:30:00,25.189793345629216,0.0,
2026-08-30 09:35:00,24.72172838460188,0.0,
2026-08-30 09:40:00,26.432329963615494,0.0,
2026-08-30 09:45:00,25.58864294111544,5.5,
2026-08-30 09:50:00,25.319644308379058,0.0,
2026-08-30 09:55:00,24.90476150858905,0.0,
2026-08-30 10:00:00,25.48376789664292,1.2,
2026-08-30 10:05:00,25.562792245986486,5.5,
2026-08-30 10:10:00,24.781962077061348,5.5,
2026-08-30 10:15:00,25.61256650983905,0.0,
2026-08-30 10:20:00,26.83261320238551,0.0,
2026-08-30 10:25:00,26.95435581998686,0.0,
2026-08-30 10:30:00,25.774796409018784,1.2,
2026-08-30 10:35:00,26.433452346708293,1.2,
2026-08-30 10:40:00,27.357745728389546,5.5,
2026-08-30 10:45:00,26.444526283943144,0.0,
2026-08-30 10:50:00,26.119977901840706,0.0,
2026-08-30 10:55:00,25.83938177265883,1.2,
2026-08-30 11:00:00,26.54873267726337,0.0,
2026-08-30 11:05:00,27.15085132533621,0.0,
2026-08-30 11:10:00,27.55951481860271,0.0,
2026-08-30 11:15:00,26.7139348758628,0.0,
2026-08-30 11:20:00,27.522010836790567,0.0,
2026-08-30 11:25:00,26.655289590537123,0.0,
2026-08-30 11:30:00,27.036587006148007,1.2,
2026-08-30 11:35:00,26.52427537206731,1.2,
2026-08-30 11:40:00,26.74618542906283,1.2,
2026-08-30 11:45:00,27.84113046160468,0.0,
2026-08-30 11:50:00,26.633886979407595,0.0,
2026-08-30 11:55:00,27.252906471754454,0.0,
2026-08-30 12:00:00,27.132018344311103,0.0,
2026-08-30 12:05:00,27.83265318933611,5.5,
2026-08-30 12:10:00,27.808714514346896,5.5,
2026-08-30 12:15:00,27.146497508290807,5.5,
2026-08-30 12:20:00,26.806782694052124,0.0,
2026-08-30 12:25:00,26.888279129005607,0.0,
2026-08-30 12:30:00,26.86031214028477,0.0,
2026-08-30 12:35:00,27.67146073832786,1.2,
2026-08-30 12:40:00,28.094552971421532,1.2,
2026-08-30 12:45:00,28.01794601149925,5.5,
2026-08-30 12:50:00,28.31634233019238,5.5,
2026-08-30 12:55:00,27.77276119673308,1.2,
2026-08-30 13:00:00,27.59891766296097,0.0,
2026-08-30 13:05:00,28.024391076503168,0.0,
2026-08-30 13:10:00,28.276074454922245,0.0,
2026-08-30 13:15:00,27.708897759504303,0.0,
2026-08-30 13:20:00,28.003701777720863,1.2,
2026-08-30 13:25:00,27.697092214254944,0.0,
2026-08-30 13:30:00,28.532345218557676,1.2,
2026-08-30 13:35:00,27.475263922010445,0.0,
2026-08-30 13:40:00,28.218691091623448,5.5,
2026-08-30 13:45:00,28.84868241853748,0.0,
2026-08-30 13:50:00,27.383125260213426,1.2,
2026-08-30 13:55:00,27.70328381797295,0.0,
2026-08-30 14:00:00,27.801677577929212,0.0,
2026-08-30 14:05:00,28.37426071450377,0.0,
2026-08-30 14:10:00,28.289936527667265,0.0,
2026-08-30 14:15:00,27.892147057028588,0.0,
2026-08-30 14:20:00,28.424298680069025,0.0,
2026-08-30 14:25:00,27.592446095689525,0.0,
2026-08-30 14:30:00,27.975575196659214,1.2,
2026-08-30 14:35:00,28.378836015524097,0.0,
2026-08-30 14:40:00,28.076650683151826,1.2,
2026-08-30 14:45:00,27.861462294125364,1.2,
2026-08-30 14:50:00,27.955398585664323,1.2,
2026-08-30 14:55:00,27.302351850290208,1.2,
2026-08-30 15:00:00,27.59974335094145,0.0,
2026-08-30 15:05:00,27.99467872306833,5.5,
2026-08-30 15:10:00,28.922718085782,1.2,
2026-08-30 15:15:00,27.88807067751476,5.5,
2026-08-30 15:20:00,27.866916188340426,1.2,
2026-08-30 15:25:00,28.01832283786232,0.0,
2026-08-30 15:30:00,27.847910421008493,0.0,
2026-08-30 15:35:00,27.226584298011005,0.0,
2026-08-30 15:40:00,26.77442526442018,0.0,
2026-08-30 15:45:00,27.81064812780757,1.2,
2026-08-30 15:50:00,27.40949572678937,5.5,
2026-08-30 15:55:00,27.51565770162041,0.0,
2026-08-30 16:00:00,27.25985310048969,5.5,
2026-08-30 16:05:00,27.07702281559533,1.2,
2026-08-30 16:10:00,27.065063384942253,0.0,
2026-08-30 16:15:00,26.522031719940447,0.0,
2026-08-30 16:20:00,27.27056479122085,0.0,
2026-08-30 16:25:00,26.522872319673347,5.5,
2026-08-30 16:30:00,26.4468227671525,0.0,
2026-08-30 16:35:00,26.5675584135606,1.2,
2026-08-30 16:40:00,28.06690650991396,0.0,
2026-08-30 16:45:00,27.489918104474626,1.2,
2026-08-30 16:50:00,27.459677871338226,0.0,
2026-08-30 16:55:00,26.58615755892664,0.0,
2026-08-30 17:00:00,26.226107647657468,0.0,
2026-08-30 17:05:00,26.462574884301183,0.0,
2026-08-30 17:10:00,25.953723239694263,0.0,
2026-08-30 17:15:00,26.29802994717332,1.2,
2026-08-30 17:20:00,26.566826207856423,0.0,
2026-08-30 17:25:00,25.462828076175047,1.2,
2026-08-30 17:30:00,25.307951052764075,0.0,
2026-08-30 17:35:00,25.607572729610773,1.2,
2026-08-30 17:40:00,25.84133952547157,5.5,
2026-08-30 17:45:00,25.905021943516942,5.5,
2026-08-30 17:50:00,25.466740441265788,0.0,
2026-08-30 17:55:00,26.048535528560787,0.0,
2026-08-30 18:00:00,25.372264802414623,0.0,
2026-08-30 18:05:00,25.985069785566832,0.0,
2026-08-30 18:10:00,24.853001401282462,1.2,
2026-08-30 18:15:00,25.71030657792062,5.5,
2026-08-30 18:20:00,24.89216716474537,0.0,
2026-08-30 18:25:00,25.257460353289893,5.5,
2026-08-30 18:30:00,24.60315165573777,0.0,
2026-08-30 18:35:00,24.820712733127245,0.0,
2026-08-30 18:40:00,23.928384851222656,0.0,
2026-08-30 18:45:00,24.307120273038883,1.2,
2026-08-30 18:50:00,24.012004006966315,0.0,
2026-08-30 18:55:00,23.727573176158355,0.0,
2026-08-30 19:00:00,24.26873090690426,0.0,
2026-08-30 19:05:00,23.77982203754394,0.0,
2026-08-30 19:10:00,24.40294466963232,0.0,
2026-08-30 19:15:00,23.804763071409297,0.0,
2026-08-30 19:20:00,23.95464927166204,0.0,
2026-08-30 19:25:00,23.890432337291607,0.0,
2026-08-30 19:30:00,23.680169491127323,1.2,
2026-08-30 19:35:00,23.539372077456264,0.0,
2026-08-30 19:40:00,23.8839305451016,0.0,
2026-08-30 19:45:00,23.33429945464829,0.0,
2026-08-30 19:50:00,23.23333920668452,5.5,
2026-08-30 19:55:00,23.445395010213154,0.0,
2026-08-30 20:00:00,23.268967057206403,1.2,
2026-08-30 20:05:00,21.56772945182409,0.0,
2026-08-30 20:10:00,22.967695341569254,5.5,
2026-08-30 20:15:00,23.016334540587227,5.5,
2026-08-30 20:20:00,22.37511268876128,0.0,
2026-08-30 20:25:00,22.210569952694065,0.0,
2026-08-30 20:30:00,22.110263992771728,1.2,
2026-08-30 20:35:00,22.003244120227183,1.2,
2026-08-30 20:40:00,22.45082242315585,1.2,
2026-08-30 20:45:00,21.403439482076877,5.5,
2026-08-30 20:50:00,21.12187505625072,0.0,
2026-08-30 20:55:00,21.87128664026564,0.0,
2026-08-30 21:00:00,22.155082056632764,5.5,
2026-08-30 21:05:00,21.99410764441867,0.0,
2026-08-30 21:10:00,22.38720429057764,0.0,
2026-08-30 21:15:00,20.70148428717856,0.0,
2026-08-30 21:20:00,21.212491779822503,0.0,
2026-08-30 21:25:00,20.749576884869533,5.5,
2026-08-30 21:30:00,20.927378991919717,1.2,
2026-08-30 21:35:00,20.693585399693973,0.0,
2026-08-30 21:40:00,21.213658027368183,0.0,
2026-08-30 21:45:00,20.903963134039305,5.5,
2026-08-30 21:50:00,20.31516376426376,0.0,
2026-08-30 21:55:00,20.250737898516512,0.0,
2026-08-30 22:00:00,21.07308790150993,5.5,
2026-08-30 22:05:00,19.324385308463096,0.0,
2026-08-30 22:10:00,20.79708568315179,0.0,
2026-08-30 22:15:00,19.89848241609854,0.0,
2026-08-30 22:20:00,20.073679034596,5.5,
2026-08-30 22:25:00,20.335657593960345,0.0,
2026-08-30 22:30:00,18.860851747265748,5.5,
2026-08-30 22:35:00,20.41667646022197,1.2,
2026-08-30 22:40:00,18.82754858693174,1.2,
2026-08-30 22:45:00,19.80005634904094,1.2,
2026-08-30 22:50:00,20.09271618243267,5.5,
2026-08-30 22:55:00,20.16408692669187,0.0,
2026-08-30 23:00:00,19.1796433304337,1.2,
2026-08-30 23:05:00,19.64379300246007,0.0,
2026-08-30 23:10:00,18.997113466398226,0.0,
2026-08-30 23:15:00,19.95196746186049,0.0,
2026-08-30 23:20:00,18.96652661986492,0.0,
2026-08-30 23:25:00,19.41091622147836,0.0,
2026-08-30 23:30:00,19.154982233899805,1.2,
2026-08-30 23:35:00,18.812691239999808,5.5,
2026-08-30 23:40:00,19.069397895801785,0.0,
2026-08-30 23:45:00,18.992880734802352,0.0,
2026-08-30 23:50:00,18.21942539358681,0.0,
2026-08-30 23:55:00,19.512983483587,1.2,
